Tk,Cluster,Share,Mean_ret,Vol,RSI,ATR,ClusterName
IMOEX,0,0.33587786259541985,0.00039046819285506145,0.0021972857376381686,58.76417600978268,9.031594672766648,Боковая консолидация
IMOEX,1,0.17862595419847327,-0.0041251311590491495,0.004647056620560403,44.48210988391861,17.317008324636774,Турбулентное снижение
IMOEX,2,0.23969465648854962,-0.00037021125294675665,0.0028751443752448487,46.86983925157891,11.382300270425015,Боковая консолидация
IMOEX,3,0.023336968375136314,0.0003479417488783089,0.009716523611158502,62.67862534705147,22.237463663402476,Неустойчивый боковик
IMOEX,4,0.22246455834242093,0.003234770400389028,0.0048173480898752,51.014844988094126,17.41013455541971,Волатильный рост
