Datetime,Close,ret,vol,rsi,atr,cluster
2023-11-06 15:00:00+00:00,1098.63,-0.001182592380018832,0.0029595127894195892,56.27776924046153,4.605987999999983,1
2023-11-06 16:00:00+00:00,1100.65,0.0018369653414129772,0.0028392574042493423,57.43387599059224,4.558268239999984,1
2023-11-06 17:00:00+00:00,1102.56,0.001733834249557198,0.0028459992488591677,58.49282422629528,4.516302875199986,1
2023-11-06 18:00:00+00:00,1103.78,0.001105904007850711,0.002836212988449213,59.15511497832192,4.478176817695984,1
2023-11-07 10:00:00+00:00,1102.03,-0.0015867190439440293,0.0028470132594732487,57.80508414749549,4.505213281342063,1
2023-11-07 11:00:00+00:00,1102.22,0.00017239423883008698,0.002844048664396329,57.9114995062789,4.4719090157152195,1
2023-11-07 12:00:00+00:00,1101.08,-0.0010348115115776935,0.002848970495299478,57.03089770215022,4.437470835400915,1
2023-11-07 13:00:00+00:00,1101.97,0.0008079708117545437,0.0028252497666402636,57.545179144033916,4.410121418692895,1
2023-11-07 14:00:00+00:00,1102.95,0.0008889211985296797,0.002803820366291985,58.1085315454377,4.362518990319036,1
2023-11-07 15:00:00+00:00,1103.12,0.00015412022314453822,0.002789898358450215,58.20669653115025,4.315268610512655,1
2023-11-07 16:00:00+00:00,1104.81,0.0015308459326535129,0.0027969529410719926,59.177087436812286,4.283763238302402,1
2023-11-07 17:00:00+00:00,1106.46,0.0014923553489438746,0.002803359697317517,60.10004885122363,4.238087973536355,1
2023-11-07 18:00:00+00:00,1107.2,0.0006685760483220449,0.0027417853238862833,60.5086534036708,4.213926214065627,1
2023-11-08 10:00:00+00:00,1105.82,-0.001247164669884171,0.0027028270316385612,59.35204115500273,4.234247689784315,1
2023-11-08 11:00:00+00:00,1110.81,0.004502337719307192,0.002597148581536667,62.03001371708818,4.264562735988629,1
2023-11-08 12:00:00+00:00,1111.6,0.0007109399555202955,0.0024797757310341703,62.429876034706865,4.231671481268859,1
2023-11-08 13:00:00+00:00,1109.35,-0.0020261606697573598,0.002506116542720965,60.57592009309044,4.210238051643484,1
2023-11-08 14:00:00+00:00,1113.04,0.0033207523350302637,0.0025149969687964274,62.44239681537937,4.211033290610614,1
2023-11-08 15:00:00+00:00,1109.87,-0.0028521192031032427,0.002466480839108462,59.95418506803282,4.206412624798398,1
2023-11-08 16:00:00+00:00,1111.71,0.0016564791011211,0.0022746751183583816,60.877535302327026,4.205884372302426,1
2023-11-08 17:00:00+00:00,1114.27,0.0023001115271865658,0.0022602619579408976,62.11759595147259,4.207966684856377,1
2023-11-08 18:00:00+00:00,1113.03,-0.0011134558686407559,0.0022703992848780133,61.15944073475992,4.159807351159248,1
2023-11-09 10:00:00+00:00,1109.86,-0.002852144864499806,0.0022379950862575384,58.793718985355255,4.174811204136065,1
2023-11-09 11:00:00+00:00,1107.99,-0.0016863182299422519,0.0021930556975886424,57.45591895638036,4.178314980053343,1
2023-11-09 12:00:00+00:00,1105.94,-0.0018519109329426797,0.0022102427541249537,56.0297687228203,4.1531486804522775,1
2023-11-09 13:00:00+00:00,1104.26,-0.0015202247068613062,0.00221942137278886,54.89042069089292,4.11188570684323,1
2023-11-09 14:00:00+00:00,1105.18,0.0008327902574150059,0.0022197323144909154,55.39723841637213,4.074447992706365,1
2023-11-09 15:00:00+00:00,1106.62,0.001302107065248137,0.0022240544797681966,56.18350397447787,4.041359032852239,1
2023-11-09 16:00:00+00:00,1107.73,0.0010025516227996079,0.002225864343159727,56.78274167145369,4.022931852195197,1
2023-11-09 17:00:00+00:00,1107.15,-0.0005237304172300838,0.002228235256247165,56.37168524787663,3.998273215151292,1
2023-11-09 18:00:00+00:00,1108.87,0.00155233287190093,0.002233962581605978,57.30691222387554,3.9557077508482683,1
2023-11-10 10:00:00+00:00,1109.14,0.00024346148244092092,0.0022338855256103024,57.45300432268204,3.9899935958313044,1
2023-11-10 11:00:00+00:00,1109.31,0.0001532601594194105,0.002226296189151288,57.54633907739404,3.957793723914676,1
2023-11-10 12:00:00+00:00,1108.11,-0.0010823390400966915,0.002229495998811436,56.65120134486525,3.922637849436383,1
2023-11-10 13:00:00+00:00,1107.04,-0.0009660746073354431,0.0020514879005985452,55.86060598241975,3.889385092447655,1
2023-11-10 14:00:00+00:00,1106.82,-0.00019874788895712925,0.0019528078417862466,55.69752854037611,3.8371973905987016,1
2023-11-10 15:00:00+00:00,1107.59,0.0006954448643510247,0.0019197194326678682,56.15467307229913,3.8064534427867267,1
2023-11-10 16:00:00+00:00,1106.06,-0.0013823325671475928,0.0019365610442216676,55.00388962412997,3.8055243739309916,1
2023-11-10 17:00:00+00:00,1106.34,0.0002531187863814566,0.0019357426424877963,55.17542921428984,3.7934138864523725,1
2023-11-10 18:00:00+00:00,1107.44,0.0009937754343516403,0.0018184080045453206,55.85015476787569,3.744345608723328,1
2023-11-13 10:00:00+00:00,1108.25,0.0007311492456834046,0.0017453793987704024,56.34392169409756,3.7850586965488606,1
2023-11-13 11:00:00+00:00,1110.32,0.0018660674224211249,0.0017101152319655476,57.5810423390436,3.7657575226178825,1
2023-11-13 12:00:00+00:00,1111.01,0.0006212494516280032,0.0017100802127240156,57.9860040784219,3.7404423721655253,1
2023-11-13 13:00:00+00:00,1110.61,-0.0003600975903372827,0.0016383290167789753,57.66038013856028,3.7066335247222137,1
2023-11-13 14:00:00+00:00,1113.9,0.002957956942268858,0.0016764816031426045,59.56605620201613,3.699300854227772,1
2023-11-13 15:00:00+00:00,1112.06,-0.0016532196617013994,0.0016062842725416942,58.07435322774596,3.6963148371432157,1
2023-11-13 16:00:00+00:00,1113.59,0.0013748794653354324,0.001609516633909845,58.946680243605115,3.666188540400353,1
2023-11-13 17:00:00+00:00,1114.7,0.0009962797408000768,0.0015982490842196193,59.5694318666419,3.631464769592347,1
2023-11-13 18:00:00+00:00,1117.43,0.0024460953091614,0.0016136735572081045,61.05216666999989,3.616835474200497,1
2023-11-14 10:00:00+00:00,1109.16,-0.007428433640052745,0.0019225562527273117,54.83582590718845,3.8028987647164887,1
2023-11-14 11:00:00+00:00,1110.32,0.001045289982897657,0.0019164436458316474,55.4845660137689,3.7802407894221557,1
2023-11-14 12:00:00+00:00,1109.06,-0.0011354523654096838,0.00191109329315211,54.61505412664762,3.7512359736337157,1
2023-11-14 13:00:00+00:00,1110.72,0.0014956439912463537,0.0019073636009519109,55.551477249673304,3.7120112541610406,1
2023-11-14 14:00:00+00:00,1109.98,-0.0006664565473855077,0.0019056566139371922,55.0349462274937,3.7565710290778207,1
2023-11-14 15:00:00+00:00,1112.29,0.0020789560512408656,0.0019094777493063335,56.32840917989571,3.792639608496263,1
2023-11-14 16:00:00+00:00,1117.04,0.004261376456662802,0.0019945776769755325,58.814293695870994,3.882386816326337,1
2023-11-14 17:00:00+00:00,1116.35,-0.0006178947894932563,0.001989889825994867,58.32220287766326,3.8767390799998083,1
2023-11-14 18:00:00+00:00,1116.97,0.0005552272096496225,0.0019888302272954134,58.63949894559601,3.839804298399812,1
2023-11-15 10:00:00+00:00,1117.23,0.00023274550279683837,0.0019868294947856663,58.773802897485346,3.8488082124318153,1
2023-11-15 11:00:00+00:00,1122.01,0.004269312142002768,0.0020661219940892525,61.14094180742731,3.8754320481831757,1
2023-11-15 12:00:00+00:00,1125.25,0.002883513474146504,0.002090747464689653,62.62523592641125,3.919723407219511,1
2023-11-15 13:00:00+00:00,1128.64,0.0030081348746451297,0.0021182122806816133,64.0896890481733,3.9427289390751197,1
2023-11-15 14:00:00+00:00,1129.77,0.0010007041186499421,0.0021196017644042283,64.56199020327166,3.9648743602936207,1
2023-11-15 15:00:00+00:00,1127.73,-0.0018073094620447705,0.002129959693580983,63.034756259123085,3.9731768730877457,1
2023-11-15 16:00:00+00:00,1131.66,0.0034788185868421806,0.0020942735861585672,64.67730692067414,3.9845133356259903,1
2023-11-15 17:00:00+00:00,1133.22,0.0013775566446758702,0.0020985932658358973,65.30181481429882,3.9856230689134695,1
2023-11-15 18:00:00+00:00,1134.24,0.0008996851708973352,0.0020705865090722246,65.7063417435761,3.9765106075351997,1
2023-11-16 10:00:00+00:00,1133.98,-0.00022925465884160445,0.0020303965087035154,65.50769561742575,3.9645803953844934,1
2023-11-16 11:00:00+00:00,1137.97,0.0035124048522616746,0.002023586569988078,67.06681721851297,4.001688787476802,1
2023-11-16 12:00:00+00:00,1134.62,-0.0029481802053616946,0.002074034028577209,64.566412716693,3.992655011727265,1
2023-11-16 13:00:00+00:00,1133.33,-0.0011375913394182646,0.002066997398740925,63.63420641267973,3.9632019114927193,1
2023-11-16 14:00:00+00:00,1133.94,0.0005380920796538291,0.002056478976689304,63.88579876769245,3.934937873262864,1
2023-11-16 15:00:00+00:00,1132.4,-0.0013590195972570385,0.0020192046367220567,62.76713015389856,3.9242391157976084,1
2023-11-16 16:00:00+00:00,1135.62,0.0028394830411384575,0.002025106686927179,64.10805129440561,3.9115543334816554,1
2023-11-16 17:00:00+00:00,1131.31,-0.0038025039972149344,0.0020889748551499755,61.10245459367856,3.9821232468120233,1
2023-11-16 18:00:00+00:00,1129.22,-0.0018491244049148037,0.0020958237455491165,59.71710364772703,3.9966807818757792,1
2023-11-17 10:00:00+00:00,1123.48,-0.005096117922946952,0.002236551956787784,56.14942296654424,4.142147166238264,1
2023-11-17 11:00:00+00:00,1117.35,-0.005471200663411224,0.0023770867669194494,52.717299502601726,4.248704222913499,1
2023-11-17 12:00:00+00:00,1120.64,0.0029401403670377135,0.002406169343651224,54.24884197047464,4.245330138455232,1
2023-11-17 13:00:00+00:00,1120.68,3.56932521938802e-05,0.0024038843252983393,54.2672197227588,4.214823535686128,1
2023-11-17 14:00:00+00:00,1123.65,0.0026466711523749353,0.00242097052907151,55.61794821290085,4.226727064972405,1
2023-11-17 15:00:00+00:00,1125.01,0.0012096094259019807,0.0024246494600047496,56.2221078205933,4.205392523672954,1
2023-11-17 16:00:00+00:00,1123.5,-0.0013431118625195637,0.0024355084150754205,55.36818898694168,4.202884673199493,1
2023-11-17 17:00:00+00:00,1121.36,-0.0019065782705816048,0.0024474994305428246,54.17819504282826,4.249026979735503,1
2023-11-17 18:00:00+00:00,1122.1,0.0006596953160178387,0.0024419734180989015,54.52307455776693,4.251046440140791,1
2023-11-20 10:00:00+00:00,1138.77,0.014746802866571151,0.003185047727068611,61.23059686945075,4.502225511337979,2
2023-11-20 11:00:00+00:00,1144.37,0.004905534684678692,0.0032435671789089807,63.096401221298414,4.53638100111122,1
2023-11-20 12:00:00+00:00,1142.16,-0.001933060741104775,0.003251546355458062,61.896836700435145,4.539653381088996,1
2023-11-20 13:00:00+00:00,1141.68,-0.0004203446888295659,0.003254585046458494,61.637129306376735,4.489260313467216,1
2023-11-20 14:00:00+00:00,1140.75,-0.0008149209846237682,0.0032604927098191456,61.130038004434724,4.452875107197873,1
2023-11-20 15:00:00+00:00,1141.0,0.00021913005456397627,0.0032608530363974876,61.21755852412512,4.409017605053916,1
2023-11-20 16:00:00+00:00,1141.96,0.0008410134707430572,0.0032558366610858465,61.55673148720486,4.372637252952836,1
2023-11-20 17:00:00+00:00,1142.59,0.0005515309500516707,0.0032558256786462394,61.78055909344927,4.360784507893783,1
2023-11-20 18:00:00+00:00,1142.51,-7.001881758572637e-05,0.0032544098081360583,61.7339853634027,4.329768817735906,1
2023-11-21 10:00:00+00:00,1150.35,0.006838647413693444,0.0033572602007532542,64.41647559054118,4.401973441381189,1
2023-11-21 11:00:00+00:00,1145.71,-0.004041711729106723,0.0034072344324291948,61.800158684453145,4.414733972553565,1
2023-11-21 12:00:00+00:00,1144.31,-0.0012226968973330088,0.003414913908545718,61.03690333088953,4.400439293102495,1
2023-11-21 13:00:00+00:00,1145.43,0.0009782770876363145,0.003414866225305374,61.42580610352905,4.369630507240443,1
2023-11-21 14:00:00+00:00,1148.03,0.0022673176020724384,0.0034129269145863526,62.316779696307876,4.3438378970956375,1
2023-11-21 15:00:00+00:00,1147.43,-0.0005227710469046798,0.003218032083011239,61.979671686764576,4.312161139153725,1
2023-11-21 16:00:00+00:00,1150.91,0.003028274893557281,0.003234821129494898,63.15916491708393,4.305117916370646,1
2023-11-21 17:00:00+00:00,1152.79,0.001632157327213335,0.0032261242519092217,63.778602177703604,4.267015558043235,1
2023-11-21 18:00:00+00:00,1154.39,0.0013869747973656033,0.0032256643616760004,64.29988514025328,4.231075246882371,1
2023-11-22 10:00:00+00:00,1158.59,0.0036316826052891216,0.003243788480113497,65.62500217219201,4.258053741944722,1
2023-11-22 11:00:00+00:00,1153.73,-0.004203576629852712,0.0033163658174431314,62.86959254438767,4.29049266710583,1
2023-11-22 12:00:00+00:00,1154.14,0.0003553059785108559,0.003277296157438363,63.00331402477205,4.262682813763715,1
2023-11-22 13:00:00+00:00,1154.47,0.0002858863144901136,0.0032726300374016143,63.11242177774281,4.240029157488443,1
2023-11-22 14:00:00+00:00,1153.16,-0.0011353641101230494,0.003282574486659026,62.36737840240692,4.206028574338673,1
2023-11-22 15:00:00+00:00,1152.89,-0.00023416664966813272,0.0032844137050903432,62.21291923652543,4.175708002851897,1
2023-11-22 16:00:00+00:00,1151.84,-0.0009111697011325859,0.0032487311895242985,61.60745440835877,4.148393842794863,1
2023-11-22 17:00:00+00:00,1151.15,-0.0005992210306127177,0.0032344309055987014,61.20801551080727,4.152625965938964,1
2023-11-22 18:00:00+00:00,1151.94,0.000686034875739594,0.003213629247547359,61.49964654071828,4.1087734466201855,1
2023-11-23 10:00:00+00:00,1155.9,0.003431783734102467,0.003241043180867457,62.92529186442188,4.17359797768778,1
2023-11-23 11:00:00+00:00,1156.31,0.00035463907196753297,0.003224593853803896,63.06976643977171,4.127126018134022,1
2023-11-23 12:00:00+00:00,1154.21,-0.0018177731231521221,0.003211731221331237,61.810875967986625,4.095983497771345,1
2023-11-23 13:00:00+00:00,1151.77,-0.0021162377042474034,0.0032278750860845764,60.38192240577301,4.087863827815919,1
2023-11-23 14:00:00+00:00,1151.63,-0.0001215594340298054,0.0032273937589008183,60.300304610939655,4.028106551259599,1
2023-11-23 15:00:00+00:00,1149.73,-0.001651197927911241,0.003238437312840651,59.19229734958027,4.011344420234408,1
2023-11-23 16:00:00+00:00,1149.02,-0.0006177270452001338,0.00320671662391823,58.780451503247996,3.975317531829721,1
2023-11-23 17:00:00+00:00,1147.47,-0.0013498863355527746,0.0031826381027945157,57.883291330609076,3.954211181193124,1
2023-11-23 18:00:00+00:00,1148.97,0.0013063700452224936,0.0031800467849177876,58.50864850223068,3.9141269575692625,1
2023-11-24 10:00:00+00:00,1143.54,-0.004737174672711397,0.003257672069738731,55.46645645814049,4.0670444184178765,1
2023-11-24 11:00:00+00:00,1150.42,0.0059983788983553055,0.003352059643413031,58.27163471671422,4.136503530049518,1
2023-11-24 12:00:00+00:00,1141.47,-0.007810187657404377,0.0035224421874888493,53.775243241473895,4.253373459448528,1
2023-11-24 13:00:00+00:00,1141.64,0.00014891967563013253,0.003477070942673088,53.84427235979993,4.217105990259558,1
2023-11-24 14:00:00+00:00,1139.03,-0.0022888020971016942,0.003482863124342476,52.613381858646385,4.205563870454369,1
2023-11-24 15:00:00+00:00,1136.29,-0.0024084536016752978,0.003420055737721645,51.35575160212075,4.224852593045278,1
2023-11-24 16:00:00+00:00,1138.68,0.0021011273812563402,0.0033290377026902905,52.36911833294004,4.215955541184372,1
2023-11-24 17:00:00+00:00,1142.77,0.003585442925813531,0.00334040402247173,54.04099818346958,4.230836430360686,1
2023-11-24 18:00:00+00:00,1143.15,0.0003324700807549874,0.003340023256582583,54.19343098087041,4.181819701753471,1
2023-11-27 10:00:00+00:00,1142.48,-0.0005862716355578002,0.0033268512754127772,53.871964441623035,4.188383307718402,1
2023-11-27 11:00:00+00:00,1143.59,0.0009710989490523403,0.00332573859813322,54.32994053200412,4.198215641564035,1
2023-11-27 12:00:00+00:00,1140.59,-0.002626764725173203,0.003343804468215406,52.88197666023163,4.1856513287327575,1
2023-11-27 13:00:00+00:00,1139.78,-0.0007104110596669599,0.0033319390685458885,52.496510179864174,4.1683383021581015,1
2023-11-27 14:00:00+00:00,1141.19,0.0012363162861381838,0.003334115291405491,53.10370145459492,4.142971536114937,1
2023-11-27 15:00:00+00:00,1138.33,-0.002509301520221996,0.002631120762307657,51.73501051414207,4.149912105392638,1
2023-11-27 16:00:00+00:00,1135.28,-0.0026829595485242663,0.0025598230902794,50.32357887340076,4.155713863284786,1
2023-11-27 17:00:00+00:00,1132.59,-0.002372271128006531,0.0025667775379476605,49.11760241087823,4.21759958601909,1
2023-11-27 18:00:00+00:00,1132.05,-0.00047689699928810114,0.0025669033319115596,48.8776676396322,4.2312475942987104,1
2023-11-28 10:00:00+00:00,1125.26,-0.006016028351414349,0.0026957480882782462,45.99486245658544,4.37342264241274,1
2023-11-28 11:00:00+00:00,1127.37,0.0018733663469694406,0.002712018754208044,46.98633177986803,4.3827541895644835,1
2023-11-28 12:00:00+00:00,1128.63,0.0011170213927416128,0.0027145444534674556,47.57282457222083,4.325699105773193,1
2023-11-28 13:00:00+00:00,1127.34,-0.0011436323537976634,0.002715108556909574,47.02927866423881,4.284985123657728,1
2023-11-28 14:00:00+00:00,1128.38,0.0009221003260062588,0.0027202109145273057,47.522529398068535,4.251885421184576,1
2023-11-28 15:00:00+00:00,1130.17,0.0015850881094348068,0.002536090875853871,48.366939341082194,4.2258477127608804,1
2023-11-28 16:00:00+00:00,1125.48,-0.004158452560080406,0.002539606537956899,46.37199862214962,4.2511307585056635,1
2023-11-28 17:00:00+00:00,1129.18,0.003282094259365209,0.0025876940293447456,48.09541385401156,4.2493081433355515,1
2023-11-28 18:00:00+00:00,1128.61,-0.0005049185372509868,0.0025816310195145562,47.85366713120047,4.237721980468842,1
2023-11-29 10:00:00+00:00,1127.96,-0.0005760955946207957,0.0025551989136281296,47.575406438648606,4.295967540859467,1
2023-11-29 11:00:00+00:00,1126.6,-0.0012064439757271117,0.002557955145611106,46.99201482789471,4.333448190042274,1
2023-11-29 12:00:00+00:00,1125.34,-0.0011190352598076103,0.002512467533096167,46.45349508635454,4.310779226241429,1
2023-11-29 13:00:00+00:00,1126.14,0.0007106436954078532,0.0025002370615892083,46.84812456309796,4.282563641716603,1
2023-11-29 14:00:00+00:00,1130.6,0.00395260934497621,0.0025645789087170895,48.98687030303978,4.290112368882273,1
2023-11-29 15:00:00+00:00,1134.85,0.0037520183502888216,0.0025685088600925533,50.90767053850797,4.289310121504627,1
2023-11-29 16:00:00+00:00,1133.64,-0.0010667890224356213,0.0025117418700000968,50.35682612926808,4.285923919074537,1
2023-11-29 17:00:00+00:00,1132.69,-0.0008383598643106893,0.00251056088479425,49.92404566132584,4.258005440693048,1
2023-11-29 18:00:00+00:00,1128.01,-0.004140316437797331,0.0025642363615182265,47.85653971141064,4.270245331879185,1
2023-11-30 10:00:00+00:00,1123.69,-0.003837105565053456,0.002606791352461082,46.0598569568414,4.321440425241599,1
2023-11-30 11:00:00+00:00,1122.58,-0.000988305137271439,0.0026072986529307673,45.610892631175176,4.31661161673677,1
2023-11-30 12:00:00+00:00,1123.21,0.0005610498012069698,0.002611248951476593,45.916207448778586,4.268279384402036,1
2023-11-30 13:00:00+00:00,1126.41,0.0028449268394616922,0.002653750914834461,47.445290052975416,4.272313796713997,1
2023-11-30 14:00:00+00:00,1124.87,-0.0013681107993717134,0.002651949117124207,46.79558926059801,4.264667520779719,1
2023-11-30 15:00:00+00:00,1123.63,-0.0011029576390537699,0.0025924675956555524,46.274944993994616,4.230574170364128,1
2023-11-30 16:00:00+00:00,1116.34,-0.006509038726670191,0.002721229489139196,43.37959274381237,4.320562686956846,3
2023-11-30 17:00:00+00:00,1113.9,-0.002188106189039196,0.002724825641291405,42.471993010111824,4.333751433217705,3
2023-11-30 18:00:00+00:00,1115.01,0.0009960026127231458,0.002727615215021288,43.02534019743795,4.301076404553352,1
2023-12-01 10:00:00+00:00,1109.06,-0.005350563781692408,0.002806104251019,40.87482650635686,4.363254876462286,3
2023-12-01 11:00:00+00:00,1107.06,-0.0018049569003286692,0.002807192358057065,40.185891176174685,4.362389778933039,3
2023-12-01 12:00:00+00:00,1104.52,-0.002297001344557792,0.0028155326798574233,39.32689769444281,4.350741983354383,3
2023-12-01 13:00:00+00:00,1104.63,9.958581363012087e-05,0.002817111620595867,39.38415558140899,4.328727143687296,3
2023-12-01 14:00:00+00:00,1103.45,-0.001068801956749077,0.002801522027365135,38.98147505246638,4.306352600813546,3
2023-12-01 15:00:00+00:00,1099.4,-0.003677058867609162,0.0027750690175293606,37.63386316366775,4.3364255487972745,3
2023-12-01 16:00:00+00:00,1097.82,-0.0014381812220305434,0.0025975726925586053,37.122975597673246,4.320697037821328,3
2023-12-01 17:00:00+00:00,1094.67,-0.00287344723796501,0.0024186088356836456,36.1253088635347,4.3208830970649,3
2023-12-01 18:00:00+00:00,1095.28,0.0005570903589360299,0.002422690831720864,36.46272395949062,4.297865435123604,3
2023-12-04 10:00:00+00:00,1082.73,-0.011524408886010029,0.002850545222063655,32.82274849713379,4.598908126421129,3
2023-12-04 11:00:00+00:00,1082.55,-0.0001662602530991819,0.0028457904336013943,32.77486421829525,4.605329963892704,3
2023-12-04 12:00:00+00:00,1086.59,0.00372498287009293,0.002890458050599519,34.948361155934236,4.649223364614849,3
2023-12-04 13:00:00+00:00,1082.56,-0.003715745464140774,0.0028413586473663714,33.83486332250982,4.66283889732255,3
2023-12-04 14:00:00+00:00,1084.2,0.0015137812338945622,0.002858225964787593,34.698828542561785,4.655982119376103,3
2023-12-04 15:00:00+00:00,1084.21,9.223347983144947e-06,0.002861474397110175,34.70413351108667,4.625262476988579,3
2023-12-04 16:00:00+00:00,1080.12,-0.0037794651172271543,0.0028719476698235787,33.56608756841878,4.643357227448806,3
2023-12-04 17:00:00+00:00,1077.64,-0.002298681124882407,0.002868859275078487,32.89857722042615,4.644890082899826,3
2023-12-04 18:00:00+00:00,1076.99,-0.0006033518698975726,0.002869222903053679,32.72453031673183,4.60519228124183,3
2023-12-05 10:00:00+00:00,1072.06,-0.004588081848483583,0.002889218144255072,31.437340853188005,4.662088435616995,3
2023-12-05 11:00:00+00:00,1067.84,-0.003944114650721531,0.0029090405613350283,30.393139914056547,4.701446666904653,3
2023-12-05 12:00:00+00:00,1066.69,-0.0010775206825552885,0.002902073954528545,30.114989122647202,4.693817733566559,3
2023-12-05 13:00:00+00:00,1071.59,0.004583130906219424,0.0030116360079915777,32.78932026839287,4.699741378895228,3
2023-12-05 14:00:00+00:00,1072.46,0.000811548282688257,0.003022632024439524,33.252091024814334,4.669946551317324,3
2023-12-05 15:00:00+00:00,1066.7,-0.005385304437924177,0.0030028697892526763,31.774079721565442,4.717347620290976,3
2023-12-05 16:00:00+00:00,1066.43,-0.0002531491296284827,0.0029752799689658402,31.706669674890307,4.718400667885156,3
2023-12-05 17:00:00+00:00,1066.98,0.0005156064818150341,0.0029672920630230567,32.00651123036168,4.691232654527456,3
2023-12-05 18:00:00+00:00,1066.13,-0.0007969584737672619,0.0029676489349588727,31.78642877205158,4.659008001436905,3
2023-12-06 10:00:00+00:00,1058.97,-0.006738531921611113,0.0030566672864292027,30.01257286324359,4.77802784140817,3
2023-12-06 11:00:00+00:00,1056.06,-0.0027517357543125343,0.0030354630797238364,29.333686417965424,4.773067284580006,3
2023-12-06 12:00:00+00:00,1048.14,-0.007527837088739275,0.0031347149034569484,27.599855153356216,4.884805938888408,3
2023-12-06 13:00:00+00:00,1052.73,0.004369625253641374,0.003171590170002234,30.045085860856616,5.040709820110637,3
2023-12-06 14:00:00+00:00,1055.7,0.0028172639968140345,0.003225116909512801,31.571028149468887,5.096895623708423,3
2023-12-06 15:00:00+00:00,1057.15,0.0013725538752291655,0.003246188011597598,32.306644544702024,5.105357711234253,3
2023-12-06 16:00:00+00:00,1052.07,-0.004816955862951389,0.0032840758814042703,31.111018812870583,5.1740505570095685,3
2023-12-06 17:00:00+00:00,1044.69,-0.007039461336246333,0.003380207896429545,29.49298107753694,5.2209695458693774,3
2023-12-06 18:00:00+00:00,1045.28,0.0005646014207600913,0.0033783324650942985,29.7908585422866,5.217150154951989,3
2023-12-07 10:00:00+00:00,1040.28,-0.004794884423890977,0.003316653718080308,28.74084069585588,5.358207151852948,3
2023-12-07 11:00:00+00:00,1039.21,-0.001029098571699194,0.003224937484113708,28.52132225245306,5.378443008815891,3
2023-12-07 12:00:00+00:00,1039.95,0.0007118259597591603,0.0032425103727824556,28.90453093209227,5.3388741486395705,3
2023-12-07 13:00:00+00:00,1041.34,0.0013357102630200401,0.003269113494931076,29.62766330433449,5.316896665666779,3
2023-12-07 14:00:00+00:00,1038.31,-0.00291395392879501,0.0032548604858634554,28.97218417249877,5.286558732353443,3
2023-12-07 15:00:00+00:00,1042.62,0.004142384571383495,0.0033402971580407006,31.18207889250067,5.3144275577063755,3
2023-12-07 16:00:00+00:00,1045.0,0.0022801094366933228,0.003382185850879297,32.36776699554572,5.313339006552248,3
2023-12-07 17:00:00+00:00,1046.46,0.0013961541097211594,0.003394270564276112,33.089395516712045,5.275472226421204,3
2023-12-07 18:00:00+00:00,1051.21,0.004528842114060794,0.0034453754623262494,35.378429038053284,5.282562781892778,3
2023-12-08 10:00:00+00:00,1058.6,0.00700539880119333,0.0036438481424145882,38.707254521114926,5.36431152625492,3
2023-12-08 11:00:00+00:00,1060.72,0.0020006423825762454,0.0036721102490606503,39.6177713993494,5.355825295729822,3
2023-12-08 12:00:00+00:00,1061.45,0.0006879750715480526,0.003598162148122208,39.93130784124255,5.298508789815226,3
2023-12-08 13:00:00+00:00,1063.2,0.0016473305210249478,0.003613350226798194,40.68472335850026,5.271738614018922,3
2023-12-08 14:00:00+00:00,1065.59,0.0022454079586706754,0.0036312290821350034,41.70369290611591,5.266303841738544,3
2023-12-08 15:00:00+00:00,1057.83,-0.007308996379261856,0.003690224794733115,39.45791638244917,5.3497777649037745,3
2023-12-08 16:00:00+00:00,1055.48,-0.0022240002352953425,0.0036926907200232795,38.81205586406701,5.3299822096056975,3
2023-12-08 17:00:00+00:00,1055.86,0.0003599609765387868,0.003692090892533661,38.97686783101401,5.290182565413586,3
2023-12-08 18:00:00+00:00,1054.28,-0.0014975312493721304,0.0036901649463717888,38.53647295328282,5.257778914105311,3
2023-12-11 10:00:00+00:00,1055.87,0.0015070021571110814,0.0037061759438621854,39.24142064849319,5.321823335823206,3
2023-12-11 11:00:00+00:00,1057.81,0.0018356615426755596,0.0037033124355202443,40.0968178788033,5.321586869106741,3
2023-12-11 12:00:00+00:00,1058.28,0.00044421551798734527,0.0037059616029413043,40.30458234685275,5.322555131724604,3
2023-12-11 13:00:00+00:00,1059.3,0.0009633639143604711,0.0037004686924605335,40.75958685535162,5.3537040290901095,3
2023-12-11 14:00:00+00:00,1060.04,0.0006983306407395418,0.00370146809018922,41.09198193660726,5.317829948508306,3
2023-12-11 15:00:00+00:00,1051.17,-0.008402813732868886,0.003537052551427159,38.45302192220583,5.43207334953814,3
2023-12-11 16:00:00+00:00,1052.13,0.0009128512971647851,0.0035429883175306497,38.88646756938316,5.399431882547376,3
2023-12-11 17:00:00+00:00,1051.01,-0.0010650742279407766,0.0034888286944070065,38.563156037438944,5.407843244896428,3
2023-12-11 18:00:00+00:00,1047.95,-0.0029157317603765165,0.0034763682383367987,37.68953947188684,5.3996863799985,3
2023-12-12 10:00:00+00:00,1052.25,0.004094853831511536,0.003527933342663761,39.64994935454198,5.468892652398534,3
2023-12-12 11:00:00+00:00,1047.98,-0.004066226921259464,0.0035605410075996028,38.42495897402258,5.567314799350566,3
2023-12-12 12:00:00+00:00,1051.95,0.003781082921608281,0.0035866606655894874,40.178374340621616,5.567968503363553,3
2023-12-12 13:00:00+00:00,1056.59,0.00440115671488428,0.003643874473607632,42.14325200457267,5.56360913329628,3
2023-12-12 14:00:00+00:00,1066.07,0.008932248245232088,0.003874932403718105,45.85117433508964,5.646536950630356,2
2023-12-12 15:00:00+00:00,1064.83,-0.0011638276220979904,0.0038258127715458325,45.46229467010486,5.6104062116177476,3
2023-12-12 16:00:00+00:00,1060.9,-0.003697557523821615,0.0038209592155881164,44.24860095236971,5.597598087385393,3
2023-12-12 17:00:00+00:00,1058.54,-0.0022270042797885026,0.00383022088229175,43.536398236701366,5.6006461256376845,3
2023-12-12 18:00:00+00:00,1056.02,-0.0023834757046392596,0.003780797091619662,42.78604002995241,5.585433203124929,3
2023-12-13 10:00:00+00:00,1057.21,0.0011262381527652465,0.0037829341921936125,43.257284858923214,5.641124539062433,3
2023-12-13 11:00:00+00:00,1061.65,0.004190938994239168,0.0037618744492004244,44.98254665993637,5.629502048281183,3
2023-12-13 12:00:00+00:00,1063.8,0.0020231016804146407,0.0037736751260320175,45.79687330870009,5.602912007315563,3
2023-12-13 13:00:00+00:00,1063.7,-9.400705059814385e-05,0.0037727971484386893,45.76472452990576,5.549053767169254,3
2023-12-13 14:00:00+00:00,1066.89,0.002994477946202778,0.0037957470862296345,46.9763349581825,5.51227269182587,3
2023-12-13 15:00:00+00:00,1064.22,-0.0025057377582715645,0.0036877320809842852,46.096813260500134,5.487427237989352,3
2023-12-13 16:00:00+00:00,1062.41,-0.0017022241170767671,0.0036741371465145753,45.50743913988345,5.471678693229566,3
2023-12-13 17:00:00+00:00,1063.05,0.0006022225959014804,0.0035047714677146446,45.75766595681505,5.413845119364973,3
2023-12-13 18:00:00+00:00,1062.67,-0.0003575259244374962,0.003455684003131701,45.63071631879163,5.3661682169776785,3
2023-12-14 10:00:00+00:00,1070.45,0.007294511792793834,0.0035809438981410863,48.60937945024309,5.524844852638124,1
2023-12-14 11:00:00+00:00,1071.99,0.0014376134362974469,0.0035813617186954442,49.17183378525705,5.479347955585362,1
2023-12-14 12:00:00+00:00,1067.27,-0.004412748014845924,0.003570062771656554,47.544419377127134,5.495160996473654,3
2023-12-14 13:00:00+00:00,1066.85,-0.0003936048632899869,0.003411943029975603,47.40197039101126,5.47205777654418,3
2023-12-14 14:00:00+00:00,1065.76,-0.0010222216860231725,0.00341794340178712,47.02882756348803,5.434416621013299,3
2023-12-14 15:00:00+00:00,1061.96,-0.0035719023557483354,0.0033843064434836037,45.74773840616567,5.407728288593031,3
2023-12-14 16:00:00+00:00,1059.13,-0.002668440923552673,0.00340642641534039,44.81991987435379,5.398773722821171,3
2023-12-14 17:00:00+00:00,1055.11,-0.00380278950781765,0.0034569036029732875,43.53996393359194,5.442798248364751,3
2023-12-14 18:00:00+00:00,1055.45,0.00032218937432837436,0.0034536133279875064,43.67877459649552,5.398542283397457,3
2023-12-15 10:00:00+00:00,1045.27,-0.00969199102003504,0.0037049842922797487,40.627086517134344,5.640171437729508,3
2023-12-15 11:00:00+00:00,1043.92,-0.001292367078052692,0.0036644764662765706,40.24658304448394,5.63996800897492,3
2023-12-15 12:00:00+00:00,1045.17,0.0011966934398941476,0.0036540575774296675,40.770701800217815,5.614768648795424,3
2023-12-15 13:00:00+00:00,1051.45,0.005990612300827536,0.003746401855215784,43.319436717562525,5.702473275819516,3
2023-12-15 14:00:00+00:00,1056.15,0.004460056738539109,0.0037447528067223227,45.1228359490046,5.777423810303127,3
2023-12-15 15:00:00+00:00,1051.03,-0.004859584920103188,0.003673081853126769,43.581470464918965,5.825475334097065,3
2023-12-15 16:00:00+00:00,1056.6,0.005285570017066199,0.0037409669177385267,45.64269963813001,5.832365827415121,3
2023-12-15 17:00:00+00:00,1057.57,0.0009176178529290979,0.0037420671107302474,45.99332427367669,5.807318510866821,3
2023-12-15 18:00:00+00:00,1060.64,0.0028986759099369763,0.0037579598635599626,47.09541767781423,5.767772140649483,3
2023-12-18 10:00:00+00:00,1067.26,0.0062221169769420825,0.0038484847896893904,49.3688512877627,5.8490166978364915,1
2023-12-18 11:00:00+00:00,1071.54,0.004002249591439799,0.003739093211607994,50.76465914578381,5.821436363879758,1
2023-12-18 12:00:00+00:00,1067.54,-0.003739929934698516,0.003765677056506173,49.46422252139218,5.823007636602165,3
2023-12-18 13:00:00+00:00,1066.54,-0.000937172058396385,0.003769210424531662,49.14307543791775,5.751947483870122,3
2023-12-18 14:00:00+00:00,1069.88,0.003126728565644221,0.0037833820251234698,50.244052292077654,5.734108534192718,1
2023-12-18 15:00:00+00:00,1069.67,-0.00019630296153305693,0.0037799017558022984,50.174364496341376,5.670826363508862,3
2023-12-18 16:00:00+00:00,1073.39,0.0034716748353122995,0.003800845222692163,51.392985297763246,5.6514098362386855,1
2023-12-18 17:00:00+00:00,1078.45,0.004702960560591052,0.003851694197955027,52.98885727814973,5.684581639513911,1
2023-12-18 18:00:00+00:00,1075.5,-0.002739155360598211,0.0038757190639223576,51.97371186028314,5.665890006723632,3
2023-12-19 10:00:00+00:00,1077.93,0.0022568655878503208,0.0038852146033133616,52.734814543401754,5.721972206589161,1
2023-12-19 11:00:00+00:00,1081.67,0.0034636078337957343,0.003698535254862874,53.882619548938514,5.687532762457377,1
2023-12-19 12:00:00+00:00,1078.53,-0.0029071402754059505,0.0037306664415269115,52.7844615880221,5.664782107208229,1
2023-12-19 13:00:00+00:00,1076.51,-0.0018746757290744043,0.00373932549273529,52.08760066539142,5.611086465064065,1
2023-12-19 14:00:00+00:00,1071.03,-0.005103524865026188,0.003792290357368285,50.251109742867314,5.632664735762785,3
2023-12-19 15:00:00+00:00,1069.77,-0.0011771301807659285,0.0037616425103132642,49.83883547387643,5.611611441047533,3
2023-12-19 16:00:00+00:00,1071.82,0.0019144660052905493,0.0037137719853205446,50.512882154657426,5.569379212226583,1
2023-12-19 17:00:00+00:00,1074.45,0.002450764644120973,0.0036941327660247074,51.36837611408548,5.555791627982053,1
2023-12-19 18:00:00+00:00,1074.4,-4.6536519541895416e-05,0.0036496734305672537,51.351154923140456,5.47707579542241,1
2023-12-20 10:00:00+00:00,1081.49,0.006577353724323665,0.003550297042502891,53.60185743440465,5.525534279513959,1
2023-12-20 11:00:00+00:00,1082.98,0.0013767806764342083,0.003547285200157495,54.05765570245906,5.49542359392368,1
2023-12-20 12:00:00+00:00,1081.39,-0.0014692499766919553,0.0035093443303438328,53.4855277830733,5.441115122045205,1
2023-12-20 13:00:00+00:00,1082.51,0.001035168076170656,0.0034901096562350345,53.836705981836026,5.394492819604303,1
2023-12-20 14:00:00+00:00,1080.69,-0.0016826927047306484,0.003479899744486121,53.17106190332241,5.354602963212215,1
2023-12-20 15:00:00+00:00,1080.98,0.0002683110759171825,0.003478671860551559,53.265013949923826,5.326510903947971,1
2023-12-20 16:00:00+00:00,1077.81,-0.002936832464883743,0.0034680494948189262,52.09912403597516,5.304380685869013,1
2023-12-20 17:00:00+00:00,1078.89,0.0010015301991712633,0.0034607052455798036,52.46087120104017,5.2634930721516335,1
2023-12-20 18:00:00+00:00,1075.11,-0.0035097529064849198,0.0035017436394216223,51.08308828708967,5.246223210708603,1
2023-12-21 10:00:00+00:00,1065.88,-0.008622232875454827,0.0036935771034044083,47.9456287065608,5.328898746494429,3
2023-12-21 11:00:00+00:00,1063.92,-0.0018405489278912057,0.003685626601734933,47.31592446467206,5.295920771564542,3
2023-12-21 12:00:00+00:00,1056.26,-0.0072258330227183976,0.0038179247688804574,44.96103501578729,5.457802356133254,3
2023-12-21 13:00:00+00:00,1051.79,-0.004240892483076131,0.003860526643454782,43.666932861294555,5.456646309010591,3
2023-12-21 14:00:00+00:00,1053.79,0.0018997146643551233,0.003871982786177511,44.39760434890151,5.449113382830381,3
2023-12-21 15:00:00+00:00,1044.29,-0.009055960616210612,0.003919042725885664,41.771531922783105,5.569131115173775,3
2023-12-21 16:00:00+00:00,1049.37,0.004852755432279032,0.003982653767280971,43.59207645760733,5.5953484928703014,3
2023-12-21 17:00:00+00:00,1050.55,0.001123852455521046,0.003946364249435934,44.007022592575915,5.610241523012894,3
2023-12-21 18:00:00+00:00,1051.87,0.0012556959821967695,0.003952588665327363,44.47327332949535,5.565036692552638,3
2023-12-22 10:00:00+00:00,1058.45,0.006236041286334704,0.0040567908469221516,46.72957925207656,5.6661359587015845,3
2023-12-22 11:00:00+00:00,1061.17,0.0025664991772433865,0.004043601147977076,47.627252339156,5.619013239527552,3
2023-12-22 12:00:00+00:00,1063.44,0.0021368635785110612,0.004036344156176235,48.36818770471432,5.5696329747370035,3
2023-12-22 13:00:00+00:00,1064.62,0.0011089914014981161,0.003999489462214842,48.752757825830905,5.525840315242261,3
2023-12-22 14:00:00+00:00,1060.83,-0.003566307386144274,0.0040343116654117,47.591003863168275,5.565323508937416,3
2023-12-22 15:00:00+00:00,1058.33,-0.0023594265272741666,0.003797349947944122,46.83972012371609,5.529017038758668,3
2023-12-22 16:00:00+00:00,1059.27,0.0008877975649230763,0.0037918105437082625,47.15976115761148,5.452636697983495,3
2023-12-22 17:00:00+00:00,1060.45,0.0011133547090089735,0.0037914230208934098,47.56412748435701,5.420783964023823,3
2023-12-22 18:00:00+00:00,1057.58,-0.0027100671440445367,0.003723515248248775,46.67759932200346,5.389568284743349,3
2023-12-25 10:00:00+00:00,1063.31,0.0054034051190381405,0.003748281933844684,48.62826951093138,5.446776919048482,1
2023-12-25 11:00:00+00:00,1063.25,-5.6429162605731165e-05,0.003678562757216046,48.60926906488671,5.382841380667512,3
2023-12-25 12:00:00+00:00,1064.12,0.000817911363326651,0.0036068463257058346,48.90466070169257,5.323384553054163,1
2023-12-25 13:00:00+00:00,1061.72,-0.0022579319418687405,0.0036208384056398055,48.12598090224542,5.269516861993083,3
2023-12-25 14:00:00+00:00,1059.43,-0.0021592069299183336,0.0036110760059056683,47.391288847845,5.226926524753224,3
2023-12-25 15:00:00+00:00,1057.3,-0.0020125388868024174,0.003506719564018487,46.714435011667824,5.19718799425816,3
2023-12-25 16:00:00+00:00,1062.47,0.00487789736735067,0.0035301788591511818,48.534947485677144,5.205244234372994,1
2023-12-25 17:00:00+00:00,1063.66,0.0011194048569587167,0.0034966221946885704,48.944637885612046,5.165539349685535,1
2023-12-25 18:00:00+00:00,1063.67,9.401456285473841e-06,0.003494408691919683,48.94812271922217,5.138628562691822,1
2023-12-26 10:00:00+00:00,1059.94,-0.003512889688601639,0.0034972302391844865,47.70869562707062,5.129455991437988,3
2023-12-26 11:00:00+00:00,1061.85,0.0018003671578341596,0.003508499571999166,48.39151295235084,5.09466687160923,1
2023-12-26 12:00:00+00:00,1061.44,-0.00038619312962051566,0.003469504351635982,48.25349732421036,5.039173534177044,1
2023-12-26 13:00:00+00:00,1059.98,-0.0013764367551045709,0.003399131558110259,47.7585566084767,4.9781900634935035,1
2023-12-26 14:00:00+00:00,1061.99,0.0018944665581122067,0.0033957028289818276,48.50062422106823,4.927226262223635,1
2023-12-26 15:00:00+00:00,1063.22,0.00115753279660602,0.003382655287384493,48.953394752928176,4.90128173697916,1
2023-12-26 16:00:00+00:00,1062.69,-0.0004986100173383079,0.003339423812746718,48.76488748575239,4.851456102239578,1
2023-12-26 17:00:00+00:00,1063.63,0.0008841567226340885,0.003323273706699377,49.1194744619365,4.8038269801947875,1
2023-12-26 18:00:00+00:00,1063.05,-0.0005454511392217753,0.003315549898489536,48.90636900512633,4.741750440590892,1
2023-12-27 10:00:00+00:00,1067.19,0.0038868908782401235,0.003290744143992387,50.471470704387826,4.746915431779075,1
2023-12-27 11:00:00+00:00,1068.62,0.0013390706230227423,0.003292735382358113,51.00049679756859,4.702777123143497,1
2023-12-27 12:00:00+00:00,1067.71,-0.0008519283584824677,0.0032827680363495793,50.64920053051612,4.644321580680627,1
2023-12-27 13:00:00+00:00,1066.67,-0.00097452195232961,0.003264634657925283,50.24558957496385,4.588035149067018,1
2023-12-27 14:00:00+00:00,1068.01,0.001255457657359571,0.003270625960724798,50.76146031905199,4.5332744460856755,1
2023-12-27 15:00:00+00:00,1068.26,0.0002340528127442454,0.0031253655647810134,50.858459310268366,4.502208957163962,1
2023-12-27 16:00:00+00:00,1068.79,0.0004960108662563911,0.003118506091722941,51.06699181221773,4.455964778020683,1
2023-12-27 17:00:00+00:00,1068.11,-0.0006364359801143138,0.003114157225696927,50.78485085576839,4.453245482460268,1
2023-12-27 18:00:00+00:00,1068.71,0.0005615821789097808,0.003110896015976775,51.02845569987693,4.426380572811061,1
2023-12-28 10:00:00+00:00,1075.43,0.006268267933108973,0.003237162609139134,53.65040908846408,4.5022529613548405,1
2023-12-28 11:00:00+00:00,1072.91,-0.002345998450691056,0.0032522101370589963,52.573319668087116,4.521007902127745,1
2023-12-28 12:00:00+00:00,1073.46,0.0005124931973874425,0.0032283826427865984,52.784425423804265,4.492387744085189,1
2023-12-28 13:00:00+00:00,1078.26,0.004461554442198867,0.003288579344492389,54.5846731207225,4.5189399892034885,1
2023-12-28 14:00:00+00:00,1082.16,0.0036104130089524844,0.003288173270023937,55.97632488244606,4.515361189419417,1
2023-12-28 15:00:00+00:00,1084.87,0.002501120346948049,0.003051670989998418,56.91250198318973,4.480453965631029,1
2023-12-28 16:00:00+00:00,1089.38,0.00414856292358845,0.003081204018571085,58.41425122042516,4.483444886318411,1
2023-12-28 17:00:00+00:00,1086.5,-0.0026472063549904945,0.0029110687536104784,57.117066255972986,4.493775988592043,1
2023-12-28 18:00:00+00:00,1090.93,0.004069022758271146,0.0028680143749479437,58.5614185476657,4.5059004688202045,1
2023-12-29 10:00:00+00:00,1088.23,-0.002478020321253105,0.00289826189331209,57.359898606483576,4.582182459443803,1
2023-12-29 11:00:00+00:00,1091.3,0.002817122985542042,0.002553226516859891,58.35134427310353,4.638538810254925,1
2023-12-29 12:00:00+00:00,1085.32,-0.005494771752469596,0.0026424950991202423,55.77373462335522,4.717368034049829,1
2023-12-29 13:00:00+00:00,1086.3,0.0009025520731302805,0.002641910999306779,56.098036190071845,4.703820673368832,1
2023-12-29 14:00:00+00:00,1083.67,-0.0024239978320172995,0.0026762699195578632,54.99373985393667,4.684744259901455,1
2023-12-29 15:00:00+00:00,1081.79,-0.0017363520659232634,0.0025686973483306044,54.215280914112824,4.636449374703426,1
2023-12-29 16:00:00+00:00,1082.62,0.0007669526944384941,0.0025507848367169873,54.50540011516378,4.600520387209361,1
2023-12-29 17:00:00+00:00,1081.32,-0.0012015122012565271,0.002548090556173028,53.95893994595341,4.573509979465174,1
2023-12-29 18:00:00+00:00,1083.48,0.001995566072442223,0.0025566676150700395,54.72847503460556,4.559039779875869,1
2024-01-03 10:00:00+00:00,1076.71,-0.006267987690693033,0.0026673067215882786,51.951390311946646,4.693258984278351,1
2024-01-03 11:00:00+00:00,1077.17,0.00042713615149736484,0.0026396344152761386,52.11984164326184,4.636593804592782,1
2024-01-03 12:00:00+00:00,1075.91,-0.0011704164674206652,0.002647160505349877,51.61407704668305,4.5908619285009244,1
2024-01-03 13:00:00+00:00,1074.5,-0.0013113780182072432,0.002654375673459218,51.04842395098846,4.592444689930903,1
2024-01-03 14:00:00+00:00,1073.39,-0.0010335725747729896,0.002626492770071953,50.60293646148231,4.555395796132285,1
2024-01-03 15:00:00+00:00,1072.12,-0.001183867843384867,0.002528496748926326,50.092571131853965,4.512287880209642,1
2024-01-03 16:00:00+00:00,1074.99,0.0026733625285082496,0.002552970130221663,51.226897243039204,4.500842122605451,1
2024-01-03 17:00:00+00:00,1075.39,0.00037202727388940815,0.002551616009870755,51.384043336028206,4.4516252801533405,1
2024-01-03 18:00:00+00:00,1073.14,-0.0020944560443787452,0.00254849108468953,50.451026118435685,4.424392774550272,1
2024-01-04 10:00:00+00:00,1083.41,0.009524543959993359,0.0028448666986326545,54.31469386179994,4.577904919059265,1
2024-01-04 11:00:00+00:00,1082.96,-0.00041544150488892484,0.0028255808386225124,54.12598732989658,4.548146820678078,1
2024-01-04 12:00:00+00:00,1084.01,0.0009690951717615803,0.002754589441346792,54.502352347476794,4.521383884264518,1
2024-01-04 13:00:00+00:00,1081.59,-0.002234947365463036,0.0027774979526004927,53.47064171325989,4.504956206579228,1
2024-01-04 14:00:00+00:00,1080.32,-0.0011748871563463936,0.0027853639003465793,52.934054768974384,4.452657082447646,1
2024-01-04 15:00:00+00:00,1081.43,0.001026945851789307,0.0027316581086635297,53.351553417199824,4.413803940798694,1
2024-01-04 16:00:00+00:00,1081.92,0.00045300114024904303,0.002724211906817232,53.53720584704988,4.383927861982716,1
2024-01-04 17:00:00+00:00,1080.51,-0.001304088640858403,0.0027325226982597883,52.91880449152699,4.3722493047430655,1
2024-01-04 18:00:00+00:00,1082.11,0.0014796869463244988,0.0027254086318626984,53.54019823801073,4.3294043186482005,1
2024-01-05 10:00:00+00:00,1082.75,0.0005912622697490377,0.002717173249588842,53.78913977404444,4.391416232275233,1
2024-01-05 11:00:00+00:00,1082.27,-0.00044341392491986653,0.0027173430647555487,53.56946886831423,4.354387907629728,1
2024-01-05 12:00:00+00:00,1082.92,0.0006004092200013744,0.0027147396306189805,53.83001445668084,4.30570014947713,1
2024-01-05 13:00:00+00:00,1083.72,0.000738470660889945,0.0027142625003845526,54.15311704791921,4.257786146487584,1
2024-01-05 14:00:00+00:00,1083.4,-0.00029532282690869494,0.0027127629436104863,53.99887622280016,4.207830423557832,1
2024-01-05 15:00:00+00:00,1083.45,4.6149941166362396e-05,0.002665376574456749,54.0197567324748,4.156873815086676,1
2024-01-05 16:00:00+00:00,1084.17,0.0006643231068910183,0.0026617265207881926,54.324401216934476,4.112736338784944,1
2024-01-05 17:00:00+00:00,1085.12,0.000875862665417948,0.002657825695952419,54.728245937585626,4.0674816120092485,1
2024-01-05 18:00:00+00:00,1087.35,0.002052963477722436,0.002662133465684809,55.667128354804994,4.040531979769064,1
2024-01-08 10:00:00+00:00,1090.02,0.0024525012637122146,0.0026754793001166764,56.76265568939418,4.052721340173685,1
2024-01-08 11:00:00+00:00,1091.38,0.0012469058184718662,0.0026779687535884826,57.310952089979295,4.026266913370207,1
2024-01-08 12:00:00+00:00,1093.38,0.001830865228837908,0.0026853018472728224,58.10812259061264,4.049541575102799,1
2024-01-08 13:00:00+00:00,1094.7,0.001206537384493167,0.0026826629571749467,58.62842361311785,4.021350743600745,1
2024-01-08 14:00:00+00:00,1088.45,-0.005725687263566037,0.0028230065553763992,55.309447072452826,4.06652372872873,1
2024-01-08 15:00:00+00:00,1087.7,-0.0006892907471414134,0.0026946973952491214,54.92868791158168,4.038993254154157,1
2024-01-08 16:00:00+00:00,1086.22,-0.0013615958532540162,0.0026790664241501502,54.17767776214866,4.024813389071072,1
2024-01-08 17:00:00+00:00,1086.5,0.00025774144993384596,0.002678792627530229,54.29830603764536,3.9901171212896505,1
2024-01-08 18:00:00+00:00,1089.72,0.0029592617932534537,0.002638617316257089,55.66780902573645,3.978314778863855,1
2024-01-09 10:00:00+00:00,1094.08,0.003993044961198677,0.0026492099470797614,57.43033474639153,3.9993484832865773,1
2024-01-09 11:00:00+00:00,1095.65,0.0014339669904765984,0.0026347088799499154,58.043256629012355,3.9663615136208437,1
2024-01-09 12:00:00+00:00,1099.27,0.0032985286773277167,0.0026113344471052234,59.41799861157072,3.968834283348425,1
2024-01-09 13:00:00+00:00,1103.45,0.0037953121754288333,0.0026278410827555955,60.92649217506367,4.008457597681457,1
2024-01-09 14:00:00+00:00,1104.42,0.0008786749785167913,0.002572852479394508,61.267414829637865,4.009288445727828,1
2024-01-09 15:00:00+00:00,1106.43,0.0018183056777205664,0.002551683609277221,61.96904608291528,4.01050267681327,1
2024-01-09 16:00:00+00:00,1108.19,0.0015894378001872767,0.002533118829664835,62.57478747499203,4.086892623277003,1
2024-01-09 17:00:00+00:00,1111.46,0.00294641260168671,0.002417182927683652,63.67177875520842,4.1163547708114665,1
2024-01-09 18:00:00+00:00,1106.12,-0.004816070059760591,0.002529280791222644,60.70665624882147,4.16602767539524,1
2024-01-10 10:00:00+00:00,1114.59,0.0076282279742097,0.0026972729868540066,63.46070662907051,4.253507121887339,1
2024-01-10 11:00:00+00:00,1118.16,0.0031978529099214725,0.0027017024705011856,64.52994248917477,4.241636979449594,1
2024-01-10 12:00:00+00:00,1116.1,-0.0018440115149820357,0.0027247540501198096,63.43692175392026,4.2482042398606055,1
2024-01-10 13:00:00+00:00,1118.21,0.0018887268349052633,0.002717884479832135,64.07295206830355,4.221040155063395,1
2024-01-10 14:00:00+00:00,1118.74,0.0004738595050559624,0.0027112606494666494,64.23242679877367,4.160619351962128,1
2024-01-10 15:00:00+00:00,1118.66,-7.151157596752e-05,0.002524199694770361,64.18854181976101,4.15820696492289,1
2024-01-10 16:00:00+00:00,1117.24,-0.0012701822003791108,0.002540190732816724,63.4039386057179,4.160442825624432,1
2024-01-10 17:00:00+00:00,1117.41,0.00015214910641692114,0.002526843428693708,63.45850351071382,4.122833969111943,1
2024-01-10 18:00:00+00:00,1115.51,-0.0017018079094253125,0.002533958733474649,62.39748071361505,4.082177289729702,1
2024-01-11 10:00:00+00:00,1118.64,0.0028019623103201496,0.00253694456357482,63.4254463215743,4.159533743935109,1
2024-01-11 11:00:00+00:00,1120.31,0.0014917709727315653,0.002521862275525693,63.9618237637904,4.138143069056409,1
2024-01-11 12:00:00+00:00,1121.88,0.0014004167858976402,0.0025097780049331,64.4617939146406,4.136580207675284,1
2024-01-11 13:00:00+00:00,1124.99,0.002768297218900706,0.002523231723195816,65.43118804822586,4.123448603521774,1
2024-01-11 14:00:00+00:00,1125.47,0.0004265794613358409,0.002487065779270904,65.5790588403299,4.07877963145134,1
2024-01-11 15:00:00+00:00,1124.21,-0.0011201594286740502,0.0021742156754617596,64.8361789715612,4.039204038822311,1
2024-01-11 16:00:00+00:00,1121.78,-0.002163857317406759,0.002206980474885781,63.422322880788286,4.036819958045863,1
2024-01-11 17:00:00+00:00,1124.83,0.0027152036835946802,0.0022249960351570773,64.4161441587805,4.038283558884948,1
2024-01-11 18:00:00+00:00,1131.92,0.006283392778721364,0.002316839017757733,66.57061618994027,4.099917887707251,1
2024-01-12 10:00:00+00:00,1136.09,0.0036772366073503093,0.0023293279476873725,67.74275454532378,4.142119529953107,1
2024-01-12 11:00:00+00:00,1139.62,0.0031023309922568743,0.002348111529221223,68.69102438758836,4.148477139354046,1
2024-01-12 12:00:00+00:00,1139.38,-0.00021061869318739213,0.0023534140712871657,68.55121694560219,4.116907596566964,1
2024-01-12 13:00:00+00:00,1140.05,0.0005878662817409008,0.002330133396959315,68.73250154820914,4.082969444635626,1
2024-01-12 14:00:00+00:00,1141.86,0.0015863906811333095,0.0023305624959117518,69.22158284197603,4.0455100557429144,1
2024-01-12 15:00:00+00:00,1137.49,-0.003834431179319253,0.0024311774541794454,66.65305224432288,4.065599854628055,1
2024-01-12 16:00:00+00:00,1138.08,0.0005185514075334297,0.002423425533736945,66.82265361734845,4.024487857535498,1
2024-01-12 17:00:00+00:00,1138.4,0.0002811357904377587,0.0024249352169349696,66.91577857418937,4.01799810038479,1
2024-01-12 18:00:00+00:00,1136.06,-0.0020576319879008764,0.0024630137773464793,65.54303076106982,4.002638138377094,1
2024-01-15 10:00:00+00:00,1146.66,0.009287232941203705,0.002723687956448811,68.52743906897535,4.160585375609554,1
2024-01-15 11:00:00+00:00,1146.49,-0.00014826766701858674,0.002725412332792412,68.43044448012813,4.134773668097366,1
2024-01-15 12:00:00+00:00,1148.81,0.0020215229295228454,0.0027274264434361973,69.04066611350291,4.127078194735419,1
2024-01-15 13:00:00+00:00,1145.86,-0.0025711772282654977,0.0027778095046959174,67.35149241096991,4.11513663084071,1
2024-01-15 14:00:00+00:00,1145.75,-9.600237395090971e-05,0.002779219456058868,67.28885164654467,4.0794338982239,1
2024-01-15 15:00:00+00:00,1141.66,-0.003576100794124848,0.0028469156313115714,64.99536222656015,4.1082452202594215,1
2024-01-15 16:00:00+00:00,1144.22,0.002239838548188544,0.0028526589075901876,65.74115290294769,4.104680315854234,1
2024-01-15 17:00:00+00:00,1141.69,-0.002213561367728545,0.00288421097715637,64.35837973462193,4.105786709537151,1
2024-01-15 18:00:00+00:00,1145.27,0.00313079627473023,0.002901650470501586,65.40892346621942,4.119870975346407,1
2024-01-16 10:00:00+00:00,1139.95,-0.004656015272742842,0.0028553531487209727,62.61054339111655,4.197073555839479,1
2024-01-16 11:00:00+00:00,1139.33,-0.0005440314619455933,0.002853751033675797,62.29361059384587,4.170532084722687,1
2024-01-16 12:00:00+00:00,1140.62,0.0011316038839943587,0.002834655186519657,62.694536478677826,4.179921443028231,1
2024-01-16 13:00:00+00:00,1140.2,-0.0003682886021225684,0.0028392774203250264,62.47384736795903,4.142923014167669,1
2024-01-16 14:00:00+00:00,1139.15,-0.0009213153524223472,0.002836683997383778,61.9178395017222,4.093464553884318,1
2024-01-16 15:00:00+00:00,1138.47,-0.0005971145495777819,0.0028082525830642065,61.555808914739984,4.071995262806631,1
2024-01-16 16:00:00+00:00,1137.53,-0.0008260105917807792,0.002815942331811985,61.05228022049524,4.056555357550497,1
2024-01-16 17:00:00+00:00,1141.28,0.003291194426027211,0.0028158070672675197,62.30740962708879,4.329824250399488,1
2024-01-16 18:00:00+00:00,1141.33,4.380949878246554e-05,0.002782795627085645,62.32392866460799,4.3166277653915,1
2024-01-17 10:00:00+00:00,1132.74,-0.007554772593503678,0.003016010738629159,57.87726921015366,4.402095210083669,1
2024-01-17 11:00:00+00:00,1138.57,0.005133612588008596,0.0030811805423958762,59.86061778242212,4.465053305881995,1
2024-01-17 12:00:00+00:00,1134.67,-0.0034312292818468038,0.003128810980283399,57.99657925338648,4.507152239764354,1
2024-01-17 13:00:00+00:00,1133.29,-0.0012169528301306798,0.0031170005213239536,57.351744073041985,4.474209194969065,1
2024-01-17 14:00:00+00:00,1132.71,-0.0005119152803763072,0.003028494687186528,57.07956805631535,4.476125011069683,1
2024-01-17 15:00:00+00:00,1133.62,0.000803060497725383,0.002847934349955412,57.40321193754516,4.439002510848287,1
2024-01-17 16:00:00+00:00,1131.56,-0.0018188405053054524,0.0028334789184582747,56.42046937903712,4.443222460631323,1
2024-01-17 17:00:00+00:00,1127.62,-0.00348799475432493,0.002867469143074017,54.59628152122399,4.444758011418696,1
2024-01-17 18:00:00+00:00,1129.77,0.0019048552975799993,0.0028676632729918816,55.399236729060675,4.441062851190322,1
2024-01-18 10:00:00+00:00,1133.01,0.002863735948050561,0.0028920375086191985,56.58001946833159,4.442841594166515,1
2024-01-18 11:00:00+00:00,1134.29,0.0011290964018746408,0.0028942673306016397,57.03852624590976,4.4031847622831854,1
2024-01-18 12:00:00+00:00,1133.96,-0.00029097321929150155,0.0028868846142040888,56.880511534147324,4.398521067037524,1
2024-01-18 13:00:00+00:00,1133.69,-0.00023813198798361412,0.002887811986780139,56.74925734945648,4.337950645696771,1
2024-01-18 14:00:00+00:00,1132.12,-0.0013858180970727219,0.002883708522763256,55.982754557113836,4.297391632782839,1
2024-01-18 15:00:00+00:00,1130.38,-0.0015381218502046323,0.00287202187712363,55.14049157719378,4.264843800127184,1
2024-01-18 16:00:00+00:00,1124.93,-0.004833047881294128,0.002952519409604271,52.61067796183682,4.3047469241246406,1
2024-01-18 17:00:00+00:00,1125.33,0.00035551447762749433,0.002946691558980466,52.772950905968386,4.278251985642148,1
2024-01-18 18:00:00+00:00,1124.98,-0.00031106825532667415,0.0029210300634461162,52.61209640982409,4.246686945929307,1
2024-01-19 10:00:00+00:00,1123.35,-0.0014499653392308076,0.0029274832429914324,51.860896836639746,4.3545532070107225,1
2024-01-19 11:00:00+00:00,1123.64,0.00025812309054362714,0.002923569150501021,51.98535625124093,4.309262142870511,1
2024-01-19 12:00:00+00:00,1128.27,0.004112070663660816,0.002963664262985686,53.92598617859614,4.335476900013103,1
2024-01-19 13:00:00+00:00,1126.66,-0.0014279824860050638,0.00294736656950837,53.16355294176557,4.330367362012844,1
2024-01-19 14:00:00+00:00,1129.3,0.0023404680979393078,0.002826997149578244,54.24594668527524,4.309760014772586,1
2024-01-19 15:00:00+00:00,1126.78,-0.002233964263700372,0.0027914793223380303,53.05176150495539,4.2985648144771345,1
2024-01-19 16:00:00+00:00,1126.58,-0.00017751269262333835,0.0027513924373741188,52.95734802785039,4.285193518187594,1
2024-01-19 17:00:00+00:00,1130.75,0.0036946345846518014,0.0028068303229954778,54.673540392879865,4.289289647823842,1
2024-01-19 18:00:00+00:00,1130.05,-0.0006192498428596593,0.0028055271738804963,54.33400752878449,4.232903854867366,1
2024-01-22 10:00:00+00:00,1132.82,0.0024482196357400454,0.0028191913709118745,55.45112040753239,4.2900457777700165,1
2024-01-22 11:00:00+00:00,1135.11,0.002019463368148955,0.0027847812879823147,56.35186057779946,4.296044862214615,1
2024-01-22 12:00:00+00:00,1135.52,0.0003611332576909376,0.0027842236734446036,56.512499024330516,4.23772396497032,1
2024-01-22 13:00:00+00:00,1138.5,0.0026209107271215615,0.002809366903234487,57.667970377419564,4.218369485670912,1
2024-01-22 14:00:00+00:00,1135.28,-0.002832289977511948,0.002823058532689086,56.02661490813691,4.206002095957497,1
2024-01-22 15:00:00+00:00,1138.02,0.0024105936980038933,0.002510942977050837,57.087147403811244,4.186282054038347,1
2024-01-22 16:00:00+00:00,1137.71,-0.00027244005388826764,0.0025110013534910924,56.92863985712474,4.131956412957576,1
2024-01-22 17:00:00+00:00,1137.42,-0.0002549304888690429,0.002491315653223489,56.77815143827825,4.101917284698422,1
2024-01-22 18:00:00+00:00,1136.91,-0.0004484837367915162,0.002468049412242223,56.510083838639105,4.057678939004451,1
2024-01-23 10:00:00+00:00,1138.5,0.0013975505590568815,0.0024778195877171393,57.153627487417104,4.087325360224361,1
2024-01-23 11:00:00+00:00,1139.4,0.000790201542501201,0.002430264949007156,57.516727870369245,4.072178853019873,1
2024-01-23 12:00:00+00:00,1137.33,-0.0018183979394867933,0.002420329904474623,56.39508230707558,4.0617352759594745,1
2024-01-23 13:00:00+00:00,1132.87,-0.003929174291199544,0.002462399108749091,54.076571838201325,4.071300570440289,1
2024-01-23 14:00:00+00:00,1132.46,-0.0003619781704893299,0.002416392572541914,53.86882794073409,4.05767455903148,1
2024-01-23 15:00:00+00:00,1132.39,-6.18142482036177e-05,0.002330275281565475,53.83279877630548,4.0089210678508485,1
2024-01-23 16:00:00+00:00,1133.6,0.0010679659795549412,0.0023356186893856404,54.3710908742369,3.975942646493829,1
2024-01-23 17:00:00+00:00,1131.26,-0.00206635362239993,0.002344948590329629,53.14822828114779,3.9564237935639524,1
2024-01-23 18:00:00+00:00,1130.09,-0.0010347802015617802,0.002348021253624929,52.54527012884881,3.9178953176926727,1
2024-01-24 10:00:00+00:00,1133.13,0.0026864395227121918,0.00237993350002462,53.93096974419645,3.99873741133882,1
2024-01-24 11:00:00+00:00,1131.02,-0.0018638346494919134,0.002391980033111008,52.83822036455456,4.000362663112046,1
2024-01-24 12:00:00+00:00,1129.38,-0.001451070861588022,0.0023973122892300735,52.00253618409041,3.9945554098498057,1
2024-01-24 13:00:00+00:00,1129.5,0.00010624734391662116,0.0023459413850168763,52.05914851869173,3.975864301652808,1
2024-01-24 14:00:00+00:00,1125.72,-0.003352225982197865,0.0023873135787379784,50.15757220088033,3.997347015619751,1
2024-01-24 15:00:00+00:00,1127.73,0.0017839317784318354,0.0021607440319059666,51.1262307493721,3.9986000753073547,1
2024-01-24 16:00:00+00:00,1127.13,-0.0005321838288505631,0.0020256243486972934,50.82535921481607,3.9794280738012073,1
2024-01-24 17:00:00+00:00,1125.99,-0.0010119302099136362,0.0019751796970898026,50.252011219160316,3.9518395123251815,1
2024-01-24 18:00:00+00:00,1124.09,-0.0016888292430392582,0.0019814815014319778,49.30607693795063,3.9108027220786794,1
2024-01-25 10:00:00+00:00,1120.34,-0.003341608773260063,0.0020314301966552705,47.50513518778934,4.020786667637108,1
2024-01-25 11:00:00+00:00,1119.53,-0.0007232562919359253,0.0020272124128669407,47.125745843180304,4.011170934284364,1
2024-01-25 12:00:00+00:00,1119.38,-0.0001339937739563979,0.002014568466814569,47.05473444524977,3.971147515598677,1
2024-01-25 13:00:00+00:00,1119.5,0.00010719645547307977,0.0019588054325990444,47.11978140138934,3.9335245652867017,1
2024-01-25 14:00:00+00:00,1120.24,0.0006607910087126356,0.0019400536362649576,47.52545146163939,3.8822540739809654,1
2024-01-25 15:00:00+00:00,1118.09,-0.0019210756780463356,0.001905078861057432,46.46858568748451,3.8830089925013476,1
2024-01-25 16:00:00+00:00,1116.1,-0.0017814067078063545,0.0019060741831619932,45.51268110485227,3.876748812651324,1
2024-01-25 17:00:00+00:00,1117.17,0.0009582362024067592,0.0019146746525197937,46.12078941546698,3.862013836398299,1
2024-01-25 18:00:00+00:00,1119.39,0.0019851921961251406,0.0019417277363672286,47.36446655073096,3.849573559670333,1
2024-01-26 10:00:00+00:00,1119.87,0.00042871306355785066,0.0019370913162006888,47.63116563262872,3.856582088476927,1
2024-01-26 11:00:00+00:00,1114.44,-0.004860570547841725,0.0020376883812971403,44.99920236337151,3.8928504467073854,1
2024-01-26 12:00:00+00:00,1115.69,0.0011210110001682594,0.001937956845859971,45.703961742550334,3.9053934377732373,1
2024-01-26 13:00:00+00:00,1111.47,-0.0037895840893922283,0.0020028121479299258,43.77180355229595,3.939685569017775,1
2024-01-26 14:00:00+00:00,1112.35,0.0007914310024492721,0.0020081638625403797,44.27310370160636,3.9042918576374213,1
2024-01-26 15:00:00+00:00,1110.69,-0.0014934506878310216,0.002008714188582076,43.52615069111536,3.872806020484676,1
2024-01-26 16:00:00+00:00,1111.17,0.0004320704342015702,0.0020097213420904644,43.805888517306194,3.844949900074983,1
2024-01-26 17:00:00+00:00,1110.34,-0.0007472395250260888,0.0019108595178803903,43.42633955517032,3.811850902073485,1
2024-01-26 18:00:00+00:00,1109.95,-0.0003513054637105384,0.0019041781038634398,43.24668073894965,3.767413884032018,1
2024-01-29 10:00:00+00:00,1114.73,0.004297253857432182,0.0019781996114679895,46.03867871420268,3.827865606351377,1
2024-01-29 11:00:00+00:00,1116.4,0.001496999557958567,0.0019725690039651736,46.96875412226497,3.8085082942243518,1
2024-01-29 12:00:00+00:00,1117.5,0.0009848248255570624,0.0019794971081094756,47.57607091805416,3.8049381283398667,1
2024-01-29 13:00:00+00:00,1118.85,0.0012073245815571454,0.0019106600417211044,48.31728521492601,3.7688393657730694,1
2024-01-29 14:00:00+00:00,1119.95,0.0009826693661940666,0.0019171046963729014,48.917790364710925,3.7238625784576076,1
2024-01-29 15:00:00+00:00,1119.93,-1.7858099541356864e-05,0.001879473098660842,48.90724756697077,3.6883853268884566,1
2024-01-29 16:00:00+00:00,1121.0,0.0009549607362258072,0.0018594069087117862,49.50139757663929,3.67141762035069,1
2024-01-29 17:00:00+00:00,1124.28,0.0029216866789374407,0.0019111282843646794,51.273803968781145,3.7219892679436772,1
2024-01-29 18:00:00+00:00,1125.22,0.0008357413244830525,0.00187368110675658,51.768843136468895,3.707549482584804,1
2024-01-30 10:00:00+00:00,1124.44,-0.0006934381473246987,0.0018372265515919587,51.327307047755404,3.719798492933111,1
2024-01-30 11:00:00+00:00,1126.19,0.0015551204353299042,0.001816360831980648,52.25949213546715,3.7146025230744453,1
2024-01-30 12:00:00+00:00,1125.24,-0.0008439081440512197,0.0018185648467375396,51.710889030846154,3.6689104726129576,1
2024-01-30 13:00:00+00:00,1125.64,0.0003554165519359387,0.001820376033727523,51.9277084672799,3.6369322631606975,1
2024-01-30 14:00:00+00:00,1124.3,-0.0011911430157560687,0.0018253993863636,51.142740866172254,3.613593617897484,1
2024-01-30 15:00:00+00:00,1121.02,-0.002921634629504233,0.0018491851870312969,49.282008371809354,3.610921745539535,1
2024-01-30 16:00:00+00:00,1123.07,0.0018270217061191474,0.0018674908949307882,50.43215684218565,3.6061033106287463,1
2024-01-30 17:00:00+00:00,1121.28,-0.0015951169644123908,0.0018640221458821277,49.43334213991059,3.60058124441617,1
2024-01-30 18:00:00+00:00,1122.53,0.0011141764492643702,0.0017980475195820537,50.13704018551114,3.5607696195278447,1
2024-01-31 10:00:00+00:00,1125.47,0.002615659854280139,0.001840813870993699,51.748588601123885,3.562754227137289,1
2024-01-31 11:00:00+00:00,1127.66,0.0019439630111586226,0.001863903361638871,52.90551586613578,3.598699142594546,1
2024-01-31 12:00:00+00:00,1124.1,-0.0031619737148682603,0.0019060810873305504,50.88185031758883,3.640525159742656,1
2024-01-31 13:00:00+00:00,1126.36,0.0020084789418461924,0.0019103792622952634,52.06948332915746,3.6251146565478054,1
2024-01-31 14:00:00+00:00,1127.18,0.0007277439372632699,0.0019087908536535416,52.494749864776544,3.606012363416846,1
2024-01-31 15:00:00+00:00,1128.51,0.001179240191804709,0.0018762936654231604,53.18224775645976,3.5996921161485087,1
2024-01-31 16:00:00+00:00,1129.1,0.0005226766478108047,0.0018603205108124496,53.486952246518605,3.580298273825536,1
2024-01-31 17:00:00+00:00,1127.07,-0.0017995102743162406,0.0018663800487476198,52.29207814786118,3.580692308349023,1
2024-01-31 18:00:00+00:00,1125.63,-0.0012784660151261562,0.0018744075635347278,51.45996165154993,3.559878462182042,1
2024-02-01 10:00:00+00:00,1129.85,0.0037420016353397756,0.0018892246761531481,53.664831022968244,3.6128808929383975,1
2024-02-01 11:00:00+00:00,1126.72,-0.002774123565686182,0.0019147911302977714,51.881225587361016,3.6486232750796312,1
2024-02-01 12:00:00+00:00,1126.77,4.437561294512449e-05,0.0019133664836389777,51.9072803996602,3.616850809578042,1
2024-02-01 13:00:00+00:00,1126.67,-8.875319517276381e-05,0.001907911665359629,51.84998418381507,3.5939137933864815,1
2024-02-01 14:00:00+00:00,1126.67,0.0,0.0018920685591724826,51.84998418381508,3.545435517518753,1
2024-02-01 15:00:00+00:00,1125.01,-0.0014744548965568427,0.001841599617931384,50.87926320688829,3.5443268071683782,1
2024-02-01 16:00:00+00:00,1125.03,1.7777461734702626e-05,0.0018379552897280264,50.890566540411896,3.512240271025007,1
2024-02-01 17:00:00+00:00,1122.76,-0.0020197623191613445,0.0018620042568045286,49.56949614521527,3.51339546560451,1
2024-02-01 18:00:00+00:00,1124.67,0.0016997196440735607,0.0018763876986683497,50.668983337841986,3.491327556292421,1
2024-02-02 10:00:00+00:00,1119.58,-0.0045360443154933705,0.0019850327583384943,47.83312851698551,3.553101005166576,1
2024-02-02 11:00:00+00:00,1121.61,0.0018115381160450639,0.0019819485264592645,48.994865671047336,3.5500389850632414,1
2024-02-02 12:00:00+00:00,1122.3,0.0006149979471077316,0.0019653453387434476,49.38580771072117,3.5270382053619738,1
2024-02-02 13:00:00+00:00,1120.36,-0.0017300888087374844,0.0019784176348328283,48.32318140919348,3.501497441254734,1
2024-02-02 14:00:00+00:00,1120.17,-0.00016960272833266288,0.001958932230141019,48.219493804397786,3.484867492429641,1
2024-02-02 15:00:00+00:00,1116.85,-0.002968236705573446,0.0020026709483308125,46.442659966823506,3.5039701425810494,1
2024-02-02 16:00:00+00:00,1116.12,-0.0006538377371905213,0.0018813080174590578,46.061836137251696,3.4988907397294287,1
2024-02-02 17:00:00+00:00,1121.34,0.004666013667890212,0.0019870845714267185,49.10684110520818,3.5377129249348367,1
2024-02-02 18:00:00+00:00,1117.31,-0.0036003880493487017,0.001979691031414729,47.015884934655254,3.568158666436139,1
2024-02-05 10:00:00+00:00,1112.44,-0.004368209659205924,0.002075334646164194,44.670461757550896,3.6057954931074168,1
2024-02-05 11:00:00+00:00,1111.47,-0.000872337515017918,0.0020680491292694313,44.222095815369265,3.5916795832452704,1
2024-02-05 12:00:00+00:00,1115.36,0.0034937592513948346,0.002125216667456221,46.422713896353635,3.627645991580362,1
2024-02-05 13:00:00+00:00,1115.17,-0.0001703630979710269,0.0021222240041160042,46.33160982213705,3.595893071748754,1
2024-02-05 14:00:00+00:00,1115.86,0.0006185484032030786,0.0021225700940485977,46.71908896423582,3.56797521031378,1
2024-02-05 15:00:00+00:00,1119.55,0.0033014107940276816,0.0020868123792162504,48.738712712621655,3.5784157061075024,1
2024-02-05 16:00:00+00:00,1123.47,0.0034952911618315596,0.0021330050940079107,50.761889486533576,3.5916473919853527,1
2024-02-05 17:00:00+00:00,1127.13,0.0032524688762620713,0.0021753209485406285,52.54625474816634,3.6124144441456436,1
2024-02-05 18:00:00+00:00,1123.72,-0.0030299687752197713,0.0022163002559811517,50.796164207880715,3.611566155262734,1
2024-02-06 10:00:00+00:00,1124.46,0.0006583103014214942,0.002214098307033027,51.15639244153532,3.616934832157477,1
2024-02-06 11:00:00+00:00,1124.22,-0.00021345856316745682,0.0022144481902893988,51.03274612781599,3.5781961355143284,1
2024-02-06 12:00:00+00:00,1121.24,-0.0026542461228551417,0.002243856754932124,49.5163629863577,3.5840322128040394,1
2024-02-06 13:00:00+00:00,1121.41,0.00015160635883937346,0.002204201683707553,49.60353291343691,3.5379515685479577,1
2024-02-06 14:00:00+00:00,1122.07,0.0005883716538948036,0.0022024473896568465,49.94592555370665,3.500992537177,1
2024-02-06 15:00:00+00:00,1119.57,-0.002230510730086621,0.0022221641440713174,48.6679074683178,3.49097268643346,1
2024-02-06 16:00:00+00:00,1120.78,0.0010801884684568108,0.0022160090080872393,49.30851382547728,3.474553232704788,1
2024-02-06 17:00:00+00:00,1119.86,-0.000821193990735658,0.0022158549447029016,48.8356720648382,3.4490621680506934,1
2024-02-06 18:00:00+00:00,1119.01,-0.0007593116535034028,0.002216829523254456,48.398122306594495,3.4222809246896775,1
2024-02-07 10:00:00+00:00,1122.28,0.002917964493845737,0.0022521250219171363,50.15138162748971,3.4622353061958853,1
2024-02-07 11:00:00+00:00,1123.29,0.0008995489502501286,0.0022167606578371193,50.679529347261564,3.4523906000719684,1
2024-02-07 12:00:00+00:00,1123.53,0.0002136352719954715,0.002201916988046923,50.80590953932404,3.411742788070526,1
2024-02-07 13:00:00+00:00,1123.95,0.00037375193985234034,0.00219023340242504,51.029984851470815,3.3733079323091157,1
2024-02-07 14:00:00+00:00,1126.03,0.0018489058503021738,0.002199978497604808,52.131818355179036,3.3564417736629326,1
2024-02-07 15:00:00+00:00,1128.74,0.002403794005522819,0.0021951588569036552,53.522128981616554,3.3745129381896737,1
2024-02-07 16:00:00+00:00,1128.85,9.744904972741608e-05,0.0021782505478726744,53.57797424179441,3.3354226794258817,1
2024-02-07 17:00:00+00:00,1124.5,-0.0038609229846118254,0.002201216560377624,51.10035532446675,3.359714225837363,1
2024-02-07 18:00:00+00:00,1124.71,0.0001867322309703212,0.002182410174887749,51.21149514482479,3.350919941320617,1
2024-02-08 10:00:00+00:00,1120.47,-0.0037769845094954846,0.0022426696543552164,48.92074594359811,3.5005015424942036,1
2024-02-08 11:00:00+00:00,1120.29,-0.000160659776493155,0.0022348267691186035,48.82613464454441,3.4804915116443196,1
2024-02-08 12:00:00+00:00,1120.3,8.92622032555579e-06,0.00223286884560407,48.83174450379188,3.4532816814114313,1
2024-02-08 13:00:00+00:00,1120.09,-0.00018746736114216844,0.0022202634582072847,48.71730388239324,3.4394160477832028,1
2024-02-08 14:00:00+00:00,1121.28,0.0010618506643815806,0.00222010287366815,49.40295737393324,3.4258277268275386,1
2024-02-08 15:00:00+00:00,1121.57,0.00025859955112128574,0.00215139294988056,49.570622373256455,3.393511172290987,1
2024-02-08 16:00:00+00:00,1120.23,-0.001195468069932204,0.0021234554725163357,48.80803549033851,3.3988409488451645,1
2024-02-08 17:00:00+00:00,1123.5,0.002914791276277917,0.002166237274809075,50.69671259460543,3.407864129868264,1
2024-02-08 18:00:00+00:00,1124.94,0.001280888257531032,0.0021744861767156965,51.50075610538855,3.3945068472708986,1
2024-02-09 10:00:00+00:00,1118.45,-0.00578590267879342,0.002321780676706306,47.90769134171759,3.5374167103254797,1
2024-02-09 11:00:00+00:00,1118.59,0.0001251653972946798,0.0023141164728108857,47.98756726119219,3.54666837611897,1
2024-02-09 12:00:00+00:00,1123.53,0.0044065509371611356,0.0024008435467639143,50.708911677964714,3.587735008596589,1
2024-02-09 13:00:00+00:00,1122.78,-0.0006677618208250635,0.0023855025477644413,50.30119089556424,3.544980308424658,1
2024-02-09 14:00:00+00:00,1124.36,0.0014062321531982391,0.0023815936453327005,51.145598248743426,3.5612807022561674,1
2024-02-09 15:00:00+00:00,1123.04,-0.0011746908888392582,0.002297037660002587,50.415368140049466,3.5292550882110447,1
2024-02-09 16:00:00+00:00,1120.96,-0.0018538329729889114,0.00229854191737574,49.28395720295786,3.5246699864468227,1
2024-02-09 17:00:00+00:00,1123.43,0.0022010443792561674,0.002318225447783781,50.626592539569025,3.5541765867178863,1
2024-02-09 18:00:00+00:00,1122.38,-0.0009350747182592656,0.0023086828384067844,50.051816275366335,3.5618930549835297,1
2024-02-12 10:00:00+00:00,1120.1,-0.0020334636524257377,0.0023270452306532125,48.82361503306662,3.5762551938838585,1
2024-02-12 11:00:00+00:00,1119.17,-0.0008306278862937333,0.002290777005973102,48.32999984934246,3.5503300900061805,1
2024-02-12 12:00:00+00:00,1117.93,-0.0011085781833539698,0.002294493661015845,47.67422481528672,3.522323488206054,1
2024-02-12 13:00:00+00:00,1118.75,0.0007332296410194061,0.0021977811944457856,48.14897107875804,3.4898770184419345,1
2024-02-12 14:00:00+00:00,1115.65,-0.002774795908552896,0.0021735013470403973,46.52074643181613,3.5082794780730975,1
2024-02-12 15:00:00+00:00,1116.1,0.0004032709811570001,0.002081949150645597,46.787289528372504,3.4779138885116354,1
2024-02-12 16:00:00+00:00,1116.41,0.0002777143233334556,0.002077722947899883,46.973070694601844,3.4553556107414054,1
2024-02-12 17:00:00+00:00,1118.15,0.0015573538877236004,0.0020304679275017956,48.01262145722632,3.4572484985265763,1
2024-02-12 18:00:00+00:00,1120.94,0.0024920851273853017,0.0020592787887010883,49.62833515573145,3.444703528556048,1
2024-02-13 10:00:00+00:00,1126.04,0.004539434047248214,0.0021518754511990162,52.38839925735963,3.480209457984927,1
2024-02-13 11:00:00+00:00,1123.45,-0.0023027451951200817,0.002131918839830159,50.9419217001272,3.4860052688252283,1
2024-02-13 12:00:00+00:00,1123.86,0.0003648806836160645,0.0020744526987862464,51.159749083457484,3.449085163448726,1
2024-02-13 13:00:00+00:00,1122.89,-0.0008634695095288691,0.0020240880786543142,50.61717178383485,3.4031034601797527,1
2024-02-13 15:00:00+00:00,1123.24,0.0003116471467210502,0.0019792110542520753,50.80925386759781,3.3870413909761563,1
2024-02-13 16:00:00+00:00,1122.55,-0.0006144831188237276,0.001978644190124623,50.41477503543354,3.374900563156637,1
2024-02-13 17:00:00+00:00,1122.76,0.00018705657625250893,0.001978713567402857,50.53404508838476,3.363602551893503,1
2024-02-13 18:00:00+00:00,1123.08,0.0002849713266890319,0.001942364701433696,50.71836355661539,3.3177305008556317,1
2024-02-14 10:00:00+00:00,1124.38,0.0011568616526966835,0.0019488115278022545,51.46801232566289,3.343575890838522,1
2024-02-14 11:00:00+00:00,1123.87,-0.0004536862081598869,0.0019485401763019014,51.15650067866155,3.331304373021752,1
2024-02-14 12:00:00+00:00,1123.1,-0.0006853674327125248,0.0019240230237720772,50.68389239844065,3.31107828556132,1
2024-02-14 13:00:00+00:00,1122.86,-0.00021371707502648718,0.0019187563982830398,50.53540462835084,3.300056719850094,1
2024-02-14 14:00:00+00:00,1123.01,0.00013357852433415474,0.0019147873575734576,50.62765294287101,3.2678555854530886,1
2024-02-14 15:00:00+00:00,1121.36,-0.001470346063495498,0.0019235875371344674,49.58959604410466,3.261098473744028,1
2024-02-14 16:00:00+00:00,1123.84,0.002209158211839757,0.001904476766883759,51.12650596534335,3.2494765042691487,1
2024-02-14 17:00:00+00:00,1120.23,-0.003217371217536069,0.001954359913818438,48.91153042928367,3.267886974183763,1
2024-02-14 18:00:00+00:00,1122.52,0.0020421364805134345,0.001976463238203086,50.3051255675501,3.2713292347000884,1
2024-02-15 10:00:00+00:00,1115.6,-0.006183781076285477,0.0021590694817097992,46.40214554790079,3.3733026500060843,1
2024-02-15 11:00:00+00:00,1115.31,-0.000259983595602975,0.0021397531347543347,46.248701705874026,3.3668365970059666,1
2024-02-15 12:00:00+00:00,1114.66,-0.0005829675003781176,0.0021072712453207637,45.901543072029746,3.3352998650658465,1
2024-02-15 13:00:00+00:00,1111.78,-0.0025870911467000823,0.0021322619499095394,44.39488596304407,3.351793867764531,1
2024-02-15 14:00:00+00:00,1115.61,0.0034390059888096403,0.0021337135927178533,46.76602095395995,3.381157990409244,1
2024-02-15 15:00:00+00:00,1115.6,-8.963746128465289e-06,0.002133246380271793,46.7607084682291,3.361534830601061,1
2024-02-15 16:00:00+00:00,1116.29,0.0006183100618599724,0.002070918357723137,47.183146390264845,3.3345041339890393,1
2024-02-15 17:00:00+00:00,1114.81,-0.0013267000287600084,0.0020784572490708127,46.3777186913688,3.324614051309257,1
2024-02-15 18:00:00+00:00,1113.65,-0.0010410777889404699,0.002082654329120124,45.75307813515488,3.33012177028307,1
2024-02-16 10:00:00+00:00,1117.01,0.003012563583110861,0.0021291593766287983,47.82989278248428,3.3567193348774054,1
2024-02-16 11:00:00+00:00,1113.26,-0.003362824710849921,0.002173283162542474,45.831624461611895,3.423984948179858,1
2024-02-16 12:00:00+00:00,1114.32,0.0009517055100216609,0.0021781057982476174,46.47660494204957,3.395905249216261,1
2024-02-16 13:00:00+00:00,1110.82,-0.00314587206780903,0.0022147393027817323,44.6839828686773,3.4145871442319344,1
2024-02-16 14:00:00+00:00,1103.69,-0.006439370007263356,0.002340467483147984,41.36727891664828,3.553095401347294,1
2024-02-16 15:00:00+00:00,1100.78,-0.002640091895326435,0.002350177674968684,40.12686273978982,3.6074334933203476,1
2024-02-16 16:00:00+00:00,1105.22,0.0040253907483167595,0.002303350204409999,42.797350061612065,3.65108482345394,1
2024-02-16 17:00:00+00:00,1106.73,0.0013653113628810942,0.002313992991484746,43.66926046536232,3.672263126984862,1
2024-02-16 18:00:00+00:00,1107.33,0.0005419907452264283,0.002219134091372481,44.01525848763589,3.6460178644451626,1
2024-02-19 10:00:00+00:00,1105.76,-0.00141883092271744,0.0022242761158427406,43.3050448900469,3.7254975071562613,1
2024-02-19 11:00:00+00:00,1104.42,-0.0012125710703978498,0.0022139557798695614,42.704918542244734,3.707387557013135,1
2024-02-19 12:00:00+00:00,1106.58,0.0019538676500836516,0.0022345140933839828,43.9818162349795,3.6882398058728723,1
2024-02-19 13:00:00+00:00,1106.44,-0.00012652393578616028,0.0022232509973497774,43.917084020230256,3.6568750097554124,1
2024-02-19 14:00:00+00:00,1108.0,0.0014089343202456917,0.002208121653205685,44.84016698516671,3.6255375095603024,1
2024-02-19 15:00:00+00:00,1109.77,0.0015961983215637687,0.0022216921748580416,45.87163939568245,3.631026759369098,1
2024-02-19 16:00:00+00:00,1109.56,-0.00018924630462979763,0.0022063276028829217,45.768025785626115,3.597406224181717,1
2024-02-19 17:00:00+00:00,1108.66,-0.0008114614865837311,0.0022062155290731647,45.32035068016086,3.5656580996980822,1
2024-02-19 18:00:00+00:00,1105.63,-0.002736770604755634,0.0022319361588709528,43.846971887441754,3.556344937704119,1
2024-02-20 10:00:00+00:00,1101.86,-0.003415647332736249,0.002272480138751494,42.108900152545765,3.57121803895004,1
2024-02-20 11:00:00+00:00,1096.87,-0.004538991660805181,0.002324717833230721,39.969042168153734,3.6321936781710416,1
2024-02-20 12:00:00+00:00,1097.36,0.0004466259308690823,0.0023250086131243824,40.27316568826314,3.6147498046076203,1
2024-02-20 13:00:00+00:00,1098.52,0.0010565241342002096,0.0023318210601993576,40.99526582531816,3.581254808515469,1
2024-02-20 14:00:00+00:00,1098.96,0.00040045871259764,0.002318482857323697,41.27009059543037,3.5496297123451597,1
2024-02-20 15:00:00+00:00,1099.51,0.0005003479797078825,0.002285598728562891,41.61693908930793,3.5296371180982558,1
2024-02-20 16:00:00+00:00,1099.12,-0.00035476638096465507,0.002172347272509488,41.43985702653692,3.4822443757362924,1
2024-02-20 17:00:00+00:00,1097.32,-0.0016390162289487975,0.0021630141673331647,40.62573870097165,3.460799488221564,1
2024-02-20 18:00:00+00:00,1093.57,-0.003423269686854802,0.00219919088925559,38.99706569130385,3.4787834984571306,1
2024-02-21 10:00:00+00:00,1084.51,-0.00831930163637562,0.002458599171109531,35.48951800741368,3.7734078284879886,3
2024-02-21 11:00:00+00:00,1078.17,-0.005863112584407304,0.0025599645295740162,33.347746532386836,3.877739671918229,3
2024-02-21 12:00:00+00:00,1076.22,-0.0018102576901286582,0.002563597451644713,32.72786320148336,3.9135848784798615,3
2024-02-21 13:00:00+00:00,1073.31,-0.0027075702853665007,0.00257253081556549,31.826974532253047,3.9027131809102666,3
2024-02-21 14:00:00+00:00,1070.25,-0.0028550654785552965,0.002581304055692542,30.913893049512637,3.925258917292061,3
2024-02-21 15:00:00+00:00,1077.62,0.006862639661303405,0.002794296508840359,35.46414292634684,4.0715537389462195,3
2024-02-21 16:00:00+00:00,1079.44,0.0016874824361732266,0.002816803207367831,36.51774041566035,4.091122664167294,3
2024-02-21 17:00:00+00:00,1075.13,-0.00400080363968236,0.0028526832219077434,35.13177146703684,4.128300210883949,3
2024-02-21 18:00:00+00:00,1068.09,-0.0065695778502767865,0.0029622123356174324,33.04160873139695,4.202334206666273,3
2024-02-22 10:00:00+00:00,1073.69,0.005229307175619091,0.003087042566589084,36.12616255322066,4.332087522532948,3
2024-02-22 11:00:00+00:00,1072.48,-0.0011275901985445813,0.003086126609580863,35.762924255074154,4.338845772082286,3
2024-02-22 12:00:00+00:00,1067.32,-0.004822889991505264,0.0031021364338536857,34.263780316888955,4.372068856640641,3
2024-02-22 13:00:00+00:00,1071.02,0.0034606317915679696,0.0031495234499797705,36.22001375527883,4.390027479507827,3
2024-02-22 14:00:00+00:00,1075.39,0.004071921057094308,0.003200862587075757,38.428277260085025,4.407426929917671,3
2024-02-22 15:00:00+00:00,1076.23,0.0007808070594954586,0.0031147449357826623,38.84359472766849,4.421678391319316,3
2024-02-22 16:00:00+00:00,1070.93,-0.004936763691699042,0.003170416939947993,37.22690624097468,4.513244823492929,3
2024-02-22 17:00:00+00:00,1066.57,-0.004079537821586321,0.0032036483295353824,35.97019844573967,4.534779927023069,3
2024-02-22 18:00:00+00:00,1064.44,-0.001999052758389297,0.0031983361735874578,35.374893429398426,4.588684328482609,3
2024-02-26 10:00:00+00:00,1086.24,0.020273352298711522,0.004342606563587065,44.89867759654972,4.9501106419129535,2
2024-02-26 11:00:00+00:00,1086.98,0.0006810171345748017,0.00434540306757152,45.17851657440141,4.922508429074697,3
2024-02-26 12:00:00+00:00,1091.92,0.004534405860028734,0.004401267718771147,47.01165676144593,4.929658260493203,3
2024-02-26 13:00:00+00:00,1094.51,0.0023691599652897466,0.004417103762590328,47.942917849303576,4.933865095283337,3
2024-02-26 14:00:00+00:00,1094.51,0.0,0.0044163177045392745,47.94291784930357,4.881987793377668,3
2024-02-26 15:00:00+00:00,1098.87,0.003975604539695254,0.004433334767237614,49.49862862961642,4.912548037510117,1
2024-02-26 16:00:00+00:00,1096.14,-0.0024874614763916725,0.004422819412608114,48.57120533021204,4.888097076759911,3
2024-02-26 17:00:00+00:00,1098.27,0.001941296903433809,0.004430787481393046,49.32708318163449,4.87313513522471,1
2024-02-26 18:00:00+00:00,1097.4,-0.0007924688550922099,0.004412293755998002,49.02675781125955,4.843072432520218,1
2024-02-27 10:00:00+00:00,1101.75,0.003956079097220844,0.004358960743046537,50.562461246746395,4.8600109838698105,1
2024-02-27 11:00:00+00:00,1099.21,-0.002308084769920171,0.004355162848834644,49.67083076812416,4.850410764192416,1
2024-02-27 12:00:00+00:00,1100.52,0.0011910554066769663,0.004319620840734894,50.13361239790306,4.7910025489085655,1
2024-02-27 13:00:00+00:00,1099.29,-0.0011182785133092565,0.004316879138643886,49.69580427681313,4.748782497930396,1
2024-02-27 14:00:00+00:00,1096.1,-0.002906091623866125,0.004333355059823873,48.57323958092805,4.737606847971789,3
2024-02-27 15:00:00+00:00,1096.3,0.00018244845881643101,0.004330108529547216,48.647450345195885,4.689654711012356,1
2024-02-27 16:00:00+00:00,1096.26,-3.648702886493993e-05,0.004327533327093502,48.63312800910886,4.632461616792107,1
2024-02-27 17:00:00+00:00,1096.13,-0.00011859203896413817,0.004316899599703479,48.5856907656966,4.583612384456266,1
2024-02-27 18:00:00+00:00,1097.34,0.0011032748318742236,0.004320769008874104,49.05762595710328,4.53274013676714,1
2024-02-28 10:00:00+00:00,1106.32,0.008150122711863439,0.00447336935385692,52.36860583898359,4.6238853340318,1
2024-02-28 11:00:00+00:00,1107.17,0.000768017964193568,0.004468754684713522,52.665751478525856,4.583207627351163,1
2024-02-28 12:00:00+00:00,1105.77,-0.0012652852646501955,0.004472043936084638,52.11929244000936,4.53114347480414,1
2024-02-28 13:00:00+00:00,1108.01,0.002023688681313196,0.004480396729197642,52.91689823553586,4.580520605308058,1
2024-02-28 14:00:00+00:00,1108.21,0.00018048749721888413,0.004463147688141833,52.98824759575543,4.538710193201897,1
2024-02-28 15:00:00+00:00,1111.95,0.003369129736360499,0.004458872936025101,54.30944284143568,4.537935989337859,1
2024-02-28 16:00:00+00:00,1112.78,0.0007461579953593755,0.004407008354979116,54.59838590255113,4.497577269551106,1
2024-02-28 17:00:00+00:00,1109.58,-0.0028798234413578427,0.004429615413816874,53.2730106213321,4.497025724160085,1
2024-02-28 18:00:00+00:00,1114.87,0.004756240843760473,0.004474522211756168,55.11114480010242,4.5274852096768825,1
2024-02-29 10:00:00+00:00,1117.43,0.002293599536138835,0.004483429547023912,55.96650837445207,4.536935505483345,1
2024-02-29 11:00:00+00:00,1120.13,0.002413344277204743,0.004493035903583872,56.851373185018396,4.508796795373676,1
2024-02-29 12:00:00+00:00,1123.52,0.0030218639981232087,0.004507249153497985,57.93437942484519,4.507220859466199,1
2024-02-29 13:00:00+00:00,1124.67,0.0010230452944828272,0.00449791325416918,58.296711142222705,4.479876442276872,1
2024-02-29 14:00:00+00:00,1124.48,-0.00016895271587280547,0.004463510148261076,58.21217886041291,4.443278913431336,1
2024-02-29 15:00:00+00:00,1121.74,-0.0024396553846202096,0.0042993060350554,56.996010003434606,4.413013335162711,1
2024-02-29 16:00:00+00:00,1124.82,0.002741971663097864,0.00420340274302259,58.00242775133699,4.40155306845946,1
2024-02-29 17:00:00+00:00,1126.59,0.0015723483191960597,0.004186948486303211,58.5709803713121,4.3907220070902735,1
2024-02-29 18:00:00+00:00,1127.32,0.0006477632430099689,0.0041544685988656165,58.80567727731136,4.369907566948471,1
2024-03-01 10:00:00+00:00,1124.51,-0.002495749198269337,0.004148001741109522,57.525643074008116,4.375709415609498,1
2024-03-01 11:00:00+00:00,1123.17,-0.0011923406879565945,0.004070933812846294,56.92272211482194,4.364795227297307,1
2024-03-01 12:00:00+00:00,1123.27,8.902975380209455e-05,0.004070322852720677,56.95707552035123,4.311699322751362,1
2024-03-01 13:00:00+00:00,1122.91,-0.00032054421558580515,0.004014705340459001,56.79070543754403,4.248865336296336,1
2024-03-01 14:00:00+00:00,1122.38,-0.0004720993812323826,0.0038742736522943562,56.54259184571831,4.208888029570409,1
2024-03-01 15:00:00+00:00,1125.27,0.0025715761730085163,0.0038329576447061536,57.57393210827573,4.203910268979002,1
2024-03-01 16:00:00+00:00,1125.61,0.0003021040682629206,0.003822549183295374,57.69446078402331,4.1734320635994235,1
2024-03-01 17:00:00+00:00,1122.52,-0.002748953081771255,0.0037693218479979084,56.21347289807418,4.159163422327436,1
2024-03-01 18:00:00+00:00,1122.32,-0.00017818641910238853,0.0037561163020735913,56.118331926652345,4.130580153880888,1
2024-03-04 10:00:00+00:00,1130.99,0.007695383933535638,0.003851601073078744,59.17479114617542,4.2567685508032715,1
2024-03-04 11:00:00+00:00,1133.98,0.002640213103813238,0.0038583313623965615,60.15151832139382,4.243233179787205,1
2024-03-04 12:00:00+00:00,1135.62,0.0014451888310169636,0.003760721940256781,60.678052370160025,4.210168516191459,1
2024-03-04 13:00:00+00:00,1134.64,-0.0008633372925306304,0.0036959959371287024,60.19307955304225,4.167565145867632,1
2024-03-04 14:00:00+00:00,1136.57,0.0016995350183854896,0.0036667970492073425,60.82233854633537,4.144613842950279,1
2024-03-04 15:00:00+00:00,1136.69,0.00010557525325882722,0.0024435884020725046,60.861591457722284,4.117321566091273,1
2024-03-04 16:00:00+00:00,1136.43,-0.00022876047118813858,0.0024486946895290796,60.727073043078185,4.069775134769447,1
2024-03-04 17:00:00+00:00,1137.65,0.0010729614763276274,0.0023918217099782803,61.13833660130919,4.078779632074058,1
2024-03-04 18:00:00+00:00,1137.53,-0.00010548615943495321,0.0023847156945987383,61.0741447807767,4.055804039432574,1
2024-03-05 10:00:00+00:00,1134.44,-0.0027201080166010527,0.002433198371763463,59.43447768208894,4.117887958643924,1
2024-03-05 11:00:00+00:00,1138.31,0.0034055692357908285,0.0024189104543735616,60.78012396033788,4.129930199471046,1
2024-03-05 12:00:00+00:00,1140.02,0.0015010997714073326,0.0023768744996017564,61.35807580756335,4.111131595481626,1
2024-03-05 13:00:00+00:00,1144.07,0.0035462737846749803,0.0024034971174385494,62.68693569807723,4.115308963571993,1
2024-03-05 14:00:00+00:00,1142.6,-0.0012857125886114318,0.0024112380656522406,61.89855282645159,4.091002784300555,1
2024-03-05 15:00:00+00:00,1146.81,0.0036778075971239943,0.00240413254049829,63.24927111950815,4.102182728614546,1
2024-03-05 16:00:00+00:00,1146.6,-0.00018313341320297383,0.0023665254507688476,63.13534927164174,4.082939074042256,1
2024-03-05 17:00:00+00:00,1146.82,0.00019185321543790934,0.0023677550910336837,63.20619334563579,4.060080292561413,1
2024-03-05 18:00:00+00:00,1147.64,0.0007147651603522931,0.0023511980850796886,63.47316828958378,4.018278686710185,1
2024-03-06 10:00:00+00:00,1148.55,0.0007926173771695133,0.0022875866961382546,63.77085220192699,4.006913112975982,1
2024-03-06 11:00:00+00:00,1151.77,0.0027996123175473286,0.0022999285661040618,64.80645862417029,4.024374850716461,1
2024-03-06 12:00:00+00:00,1154.04,0.0019689399676012798,0.0022991987134675968,65.51555260249296,4.012687353702129,1
2024-03-06 13:00:00+00:00,1154.61,0.0004937950850774087,0.002294596552922151,65.69266571861282,3.9716336066280866,1
2024-03-06 14:00:00+00:00,1152.03,-0.002237021014043883,0.0023408619963009598,64.17043250305409,4.035400934495522,1
2024-03-06 15:00:00+00:00,1151.62,-0.0003559568548423542,0.002105897917182667,63.93021285061086,4.0524929158056135,1
2024-03-06 16:00:00+00:00,1150.5,-0.000973016253161596,0.0021208225236176853,63.27000674122639,4.025643057489502,1
2024-03-06 17:00:00+00:00,1150.38,-0.0001043079170655048,0.0021044012514754252,63.19865273592791,4.008130196339714,1
2024-03-06 18:00:00+00:00,1151.68,0.0011294233323111413,0.002097499754157954,63.65180005452889,3.978367592412919,1
2024-03-07 10:00:00+00:00,1150.85,-0.000720946120963184,0.002106552116356378,63.14524689741832,4.036000240564664,1
2024-03-07 11:00:00+00:00,1148.64,-0.0019221659415302739,0.0021054599120643685,61.80879684613842,4.020480235753371,1
2024-03-07 12:00:00+00:00,1146.87,-0.001542141267766084,0.0021280597253651398,60.757877047362285,4.006670631038301,1
2024-03-07 13:00:00+00:00,1147.84,0.000845422783511296,0.0020679808318414938,61.12747910645355,3.9709372184175358,1
2024-03-07 14:00:00+00:00,1147.93,7.840506674927639e-05,0.0019838150196061304,61.16211147530153,3.9381184740491837,1
2024-03-07 15:00:00+00:00,1147.98,4.355571429925931e-05,0.0019697233898726347,61.18171694422795,3.9313561045681986,1
2024-03-07 16:00:00+00:00,1151.82,0.0033394239225668088,0.001991932321141537,62.65893127221303,3.9529289824768346,1
2024-03-07 17:00:00+00:00,1150.24,-0.0013726838119723084,0.001977900053848203,61.67354638346129,3.9166704028273,1
2024-03-07 18:00:00+00:00,1152.12,0.0016331072619717446,0.001983255213005121,62.39164151003028,3.894936994770752,1
2024-03-11 10:00:00+00:00,1158.25,0.0053065217992251945,0.0020946059741168504,64.59853382566337,3.9998382548753386,1
2024-03-11 11:00:00+00:00,1156.36,-0.0016331048600477516,0.002073785946519382,63.427552492768996,3.9788414897778286,1
2024-03-11 12:00:00+00:00,1157.36,0.000864408884624801,0.002051231244779164,63.78200967386883,3.972064659982274,1
2024-03-11 13:00:00+00:00,1157.8,0.00038010332356908094,0.002046269599982478,63.93892847526566,3.9260233667826303,1
2024-03-11 14:00:00+00:00,1159.4,0.0013809772607284998,0.0020496343771958486,64.50949209772766,3.903502899446977,1
2024-03-11 15:00:00+00:00,1157.17,-0.0019252607853985637,0.002033796611232713,63.08983439342945,3.8814328414580364,1
2024-03-11 16:00:00+00:00,1156.32,-0.0007348205855635115,0.002026710670198786,62.554400481156264,3.834804184628875,1
2024-03-11 17:00:00+00:00,1154.83,-0.0012894015589068886,0.0020428605623029755,61.618989793147364,3.8005081009362955,1
2024-03-11 18:00:00+00:00,1153.65,-0.0010223178045913883,0.002051385991230293,60.883270577715976,3.762297938917567,1
2024-03-12 10:00:00+00:00,1150.01,-0.003160191199509832,0.0021127618910091084,58.67797922428381,3.814251980139214,1
2024-03-12 11:00:00+00:00,1150.79,0.0006780250607461014,0.0020914859834598684,59.00268540421624,3.805166940536432,1
2024-03-12 12:00:00+00:00,1148.29,-0.0021747838138308495,0.0021241032637144912,57.52432651950369,3.7828636017257047,1
2024-03-12 13:00:00+00:00,1148.26,-2.6126145741933726e-05,0.0020761124439827865,57.506683147667886,3.745406329691192,1
2024-03-12 14:00:00+00:00,1149.23,0.0008443998081686388,0.002074799728055149,57.93238189362411,3.703298203097366,1
2024-03-12 15:00:00+00:00,1148.99,-0.00020885729031316913,0.001795694565182238,57.78622493585193,3.6772322390354204,1
2024-03-12 16:00:00+00:00,1142.99,-0.005235659740539411,0.001928183200542567,54.29202249224524,3.7302875942547105,1
2024-03-12 17:00:00+00:00,1143.02,2.624660434769055e-05,0.0019192774291428266,54.30611946011659,3.712081842369615,1
2024-03-12 18:00:00+00:00,1144.53,0.0013201899143755469,0.0019210571582482633,55.018637602613346,3.7044402055222214,1
2024-03-13 10:00:00+00:00,1147.12,0.0022603810379084877,0.0019317565568119427,56.21365257030256,3.7971514014117753,1
2024-03-13 11:00:00+00:00,1147.05,-6.1024248439345286e-05,0.0019320396375630175,56.172496238130925,3.7738083733835417,1
2024-03-13 12:00:00+00:00,1145.39,-0.0014482388111707323,0.001944977680973562,55.1946383953013,3.767732205915871,1
2024-03-13 13:00:00+00:00,1144.93,-0.0004016905988555308,0.0019419842069625885,54.92427988856284,3.7575775617975533,1
2024-03-13 14:00:00+00:00,1145.02,7.860433637940645e-05,0.001941707816793442,54.9683171117286,3.733426010561601,1
2024-03-13 15:00:00+00:00,1145.23,0.00018338609373547143,0.0018976089220144449,55.072822119326304,3.6893574903503685,1
2024-03-13 16:00:00+00:00,1145.22,-8.731908576642411e-06,0.0018400694641535994,55.06661254378492,3.6459703405433608,1
2024-03-13 17:00:00+00:00,1147.95,0.002380984654183571,0.0018576605053487634,56.434968804848225,3.6530509337324935,1
2024-03-13 18:00:00+00:00,1142.39,-0.004855183878432534,0.0019219931351979452,53.07593957570088,3.7071899150578465,1
2024-03-14 10:00:00+00:00,1131.67,-0.009428141217157737,0.002331860128590674,47.51222570529373,3.8474461167566902,1
2024-03-14 11:00:00+00:00,1133.82,0.001898044701552415,0.0022846858646851623,48.6145884665855,3.8494971944215575,1
2024-03-14 12:00:00+00:00,1137.98,0.0036622983093943517,0.002350011166949509,50.660513865306804,3.8587072505331252,1
2024-03-14 13:00:00+00:00,1137.05,-0.0008175716819582846,0.0023513418341872547,50.20452279243797,3.82953310552246,1
2024-03-14 14:00:00+00:00,1136.19,-0.0007566293405254498,0.002349235040954813,49.78171205758151,3.7909424434120127,1
2024-03-14 15:00:00+00:00,1131.57,-0.004074510875603288,0.002407360520682507,47.584915144316184,3.8263235945437715,1
2024-03-14 16:00:00+00:00,1132.25,0.0006007544950143995,0.0023694062584247453,47.93001785565588,3.8171971226528982,1
2024-03-14 17:00:00+00:00,1134.29,0.0018001010799384431,0.0023661638846428634,48.95876450912938,3.8314531801998397,1
2024-03-14 18:00:00+00:00,1133.12,-0.0010320145927229518,0.0023649609180955537,48.399150772044756,3.8160241165958415,1
2024-03-15 10:00:00+00:00,1132.55,-0.000503162430562476,0.002349775335181316,48.12568826632942,3.8681036342639215,1
2024-03-15 11:00:00+00:00,1132.11,-0.0003885793059765774,0.0023497840799891747,47.912452430095975,3.825141561578639,1
2024-03-15 12:00:00+00:00,1132.57,0.0004062384145457898,0.0023503176657741673,48.157498795877274,3.776838730347068,1
2024-03-15 13:00:00+00:00,1132.9,0.0002913302778972948,0.002351704121134338,48.33542391231725,3.7423019557401256,1
2024-03-15 14:00:00+00:00,1132.73,-0.00015006863461319853,0.002342707485958934,48.248379089452094,3.7332559166253225,1
2024-03-15 15:00:00+00:00,1130.09,-0.002333372692320701,0.0023592130702406603,46.90972241745157,3.724790798292815,1
2024-03-15 16:00:00+00:00,1123.37,-0.005964179457360608,0.0024798585822897005,43.756407076420594,3.7904949823269583,1
2024-03-15 17:00:00+00:00,1123.77,0.00035600808514324456,0.002477246362928089,43.98511050049029,3.749685082680419,1
2024-03-15 18:00:00+00:00,1119.66,-0.003664036406856752,0.0025125571068837656,42.18653282331031,3.7816913810268087,1
2024-03-18 10:00:00+00:00,1128.95,0.008262929415901787,0.002800881795992007,47.16916473331521,3.9362575534062723,1
2024-03-18 11:00:00+00:00,1128.28,-0.0005936479841901487,0.0028005810495429916,46.871878252899094,3.9129324023381464,1
2024-03-18 12:00:00+00:00,1130.17,0.0016737146637808564,0.002765532121591381,47.81853849511711,3.904673754291384,1
2024-03-18 13:00:00+00:00,1130.63,0.0004069356036344729,0.002763940438545272,48.04843810604858,3.855380279205553,1
2024-03-18 14:00:00+00:00,1131.84,0.0010696275445534198,0.002756854570271113,48.655616631316796,3.82567267362144,1
2024-03-18 15:00:00+00:00,1130.75,-0.0009634976591632594,0.002633927016922258,48.13845653532237,3.794559220149011,1
2024-03-18 16:00:00+00:00,1135.93,0.0045705693062618735,0.0027231326425641656,50.68052730700795,3.8388680357460303,1
2024-03-18 17:00:00+00:00,1134.31,-0.0014271621282038183,0.002721448258274806,49.89997553987128,3.87669067503111,1
2024-03-18 18:00:00+00:00,1129.5,-0.004249479627952191,0.0027725599794013213,47.675342444866,3.9059568615304863,1
2024-03-19 10:00:00+00:00,1129.04,-0.00040734280230658726,0.0027593700404058463,47.46882666693947,3.9090377242998757,1
2024-03-19 11:00:00+00:00,1129.56,0.000460462241377968,0.002755387262151108,47.73000150869117,3.8694569698138794,1
2024-03-19 12:00:00+00:00,1126.86,-0.0023931726262285125,0.002768430580334106,46.50496809506633,3.8696678304175993,1
2024-03-19 13:00:00+00:00,1125.11,-0.0015541950845383568,0.002770192665758271,45.728731963485416,3.8758744738092488,1
2024-03-19 14:00:00+00:00,1121.42,-0.0032850692565338235,0.002796896018045858,44.1433918623849,3.9075569843330644,1
2024-03-19 15:00:00+00:00,1120.8,-0.0005530233570318899,0.0027717481140593003,43.882557703128896,3.9258058446464066,1
2024-03-19 16:00:00+00:00,1118.72,-0.0018575414357355768,0.002772678505905402,43.012517740535436,3.9160897277534796,1
2024-03-19 17:00:00+00:00,1112.08,-0.005953038918224074,0.002867308969033969,40.40311684744978,4.019167933198409,3
2024-03-19 18:00:00+00:00,1111.56,-0.0004677016149008395,0.0028660567520791785,40.20819089558331,4.07018457453444,3
2024-03-20 10:00:00+00:00,1114.04,0.002228613431393356,0.002887388919862852,41.57983004330222,4.078380883043752,1
2024-03-20 11:00:00+00:00,1113.87,-0.00015260939654648809,0.0028875641146819168,41.51321754257852,4.067813265382876,1
2024-03-20 12:00:00+00:00,1114.32,0.00040391529099270684,0.0028128022151620745,41.7652131872464,4.02425700007522,1
2024-03-20 13:00:00+00:00,1115.35,0.000923903603014864,0.002819139720325167,42.34540006606176,3.990571860073714,1
2024-03-20 14:00:00+00:00,1111.07,-0.0038447420273444166,0.002845952024172082,40.629062596239955,4.02496042287224,3
2024-03-20 15:00:00+00:00,1111.03,-3.600198011266542e-05,0.0028173435559852144,40.613364190281516,4.045261214414795,3
2024-03-20 16:00:00+00:00,1117.38,0.005699146196135985,0.0029558387879053795,44.11144086702013,4.1029559901265005,1
2024-03-20 17:00:00+00:00,1117.05,-0.0002953773467053722,0.0029529782455120046,43.97408363257745,4.07609687032397,1
2024-03-20 18:00:00+00:00,1113.87,-0.002850843735981101,0.0029715504738273917,42.667653589211795,4.088374932917492,3
2024-03-21 10:00:00+00:00,1121.76,0.007058442369873852,0.0031596797906953216,46.678323882197716,4.211807434259146,1
2024-03-21 11:00:00+00:00,1121.44,-0.0002853067066421744,0.003158577098654817,46.543575398656024,4.197771285573963,1
2024-03-21 12:00:00+00:00,1126.38,0.004395376812310836,0.003230856397527331,48.86870067373082,4.279215859862483,1
2024-03-21 13:00:00+00:00,1128.47,0.001853782378894664,0.0032226724780941396,49.81112645673142,4.275431542665232,1
2024-03-21 14:00:00+00:00,1127.32,-0.0010195985438592459,0.0031580595204599503,49.30092595098821,4.2691229118119285,1
2024-03-21 15:00:00+00:00,1123.11,-0.0037415115433789836,0.0029143437329344343,47.48406942723636,4.325940453575688,1
2024-03-21 16:00:00+00:00,1123.29,0.00016025641059957962,0.002899723750910856,47.56836858995315,4.322421644504172,1
2024-03-21 17:00:00+00:00,1121.21,-0.0018534200003816892,0.0028548818654272326,46.684735736516544,4.2957732116140885,1
2024-03-21 18:00:00+00:00,1124.53,0.0029567113010928736,0.0028905099916140924,48.25043719328246,4.2774577473818045,1
2024-03-22 10:00:00+00:00,1123.24,-0.001147804394245,0.002892516788728741,47.6951000719503,4.2779085924341675,1
2024-03-22 11:00:00+00:00,1119.26,-0.003549613537496832,0.0028791980966923958,46.027321311684126,4.304350420585482,1
2024-03-22 12:00:00+00:00,1115.29,-0.003553291872692377,0.0029147815749828152,44.44544229343958,4.308463412173772,1
2024-03-22 13:00:00+00:00,1115.71,0.0003765127789883138,0.002900749672511787,44.650795579004,4.285494143930299,1
2024-03-22 14:00:00+00:00,1114.98,-0.0006545060282325821,0.002899376971953063,44.35997791827707,4.3221842610516905,1
2024-03-22 15:00:00+00:00,1112.94,-0.0018313050469727088,0.0029071369458482255,43.55112019429804,4.311340575830656,1
2024-03-22 16:00:00+00:00,1110.88,-0.0018526684616784195,0.0029149033902390303,42.74795090338685,4.2867137643140465,3
2024-03-22 17:00:00+00:00,1108.05,-0.0025507803621067637,0.0029286197437040514,41.67066413331764,4.291579489027765,3
2024-03-22 18:00:00+00:00,1113.05,0.004502281253481399,0.003009446366677959,44.20558410445819,4.30594789924721,1
2024-03-25 10:00:00+00:00,1103.52,-0.008598924213356618,0.003227114068157682,40.760399674814195,4.426028941262264,3
2024-03-25 11:00:00+00:00,1102.44,-0.0009791656116062697,0.003217273635245917,40.39633205464915,4.40050836243702,3
2024-03-25 12:00:00+00:00,1098.66,-0.0034346496896979772,0.0031486810999616153,39.14754016890481,4.429898195188278,3
2024-03-25 13:00:00+00:00,1103.06,0.003996880491178523,0.003209100013146857,41.30280328264958,4.445100231284513,3
2024-03-25 14:00:00+00:00,1105.05,0.0018024469240769392,0.0031877030962922446,42.24680438587828,4.429398226658825,3
2024-03-25 15:00:00+00:00,1107.43,0.002151432707204748,0.002963402272238548,43.35850451878245,4.413410262125651,1
2024-03-25 16:00:00+00:00,1110.1,0.0024080858344639466,0.0029893791664207118,44.579709767725355,4.404742056883138,1
2024-03-25 17:00:00+00:00,1112.52,0.002177611068289842,0.0029970938642049374,45.66320253852111,4.388247215745474,1
2024-03-25 18:00:00+00:00,1115.63,0.0027915553437871665,0.003027630771877779,47.02144187416518,4.363482271430566,1
2024-03-26 10:00:00+00:00,1114.59,-0.0009326434839485032,0.003022827179372312,46.62375942075075,4.334212626001957,1
2024-03-26 11:00:00+00:00,1117.21,0.0023478817130326846,0.003044352036328326,47.75952699102996,4.3249283734819155,1
2024-03-26 12:00:00+00:00,1117.92,0.0006353098243785382,0.0029673165662907424,48.065111732597536,4.268829806012277,1
2024-03-26 13:00:00+00:00,1115.85,-0.00185336949868109,0.0029711727310115913,47.24296816871044,4.267253209892032,1
2024-03-26 14:00:00+00:00,1118.47,0.002345233628898491,0.00293975567251906,48.38325263778147,4.255308145694192,1
2024-03-26 15:00:00+00:00,1117.99,-0.00042924980314484884,0.002939789405415831,48.188541628056484,4.227201982780306,1
2024-03-26 16:00:00+00:00,1115.93,-0.001844292171527151,0.002947334179012569,47.35399240855842,4.209257943124698,1
2024-03-26 17:00:00+00:00,1116.34,0.000367339080496798,0.002932046448329867,47.53851066769306,4.1594727842622055,1
2024-03-26 18:00:00+00:00,1116.21,-0.00011645875805399442,0.0029254130439189435,47.48466376920416,4.104083328576959,1
2024-03-27 10:00:00+00:00,1118.07,0.001664966279675717,0.00290111482383979,48.33898572302736,4.114801662005417,1
2024-03-27 11:00:00+00:00,1116.5,-0.0014051922815925266,0.0029065693407328364,47.67102558744378,4.090905628765309,1
2024-03-27 12:00:00+00:00,1116.52,1.791296092346073e-05,0.0028952001077930203,47.680423285774864,4.050287516190002,1
2024-03-27 13:00:00+00:00,1117.94,0.0012710007708003346,0.0027716820472459425,48.3524114115963,4.012681765866203,1
2024-03-27 14:00:00+00:00,1118.84,0.0008047282688226076,0.002772156806456994,48.777895073315385,3.9866281305488798,1
2024-03-27 15:00:00+00:00,1121.46,0.002338973525382926,0.0027739047595211515,50.00144858269658,3.969695567937904,1
2024-03-27 16:00:00+00:00,1126.98,0.004910080847242426,0.0028545041468579237,52.44367295671815,4.007901656579148,1
2024-03-27 17:00:00+00:00,1129.53,0.0022601283269185757,0.0028687935263639964,53.514021309828436,4.019343623447563,1
2024-03-27 18:00:00+00:00,1129.95,0.0003717669595104667,0.0028672918771734178,53.689200354822454,3.996556750978609,1
2024-03-28 10:00:00+00:00,1129.01,-0.0008322414334518413,0.002810362515577613,53.231081723220974,4.013025615959036,1
2024-03-28 11:00:00+00:00,1127.37,-0.0014536561118188018,0.0028211615038101732,52.43455829943755,3.9957651036398567,1
2024-03-28 12:00:00+00:00,1128.58,0.0010727189131243264,0.0027140333334781737,52.964435299915884,3.992249801567058,1
2024-03-28 13:00:00+00:00,1128.08,-0.00044313277869267864,0.0027146634996499924,52.71681215580425,3.9446048055357155,1
2024-03-28 14:00:00+00:00,1128.69,0.00054059564320319,0.0026791045236385404,52.99041904115605,3.9145127094250025,1
2024-03-28 15:00:00+00:00,1126.0,-0.0023861384725414325,0.0025184370974523813,51.64564188848627,3.9002224552364986,1
2024-03-28 16:00:00+00:00,1126.15,0.00013320604775124423,0.0025179090372774815,51.71536468967317,3.8642180061317712,1
2024-03-28 17:00:00+00:00,1126.16,8.879772322778479e-06,0.0024398257100271704,51.72010043378242,3.8463336460091364,1
2024-03-28 18:00:00+00:00,1128.26,0.0018630074319689882,0.002439969401073004,52.713916102479885,3.821006973088952,1
2024-03-29 10:00:00+00:00,1129.23,0.0008593615561487411,0.0024384730176509966,53.16828221505238,3.835786833627172,1
2024-03-29 11:00:00+00:00,1127.46,-0.0015686694787113709,0.0023886707124240753,52.23373949193858,3.797071096954626,1
2024-03-29 12:00:00+00:00,1127.49,2.6608128784744167e-05,0.0023886507813631283,52.24825585035607,3.770529675015534,1
2024-03-29 13:00:00+00:00,1131.47,0.003523749086517647,0.00242090228139634,54.135169283757676,3.781519081515222,1
2024-03-29 14:00:00+00:00,1131.96,0.0004329712053436907,0.002387959309185731,54.36172700690056,3.744488699884919,1
2024-03-29 15:00:00+00:00,1134.52,0.002259010526160843,0.002399282460061908,55.532728288264316,3.7447989258872205,1
2024-03-29 16:00:00+00:00,1134.32,-0.00017630154662118258,0.0023383524505139757,55.41936988844709,3.732102947369474,1
2024-03-29 17:00:00+00:00,1137.84,0.0030983758326703636,0.0023055378398616306,56.99589608217079,3.7408608884220858,1
2024-03-29 18:00:00+00:00,1136.91,-0.0008176723172352851,0.0023119662508393635,56.45763635151682,3.723643670653646,1
2024-04-01 10:00:00+00:00,1146.01,0.00797228829536678,0.0025437376718103533,60.20960280137634,3.8535707972405735,1
2024-04-01 11:00:00+00:00,1145.97,-3.490431854036302e-05,0.0025220255290480703,60.18634131764374,3.8210993812957623,1
2024-04-01 12:00:00+00:00,1146.11,0.00012215978515062176,0.0024984252768990526,60.24120019111906,3.80127739366985,1
2024-04-01 13:00:00+00:00,1146.64,0.0004623269082459913,0.002456258570659387,60.45170610789166,3.7666518457964515,1
2024-04-01 14:00:00+00:00,1145.29,-0.0011780465861752631,0.002406952086709068,59.63109824786885,3.7563188088805224,1
2024-04-01 15:00:00+00:00,1147.2,0.0016663108165708707,0.0020146433242222784,60.40702157129788,3.7561924327029117,1
2024-04-01 16:00:00+00:00,1147.87,0.000583860203857256,0.001998912221728696,60.6775592123792,3.745868584048854,1
2024-04-01 17:00:00+00:00,1147.94,6.098065608384218e-05,0.001906502957182372,60.70618325057189,3.7149512123678776,1
2024-04-01 18:00:00+00:00,1147.83,-9.582841494104599e-05,0.0018570615669003974,60.6354073662172,3.673052188120518,1
2024-04-02 10:00:00+00:00,1144.35,-0.003036413086007883,0.001928245890829246,58.436060204948184,3.7311911443581063,1
2024-04-02 11:00:00+00:00,1145.21,0.000751236080684059,0.0019168544757119444,58.81278400333486,3.7239673214709423,1
2024-04-02 12:00:00+00:00,1145.92,0.0006197815250361671,0.0019003927258144755,59.1248878549286,3.6786879750415244,1
2024-04-02 13:00:00+00:00,1145.77,-0.0001309077582174467,0.0018901691174100263,59.02845945186481,3.692314215540692,1
2024-04-02 14:00:00+00:00,1146.34,0.0004973583394773939,0.001863264811514749,59.28593537688967,3.6442679312298822,1
2024-04-02 15:00:00+00:00,1145.81,-0.0004624479283164007,0.0018568401865346339,58.93453748562391,3.591182572605285,1
2024-04-02 16:00:00+00:00,1144.32,-0.0013012363579720798,0.0018565469777646743,57.94921285549991,3.56875892115318,1
2024-04-02 17:00:00+00:00,1146.57,0.001964302715072641,0.001868299174845651,59.005317993220736,3.5595837427301187,1
2024-04-02 18:00:00+00:00,1147.95,0.0012028661039273914,0.0018392995352476756,59.63971013523688,3.5521920678755174,1
2024-04-03 10:00:00+00:00,1153.75,0.005039763893022631,0.0019297096683995663,62.15160019363804,3.599348226518004,1
2024-04-03 11:00:00+00:00,1154.41,0.0005718841137420938,0.0019237733956393264,62.42315440163817,3.5727612619876434,1
2024-04-03 12:00:00+00:00,1154.91,0.0004330279110842383,0.0018903974164218515,62.63041999986417,3.5349060367478917,1
2024-04-03 13:00:00+00:00,1156.94,0.0017561697529968612,0.0018958050053702188,63.46527810464851,3.553007916012935,1
2024-04-03 14:00:00+00:00,1154.56,-0.0020592696007364353,0.0019327331952985912,61.81320020020992,3.5727477576926754,1
2024-04-03 15:00:00+00:00,1153.85,-0.0006151420435607236,0.0019358099161450371,61.32723737008247,3.5458928025388223,1
2024-04-03 16:00:00+00:00,1155.16,0.0011346855496974229,0.0019145218526429864,61.89130704100146,3.5285749464880474,1
2024-04-03 17:00:00+00:00,1158.63,0.002999410146535375,0.0019397193211083768,63.336716882892475,3.5310034475582834,1
2024-04-03 18:00:00+00:00,1157.39,-0.001070802599704379,0.0019548601120696774,62.47269777101274,3.5043833786071183,1
2024-04-04 10:00:00+00:00,1158.2,0.0006996057445727288,0.0019547946778762804,62.81085698869111,3.5380957110349773,1
2024-04-04 11:00:00+00:00,1159.6,0.0012080422558105042,0.001941842907313105,63.39263762807906,3.516933796814278,1
2024-04-04 12:00:00+00:00,1162.37,0.002385906203810073,0.0018604359589298447,64.51344903647453,3.5275951208779914,1
2024-04-04 13:00:00+00:00,1162.78,0.0003526654230903148,0.0018455816800267135,64.67679268304691,3.4958432184604282,1
2024-04-04 14:00:00+00:00,1162.83,4.299947111263691e-05,0.001846924750778533,64.69701402473837,3.4713263540912194,1
2024-04-04 15:00:00+00:00,1162.13,-0.0006021609155864027,0.0018436341393665717,64.17220803844896,3.4358998270093957,1
2024-04-04 16:00:00+00:00,1162.23,8.604519098742713e-05,0.0018217311240416477,64.21452331992585,3.414181830469206,1
2024-04-04 17:00:00+00:00,1163.32,0.0009374127237160579,0.001821128716864076,64.67852172103022,3.406698193859826,1
2024-04-04 18:00:00+00:00,1163.76,0.00037815632057647264,0.0018151636743926351,64.86616599888555,3.3893642299826285,1
2024-04-05 10:00:00+00:00,1158.18,-0.004806334997367934,0.0019709258990372983,60.69367565662992,3.5149769453829776,1
2024-04-05 11:00:00+00:00,1158.34,0.00013813824206554415,0.0019269126311420605,60.76751411931912,3.5040774064753184,1
2024-04-05 12:00:00+00:00,1155.31,-0.002619239497983372,0.001978173505145001,58.63887323446644,3.512795858345813,1
2024-04-05 13:00:00+00:00,1155.21,-8.656060113132469e-05,0.001978714154274383,58.56977995335334,3.473739941178896,1
2024-04-05 14:00:00+00:00,1156.58,0.001185228900875579,0.001971560242029854,59.24115707604589,3.4438651423553184,1
2024-04-05 15:00:00+00:00,1157.23,0.0005618438999732689,0.001970889486388514,59.55843797972789,3.403587839508213,1
2024-04-05 16:00:00+00:00,1154.83,-0.002076071435874738,0.0019829743642871237,57.86143313256299,3.3945160827180496,1
2024-04-05 17:00:00+00:00,1157.03,0.0019032300088115406,0.0019919625638858854,58.95534358387339,3.3858257610636895,1
2024-04-05 18:00:00+00:00,1155.91,-0.0009684644543650478,0.0019545474484096085,58.17087265223575,3.3663092458424124,1
2024-04-08 10:00:00+00:00,1162.4,0.005598920725862655,0.0020869044349725524,61.22186551531989,3.445383060925563,1
2024-04-08 11:00:00+00:00,1163.63,0.0010575960883114632,0.0020734723285837655,61.761252404770715,3.4384753997070545,1
2024-04-08 12:00:00+00:00,1164.65,0.0008761833329788971,0.002071738741121913,62.20609283310346,3.4421058917129113,1
2024-04-08 13:00:00+00:00,1164.33,-0.00027479841133359884,0.0020410148411310154,61.97528907154041,3.4010637738786507,1
2024-04-08 14:00:00+00:00,1162.51,-0.001564353690978848,0.0020532511246794945,60.668903314541424,3.387842498401078,1
2024-04-08 15:00:00+00:00,1162.49,-1.7204301075324224e-05,0.0017429663603418294,60.65456662397816,3.361085648433056,1
2024-04-08 16:00:00+00:00,1162.01,-0.00041299204716960247,0.0017452037608482148,60.305566696909985,3.3268639354643965,1
2024-04-08 17:00:00+00:00,1163.36,0.0011611056749405435,0.0017494901926098383,60.95039622887796,3.291526656755108,1
2024-04-08 18:00:00+00:00,1162.3,-0.0009115692520840213,0.0017576393842389858,60.167288030398936,3.2558961236200052,1
2024-04-09 10:00:00+00:00,1166.28,0.0034183956537168214,0.0017999807091231184,62.03610648917023,3.2911782011476047,1
2024-04-09 11:00:00+00:00,1168.5,0.0019016786755337023,0.0018037619168963309,63.02351461067116,3.290554637124653,1
2024-04-09 12:00:00+00:00,1166.07,-0.002081754565145033,0.001836348049556752,61.244337777310434,3.3101435443821594,1
2024-04-09 13:00:00+00:00,1167.19,0.0009600302461123533,0.001838214456230498,61.75215697845654,3.277140673494513,1
2024-04-09 14:00:00+00:00,1162.85,-0.003725262243615468,0.001925085969563239,58.71033265668179,3.304997860024624,1
2024-04-09 15:00:00+00:00,1161.25,-0.0013768772882167823,0.0018808907186647814,57.64219630946976,3.339297902824131,1
2024-04-09 16:00:00+00:00,1163.47,0.0019099080102842336,0.001893742822279294,58.7058675456972,3.3329119447676527,1
2024-04-09 17:00:00+00:00,1162.06,-0.0012126269476464557,0.001905445898110411,57.765745095141675,3.3032537058722977,1
2024-04-09 18:00:00+00:00,1158.44,-0.0031200197686533926,0.001964565989884367,55.439859151682185,3.333188631754851,1
2024-04-10 10:00:00+00:00,1153.7,-0.00410010348878842,0.002056744044104028,52.60959674453536,3.4473248591197536,1
2024-04-10 11:00:00+00:00,1156.56,0.0024759130669433915,0.0020813604523926325,54.05375963364475,3.4493783619373577,1
2024-04-10 12:00:00+00:00,1158.58,0.0017450353003267693,0.0020814999769560127,55.04117524019711,3.4603907946986108,1
2024-04-10 13:00:00+00:00,1161.79,0.0027668018874269507,0.0020980347925761726,56.55514077452022,3.4651829788046395,1
2024-04-10 14:00:00+00:00,1161.06,-0.0006285382388302452,0.0020972911315572744,56.116625888366386,3.4288793192285487,1
2024-04-10 15:00:00+00:00,1157.53,-0.003044956398019494,0.002029227489716469,54.048753633512554,3.4669017328439766,1
2024-04-10 16:00:00+00:00,1158.16,0.000544114294696918,0.002029089837484991,54.35506598393099,3.441563698187098,1
2024-04-10 17:00:00+00:00,1157.48,-0.0005873106523868188,0.002030441974762494,53.95890416146052,3.4275324242233562,1
2024-04-10 18:00:00+00:00,1159.39,0.001648776524094231,0.0020286503293352257,54.90100594800891,3.3983817757388897,1
2024-04-11 10:00:00+00:00,1157.33,-0.001778376793843961,0.0020230930667858578,53.69188810703273,3.42221414022411,1
2024-04-11 11:00:00+00:00,1156.03,-0.0011239064709709368,0.0020277701020592932,52.94107620402406,3.405769857419626,1
2024-04-11 12:00:00+00:00,1155.43,-0.0005191524088461463,0.0020229948489769102,52.594701403361626,3.380254460271231,1
2024-04-11 13:00:00+00:00,1156.27,0.0007267379305009314,0.001979396585736067,53.03367866842461,3.3426493710658063,1
2024-04-11 14:00:00+00:00,1156.16,-9.513801505978137e-05,0.00197383652016303,52.96813704959587,3.3337963836444873,1
2024-04-11 15:00:00+00:00,1158.92,0.0023843679765693793,0.002000592515103811,54.41064810571708,3.3505204559715946,1
2024-04-11 16:00:00+00:00,1162.45,0.0030413098479895595,0.0020393754550098197,56.16527508158492,3.404710046852166,1
2024-04-11 17:00:00+00:00,1161.82,-0.0005421057066774537,0.002012770069019426,55.7743480921987,3.3782158459151255,1
2024-04-11 18:00:00+00:00,1162.36,0.0004646800245398097,0.002013243643570489,56.04195251881951,3.3532515289968203,1
2024-04-12 10:00:00+00:00,1164.08,0.0014786543503264582,0.002024182588181776,56.88978078645127,3.4007864984168843,1
2024-04-12 11:00:00+00:00,1163.99,-7.731726283566331e-05,0.002022242430534996,56.831255340086834,3.403770768448546,1
2024-04-12 12:00:00+00:00,1166.68,0.0023083501263307937,0.002047716013005441,58.14450310798695,3.4282953530795726,1
2024-04-12 13:00:00+00:00,1165.72,-0.0008231864639096642,0.0020477460452452126,57.507423013594924,3.4083294460179827,1
2024-04-12 14:00:00+00:00,1164.9,-0.0007036754458775718,0.0020498275815229103,56.9634241364706,3.3779628570976206,1
2024-04-12 15:00:00+00:00,1163.69,-0.0010392556086777915,0.0019348348369342882,56.16345477599695,3.35820359995567,1
2024-04-12 16:00:00+00:00,1166.82,0.0026861089477927536,0.001969244323271864,57.73034600842661,3.359239527956554,1
2024-04-12 17:00:00+00:00,1168.41,0.0013617504448832918,0.0019353515842897592,58.499272722076704,3.3494547373974255,1
2024-04-12 18:00:00+00:00,1165.53,-0.0024679310194466453,0.001972140068486492,56.59638045399833,3.340265642649479,1
2024-04-15 10:00:00+00:00,1163.36,-0.0018635492685366017,0.001987431113455962,55.21546950087235,3.368860329796494,1
2024-04-15 11:00:00+00:00,1166.93,0.0030639987237268684,0.0020299112265968126,56.97766232434473,3.3808831232005643,1
2024-04-15 12:00:00+00:00,1168.11,0.0010106894104140451,0.002007113228932433,57.54114606051076,3.346465460736555,1
2024-04-15 13:00:00+00:00,1168.71,0.000513518382404321,0.0019930238354963917,57.82773372170876,3.3125361515218215,1
2024-04-15 14:00:00+00:00,1168.38,-0.0002824024767491551,0.0019871620253756666,57.60950096039559,3.295285428491386,1
2024-04-15 15:00:00+00:00,1167.51,-0.0007448981246795938,0.0018329008200655206,57.030512000281924,3.2691797199215586,1
2024-04-15 16:00:00+00:00,1168.75,0.0010615257860342453,0.0018329433400144652,57.64954051287027,3.236396125523125,1
2024-04-15 17:00:00+00:00,1169.4,0.0005559951386731043,0.0018306907130957696,57.97338794009556,3.2150682030126636,1
2024-04-15 18:00:00+00:00,1166.92,-0.002122997647130198,0.0018565063983101812,56.29735494663899,3.208566838952408,1
2024-04-16 10:00:00+00:00,1162.72,-0.0036057112261138613,0.0019141589890046722,53.618553586797496,3.2493955021733596,1
2024-04-16 11:00:00+00:00,1160.99,-0.001488998471955938,0.0019257670503154813,52.5672253914836,3.232607592129894,1
2024-04-16 12:00:00+00:00,1161.66,0.0005769272327587061,0.0019267937188164003,52.931939150526496,3.2203554402872983,1
2024-04-16 13:00:00+00:00,1161.78,0.00010329511423279314,0.0019195107020111748,52.99798878634369,3.1867483314815512,1
2024-04-16 14:00:00+00:00,1156.9,-0.004209297708518633,0.0020052584019413866,50.08166728340676,3.2424133648519207,1
2024-04-16 15:00:00+00:00,1158.24,0.0011575975099882285,0.0019491665328834726,50.8396338002612,3.2323650975548825,1
2024-04-16 16:00:00+00:00,1158.41,0.000146763646045045,0.0019273606293450643,50.936076702220916,3.195717795603782,1
2024-04-16 17:00:00+00:00,1156.17,-0.001935556947112893,0.00192451530015244,49.627055473527705,3.2114034396917064,1
2024-04-16 18:00:00+00:00,1155.46,-0.000614285177408469,0.0019185102274555511,49.21795590041896,3.180775370897874,1
2024-04-17 10:00:00+00:00,1158.6,0.002713846596169134,0.0018931298687725295,51.03934592239577,3.1875598634799163,1
2024-04-17 11:00:00+00:00,1154.75,-0.0033285093518093944,0.001940093957700227,48.84735460567147,3.2108086662103204,1
2024-04-17 12:00:00+00:00,1152.27,-0.0021499605164079227,0.0019386911747741888,47.50628994010546,3.246792492886114,1
2024-04-17 13:00:00+00:00,1155.18,0.0025222661749921826,0.001970316095741629,49.17693710509544,3.2654566430283927,1
2024-04-17 14:00:00+00:00,1153.01,-0.001880261710963893,0.0019393335915226747,48.014183520217706,3.244947510167825,1
2024-04-17 15:00:00+00:00,1153.73,0.0006242576305801606,0.0018533480515959995,48.42703608714506,3.234648559964469,1
2024-04-17 16:00:00+00:00,1155.07,0.0011607762911118868,0.0018266400699001397,49.193298193425576,3.216755588765183,1
2024-04-17 17:00:00+00:00,1156.57,0.0012977801132780797,0.0018188699379669032,50.041165599086256,3.207420476989879,1
2024-04-17 18:00:00+00:00,1154.28,-0.0019819553407804946,0.0017934018381511828,48.77320323172459,3.217872067450082,1
2024-04-18 10:00:00+00:00,1151.73,-0.002211613166800852,0.0018162172427040595,47.408269177174255,3.2555146261010783,1
2024-04-18 11:00:00+00:00,1154.01,0.0019776737560412982,0.001792213623521577,48.717652714710084,3.270404333579057,1
2024-04-18 12:00:00+00:00,1154.49,0.0004158544569348166,0.0017914215904174199,48.99047572738184,3.231796246907474,1
2024-04-18 13:00:00+00:00,1152.27,-0.001924778204393185,0.001809299325761226,47.790586574336,3.233160321969324,1
2024-04-18 14:00:00+00:00,1153.32,0.0009108298288866834,0.0017977975732451528,48.400523623070036,3.2194971155299412,1
2024-04-18 15:00:00+00:00,1156.66,0.0028918019442309983,0.0018301110311369207,50.28568591396547,3.234107173219343,1
2024-04-18 16:00:00+00:00,1157.7,0.0008987366442587685,0.0018273746330501113,50.85615664126768,3.201625029754959,1
2024-04-18 17:00:00+00:00,1158.29,0.0005095013473832566,0.001826869282832601,51.18045016787881,3.165592529159862,1
2024-04-18 18:00:00+00:00,1160.6,0.0019923331974416314,0.0018451213867298959,52.43444465085914,3.1592806785766627,1
2024-04-19 10:00:00+00:00,1164.68,0.0035092584007632155,0.001907698057853871,54.53901202078838,3.21569506500513,1
2024-04-19 11:00:00+00:00,1164.67,-8.586086247319713e-06,0.0018802377330717518,54.53297749381419,3.199381163705025,1
2024-04-19 12:00:00+00:00,1165.83,0.0009954946112831209,0.001836657063799589,55.12075561497941,3.198593540430926,1
2024-04-19 13:00:00+00:00,1167.96,0.0018253575440958514,0.0018513268954908012,56.18211830955164,3.2062216696223063,1
2024-04-19 14:00:00+00:00,1168.54,0.0004964690878770384,0.0018514582447438652,56.468171964899604,3.196097236229861,1
2024-04-19 15:00:00+00:00,1172.6,0.003468399215834417,0.0019022496728901912,58.40763583929085,3.2557752915052607,1
2024-04-19 16:00:00+00:00,1173.27,0.0005712166643663252,0.001902907872249883,58.71735282294215,3.2566597856751547,1
2024-04-19 17:00:00+00:00,1174.66,0.00118402180847621,0.0018835330199520573,59.358031210610356,3.24292658996165,1
2024-04-19 18:00:00+00:00,1173.68,-0.00083463217156865,0.0018836527062012038,58.702617977335166,3.219268058162416,1
2024-04-22 10:00:00+00:00,1173.84,0.00013631406782277367,0.0018797518701690584,58.77844568249662,3.278682696999169,1
2024-04-22 11:00:00+00:00,1173.05,-0.0006732314082364965,0.0018757227917493345,58.23967326438225,3.2531090430591854,1
2024-04-22 12:00:00+00:00,1173.07,1.704942628766304e-05,0.001840011039184746,58.2495593677909,3.2308468621980033,1
2024-04-22 13:00:00+00:00,1173.45,0.00032388388193727025,0.0018313993816427645,58.440307857486054,3.1912299249540435,1
2024-04-22 14:00:00+00:00,1171.27,-0.001859497618610817,0.001816039930679164,56.91802045541492,3.1908053264549596,1
2024-04-22 15:00:00+00:00,1171.06,-0.0001793086376071784,0.0017943999357569052,56.77265537554994,3.1667892199258607,1
2024-04-22 16:00:00+00:00,1171.11,4.26954490988507e-05,0.001743806007860406,56.799460887387966,3.130853435527346,1
2024-04-22 17:00:00+00:00,1172.4,0.001100912844656854,0.0017448440616265985,57.49339084662473,3.1174363668167953,1
2024-04-22 18:00:00+00:00,1174.17,0.0015085851567908648,0.0017556089272681174,58.428325947603405,3.0966876394804626,1
2024-04-23 10:00:00+00:00,1174.5,0.0002810101054393499,0.0017549568176435065,58.60155615195652,3.119753886690853,1
2024-04-23 11:00:00+00:00,1175.65,0.0009786610146473862,0.0017548597831875564,59.206033270953384,3.1141588089570345,1
2024-04-23 12:00:00+00:00,1171.15,-0.003835014074695664,0.0018370279500224552,55.944357850530544,3.181675632777894,1
2024-04-23 13:00:00+00:00,1170.79,-0.0003074374260965129,0.0018361463551075084,55.693893300585444,3.206442120122333,1
2024-04-23 14:00:00+00:00,1172.36,0.0013400765934328263,0.0018187487869542767,56.559373484346835,3.2067132777198823,1
2024-04-23 15:00:00+00:00,1165.79,-0.005619842432247779,0.0019217315816549632,52.204818569183075,3.3053790121654867,1
2024-04-23 16:00:00+00:00,1166.06,0.00023157578849986038,0.00190892312162057,52.35863251717089,3.307071431922174,1
2024-04-23 17:00:00+00:00,1168.95,0.0024753653951723464,0.0019375294589996132,53.97634275696636,3.3365300032837304,1
2024-04-23 18:00:00+00:00,1163.5,-0.004673206215333181,0.0020529428269398763,50.66576563597678,3.3801994032180556,1
2024-04-24 10:00:00+00:00,1171.32,0.006698614232527156,0.0021695586391954117,54.73099778707288,3.4697954151536923,1
2024-04-24 11:00:00+00:00,1168.51,-0.002401885052264241,0.002197315462930866,53.1258452731898,3.511199506850618,1
2024-04-24 12:00:00+00:00,1169.38,0.0007442608849519416,0.002198774369266525,53.55617149187185,3.503375516713608,1
2024-04-24 13:00:00+00:00,1168.46,-0.0007870513358412268,0.002182067518804246,53.03083769148083,3.4913080063793376,1
2024-04-24 14:00:00+00:00,1171.61,0.0026922287817248147,0.0022064983021894613,54.587165514004845,3.5086818462517533,1
2024-04-24 15:00:00+00:00,1169.25,-0.0020163536474493426,0.0022013103568927265,53.23854482873821,3.509308209326717,1
2024-04-24 16:00:00+00:00,1173.42,0.003560044226617265,0.002192600010257988,55.23269649283999,3.5347220451401826,1
2024-04-24 17:00:00+00:00,1170.79,-0.0022438272197904396,0.0021947977432694448,53.75732484259894,3.5304276042373823,1
2024-04-24 18:00:00+00:00,1171.06,0.00023058693015887144,0.002171652452381347,53.88636251154244,3.515419052152634,1
2024-04-25 10:00:00+00:00,1172.58,0.0012971277270592552,0.0021537704483583723,54.61389141972307,3.548910671109582,1
2024-04-25 11:00:00+00:00,1174.24,0.0014146805267118978,0.0021588197290015932,55.398066405305784,3.5413324576873917,1
2024-04-25 12:00:00+00:00,1172.96,-0.0010906613214762828,0.002165086080599267,54.655053821614636,3.515305808533644,1
2024-04-25 13:00:00+00:00,1175.02,0.0017547002347182428,0.00217030961551192,55.632290472149464,3.5019996923629697,1
2024-04-25 14:00:00+00:00,1173.95,-0.000911037666727843,0.00215237363186228,55.00400695583387,3.4743596985157126,1
2024-04-25 15:00:00+00:00,1174.86,0.000774860500023955,0.0021213932426219734,55.44072225496949,3.4782725045453953,1
2024-04-25 16:00:00+00:00,1175.2,0.00028935431637666653,0.002109132182377985,55.60499673712023,3.449307054454487,1
2024-04-25 17:00:00+00:00,1177.06,0.001581458161646232,0.0021161480295211446,56.500211147352445,3.451920913365396,1
2024-04-25 18:00:00+00:00,1178.69,0.0013838482522556816,0.002093990518563849,57.27070169921652,3.4412824950980894,1
2024-04-26 10:00:00+00:00,1179.9,0.001026036832304733,0.0020945674383058294,57.83640600150704,3.4404568451961253,1
2024-04-26 11:00:00+00:00,1180.88,0.0008302341228674237,0.002065726648105719,58.29274746625951,3.4378477082922063,1
2024-04-26 12:00:00+00:00,1182.27,0.0011763960479038715,0.0020674275605559425,58.93599227667198,3.414290754126362,1
2024-04-26 13:00:00+00:00,1181.7,-0.00048223963167526307,0.002071305293603731,58.558084740190765,3.4492049390438364,1
2024-04-26 14:00:00+00:00,1183.11,0.0011924849498159418,0.0020618249551196495,59.21815475837662,3.438020840262957,1
2024-04-26 15:00:00+00:00,1184.79,0.0014189790801051316,0.0020178910575323573,59.99288676263384,3.4382604234576983,1
2024-04-26 16:00:00+00:00,1185.91,0.0009448686745061607,0.0020190114725769518,60.5033071615602,3.463495214988545,1
2024-04-26 17:00:00+00:00,1189.11,0.002694715780412693,0.002044047205432685,61.91974190312666,3.484825310688774,1
2024-04-26 18:00:00+00:00,1186.79,-0.0019529447681909673,0.002059884247236658,60.31942870017794,3.4777288044750008,1
2024-04-27 10:00:00+00:00,1185.78,-0.0008513974812212055,0.0020663355140026585,59.634756624972624,3.4933742283855054,1
2024-04-27 11:00:00+00:00,1187.82,0.0017189084110968977,0.002025883119490678,60.557482585689456,3.488906743817795,1
2024-04-27 12:00:00+00:00,1185.99,-0.0015418254725751979,0.002041195949243316,59.316304506244364,3.4815286089414372,1
2024-04-27 13:00:00+00:00,1186.16,0.00014332989085108494,0.0020364205121853832,59.39519333112272,3.4436980367626115,1
2024-04-27 14:00:00+00:00,1185.64,-0.0004384855454349079,0.002033101376083884,59.03787593342232,3.4256240760273586,1
2024-04-27 15:00:00+00:00,1182.4,-0.002736441970398573,0.002075174282237707,56.862933754507395,3.437111594506811,1
2024-04-27 16:00:00+00:00,1180.7,-0.0014387882808728492,0.002084141839424025,55.76306351207028,3.4541693626166743,1
2024-04-27 17:00:00+00:00,1183.06,0.0019968192914392446,0.0021006925823675304,56.94282635522386,3.45108597536434,1
2024-04-27 18:00:00+00:00,1182.25,-0.0006848996805182139,0.002104022253943162,56.41589013060358,3.413464255857052,1
2024-04-29 10:00:00+00:00,1179.29,-0.0025068400705592353,0.002118577527406867,54.53411417300293,3.4831949707399126,1
2024-04-29 11:00:00+00:00,1174.95,-0.0036869689720688825,0.002186242339095408,51.94198320320823,3.515731071325112,1
2024-04-29 12:00:00+00:00,1177.34,0.002032063072507917,0.0022038349557397686,53.19221030032419,3.519216449898611,1
2024-04-29 13:00:00+00:00,1178.13,0.0006707791053353063,0.00220070980058987,53.599356309822696,3.485632120900637,1
2024-04-29 14:00:00+00:00,1175.71,-0.002056215250528126,0.002211778773683878,52.180614279084054,3.4723194784826275,1
2024-04-29 15:00:00+00:00,1176.03,0.0002721389286017839,0.002211758273158351,52.35079410098496,3.441673088912976,1
2024-04-29 16:00:00+00:00,1178.93,0.002462888088040849,0.0022346462594233715,53.86896009923274,3.440439627134714,1
2024-04-29 17:00:00+00:00,1178.56,-0.00031389316861485383,0.0021638937839528667,53.646433414532574,3.4146308345920215,1
2024-04-29 18:00:00+00:00,1177.42,-0.0009677502262084303,0.0021686037551646004,52.95864098833002,3.4007382179001815,1
2024-04-30 10:00:00+00:00,1174.51,-0.0024745647063824094,0.0021915307146780187,51.24725029802734,3.4483234535421774,1
2024-04-30 11:00:00+00:00,1171.07,-0.0029331785454740356,0.0020801156645153473,49.32453615404319,3.4659569844713327,1
2024-04-30 12:00:00+00:00,1173.11,0.0017404811191772396,0.002093110885521868,50.449498171534785,3.457037844781906,1
2024-04-30 13:00:00+00:00,1172.39,-0.0006139416095631844,0.0020676222592561624,50.04935549805955,3.4342970878862666,1
2024-04-30 14:00:00+00:00,1171.39,-0.0008533224625866254,0.001956811825702189,49.49301160172736,3.392611146128539,1
2024-04-30 15:00:00+00:00,1170.67,-0.0006148433624089122,0.0017145265504290156,49.09208695611028,3.3581589232059694,1
2024-04-30 16:00:00+00:00,1174.37,0.003155599111591023,0.0017363749440584566,51.16642963504595,3.3863957447418493,1
2024-04-30 17:00:00+00:00,1175.99,0.0013785124462124543,0.001743479484630423,52.03953332643289,3.3732678298470127,1
2024-04-30 18:00:00+00:00,1174.68,-0.0011145759597175342,0.0017475396405303536,51.282960669130084,3.3508024732500723,1
2024-05-02 10:00:00+00:00,1186.31,0.009851879141123732,0.0021988243612449227,56.95249716339027,3.5327864237850717,1
2024-05-02 11:00:00+00:00,1188.87,0.002155626934634114,0.002190232291470336,58.049082185693344,3.5217306953093708,1
2024-05-02 12:00:00+00:00,1189.34,0.00039525526014827506,0.0021402237659105335,58.24833294450838,3.5174960814031824,1
2024-05-02 13:00:00+00:00,1188.01,-0.0011188930016654552,0.0021190717976000894,57.46028256629011,3.4937461597751174,1
2024-05-02 14:00:00+00:00,1187.74,-0.0002272966441436708,0.0021203317016738354,57.299696134692056,3.482671236579616,1
2024-05-02 15:00:00+00:00,1183.0,-0.0039987567730497275,0.002199429885907973,54.5677888977663,3.507817811848024,1
2024-05-02 16:00:00+00:00,1177.43,-0.004719487837930636,0.0022978587022359285,51.616877714737484,3.6258614556110653,1
2024-05-02 17:00:00+00:00,1176.81,-0.0005267092686667141,0.0022935041210647034,51.30176746616539,3.6687442264988435,1
2024-05-02 18:00:00+00:00,1177.96,0.0009767409058438759,0.002284431847301753,51.858023568888015,3.6425693419688643,1
2024-05-03 10:00:00+00:00,1177.91,-4.244716389933956e-05,0.0022802735004523013,51.83175698412292,3.6599179551294867,1
2024-05-03 11:00:00+00:00,1177.53,-0.0003226573407060229,0.00227860573434278,51.62895672121848,3.6677195960268962,1
2024-05-03 12:00:00+00:00,1179.99,0.0020869395745020114,0.002296643078422376,52.847668994935816,3.6623652041063597,1
2024-05-03 13:00:00+00:00,1181.75,0.0014904268258160158,0.0022954654045622327,53.69930637010188,3.6381179000242287,1
2024-05-03 14:00:00+00:00,1181.39,-0.0003046793696395156,0.002288294364502531,53.49763239203121,3.584955542023745,1
2024-05-03 15:00:00+00:00,1184.68,0.0027809846034738683,0.002316917259663483,55.07115772175837,3.5948564311832683,1
2024-05-03 16:00:00+00:00,1186.94,0.0019058708259258594,0.0023289795285592494,56.11210770681128,3.579559302559606,1
2024-05-03 17:00:00+00:00,1185.61,-0.0011211566789466332,0.0023300217235484376,55.342130908382615,3.543568116508413,1
2024-05-03 18:00:00+00:00,1184.68,-0.0007847141469792263,0.0023318407553806642,54.80553089685486,3.507696754178245,1
2024-05-06 10:00:00+00:00,1183.38,-0.001097945263713207,0.0023314437794536417,54.05789820338701,3.5243428190946826,1
2024-05-06 11:00:00+00:00,1182.03,-0.0011414512888485717,0.002327859392722388,53.28760784738367,3.514655962712788,1
2024-05-06 12:00:00+00:00,1180.96,-0.0009056323328762161,0.002326483777028937,52.68049546750455,3.5311628434585303,1
2024-05-06 13:00:00+00:00,1185.9,0.004174312949007053,0.0023715188188650764,55.09092305119639,3.5613395865893636,1
2024-05-06 14:00:00+00:00,1190.01,0.0034597304608618984,0.0024063522438731617,56.95253960582732,3.5733127948575736,1
2024-05-06 15:00:00+00:00,1186.36,-0.003071914617939875,0.002443608300684449,54.89058577903974,3.608646538960425,1
2024-05-06 16:00:00+00:00,1185.86,-0.00042154606858080257,0.002431775814663018,54.61419570158194,3.588073608181215,1
2024-05-06 17:00:00+00:00,1189.03,0.002669598914183169,0.002451306003625381,56.046008002103655,3.5811121360175906,1
2024-05-06 18:00:00+00:00,1186.2,-0.002382928254647254,0.002475286031086365,54.48031447429746,3.579089893297239,1
2024-05-07 10:00:00+00:00,1183.47,-0.0023041193143269467,0.0024960156282056133,53.022270806325686,3.742908095431294,1
2024-05-07 11:00:00+00:00,1183.63,0.00013518651535182613,0.0024654770013506667,53.09733963894763,3.74064993352267,1
2024-05-07 12:00:00+00:00,1182.51,-0.0009466896157013238,0.0024605087657583267,52.49812365703186,3.710236934852217,1
2024-05-07 13:00:00+00:00,1182.67,0.00013529625672781265,0.002444180254586316,52.576139609295836,3.666032196155173,1
2024-05-07 14:00:00+00:00,1182.85,0.00015218641173841974,0.0024423054404387485,52.665383389869795,3.6217115522320706,1
2024-05-07 15:00:00+00:00,1181.72,-0.0009557763872685143,0.0024194264951895085,52.03807350761722,3.6066773211874272,1
2024-05-07 16:00:00+00:00,1181.64,-6.770022343705051e-05,0.0023589969441533284,51.9933341221084,3.5939437747636793,1
2024-05-07 17:00:00+00:00,1183.11,0.0012432605470751312,0.0023485191969766723,52.75493343203445,3.5522648992684056,1
2024-05-07 18:00:00+00:00,1185.0,0.0015962099744450953,0.0023567593535712404,53.71821552382319,3.5190196012830395,1
2024-05-08 10:00:00+00:00,1180.07,-0.004169015835104872,0.002414734500883933,50.95301912246004,3.5702392092573776,1
2024-05-08 11:00:00+00:00,1179.75,-0.0002712071276294026,0.002415047346639967,50.77988880133695,3.5442344250722293,1
2024-05-08 12:00:00+00:00,1178.07,-0.0014250454100022125,0.0023987411683684076,49.872080959741105,3.519149736570784,1
2024-05-08 13:00:00+00:00,1174.84,-0.002745538103006595,0.002429387317562599,48.18220051670329,3.520766741839371,1
2024-05-08 14:00:00+00:00,1176.64,0.0015309510194194687,0.0024360916714134136,49.16176462628055,3.492551407002586,1
2024-05-08 15:00:00+00:00,1176.3,-0.0002890001465116754,0.00241050015693023,48.98328766403178,3.464900378862532,1
2024-05-08 16:00:00+00:00,1177.41,0.0009431918819977625,0.0023753172036932372,49.592914776534926,3.449202371285283,1
2024-05-08 17:00:00+00:00,1175.17,-0.0019042928843351348,0.0023801174308792383,48.4019106264072,3.464218323859578,1
2024-05-08 18:00:00+00:00,1176.3,0.0009611010023373723,0.0023817744667964966,49.03199057978601,3.444133957382387,1
2024-05-10 10:00:00+00:00,1179.75,0.0029286326401010143,0.002411827207846256,50.89991318469322,3.49505127823474,1
2024-05-10 11:00:00+00:00,1177.6,-0.001824082631885382,0.002425597306512534,49.74069197830133,3.472950252670047,1
2024-05-10 12:00:00+00:00,1177.46,-0.00011889293705014126,0.0023857893443608477,49.66553524484555,3.4518912476166475,1
2024-05-10 13:00:00+00:00,1177.97,0.00043304195664450873,0.0023788021234700217,49.94666393339114,3.4078534226643145,1
2024-05-10 14:00:00+00:00,1177.8,-0.00014432648373574608,0.0023731951747339593,49.85195856302896,3.3678963542110294,1
2024-05-10 15:00:00+00:00,1175.88,-0.0016314880747430038,0.0019174493204063446,48.78588171707591,3.3549384271268092,1
2024-05-10 16:00:00+00:00,1177.86,0.0016824292122699092,0.0019068415798798005,49.91299923118209,3.3432396585842725,1
2024-05-10 17:00:00+00:00,1178.31,0.00038197583830701376,0.0019067598809046483,50.167339321789285,3.321174865412587,1
2024-05-10 18:00:00+00:00,1178.02,-0.0002461454902027427,0.0019020377259295561,50.00037546470761,3.275751368104334,1
2024-05-13 10:00:00+00:00,1187.68,0.008166761373135323,0.00223761955159729,55.08170873842698,3.4248363407422477,1
2024-05-13 11:00:00+00:00,1189.78,0.0017665916954632266,0.0021750804689243735,56.072012295451806,3.4053396139274037,1
2024-05-13 12:00:00+00:00,1193.07,0.002761400919581547,0.0020914802506191896,57.56753796223511,3.409232821648854,1
2024-05-13 13:00:00+00:00,1192.06,-0.0008469140553089005,0.002094438679588844,56.9600712482818,3.4006481652158773,1
2024-05-13 14:00:00+00:00,1189.63,-0.0020405685401492235,0.0021166434070487216,55.52171479941609,3.455035201911562,1
2024-05-13 15:00:00+00:00,1189.16,-0.0003951588884394397,0.0021180455525915774,55.24637733103051,3.4511344978733307,1
2024-05-13 16:00:00+00:00,1190.01,0.0007145349312276394,0.002118000150507997,55.652230755891246,3.4153118079158657,1
2024-05-13 17:00:00+00:00,1192.67,0.0022327808225002244,0.002120735206171594,56.9003369245835,3.44040557175755,1
2024-05-13 18:00:00+00:00,1193.46,0.0006621600909131331,0.002113783021007741,57.26482607496303,3.410597460322395,1
2024-05-14 10:00:00+00:00,1194.28,0.0006868419779673118,0.0021136294737837988,57.644214568607616,3.462985511115951,1
2024-05-14 11:00:00+00:00,1190.67,-0.003027319446559318,0.002129392582721147,55.433472684005544,3.4687258008936324,1
2024-05-14 12:00:00+00:00,1192.99,0.0019465869566790417,0.002130104604973986,56.52682070446253,3.4615512848757577,1
2024-05-14 13:00:00+00:00,1191.9,-0.0009140883444489489,0.0021278787579157438,55.86971008845485,3.423120259178242,1
2024-05-14 14:00:00+00:00,1195.34,0.002881991237593695,0.002159509936027269,57.462158038814295,3.425457853994681,1
2024-05-14 15:00:00+00:00,1196.17,0.0006941221515486262,0.002152742130701416,57.83674800473797,3.3993486969147897,1
2024-05-14 16:00:00+00:00,1195.92,-0.0002090222365467298,0.0021447757142087427,57.68063231948672,3.3623617229764933,1
2024-05-14 17:00:00+00:00,1193.88,-0.0017072562519899748,0.0021564302514091318,56.41273548851522,3.362514488516961,1
2024-05-14 18:00:00+00:00,1194.63,0.0006280066021489006,0.0020806240708341533,56.76922922414087,3.328664198746623,1
2024-05-15 10:00:00+00:00,1197.37,0.0022909709016873947,0.0020489679571650114,58.04833001106223,3.3432909147716896,1
2024-05-15 11:00:00+00:00,1196.06,-0.0010946634167803282,0.0020046425785366995,57.22234513207513,3.325225096476252,1
2024-05-15 12:00:00+00:00,1197.7,0.0013702294771364976,0.0020099903598426797,57.986044471514205,3.312720594546728,1
2024-05-15 13:00:00+00:00,1197.04,-0.0005512080782974493,0.0019805818780313012,57.56402681515464,3.2818661826557927,1
2024-05-15 14:00:00+00:00,1198.88,0.0015359447408371807,0.0019563277783859914,58.42480110044315,3.267628859002676,1
2024-05-15 15:00:00+00:00,1199.56,0.0005670352547655355,0.0019227969043365738,58.7404069703963,3.2588762818226207,1
2024-05-15 16:00:00+00:00,1199.28,-0.00023344616670684104,0.0019240310240796123,58.553645313990764,3.268298756186169,1
2024-05-15 17:00:00+00:00,1202.51,0.002689662249594882,0.001945984240367106,60.0488427549584,3.2797327810624437,1
2024-05-15 18:00:00+00:00,1200.49,-0.0016812321895969262,0.001966644160215748,58.697533261531994,3.288538125441195,1
2024-05-16 10:00:00+00:00,1204.49,0.0033264340563219363,0.002012503757548936,60.493907459648895,3.34436736293237,1
2024-05-16 11:00:00+00:00,1203.42,-0.0008887375943684717,0.0020116296489056744,59.78415868555977,3.3270800156737232,1
2024-05-16 12:00:00+00:00,1206.4,0.0024732150276811637,0.002032489637253671,61.08179278713775,3.3249384153602493,1
2024-05-16 13:00:00+00:00,1207.69,0.001068725791319558,0.0020311871310914834,61.62869419453459,3.289239647053048,1
2024-05-16 14:00:00+00:00,1207.88,0.00015731276708397246,0.0020242373430425127,61.70956361777965,3.268254854111987,1
2024-05-16 15:00:00+00:00,1208.73,0.0007034647999075716,0.0019149860299074704,62.07444271699972,3.2396897570297507,1
2024-05-16 16:00:00+00:00,1208.91,0.00014890554452495763,0.0019125431523934681,62.152376326610025,3.205895961889155,1
2024-05-16 17:00:00+00:00,1207.89,-0.0008440914105936059,0.0019024196924656022,61.42254546824028,3.2003780426513733,1
2024-05-16 18:00:00+00:00,1207.94,4.139364111388488e-05,0.0018453613742120964,61.44519122271303,3.174170481798348,1
2024-05-17 10:00:00+00:00,1210.75,0.002323572896290038,0.0018572762786559609,62.70082416700967,3.182887072162379,1
2024-05-17 11:00:00+00:00,1209.52,-0.0010164156113923184,0.001866978225458378,61.801827295718496,3.176829330719134,1
2024-05-17 12:00:00+00:00,1209.57,4.1337858456280685e-05,0.001867527348629686,61.82453159602623,3.142692744104752,1
2024-05-17 13:00:00+00:00,1210.42,0.0007024822705510303,0.0018340132767511075,62.21413056583278,3.1276388892226588,1
2024-05-17 14:00:00+00:00,1210.09,-0.00027266981094431486,0.0018372304117694682,61.96361247518442,3.0934861114382066,1
2024-05-17 15:00:00+00:00,1211.78,0.001395616011022227,0.0018095882225231394,62.74749720027169,3.0840163892094448,1
2024-05-17 16:00:00+00:00,1211.13,-0.0005365449113616805,0.0017843063189713919,62.24405295813702,3.0515360614252565,1
2024-05-17 17:00:00+00:00,1213.17,0.0016829604269279486,0.001788474917205504,63.18988257351889,3.054905340196752,1
2024-05-17 18:00:00+00:00,1211.87,-0.0010721473662531622,0.0018039015535476317,62.1770337022702,3.0412072333928193,1
2024-05-20 10:00:00+00:00,1215.19,0.002735821999269028,0.001826552140787652,63.69355824598626,3.1475830887249656,1
2024-05-20 11:00:00+00:00,1212.63,-0.002108888590407254,0.0018397883345633935,61.745617240072555,3.2204314269504657,1
2024-05-20 12:00:00+00:00,1209.49,-0.0025927714225923992,0.0018879062633010803,59.469280137704324,3.2336227984114583,1
2024-05-20 13:00:00+00:00,1209.71,0.00018187830738014554,0.0018884384331478538,59.57582648050338,3.3009503424432274,1
2024-05-20 14:00:00+00:00,1211.04,0.001098833116863318,0.0018867938753604088,60.220904170104326,3.338331335594364,1
2024-05-20 15:00:00+00:00,1207.74,-0.002728650019861334,0.0015963146541549595,57.8823198970649,3.3591647088824743,1
2024-05-20 16:00:00+00:00,1208.02,0.0002318111081009988,0.0015829243491497975,58.023453514731344,3.3611814147048253,1
2024-05-20 17:00:00+00:00,1208.55,0.00043863824221812564,0.0015429203156117235,58.29339067740821,3.3451577864107276,1
2024-05-20 18:00:00+00:00,1204.1,-0.003688893993142095,0.0016341020322714719,55.24941137865614,3.3678546306825132,1
2024-05-21 10:00:00+00:00,1196.74,-0.006131206624535146,0.001838264741043417,50.77473368175359,3.5254975380688633,1
2024-05-21 11:00:00+00:00,1196.96,0.00018381585045723625,0.001836781668472144,50.896036096531425,3.5261875873074846,1
2024-05-21 12:00:00+00:00,1197.98,0.0008517959211271631,0.0018377742844863597,51.46190459571983,3.541263835561334,1
2024-05-21 13:00:00+00:00,1196.05,-0.0016123443884259459,0.0018285636672068686,50.34179952364232,3.5952385588501077,1
2024-05-21 14:00:00+00:00,1196.33,0.00023407652737361673,0.0018266716605971497,50.501292445583694,3.5789337876731047,1
2024-05-21 15:00:00+00:00,1192.71,-0.0030305082966384234,0.001875147554668434,48.44845376816457,3.612755111919642,1
2024-05-21 16:00:00+00:00,1191.41,-0.001090549241514971,0.001831383230830868,47.73737200310314,3.622300009681252,1
2024-05-21 17:00:00+00:00,1200.62,0.007700610370475758,0.0021143305286827787,52.75069042375458,3.758254009487628,1
2024-05-21 18:00:00+00:00,1199.26,-0.0011333901241608046,0.0021167614090995502,51.99909686631731,3.743688929297875,1
2024-05-22 10:00:00+00:00,1202.48,0.002681390932639083,0.002111609500072413,53.59643597868269,3.778215150711918,1
2024-05-22 11:00:00+00:00,1204.15,0.0013878330013721296,0.002117734811050514,54.39950304630962,3.756050847697681,1
2024-05-22 12:00:00+00:00,1203.05,-0.0009139249556042728,0.0021223992313082456,53.7740092101183,3.75812983074373,1
2024-05-22 13:00:00+00:00,1202.79,-0.00021614072507869508,0.0021066334933542226,53.625295029108656,3.716967234128852,1
2024-05-22 14:00:00+00:00,1202.79,0.0,0.002105589388267021,53.62529502910865,3.7072278894462753,1
2024-05-22 15:00:00+00:00,1204.18,0.0011549792099767586,0.002087918454423812,54.3283925468132,3.702283331657351,1
2024-05-22 16:00:00+00:00,1202.17,-0.0016705803124779095,0.0020962908751617007,53.13959519721299,3.6906376650242017,1
2024-05-22 17:00:00+00:00,1205.73,0.0029569355819552,0.0021276581184090145,54.922265062473144,3.6998249117237196,1
2024-05-22 18:00:00+00:00,1203.6,-0.001768126869223785,0.0021425600450068537,53.67561252287921,3.710228413489246,1
2024-05-23 10:00:00+00:00,1193.69,-0.008267716004220382,0.0024376073406683556,48.45410901904138,3.8594238452194576,1
2024-05-23 11:00:00+00:00,1193.65,-3.3510099108902125e-05,0.0024357989575596556,48.434703044057535,3.871635368315069,1
2024-05-23 12:00:00+00:00,1193.47,-0.0001508093437623259,0.002435733753439509,48.34579317248248,3.867602660948769,1
2024-05-23 13:00:00+00:00,1194.65,0.0009882251277417708,0.00240773008676033,48.97238116886705,3.8468506077297917,1
2024-05-23 14:00:00+00:00,1196.62,0.001647660402778861,0.002410016780585463,50.00551507593136,3.8473135955751934,1
2024-05-23 15:00:00+00:00,1198.33,0.0014280050026815871,0.002370127115070212,50.8862758960899,3.8271673236636925,1
2024-05-23 16:00:00+00:00,1203.82,0.004570913189149373,0.002457328052559884,53.56618704135892,3.8730239771904214,1
2024-05-23 17:00:00+00:00,1205.17,0.0011208017810968585,0.002436982905100643,54.19335143627879,3.851763497646617,1
2024-05-23 18:00:00+00:00,1204.89,-0.00023235936139354152,0.0024320574532831034,54.03887879801702,3.8161282276936834,1
2024-05-24 10:00:00+00:00,1203.32,-0.0013038731858339148,0.0024383301401187966,53.17171376375853,3.879005663139811,1
2024-05-24 11:00:00+00:00,1201.7,-0.0013471823477653189,0.002442200928222787,52.28824983884463,3.8700255498770115,1
2024-05-24 12:00:00+00:00,1201.95,0.00020801697493499915,0.002442346410749021,52.412757941880194,3.860225038879473,1
2024-05-24 13:00:00+00:00,1199.67,-0.001898718935531285,0.0024532966987610774,51.17008408443429,3.900220538101882,1
2024-05-24 14:00:00+00:00,1187.84,-0.009909987238930995,0.002815489144701507,45.46314254970066,4.0722161273398445,1
2024-05-24 15:00:00+00:00,1190.5,0.0022368552091904803,0.0028138438824287628,46.82388127481147,4.109571804793049,1
2024-05-24 16:00:00+00:00,1199.02,0.007131169528617143,0.0030032562430296703,50.83335261117251,4.200180368697186,1
2024-05-24 17:00:00+00:00,1199.59,0.0004752752725369902,0.003004519070052373,51.08513221557468,4.189376761323239,1
2024-05-24 18:00:00+00:00,1195.58,-0.0033484084608792486,0.003035091669306257,49.273754388936304,4.195589226096774,1
2024-05-27 10:00:00+00:00,1188.8,-0.005687028303697161,0.0031311055283988164,46.43320446019702,4.36607744157484,1
2024-05-27 11:00:00+00:00,1193.69,0.004104954788174631,0.003185000037476265,48.61337254629998,4.426155892743341,1
2024-05-27 12:00:00+00:00,1192.19,-0.0012573978554080156,0.003187719160881994,48.00185537077275,4.431832774888475,1
2024-05-27 13:00:00+00:00,1190.81,-0.0011582040740796273,0.0031766767209978775,47.44161535200585,4.488996119390705,1
2024-05-27 14:00:00+00:00,1187.39,-0.0028761267829029435,0.0031949820806932774,46.08153676963425,4.517216197002888,1
2024-05-27 15:00:00+00:00,1186.42,-0.0008172516368105676,0.0031629810368013402,45.702341823557845,4.491871873062831,1
2024-05-27 16:00:00+00:00,1183.1,-0.0028022571428509835,0.00317177956636198,44.42558263383056,4.553634435601572,3
2024-05-27 17:00:00+00:00,1176.48,-0.005611182811705362,0.0032405379333343017,42.036188989381614,4.625161746889543,3
2024-05-27 18:00:00+00:00,1173.92,-0.002178353482228168,0.0032467926701820198,41.16258794658913,4.677058511951753,3
2024-05-28 10:00:00+00:00,1191.66,0.014998717073071433,0.003920456850143719,48.70109699501167,5.060117341712716,2
2024-05-28 11:00:00+00:00,1186.9,-0.004002426976295936,0.0039404977447196265,47.05056479666222,5.113714994878461,3
2024-05-28 12:00:00+00:00,1190.97,0.0034232350587179994,0.00397577278776228,48.57129518709219,5.138440694980895,1
2024-05-28 13:00:00+00:00,1189.77,-0.001008090006993534,0.003975668577670479,48.155197955177975,5.120071881081278,3
2024-05-28 14:00:00+00:00,1189.72,-4.20258122595385e-05,0.00394581543010245,48.13766468834239,5.054870443459651,3
2024-05-28 15:00:00+00:00,1184.6,-0.004312820459059452,0.0038985082963511565,46.37340490140832,5.093573034590459,3
2024-05-28 16:00:00+00:00,1181.23,-0.0028488963951778246,0.003915905792524314,45.25931720057387,5.12610157389865,3
2024-05-28 17:00:00+00:00,1180.45,-0.0006605467534646081,0.003912946478855677,45.003964886121224,5.1067795424206786,3
2024-05-28 18:00:00+00:00,1174.75,-0.004840362711297175,0.0039614572467948665,43.18703018956087,5.1378439515722665,3
2024-05-29 10:00:00+00:00,1166.81,-0.006781829576993026,0.004062961654792637,40.843191172935306,5.258087072540823,3
2024-05-29 11:00:00+00:00,1167.19,0.0003256212539479719,0.004047992968248107,40.99956593591041,5.237325331090006,3
2024-05-29 12:00:00+00:00,1164.64,-0.002187124289932285,0.004054595690418966,40.27064401782078,5.239178824468209,3
2024-05-29 13:00:00+00:00,1160.3,-0.0037334340164481006,0.0039049372014679984,39.06447756721989,5.240795247978843,3
2024-05-29 14:00:00+00:00,1160.36,5.170942750165608e-05,0.003905745376901135,39.090213575718096,5.180179343019267,3
2024-05-29 15:00:00+00:00,1157.17,-0.002752932660767371,0.0038864440017741236,38.21459834217001,5.141375756158882,3
2024-05-29 16:00:00+00:00,1160.49,0.002864960581689502,0.003908717535465543,39.65022736193695,5.128948241035705,3
2024-05-29 17:00:00+00:00,1162.25,0.0015154518687703344,0.003921572191728163,40.39935500393758,5.131369276214992,3
2024-05-29 18:00:00+00:00,1167.72,0.0046953480512037515,0.003994519476303422,42.65676756543453,5.20014189069069,3
2024-05-30 10:00:00+00:00,1169.59,0.0016001304054649168,0.004005751671995987,43.40454055196898,5.203139052876875,3
2024-05-30 11:00:00+00:00,1164.89,-0.004026598086324995,0.004027450195605898,41.99989739805002,5.248676271819338,3
2024-05-30 12:00:00+00:00,1163.08,-0.00155500316990409,0.004026893484785439,41.47249074555131,5.214702746382951,3
2024-05-30 13:00:00+00:00,1162.03,-0.0009031831366064225,0.003992973040521082,41.16648763810516,5.181008691455296,3
2024-05-30 14:00:00+00:00,1159.49,-0.0021882223832028203,0.0039956252211688715,40.43012933153683,5.171988517626191,3
2024-05-30 15:00:00+00:00,1158.1,-0.0011995220609923862,0.003846351878026102,40.03028671135362,5.171948747273664,3
2024-05-30 16:00:00+00:00,1157.11,-0.0008552140499906713,0.003845614003597698,39.744621967922505,5.181909772328188,3
2024-05-30 17:00:00+00:00,1155.88,-0.0010635585246312473,0.003845498960667473,39.38827038335478,5.165671576881623,3
2024-05-30 18:00:00+00:00,1150.88,-0.004335091496663779,0.0038730898560237633,37.97590434578684,5.229358145343989,3
2024-05-31 10:00:00+00:00,1128.19,-0.019912288529106092,0.004710687040484354,32.5682043997315,5.580570982437113,3
2024-05-31 11:00:00+00:00,1139.12,0.009641455882799299,0.004940985827770808,36.979307634714694,5.6975595627883715,2
2024-05-31 12:00:00+00:00,1133.25,-0.0051664236517803275,0.004908175851809566,35.69952333356203,5.729008371532603,3
2024-05-31 13:00:00+00:00,1129.55,-0.0032702875177275104,0.004904936294384228,34.92217296462779,5.7038282041019475,3
2024-05-31 14:00:00+00:00,1136.3,0.005958046620731849,0.005009349149112818,37.457340751001205,5.7325516400199055,3
2024-05-31 15:00:00+00:00,1137.4,0.0009675859487359162,0.005018422396022763,37.85988032846561,5.696900607219508,3
2024-05-31 16:00:00+00:00,1132.38,-0.00442334339459638,0.005039989161257737,36.758160983879215,5.707762595075113,3
2024-05-31 17:00:00+00:00,1130.71,-0.0014758584971232835,0.00503609276311328,36.39860775863676,5.69980734317361,3
2024-05-31 18:00:00+00:00,1125.68,-0.004458456500978869,0.005056083415044334,35.33628676938713,5.758011196310137,3
2024-06-03 10:00:00+00:00,1121.26,-0.00393424452915081,0.004916460655674803,34.435128835068056,5.929050972383933,3
2024-06-03 11:00:00+00:00,1115.3,-0.005329625950358796,0.0049264086437798725,33.26777719192283,6.086469952936253,3
2024-06-03 12:00:00+00:00,1117.52,0.0019885174188045696,0.004798713636414622,34.11667639449247,6.108740553877528,3
2024-06-03 13:00:00+00:00,1105.38,-0.010922777181822774,0.004974925475925774,31.855450635374837,6.382765742799976,3
2024-06-03 14:00:00+00:00,1093.23,-0.01105255018907414,0.005145434208833663,29.83592996530018,6.614910427943977,3
2024-06-03 15:00:00+00:00,1104.98,0.010690618192144008,0.005406930961995042,33.966986869824055,6.791812219385098,2
2024-06-03 16:00:00+00:00,1109.97,0.004505752673573227,0.005415643191388011,35.609853913683736,6.873775974997398,3
2024-06-03 17:00:00+00:00,1113.73,0.00338175435837762,0.005458655057857876,36.81848172761226,6.948700455497447,3
2024-06-03 18:00:00+00:00,1111.55,-0.001959304624493008,0.005459221690960619,36.41410570570995,6.927926446387496,3
2024-06-04 10:00:00+00:00,1123.26,0.010479734000231389,0.0057055903056266,40.024602632780464,7.095167917459745,2
2024-06-04 11:00:00+00:00,1119.82,-0.003067213560730586,0.005712099568212191,39.35475067183026,7.134664559110548,3
2024-06-04 12:00:00+00:00,1125.71,0.0052459895952639,0.005777766911055459,41.07766055546598,7.207771267928337,3
2024-06-04 13:00:00+00:00,1126.94,0.0010920472530031589,0.005746139720758853,41.43221936834725,7.184015842569774,3
2024-06-04 14:00:00+00:00,1129.06,0.0018794331773346329,0.005755792975958382,42.04555714122137,7.176535525718382,3
2024-06-04 15:00:00+00:00,1132.37,0.0029273533682010466,0.005316912715984072,42.996616527511776,7.125204815204013,3
2024-06-04 16:00:00+00:00,1131.72,-0.0005741821375107037,0.005299753630868128,42.85569131662979,7.0801007188999305,3
2024-06-04 17:00:00+00:00,1134.21,0.002197773984429219,0.0052819100033662525,43.57855849186758,7.015098704521935,3
2024-06-04 18:00:00+00:00,1131.34,-0.0025336024676079205,0.005286499375607882,42.939705320831315,6.949196730431497,3
2024-06-05 10:00:00+00:00,1137.37,0.005315808719094761,0.00536024836758559,44.678434705838875,7.0362127958228715,3
2024-06-05 11:00:00+00:00,1144.75,0.006467692957495608,0.005436444996733403,46.70651469979875,7.079488539906415,2
2024-06-05 12:00:00+00:00,1148.77,0.0035055322096448904,0.0054590393234077534,47.7707748951302,7.042298769108287,3
2024-06-05 13:00:00+00:00,1146.17,-0.0022658554144232568,0.005464377034199089,47.149375452170894,6.96305279372612,3
2024-06-05 14:00:00+00:00,1144.59,-0.0013794550721577536,0.0054312499334103325,46.77210468959424,6.979191737851597,3
2024-06-05 15:00:00+00:00,1139.58,-0.004386720808069455,0.0053852641999014485,45.59173542504862,7.0248079030945645,3
2024-06-05 16:00:00+00:00,1139.9,0.0002807657905332661,0.0053851323034994625,45.681080019620104,6.977911745032674,3
2024-06-05 17:00:00+00:00,1144.29,0.003843818075696781,0.005413426570890751,46.90167806797336,6.9325535101320215,3
2024-06-05 18:00:00+00:00,1140.37,-0.003431586185038249,0.0054097463850505765,45.96064872433324,6.875102439929379,3
2024-06-06 10:00:00+00:00,1140.21,-0.00014031518321022673,0.00540952606327164,45.9222739345442,6.932600391130792,3
2024-06-06 11:00:00+00:00,1141.25,0.0009116969589975099,0.005401128866898013,46.22010301895481,6.886348383308174,3
2024-06-06 12:00:00+00:00,1134.49,-0.00594094218383745,0.005440013828452718,44.5912365555975,6.95302141564201,3
2024-06-06 13:00:00+00:00,1129.92,-0.004036376985319556,0.005455648783770446,43.53291950095743,6.925360987329169,3
2024-06-06 14:00:00+00:00,1128.4,-0.0013461336121807221,0.005403436990766557,43.18506218601742,6.872053767582586,3
2024-06-06 15:00:00+00:00,1132.24,0.0033972712977421438,0.005424882454594908,44.331768831531335,6.839612692230935,3
2024-06-06 16:00:00+00:00,1132.98,0.0006533581959589085,0.005405758552561825,44.55183404582769,6.764620438386319,3
2024-06-06 17:00:00+00:00,1129.44,-0.0031293949743798066,0.005416274388895643,43.70839385556516,6.7377280296185935,3
2024-06-06 18:00:00+00:00,1131.97,0.0022375429980039385,0.005430725396044967,44.474993312587856,6.669373469026221,3
2024-06-07 10:00:00+00:00,1135.56,0.003166443662975915,0.005450003472389437,45.54868863740481,6.675385999645697,3
2024-06-07 11:00:00+00:00,1138.84,0.0028842791715417704,0.005468607286376625,46.51294922026791,6.668078279652782,3
2024-06-07 12:00:00+00:00,1143.55,0.0041272584316844885,0.005504221637198339,47.8657388985597,6.672716714059728,3
2024-06-07 13:00:00+00:00,1155.44,0.01034376488154276,0.005702067147694674,51.054550228677115,6.9054623797785375,2
2024-06-07 14:00:00+00:00,1148.7,-0.0058503556415523406,0.005729496832754624,49.30996472349581,6.914753132182965,3
2024-06-07 15:00:00+00:00,1146.34,-0.0020566097600305255,0.004971834223523657,48.715195773260994,6.964858069539307,3
2024-06-07 16:00:00+00:00,1142.78,-0.0031103680628961072,0.004808247125372539,47.82722093042814,6.921360908148521,3
2024-06-07 17:00:00+00:00,1138.44,-0.0038049861356466153,0.0047818043827772974,46.76677796502859,6.92793368998555,3
2024-06-07 18:00:00+00:00,1143.22,0.004189938021415429,0.004791150829139682,48.061026327618016,6.933975016185834,3
2024-06-10 10:00:00+00:00,1151.11,0.006877852011622387,0.004815256795612199,50.104275062088014,6.956495515862116,2
2024-06-10 11:00:00+00:00,1147.96,-0.0027402401589249337,0.0048326409101518775,49.31395109926328,6.924365605544872,3
2024-06-10 12:00:00+00:00,1143.56,-0.0038402504952381733,0.004821985578854204,48.22962405217255,6.952278293433973,3
2024-06-10 13:00:00+00:00,1144.5,0.0008216568209613584,0.004816667925590342,48.47659402647271,6.881432727565295,3
2024-06-10 14:00:00+00:00,1140.19,-0.003772945224759461,0.004803973046457415,47.418238467991706,6.91260407301399,3
2024-06-10 15:00:00+00:00,1138.87,-0.0011583724409192087,0.0047704811710522575,47.096900231481236,6.880151991553714,3
2024-06-10 16:00:00+00:00,1140.91,0.0017896468470484095,0.004704456326640041,47.656286345711074,6.809748951722638,3
2024-06-10 17:00:00+00:00,1136.59,-0.003793637919654813,0.0047369223062991095,46.59173419569912,6.794153972688186,3
2024-06-10 18:00:00+00:00,1130.91,-0.005009933301338698,0.004518836750638315,45.23601544814368,6.8156708932344205,3
2024-06-11 10:00:00+00:00,1124.98,-0.005257360650281484,0.004285930273545029,43.875926510046334,6.966757475369734,3
2024-06-11 11:00:00+00:00,1125.41,0.00038215598650293003,0.004029551161487131,44.00050834860772,6.943222325862344,3
2024-06-11 12:00:00+00:00,1120.84,-0.004069009509533039,0.004032255136552311,42.96619038243049,6.918557879345098,3
2024-06-11 13:00:00+00:00,1119.54,-0.0011605175424733716,0.00401009832387609,42.675004026297884,6.941786721758194,3
2024-06-11 14:00:00+00:00,1121.01,0.0013121780017604223,0.0040024266732442675,43.11979222329856,6.936150987323027,3
2024-06-11 15:00:00+00:00,1119.39,-0.0014461705787720547,0.0037209179490659897,42.74681306258295,6.866027967576568,3
2024-06-11 16:00:00+00:00,1121.46,0.00184751374594061,0.0037049806230810994,43.38532087192156,6.799107408225036,3
2024-06-11 17:00:00+00:00,1122.54,0.0009625669192407926,0.003630671794937799,43.71947897030411,6.766125260060533,3
2024-06-11 18:00:00+00:00,1119.51,-0.0027028851672898924,0.003645808420629024,42.99301572340667,6.7422027548593215,3
2024-06-13 10:00:00+00:00,1100.57,-0.017062862163285786,0.004348879185617538,38.87300750352018,7.538358699762134,3
2024-06-13 11:00:00+00:00,1107.45,0.006231847778477295,0.004426614864532388,40.969806348800255,7.534191525766895,3
2024-06-13 12:00:00+00:00,1105.55,-0.0017171264951194587,0.004430244859908452,40.577569082919005,7.563307695251557,3
2024-06-13 13:00:00+00:00,1103.85,-0.0015388796374473657,0.004415853251852228,40.22595958385804,7.500041541346527,3
2024-06-13 14:00:00+00:00,1108.43,0.0041405306229673755,0.004455140559575591,41.61672382684917,7.456040710519595,3
2024-06-13 15:00:00+00:00,1120.01,0.010393014157024538,0.004642223620567037,44.922921419235664,7.546719896309202,2
2024-06-13 16:00:00+00:00,1121.6,0.0014186234596165193,0.004545746975489795,45.356473774652656,7.519985498383014,3
2024-06-13 17:00:00+00:00,1133.89,0.010897961538727685,0.0047893417292253476,48.55079096832651,7.706585788415357,2
2024-06-13 18:00:00+00:00,1132.72,-0.0010323788423383107,0.004781973922227528,48.27664346676165,7.61065407264705,3
2024-06-14 10:00:00+00:00,1131.68,-0.0009185656890355887,0.004780168832332877,48.03064759058618,7.60764099119411,3
2024-06-14 11:00:00+00:00,1131.43,-0.00022093490905561453,0.004742339143233452,47.97068956618397,7.528488171370229,3
2024-06-14 12:00:00+00:00,1135.48,0.00357314962569788,0.004771121156191129,49.022639702723076,7.461518407942826,3
2024-06-14 13:00:00+00:00,1137.33,0.001627941102486652,0.0047441671090636675,49.49856786900604,7.370088039783967,3
2024-06-14 14:00:00+00:00,1139.3,0.0017306285972615854,0.004726812479798517,50.005736820962,7.29508627898829,3
2024-06-14 15:00:00+00:00,1140.49,0.0010439558977592966,0.004729157557312664,50.31330664189414,7.235384553408522,3
2024-06-14 16:00:00+00:00,1148.5,0.006998748527323961,0.004830245040268465,52.3277215898431,7.257676862340349,2
2024-06-14 17:00:00+00:00,1136.28,-0.010696974345743904,0.0049961513344842,49.22120487570521,7.400523325093544,3
2024-06-14 18:00:00+00:00,1137.45,0.0010291460316445011,0.004963230202215949,49.5140251853875,7.3053128585916705,3
2024-06-17 10:00:00+00:00,1137.22,-0.00020222713693307526,0.004958908250608692,49.45681664578471,7.277806601419838,3
2024-06-17 11:00:00+00:00,1130.14,-0.006245168840628423,0.005017422637325379,47.724784491918435,7.296650469391442,3
2024-06-17 12:00:00+00:00,1133.14,0.002651021311528723,0.005030968448040232,48.504543896755365,7.282117460003616,3
2024-06-17 13:00:00+00:00,1135.03,0.0016665421352319854,0.005015727657525657,48.99365047737987,7.196675110803543,3
2024-06-17 14:00:00+00:00,1132.61,-0.002134378401074777,0.005015788875634065,48.393105450002885,7.127941608587472,3
2024-06-17 15:00:00+00:00,1130.46,-0.0019000743652144436,0.005001905429551636,47.861258215373795,7.0637827764157235,3
2024-06-17 16:00:00+00:00,1128.87,-0.0014074971451609741,0.004986624337487555,47.46758745315448,6.988907120887408,3
2024-06-17 17:00:00+00:00,1129.96,0.0009651014769627153,0.004950859878696882,47.768117587431476,6.941928978469657,3
2024-06-17 18:00:00+00:00,1126.25,-0.0032887039272182506,0.004726446893368276,46.837490617738354,6.882890398900264,3
2024-06-18 10:00:00+00:00,1121.35,-0.004360213350249609,0.004696701562066357,45.63917454971322,6.963032590922261,3
2024-06-18 11:00:00+00:00,1118.22,-0.002795181251668666,0.004702912355985103,44.890565586525,6.899771939103818,3
2024-06-18 12:00:00+00:00,1115.89,-0.0020858425455942964,0.0046935148767966815,44.33813191607606,6.834776500321743,3
2024-06-18 13:00:00+00:00,1117.17,0.0011464090890411782,0.004674042620004159,44.71948312844214,6.756080970315305,3
2024-06-18 14:00:00+00:00,1114.48,-0.0024107734661065194,0.004635471656294509,44.07197371183671,6.705359350908996,3
2024-06-18 15:00:00+00:00,1108.06,-0.005777189932337556,0.004568910003840724,42.57084391585622,6.751852163890816,3
2024-06-18 16:00:00+00:00,1108.16,9.024374842514504e-05,0.004561432042267137,42.60191754835138,6.654215120612998,3
2024-06-18 17:00:00+00:00,1130.52,0.01997672163451991,0.005394856007405555,48.909274167946016,7.056330818200737,2
2024-06-18 18:00:00+00:00,1127.16,-0.0029765090541529204,0.005406482673525794,48.09882483121842,7.043004201836725,3
2024-06-19 10:00:00+00:00,1118.11,-0.00806143493724587,0.005495893916670052,46.00369659447872,7.285544117799992,3
2024-06-19 11:00:00+00:00,1115.48,-0.0023549543250602767,0.005501905088304674,45.41705052559995,7.326033235443991,3
2024-06-19 12:00:00+00:00,1112.62,-0.002567211140211967,0.005500776602922858,44.783349779022615,7.33071257073511,3
2024-06-19 13:00:00+00:00,1107.69,-0.004440828624853843,0.005509434412330335,43.710579659813654,7.376898319320405,3
2024-06-19 14:00:00+00:00,1111.37,0.003316722732626509,0.005496626881098154,44.71922626099438,7.463360352933998,3
2024-06-19 15:00:00+00:00,1113.52,0.0019326804194665925,0.005459510652351268,45.30352660805424,7.409493145875318,3
2024-06-19 16:00:00+00:00,1107.49,-0.005429975385991881,0.00550841491052934,43.97336470377823,7.412303282957811,3
2024-06-19 17:00:00+00:00,1154.59,0.04164910904803154,0.008071657251831782,54.59821742756958,8.471057217298654,2
2024-06-19 18:00:00+00:00,1154.23,-0.0003118476129948533,0.008068785706043786,54.51758300343515,8.410236072952678,0
2024-06-20 10:00:00+00:00,1172.53,0.015730352378863444,0.00834721655198858,57.75390074004473,8.610831351493625,2
2024-06-20 11:00:00+00:00,1175.64,0.0026488727974980364,0.008343829064295889,58.268834487932416,8.540614724463754,0
2024-06-20 12:00:00+00:00,1173.01,-0.00223958537822444,0.008355174930253537,57.662340789486926,8.58440242997448,0
2024-06-20 13:00:00+00:00,1162.08,-0.00936159190846908,0.00848020379650774,55.22474323962474,8.679914381374989,0
2024-06-20 14:00:00+00:00,1149.33,-0.011032338978608003,0.008628774936396254,52.57900980098877,8.904716093747487,0
2024-06-20 15:00:00+00:00,1172.44,0.019907883423927686,0.008674737350102301,56.43889961871997,9.359621771872535,2
2024-06-20 16:00:00+00:00,1174.5,0.0017554777957897727,0.008645482658668817,56.759040262004774,9.307629336435085,0
2024-06-20 17:00:00+00:00,1147.36,-0.023378873964702507,0.009310566710969923,51.65546210717756,9.901276749706383,0
2024-06-20 18:00:00+00:00,1151.93,0.0039751453864829145,0.009315648599969452,52.39100669772796,9.826051214712258,0
2024-06-21 10:00:00+00:00,1150.11,-0.0015812065639169148,0.009309577442923662,52.06906997003578,9.860330190418013,0
2024-06-21 11:00:00+00:00,1149.36,-0.0006523242543670094,0.009206278723228488,51.93487486607547,9.794323586609652,0
2024-06-21 12:00:00+00:00,1142.22,-0.0062315285567118295,0.009254439030223662,50.66638317613944,9.75183711487746,0
2024-06-21 13:00:00+00:00,1148.46,0.005448177340321436,0.009159451204300452,51.71803925785159,9.68800037257991,0
2024-06-21 14:00:00+00:00,1151.32,0.0024871957094712016,0.009162876389875575,52.19464872300739,9.575640365128312,0
2024-06-21 15:00:00+00:00,1151.8,0.00041682587702762675,0.009161121491528947,52.2753294553933,9.474327557825745,0
2024-06-21 16:00:00+00:00,1151.02,-0.000677430307040261,0.009161932022539848,52.129446778527,9.377241006669228,0
2024-06-21 17:00:00+00:00,1115.68,-0.031184421292831388,0.010174512049598872,46.172348354780524,9.932696186535845,0
2024-06-21 18:00:00+00:00,1115.39,-0.0002599649510175439,0.010170517362302149,46.128209238718995,9.799042262805127,0
2024-06-24 10:00:00+00:00,1119.25,0.003454698599392181,0.010180769700036162,46.81870938010272,9.806861417549026,0
2024-06-24 11:00:00+00:00,1114.68,-0.004091449933645741,0.010192264947080445,46.104786671724334,9.714124189198042,0
2024-06-24 12:00:00+00:00,1111.43,-0.002919893724087963,0.010140568076285415,45.60019561434799,9.62644170541408,0
2024-06-24 13:00:00+00:00,1113.37,0.0017439774287142384,0.01004131538383609,45.9604403369955,9.5487128713058,0
2024-06-24 14:00:00+00:00,1113.71,0.00030533254543385624,0.010039723765446209,46.02436216466124,9.428938613879682,0
2024-06-24 15:00:00+00:00,1111.45,-0.0020313153005711015,0.010042239232323086,45.65804427072802,9.31855984160209,0
2024-06-24 16:00:00+00:00,1113.58,0.0019145815118433163,0.010012538043959733,46.07084368260881,9.202788644770047,0
2024-06-24 17:00:00+00:00,1110.57,-0.002706653631813438,0.010009032111199486,45.57166103469872,9.081332871874649,0
2024-06-24 18:00:00+00:00,1109.55,-0.0009188693149617677,0.01000480301686713,45.40155815211589,8.950506214437155,0
2024-06-25 10:00:00+00:00,1105.89,-0.0033040870704530434,0.01001017832434989,44.78942327707499,8.961096090148413,0
2024-06-25 11:00:00+00:00,1102.38,-0.003178961771834743,0.010015519934834,44.20616731901145,8.869074168345447,0
2024-06-25 12:00:00+00:00,1111.89,0.008589791194528296,0.010096558738610227,46.145072123972305,8.91089268497854,2
2024-06-25 13:00:00+00:00,1117.12,0.004692674862443624,0.010119849240372496,47.17522817353814,8.846674831278966,0
2024-06-25 14:00:00+00:00,1107.19,-0.008928670885960166,0.010185871850704154,45.48941514551169,8.899141334653388,0
2024-06-25 15:00:00+00:00,1114.87,0.006912532137890004,0.010219802377431586,46.98456131188768,8.90195850796032,0
2024-06-25 16:00:00+00:00,1117.46,0.0023204464950508097,0.010218038889649426,47.480282701013095,8.793319337801114,0
2024-06-25 17:00:00+00:00,1117.69,0.0002058027432720877,0.01021369281360742,47.52474499363339,8.792252951045093,0
2024-06-25 18:00:00+00:00,1123.04,0.004775238575187579,0.010234642903511242,48.55841912965507,8.736007892024192,0
2024-06-26 10:00:00+00:00,1134.06,0.009764819958808957,0.010318074629184826,50.60357470288738,8.79028773418371,2
2024-06-26 11:00:00+00:00,1134.17,9.699192770273868e-05,0.010280277996558474,50.623569488382856,8.702081979500035,0
2024-06-26 12:00:00+00:00,1135.9,0.0015241823687528466,0.010281208988214125,50.94225050337267,8.61184033991003,0
2024-06-26 13:00:00+00:00,1137.13,0.0010822559491572292,0.009890324699879391,51.170888420941836,8.50860353311183,0
2024-06-26 14:00:00+00:00,1135.06,-0.0018220312321286514,0.009884302055618702,50.764594137969645,8.387631462449594,0
2024-06-26 15:00:00+00:00,1133.35,-0.0015076642440385868,0.00981655023203085,50.427088264194175,8.2924788332006,0
2024-06-26 16:00:00+00:00,1135.96,0.002300259683194028,0.009813214040879946,50.93514157795055,8.190429256536587,0
2024-06-26 17:00:00+00:00,1128.35,-0.006721719775640622,0.009856033514192713,49.4279935322745,8.225020671405858,0
2024-06-26 18:00:00+00:00,1130.73,0.002107053207974552,0.009835496604709025,49.901071863243196,8.109720257977742,0
2024-06-27 10:00:00+00:00,1124.85,-0.005213748410385577,0.009858037625524063,48.75137322273001,8.13072585281819,0
2024-06-27 11:00:00+00:00,1123.94,-0.0008093241695945608,0.009856062148292044,48.57463856957319,8.077911335761826,0
2024-06-27 12:00:00+00:00,1121.97,-0.0017543004886517721,0.009826982200604156,48.18873469433751,7.982553109046588,0
2024-06-27 13:00:00+00:00,1125.43,0.0030791160751757474,0.007820733745228587,48.91607493851658,7.914302046865655,0
2024-06-27 14:00:00+00:00,1123.68,-0.0015561714217273703,0.007822064807935429,48.56421834261976,7.810816005928342,0
2024-06-27 15:00:00+00:00,1130.25,0.00582983376400481,0.00752141124699468,49.94357065495678,7.785999685809774,0
2024-06-27 16:00:00+00:00,1130.1,-0.00013272280861009733,0.007506147023015057,49.91238764577636,7.701479692093577,0
2024-06-27 17:00:00+00:00,1168.79,0.033662901250074206,0.008944158581741189,56.98164270613165,8.349850098251704,2
2024-06-27 18:00:00+00:00,1168.05,-0.0006333339250739201,0.00884376525788964,56.825115237744015,8.21145309628667,0
2024-06-28 10:00:00+00:00,1172.04,0.003410128556280867,0.008707469877514133,57.46793200404163,8.207624034360936,0
2024-06-28 11:00:00+00:00,1171.05,-0.000845038012976751,0.008240270397383778,57.2521159369411,8.088671553673718,0
2024-06-28 12:00:00+00:00,1172.21,0.000990073738942776,0.008237608210981368,57.4431997462985,8.00089812260024,0
2024-06-28 13:00:00+00:00,1170.28,-0.0016478195737974488,0.0075233602497822285,57.010548725317996,7.886280160148235,0
2024-06-28 14:00:00+00:00,1165.84,-0.003801179174113045,0.007528228126526271,56.02007629620979,7.81935455694527,0
2024-06-28 15:00:00+00:00,1168.95,0.0026640527322383534,0.007531207171519547,56.55950405075518,7.747367465806365,0
2024-06-28 16:00:00+00:00,1168.75,-0.00017110835478284514,0.0075302401963497955,56.51401796847392,7.657420116490238,0
2024-06-28 17:00:00+00:00,1157.63,-0.009559989933799251,0.00760382366778002,54.04797259215122,7.751871714160435,0
2024-06-28 18:00:00+00:00,1158.85,0.0010533223794704227,0.007568038286807785,54.27136176216919,7.657034279877227,0
2024-07-01 10:00:00+00:00,1161.68,0.002439099173914272,0.007567742114348157,54.79157019693395,7.622093594279684,0
2024-07-01 11:00:00+00:00,1160.21,-0.0012662100240783403,0.007570405969053173,54.46317492221633,7.513651722394091,0
2024-07-01 12:00:00+00:00,1158.81,-0.0012074067235987584,0.007571952551864903,54.14778452203126,7.423378687946209,0
2024-07-01 13:00:00+00:00,1163.19,0.00377261429362985,0.0060899412624640875,54.98006626100591,7.371111114187284,0
2024-07-01 14:00:00+00:00,1165.07,0.0016149402631935317,0.006088839717991594,55.33515227112172,7.267488891903539,0
2024-07-01 15:00:00+00:00,1166.25,0.0010123021299248691,0.006077479826623626,55.559646045768886,7.172339114065468,0
2024-07-01 16:00:00+00:00,1168.27,0.0017305488958108128,0.0060370451247614065,55.946425047521856,7.087292331784156,0
2024-07-01 17:00:00+00:00,1149.43,-0.016257854750124423,0.006488822503289496,51.66684845267762,7.370546485148473,0
2024-07-01 18:00:00+00:00,1149.77,0.0002957550473885462,0.006487173556777305,51.73483675321194,7.250535555445506,0
2024-07-02 10:00:00+00:00,1156.9,0.006182091680214441,0.006533992117218891,53.145189643667884,7.249324844336596,0
2024-07-02 11:00:00+00:00,1155.32,-0.0013666521748953997,0.006528869504854529,52.796339179518085,7.168338347449865,0
2024-07-02 12:00:00+00:00,1157.69,0.002049278498068574,0.006529377405204112,53.26588132969765,7.091571580500866,0
2024-07-02 13:00:00+00:00,1157.2,-0.0004233462560359058,0.00651247895653473,53.15433398350861,6.97354014889085,0
2024-07-02 14:00:00+00:00,1159.25,0.0017699501695895847,0.006508905828044647,53.56942742352339,6.917669345913034,0
2024-07-02 15:00:00+00:00,1160.46,0.0010432339471240226,0.006480898935250745,53.815903254797355,6.860915958994772,0
2024-07-02 16:00:00+00:00,1159.83,-0.0005430355821749444,0.006457193650558483,53.66455169197475,6.771897639814878,0
2024-07-02 17:00:00+00:00,1152.97,-0.005932220786621478,0.006436139934110522,52.03841217774229,6.823859687018578,0
2024-07-02 18:00:00+00:00,1151.82,-0.0009979218023641323,0.0064148363444530366,51.77006523081759,6.744782493278205,0
2024-07-03 10:00:00+00:00,1149.35,-0.00214673487710737,0.006279258621161164,51.191511613995054,6.743286843412642,0
2024-07-03 11:00:00+00:00,1148.59,-0.0006614620292175744,0.00621856088425833,51.01252018155443,6.664421106544393,0
2024-07-03 12:00:00+00:00,1153.49,0.004257026167574729,0.006235528672649208,52.114056326197804,6.661532684413504,0
2024-07-03 13:00:00+00:00,1152.0,-0.0012925670529462252,0.006241229780393179,51.75296834633173,6.596902030725236,0
2024-07-03 14:00:00+00:00,1152.77,0.0006681794961300724,0.006212180056446267,51.928608266227826,6.513763990110728,0
2024-07-03 15:00:00+00:00,1152.42,-0.0003036626071510895,0.006067988672236261,51.841074046358344,6.41188871030851,0
2024-07-03 16:00:00+00:00,1148.63,-0.003294151302443815,0.006089459501173704,50.8931455773917,6.4010509361023376,0
2024-07-03 17:00:00+00:00,1145.23,-0.002964437663939279,0.006103412828339111,50.05529754414845,6.352229917380291,3
2024-07-03 18:00:00+00:00,1147.28,0.001788433242523979,0.006106398341226635,50.556101253439614,6.283185319032688,0
2024-07-04 10:00:00+00:00,1141.77,-0.00481423353970456,0.0061409606863841336,49.20296647571827,6.391321612652035,3
2024-07-04 11:00:00+00:00,1141.82,4.379069798687851e-05,0.00613649746097803,49.21555255730242,6.345095180398999,3
2024-07-04 12:00:00+00:00,1141.08,-0.0006482982398861026,0.0061295650618675,49.03208124833874,6.27759327679102,3
2024-07-04 13:00:00+00:00,1136.85,-0.003713902413204906,0.006075874648615525,47.98859577407521,6.275441411255201,3
2024-07-04 14:00:00+00:00,1135.36,-0.0013114986850428778,0.006072637265557803,47.62429968599193,6.237332583030095,3
2024-07-04 15:00:00+00:00,1133.98,-0.0012162127932393574,0.006027644187916776,47.285059612259005,6.19478593136949,3
2024-07-04 16:00:00+00:00,1124.72,-0.008199452676214136,0.006141470943186399,45.0860527439084,6.3114902127420995,3
2024-07-04 17:00:00+00:00,1123.86,-0.0007649272357959092,0.0061372501208815594,44.8882207966708,6.371660408487256,3
2024-07-04 18:00:00+00:00,1120.31,-0.003163755830528636,0.0061375314779061295,44.07363486291963,6.3328272003175075,3
2024-07-05 10:00:00+00:00,1116.83,-0.0031111175938249858,0.00614903469899761,43.28786477222722,6.3827706563111555,3
2024-07-05 11:00:00+00:00,1115.47,-0.001218474370168643,0.006090308414759593,42.9822744431392,6.40271524318493,3
2024-07-05 12:00:00+00:00,1124.36,0.007938144129616909,0.006199809389286674,45.54638606315833,6.516260938321234,2
2024-07-05 13:00:00+00:00,1126.18,0.0016173899568574512,0.003848677779796723,46.05318581262436,6.5059357195548095,3
2024-07-05 14:00:00+00:00,1122.27,-0.0034779549835084467,0.0038680038406950596,45.13236096422894,6.514217005163715,3
2024-07-05 15:00:00+00:00,1121.03,-0.001105514310427047,0.00382012599950809,44.84221053527827,6.4741326650604405,3
2024-07-05 16:00:00+00:00,1121.44,0.00036566821814254524,0.0038242513843093516,44.96159206038753,6.4278500117592285,3
2024-07-05 17:00:00+00:00,1123.31,0.0016661101971990888,0.0038321335235898214,45.51046903642137,6.3808930115240425,3
2024-07-05 18:00:00+00:00,1125.66,0.002089846334360601,0.0038526972216726073,46.198493323202946,6.336275151293563,3
2024-07-08 10:00:00+00:00,1131.2,0.004909485858733298,0.00390969923266863,47.78450338734177,6.389149648267692,3
2024-07-08 11:00:00+00:00,1128.49,-0.0023985602443161724,0.0038888560252260873,47.09157529300904,6.344766655302339,3
2024-07-08 12:00:00+00:00,1122.8,-0.005054890410264079,0.003936229245263211,45.672603502963675,6.363471322196292,3
2024-07-08 13:00:00+00:00,1122.74,-5.3439261838761354e-05,0.0037286948814277653,45.6578002065747,6.3382018957523645,3
2024-07-08 14:00:00+00:00,1119.93,-0.0025059428899547598,0.0037302270045001004,44.961380112617576,6.29363785783732,3
2024-07-08 15:00:00+00:00,1119.95,1.7858099541356864e-05,0.003704493617064936,44.96747651098017,6.223365100680573,3
2024-07-08 16:00:00+00:00,1121.6,0.0014721958448502548,0.0037166521459207087,45.4758960267109,6.208897798666961,3
2024-07-08 17:00:00+00:00,1120.67,-0.0008295165643099622,0.0037159354871587574,45.23553973762694,6.155319842693622,3
2024-07-08 18:00:00+00:00,1119.25,-0.0012679025949404732,0.0036609351284800787,44.8660761571416,6.089213445839753,3
2024-07-09 10:00:00+00:00,1111.21,-0.007209306441376739,0.003755096180946427,42.844329038802606,6.144629176922956,3
2024-07-09 11:00:00+00:00,1107.64,-0.003217885914369667,0.0037577128590904805,41.987073227648004,6.100936593384498,3
2024-07-09 12:00:00+00:00,1106.56,-0.000975521710458338,0.0037365516062869415,41.72932958444783,6.049117861516808,3
2024-07-09 13:00:00+00:00,1108.93,0.0021394823754867787,0.0030557900485241904,42.519447320220465,5.999335504286471,3
2024-07-09 14:00:00+00:00,1104.47,-0.004030004550657829,0.003087589739388078,41.44043467358656,5.996948794200739,3
2024-07-09 15:00:00+00:00,1101.82,-0.0024022238911101113,0.0029256208107482063,40.812496301327954,5.968809818316722,3
2024-07-09 16:00:00+00:00,1100.2,-0.0014713765472320617,0.002925943942490051,40.43033812215076,5.9568336219503895,3
2024-07-09 17:00:00+00:00,1095.64,-0.004153314043832346,0.0029264753405888453,39.37143792630044,5.940496949511384,3
2024-07-09 18:00:00+00:00,1093.26,-0.0021746091076826346,0.002928669202190618,38.82981256946692,5.902287010521155,3
2024-07-10 10:00:00+00:00,1086.54,-0.006165722808536778,0.002982464649958759,37.3494497790983,6.012041270310729,3
2024-07-10 11:00:00+00:00,1083.38,-0.0029125518303390052,0.0029716068070888522,36.67847549389241,5.998200444904513,3
2024-07-10 12:00:00+00:00,1088.64,0.004843427116475674,0.0030973462494614233,38.553434879086474,6.0344364360064215,3
2024-07-10 13:00:00+00:00,1087.46,-0.0010845090902584786,0.003023317642970529,38.293873550353176,6.026347707286295,3
2024-07-10 14:00:00+00:00,1082.82,-0.00427595247592194,0.0030548887063411964,37.28661769881348,6.036820753140572,3
2024-07-10 15:00:00+00:00,1074.93,-0.007313206038725539,0.0031714907053972535,35.659142630748775,6.083084338077763,3
2024-07-10 16:00:00+00:00,1071.43,-0.0032613383610033964,0.0031814557861012107,34.96826613398018,6.112422651316207,3
2024-07-10 17:00:00+00:00,1066.58,-0.004536936982784567,0.003105014478804824,34.03584172189592,6.1463741982898865,3
2024-07-10 18:00:00+00:00,1067.01,0.00040307651031490366,0.003117305180588615,34.19458735771795,6.122646714324089,3
2024-07-11 10:00:00+00:00,1061.06,-0.005591935889866839,0.0031526169117784783,33.070858151429874,6.531793780037606,3
2024-07-11 11:00:00+00:00,1058.4,-0.0025100746384500994,0.0031487126342571673,32.58240154472948,6.639357904436855,3
2024-07-11 12:00:00+00:00,1066.43,0.007558287701062483,0.003400690624136265,35.51625623555154,6.722570746348117,3
2024-07-11 13:00:00+00:00,1065.86,-0.0005346364833833661,0.0033964772777641127,35.4046575819023,6.696319331421156,3
2024-07-11 14:00:00+00:00,1072.16,0.005893320206435071,0.003523262806774014,37.61545232508576,6.751792944792734,3
2024-07-11 15:00:00+00:00,1068.27,-0.003634787666763728,0.0035035186168166483,36.82143334309537,6.761357085896879,3
2024-07-11 16:00:00+00:00,1068.5,0.00021527820110556206,0.0035049753459230125,36.90179220535771,6.7047299441789425,3
2024-07-11 17:00:00+00:00,1068.19,-0.00029016844013440846,0.003506756826018685,36.83735151403126,6.646435345295368,3
2024-07-11 18:00:00+00:00,1071.29,0.0028979024524105057,0.003539162729603962,37.94315098141836,6.605106638389459,3
2024-07-12 10:00:00+00:00,1068.43,-0.002673248558868302,0.0035453669541960697,37.32793407401632,6.7638045056216685,3
2024-07-12 11:00:00+00:00,1067.04,-0.0013018213286137836,0.003545388129697617,37.03016934180469,6.793728415509235,3
2024-07-12 12:00:00+00:00,1067.51,0.000440373856405607,0.0034059272846489806,37.20300571424079,6.811453847199046,3
2024-07-12 13:00:00+00:00,1067.5,-9.367637622048619e-06,0.0034088660437115448,37.2007888921869,6.780624770255065,3
2024-07-12 14:00:00+00:00,1063.14,-0.004092672704747002,0.0034232389426420325,36.24005725339029,6.747212274849966,3
2024-07-12 15:00:00+00:00,1062.61,-0.0004986475464958673,0.003411015408736003,36.12433600207799,6.713668029352965,3
2024-07-12 16:00:00+00:00,1073.26,0.009972599703319318,0.003746718339735723,40.0495586258424,6.829194668765906,2
2024-07-12 17:00:00+00:00,1070.46,-0.0026122829401895586,0.0035374420832330646,39.40001606621637,6.791810775390588,3
2024-07-12 18:00:00+00:00,1067.47,-0.00279709995128119,0.0035263000979862164,38.715812494000176,6.753974559882773,3
2024-07-15 10:00:00+00:00,1059.5,-0.007494263955031499,0.0036265706070539748,36.96960899893032,6.973695068685118,3
2024-07-15 11:00:00+00:00,1064.29,0.004510811447467233,0.0037139376257500347,38.666125133904224,6.985421167311415,3
2024-07-15 12:00:00+00:00,1061.83,-0.0023140754969270816,0.0037125915869834518,38.12831482557771,6.942112743965185,3
2024-07-15 13:00:00+00:00,1062.15,0.00030132110699820913,0.003696880426680278,38.24233406496809,6.892870489085882,3
2024-07-15 14:00:00+00:00,1057.86,-0.004047156245168715,0.0036900168457465418,37.3019632908211,6.879813079304165,3
2024-07-15 15:00:00+00:00,1057.33,-0.000501137024183862,0.0035837300567367453,37.18668839494514,6.853216817718081,3
2024-07-15 16:00:00+00:00,1052.76,-0.004331575568246926,0.003605624948058738,36.20232872810762,6.859552481363721,3
2024-07-15 17:00:00+00:00,1047.83,-0.004693927945835341,0.0035984901635562564,35.177305929179525,6.841561431736448,3
2024-07-15 18:00:00+00:00,1045.25,-0.0024652677457828176,0.003596480968918705,34.65335689986972,6.8319302031017175,3
2024-07-16 10:00:00+00:00,1043.82,-0.0013690304521611907,0.0035931341405024486,34.36387669441851,6.954891599039684,3
2024-07-16 11:00:00+00:00,1035.71,-0.007799878930701887,0.0036983925573530188,32.779234871644135,7.077993767058888,3
2024-07-16 12:00:00+00:00,1044.41,0.008364950800849869,0.003934778938479279,36.009348615233385,7.20603389171771,3
2024-07-16 13:00:00+00:00,1040.17,-0.0040679713391629235,0.003951377223134638,35.16893305359574,7.199513213883353,3
2024-07-16 14:00:00+00:00,1042.07,0.0018249582443177204,0.003979050461976454,35.85349614468247,7.161322949605685,3
2024-07-16 15:00:00+00:00,1039.87,-0.0021134142375496268,0.003892290503636125,35.411701838855464,7.129296490613575,3
2024-07-16 16:00:00+00:00,1038.48,-0.0013375997375275617,0.0038827209648223796,35.132598571741255,7.103110560801307,3
2024-07-16 17:00:00+00:00,1047.74,0.008877357913382511,0.004140454554437025,38.431337541452706,7.27604834958528,2
2024-07-16 18:00:00+00:00,1050.83,0.00294486458216614,0.004154825867305052,39.47930257362456,7.4391273825935755,3
2024-07-17 10:00:00+00:00,1049.75,-0.001028287515985049,0.004132904500583942,39.24108855296469,7.486144834941704,3
2024-07-17 11:00:00+00:00,1058.79,0.008574706089716777,0.004343938289781845,42.21893297499282,7.606221938242871,2
2024-07-17 12:00:00+00:00,1058.92,0.00012277412881189775,0.004344735763922896,42.26045841064905,7.605297499478012,3
2024-07-17 13:00:00+00:00,1056.13,-0.0026382370329480764,0.004325863587027387,41.6056478068716,7.580591549488454,3
2024-07-17 14:00:00+00:00,1055.5,-0.0005966954615077569,0.004320896361493951,41.45763601895469,7.528179718498685,3
2024-07-17 15:00:00+00:00,1058.24,0.0025925625050522427,0.004272174272714622,42.367539064272506,7.4796161241287145,3
2024-07-17 16:00:00+00:00,1059.92,0.001586282766440128,0.004268297718779685,42.92257598205093,7.4034238016461416,3
2024-07-17 17:00:00+00:00,1059.19,-0.0006889685093049991,0.004199754519217178,42.74006986023235,7.322355325613216,3
2024-07-17 18:00:00+00:00,1054.01,-0.004902527328228601,0.004244174169957257,41.46351752389594,7.2897082191009535,3
2024-07-18 10:00:00+00:00,1044.89,-0.008690321021872727,0.0043658442360421075,39.35193300101848,7.424114054718935,3
2024-07-18 11:00:00+00:00,1047.54,0.0025329415242758557,0.004283348137467762,40.254076381923014,7.394031773624553,3
2024-07-18 12:00:00+00:00,1050.06,0.002402747151383444,0.004284165305265616,41.1041796198776,7.357551138152065,3
2024-07-18 13:00:00+00:00,1050.16,9.522811903117656e-05,0.004242829794271295,41.13809300195264,7.290200115389024,3
2024-07-18 14:00:00+00:00,1049.93,-0.0002190382325704121,0.004241607120419221,41.08257344039934,7.201796113081241,3
2024-07-18 15:00:00+00:00,1051.22,0.0012278991619645296,0.004177881822324189,41.53415882031152,7.173760190819616,3
2024-07-18 16:00:00+00:00,1055.73,0.004281076331309919,0.004211053978127581,43.09027963392683,7.166084987003222,3
2024-07-18 17:00:00+00:00,1063.7,0.007520925501762754,0.00420967934541366,45.696577308420814,7.246163287263159,2
2024-07-18 18:00:00+00:00,1068.51,0.004511758372155228,0.004258069929389393,47.18609786270236,7.197440021517894,3
2024-07-19 10:00:00+00:00,1068.04,-0.00043996162746662293,0.0041740598725863816,47.057399232741275,7.250691221087535,3
2024-07-19 11:00:00+00:00,1067.47,-0.000533830338921959,0.004143040762547927,46.89910127855735,7.202277396665787,3
2024-07-19 12:00:00+00:00,1074.15,0.006238288457672603,0.004236381308784179,48.95260955734369,7.203631848732471,2
2024-07-19 13:00:00+00:00,1081.47,0.006791575636275304,0.004339998493451629,51.0684929103103,7.247759211757823,2
2024-07-19 14:00:00+00:00,1080.21,-0.0011657600964944947,0.004327376095246626,50.69938423812145,7.183004027522667,3
2024-07-19 15:00:00+00:00,1080.74,0.0004905250104139114,0.0043081030080003285,50.85185535586429,7.104543946972213,3
2024-07-19 16:00:00+00:00,1078.76,-0.0018337583281686776,0.00431261520448206,50.25931888820484,7.0768530680327695,3
2024-07-19 17:00:00+00:00,1077.58,-0.001094447181599456,0.004316464111044608,49.90568890731829,7.0319160066721125,3
2024-07-19 18:00:00+00:00,1076.63,-0.0008819939203554839,0.004319040843377036,49.61887847451035,6.983277686538669,3
2024-07-22 10:00:00+00:00,1084.81,0.007569064191598862,0.0043982830858508605,52.04058965793198,7.042012132807892,2
2024-07-22 11:00:00+00:00,1086.28,0.0013541587171737035,0.004398331798864637,52.45962922868435,6.997371890151734,0
2024-07-22 12:00:00+00:00,1082.57,-0.0034211712369351943,0.004209774026854976,51.305184995958186,6.953824452348698,3
2024-07-22 13:00:00+00:00,1082.42,-0.0001385687695929505,0.0041908691707389254,51.25864716311253,6.878747963301725,3
2024-07-22 14:00:00+00:00,1084.88,0.002270106636315994,0.004177612561434836,51.98746221238486,6.800173004035687,3
2024-07-22 15:00:00+00:00,1082.71,-0.0020022243366533132,0.004037723990539946,51.29704650301868,6.7187695439549735,3
2024-07-22 16:00:00+00:00,1080.34,-0.002191351053742352,0.0040107590157780915,50.548900607208985,6.692194153075876,3
2024-07-22 17:00:00+00:00,1085.46,0.004728053871930982,0.00404064727102396,52.08926101012002,6.6981502700143585,3
2024-07-22 18:00:00+00:00,1085.43,-2.763843400810373e-05,0.004041145800276537,52.079561742695724,6.618587264614072,3
2024-07-23 10:00:00+00:00,1084.81,-0.0005713653944887653,0.003992091973282143,51.87585735480359,6.625015519321791,3
2024-07-23 11:00:00+00:00,1083.13,-0.001549858701152651,0.004000222817299615,51.32082511581777,6.595715208935356,3
2024-07-23 12:00:00+00:00,1079.44,-0.0034126096090432156,0.003979712921809764,50.118986345234525,6.56740090475665,3
2024-07-23 13:00:00+00:00,1082.36,0.002701454136192716,0.003919692028713263,51.044712626913615,6.502252886661516,3
2024-07-23 14:00:00+00:00,1080.6,-0.001627399848759481,0.0039078819067024494,50.4686459983667,6.438607828928284,3
2024-07-23 15:00:00+00:00,1081.31,0.0006568266260167377,0.0038968469070327326,50.6976847005644,6.368835672349721,3
2024-07-23 16:00:00+00:00,1081.26,-4.624127774732756e-05,0.003700808419939415,50.68084407990506,6.27785895890273,3
2024-07-23 17:00:00+00:00,1086.57,0.004898917922280255,0.0035881238152471783,52.39450728824885,6.302101779724676,1
2024-07-23 18:00:00+00:00,1092.67,0.005598296591131202,0.003581356341987526,54.25761465862185,6.360859744130184,1
2024-07-24 10:00:00+00:00,1095.62,0.0026961707881909547,0.0035876411732685787,55.12429355801089,6.392442549247582,1
2024-07-24 11:00:00+00:00,1097.51,0.00172356446529065,0.0035605719507199366,55.67335130707967,6.3681936982626315,1
2024-07-24 12:00:00+00:00,1097.14,-0.0003371836087806557,0.0035495088260692094,55.53761133111766,6.290429824297374,1
2024-07-24 13:00:00+00:00,1096.32,-0.0007476772206471693,0.0033758012391878053,55.23307042038201,6.217621227811428,1
2024-07-24 14:00:00+00:00,1098.85,0.0023050616765196708,0.003369122969173192,55.992806431087224,6.1574688032552,1
2024-07-24 15:00:00+00:00,1098.51,-0.0003094622662773716,0.0033622810277817543,55.862801317864,6.067119427190094,1
2024-07-24 16:00:00+00:00,1100.93,0.0022005610305937395,0.0031816507434064135,56.59475033221471,5.999777038646293,1
2024-07-24 17:00:00+00:00,1101.58,0.0005902357027851579,0.0031803649256598944,56.791140968891916,5.908781497873369,1
2024-07-24 18:00:00+00:00,1110.77,0.00830795566649467,0.003313526860119485,59.438819104229246,5.993205867915903,2
2024-07-25 10:00:00+00:00,1104.51,-0.00565167081610074,0.003438281471654841,57.01063820037832,6.0575417505575855,1
2024-07-25 11:00:00+00:00,1099.52,-0.0045280767739344085,0.0035137126743375233,55.177182079680804,6.067190915546433,1
2024-07-25 12:00:00+00:00,1101.83,0.002098712924237134,0.0035169019140503044,55.84791739019556,6.0308470972355055,1
2024-07-25 13:00:00+00:00,1105.95,0.003732260263751286,0.003534862711586922,57.018475530054715,6.013630155290797,1
2024-07-25 14:00:00+00:00,1103.53,-0.002190561550871273,0.0034646843774281478,56.12660332336093,5.948357552184981,1
2024-07-25 15:00:00+00:00,1102.84,-0.0006254617516505689,0.0031846427479111255,55.87233544294146,5.868790401141282,1
2024-07-25 16:00:00+00:00,1104.27,0.0012958123519863918,0.003177919075285784,56.29108431122822,5.789814593118457,1
2024-07-25 17:00:00+00:00,1121.9,0.015839193397685136,0.0038012079659292745,60.952579608896094,6.030218301256087,2
2024-07-25 18:00:00+00:00,1121.76,-0.0001247960922619029,0.0038027859594707393,60.89995100995132,5.969213935230962,1
2024-07-26 10:00:00+00:00,1123.39,0.0014520190511868591,0.003796329406559942,61.296967192664525,6.026429656526341,1
2024-07-26 11:00:00+00:00,1124.5,0.000987592889526212,0.003796642531777652,61.56813099303666,5.991701063395814,1
2024-07-26 12:00:00+00:00,1127.69,0.0028328001929214253,0.00377929166383253,62.3418570834477,5.9538670421279,1
2024-07-26 13:00:00+00:00,1114.71,-0.011577011213359079,0.0040918268234225825,57.53270548764845,6.193789701285343,0
2024-07-26 14:00:00+00:00,1104.46,-0.009237753656675451,0.0043032261528828655,54.16575572721611,6.281313907259635,3
2024-07-26 15:00:00+00:00,1104.14,-0.00028977633092441835,0.004302493748382177,54.06496101012374,6.317887629114446,3
2024-07-26 16:00:00+00:00,1108.81,0.004220616762656171,0.004327925215159741,55.30354890551892,6.354929876532153,1
2024-07-26 17:00:00+00:00,1106.52,-0.0020674128149389404,0.004272401931554314,54.56732831626689,6.329231279001513,3
2024-07-26 18:00:00+00:00,1102.01,-0.0040841702571992045,0.00422703392229512,53.14553418311528,6.31424665342148,3
2024-07-29 10:00:00+00:00,1087.01,-0.013704977370943006,0.004669227387384495,48.82776415980988,6.556361720353052,3
2024-07-29 11:00:00+00:00,1080.25,-0.006238311898864701,0.0047546796300960235,47.069197304442106,6.587434485945988,3
2024-07-29 12:00:00+00:00,1078.46,-0.0016583982195399471,0.004753370709266815,46.61556574200218,6.5730857962270655,3
2024-07-29 13:00:00+00:00,1077.06,-0.0012989906814695473,0.004754414858410907,46.25975526521768,6.547624080302524,3
2024-07-29 14:00:00+00:00,1082.0,0.004576073495393018,0.004796449956010205,47.69718193712968,6.543671598696472,3
2024-07-29 15:00:00+00:00,1083.14,0.0010530497846303888,0.004676376752687979,48.02454987673545,6.508398166722542,3
2024-07-29 16:00:00+00:00,1084.38,0.0011441648845451624,0.004675201669215897,48.38313595922987,6.4872302033880915,3
2024-07-29 17:00:00+00:00,1063.38,-0.019555880780498747,0.005412400115145383,43.2291482024985,6.804285599320329,3
2024-07-29 18:00:00+00:00,1057.99,-0.005081632717367945,0.0054533054090610275,42.05582168450588,6.778999887333921,3
2024-07-30 10:00:00+00:00,1064.43,0.006068563021509377,0.005518137936859002,43.91184897613867,6.893619889587241,3
2024-07-30 11:00:00+00:00,1062.79,-0.0015419188658691851,0.0055157607676654405,43.549365440289826,6.882147491795495,3
2024-07-30 12:00:00+00:00,1067.38,0.004309521872695399,0.0055485072647009906,44.84953063575862,6.843904541959586,3
2024-07-30 13:00:00+00:00,1069.77,0.0022366244730873674,0.005514048520521652,45.51626936771823,6.773026451120392,3
2024-07-30 14:00:00+00:00,1071.7,0.0018025006397932586,0.005521902523572668,46.05367433217158,6.713565922097984,3
2024-07-30 15:00:00+00:00,1073.15,0.0013520761087226774,0.005526348843659865,46.45853880963992,6.6338946036560245,3
2024-07-30 16:00:00+00:00,1072.56,-0.0005499345343684681,0.005523232279967347,46.314220942868275,6.551416711582903,3
2024-07-30 17:00:00+00:00,1075.9,0.0031092063065578657,0.005522731354946473,47.26058500957308,6.561988377351248,3
2024-07-30 18:00:00+00:00,1074.56,-0.0012462451507424532,0.005510569433319,46.92196901643324,6.502948609804227,3
2024-07-31 10:00:00+00:00,1075.05,0.00045589665891654363,0.005507004279798415,47.063492615143666,6.50508963760814,3
2024-07-31 11:00:00+00:00,1078.02,0.00275885306449819,0.005520928910218456,47.92230851815309,6.451187844855976,3
2024-07-31 12:00:00+00:00,1069.49,-0.007944125857416218,0.005632357211440189,45.7472244389248,6.494164087958854,3
2024-07-31 13:00:00+00:00,1070.14,0.0006075817033748265,0.0055852787891020605,45.93802010927568,6.439880806199681,3
2024-07-31 14:00:00+00:00,1075.27,0.004782311797872474,0.0055688466073896565,47.42699471251461,6.46828319007569,3
2024-07-31 15:00:00+00:00,1076.28,0.000938858101545037,0.005554943674341304,47.71628888340925,6.484717526274176,3
2024-07-31 16:00:00+00:00,1078.7,0.0022459614634717795,0.005559424656655235,48.410365237309975,6.442423175748695,3
2024-07-31 17:00:00+00:00,1078.23,-0.00043580459953673767,0.005559439051126108,48.283338673066154,6.379974712233721,3
2024-07-31 18:00:00+00:00,1076.55,-0.0015593242376565897,0.005561815167068492,47.825616326243,6.292575217989046,3
2024-08-01 10:00:00+00:00,1084.36,0.007228467642332426,0.00565286999475325,50.070914935711336,6.342123713629264,2
2024-08-01 11:00:00+00:00,1081.01,-0.003094161896299852,0.00566701233272906,49.14522444969297,6.299681239356675,3
2024-08-01 12:00:00+00:00,1080.59,-0.00038860104116000826,0.005655316643063128,49.0292628908856,6.212487614569542,3
2024-08-01 13:00:00+00:00,1080.88,0.0002683359026409704,0.005654380911764072,49.11385987158899,6.142037862278148,3
2024-08-01 14:00:00+00:00,1078.69,-0.0020281822313874542,0.005517580021492912,48.49364973277258,6.099197105032585,3
2024-08-01 15:00:00+00:00,1077.58,-0.0010295557588317905,0.005469489305784906,48.178987045136836,6.015813162931933,3
2024-08-01 16:00:00+00:00,1079.59,0.0018635532495805407,0.005447923187077039,48.792942972071636,5.961496899673298,3
2024-08-01 17:00:00+00:00,1080.93,0.001240442274842657,0.005441347487534633,49.202352142855375,5.926066961679833,3
2024-08-01 18:00:00+00:00,1078.07,-0.0026493762602202153,0.00541764178623205,48.360275397118244,5.866145622446238,3
2024-08-02 10:00:00+00:00,1074.08,-0.0037079242352460184,0.005431476118422739,47.21005490208936,5.929422709997312,3
2024-08-02 11:00:00+00:00,1069.77,-0.004020809111283441,0.005453733276229287,46.004002295583064,5.915434255797367,3
2024-08-02 12:00:00+00:00,1068.24,-0.0014312377034499946,0.005447929207821484,45.58219405811171,5.873525570681418,3
2024-08-02 13:00:00+00:00,1067.94,-0.00028087520899156004,0.004900914081940665,45.49872559424394,5.8084550592677875,3
2024-08-02 14:00:00+00:00,1063.76,-0.003921757618265964,0.004916691360061594,44.34422744850744,5.830485958082433,3
2024-08-02 15:00:00+00:00,1062.25,-0.001420501553529796,0.004903483354737072,43.933302557635066,5.809476238920784,3
2024-08-02 16:00:00+00:00,1065.42,0.002979787603877071,0.0049289796420234145,45.024616890547435,5.78608671414237,3
2024-08-02 17:00:00+00:00,1067.79,0.0022220043738006012,0.004919834261484992,45.82902153998918,5.809364979859523,3
2024-08-02 18:00:00+00:00,1065.6,-0.0020530711864736872,0.0046843208623864605,45.20533596147181,5.802177680262333,3
2024-08-05 10:00:00+00:00,1047.22,-0.017398986824299634,0.005104116355128261,40.48673561651504,6.079534126657084,3
2024-08-05 11:00:00+00:00,1042.55,-0.004469398808295999,0.005125353534342478,39.419931561855094,6.126543444123939,3
2024-08-05 12:00:00+00:00,1041.84,-0.000681254494081962,0.005067118888677776,39.259447660425316,6.114812575241465,3
2024-08-05 13:00:00+00:00,1042.82,0.0009402013490849015,0.005075014262422366,39.605747959071444,6.121916323736636,3
2024-08-05 14:00:00+00:00,1038.76,-0.0039008879297375287,0.005072943856048072,38.673646611386914,6.087277997261906,3
2024-08-05 15:00:00+00:00,1033.46,-0.0051152981408986165,0.00477702026751362,37.49810502381378,6.1207324373166685,3
2024-08-05 16:00:00+00:00,1034.14,0.0006577674835721581,0.0047222365264776,37.74584618865361,6.109517788570335,3
2024-08-05 17:00:00+00:00,1049.06,0.014324361669914687,0.005186113057644547,42.820207639680895,6.286927432798929,2
2024-08-05 18:00:00+00:00,1049.01,-4.766285205803911e-05,0.005185457862348946,42.80827556661965,6.235788884142951,3
2024-08-06 10:00:00+00:00,1061.42,0.011760772014439702,0.005423844302834924,46.57843278633079,6.363473106460094,2
2024-08-06 11:00:00+00:00,1053.02,-0.007945407947834049,0.005523558674110928,44.5500232952618,6.413603644330895,3
2024-08-06 12:00:00+00:00,1053.42,0.00037978770324187394,0.005519790890243029,44.66711031260045,6.37233157144428,3
2024-08-06 13:00:00+00:00,1055.75,0.0022094008048805236,0.004804609540318389,45.35298328123197,6.314884940015395,3
2024-08-06 14:00:00+00:00,1052.1,-0.0034632479998109034,0.004776033379231382,44.47182056666011,6.288787241215086,3
2024-08-06 15:00:00+00:00,1046.57,-0.005270016533092559,0.00474568890142162,43.17497419835514,6.28241149639078,3
2024-08-06 16:00:00+00:00,1046.95,0.0003630249571759947,0.004743475983765704,43.2909289484439,6.244963266462966,3
2024-08-06 17:00:00+00:00,1046.87,-7.641535570268587e-05,0.004696812546651187,43.27196032620742,6.243064001133709,3
2024-08-06 18:00:00+00:00,1047.09,0.00021012817896171043,0.004682422932295022,43.34162452052566,6.202002721111036,3
2024-08-07 10:00:00+00:00,1047.45,0.00034375089856908403,0.004672772565748282,43.45756633270166,6.276962666688816,3
2024-08-07 11:00:00+00:00,1041.2,-0.005984744839743428,0.004729630830362219,41.93727231528908,6.350023413355041,3
2024-08-07 12:00:00+00:00,1046.13,0.004723746764759618,0.004789298972110413,43.5274313213331,6.406022945087942,3
2024-08-07 13:00:00+00:00,1042.19,-0.00377337254340393,0.004782379706386996,42.57652751931813,6.420702486186185,3
2024-08-07 14:00:00+00:00,1046.6,0.004222546596341026,0.004830449388304058,43.97442762892863,6.38388843646246,3
2024-08-07 15:00:00+00:00,1052.39,0.005516953092425503,0.004903939998781373,45.74392120090179,6.374610667733212,3
2024-08-07 16:00:00+00:00,1052.8,0.0003895135405205252,0.004883942710036179,45.867459130035996,6.338518454378551,3
2024-08-07 17:00:00+00:00,1050.1,-0.0025678838591050024,0.004774057341721874,45.17623987709269,6.428948085290979,3
2024-08-07 18:00:00+00:00,1053.66,0.0033844197038703783,0.004801684936109833,46.26572842045673,6.378169123585156,3
2024-08-08 10:00:00+00:00,1054.23,0.0005408251985574708,0.004747033137551428,46.43962707559566,6.385005741113454,3
2024-08-08 11:00:00+00:00,1055.77,0.0014597158990037329,0.004750590633359524,46.9132695327531,6.323505626291183,3
2024-08-08 12:00:00+00:00,1053.2,-0.0024372098912248674,0.0047438257202740315,46.217287839439514,6.324835513765362,3
2024-08-08 13:00:00+00:00,1049.52,-0.0035002318493795315,0.004763020083006853,45.23671072430646,6.322138803490056,3
2024-08-08 14:00:00+00:00,1050.78,0.001199828739852471,0.004766948372380996,45.63966527993929,6.302096027420253,3
2024-08-08 15:00:00+00:00,1048.79,-0.0018956268149246114,0.004638571880107013,45.10479835142382,6.24405410687185,3
2024-08-08 16:00:00+00:00,1046.22,-0.002453450140246005,0.004632611237148249,44.41879841961991,6.20217302473441,3
2024-08-08 17:00:00+00:00,1040.64,-0.005347760078120878,0.004679656219721075,42.9708590950339,6.237329564239722,3
2024-08-08 18:00:00+00:00,1038.1,-0.0024437892801367767,0.00468328803641991,42.329937904901136,6.20518297295493,3
2024-08-09 10:00:00+00:00,1042.32,0.004056878695476662,0.0047297576332841,43.752229250931045,6.334879313495833,3
2024-08-09 11:00:00+00:00,1040.31,-0.0019302522522810506,0.004732807174710305,43.234000972937956,6.328181727225916,3
2024-08-09 12:00:00+00:00,1037.29,-0.0029072026636915993,0.004728076100605292,42.46289279604393,6.310618092681394,3
2024-08-09 13:00:00+00:00,1037.23,-5.7844706261356293e-05,0.004720203481388581,42.44754448173435,6.248405730827763,3
2024-08-09 14:00:00+00:00,1037.78,0.0005301179395571509,0.0047165445593755646,42.641469787393774,6.174837616211206,3
2024-08-09 15:00:00+00:00,1038.75,0.0009342509576590885,0.0047030374889794006,42.98719100578854,6.129540863886978,3
2024-08-09 16:00:00+00:00,1035.38,-0.003249558094714722,0.004693073854717981,42.087865293423384,6.104550046609237,3
2024-08-09 17:00:00+00:00,1036.0,0.0005986347444846274,0.00469498807709909,42.3144240691448,6.0196590456770505,3
2024-08-09 18:00:00+00:00,1036.57,0.0005500417494905818,0.004697657109078211,42.52535714570797,5.932065864763507,3
2024-08-12 10:00:00+00:00,1013.58,-0.022428567406226563,0.005606247951648852,36.962734640897445,6.330424547468235,3
2024-08-12 11:00:00+00:00,1009.34,-0.004191966275460146,0.005624500171401853,36.074689524154856,6.32161605651887,3
2024-08-12 12:00:00+00:00,1011.4,0.0020388577586505363,0.005612399215301894,36.82713801713272,6.283983735388493,3
2024-08-12 13:00:00+00:00,1014.38,0.0029420787543861238,0.005621858031005476,37.90602599620316,6.2575040606807235,3
2024-08-12 14:00:00+00:00,1017.29,0.0028646404091166033,0.0056464912066815035,38.94503059257348,6.2085539794671085,3
2024-08-12 15:00:00+00:00,1021.44,0.004071167571948919,0.0051641139852563285,40.396372504987944,6.209782899877767,3
2024-08-12 16:00:00+00:00,1018.44,-0.002941351611748466,0.005144619571901489,39.700244693244905,6.161787241880213,3
2024-08-12 17:00:00+00:00,998.19,-0.020083684816715852,0.00584509355354907,35.488067221518904,6.523351497042609,3
2024-08-12 18:00:00+00:00,996.32,-0.0018751478287279966,0.005840996229495306,35.1367771264256,6.452684467101754,3
2024-08-13 10:00:00+00:00,1005.12,0.008793725226139415,0.0059826227992217824,38.08004105037019,6.531430777759718,2
2024-08-13 11:00:00+00:00,1006.6,0.0014713779919786063,0.005954935406203683,38.55850085082713,6.487802162204524,3
2024-08-13 12:00:00+00:00,1009.93,0.003302706160515534,0.005977377259045202,39.62951668166766,6.432646118960434,3
2024-08-13 13:00:00+00:00,1009.42,-0.0005051130421600547,0.005583029205272472,39.52185249935722,6.3675931965812245,3
2024-08-13 14:00:00+00:00,1008.91,-0.0005053683102911322,0.0055821952168135245,39.412592448736795,6.3060413326496,3
2024-08-13 15:00:00+00:00,1010.48,0.0015549253153954723,0.005293414587939645,39.93421297969866,6.222720505996608,3
2024-08-13 16:00:00+00:00,1012.93,0.0024216557171490294,0.005217654562930343,40.74653165811852,6.182266095876677,3
2024-08-13 17:00:00+00:00,981.92,-0.031092561542082287,0.006748999782577751,34.68775353518167,6.703420773959143,3
2024-08-13 18:00:00+00:00,980.7,-0.0012432362425114363,0.006728889274910379,34.481919200650125,6.636752358479961,3
2024-08-14 10:00:00+00:00,985.46,0.004841934837023665,0.006781107181149207,35.99402850265069,6.667417311310361,3
2024-08-14 11:00:00+00:00,987.97,0.0025437956790925753,0.006777989389420706,36.779125309567995,6.628268965084154,3
2024-08-14 12:00:00+00:00,986.92,-0.0010633504640136238,0.006774481728080669,36.5875561380922,6.553703585782471,3
2024-08-14 13:00:00+00:00,982.57,-0.0044173944255572195,0.006787840614482259,35.799290622835386,6.545229514066822,3
2024-08-14 14:00:00+00:00,982.55,-2.0354991044690962e-05,0.006786894678316595,35.79567249160516,6.496124923785486,3
2024-08-14 15:00:00+00:00,982.45,-0.00010178117057080271,0.00678502174374407,35.77722401700363,6.410802425309777,3
2024-08-14 16:00:00+00:00,981.96,-0.0004988775359144881,0.006751684994048843,35.685266151649614,6.30618637680358,3
2024-08-14 17:00:00+00:00,1007.89,0.026063741365113913,0.007734862589997662,43.523692726465306,6.7590626492675066,2
2024-08-14 18:00:00+00:00,1005.2,-0.0026725100229674226,0.007727629173975859,42.96932160032856,6.703681396282157,3
2024-08-15 10:00:00+00:00,998.26,-0.006928042245602839,0.0077428825156137015,41.57523207601818,6.719607768356513,3
2024-08-15 11:00:00+00:00,996.13,-0.0021359922681494226,0.007687968061192937,41.1570451880565,6.667815612989383,3
2024-08-15 12:00:00+00:00,1001.55,0.005426307816303044,0.0077406858032496835,42.6547518892496,6.677659300729594,3
2024-08-15 13:00:00+00:00,998.79,-0.0027595326309075574,0.007741526389945423,42.09798002871327,6.633506114715003,3
2024-08-15 14:00:00+00:00,997.38,-0.0014127055656567578,0.007715739025821691,41.813461903365145,6.579235992420705,3
2024-08-15 15:00:00+00:00,994.49,-0.0029017978361247643,0.007716177864880764,41.23065912591897,6.514651272572292,3
2024-08-15 16:00:00+00:00,995.24,0.0007538711639476503,0.007711919194230154,41.44677846275526,6.440358247120847,3
2024-08-15 17:00:00+00:00,1007.1,0.011846278550852851,0.007926007331621037,44.72664364984169,6.595551082178429,2
2024-08-15 18:00:00+00:00,1006.88,-0.00021847287547593908,0.007917578166299625,44.67927148869326,6.490440060534861,3
2024-08-16 10:00:00+00:00,1005.99,-0.0008843095261976686,0.007912160609750982,44.48477599354706,6.4716312593241625,3
2024-08-16 11:00:00+00:00,1004.8,-0.0011836145384913621,0.007910919889001502,44.22212806462381,6.407198634137679,3
2024-08-16 12:00:00+00:00,1004.69,-0.00010948051506609602,0.007908210843350538,44.19751418544055,6.328454661454926,3
2024-08-16 13:00:00+00:00,1003.86,-0.0008264669012412185,0.007881068946149242,44.0089147375262,6.250685568225829,3
2024-08-16 14:00:00+00:00,1003.75,-0.00010958303665553615,0.007877560189452083,43.98353300859045,6.174071856861311,3
2024-08-16 15:00:00+00:00,1005.6,0.0018413920150663898,0.007856615691833446,44.53253238207441,6.113790419724085,3
2024-08-16 16:00:00+00:00,1007.73,0.0021158983322875358,0.007864700738625262,45.16393189323951,6.0525146113296024,3
2024-08-16 17:00:00+00:00,1004.65,-0.003061054477763392,0.007865637367056416,44.41788045640382,5.99746431910301,3
2024-08-16 18:00:00+00:00,1002.12,-0.002521466177423548,0.00786963507896207,43.81127453700519,5.951515032720948,3
2024-08-19 10:00:00+00:00,995.4,-0.006728368528684747,0.007913518206961201,42.24750567148653,6.0018847320665305,3
2024-08-19 11:00:00+00:00,996.58,0.0011847509894922226,0.00791473965106496,42.614513561070574,6.0022470374251995,3
2024-08-19 12:00:00+00:00,991.55,-0.005060042082106975,0.00793016661134875,41.46826084433922,6.005002096676695,3
2024-08-19 13:00:00+00:00,990.34,-0.0012210568198440797,0.007927487164930082,41.19625894821497,5.966702054743162,3
2024-08-19 14:00:00+00:00,987.46,-0.0029123288862349384,0.007929670976466872,40.550261487789804,5.963168013648297,3
2024-08-19 15:00:00+00:00,985.52,-0.0019665689720413937,0.0073028977041061155,40.11785332472764,5.92510465337533,3
2024-08-19 16:00:00+00:00,989.81,0.004343584864153094,0.00731605127924427,41.524875261087196,5.913602560307823,3
2024-08-19 17:00:00+00:00,982.44,-0.007473732341514605,0.007375028225375131,39.88214544178264,5.988930509101668,3
2024-08-19 18:00:00+00:00,976.5,-0.006064522859623445,0.007397179606692135,38.62546626019245,5.989351898919634,3
2024-08-20 10:00:00+00:00,972.82,-0.0037756801056421097,0.007390360565587773,37.87108830073927,6.049364860941242,3
2024-08-20 11:00:00+00:00,974.4,0.0016228267445415057,0.007364858407246088,38.39818699804565,6.073377563722416,3
2024-08-20 12:00:00+00:00,979.67,0.005393883307249325,0.007412878909391359,40.12703346192961,6.103910012447968,3
2024-08-20 13:00:00+00:00,982.59,0.002976162338665489,0.006885737193822503,41.06222979145126,6.06223181219901,3
2024-08-20 14:00:00+00:00,982.31,-0.00028500178319035285,0.006882055687299677,40.99956834648304,6.031587175955029,3
2024-08-20 15:00:00+00:00,978.78,-0.003600042642091239,0.006770750160437916,40.21019108572899,6.010955432435928,3
2024-08-20 16:00:00+00:00,982.38,0.0036713007031901057,0.006791145672002973,41.38459851796243,5.99293632378721,3
2024-08-20 17:00:00+00:00,965.12,-0.017725752939973916,0.007191019892111904,37.756374258266746,6.238877597311465,3
2024-08-20 18:00:00+00:00,961.6,-0.0036538821585390124,0.00720120295629186,37.07987177280072,6.189100045365235,3
2024-08-21 10:00:00+00:00,962.97,0.0014236948839538854,0.007208910106261006,37.524442722851454,6.169518044457928,3
2024-08-21 11:00:00+00:00,958.39,-0.004767465414908578,0.007219837334350975,36.641279555589875,6.15512768356877,3
2024-08-21 12:00:00+00:00,956.36,-0.0021203820452555533,0.007203711968730808,36.255354181832274,6.106625129897395,3
2024-08-21 13:00:00+00:00,956.9,0.0005644815804837222,0.005765977611720978,36.43707647657277,6.074492627299447,3
2024-08-21 14:00:00+00:00,958.7,0.001879307297734556,0.00577484583982927,37.04749845462795,6.047802774753459,3
2024-08-21 15:00:00+00:00,958.94,0.0002503076711510843,0.005725209152230968,37.12964416264766,6.009446719258389,3
2024-08-21 16:00:00+00:00,963.97,0.005231666040245386,0.0057672738218410265,38.83649250639453,6.038057784873223,3
2024-08-21 17:00:00+00:00,952.97,-0.011476750173936345,0.005972699288305836,36.61807563987439,6.163296629175758,3
2024-08-21 18:00:00+00:00,951.1,-0.0019642141320712625,0.005951578597477957,36.258790449026144,6.110230696592242,3
2024-08-22 10:00:00+00:00,952.63,0.0016073711391992873,0.005959545240813967,36.77668910405241,6.103226082660398,3
2024-08-22 11:00:00+00:00,955.62,0.0031337638642057186,0.00598279141068816,37.784723154899005,6.08616156100719,3
2024-08-22 12:00:00+00:00,954.78,-0.0008793970415972296,0.005982962160982125,37.612807376039875,6.0314383297870435,3
2024-08-22 13:00:00+00:00,952.65,-0.002233372533054556,0.004588982376721403,37.17515775529395,5.9824095631913,3
2024-08-22 14:00:00+00:00,947.72,-0.005188474938817578,0.004619960894192174,36.18087231446896,5.978761371927473,3
2024-08-22 15:00:00+00:00,944.83,-0.0030540828473260007,0.004553562777418775,35.611142412287435,5.958986144488924,3
2024-08-22 16:00:00+00:00,942.13,-0.002861747830012362,0.004558086448513826,35.0844650101146,5.983606421599145,3
2024-08-22 17:00:00+00:00,946.53,0.004659396567219254,0.004536867371253366,36.64264860927797,6.031734293167161,3
2024-08-22 18:00:00+00:00,940.61,-0.006274064901922394,0.004589548689286377,35.473637426686764,6.031499607303817,3
2024-08-23 10:00:00+00:00,930.9,-0.010376740843789811,0.00476956429423696,33.67552190341193,6.222469615157742,3
2024-08-23 11:00:00+00:00,932.38,0.001588596787652996,0.0047825752260563315,34.19431204066953,6.204820222854588,3
2024-08-23 12:00:00+00:00,935.64,0.00349033019941114,0.0048219343803990655,35.33126383747435,6.210723818397496,3
2024-08-23 13:00:00+00:00,932.0,-0.0038979724239176505,0.004449979323084948,34.6491930473383,6.206109342029547,3
2024-08-23 14:00:00+00:00,927.8,-0.004516622367948031,0.004465222383161191,33.87913333735608,6.196387155188956,3
2024-08-23 15:00:00+00:00,928.96,0.001249488518622499,0.0044827148694168975,34.29070051926662,6.2246594120851775,3
2024-08-23 16:00:00+00:00,928.2,-0.0008184540291900078,0.004483693190976658,34.14859707856638,6.188166223843474,3
2024-08-23 17:00:00+00:00,916.67,-0.012499688457543456,0.004735733825190853,32.08992765830253,6.327802899366606,3
2024-08-23 18:00:00+00:00,915.64,-0.0011242640257274061,0.004734628305450687,31.914545964872786,6.342246841379275,3
2024-08-26 10:00:00+00:00,944.12,0.03063000238687419,0.006594382050327455,41.01083867961311,6.895401904551689,2
2024-08-26 11:00:00+00:00,945.51,0.0014711877464987921,0.006591075998711992,41.400736659839616,6.864293866460656,3
2024-08-26 12:00:00+00:00,946.9,0.0014690265322769847,0.006585001847626599,41.79331429929271,6.801807989131444,3
2024-08-26 13:00:00+00:00,951.57,0.004919761091199959,0.006636612158002245,43.10014864318943,6.766171829348814,3
2024-08-26 14:00:00+00:00,954.53,0.0031058206593321813,0.006659441165686942,43.91456505186566,6.7292483927618365,3
2024-08-26 15:00:00+00:00,955.46,0.0009738271650601149,0.006612511778118805,44.17075512570904,6.707263424906599,3
2024-08-26 16:00:00+00:00,955.21,-0.0002616883097834588,0.006606728050492325,44.11547943292064,6.700918156408466,3
2024-08-26 17:00:00+00:00,951.06,-0.004354059557407197,0.0065982914568859016,43.19975940876774,6.685899793280296,3
2024-08-26 18:00:00+00:00,948.67,-0.002516148358897574,0.0066023831892242065,42.67915096523884,6.61398179741469,3
2024-08-27 10:00:00+00:00,954.18,0.005791329216920715,0.006661633007498339,44.25941276303501,6.7307021614663975,3
2024-08-27 11:00:00+00:00,948.13,-0.006360709240738949,0.0067077012292885915,42.933276472258704,6.742888118237071,3
2024-08-27 12:00:00+00:00,949.22,0.001148971059543591,0.006673090038135348,43.24590224924159,6.679630355872328,3
2024-08-27 13:00:00+00:00,945.59,-0.00383152341487758,0.006618827980259652,42.45553271450673,6.66663774875488,3
2024-08-27 14:00:00+00:00,947.14,0.0016378462289869944,0.006582492868380791,42.91014707586072,6.6197049937797825,3
2024-08-27 15:00:00+00:00,941.64,-0.005823881601410896,0.00660891212403948,41.716830168033475,6.622910893904186,3
2024-08-27 16:00:00+00:00,937.35,-0.004566290884182145,0.006623389168255237,40.81345595578352,6.617452676026101,3
2024-08-27 17:00:00+00:00,941.22,0.0041201610530032795,0.006601590996810834,41.970194219471466,6.631103622505581,3
2024-08-27 18:00:00+00:00,940.23,-0.0010523799105675025,0.006579098981606223,41.75716397350434,6.55468155005547,3
2024-08-28 10:00:00+00:00,935.67,-0.004861675975943669,0.0066024285685323935,40.78420207784643,6.578187919054361,3
2024-08-28 11:00:00+00:00,931.35,-0.004627703730680999,0.0066123658346167735,39.88578942885146,6.620424160673273,3
2024-08-28 12:00:00+00:00,928.14,-0.0034525630023827247,0.006586501776276043,39.23054484838179,6.555415677459807,3
2024-08-28 13:00:00+00:00,924.04,-0.004427222728641489,0.006157443099693326,38.408185220415284,6.570307363910611,3
2024-08-28 14:00:00+00:00,917.55,-0.007048286391303726,0.006207274122879737,37.15031816289862,6.570301216632399,3
2024-08-28 15:00:00+00:00,925.26,0.00836770474093651,0.0063375043991191786,39.55019772060011,6.654695192299751,2
2024-08-28 16:00:00+00:00,931.95,0.007204386080192471,0.006410246736470206,41.52710642082585,6.672801288453757,2
2024-08-28 17:00:00+00:00,932.23,0.0003004001782080934,0.00640735838233105,41.60866055916776,6.629345262684682,3
2024-08-28 18:00:00+00:00,930.12,-0.002265955274600273,0.006410164539639121,41.16715052981593,6.562358357430988,3
2024-08-29 10:00:00+00:00,932.63,0.0026949419075208425,0.006417552387017562,41.915292187363214,6.623711190282368,3
2024-08-29 11:00:00+00:00,934.94,0.0024738041176970427,0.006430910952232972,42.60075253304545,6.5880369664767215,3
2024-08-29 12:00:00+00:00,925.22,-0.010450809035309483,0.00652703144057893,40.546282648822505,6.675476227147187,3
2024-08-29 13:00:00+00:00,929.19,0.004281691821255151,0.006380802268153243,41.71771508282718,6.645566702604242,3
2024-08-29 14:00:00+00:00,928.99,-0.0002152643993280634,0.006377434898095529,41.67550341635086,6.651455368552158,3
2024-08-29 15:00:00+00:00,927.69,-0.0014003492388994232,0.006371618694400205,41.39767591977763,6.686826261181114,3
2024-08-29 16:00:00+00:00,927.99,0.0003233316117157159,0.0063509962227824785,41.48952605790606,6.603489735957492,3
2024-08-29 17:00:00+00:00,932.31,0.004644420540158123,0.006393702524885758,42.80671012600198,6.697019941238344,3
2024-08-29 18:00:00+00:00,932.88,0.0006111978058473966,0.006390403755415257,42.97953594901544,6.623279542413577,3
2024-08-30 10:00:00+00:00,929.66,-0.0034576473074530156,0.006368693795786728,42.24370092640028,6.689613951565307,3
2024-08-30 11:00:00+00:00,930.36,0.0007526801142434536,0.006358878992414302,42.462219286090836,6.6572216725340025,3
2024-08-30 12:00:00+00:00,921.48,-0.009590534888415547,0.006483985078364153,40.4797117947288,6.772077239083325,3
2024-08-30 13:00:00+00:00,918.93,-0.002771123425556077,0.006449709521664518,39.93338883295697,6.808435694301659,3
2024-08-30 14:00:00+00:00,913.73,-0.005674826705347691,0.006439484074636142,38.842559104877296,6.824266980415627,3
2024-08-30 15:00:00+00:00,915.75,0.002208278659375118,0.006293028587634583,39.49767003904474,6.846581640807313,3
2024-08-30 16:00:00+00:00,915.57,-0.00019657951704754595,0.006286993081685157,39.45923659685279,6.806850007991167,3
2024-08-30 17:00:00+00:00,914.49,-0.0011802893078671772,0.006263211637595272,39.22555095337708,6.785913007831343,3
2024-08-30 18:00:00+00:00,915.6,0.0012130552444027387,0.006247599434866491,39.60068674466086,6.722794747674717,3
2024-09-02 10:00:00+00:00,894.96,-0.022800563539736807,0.006987435149145689,35.44893564174437,7.001138852721223,3
2024-09-02 11:00:00+00:00,889.02,-0.006659292089977065,0.007031302923691198,34.39013747527811,7.073916075666798,3
2024-09-02 12:00:00+00:00,889.5,0.0005397746571915718,0.007034164382323791,34.55132801002328,7.081637754153459,3
2024-09-02 13:00:00+00:00,893.62,0.004621121777335091,0.006870388281955928,35.92998161217338,7.084004999070391,3
2024-09-02 14:00:00+00:00,887.7,-0.0066467808089507585,0.006924652244107782,34.85351799248063,7.091124899088982,3
2024-09-02 15:00:00+00:00,880.47,-0.00817799226871685,0.0053453115622948775,33.59904919227145,7.115902401107201,3
2024-09-02 16:00:00+00:00,881.45,0.0011124229261954,0.005341623830100857,33.92797094095624,7.080584353085057,3
2024-09-02 17:00:00+00:00,896.02,0.016394455422630294,0.005893897777421749,38.54618977069742,7.270972666023356,2
2024-09-02 18:00:00+00:00,890.82,-0.005820347294423378,0.005865501947672815,37.589349618994355,7.2641532127028885,3
2024-09-03 10:00:00+00:00,883.99,-0.007696636503493615,0.005898034736459675,36.3790292927349,7.504070148448831,3
2024-09-03 11:00:00+00:00,906.33,0.024957727778403438,0.006981962343248891,42.5526751679131,7.824188745479856,2
2024-09-03 12:00:00+00:00,904.94,-0.0015348349753168122,0.006981328717596855,42.29211597905138,7.785504970570258,3
2024-09-03 13:00:00+00:00,905.62,0.0007511488511537934,0.006969809145283041,42.46797200123443,7.763394871158855,3
2024-09-03 14:00:00+00:00,895.38,-0.011371582839274197,0.007120544733962291,40.568319845381936,7.846526973735678,3
2024-09-03 15:00:00+00:00,893.34,-0.0022809616759174034,0.007050978358498816,40.20274825342713,7.861796434260964,3
2024-09-03 16:00:00+00:00,893.72,0.0004252795157713152,0.007017156177994716,40.304995297753116,7.800560505575744,3
2024-09-03 17:00:00+00:00,897.82,0.004577075764744087,0.0070570299675273285,41.40801166973786,7.973749295464228,3
2024-09-03 18:00:00+00:00,897.44,-0.00042333701600316687,0.007046692289218469,41.335777324394556,7.924474309554943,3
2024-09-04 10:00:00+00:00,908.49,0.012237614860969082,0.007284490457315615,44.222916828807904,8.036784823363842,2
2024-09-04 11:00:00+00:00,909.12,0.0006932180448275815,0.007251601721775419,44.382159979975945,8.029249126896564,0
2024-09-04 12:00:00+00:00,910.49,0.0015058174651390033,0.007236410360537197,44.732290822864485,8.003064144358634,0
2024-09-04 13:00:00+00:00,916.99,0.007113650940632432,0.007288299935975777,46.3669070553868,8.014402861471462,2
2024-09-04 14:00:00+00:00,918.23,0.0013513368301323325,0.007292653729428552,46.67392672615405,7.968514804242033,0
2024-09-04 15:00:00+00:00,916.54,-0.0018421932753884818,0.007268034860247755,46.305286370028185,7.942944508157191,0
2024-09-04 16:00:00+00:00,916.36,-0.00019641006119108795,0.007242566812517403,46.265572135253926,7.882485617994046,0
2024-09-04 17:00:00+00:00,918.16,0.001962366807265248,0.007235319638410046,46.73175673556149,7.807835905634165,0
2024-09-04 18:00:00+00:00,922.85,0.005095040380887816,0.007247527522431149,47.9327597977234,7.790079187521482,0
2024-09-05 10:00:00+00:00,928.87,0.006502085854240391,0.007232905393288181,49.42623694867778,7.857477603771052,2
2024-09-05 11:00:00+00:00,929.39,0.0005596633555828845,0.007137621126137366,49.55377608270204,7.82072805169563,0
2024-09-05 12:00:00+00:00,936.26,0.007364758719141662,0.007140919079305081,51.21242601382897,7.834713490661716,2
2024-09-05 13:00:00+00:00,936.66,0.0004271405143647655,0.007141016956673168,51.307544499248486,7.751019220848482,0
2024-09-05 14:00:00+00:00,940.01,0.0035701573087054683,0.007149333620633232,52.10553870196013,7.700998836431512,0
2024-09-05 15:00:00+00:00,938.55,-0.0015543823928538814,0.007144465011953705,51.72853103782641,7.712578859702882,0
2024-09-05 16:00:00+00:00,938.17,-0.0004049618538655153,0.007136758541126846,51.62931832046187,7.621327282508826,0
2024-09-05 17:00:00+00:00,926.47,-0.01254950398188992,0.007205730247803977,48.6950603244565,7.715300736858649,0
2024-09-05 18:00:00+00:00,920.65,-0.006301722963497625,0.007233588152341592,47.3297017539504,7.677794722121477,0
2024-09-06 10:00:00+00:00,921.16,0.000553803066586589,0.007234339385981828,47.461424634876366,7.693638827679048,0
2024-09-06 11:00:00+00:00,917.8,-0.0036542434190822703,0.0072491737296261575,46.67666210186586,7.718966051125468,0
2024-09-06 12:00:00+00:00,919.42,0.001763534492175367,0.007254213337457043,47.10693686102338,7.6611867301029575,0
2024-09-06 13:00:00+00:00,918.03,-0.0015129666278275167,0.007222741852784228,46.776468653372774,7.594362995500898,0
2024-09-06 14:00:00+00:00,920.27,0.0024370354225533575,0.007232097098362787,47.38344859903311,7.541275735590879,0
2024-09-06 15:00:00+00:00,927.87,0.008224531518680855,0.007315312221213422,49.381999173984106,7.568850220879062,2
2024-09-06 16:00:00+00:00,928.62,0.0008079763864081713,0.0073154384582860554,49.574867719080686,7.483273216461482,0
2024-09-06 17:00:00+00:00,920.55,-0.008728295649508055,0.0072934424456296675,47.58417091935687,7.528807752132252,0
2024-09-06 18:00:00+00:00,920.06,-0.0005324321953867894,0.00728307428101334,47.46607813194957,7.434031597089606,0
2024-09-09 10:00:00+00:00,937.03,0.018276413493831356,0.007677542643111172,51.702015779146485,7.635550965147817,2
2024-09-09 11:00:00+00:00,938.11,0.0011519141177958048,0.00767420867684699,51.95360174374346,7.544839945844862,0
2024-09-09 12:00:00+00:00,941.57,0.003681481856347979,0.0076867925360222565,52.758074355628324,7.509943146927964,0
2024-09-09 13:00:00+00:00,944.21,0.002799904256786334,0.007689011006108674,53.36600605688435,7.421944283989402,0
2024-09-09 14:00:00+00:00,942.02,-0.0023220932591048182,0.007699876417068913,52.7909623037833,7.357505398309614,0
2024-09-09 15:00:00+00:00,941.3,-0.0007646072203106868,0.006926803607596041,52.600814652663104,7.270755290343422,0
2024-09-09 16:00:00+00:00,941.17,-0.0001381164111053934,0.0068403125084384045,52.565931114496124,7.188540184536553,0
2024-09-09 17:00:00+00:00,938.87,-0.00244675767264102,0.006858676230127987,51.94402890845175,7.177369380845822,0
2024-09-09 18:00:00+00:00,942.14,0.0034768590216200934,0.0068485221802532265,52.754930346019684,7.119221993228905,0
2024-09-10 10:00:00+00:00,943.54,0.0014848757554126735,0.0067577851473935675,53.10066396668428,7.162037553364327,0
2024-09-10 11:00:00+00:00,939.78,-0.003992953927835607,0.006664277081196595,52.05667648354934,7.141396802297041,0
2024-09-10 12:00:00+00:00,940.16,0.0004042682268323716,0.006665444491000813,52.15368581330061,7.094368866251099,0
2024-09-10 13:00:00+00:00,939.23,-0.0009896829033984034,0.00630512412091655,51.8914725601764,7.050081488926077,0
2024-09-10 14:00:00+00:00,938.09,-0.0012144974113370566,0.006237595385838833,51.5671786225968,6.980479859147556,0
2024-09-10 15:00:00+00:00,935.95,-0.002283836983384191,0.006129003506284699,50.95717692891542,6.9342702619646035,0
2024-09-10 16:00:00+00:00,939.0,0.003253422960924901,0.005088063967028654,51.7866174760582,6.862984856725311,0
2024-09-10 17:00:00+00:00,925.04,-0.014978499387556354,0.005543812725591436,47.995479113004656,7.048925159590805,3
2024-09-10 18:00:00+00:00,923.63,-0.001525421274118699,0.005550544458822834,47.63606462130515,6.970146656398989,3
2024-09-11 10:00:00+00:00,924.1,0.0005087323474066707,0.005284524855574495,47.76910253036239,6.963543723271009,3
2024-09-11 11:00:00+00:00,921.17,-0.003175689695732231,0.005296090374846368,47.009351876434266,6.919072848805589,3
2024-09-11 12:00:00+00:00,922.29,0.001215106525561005,0.005296695238898174,47.336061301776795,6.8758913918294775,3
2024-09-11 13:00:00+00:00,921.94,-0.0003795622066675719,0.0052676060063302785,47.243180596026555,6.804573563992887,3
2024-09-11 14:00:00+00:00,925.79,0.004167281552677871,0.0052906030152830704,48.38006792519868,6.777482092713029,3
2024-09-11 15:00:00+00:00,926.17,0.0004103760397988765,0.0050180463857427676,48.4918601190764,6.718532450858768,3
2024-09-11 16:00:00+00:00,925.42,-0.0008101145945023092,0.005020667948554543,48.281276596515696,6.643761801841593,3
2024-09-11 17:00:00+00:00,919.91,-0.005971849344284408,0.00509649883055537,46.75902903678168,6.621886565804763,3
2024-09-11 18:00:00+00:00,920.93,0.0011081898528795264,0.005000236749296823,47.07423626845269,6.538248834488669,3
2024-09-12 10:00:00+00:00,906.68,-0.01559445262756931,0.005465363727317454,43.41042681904185,6.715083857798895,3
2024-09-12 11:00:00+00:00,905.87,-0.000893768507263637,0.00546138056790128,43.21533835380092,6.687582180642917,3
2024-09-12 12:00:00+00:00,905.05,-0.0009056170963308574,0.005462201327508609,43.01564357088595,6.642030537030058,3
2024-09-12 13:00:00+00:00,904.65,-0.00044206222745568624,0.005452917210252872,42.91692985262425,6.5839899262894575,3
2024-09-12 14:00:00+00:00,905.67,0.001126872716355365,0.005401480496294557,43.25576382326232,6.515710127763669,3
2024-09-12 15:00:00+00:00,900.07,-0.006202463203907271,0.005370059281728905,41.863638377203216,6.568995925208397,3
2024-09-12 16:00:00+00:00,902.42,0.002607505541209143,0.005387099596615535,42.65393794853829,6.495616006704228,3
2024-09-12 17:00:00+00:00,905.11,0.002976439656255714,0.005289740696038717,43.55026021255137,6.472503686570144,3
2024-09-12 18:00:00+00:00,904.16,-0.0010501473934851902,0.005287574429538969,43.30633468029821,6.424253612838743,3
2024-09-13 10:00:00+00:00,910.98,0.007514607240617366,0.005381274457415192,45.54079426454259,6.4485685405819675,2
2024-09-13 11:00:00+00:00,910.35,-0.0006918021721773471,0.0053796244085620795,45.372232829763405,6.3691971697703265,3
2024-09-13 12:00:00+00:00,910.57,0.000241636097215725,0.005380904715862062,45.44418679101452,6.2680132263749195,3
2024-09-13 13:00:00+00:00,900.39,-0.011242774251319254,0.005324546915306677,42.7833682827222,6.467852961847422,3
2024-09-13 14:00:00+00:00,899.26,-0.0012557999038751433,0.005261156213557288,42.50150028719597,6.510495902610473,3
2024-09-13 15:00:00+00:00,908.8,0.010552845074891515,0.0054860991121444295,45.589635347403714,6.621285984558263,2
2024-09-13 16:00:00+00:00,915.27,0.007094055747726813,0.005560862369030381,47.539489448404964,6.676060264867098,2
2024-09-13 17:00:00+00:00,922.95,0.008355958139995678,0.005681705360199445,49.72186989014532,6.732739059569756,2
2024-09-13 18:00:00+00:00,928.07,0.005532099121296596,0.0057286418467568725,51.10556388202315,6.722884278378362,0
2024-09-16 10:00:00+00:00,931.53,0.0037212346662940377,0.005741659898940522,52.01618100005238,6.8224265928107934,0
2024-09-16 11:00:00+00:00,938.65,0.0076142771281713095,0.005724972096658993,53.82206037868898,6.857778060954578,2
2024-09-16 12:00:00+00:00,945.93,0.0077258977720147115,0.005821973018055637,55.56678533576782,6.884422499735486,2
2024-09-16 13:00:00+00:00,945.8,-0.00013744033260998378,0.0056728610006321605,55.52855618060712,6.831334049740776,0
2024-09-16 14:00:00+00:00,948.01,0.0023339205128172225,0.00567627196453922,56.053038827470665,6.809107368745961,0
2024-09-16 15:00:00+00:00,949.56,0.001633668686509715,0.005074560829098892,56.42086434531199,6.772725221371042,0
2024-09-16 16:00:00+00:00,949.45,-0.00011584983767676249,0.005073209331255695,56.386688087821746,6.693670716943622,0
2024-09-16 17:00:00+00:00,948.57,-0.0009272821814896304,0.005051231443178811,56.109239154818304,6.61919730260475,0
2024-09-16 18:00:00+00:00,948.5,-7.379801486706583e-05,0.005036771404150026,56.08683870566989,6.518013356552656,0
2024-09-17 10:00:00+00:00,947.75,-0.0007910349786248716,0.005026447108119329,55.84309747817778,6.5896530894216,0
2024-09-17 11:00:00+00:00,950.34,0.0027290609059393844,0.0050381502355605,56.509104498480724,6.615060027633168,0
2024-09-17 12:00:00+00:00,948.83,-0.0015901686717736396,0.005044268250443281,56.0065649443186,6.5755588270805045,0
2024-09-17 13:00:00+00:00,947.9,-0.0009806351716141748,0.005033042110168657,55.69528568343961,6.499647650538897,0
2024-09-17 14:00:00+00:00,944.94,-0.0031275780444515178,0.00503172315733161,54.70777235134044,6.482254697528119,0
2024-09-17 15:00:00+00:00,948.82,0.004097673864762896,0.005060315903524923,55.757031415861235,6.468609603577555,0
2024-09-17 16:00:00+00:00,951.56,0.0028836357977581883,0.005039889918605064,56.4834817864728,6.475037411506003,0
2024-09-17 17:00:00+00:00,955.7,0.004341313195068253,0.00507300951057159,57.557921463598944,6.4609366632758825,0
2024-09-17 18:00:00+00:00,955.8,0.00010462987192383366,0.005069568608997898,57.58373419206671,6.4035179300103655,0
2024-09-18 10:00:00+00:00,955.92,0.00012554139744125337,0.005064669965270963,57.61529888462428,6.430447571410158,0
2024-09-18 11:00:00+00:00,952.71,-0.0033636724001748775,0.005078529296281667,56.468277842184364,6.388638619981956,0
2024-09-18 12:00:00+00:00,951.84,-0.0009136017017281617,0.0050641648048571995,56.159076289256674,6.350465847582317,0
2024-09-18 13:00:00+00:00,949.32,-0.002651014618289871,0.004583863831556537,55.2646597194368,6.34645653063067,0
2024-09-18 14:00:00+00:00,945.41,-0.004127242984792723,0.00462214463084764,53.905400466291965,6.328727400018055,3
2024-09-18 15:00:00+00:00,947.07,0.0017543122524275034,0.004625734063870312,54.3913678259294,6.304752852017693,0
2024-09-18 16:00:00+00:00,950.64,0.0037624338928301526,0.004617551977487746,55.4227146235245,6.293057794977337,0
2024-09-18 17:00:00+00:00,947.76,-0.003034136335267057,0.004645578091320298,54.40989121508095,6.301596639077789,0
2024-09-18 18:00:00+00:00,945.61,-0.002271083754479264,0.004660935602801611,53.66285847585873,6.230764706296235,3
2024-09-19 10:00:00+00:00,943.74,-0.001979517411418108,0.004643453099774504,53.016828612498095,6.225949412170309,3
2024-09-19 11:00:00+00:00,947.95,0.004451053767440705,0.0046789461948130995,54.28123787346716,6.224630423926905,0
2024-09-19 12:00:00+00:00,954.42,0.0068020678902769305,0.004759758576369135,56.132567148555175,6.229937815448367,2
2024-09-19 13:00:00+00:00,949.75,-0.004905034070588954,0.0047319295032243235,54.506916054384284,6.204339059139401,3
2024-09-19 14:00:00+00:00,952.08,0.0024502728064490498,0.0047384503681018155,55.16793535561393,6.191052277956614,0
2024-09-19 15:00:00+00:00,946.29,-0.0060999888891499765,0.004237296381122741,53.207562444226745,6.2260312323974825,3
2024-09-19 16:00:00+00:00,947.88,0.0016788359792938579,0.004231240763307836,53.668898157061996,6.161510607749533,1
2024-09-19 17:00:00+00:00,939.29,-0.009103641246442251,0.004455777855168041,50.90228373086485,6.274880395594543,3
2024-09-19 18:00:00+00:00,937.6,-0.0018008518951377894,0.004467279857528708,50.380897779020415,6.190782787682651,3
2024-09-20 10:00:00+00:00,943.64,0.006421318655883468,0.004539395202331142,52.16766429342924,6.203967131928998,2
2024-09-20 11:00:00+00:00,946.53,0.003057928389525344,0.004434677212425235,52.994094447101894,6.154687789290418,3
2024-09-20 12:00:00+00:00,947.21,0.0007181556382880316,0.0044288033472366685,53.18828322532048,6.082594033504608,3
2024-09-20 13:00:00+00:00,947.11,-0.00010557878298644852,0.004421733078047734,53.15533109133211,6.002542152834517,3
2024-09-20 14:00:00+00:00,948.43,0.0013927431901947784,0.004413152322286715,53.54300497290187,5.916091309777828,1
2024-09-20 15:00:00+00:00,946.46,-0.0020792771187316816,0.004329955263668193,52.87660321126577,5.903969483582273,3
2024-09-20 16:00:00+00:00,945.18,-0.0013533232489884028,0.004335501919352531,52.44384473208585,5.826890093910629,3
2024-09-20 17:00:00+00:00,945.82,0.000676890559953236,0.004334895391764978,52.64159769930795,5.768752292032416,1
2024-09-20 18:00:00+00:00,946.7,0.0009299770289592502,0.0039738491546754,52.91630074327501,5.690177246191767,1
2024-09-23 10:00:00+00:00,956.75,0.01055987117096624,0.004182616545556621,55.89747394422949,5.79057370126793,2
2024-09-23 11:00:00+00:00,957.47,0.0007522646654551934,0.00396102378161467,56.10066981783973,5.731762227242572,1
2024-09-23 12:00:00+00:00,956.25,-0.0012750038305213707,0.003876036472574812,55.65729120189986,5.681526982697721,1
2024-09-23 13:00:00+00:00,959.41,0.003299127054051887,0.003740483639895889,56.56459299338309,5.645296443043767,1
2024-09-23 14:00:00+00:00,960.33,0.0009584631985894987,0.0036771600085904296,56.82702463542898,5.6081905141828905,1
2024-09-23 15:00:00+00:00,959.92,-0.00042702773725356025,0.0036539444680297427,56.67131855460135,5.521826703899231,1
2024-09-23 16:00:00+00:00,962.17,0.0023412025740006115,0.0035210571837762826,57.32608398158694,5.467390169821248,1
2024-09-23 17:00:00+00:00,960.05,-0.0022057837912088374,0.003382214346954136,56.50511770493108,5.451442366424824,1
2024-09-23 18:00:00+00:00,956.01,-0.004216993191185736,0.003441577839760878,54.974201567103556,5.440413519096327,1
2024-09-24 10:00:00+00:00,961.68,0.005913381748259283,0.003522828610144284,56.65597867494444,5.5768052487144,1
2024-09-24 11:00:00+00:00,965.62,0.0040886270831785865,0.0035589133130051833,57.77431091855828,5.645669143740111,1
2024-09-24 12:00:00+00:00,968.72,0.0032052303669338755,0.003581240299555413,58.63125674730344,5.664555760865309,1
2024-09-24 13:00:00+00:00,968.4,-0.00033038738220803054,0.0035777123857320503,58.506190346386745,5.638264645648002,1
2024-09-24 14:00:00+00:00,967.51,-0.0009194642960688171,0.0035820607351635335,58.1541389821831,5.625299352735042,1
2024-09-24 15:00:00+00:00,966.84,-0.0006927391907289859,0.003581422392339588,57.88656694453907,5.5907933656803435,1
2024-09-24 16:00:00+00:00,968.76,0.0019838816178188168,0.003573068368821691,58.44565077438247,5.530177498366738,1
2024-09-24 17:00:00+00:00,972.98,0.004346623795240312,0.003604631056697788,59.64712890979582,5.517973948399402,1
2024-09-24 18:00:00+00:00,974.27,0.0013249456296975382,0.0036000127027413153,60.007811961864064,5.459214469431413,1
2024-09-25 10:00:00+00:00,969.11,-0.005310348080053373,0.003658267141600184,57.89563156576366,5.5166301800427835,1
2024-09-25 11:00:00+00:00,971.95,0.002926238268313064,0.003638487471804455,58.71182199349767,5.4996975764419265,1
2024-09-25 12:00:00+00:00,977.91,0.006113278452300364,0.0037099636900282985,60.357435798408126,5.557703624913088,1
2024-09-25 13:00:00+00:00,976.69,-0.0012483374178158257,0.003677347619316969,59.8591025088865,5.509749552414824,1
2024-09-25 14:00:00+00:00,972.24,-0.004566616280061275,0.003744621654257203,58.07447128188283,5.503154561366526,1
2024-09-25 15:00:00+00:00,971.69,-0.0005658640122598868,0.003746709863076511,57.85692571238426,5.482091470139194,1
2024-09-25 16:00:00+00:00,965.43,-0.006463225604727896,0.003833657131736452,55.44473916517826,5.516249640736408,1
2024-09-25 17:00:00+00:00,967.86,0.002513850772194459,0.00384277990961521,56.168586334547825,5.596924647921679,1
2024-09-25 18:00:00+00:00,965.0,-0.0029593473787654645,0.0038479114937758447,55.09364908588996,5.614186154963246,1
2024-09-26 10:00:00+00:00,958.93,-0.006310021820374878,0.003911344087804224,52.901092347285626,5.65750243186398,3
2024-09-26 11:00:00+00:00,964.7,0.005999092657896554,0.003989200276581222,54.6516322259244,5.699952383226701,1
2024-09-26 12:00:00+00:00,967.39,0.002784551173212968,0.00397459371304927,55.43951476619134,5.712553335562165,1
2024-09-26 13:00:00+00:00,964.61,-0.0028778487770866334,0.003971939112289148,54.442042866534194,5.676902268850923,1
2024-09-26 14:00:00+00:00,967.75,0.003249914885123495,0.003974257586768345,55.36757292902428,5.675364223473905,1
2024-09-26 15:00:00+00:00,963.47,-0.004432438569664576,0.004019899239379028,53.846085154362896,5.680656939004429,1
2024-09-26 16:00:00+00:00,959.94,-0.0036705683794178157,0.004017521692634083,52.62893975359127,5.708643800224341,3
2024-09-26 17:00:00+00:00,962.3,0.002455469853679837,0.003918694579503232,53.348333589144346,5.655070924219854,1
2024-09-26 18:00:00+00:00,964.64,0.0024287223787400336,0.00386191185548219,54.054287544705765,5.640369505735456,1
2024-09-27 10:00:00+00:00,965.51,0.0009014844016466128,0.0038505986483949022,54.316555587423125,5.644562115620745,1
2024-09-27 11:00:00+00:00,968.21,0.0027925467540503845,0.003754053174496577,55.12769811095296,5.622270873308329,1
2024-09-27 12:00:00+00:00,970.14,0.001991385082986241,0.0037563870045569875,55.70141241366692,5.571025455842162,1
2024-09-27 13:00:00+00:00,970.26,0.0001236858381288286,0.0034942527172824984,55.7373172476024,5.510004946725319,1
2024-09-27 14:00:00+00:00,968.55,-0.001763969077321903,0.003493728882896035,55.08807107612701,5.446204847790812,1
2024-09-27 15:00:00+00:00,968.51,-4.1299701615038487e-05,0.0033939603480294925,55.07275886268906,5.374880750834995,1
2024-09-27 16:00:00+00:00,969.94,0.0014754058752144417,0.0033771498016632664,55.52374026907676,5.322783135818295,1
2024-09-27 17:00:00+00:00,972.96,0.0031087574576149635,0.0033973278217723237,56.465472747575475,5.281527473101928,1
2024-09-27 18:00:00+00:00,971.29,-0.001717886496797938,0.0034111695249791157,55.798807735957794,5.247896923639889,1
2024-09-30 10:00:00+00:00,977.87,0.006751651989215013,0.0035220431860085864,57.80189993074109,5.3119389851670915,1
2024-09-30 11:00:00+00:00,978.49,0.000633830195624796,0.0035005780813681412,57.98496748473846,5.296500205463749,1
2024-09-30 12:00:00+00:00,971.26,-0.00741636942069146,0.0036727227207938124,55.13857645071185,5.353170201354474,1
2024-09-30 13:00:00+00:00,971.93,0.0006895877670736184,0.0036727325092097292,55.34585357115064,5.345506797327386,1
2024-09-30 14:00:00+00:00,966.67,-0.0054266098298514365,0.0037679050947086383,53.370413980593604,5.368596661380837,1
2024-09-30 15:00:00+00:00,970.61,0.004067564247088207,0.003514606797895488,54.60874084838169,5.4892247281532205,1
2024-09-30 16:00:00+00:00,971.41,0.0008238844556212044,0.003514814605765042,54.85712884401977,5.451040233590158,1
2024-09-30 17:00:00+00:00,962.9,-0.008799060032843364,0.003737176543491118,51.78141595817577,5.5216194289183544,3
2024-09-30 18:00:00+00:00,965.64,0.0028415296998032247,0.0037298318898978,52.653573324675115,5.478387040339987,1
2024-10-01 10:00:00+00:00,951.2,-0.015066748569469546,0.004301807267707046,47.98605528568514,5.657819299533186,3
2024-10-01 11:00:00+00:00,948.19,-0.0031694412624156953,0.00432231145827554,47.09801235539253,5.674662913542522,3
2024-10-01 12:00:00+00:00,952.76,0.004808131517557435,0.004366301533883956,48.57248948811411,5.708569655271671,3
2024-10-01 13:00:00+00:00,952.03,-0.0007664887318181712,0.00435752054303011,48.35282065157275,5.69239826216624,3
2024-10-01 14:00:00+00:00,951.56,-0.0004938038228301522,0.004318550808683476,48.2095819503527,5.691350296922915,3
2024-10-01 15:00:00+00:00,949.01,-0.0026834071148575944,0.004245031405957019,47.43168272328161,5.631323290984455,3
2024-10-01 16:00:00+00:00,950.75,0.0018318108461610194,0.004209643573297554,48.01572589473459,5.702296825164767,3
2024-10-01 17:00:00+00:00,953.7,0.0030980097764983228,0.004207843078712522,48.996053758088934,5.688450888661472,3
2024-10-01 18:00:00+00:00,949.6,-0.004308313289408616,0.004245623724570016,47.71980942068713,5.680281870888244,3
2024-10-02 10:00:00+00:00,957.25,0.008023747061945308,0.004408223406880163,50.190055866283224,5.732676233470478,2
2024-10-02 11:00:00+00:00,956.0,-0.001306677306002868,0.004410440799581562,49.797740552074714,5.680222708801069,3
2024-10-02 12:00:00+00:00,953.6,-0.00251361674031525,0.0044103240568031865,49.04663333133261,5.6484182546250485,3
2024-10-02 13:00:00+00:00,954.83,0.0012890178526960838,0.004365330361013563,49.445401750262064,5.589849889532548,3
2024-10-02 14:00:00+00:00,953.34,-0.001561706035451138,0.00436145427893067,48.9716533897735,5.5354528917418975,3
2024-10-02 15:00:00+00:00,948.33,-0.00526906518067527,0.0043605161798911125,47.4130170986322,5.545343833907059,3
2024-10-02 16:00:00+00:00,947.75,-0.0006117885512111343,0.004333506090991553,47.23542157912745,5.522636957228917,3
2024-10-02 17:00:00+00:00,929.17,-0.019799039858668266,0.0050208780356604905,42.0827742811457,5.8213842180843365,3
2024-10-02 18:00:00+00:00,922.28,-0.0074428494493634645,0.005102328023084693,40.4145744729137,5.843156533722651,3
2024-10-03 10:00:00+00:00,922.06,-0.00023856772725583397,0.005079782912379271,40.36244317543544,5.909093403048198,3
2024-10-03 11:00:00+00:00,919.21,-0.003095691860547589,0.005087355609674852,39.68575088433986,5.908111534987235,3
2024-10-03 12:00:00+00:00,919.15,-6.527557172830711e-05,0.005030112595257631,39.67146285569749,5.882149304287491,3
2024-10-03 13:00:00+00:00,915.36,-0.004131899408662321,0.005023639476523879,38.77172758269941,5.897506318201741,3
2024-10-03 14:00:00+00:00,914.91,-0.0004917307381617775,0.0050172717329798125,38.66548290133181,5.852356191837706,3
2024-10-03 15:00:00+00:00,924.51,0.010438167644275964,0.005215196489308587,42.11824293096051,5.951709068000953,2
2024-10-03 16:00:00+00:00,928.05,0.00382174321877482,0.005166717638128955,43.31886395653664,6.009274886640932,3
2024-10-03 17:00:00+00:00,922.87,-0.005597231132275837,0.005184825172481554,42.01751134943365,6.038489388908114,3
2024-10-03 18:00:00+00:00,922.39,-0.0005202519003573158,0.005177578516590251,41.898496331368165,5.9697196011299525,3
2024-10-04 10:00:00+00:00,932.04,0.010407604607081566,0.005389150461110109,45.08921902804019,6.068325209107353,2
2024-10-04 11:00:00+00:00,933.28,0.0013295307857719152,0.005370415711299219,45.48178406834007,6.024158704925206,3
2024-10-04 12:00:00+00:00,930.81,-0.002650088188404176,0.0053605807486175145,44.83034282162688,5.984875530826702,3
2024-10-04 13:00:00+00:00,932.85,0.002189241401084452,0.005357598724710648,45.48835538299373,5.953178020210167,3
2024-10-04 14:00:00+00:00,931.45,-0.0015019044822901506,0.005340737785891839,45.11157035525944,5.889914459805962,3
2024-10-04 15:00:00+00:00,927.54,-0.004206591499420043,0.005358299991549939,44.07123988996161,5.8825161706098426,3
2024-10-04 16:00:00+00:00,926.88,-0.0007118128879834984,0.005333177707946376,43.89687538478199,5.862265847197645,3
2024-10-04 17:00:00+00:00,930.12,0.003489502733105887,0.00535376422149382,44.98716490715965,5.824220530253694,3
2024-10-04 18:00:00+00:00,931.29,0.0012571117100286244,0.005360334320870517,45.37830714900951,5.773136119648622,3
2024-10-07 10:00:00+00:00,928.65,-0.0028388031580979245,0.005366349586685687,44.64740555280284,5.796673397255648,3
2024-10-07 11:00:00+00:00,929.56,0.0009794372786142702,0.005371394495199303,44.95922739372012,5.742739929310536,3
2024-10-07 12:00:00+00:00,925.63,-0.004236769148921127,0.005382291569754269,43.87014019287863,5.766285130724325,3
2024-10-07 13:00:00+00:00,924.22,-0.0015244482234377799,0.005351041140925774,43.484503088774616,5.718559428109838,3
2024-10-07 14:00:00+00:00,925.42,0.0012975499755238928,0.005360090505222007,43.91266756630633,5.67958823954764,3
2024-10-07 15:00:00+00:00,923.78,-0.0017737404607123253,0.005243865597266247,43.45356991515048,5.633996474756686,3
2024-10-07 16:00:00+00:00,928.13,0.00469786112752324,0.005303053053972497,45.00961210178708,5.649916545261553,3
2024-10-07 17:00:00+00:00,914.76,-0.014510073393758205,0.005565081722795844,41.433706579500125,5.819318214356323,3
2024-10-07 18:00:00+00:00,916.17,0.0015402011859935172,0.005572267311007224,41.93017645508089,5.769931850069197,3
2024-10-08 10:00:00+00:00,911.47,-0.00514325617822653,0.005568004465501103,40.75506404603235,5.758733213067811,3
2024-10-08 11:00:00+00:00,911.57,0.00010970686337152813,0.005519864007467326,40.79109003026001,5.693758548806454,3
2024-10-08 12:00:00+00:00,917.01,0.005949989663092126,0.005606195394444192,42.72442411994662,5.710683377830325,3
2024-10-08 13:00:00+00:00,917.44,0.00046880537259141875,0.005500435497691653,42.87487353295644,5.642869710273719,3
2024-10-08 14:00:00+00:00,914.33,-0.0033956260756129453,0.00548299213974363,42.05951033909441,5.612812316068244,3
2024-10-08 15:00:00+00:00,913.63,-0.0007658811289266154,0.005098657551412001,41.8766029415167,5.56795606974688,3
2024-10-08 16:00:00+00:00,914.01,0.0004158368228699416,0.005089943843142139,42.016282417028556,5.495796948351943,3
2024-10-08 17:00:00+00:00,913.83,-0.00019695378214912296,0.005027553440407535,41.96753429457204,5.4374810093849035,3
2024-10-08 18:00:00+00:00,913.97,0.00015318962717358886,0.005029488827343122,42.02092197224153,5.357931389197206,3
2024-10-09 10:00:00+00:00,910.11,-0.004232276831877435,0.005052338170358963,40.96076241862184,5.3595727614132604,3
2024-10-09 11:00:00+00:00,910.03,-8.790532602009904e-05,0.005046874385620013,40.9389190993866,5.300181306184995,3
2024-10-09 12:00:00+00:00,908.23,-0.0019799155104438526,0.00503448361748788,40.4437444517561,5.260977680061293,3
2024-10-09 13:00:00+00:00,905.54,-0.002966199652981949,0.005008812786900542,39.71127492914173,5.245558126460067,3
2024-10-09 14:00:00+00:00,906.69,0.0012691547478675957,0.004996548936485131,40.18385575920303,5.204046963930865,3
2024-10-09 15:00:00+00:00,905.92,-0.0008496036613694358,0.004826931063287148,39.96979418153503,5.15316602465225,3
2024-10-09 16:00:00+00:00,902.02,-0.004314309157725127,0.004848223736532614,38.89883836468815,5.138102704159204,3
2024-10-09 17:00:00+00:00,894.52,-0.008349431207292923,0.00495058151192704,36.955751308862844,5.24474065007602,3
2024-10-09 18:00:00+00:00,893.19,-0.00148793735603725,0.004936739682860399,36.624700985801546,5.180045837074499,3
2024-10-10 10:00:00+00:00,898.01,0.00538187989517791,0.005027059232092059,38.65681297118991,5.207844920333008,3
2024-10-10 11:00:00+00:00,901.2,0.003546004460432073,0.00503585948188001,39.95700509672027,5.183088021926348,3
2024-10-10 12:00:00+00:00,899.5,-0.001888155167501182,0.005036985430666174,39.50171385378712,5.144226261487822,3
2024-10-10 13:00:00+00:00,896.8,-0.003006181632637883,0.004261079800933178,38.78548087267628,5.098541736258066,3
2024-10-10 14:00:00+00:00,894.77,-0.0022661697491690447,0.00415571691902469,38.253355325890034,5.071570901532905,3
2024-10-10 15:00:00+00:00,896.8,0.0022661697491690447,0.004175282622150315,39.10585532681668,5.037939483502249,3
2024-10-10 16:00:00+00:00,897.95,0.0012815157067951333,0.004166816289565193,39.58800285560761,4.990380693832203,3
2024-10-10 17:00:00+00:00,895.04,-0.00324597745115085,0.004184783290619801,38.79486670098018,4.97497307995556,3
2024-10-10 18:00:00+00:00,894.64,-0.0004470072936619829,0.0041524070112592525,38.68615391227561,4.899473618356449,3
2024-10-11 10:00:00+00:00,891.97,-0.002988902992496989,0.0041678108748824895,37.96159120917094,4.89168414598932,3
2024-10-11 11:00:00+00:00,891.99,2.2422027400992306e-05,0.0038583531601304646,37.970471180437,4.840650463069532,3
2024-10-11 12:00:00+00:00,888.7,-0.00369520101040699,0.0038242227773026514,37.07957822995297,4.826637453808141,3
2024-10-11 13:00:00+00:00,887.86,-0.000945647839191821,0.0037628777009997573,36.85429701479433,4.770304704731978,3
2024-10-11 14:00:00+00:00,888.29,0.00048419334898586186,0.0037669362664445997,37.05406274763618,4.70769861063734,3
2024-10-11 15:00:00+00:00,888.02,-0.0003040009931591925,0.00340659581735349,36.979107361338556,4.659744638424595,3
2024-10-11 16:00:00+00:00,887.64,-0.0004280098732873938,0.0033914427837669356,36.871990619204475,4.590349745656104,3
2024-10-11 17:00:00+00:00,899.99,0.013817396763693424,0.003977212598082435,42.404786052730394,4.770342750742983,2
2024-10-11 18:00:00+00:00,903.24,0.003604646682970447,0.004002957500686255,43.729117143613394,4.753535895728124,3
2024-10-14 10:00:00+00:00,895.07,-0.009086371327504672,0.004176049042907171,41.29352398204329,4.840465177813562,3
2024-10-14 11:00:00+00:00,893.9,-0.0013080154131293042,0.00414777193897417,40.96014878021064,4.798055874257291,3
2024-10-14 12:00:00+00:00,897.13,0.003606867000240044,0.004193065244734795,42.27301597814109,4.820494756772146,3
2024-10-14 13:00:00+00:00,904.78,0.008491041131110322,0.004350593501102281,45.21712057684043,4.915884861636702,2
2024-10-14 14:00:00+00:00,907.09,0.002549853192101992,0.004365382929555518,46.064683726690504,4.896567164403966,3
2024-10-14 15:00:00+00:00,906.89,-0.00022050959857367047,0.0043527660381527476,46.001806404608864,4.850635821115888,3
2024-10-14 16:00:00+00:00,912.21,0.005849062907048896,0.004439568170228412,47.93093544883529,4.863823104693569,1
2024-10-14 17:00:00+00:00,911.11,-0.0012065903225479957,0.004406359501362152,47.57235084534373,4.832746642599697,3
2024-10-14 18:00:00+00:00,909.1,-0.0022085372753739563,0.004411246965496401,46.917878357368636,4.787091709747703,3
2024-10-15 10:00:00+00:00,911.38,0.0025048351996153073,0.004423623667241481,47.74990376820337,4.812349875552748,1
2024-10-15 11:00:00+00:00,916.17,0.005242002646748567,0.004486924524778683,49.448525726202256,4.874302878041695,1
2024-10-15 12:00:00+00:00,918.24,0.00225685738587611,0.004446022640250549,50.162973549861604,4.880416820480862,1
2024-10-15 13:00:00+00:00,916.65,-0.0017330743510184377,0.003946737837892361,49.61338677996722,4.852408484071245,1
2024-10-15 14:00:00+00:00,920.58,0.004278186176135179,0.00398675080789178,50.96826301738889,4.83556031438982,1
2024-10-15 15:00:00+00:00,917.43,-0.0034276234449297505,0.003947931600105356,49.87146041580484,4.816249108102024,1
2024-10-15 16:00:00+00:00,916.17,-0.0013743457660631009,0.0039536644667158855,49.43723352567545,4.774324125939985,1
2024-10-15 17:00:00+00:00,909.7,-0.0070870621461605054,0.003989760765311169,47.280225185413954,4.862437643421185,3
2024-10-15 18:00:00+00:00,911.11,0.0015487615751705874,0.00399615287539846,47.78682672942141,4.799988890552761,1
2024-10-16 10:00:00+00:00,914.74,0.003976235487755275,0.00400949769034792,49.0724311116202,4.807389112741707,1
2024-10-16 11:00:00+00:00,917.56,0.003078100994985178,0.004031131886271118,50.047424230347154,4.799841330486872,1
2024-10-16 12:00:00+00:00,909.95,-0.008328319939510997,0.004202553349209974,47.541154535515396,4.8728445038771335,3
2024-10-16 13:00:00+00:00,909.68,-0.0002967636299482379,0.004202629359269372,47.455118148848804,4.835187613799591,3
2024-10-16 14:00:00+00:00,906.82,-0.003148915346252501,0.004224601182256626,46.5446630708337,4.813283861523599,3
2024-10-16 15:00:00+00:00,906.69,-0.00014336838531114893,0.004183480732006141,46.503281182547994,4.794018184293128,3
2024-10-16 16:00:00+00:00,905.51,-0.0013022847001078475,0.0041870789717177856,46.12346373884394,4.754337820607264,3
2024-10-16 17:00:00+00:00,901.34,-0.004615775967701019,0.004227633266562801,44.80388604537069,4.77585106419512,3
2024-10-16 18:00:00+00:00,901.58,0.0002662347762720785,0.004208396490148182,44.89647124637986,4.727334042911218,3
2024-10-17 10:00:00+00:00,902.59,0.0011196285333516798,0.004207465677753339,45.290546806683004,4.730987362052993,3
2024-10-17 11:00:00+00:00,901.57,-0.0011307202339869704,0.004208688201144571,44.95920863545522,4.699767614811932,3
2024-10-17 12:00:00+00:00,898.45,-0.003466631620269389,0.004193028392731293,43.95550493183843,4.712772262515694,3
2024-10-17 13:00:00+00:00,897.13,-0.0014702772784156437,0.00402564821894456,43.53591237057627,4.684116817265379,3
2024-10-17 14:00:00+00:00,897.85,0.0008022373938603167,0.004020722257772136,43.834325532873784,4.646434480920073,3
2024-10-17 15:00:00+00:00,898.02,0.0001893232812033574,0.003948021835122815,43.9057512065941,4.618905791301674,3
2024-10-17 16:00:00+00:00,898.52,0.0005566255278584009,0.003915732871916577,44.11902737548476,4.585727675475641,3
2024-10-17 17:00:00+00:00,898.66,0.00015579964197609542,0.003906912546459117,44.179665866016954,4.5504131219661295,3
2024-10-17 18:00:00+00:00,896.12,-0.002830432360216406,0.0039042480428900894,43.30960771367855,4.531004859526807,3
2024-10-18 10:00:00+00:00,894.81,-0.0014629273434847434,0.0038964415607654884,42.86534113697904,4.534584762336272,3
2024-10-18 11:00:00+00:00,895.07,0.00029052227169223954,0.0038829951933264726,42.98379076672218,4.518493067089548,3
2024-10-18 12:00:00+00:00,894.59,-0.0005364147508570838,0.0038788907520720343,42.81657094137451,4.504723205747757,3
2024-10-18 13:00:00+00:00,891.04,-0.0039761929147204,0.0038924245017697206,41.595364664024906,4.522828741632801,3
2024-10-18 14:00:00+00:00,892.26,0.0013682500872880254,0.0038974849929684094,42.173737213613364,4.4963721668001435,3
2024-10-18 15:00:00+00:00,892.38,0.0001344809039149908,0.003874435612944237,42.231155387635376,4.443644723464141,3
2024-10-18 16:00:00+00:00,890.77,-0.00180579360962696,0.0038829256309771934,41.66477031594652,4.429971828994858,3
2024-10-18 17:00:00+00:00,900.1,0.01041961104010447,0.004116865323177111,45.95118974962366,4.560372392414961,2
2024-10-18 18:00:00+00:00,899.12,-0.0010893610530278153,0.004117770698042013,45.592125678648635,4.506764944566662,3
2024-10-21 10:00:00+00:00,905.27,0.006816734536064573,0.004221144365989142,48.18484188412481,4.540629645675329,1
2024-10-21 11:00:00+00:00,904.33,-0.0010389037185527528,0.004224847891148141,47.829362452088276,4.509017052761821,1
2024-10-21 12:00:00+00:00,906.96,0.002904009681819808,0.004238357301691489,48.905529673687674,4.485636711706585,1
2024-10-21 13:00:00+00:00,907.58,0.0006833688142755534,0.0037732370342771476,49.157812512407546,4.422323977472454,1
2024-10-21 14:00:00+00:00,905.42,-0.0023827920816161807,0.003756917744228179,48.30983305708327,4.381677497923004,1
2024-10-21 15:00:00+00:00,906.86,0.0015891587426342113,0.003523280215656818,48.909371031150215,4.338043947964542,1
2024-10-21 16:00:00+00:00,907.71,0.0009368611430495832,0.0035171666859050246,49.263822567113486,4.274683069005251,1
2024-10-21 17:00:00+00:00,906.31,-0.0015435334538302925,0.0034938824817264767,48.69602676786368,4.242589407625145,1
2024-10-21 18:00:00+00:00,907.34,0.0011358311810276689,0.003286518855187466,49.13613203311836,4.223537619472641,1
2024-10-22 10:00:00+00:00,905.58,-0.0019416196554917775,0.003278350083799273,48.412016105137255,4.228466867083188,1
2024-10-22 11:00:00+00:00,905.29,-0.0003202880410846376,0.003278496717847196,48.29235726367568,4.193497529741523,1
2024-10-22 12:00:00+00:00,909.73,0.004892517830753285,0.0032460897235161317,50.214788769156165,4.275827579146692,1
2024-10-22 13:00:00+00:00,908.39,-0.0014740503846084607,0.0032482467319087426,49.64635579402652,4.247911027563758,1
2024-10-22 14:00:00+00:00,908.0,-0.00042942320315830784,0.003233941385828738,49.48001026309921,4.209552807012483,1
2024-10-22 15:00:00+00:00,906.04,-0.002160923422526828,0.0032267836860228774,48.64417631813904,4.192761750872234,1
2024-10-22 16:00:00+00:00,905.69,-0.000386371042432998,0.0031328041590985138,48.49490641650787,4.14330651585479,1
2024-10-22 17:00:00+00:00,899.83,-0.006491227542665179,0.00323373438583194,46.0791700519396,4.201440385537696,1
2024-10-22 18:00:00+00:00,898.57,-0.001401245780878746,0.0032312928694222063,45.58099262710162,4.151211577826941,1
2024-10-23 10:00:00+00:00,891.21,-0.008224520876870756,0.0033438100843085094,42.82154043103034,4.226387346270403,3
2024-10-23 11:00:00+00:00,893.45,0.0025102833887507003,0.003348533512644169,43.876719750635985,4.202659599344995,1
2024-10-23 12:00:00+00:00,894.01,0.0006265874686119943,0.0033501895466653262,44.13969269773633,4.178406407358095,1
2024-10-23 13:00:00+00:00,896.27,0.0025247460737993777,0.0032377829447614425,45.1971563717162,4.184038279210934,1
2024-10-23 14:00:00+00:00,893.96,-0.002580675423859091,0.003242391871270581,44.322052775728686,4.165957513626714,1
2024-10-23 15:00:00+00:00,896.27,0.002580675423859091,0.003209971267799753,45.400772888445466,4.14463836335418,1
2024-10-23 16:00:00+00:00,895.84,-0.00047988126649833873,0.003170306122575599,45.23430751577754,4.123545596087097,1
2024-10-23 17:00:00+00:00,893.91,-0.002156726635687889,0.002972437651621619,44.487241608802535,4.092874684165356,1
2024-10-23 18:00:00+00:00,891.54,-0.0026547944685839653,0.0029901371608911493,43.58526429102727,4.067617190482047,1
2024-10-24 10:00:00+00:00,882.27,-0.010452172886457056,0.003290326983329359,40.322310942371814,4.1820648466724055,3
2024-10-24 11:00:00+00:00,883.29,0.001155440895216131,0.0032987101958446624,40.81975278992378,4.142023549738958,3
2024-10-24 12:00:00+00:00,878.88,-0.005005202910759898,0.00335760490597494,39.37188511673131,4.17498307874418,3
2024-10-24 13:00:00+00:00,880.54,0.0018869860437709107,0.003324540538972749,40.186775402460526,4.188483417169297,3
2024-10-24 14:00:00+00:00,882.93,0.002710566625245825,0.0033533883151345865,41.3450027935404,4.17871374882591,3
2024-10-24 15:00:00+00:00,880.36,-0.002915007536855363,0.003364157306110331,40.48480599045849,4.151939473849392,3
2024-10-24 16:00:00+00:00,885.69,0.006036087520642219,0.003487112176215275,42.99471473616034,4.177300684372406,1
2024-10-24 17:00:00+00:00,888.55,0.003223918384381186,0.0034936510560807624,44.28131514101087,4.158154670684956,1
2024-10-24 18:00:00+00:00,885.22,-0.0037547189457143304,0.003525110031693243,43.12491292225619,4.167991577271256,3
2024-10-25 10:00:00+00:00,887.05,0.0020651488208764945,0.003537432837910151,43.9457886841898,4.167831745725831,1
2024-10-25 11:00:00+00:00,887.38,0.0003719504334407375,0.0035379815631894187,44.094262037351534,4.140275110811314,1
2024-10-25 12:00:00+00:00,887.67,0.0003267513620235363,0.0035370766379656795,44.22673410923753,4.109469608595086,1
2024-10-25 13:00:00+00:00,891.73,0.004563343874887771,0.0036015524592628305,46.05289097492139,4.362480216423184,1
2024-10-25 14:00:00+00:00,884.27,-0.008400950309318311,0.003768307403640276,43.38922007411099,4.464830612094721,3
2024-10-25 15:00:00+00:00,880.97,-0.003738872724695419,0.0037966967999230735,42.28523933162856,4.529533999852827,3
2024-10-25 16:00:00+00:00,870.32,-0.012162613030167968,0.004148540113534888,39.01610228352639,4.679943319855769,3
2024-10-25 17:00:00+00:00,866.41,-0.00450272247972805,0.004185817261978772,37.91788195484617,4.720944453458654,3
2024-10-25 18:00:00+00:00,866.98,0.0006576708306207379,0.004161676228265613,38.176744662378965,4.688525564389481,3
2024-10-28 10:00:00+00:00,857.89,-0.010540022322943265,0.004384580877436262,35.750952790783316,4.900955053101693,3
2024-10-28 11:00:00+00:00,861.15,0.0037928191409788425,0.004430531535464271,37.21099655759789,4.928535952039659,3
2024-10-28 12:00:00+00:00,857.92,-0.0037578502341615305,0.004448924796645414,36.37526990258888,4.957765232998866,3
2024-10-28 13:00:00+00:00,857.15,-0.0008979225941043723,0.004146597977967415,36.17762069340095,4.919809928338889,3
2024-10-28 14:00:00+00:00,849.44,-0.009035623618128596,0.004300383811589323,34.274785482923576,4.987613729772113,3
2024-10-28 15:00:00+00:00,850.79,0.0015880207780165634,0.004164453710861366,34.88669084680008,5.01306145517667,3
2024-10-28 16:00:00+00:00,845.56,-0.006166199865893063,0.004222095317540447,33.648301411890046,5.029600226073137,3
2024-10-28 17:00:00+00:00,842.49,-0.003637337027612375,0.004188998303504557,32.94775975839424,5.084408221551675,3
2024-10-28 18:00:00+00:00,834.31,-0.009756756787547616,0.0043368197281131084,31.182646252872217,5.200120057120642,3
2024-10-29 10:00:00+00:00,842.61,0.009899181569700488,0.004634048024084952,34.799227307000265,5.2897176559782295,3
2024-10-29 11:00:00+00:00,831.93,-0.012755914835716808,0.004880332403400244,32.552977576662116,5.434523302858664,3
2024-10-29 12:00:00+00:00,834.7,0.003324076190382108,0.004918431158304376,33.685839946090795,5.485632836801491,3
2024-10-29 13:00:00+00:00,835.13,0.000515022498703388,0.0049281778215505044,33.86180616844757,5.510720180065461,3
2024-10-29 14:00:00+00:00,839.13,0.004778239473584023,0.0049964336255954814,35.48674658770079,5.535905776464151,3
2024-10-29 15:00:00+00:00,840.36,0.0014647306264485849,0.005014357047529798,35.980281540406764,5.530387660934869,3
2024-10-29 16:00:00+00:00,841.08,0.0008564088448075324,0.005022736698001893,36.271490038842074,5.519379907716171,3
2024-10-29 17:00:00+00:00,840.84,-0.00028538812979128636,0.004941572029905177,36.21545793416102,5.497792309561846,3
2024-10-29 18:00:00+00:00,841.45,0.0007252019886392347,0.00495226450972846,36.4699902789617,5.487636463370609,3
2024-10-30 10:00:00+00:00,848.23,0.008025231272680955,0.0051317315804135085,39.22077423779159,5.519083734103195,3
2024-10-30 11:00:00+00:00,848.14,-0.00010610892680773532,0.005133429271289918,39.197784933595905,5.49490205942113,3
2024-10-30 12:00:00+00:00,848.89,0.0008838972190581273,0.005141285184174691,39.49933711582803,5.471604018232708,3
2024-10-30 13:00:00+00:00,847.1,-0.0021108622865080306,0.005087985074056025,39.02794270910314,5.431971937868052,3
2024-10-30 14:00:00+00:00,840.5,-0.007821798588834916,0.005173274814740742,37.35083941031336,5.461532499110693,3
2024-10-30 15:00:00+00:00,843.21,0.0032190844506461147,0.005115118250164371,38.458862857711864,5.46150184912848,3
2024-10-30 16:00:00+00:00,842.52,-0.0008186364821591852,0.005088667300762786,38.282951922895315,5.42547181214591,3
2024-10-30 17:00:00+00:00,850.02,0.008862477802157542,0.005277913294633582,41.26281052364921,5.497362375902991,2
2024-10-30 18:00:00+00:00,848.92,-0.0012949252518748011,0.005253305238725069,40.966785959845886,5.43381512838493,3
2024-10-31 10:00:00+00:00,838.44,-0.012421931015080823,0.005489516916301042,38.29585170059081,5.618538825817231,3
2024-10-31 11:00:00+00:00,835.73,-0.0032374279397489047,0.00546758022449994,37.64817662315182,5.596368049300886,3
2024-10-31 12:00:00+00:00,833.07,-0.0031879221629482757,0.005471703722895592,37.02107099069304,5.657440688314868,3
2024-10-31 13:00:00+00:00,837.2,0.004945318322182146,0.0055447536231351775,38.64035102101495,5.673891874548571,3
2024-10-31 14:00:00+00:00,840.76,0.004243254119934647,0.0055962094689960265,39.99732393703867,5.6990140370576,3
2024-10-31 15:00:00+00:00,836.91,-0.004589706865453458,0.00545752155351344,39.04445678908692,5.674433756316448,3
2024-10-31 16:00:00+00:00,833.49,-0.0040948333079287025,0.005464615543378279,38.219138232749664,5.668945081190119,3
2024-10-31 17:00:00+00:00,830.29,-0.0038466671625156934,0.005450419112387632,37.463065914362126,5.653166179566317,3
2024-10-31 18:00:00+00:00,831.27,0.0011796144751174964,0.005443321877222743,37.84729699293224,5.589902855974991,3
2024-11-01 10:00:00+00:00,830.57,-0.0008424397552095897,0.005414991608332574,37.67856549865707,5.609904798855489,3
2024-11-01 11:00:00+00:00,829.62,-0.0011444474472073196,0.005409485247403216,37.44736856003515,5.608306702878378,3
2024-11-01 12:00:00+00:00,827.43,-0.002643253100496068,0.005311328856310819,36.914549531810565,5.582940568820812,3
2024-11-01 13:00:00+00:00,828.41,0.0011836893835450724,0.005283149621780795,37.32177133316148,5.534281757444395,3
2024-11-01 14:00:00+00:00,831.1,0.003241923647349765,0.005312132187460489,38.43487775146218,5.501196122295507,3
2024-11-01 15:00:00+00:00,828.65,-0.0029522539894273336,0.0052953676664001595,37.81082139220218,5.4643721998495955,3
2024-11-01 16:00:00+00:00,833.15,0.0054158274150797325,0.005376496974176839,39.64742103576475,5.469884755852604,3
2024-11-01 17:00:00+00:00,835.67,0.003020100328868125,0.005406141789919133,40.64901014321564,5.480487060735552,3
2024-11-01 18:00:00+00:00,832.4,-0.003920703794022096,0.005354216926964166,39.77498304183167,5.471877319520839,3
2024-11-02 10:00:00+00:00,836.91,0.0054034433068466114,0.005340530013718255,41.543900119324675,5.466839773130423,3
2024-11-02 11:00:00+00:00,835.7,-0.0014468408189349802,0.0053272452783761515,41.21250787547397,5.401102977667816,3
2024-11-02 12:00:00+00:00,835.7,0.0,0.005081729640782122,41.21250787547397,5.304280918114459,3
2024-11-02 13:00:00+00:00,836.9,0.0014348920314377622,0.0050630609882427215,41.6927950855006,5.23019529975217,3
2024-11-02 14:00:00+00:00,839.11,0.0026372172968702756,0.005081544627640747,42.57446513685064,5.179791393757127,3
2024-11-02 15:00:00+00:00,839.13,2.383449327947318e-05,0.004877616245939385,42.582482654458644,5.121995565881987,3
2024-11-02 16:00:00+00:00,841.15,0.002404362336191568,0.004856921911002301,43.39694321151099,5.060555654564346,3
2024-11-02 17:00:00+00:00,839.48,-0.0019873506359493476,0.004838882567343815,42.88377741054648,5.031744541473059,3
2024-11-02 18:00:00+00:00,837.81,-0.0019913080646025705,0.004843487699102934,42.37250003053814,4.972909650643596,3
2024-11-05 10:00:00+00:00,843.98,0.007337453168104524,0.004804950334077069,44.85129978378948,5.046651457630726,3
2024-11-05 11:00:00+00:00,843.31,-0.0007941729462217495,0.0047993851169856345,44.63854211149313,5.0225184284781115,3
2024-11-05 12:00:00+00:00,846.3,0.0035392819895596617,0.0047481889051449,45.80913686989636,5.010068059908549,3
2024-11-05 13:00:00+00:00,845.61,-0.000815646267535719,0.004720551423763643,45.5821786260963,4.950466698710377,3
2024-11-05 14:00:00+00:00,843.74,-0.002213870143870089,0.0045160720137362225,44.966086882570224,4.919857364736171,3
2024-11-05 15:00:00+00:00,843.81,8.296050492084817e-05,0.004294869881080035,44.994484826957226,4.862260217441449,3
2024-11-05 16:00:00+00:00,842.38,-0.0016961319220563098,0.0038885939957206328,44.515654994756964,4.8260150130926185,3
2024-11-05 17:00:00+00:00,838.56,-0.0045450837936629185,0.003920735127573707,43.260732132769114,4.845894712830767,3
2024-11-05 18:00:00+00:00,840.6,0.0024297875171601646,0.003934276261615857,44.119168001523654,4.8159768185741525,3
2024-11-06 10:00:00+00:00,865.27,0.02892567438402871,0.005632165581324236,52.910609727229385,5.25905728220267,2
2024-11-06 11:00:00+00:00,866.66,0.0016051460491404157,0.005632633661456689,53.332723256110846,5.278676136558618,1
2024-11-06 12:00:00+00:00,865.51,-0.001327814439648023,0.005639199842185764,52.93214931083861,5.251302613827445,3
2024-11-06 13:00:00+00:00,861.7,-0.004411746318815801,0.005682043952955441,51.621399593628446,5.248676561550895,3
2024-11-06 14:00:00+00:00,859.65,-0.002381852579865118,0.005696392363143205,50.92898207159804,5.261703030319877,3
2024-11-06 15:00:00+00:00,856.19,-0.004033015537348916,0.005622965867447161,49.7790270860413,5.2726689697134805,3
2024-11-06 16:00:00+00:00,854.68,-0.0017651842537196316,0.005629620897225205,49.283472027548335,5.260215590319213,3
2024-11-06 17:00:00+00:00,853.17,-0.001768305639803458,0.005635091934637575,48.78787201397272,5.226811278512827,3
2024-11-06 18:00:00+00:00,854.03,0.0010074977422043219,0.0056273680868142726,49.08542721483719,5.18047505294257,3
2024-11-07 11:00:00+00:00,854.03,0.0,0.005508329532297605,49.08542721483719,5.076865551883719,3
2024-11-07 12:00:00+00:00,850.07,-0.004647622942466789,0.0055360935618659676,47.75509824215963,5.112728240846044,3
2024-11-07 13:00:00+00:00,845.03,-0.005946569349183584,0.005601741471208945,46.131374489688454,5.121873676029124,3
2024-11-07 14:00:00+00:00,850.25,0.006158294201766168,0.005527579200415771,47.99994750950628,5.152236202508541,3
2024-11-07 15:00:00+00:00,852.68,0.0028539066776893662,0.005538789481212196,48.84287459127042,5.102591478458372,3
2024-11-07 16:00:00+00:00,852.92,0.00028142589303925547,0.005236319288302157,48.92631229322242,5.042939648889205,3
2024-11-07 17:00:00+00:00,865.07,0.014144672055098617,0.005560751383642502,52.89512848127449,5.186480855911421,2
2024-11-07 18:00:00+00:00,864.26,-0.0009367790522754049,0.005537777833211229,52.61698276572942,5.122951238793193,3
2024-11-08 10:00:00+00:00,879.56,0.017548132969713137,0.006000777519562824,56.97745141354203,5.34269221401733,2
2024-11-08 11:00:00+00:00,876.51,-0.003473669121242473,0.006014545778222897,55.930464590578914,5.400238369736984,0
2024-11-08 12:00:00+00:00,877.06,0.0006272917739646999,0.005963592271894518,56.078971776793054,5.3480336023422455,0
2024-11-08 13:00:00+00:00,873.04,-0.004594031278457145,0.005972599611999347,54.704087753101426,5.3666729302954,0
2024-11-08 14:00:00+00:00,873.67,0.0007213561808407931,0.005932891107558184,54.88098215180079,5.33573947168949,0
2024-11-08 15:00:00+00:00,876.38,0.0030970568453918546,0.005940145930790181,55.64137119343632,5.320824682255701,0
2024-11-08 16:00:00+00:00,875.4,-0.0011188620742723643,0.005942078027018982,55.297486919464816,5.255608188610588,0
2024-11-08 17:00:00+00:00,878.56,0.0036032787737676486,0.005944206643365756,56.18840643681536,5.262096024838376,0
2024-11-08 18:00:00+00:00,880.52,0.0022284385145683316,0.005920702870258654,56.73415752703429,5.25545410434161,0
2024-11-11 10:00:00+00:00,894.29,0.015517465314485612,0.0062552952896277655,60.28110316862009,5.558545022254777,2
2024-11-11 11:00:00+00:00,899.39,0.005686648391719729,0.006278457834741346,61.47472106050124,5.589574121809681,0
2024-11-11 12:00:00+00:00,895.83,-0.00396609292068284,0.006295006955949815,60.1864111835016,5.57378263937349,0
2024-11-11 13:00:00+00:00,897.9,0.002308040696109792,0.0062714475118431125,60.675381571024644,5.51470698658602,0
2024-11-11 14:00:00+00:00,892.44,-0.006099419023553487,0.00635825392155799,58.73388692981205,5.5318128468543,0
2024-11-11 15:00:00+00:00,893.59,0.0012877724998183737,0.006313239964171378,59.0157381501628,5.507376589917215,0
2024-11-11 16:00:00+00:00,896.89,0.0036861665437770696,0.0062957665022037555,59.819326426948464,5.503829058118872,0
2024-11-11 17:00:00+00:00,893.9,-0.0033393114529980394,0.006318781144077266,58.754235157761826,5.498952476956495,0
2024-11-11 18:00:00+00:00,895.75,0.002067444091256476,0.006316554276923131,59.212740391819615,5.471973427417364,0
2024-11-12 10:00:00+00:00,887.35,-0.009421863204489789,0.006498875848652806,56.312390571403675,5.575933958869016,0
2024-11-12 11:00:00+00:00,888.66,0.0014752171863623431,0.006495601378105063,56.6502899188098,5.591215279691635,0
2024-11-12 12:00:00+00:00,891.24,0.0028990413022693673,0.006498177457916606,57.31378702582198,5.551790974097801,0
2024-11-12 13:00:00+00:00,889.9,-0.0015046546063883781,0.0065069618256705,56.852615692322026,5.519355154615846,0
2024-11-12 14:00:00+00:00,888.21,-0.0019008953426817854,0.006506128847423396,56.2699286066157,5.46536805152353,0
2024-11-12 15:00:00+00:00,886.11,-0.0023671051225910844,0.006510022340758221,55.54805639451154,5.414260690493061,0
2024-11-12 16:00:00+00:00,883.88,-0.0025197895806403636,0.0064670385760442865,54.78647416001305,5.367175476683201,0
2024-11-12 17:00:00+00:00,888.29,0.0049769594373199055,0.006487219430487534,56.00370157949485,5.352631967149539,0
2024-11-12 18:00:00+00:00,886.56,-0.0019494611351840163,0.006490490280426604,55.40660262527717,5.319779327806547,0
2024-11-13 10:00:00+00:00,884.17,-0.0026994532778426006,0.006506275658230689,54.58617930352994,5.3199837412504145,0
2024-11-13 11:00:00+00:00,886.77,0.0029362958294054664,0.006496865164350627,55.32058048924264,5.270984066425404,0
2024-11-13 12:00:00+00:00,888.25,0.0016675872305338402,0.006496191163617295,55.736352091217555,5.267364385096897,0
2024-11-13 13:00:00+00:00,887.88,-0.00041663617567611055,0.006487761810344172,55.60435327763232,5.218417097394958,0
2024-11-13 14:00:00+00:00,885.76,-0.0023905651762650137,0.006456909315353847,54.844943574476595,5.174048755447059,0
2024-11-13 15:00:00+00:00,888.09,0.002627055658624755,0.0064578016380962226,55.52613041675599,5.1729677803381175,0
2024-11-13 16:00:00+00:00,888.85,0.0008554031608749568,0.005057711175178829,55.74831874043764,5.139708424731355,1
2024-11-13 17:00:00+00:00,885.1,-0.004227859393863831,0.005099685369850498,54.38043068648428,5.130314256236727,1
2024-11-13 18:00:00+00:00,885.18,9.038118269977247e-05,0.005093700117199369,54.4047847086294,5.089707971111991,1
2024-11-14 10:00:00+00:00,875.47,-0.011030129152359791,0.005304246665325689,51.03071292019894,5.30291381168975,3
2024-11-14 11:00:00+00:00,873.07,-0.0027451491040162423,0.005308266498339719,50.244800263669354,5.289855535455955,3
2024-11-14 12:00:00+00:00,873.48,0.00046949701701226587,0.005271151557663336,50.37801838044791,5.224058424746836,3
2024-11-14 13:00:00+00:00,873.58,0.00011447803751352126,0.005262090583603264,50.411062918352556,5.180777256251898,3
2024-11-14 14:00:00+00:00,871.54,-0.0023379491716575274,0.005267577499181338,49.721813150558795,5.17116171112686,3
2024-11-14 15:00:00+00:00,870.57,-0.0011135922533478393,0.0052713390163577995,49.39413937307171,5.114938476904324,3
2024-11-14 16:00:00+00:00,870.39,-0.00020678246558425428,0.005271727244424945,49.332578716478196,5.076639707366238,3
2024-11-14 17:00:00+00:00,859.52,-0.01256729317027272,0.005538100654749654,45.81407731660059,5.211306913218914,3
2024-11-14 18:00:00+00:00,858.19,-0.001548573700784317,0.005472681817068975,45.40971681614674,5.175880774954537,3
2024-11-15 10:00:00+00:00,861.0,0.0032689842336965924,0.005424703059465374,46.42907664816755,5.170763159455448,3
2024-11-15 11:00:00+00:00,864.02,0.0035014122565586447,0.005431811190384769,47.5040859407806,5.16954789626634,3
2024-11-15 12:00:00+00:00,862.92,-0.0012739297818864515,0.005436162606140628,47.152406793090144,5.127556938341012,3
2024-11-15 13:00:00+00:00,861.56,-0.001577287393248028,0.005056505547475878,46.71608964398676,5.08140579957419,3
2024-11-15 14:00:00+00:00,862.18,0.0007193660607009988,0.00505621174423345,46.94446844737343,5.023777683582707,3
2024-11-15 15:00:00+00:00,866.97,0.005540308535896266,0.0044525056452045615,48.678576466226204,5.096702129911054,1
2024-11-15 16:00:00+00:00,867.03,6.920415227629206e-05,0.004428907947038312,48.700007959659985,5.061568087312834,3
2024-11-15 17:00:00+00:00,858.77,-0.009572445327457935,0.004619980741318202,46.00147210689087,5.171136725566575,3
2024-11-15 18:00:00+00:00,862.94,0.0048440308227952755,0.004638791325093235,47.500079054543285,5.164513991055244,3
2024-11-18 10:00:00+00:00,854.34,-0.010015922732407034,0.0048379785454179935,44.878970385733886,5.387423711234139,3
2024-11-18 11:00:00+00:00,855.76,0.0016607219769166903,0.00482073609042139,45.38672367217155,5.352675237009456,3
2024-11-18 12:00:00+00:00,850.12,-0.006612447007385391,0.0048976718505298646,43.7532562192828,5.390021732269267,3
2024-11-18 13:00:00+00:00,851.82,0.001997720913047729,0.004874854409318596,44.36905921619823,5.339821297623883,3
2024-11-18 14:00:00+00:00,853.9,0.0024388540100224176,0.004877452087207098,45.119217731965605,5.319824871671406,3
2024-11-18 15:00:00+00:00,852.44,-0.0017112654644346748,0.004287455926579079,44.68761197212807,5.264628374237976,3
2024-11-18 16:00:00+00:00,856.87,0.005183389693608653,0.004272100612049065,46.27870985946119,5.255535806753218,3
2024-11-18 17:00:00+00:00,858.74,0.0021799834934181916,0.004272514435171333,46.936193117527246,5.242825090618154,3
2024-11-18 18:00:00+00:00,857.59,-0.0013400688353595314,0.004248641618763345,46.578464576702636,5.1753685888057905,3
2024-11-19 10:00:00+00:00,851.38,-0.007267567403816955,0.0042808017423239635,44.701170506197045,5.205261217029676,3
2024-11-19 11:00:00+00:00,845.97,-0.006374664412415854,0.004336144698338855,43.1549983994517,5.231955992689081,3
2024-11-19 12:00:00+00:00,847.61,0.0019367263579210814,0.00430371237691119,43.756767274317156,5.245316872835299,3
2024-11-19 13:00:00+00:00,846.98,-0.0007435427200972455,0.004292161605044577,43.57594377659613,5.2020105353785935,3
2024-11-19 14:00:00+00:00,845.32,-0.0019618277284321195,0.0042696600033347324,43.09709422093482,5.200970324671021,3
2024-11-19 15:00:00+00:00,842.21,-0.0036858645724029415,0.004117461668519482,42.21035180259604,5.177750918177599,3
2024-11-19 16:00:00+00:00,834.94,-0.008669523339905005,0.004238937041391426,40.23561992100478,5.247395899814048,3
2024-11-19 17:00:00+00:00,830.25,-0.00563300572478731,0.004240356629155607,39.03352356919838,5.337247981817767,3
2024-11-19 18:00:00+00:00,828.38,-0.0022548739529950623,0.0042419974563599454,38.56475141442914,5.333303022181411,3
2024-11-20 10:00:00+00:00,829.01,0.0007602314848558223,0.004252684417351355,38.817346690272835,5.387236961737783,3
2024-11-20 11:00:00+00:00,830.44,0.0017234630196316658,0.004272597629208758,39.39449718866168,5.3778922225030295,3
2024-11-20 12:00:00+00:00,832.06,0.0019488727972856168,0.004293200276174782,40.04825292538277,5.355134378052967,3
2024-11-20 13:00:00+00:00,832.41,0.00042055429675347256,0.004206717315076793,40.19048602728901,5.448431690491908,3
2024-11-20 14:00:00+00:00,833.38,0.0011646127178535082,0.0042199291061073745,40.58909094261901,5.418663056682071,3
2024-11-20 15:00:00+00:00,830.7,-0.0032210017752154485,0.004224259734799218,39.84051764181805,5.418089795548429,3
2024-11-20 16:00:00+00:00,824.93,-0.006970184595029849,0.004256217821989059,38.28914674383781,5.461927999637461,3
2024-11-20 17:00:00+00:00,819.38,-0.0067505775385985345,0.0042968551954814214,36.87963600807239,5.483089439644711,3
2024-11-20 18:00:00+00:00,816.29,-0.0037782727272617223,0.0043040297646761575,36.124144322763975,5.447827650851817,3
2024-11-21 10:00:00+00:00,811.74,-0.005589592140811561,0.0043384275069750285,35.04544240393054,5.510871097834781,3
2024-11-21 11:00:00+00:00,809.22,-0.0031092710865028295,0.004296083424165451,34.46383417440963,5.5362536758780845,3
2024-11-21 12:00:00+00:00,810.58,0.0016792200513338074,0.004308272706805115,35.0573621757525,5.581328602360525,3
2024-11-21 13:00:00+00:00,814.61,0.004959430294471545,0.004399460323000988,36.788363031709935,5.580102030313315,3
2024-11-21 14:00:00+00:00,813.02,-0.001953761611394711,0.004392356346388889,36.3977845522409,5.557099989707048,3
2024-11-21 15:00:00+00:00,809.9,-0.003844926236287627,0.004193955616627005,35.64013464061868,5.555357989912908,3
2024-11-21 16:00:00+00:00,812.53,0.0032420533442314436,0.0042445072048998,36.77221350891899,5.544850830114649,3
2024-11-21 17:00:00+00:00,801.28,-0.013942387567551506,0.0045878382532762866,34.15025280682225,5.688753813512356,3
2024-11-21 18:00:00+00:00,803.7,0.0030156161870484866,0.004629737592209873,35.16498810498804,5.8605787372421085,3
2024-11-22 10:00:00+00:00,818.02,0.017660720962931364,0.005374580462947345,40.684125082899435,6.118367162497267,2
2024-11-22 11:00:00+00:00,813.09,-0.006044981653698045,0.005416780274603251,39.50280565678626,6.126599819247321,3
2024-11-22 12:00:00+00:00,816.75,0.004491245953273548,0.00547770477441412,40.80488169908414,6.129267822862374,3
2024-11-22 13:00:00+00:00,815.71,-0.0012741508406941549,0.005229677189057468,40.55181350075438,6.097882466405126,3
2024-11-22 14:00:00+00:00,813.19,-0.003094115059788294,0.005237268592644017,39.939367561480466,6.081124817077024,3
2024-11-22 15:00:00+00:00,810.94,-0.0027707159395031766,0.005204529179098686,39.3972674693013,6.053302320735482,3
2024-11-22 16:00:00+00:00,808.74,-0.002716587662960457,0.005164077903174271,38.870866588235316,6.004436274320772,3
2024-11-22 17:00:00+00:00,791.9,-0.02104235976186697,0.005868937971979395,35.197565993456394,6.292947548834359,3
2024-11-22 18:00:00+00:00,792.67,0.0009718725718750321,0.005881242274460417,35.48203533458154,6.2264885978576725,3
2024-11-25 10:00:00+00:00,786.09,-0.008335704097302887,0.005945334240491541,34.17391418981495,6.311358825900518,3
2024-11-25 11:00:00+00:00,786.9,0.0010298858499986352,0.005864616332020705,34.47734799147854,6.270531649382509,3
2024-11-25 12:00:00+00:00,787.99,0.0013842238810886087,0.005876737948904894,34.889476367864845,6.225721016394861,3
2024-11-25 13:00:00+00:00,787.44,-0.0006982221010698453,0.00577375836701736,34.77684965606748,6.160006596066965,3
2024-11-25 14:00:00+00:00,786.67,-0.000978330690251994,0.0056965748694129854,34.61720992955112,6.133006464145625,3
2024-11-25 15:00:00+00:00,781.4,-0.006721664009734063,0.005618729349711086,33.541903465989904,6.1301463348627125,3
2024-11-25 16:00:00+00:00,780.83,-0.0007297261290508672,0.0055989483948414714,33.427304758306846,6.065343408165457,3
2024-11-25 17:00:00+00:00,766.01,-0.019162232006253888,0.006078367364411125,30.649142447027913,6.290636540002149,3
2024-11-25 18:00:00+00:00,768.11,0.002737727572355908,0.006089398743512165,31.472645542176465,6.276623809202104,3
2024-11-26 10:00:00+00:00,765.06,-0.003978689934515778,0.0060600103165119315,30.92836250931508,6.31569133301806,3
2024-11-26 11:00:00+00:00,767.32,0.0029496621446316595,0.006103331421336308,31.819883977408992,6.3565775063576995,3
2024-11-26 12:00:00+00:00,765.24,-0.002714414152956479,0.006012404635256779,31.438794672198455,6.324245956230545,3
2024-11-26 13:00:00+00:00,763.66,-0.0020668461802086924,0.005978273898628841,31.14962768794838,6.290561037105934,3
2024-11-26 14:00:00+00:00,756.38,-0.009578768536728788,0.006062897122720014,29.858414999758963,6.344349816363813,3
2024-11-26 15:00:00+00:00,752.24,-0.005488473429421603,0.006039591754488454,29.157070022982353,6.418062820036536,3
2024-11-26 16:00:00+00:00,751.04,-0.00159650930616273,0.006014395424952849,28.955902956658818,6.429901563635806,3
2024-11-26 17:00:00+00:00,736.79,-0.01915600001779083,0.006430722769774633,26.721880365129778,6.634703532363088,3
2024-11-26 18:00:00+00:00,738.93,0.002900281218759737,0.006475024811144956,27.578115613321728,6.583209461715827,3
2024-11-27 10:00:00+00:00,729.46,-0.012898659480885755,0.0066314064958910195,26.195940977727645,6.77534527248151,3
2024-11-27 11:00:00+00:00,734.0,0.006204494231773161,0.006755305725729998,27.962137189925855,6.743438367031879,3
2024-11-27 12:00:00+00:00,745.75,0.015881394780342895,0.007194281707698249,32.244274966621035,6.89936959969124,2
2024-11-27 13:00:00+00:00,745.05,-0.0009390931733888053,0.007179972157253274,32.128178229348194,6.917782207697416,3
2024-11-27 14:00:00+00:00,751.39,0.008473494339023446,0.007335858937706361,34.31395426062349,7.010026563543466,2
2024-11-27 15:00:00+00:00,739.55,-0.015882931443114146,0.007583731811126233,32.32988563319145,7.165426032272596,3
2024-11-27 16:00:00+00:00,746.86,0.009835858118808716,0.007756035521133563,34.70827874650679,7.222517511627144,2
2024-11-27 17:00:00+00:00,745.42,-0.001929933319426702,0.00773385833040755,34.46478860242995,7.192867161394601,3
2024-11-27 18:00:00+00:00,726.78,-0.02532399965999499,0.008385430314206391,31.5420155673997,7.468609818166709,3
2024-11-28 10:00:00+00:00,741.63,0.020226648251109758,0.008977773121789096,35.95715629371793,7.642037621803374,2
2024-11-28 11:00:00+00:00,741.98,0.000471822118337073,0.008985503352940275,36.05633843009832,7.6059968693673055,3
2024-11-28 12:00:00+00:00,739.58,-0.0032398311230066312,0.008961040597350022,35.66981059355956,7.535076931979959,3
2024-11-28 13:00:00+00:00,737.15,-0.0032910582073766292,0.008938391157194334,35.27907293040825,7.517975393340362,3
2024-11-28 14:00:00+00:00,732.13,-0.00683330547433858,0.008960406618904097,34.48280643233831,7.525015885473555,3
2024-11-28 15:00:00+00:00,731.2,-0.0012710736815506607,0.008947637634213534,34.33630294344121,7.470715567764082,3
2024-11-28 16:00:00+00:00,733.95,0.0037538862633024195,0.00898424797820642,35.1674202683637,7.4363012564088,3
2024-11-28 17:00:00+00:00,728.49,-0.007467007698161332,0.009001886890672293,34.28816471998752,7.523175231280626,3
2024-11-28 18:00:00+00:00,732.48,0.005462138059121102,0.009010249774435748,35.49084485437632,7.482111726655014,3
2024-11-29 10:00:00+00:00,734.12,0.0022364662260692114,0.009031341439410841,35.98226361359596,7.466669492121914,3
2024-11-29 11:00:00+00:00,739.39,0.007153018941496114,0.009120019052259001,37.542378251240365,7.451136102279476,2
2024-11-29 12:00:00+00:00,740.48,0.0014731026334899866,0.009103390434118685,37.86197580368209,7.372113380233887,3
2024-11-29 13:00:00+00:00,738.63,-0.002501505587417796,0.008935662326175426,37.52938623934806,7.28287111262921,3
2024-11-29 14:00:00+00:00,740.15,0.0020557493816610872,0.008926508217262227,37.9860959037403,7.214213690376627,3
2024-11-29 15:00:00+00:00,739.98,-0.00022970955354928435,0.008484376484208411,37.95442896015531,7.112729416569095,3
2024-11-29 16:00:00+00:00,736.84,-0.0042523865219346035,0.008470734223012644,37.367307513139075,7.050274828237713,3
2024-11-29 17:00:00+00:00,751.48,0.019673823115081035,0.008964775911633043,41.66080551083459,7.220269331672958,2
2024-11-29 18:00:00+00:00,753.78,0.0030559528452833717,0.00898951707797743,42.29494489512008,7.123863945039497,0
2024-12-02 10:00:00+00:00,758.46,0.006189513491140275,0.00905323604535599,43.56855762288274,7.111586666138708,2
2024-12-02 11:00:00+00:00,757.09,-0.0018079250082996268,0.009051270669726568,43.28319866074843,7.037554932815933,0
2024-12-02 12:00:00+00:00,756.25,-0.0011101273821703117,0.00904925949801107,43.106556524175765,6.958803834159612,0
2024-12-02 13:00:00+00:00,755.78,-0.0006216808067796009,0.00859122101446138,43.00634906904568,6.878227757476419,0
2024-12-02 14:00:00+00:00,756.61,0.0010976005968394986,0.008591808516399749,43.24409980853854,6.786863202326892,0
2024-12-02 15:00:00+00:00,754.98,-0.002156670303179453,0.00852732793246765,42.88559885628392,6.731525938280353,3
2024-12-02 16:00:00+00:00,755.62,0.0008473454763571198,0.008526564235400335,43.074674361745615,6.645295419514748,0
2024-12-02 17:00:00+00:00,760.08,0.005885086590205368,0.008573842827911312,44.38391319941087,6.634589511124453,2
2024-12-02 18:00:00+00:00,760.32,0.0003157063956766848,0.008575097329382832,44.4540613093564,6.537497720901965,0
2024-12-03 10:00:00+00:00,754.64,-0.007498582952573329,0.008628811424165364,43.14002620174977,6.560547766483927,3
2024-12-03 11:00:00+00:00,750.58,-0.005394573346057641,0.008612348699695875,42.22956025757526,6.530936811154247,3
2024-12-03 12:00:00+00:00,750.57,-1.3323118942309975e-05,0.008613072075153346,42.227320377764954,6.462318074931163,3
2024-12-03 13:00:00+00:00,752.08,0.0020097833936976173,0.008202066803659893,42.695644641472576,6.381871713432539,3
2024-12-03 14:00:00+00:00,752.07,-1.3296546222285599e-05,0.008190032799063269,42.69330590704009,6.301234279163887,3
2024-12-03 15:00:00+00:00,746.47,-0.007473976094231283,0.008235798800601593,41.39751896359456,6.309009593580609,3
2024-12-03 16:00:00+00:00,745.87,-0.0008041063461803333,0.00822088113352177,41.26060537374527,6.239429401708998,3
2024-12-03 17:00:00+00:00,753.47,0.01013788078988398,0.00835224794022842,43.668618832011816,6.349240813674818,2
2024-12-03 18:00:00+00:00,753.42,-6.636184461772388e-05,0.008348451003782176,43.656604220531825,6.268455997401324,3
2024-12-04 10:00:00+00:00,750.04,-0.004496302787409867,0.00826330327823951,42.84350069351198,6.277886877453297,3
2024-12-04 11:00:00+00:00,757.18,0.009474467443919998,0.008337313727915848,45.04958597986703,6.306729139904231,2
2024-12-04 12:00:00+00:00,756.55,-0.0008323809878580946,0.00833478264024744,44.89357429660182,6.252994557106146,0
2024-12-04 13:00:00+00:00,755.53,-0.0013491351710417376,0.007860104765555143,44.63818283596961,6.160734665964023,3
2024-12-04 14:00:00+00:00,757.65,0.002802047855633205,0.007859505409511136,45.29816724877257,6.087719972644743,3
2024-12-04 15:00:00+00:00,752.49,-0.006833830083985859,0.007693543985079697,43.99554116252191,6.096365573191848,3
2024-12-04 16:00:00+00:00,748.17,-0.005757482618969689,0.0077023771323913885,42.94063086852936,6.091638261728011,3
2024-12-04 17:00:00+00:00,757.32,0.012155660504932442,0.007566194202876379,45.75190151244908,6.287605496493451,2
2024-12-04 18:00:00+00:00,751.2,-0.008113957490095025,0.0076578100611562035,44.2634814548468,6.324853386563582,3
2024-12-05 10:00:00+00:00,748.97,-0.0029729985835320605,0.007574989381668787,43.734466964431206,6.374356318832311,3
2024-12-05 11:00:00+00:00,745.63,-0.004469430697085386,0.007253737154109932,42.94995381404375,6.417269192455667,3
2024-12-05 12:00:00+00:00,746.58,0.0012732794021594884,0.0071205845515377635,43.24543392976551,6.399923808606554,3
2024-12-05 13:00:00+00:00,743.97,-0.0035020665761260616,0.007132707515720751,42.62650214921612,6.385125332434424,3
2024-12-05 14:00:00+00:00,740.67,-0.0044455294680858515,0.006168163779356179,41.85367306391197,6.382022825785737,3
2024-12-05 15:00:00+00:00,739.03,-0.002216666447964144,0.005471603021005,41.47237334633648,6.380582369270023,3
2024-12-05 16:00:00+00:00,747.97,0.012024354694880834,0.00573264850999562,44.29525512635128,6.519170721884624,2
2024-12-05 17:00:00+00:00,760.73,0.016915628367649482,0.006179846028359669,47.951435501634094,6.695587307446932,2
2024-12-05 18:00:00+00:00,765.08,0.005701904936383784,0.006196205058964686,49.11329146459178,6.712675561297995,2
2024-12-06 10:00:00+00:00,775.55,0.01359205154842602,0.006357667473309396,51.75812915814091,6.807222050072033,2
2024-12-06 11:00:00+00:00,770.68,-0.006299213058199804,0.0064360644966276566,50.51204935244098,6.798877609070592,0
2024-12-06 12:00:00+00:00,765.89,-0.0062346857170449965,0.006505128349037552,49.320330680218795,6.788300056889181,0
2024-12-06 13:00:00+00:00,766.6,0.0009265966509399703,0.006393410925366206,49.500533798679335,6.738734055751396,0
2024-12-06 14:00:00+00:00,773.61,0.009102717686125139,0.006465360434119994,51.24701274588272,6.783559374636369,2
2024-12-06 15:00:00+00:00,775.07,0.001885477222574039,0.006464283627212226,51.60273102681949,6.732888187143642,0
2024-12-06 16:00:00+00:00,774.0,-0.0013814742654263412,0.006413279586366607,51.322691571640675,6.761830423400768,0
2024-12-06 17:00:00+00:00,804.1,0.038151765964376416,0.008298932466762344,57.88347510703679,7.284793814932751,2
2024-12-06 18:00:00+00:00,803.62,-0.00059711891904346,0.008283853790315323,57.75680300870906,7.189297938634098,0
2024-12-09 10:00:00+00:00,811.52,0.00978251173369138,0.0083625783186982,59.25430655552213,7.221511979861416,2
2024-12-09 11:00:00+00:00,808.83,-0.003320273362250603,0.008389575316614066,58.533342653979304,7.155281740264189,0
2024-12-09 12:00:00+00:00,807.21,-0.002004901540369808,0.00836257648380947,58.0989340449189,7.067776105458908,0
2024-12-09 13:00:00+00:00,807.51,0.0003715814549289931,0.007957480748907878,58.15761426051423,6.975420583349728,0
2024-12-09 14:00:00+00:00,809.27,0.002177167821483472,0.007954804769541024,58.505488780399034,6.889512171682733,0
2024-12-09 15:00:00+00:00,814.4,0.006319039053714448,0.007956410392331125,59.50679509236246,6.854921928249078,0
2024-12-09 16:00:00+00:00,818.91,0.005522541908560719,0.00796319096398021,60.36480132220733,6.840623489684098,0
2024-12-09 17:00:00+00:00,816.42,-0.003045259273997125,0.007981164218037084,59.652710802814376,6.782811019890416,0
2024-12-09 18:00:00+00:00,815.61,-0.00099262889347429,0.007983378332305861,59.42003889229314,6.695954799492606,0
2024-12-10 10:00:00+00:00,805.86,-0.012026269388308641,0.008210195317502446,56.703492645092105,6.757835703502753,0
2024-12-10 11:00:00+00:00,806.2,0.0004218205340267289,0.008196374985079984,56.77381272047605,6.714678989432698,0
2024-12-10 12:00:00+00:00,802.78,-0.004251146876393719,0.008233912784075667,55.842886135682804,6.707185409644044,0
2024-12-10 13:00:00+00:00,803.38,0.0007471236089928723,0.008206402634696023,55.97212530631811,6.660841701451163,0
2024-12-10 14:00:00+00:00,799.97,-0.004253600450880413,0.0082407763911446,55.03794069000079,6.65542486742214,0
2024-12-10 15:00:00+00:00,799.33,-0.000800350195913957,0.008153506479636865,54.862578223240675,6.603116370073696,0
2024-12-10 16:00:00+00:00,801.39,0.0025738431921062954,0.008100666595730622,55.33004543146083,6.626254042672222,0
2024-12-10 17:00:00+00:00,794.54,-0.008584389121888414,0.008219064648464378,53.45170945333144,6.666528961818777,0
2024-12-10 18:00:00+00:00,794.46,-0.00010069225936781834,0.008219918563821649,53.43009364277411,6.587798382582402,0
2024-12-11 10:00:00+00:00,789.92,-0.005730964069167399,0.008275256483514605,52.20749867813488,6.550042414930755,0
2024-12-11 11:00:00+00:00,790.37,0.0005695157371912174,0.008185210093663617,52.317851405063166,6.527241566632139,0
2024-12-11 12:00:00+00:00,793.34,0.0037506910757025835,0.008188444107055187,53.047973531247955,6.519096735299496,0
2024-12-11 13:00:00+00:00,789.41,-0.004966050325937665,0.008131670915212805,51.97341282875839,6.478714800593505,0
2024-12-11 14:00:00+00:00,790.92,0.0019109938551196137,0.008131525062659895,52.35182642774149,6.405940504581635,0
2024-12-11 15:00:00+00:00,791.28,0.0004550625789567775,0.008093639495149404,52.44298532675616,6.342621694490003,0
2024-12-11 16:00:00+00:00,794.29,0.0037967464266257522,0.008012750188159456,53.20677487534882,6.2969692606002035,0
2024-12-11 17:00:00+00:00,769.08,-0.03225363855407526,0.009286812959552996,46.78511755897272,6.7424298753882,0
2024-12-11 18:00:00+00:00,766.44,-0.0034385779426377994,0.009299208950241876,46.18941744714662,6.694381277880436,0
2024-12-12 10:00:00+00:00,776.7,0.013297758064103604,0.009473966172766841,48.77591189534424,6.771493652322826,2
2024-12-12 11:00:00+00:00,773.01,-0.004762190311248915,0.009445741222632335,47.93042273151786,6.72386377927637,0
2024-12-12 12:00:00+00:00,772.55,-0.0005952535179254426,0.009403643064850871,47.82496881021538,6.6539865036908425,0
2024-12-12 13:00:00+00:00,769.73,-0.0036569275912059496,0.00927349866655472,47.1756845337207,6.628306773617026,0
2024-12-12 14:00:00+00:00,767.48,-0.0029273835153231786,0.009205936715258071,46.659943445217486,6.571940638144687,0
2024-12-12 15:00:00+00:00,770.11,0.00342094129757875,0.00920212616300595,47.346518108004155,6.527901825381793,0
2024-12-12 16:00:00+00:00,765.87,-0.0055209192434650944,0.009215039282059832,46.364755899593426,6.494743788874157,0
2024-12-12 17:00:00+00:00,756.22,-0.012680103407300969,0.009401637775745403,44.234579594915,6.560848913096675,0
2024-12-12 18:00:00+00:00,755.39,-0.0010981669655700799,0.009388161386885752,44.05692906918391,6.501231934834742,0
2024-12-13 10:00:00+00:00,751.56,-0.005083125845819048,0.009395175655828474,43.239260217848944,6.505207296138045,0
2024-12-13 11:00:00+00:00,749.68,-0.0025045975097537365,0.009396832726451929,42.84101008133427,6.465303150215284,0
2024-12-13 12:00:00+00:00,748.76,-0.0012279438824398525,0.009244653823295385,42.644878080916314,6.405997087210978,0
2024-12-13 13:00:00+00:00,751.92,0.004211430378918024,0.008940419294424842,43.55065416417443,6.367877145466759,0
2024-12-13 14:00:00+00:00,750.45,-0.001956908709722427,0.008902189385714195,43.22661015437843,6.282719602557424,3
2024-12-13 15:00:00+00:00,752.95,0.0033257979305041374,0.008689050566113304,43.95034396953639,6.243065210506274,0
2024-12-13 16:00:00+00:00,749.98,-0.003952285024700686,0.00866389056327242,43.281497131147,6.193003906296148,3
2024-12-13 17:00:00+00:00,755.52,0.007359714389020944,0.00869493184308057,44.878167575943,6.200543828170226,2
2024-12-13 18:00:00+00:00,756.93,0.0018645249872495384,0.008698582890481874,45.27823564620652,6.131132951606823,0
2024-12-16 10:00:00+00:00,750.15,-0.008997592351375872,0.008677858008249401,43.72124061280847,6.1827102925746855,3
2024-12-16 11:00:00+00:00,746.32,-0.0051187238803160895,0.008693174906372595,42.87145579559316,6.154456086723192,3
2024-12-16 12:00:00+00:00,743.97,-0.0031537512132366885,0.008699388273389317,42.3560199153861,6.098966964988728,3
2024-12-16 13:00:00+00:00,742.9,-0.0014392652817090124,0.006640609725495024,42.120736017137524,6.047387625688953,3
2024-12-16 14:00:00+00:00,740.5,-0.003235812449906561,0.006643097484473909,41.59194065636581,6.023439873175172,3
2024-12-16 15:00:00+00:00,739.36,-0.001540686585897788,0.006435660284440658,41.34038520232001,5.963571075711671,3
2024-12-16 16:00:00+00:00,741.72,0.003186866337226313,0.006471274585574148,42.080384485827175,5.941099654197439,3
2024-12-16 17:00:00+00:00,742.48,0.0010241208279548886,0.006482838606829989,42.31949389615674,5.899877661113489,3
2024-12-16 18:00:00+00:00,740.87,-0.002170762978692231,0.006476452040933718,41.945177165209905,5.8234801078912195,3
2024-12-17 10:00:00+00:00,735.64,-0.007084302677664134,0.006495054934605814,40.75041744315137,5.9034105057333965,3
2024-12-17 11:00:00+00:00,733.0,-0.0035951667441294077,0.0063892463840925446,40.16119226066456,5.8485422956187305,3
2024-12-17 12:00:00+00:00,737.19,0.005699958977078978,0.006393617281260213,41.53038162600062,5.8515714497063565,3
2024-12-17 13:00:00+00:00,734.47,-0.00369651019558237,0.006396239734067528,40.910309574705195,5.8057400207122285,3
2024-12-17 14:00:00+00:00,730.37,-0.005597895615370163,0.00641287519330619,39.99189845607813,5.815825220297983,3
2024-12-17 15:00:00+00:00,729.69,-0.0009314686371331149,0.006256239388993734,39.84053240510122,5.743308715892024,3
2024-12-17 16:00:00+00:00,727.26,-0.0033357387051689003,0.006249292710243551,39.29815707305341,5.715642541574183,3
2024-12-17 17:00:00+00:00,728.81,0.0021290193266487734,0.006268766335429993,39.83130136381163,5.6907296907427,3
2024-12-17 18:00:00+00:00,727.06,-0.0024040619599903224,0.006257097441737201,39.43229919030722,5.6311150969278465,3
2024-12-18 10:00:00+00:00,731.48,0.006060873929298438,0.0063504918773939255,40.95663280744294,5.708092794989289,3
2024-12-18 11:00:00+00:00,729.28,-0.0030121329491130666,0.006351160242772819,40.43971515500777,5.6483309390895045,3
2024-12-18 12:00:00+00:00,730.53,0.001712552051984062,0.006340118686059374,40.872377195422914,5.581364320307716,3
2024-12-18 13:00:00+00:00,730.0,-0.0007257639668667437,0.006266788439474987,40.744321500011665,5.5263370339015605,3
2024-12-18 14:00:00+00:00,730.51,0.000698386208555668,0.006271952373829556,40.92605425565049,5.460810293223529,3
2024-12-18 15:00:00+00:00,730.4,-0.00015059107023418505,0.00624797108756146,40.89844806401077,5.42059408735906,3
2024-12-18 16:00:00+00:00,730.34,-8.215014312362712e-05,0.006244102289699032,40.88309896383477,5.347982205611878,3
2024-12-18 17:00:00+00:00,736.73,0.008711295861279389,0.006368693237886626,43.19969491238102,5.380022561499641,2
2024-12-18 18:00:00+00:00,738.5,0.0023996269725206076,0.006371613189851596,43.82192614969571,5.333622110269647,3
2024-12-19 10:00:00+00:00,742.5,0.005401768705420196,0.006426773140930576,45.20611045486675,5.371749668064255,3
2024-12-19 11:00:00+00:00,749.33,0.009156603260146667,0.006590001132889663,47.46158873058788,5.415714674702971,2
2024-12-19 12:00:00+00:00,751.57,0.0029848779573660167,0.006578706660047141,48.17549779579936,5.420400381208911,3
2024-12-19 13:00:00+00:00,749.67,-0.002531242192415739,0.004812523010117458,47.6154904424302,5.377392373584732,3
2024-12-19 14:00:00+00:00,747.53,-0.0028586714631844146,0.004806018563032492,46.98774121955057,5.343644526113037,3
2024-12-19 15:00:00+00:00,750.53,0.004005185386935395,0.004426246244500565,47.968995441483024,5.421571635590777,3
2024-12-19 16:00:00+00:00,745.6,-0.006590360254321581,0.004467963729295418,46.52491815962788,5.4521402028789625,3
2024-12-19 17:00:00+00:00,737.82,-0.010489370958969957,0.004676469139101691,44.373805814680146,5.558897398821384,3
2024-12-19 18:00:00+00:00,736.06,-0.0023882552671210533,0.004664742849483513,43.90520773315332,5.520919450844958,3
2024-12-20 10:00:00+00:00,737.74,0.0022798218586812524,0.004676544883839404,44.47632145797819,5.512701061828059,3
2024-12-20 11:00:00+00:00,740.42,0.0036261337562573104,0.0046804043763590646,45.38151026864548,5.499247040591498,3
2024-12-20 12:00:00+00:00,744.93,0.006072661473295327,0.004727997243196111,46.86890215347021,5.5192620997796675,3
2024-12-20 13:00:00+00:00,775.28,0.039934000192770824,0.007188797312467095,55.23917931719696,6.058676857784075,2
2024-12-20 14:00:00+00:00,782.88,0.009755173114518456,0.007302580824617852,56.97129980062261,6.132103320628394,2
2024-12-20 15:00:00+00:00,790.36,0.00950911032480306,0.007357515751501527,58.580987863129664,6.310261254215825,2
2024-12-20 16:00:00+00:00,796.11,0.007248829386050204,0.007391735972885695,59.76175088087162,6.411056029131508,2
2024-12-20 17:00:00+00:00,808.81,0.0158266643742051,0.00766574071767572,62.19097867909464,6.557034908548876,2
2024-12-20 18:00:00+00:00,812.12,0.0040840808681688046,0.0076648570961657565,62.788433834960834,6.5794942103778995,0
2024-12-23 10:00:00+00:00,835.46,0.02833435887169955,0.008530961301335899,66.58741182599246,6.914704326170343,2
2024-12-23 11:00:00+00:00,835.26,-0.00023941773720892456,0.008535798758450402,66.52802412382266,6.965410239646936,0
2024-12-23 12:00:00+00:00,829.44,-0.00699227934473079,0.00859025909980796,64.81160218053675,6.943702034853998,0
2024-12-23 13:00:00+00:00,831.45,0.0024203902501227503,0.00855586254148969,65.12865753863576,6.9098279941569185,0
2024-12-23 14:00:00+00:00,831.52,8.418672620891243e-05,0.008559781857419322,65.13981951611538,6.895431434273782,0
2024-12-23 15:00:00+00:00,833.13,0.0019343411552075196,0.008414662794399053,65.399747776352,6.871122805588308,0
2024-12-23 16:00:00+00:00,836.75,0.004335647676096066,0.00835519264894232,65.98170759161877,6.86810034947654,0
2024-12-23 17:00:00+00:00,840.63,0.004626270636469698,0.008324179566504995,66.59618633570355,6.860138342487008,0
2024-12-23 18:00:00+00:00,837.82,-0.003348330454069348,0.00834669800298857,65.71891635812506,6.7963355756372685,0
2024-12-24 10:00:00+00:00,833.5,-0.005169578082987236,0.008377790193166501,64.38833194192483,6.882008864124524,0
2024-12-24 11:00:00+00:00,839.49,0.007160862403506663,0.00838535216482052,65.38006610307625,6.930568686842032,0
2024-12-24 12:00:00+00:00,838.46,-0.0012276887027260486,0.00840162932440184,65.06214769262644,6.919357313105191,0
2024-12-24 13:00:00+00:00,838.76,0.0003577348269150349,0.008404468544906661,65.11256704839391,6.846970166843087,0
2024-12-24 14:00:00+00:00,840.77,0.0023935279031679357,0.008378128566592756,65.45341053069117,6.785830763506223,0
2024-12-24 15:00:00+00:00,838.95,-0.002167028686005601,0.00829138221131898,64.86785943137338,6.759314148236098,0
2024-12-24 16:00:00+00:00,833.84,-0.006109572504639615,0.008337395330540898,63.24681610038529,6.763727865271376,0
2024-12-24 17:00:00+00:00,850.57,0.019865175544766522,0.008679303304657817,66.0787665953521,7.008253307965948,2
2024-12-24 18:00:00+00:00,848.79,-0.002094907083820985,0.00865753541215341,65.53057464810762,6.93448824180663,0
2024-12-25 10:00:00+00:00,843.15,-0.006666927775818898,0.00868022341303287,63.81877776185671,6.930198476970495,0
2024-12-25 11:00:00+00:00,847.61,0.005275746226287126,0.008669098606425125,64.56567709756648,6.939994507431087,0
2024-12-25 12:00:00+00:00,852.8,0.006104429069099027,0.008631100653718462,65.41347472314587,6.965794617282466,0
2024-12-25 13:00:00+00:00,857.6,0.005612736904957671,0.008636463237183784,66.17717980097315,6.956478724936817,0
2024-12-25 14:00:00+00:00,856.8,-0.000933271182998574,0.008619284525577298,65.9295962228544,6.903749150438079,0
2024-12-25 15:00:00+00:00,860.46,0.0042626108356369485,0.008611208729750243,66.51443509698106,6.877074167429319,0
2024-12-25 16:00:00+00:00,866.15,0.006590973755773888,0.008575755747471759,67.40210921543314,6.893332684080731,0
2024-12-25 17:00:00+00:00,864.51,-0.0018952312885183176,0.008605712496995384,66.88067195497393,6.8670660303991164,0
2024-12-25 18:00:00+00:00,864.25,-0.0003007936346977047,0.008601795907661124,66.79707519505038,6.803124709791133,0
2024-12-26 10:00:00+00:00,874.85,0.012190364288894528,0.008681939705091478,68.43825536421633,6.94226221559531,2
2024-12-26 11:00:00+00:00,867.89,-0.00798746457156252,0.008820776578354575,66.24440784219689,7.013816971283403,0
2024-12-26 12:00:00+00:00,873.3,0.006214160900621657,0.00881427111757192,67.08138012958634,7.024340631857735,0
2024-12-26 13:00:00+00:00,872.83,-0.0005383333558794945,0.008801334858987172,66.93425451318495,6.96825381922058,0
2024-12-26 14:00:00+00:00,873.2,0.00042381861198048654,0.008810304859790345,66.9924082913227,6.907088742836168,0
2024-12-26 15:00:00+00:00,875.44,0.0025619924343986966,0.008805966174096274,67.3471731713968,6.859346967979446,0
2024-12-26 16:00:00+00:00,874.39,-0.0012001167267952084,0.008787038529617241,67.00271666022047,6.807960028619859,0
2024-12-26 17:00:00+00:00,877.46,0.0035048698720610005,0.008787222983427595,67.49866813503942,6.7856008280474605,0
2024-12-26 18:00:00+00:00,878.3,0.0009568506676185251,0.008755414090547442,67.6344864498071,6.678088811486511,0
2024-12-27 10:00:00+00:00,876.09,-0.002519395538016944,0.008750779003289006,66.88413076278326,6.69312703525678,0
2024-12-27 11:00:00+00:00,876.13,4.565636735875955e-05,0.008761012595725745,66.89091479349189,6.611864494551645,0
2024-12-27 12:00:00+00:00,877.08,0.00108372652788713,0.008654452171426099,67.05447798556582,6.536427204660613,0
2024-12-27 13:00:00+00:00,873.03,-0.004628288769967348,0.00850295146614923,65.64376959068454,6.490298660567401,0
2024-12-27 14:00:00+00:00,875.02,0.0022768237289181315,0.008464034575197173,66.00238577386479,6.4234926873560525,0
2024-12-27 15:00:00+00:00,876.5,0.0016899611220377864,0.008466122055837194,66.2695809890819,6.34822283360893,0
2024-12-27 16:00:00+00:00,875.92,-0.0006619417961193363,0.00848596519225504,66.06195969657958,6.270458376936753,0
2024-12-27 17:00:00+00:00,863.82,-0.013910348798851224,0.008819660731281532,61.9314805914864,6.400649209398017,0
2024-12-27 18:00:00+00:00,864.09,0.0003125162794335168,0.00702791391786011,61.98559955125164,6.299436225210055,0
2024-12-28 10:00:00+00:00,872.0,0.009112493863227655,0.007014330841229845,63.53528283062168,6.356247500705853,2
2024-12-28 11:00:00+00:00,875.26,0.003731561167581887,0.006937902245151017,64.14989377510142,6.312922550691735,0
2024-12-28 12:00:00+00:00,875.79,0.0006053510935553064,0.006899633398911375,64.24985634787967,6.231264099677901,0
2024-12-28 13:00:00+00:00,874.2,-0.0018171537409026328,0.006618705391310928,63.70607661507947,6.163638817684343,0
2024-12-28 14:00:00+00:00,873.81,-0.00044622171094133023,0.006614383026941909,63.57141180608649,6.077166041330656,0
2024-12-28 15:00:00+00:00,873.87,6.866245539605131e-05,0.005359945277353897,63.58349640035197,6.006622720504044,0
2024-12-28 16:00:00+00:00,871.41,-0.002819033770082413,0.0053834899910600335,62.71312234199671,5.976090266093963,0
2024-12-28 17:00:00+00:00,862.43,-0.0103586032119658,0.0055032522670595,59.670577901291516,6.092168460772083,0
2024-12-28 18:00:00+00:00,863.36,0.0010777673877155891,0.005498358558858014,59.8762901369794,5.998125091556641,0
2024-12-30 10:00:00+00:00,879.86,0.018931050327523735,0.0060680621416602425,63.26827831752274,6.237362589725509,2
2024-12-30 11:00:00+00:00,884.05,0.0047508182172384394,0.006088717231941669,64.05566436159829,6.203415337930998,0
2024-12-30 12:00:00+00:00,884.84,0.0008932155787233498,0.0060718203730916204,64.20329499170816,6.141747031172379,0
2024-12-30 13:00:00+00:00,885.48,0.0007230331554541891,0.006050845060623089,64.32442279130746,6.07551209054893,0
2024-12-30 14:00:00+00:00,890.28,0.005406149131158777,0.006047944802028361,65.22496391947672,6.08040184873795,0
2024-12-30 15:00:00+00:00,887.62,-0.002992296512477566,0.006008751065272193,64.30704270893042,6.06999381176319,0
2024-12-30 16:00:00+00:00,886.67,-0.0010708509778920572,0.005956264441520751,63.97891393615747,5.988593935527927,0
2024-12-30 17:00:00+00:00,890.03,0.003782297524191236,0.005958558022657069,64.63025329483756,5.93782205681737,0
2024-12-30 18:00:00+00:00,893.22,0.0035777410937640752,0.00596673310408391,65.23918115894278,5.8850656156810235,0
2025-01-03 10:00:00+00:00,882.73,-0.011813533036440838,0.006243423888130263,61.67622552081697,6.091164303367404,0
2025-01-03 11:00:00+00:00,882.03,-0.0007933090467959758,0.00623233218760757,61.44771608647577,6.079741017300056,0
2025-01-03 12:00:00+00:00,874.89,-0.00812790486458681,0.006285638741008091,59.16614645423829,6.120146196954055,0
2025-01-03 13:00:00+00:00,875.46,0.0006512983347892742,0.0056628094965186365,59.28928309474426,6.0635432730149725,0
2025-01-03 14:00:00+00:00,876.02,0.0006394592220093642,0.00564966899847656,59.41198515082593,6.044672407554673,0
2025-01-03 15:00:00+00:00,875.06,-0.0010964662907229084,0.005556972044855614,59.100390088068735,5.995378959403578,0
2025-01-03 16:00:00+00:00,875.58,0.0005940684724370371,0.005518345199840889,59.218608352866646,5.917671380215504,0
2025-01-03 17:00:00+00:00,876.58,0.0011414483934970576,0.00546257374751264,59.44861568455897,5.848117952611193,0
2025-01-03 18:00:00+00:00,876.32,-0.00029665126579558887,0.005414518787640289,59.359793940824034,5.772755593558968,0
2025-01-06 10:00:00+00:00,869.44,-0.007881994797427794,0.0055380404737302566,57.05791509498467,5.8699004816877896,0
2025-01-06 11:00:00+00:00,873.52,0.0046816994678273716,0.005544484608872646,58.04248262557266,5.865302472054034,0
2025-01-06 12:00:00+00:00,868.87,-0.0053375088694060935,0.005524923192729839,56.535019682824085,5.842596422612951,0
2025-01-06 13:00:00+00:00,869.43,0.0006443076791953217,0.005518225430939499,56.67330155784263,5.769944494160693,0
2025-01-06 14:00:00+00:00,872.09,0.0030548050766645574,0.005533468162459799,57.33126695435311,5.7261456042774785,0
2025-01-06 15:00:00+00:00,871.13,-0.0011014101456483516,0.00525710443419297,57.01242132791483,5.66402269219193,0
2025-01-06 16:00:00+00:00,871.7,0.0006541085709139693,0.005132584748077014,57.15678188745512,5.585342238348091,1
2025-01-06 17:00:00+00:00,873.53,0.002097145557546476,0.0050648699436154,57.622996600064944,5.528035393581128,1
2025-01-06 18:00:00+00:00,872.53,-0.0011454361354541476,0.0050669270046250995,57.27546416619633,5.464874685709506,1
2025-01-08 10:00:00+00:00,875.04,0.0028725621588403527,0.005082983718268866,57.92539508049929,5.476977191995316,1
2025-01-08 11:00:00+00:00,875.94,0.0010279958414809443,0.005072081484749025,58.158280381956644,5.428637648155409,1
2025-01-08 12:00:00+00:00,876.49,0.0006276998431422598,0.005069757635654448,58.30220306501136,5.3680648951923,1
2025-01-08 13:00:00+00:00,878.32,0.0020856966433910884,0.005053957008137031,58.78354388525004,5.309903597288455,1
2025-01-08 14:00:00+00:00,878.65,0.00037564671437806396,0.005052425475841108,58.87090647426835,5.224305525342686,1
2025-01-08 15:00:00+00:00,879.81,0.0013193364287644727,0.005042392849887713,59.18124279008588,5.171619414835833,1
2025-01-08 16:00:00+00:00,882.01,0.0024974187413793203,0.005053913033788342,59.76871320685644,5.1165870265391185,1
2025-01-08 17:00:00+00:00,881.15,-0.0009755213006208407,0.0050544043117703484,59.42754878406998,5.047255286008336,1
2025-01-08 18:00:00+00:00,880.13,-0.001158248675997342,0.0050119046016530115,59.01982747439168,4.997310180288168,1
2025-01-09 10:00:00+00:00,872.07,-0.00919992791792712,0.005173280965989281,55.925986133232605,5.1447639766824045,1
2025-01-09 11:00:00+00:00,868.98,-0.0035495858756338095,0.005189993763539802,54.802170106998986,5.181868697148757,1
2025-01-09 12:00:00+00:00,864.4,-0.0052844854080893455,0.005239825448078395,53.18573722358934,5.2178313232057825,3
2025-01-09 13:00:00+00:00,863.87,-0.0006133301123245616,0.004856547367217636,53.00113818606157,5.186074696741667,1
2025-01-09 14:00:00+00:00,860.04,-0.004443394726577843,0.00489673212913645,51.67850023784744,5.194153202806834,3
2025-01-09 15:00:00+00:00,858.74,-0.0015127011576758775,0.004716271047706163,51.23566045971358,5.1588701387506966,3
2025-01-09 16:00:00+00:00,864.71,0.006927991967883962,0.004793160056230333,53.1182074895896,5.221892735975684,1
2025-01-09 17:00:00+00:00,857.38,-0.008512963047655475,0.004931702862126697,50.66758044736127,5.2810548812561695,3
2025-01-09 18:00:00+00:00,854.03,-0.003914905579192052,0.004952667207593795,49.600409895110154,5.243633783631047,3
2025-01-10 10:00:00+00:00,853.9,-0.00015223106362860506,0.00495286671507409,49.55907666527072,5.272961107958427,3
2025-01-10 11:00:00+00:00,850.54,-0.003942649025431955,0.004976543454011304,48.49330129970912,5.334501885799259,3
2025-01-10 12:00:00+00:00,845.78,-0.005612163381385926,0.005018137193913639,47.03122394081075,5.344611848083275,3
2025-01-10 13:00:00+00:00,864.07,0.021394505534009234,0.005717998381916807,52.630917384192266,5.607919611121609,2
2025-01-10 14:00:00+00:00,863.87,-0.00023148952034546255,0.005716137171498317,52.56890713491412,5.582361218899178,3
2025-01-10 15:00:00+00:00,866.7,0.003270601619893121,0.005048366243766543,53.36230311691708,5.590513994521194,1
2025-01-10 16:00:00+00:00,867.97,0.0014642557107826804,0.005002429406260479,53.71682351855887,5.58690371463077,1
2025-01-10 17:00:00+00:00,878.06,0.011557776579000034,0.0052770797318114175,56.40351024394889,5.720365640338155,2
2025-01-10 18:00:00+00:00,873.09,-0.005676285120670421,0.005332687888352767,54.80450718132629,5.773958327531392,0
2025-01-13 10:00:00+00:00,883.72,0.012101627073415777,0.005557750034112388,57.4379077866084,5.971879160980763,2
2025-01-13 11:00:00+00:00,887.88,0.004696328342633116,0.005583749334419754,58.40571631451404,6.017241577761148,0
2025-01-13 12:00:00+00:00,889.65,0.001991528227384798,0.0055884914517080235,58.81233516321276,5.974496746205924,0
2025-01-13 13:00:00+00:00,883.37,-0.007083988068217195,0.0056519899942277735,56.80195834581732,5.980806811281805,0
2025-01-13 14:00:00+00:00,879.37,-0.00453839688857105,0.005659280823121307,55.56742287874442,5.972990675056169,0
2025-01-13 15:00:00+00:00,880.92,0.0017610739146336485,0.00541669233906405,55.94601458622554,5.960930861555045,0
2025-01-13 16:00:00+00:00,881.68,0.0008623624725956347,0.005417060499832729,56.133023845814236,5.946712244323944,0
2025-01-13 17:00:00+00:00,886.08,0.004978061599310912,0.005332560124455034,57.20620181783463,5.967977999437465,0
2025-01-13 18:00:00+00:00,879.08,-0.007931333924586781,0.005456217958833181,55.02104710973355,6.017618439448716,0
2025-01-14 10:00:00+00:00,870.3,-0.010037926262541852,0.005639834119323078,52.45651066570459,6.113066070659744,3
2025-01-14 11:00:00+00:00,877.62,0.00837571833158357,0.005764452570872599,54.26982613255448,6.216604749246549,2
2025-01-14 12:00:00+00:00,877.54,-9.115978036788874e-05,0.005763967648104938,54.246752876228165,6.154472654261616,0
2025-01-14 13:00:00+00:00,881.72,0.0047520069414535016,0.00580048879327726,55.26089305776571,6.158983201176384,0
2025-01-14 14:00:00+00:00,878.77,-0.003351342820551828,0.005820984373602306,54.39266057499305,6.109803537152856,0
2025-01-14 15:00:00+00:00,880.13,0.0015464213667950588,0.005710255454518627,54.7272757067132,6.0466074664097995,0
2025-01-14 16:00:00+00:00,880.36,0.00026129089209092626,0.005674259389869449,54.78452377013574,5.987475317081602,0
2025-01-14 17:00:00+00:00,873.62,-0.007685416224995301,0.005730090048916955,52.78848331080041,6.02212581073997,3
2025-01-14 18:00:00+00:00,870.87,-0.00315278651976314,0.005747985105626862,51.999697681586305,5.973283294525172,3
2025-01-15 10:00:00+00:00,870.41,-0.0005283469754449044,0.005731856969079342,51.86741181557937,5.9908176286346695,3
2025-01-15 11:00:00+00:00,868.67,-0.0020010586984078316,0.005736671482525403,51.36306544219313,5.954601276061975,3
2025-01-15 12:00:00+00:00,865.59,-0.003551950962598305,0.005756840632379337,50.47652376766723,5.933109250540736,3
2025-01-15 13:00:00+00:00,867.07,0.0017083563537525492,0.005754018185651591,50.892132077776374,5.857847065529922,3
2025-01-15 14:00:00+00:00,867.04,-3.459988121079505e-05,0.0057522344402907676,50.88329961469764,5.829090124219323,3
2025-01-15 15:00:00+00:00,869.42,0.002741210843121955,0.005750866779433099,51.56380386311438,5.816708321734935,3
2025-01-15 16:00:00+00:00,867.96,-0.0016806920117362623,0.005752504449041797,51.12045440107276,5.750574155300236,3
2025-01-15 17:00:00+00:00,872.64,0.0053774690080343746,0.0058051434141425775,52.45751184612873,5.78696267219423,0
2025-01-15 18:00:00+00:00,871.13,-0.0017318802106078834,0.005801073765470686,51.98930053666294,5.714423418750345,3
2025-01-16 10:00:00+00:00,889.09,0.02040724828846585,0.006489938781673536,56.68183599425328,6.003334950375336,2
2025-01-16 11:00:00+00:00,892.83,0.004197725477962599,0.006512469280947106,57.56319213014003,5.988668251367829,0
2025-01-16 12:00:00+00:00,893.63,0.0008956260464563215,0.006505343970955039,57.75081769305745,5.940894886340471,0
2025-01-16 13:00:00+00:00,894.43,0.0008948246181681441,0.006503461274549946,57.940569800865156,5.870076988613662,0
2025-01-16 14:00:00+00:00,896.51,0.0023228035949900416,0.006506172972058026,58.43583141726306,5.815075448841389,0
2025-01-16 15:00:00+00:00,894.91,-0.0017862929133825034,0.006366636145246849,57.90066920396378,5.7569739398645625,0
2025-01-16 16:00:00+00:00,890.91,-0.004479742291341182,0.006380105993934952,56.57884344089932,5.785034461067271,0
2025-01-16 17:00:00+00:00,892.79,0.00210797857953704,0.006328808290986694,57.04909980507441,5.742933771845925,0
2025-01-16 18:00:00+00:00,895.83,0.003399271983180796,0.006337943639098721,57.80315465478024,5.721675096409008,0
2025-01-17 10:00:00+00:00,895.67,-0.0001786212675698451,0.006295502187123847,57.74870523680603,5.7272415944808275,0
2025-01-17 11:00:00+00:00,898.96,0.0036664980365639366,0.006299081410038078,58.56760654074236,5.704696762591211,0
2025-01-17 12:00:00+00:00,899.04,8.898776424093313e-05,0.006239832218668674,58.587522020449704,5.667602827339387,0
2025-01-17 13:00:00+00:00,901.15,0.0023441980749261404,0.006097170212050186,59.11641296943774,5.642250770792599,0
2025-01-17 14:00:00+00:00,901.9,0.0008319237328482387,0.006055963208885648,59.304920865674646,5.577005755376747,0
2025-01-17 15:00:00+00:00,902.4,0.0005542315721314139,0.006053827768992256,59.432167125987235,5.5258656402692115,0
2025-01-17 16:00:00+00:00,906.61,0.0046544879249328375,0.006029581375004231,60.4935144829736,5.532348327463827,0
2025-01-17 17:00:00+00:00,906.93,0.0003529009598031152,0.0059489677346962104,60.573517354485425,5.47310136091455,0
2025-01-17 18:00:00+00:00,906.03,-0.0009928515509782798,0.005209623191989998,60.22351598716823,5.39803933369626,1
2025-01-20 10:00:00+00:00,915.27,0.010146685637061559,0.0053660521580076925,62.4938651077006,5.5224785470223345,2
2025-01-20 11:00:00+00:00,912.24,-0.003315990365510224,0.005393855017683673,61.32266300933827,5.538828976081886,0
2025-01-20 12:00:00+00:00,902.37,-0.01087847783877649,0.005649676281409606,57.72666554534717,5.636252396560248,0
2025-01-20 13:00:00+00:00,903.27,0.000996876536333069,0.005431621695163535,57.956069531876445,5.654327348629042,0
2025-01-20 14:00:00+00:00,907.07,0.004198112598715831,0.0053792811923171644,58.91661015588622,5.674040801656462,0
2025-01-20 15:00:00+00:00,906.97,-0.00011025115223706194,0.005125222302865779,58.880487958944435,5.684359985623334,0
2025-01-20 16:00:00+00:00,908.5,0.001685514343087391,0.0050927298386894,59.27035132133628,5.642672785910865,1
2025-01-20 17:00:00+00:00,902.15,-0.0070140844819182036,0.005195638431681644,56.9823258120073,5.681219330192647,0
2025-01-20 18:00:00+00:00,905.15,0.003319872467645091,0.005102231742431043,57.768255751598396,5.722194943588795,1
2025-01-21 10:00:00+00:00,903.57,-0.0017470923104623282,0.005061228506984679,57.206571068409644,5.7397510447170195,0
2025-01-21 11:00:00+00:00,900.11,-0.003836605433484408,0.0050955277351919966,55.99008431538418,5.723956023822677,0
2025-01-21 12:00:00+00:00,897.0,-0.0034611160192099533,0.00512465910135385,54.91895490144087,5.673876903346223,0
2025-01-21 13:00:00+00:00,897.71,0.0007912142207260331,0.0050814262882078656,55.11897125755373,5.637399365279299,1
2025-01-21 14:00:00+00:00,891.95,-0.006436999082245265,0.005036456006899838,53.1662267122274,5.671451377973714,3
2025-01-21 15:00:00+00:00,894.4,0.0027430252035580693,0.004821286377020118,53.875467707714215,5.619422350414238,1
2025-01-21 16:00:00+00:00,898.14,0.004172855754364768,0.004717518737503662,54.938436178787384,5.607033903405953,1
2025-01-21 17:00:00+00:00,922.36,0.026609644724922887,0.00599253916146892,60.89382603007316,6.0038932253378325,2
2025-01-21 18:00:00+00:00,925.16,0.003031092647176159,0.0059754453968073225,61.49415378957739,5.9562153608310755,0
2025-01-22 10:00:00+00:00,923.11,-0.002218291527363192,0.005960885162996372,60.79689459692007,5.980691053614455,0
2025-01-22 11:00:00+00:00,928.08,0.0053695319672160124,0.005992675529026825,61.86654779651713,5.971477232542165,0
2025-01-22 12:00:00+00:00,931.42,0.0035923674019029406,0.006002112603521286,62.56694087716084,5.9708476878913235,0
2025-01-22 13:00:00+00:00,931.03,-0.0004188031954681648,0.005870904811231507,62.4303180288622,5.919030734133497,0
2025-01-22 14:00:00+00:00,934.67,0.003902025640234008,0.005847096876243842,63.19571631327445,5.897450119450827,0
2025-01-22 15:00:00+00:00,930.53,-0.004439209520445964,0.005899533244146274,61.73602340075559,5.884301117061811,0
2025-01-22 16:00:00+00:00,931.3,0.000827143234237937,0.005880414169017905,61.90302807424492,5.825815094720575,0
2025-01-22 17:00:00+00:00,933.67,0.0025415972115299112,0.005838849726843832,62.41819468321172,5.791898792826163,0
2025-01-22 18:00:00+00:00,952.82,0.02030295184570896,0.0064151911461350864,66.18802766519306,6.062860816969641,2
2025-01-23 10:00:00+00:00,942.97,-0.010391539819060824,0.006641683090254383,62.87761664319953,6.274003600630248,0
2025-01-23 11:00:00+00:00,940.24,-0.0028993069411917816,0.006671110282964627,62.00061816458931,6.260323528617642,0
2025-01-23 12:00:00+00:00,935.53,-0.005021948212021066,0.006720847647718073,60.51469684193663,6.283517058045288,0
2025-01-23 13:00:00+00:00,937.92,0.002551443909950102,0.006699417028649341,60.99867974710206,6.242446716884383,0
2025-01-23 14:00:00+00:00,941.29,0.003586617368564582,0.006690197728056474,61.67458731574583,6.232797782546695,0
2025-01-23 15:00:00+00:00,938.38,-0.003096290651924072,0.006141336788272249,60.74696834459056,6.18734182689576,0
2025-01-23 16:00:00+00:00,939.64,0.0013418389463968339,0.006124999155627423,61.00609469771415,6.137394990357845,0
2025-01-23 17:00:00+00:00,930.86,-0.009387933155942996,0.006299499629363943,58.270901483008565,6.235247090550688,0
2025-01-23 18:00:00+00:00,930.18,-0.0007307742232960379,0.0063032800648032995,58.0651614784461,6.190342148739675,0
2025-01-24 10:00:00+00:00,938.18,0.008563712444483507,0.006395493946965855,59.77033440775807,6.267935305764882,2
2025-01-24 11:00:00+00:00,939.42,0.001320835300677281,0.006383858643415777,60.02741030632546,6.201376599649587,0
2025-01-24 12:00:00+00:00,941.3,0.001999235001687971,0.006336545700599414,60.41871487553899,6.171749067656595,0
2025-01-24 13:00:00+00:00,941.08,-0.0002337466409558786,0.006337600261591917,60.34817161874296,6.092314086303462,0
2025-01-24 14:00:00+00:00,943.41,0.0024728188393634554,0.0063319539419642405,60.84226467846392,6.0314678045773915,0
2025-01-24 15:00:00+00:00,942.65,-0.0008059128989899023,0.006335028336173067,60.59096899466063,5.963038448485844,0
2025-01-24 16:00:00+00:00,934.94,-0.00821270174595412,0.006455454255047607,58.10657952618417,6.014977679516125,0
2025-01-24 17:00:00+00:00,944.81,0.01050149297113645,0.0065989046170014535,60.23635894227056,6.164878125925802,2
2025-01-24 18:00:00+00:00,945.07,0.0002751497466935149,0.006596746325080872,60.290622966519344,6.105580563407285,0
2025-01-27 09:00:00+00:00,944.5,-0.0006033118829034123,0.00660039994132396,60.107126691216706,6.019068952139142,0
2025-01-27 10:00:00+00:00,941.14,-0.003563780526663507,0.006630718670712481,59.02653135000626,6.001687573096358,0
2025-01-27 11:00:00+00:00,933.37,-0.008290213977093508,0.006730727400261338,56.62440185332457,6.037253821634431,0
2025-01-27 12:00:00+00:00,936.04,0.002856518169403799,0.006738298291221895,57.23464845061253,5.994908745201742,0
2025-01-27 13:00:00+00:00,936.5,0.000491311276931583,0.00673426290112246,57.340159904547114,5.946810570297707,0
2025-01-27 14:00:00+00:00,932.92,-0.003830069622000387,0.006621646903125951,56.238268933038405,5.911874358891754,0
2025-01-27 15:00:00+00:00,936.47,0.0037980349391144586,0.006616994282554066,57.07296782979774,5.881636871713919,0
2025-01-27 16:00:00+00:00,929.91,-0.007029679930428578,0.006503043487273286,55.091577824406436,5.89900413427964,0
2025-01-27 17:00:00+00:00,937.72,0.008363589710488561,0.006594990345940391,56.90896538723085,6.040224051594048,2
2025-01-27 18:00:00+00:00,937.74,2.1328100840101172e-05,0.006576832937555064,56.91352170115996,5.959019570562168,0
2025-01-28 09:00:00+00:00,935.15,-0.0027657808531484918,0.006593921719377232,56.12926227983029,5.894639179150925,0
2025-01-28 10:00:00+00:00,934.81,-0.0003636441461276618,0.00659348108291843,56.025846742924244,5.875546395567908,0
2025-01-28 11:00:00+00:00,933.58,-0.0013166417907273242,0.0065084034790549895,55.64736825023723,5.8384354676565495,0
2025-01-28 12:00:00+00:00,932.75,-0.0008894461908868223,0.006500844119699495,55.38971902322783,5.79786675830342,0
2025-01-28 13:00:00+00:00,936.37,0.0038734854115007877,0.006508008522487845,56.29038873940971,5.787509423137351,0
2025-01-28 14:00:00+00:00,943.34,0.007416071569243066,0.006541938758869346,57.95806383087574,5.867759234674603,2
2025-01-28 15:00:00+00:00,947.15,0.004030706492277325,0.006524894718084896,58.834131992250256,5.87380404998111,0
2025-01-28 16:00:00+00:00,947.39,0.0002533596559413098,0.006525837337297559,58.88919644718627,5.8281279689814856,0
2025-01-28 17:00:00+00:00,948.89,0.0015820451756685117,0.006435306738880197,59.236936586375876,5.778565409601856,0
2025-01-28 18:00:00+00:00,942.81,-0.006428102696736104,0.006521645275300672,57.23457027918182,5.836994101409817,0
2025-01-29 09:00:00+00:00,943.81,0.0010600969921350512,0.006506106146139699,57.4758147036221,5.754854219381622,0
2025-01-29 10:00:00+00:00,942.7,-0.001176776299192106,0.005358834786843904,57.11090919315199,5.725157134993989,0
2025-01-29 11:00:00+00:00,947.33,0.004899402931802577,0.005383753181713769,58.23938969406038,5.718653992294109,0
2025-01-29 12:00:00+00:00,949.3,0.0020773695538451875,0.005374185694376516,58.711061692640975,5.710880912448228,0
2025-01-29 13:00:00+00:00,948.16,-0.0012016065025521883,0.005334358402866236,58.322089209023034,5.677063294199265,0
2025-01-29 14:00:00+00:00,945.38,-0.0029363013164740437,0.005335227215155419,57.376190731563156,5.650122028315278,0
2025-01-29 15:00:00+00:00,944.22,-0.0012277732278977993,0.0053386693970844685,56.98269362248351,5.596919587748972,0
2025-01-29 16:00:00+00:00,942.19,-0.002152237089075193,0.005323509993038731,56.29328235078931,5.557781195993993,0
2025-01-29 17:00:00+00:00,946.34,0.004394959762355377,0.005314333206502336,57.36921410919348,5.544425572074113,1
2025-01-29 18:00:00+00:00,948.38,0.002153353306322714,0.005320136149580909,57.88919344983396,5.483537060632631,1
2025-01-30 09:00:00+00:00,948.26,-0.00012653956487262974,0.005311216680415666,57.84684208521817,5.404466319419978,1
2025-01-30 10:00:00+00:00,948.33,7.381669209660657e-05,0.004459340111188186,57.86519063148554,5.359976993031577,1
2025-01-30 11:00:00+00:00,947.59,-0.0007806236946468204,0.004206393942035547,57.594756132235545,5.3147774531709455,1
2025-01-30 12:00:00+00:00,947.4,-0.00020052876335707737,0.004184409126034246,57.524320566244576,5.277481904107527,1
2025-01-30 13:00:00+00:00,948.3,0.0009495174000297979,0.004118428277185101,57.773925181156535,5.2429322660253765,1
2025-01-30 14:00:00+00:00,948.5,0.00021088148538783713,0.004105261600849634,57.83011738674473,5.195873620704869,1
2025-01-30 15:00:00+00:00,948.84,0.00035839649576718813,0.004076588506276816,57.92723974458301,5.1459561482907725,1
2025-01-30 16:00:00+00:00,949.62,0.0008217187024106565,0.0040502942281296726,58.15285696709997,5.094237025324959,1
2025-01-30 17:00:00+00:00,952.22,0.0027341959573492502,0.004062804547179566,58.90247424629729,5.04955228481846,1
2025-01-30 18:00:00+00:00,953.84,0.0016998419672802356,0.003820491691323309,59.365267238609356,4.985561239122091,1
2025-01-31 09:00:00+00:00,959.6,0.006020588467663401,0.0038951243320147536,60.960262439240125,5.007050014339647,1
2025-01-31 10:00:00+00:00,959.64,4.168316625907664e-05,0.0037232152304255283,60.97111818125359,4.981509014052855,1
2025-01-31 11:00:00+00:00,955.39,-0.004438580050894814,0.0037843865785673874,59.18676790763659,5.032078833771798,1
2025-01-31 12:00:00+00:00,957.03,0.0017151048430958937,0.003782052459209181,59.6517217080253,5.001637257096362,1
2025-01-31 13:00:00+00:00,956.51,-0.0005434953152798627,0.003783250645266161,59.43265953186216,4.950404511954435,1
2025-01-31 14:00:00+00:00,957.95,0.001504340933281334,0.0037745002486943282,59.84930869567973,4.914596421715348,1
2025-01-31 15:00:00+00:00,951.18,-0.007092265458809699,0.003914395245578415,57.03892627590089,4.974904493281042,1
2025-01-31 16:00:00+00:00,949.54,-0.001725662282693996,0.003733883314404326,56.384448770329726,4.961806403415422,1
2025-01-31 17:00:00+00:00,949.28,-0.0002738542901647989,0.003432445771936432,56.279981378490056,4.944570275347115,1
2025-01-31 18:00:00+00:00,949.5,0.00023172774200741486,0.0034324045999033124,56.34980957299585,4.901878869840173,1
2025-02-03 09:00:00+00:00,943.96,-0.00585173788595128,0.003532930720301558,54.12836052758425,4.914641292443369,1
2025-02-03 10:00:00+00:00,946.88,0.003088576845455826,0.0035216654520377477,55.08076895036703,4.906348466594501,1
2025-02-03 11:00:00+00:00,944.33,-0.0026966878827066054,0.003332776400412804,54.08019663899521,4.893821497262611,1
2025-02-03 12:00:00+00:00,944.27,-6.353912953471763e-05,0.003311390001492802,54.05661997429537,4.866145067317358,1
2025-02-03 13:00:00+00:00,944.75,0.0005082000299951872,0.0033114237779850236,54.21954512070112,4.837622165971012,1
2025-02-03 14:00:00+00:00,943.15,-0.0016950054378650492,0.003272252653538935,53.57334562409331,4.797069722651591,1
2025-02-03 15:00:00+00:00,940.3,-0.0030263635087024454,0.0032621941922947872,52.437417525678576,4.786328328198559,1
2025-02-03 16:00:00+00:00,942.64,0.0024854761220538535,0.0031130096504929615,53.26758407281188,4.768001761634588,1
2025-02-03 17:00:00+00:00,920.71,-0.023539337869084243,0.004417027330310995,45.64819561650562,5.124641726401896,3
2025-02-03 18:00:00+00:00,922.33,0.0017579655538781935,0.00442695296795567,46.22797638220894,5.1083488918738595,3
2025-02-04 09:00:00+00:00,927.87,0.005988559676436189,0.0045012027956974005,48.15773281586165,5.122581914036381,1
2025-02-04 10:00:00+00:00,927.98,0.00011854406350586544,0.004501266051554165,48.195400704721294,5.094130275755655,3
2025-02-04 11:00:00+00:00,924.17,-0.00411414342689298,0.004533377217871615,46.98873420637896,5.08364767024054,3
2025-02-04 12:00:00+00:00,923.16,-0.0010934701440845629,0.004534099814619095,46.67264158070211,5.034374716835727,3
2025-02-04 13:00:00+00:00,922.16,-0.0010838229660867782,0.004497107912645467,46.357581097142905,5.004087222499012,3
2025-02-04 14:00:00+00:00,922.22,6.506251425530962e-05,0.004357503303089808,46.37974190703749,4.955605478049031,3
2025-02-04 15:00:00+00:00,921.93,-0.0003145080415256629,0.004309323253676718,46.28543526118813,4.90869336848805,3
2025-02-04 16:00:00+00:00,920.73,-0.0013024650989788,0.004309096538178922,45.89142935826758,4.854119501118288,3
2025-02-04 17:00:00+00:00,932.07,0.012241085494808956,0.004666612647910536,49.996009791856,5.089837111095922,2
2025-02-04 18:00:00+00:00,932.82,0.0008043370283878915,0.00458600527098964,50.250699748040404,5.031040368874005,1
2025-02-05 09:00:00+00:00,929.04,-0.004060461252202607,0.004614082340209328,48.96800294993535,5.030819561496527,3
2025-02-05 10:00:00+00:00,930.73,0.001817429537179116,0.004622098852829938,49.55544498716675,5.018603170266595,1
2025-02-05 11:00:00+00:00,924.72,-0.006478235488668993,0.004643153241152742,47.5684219897455,5.059231106861264,3
2025-02-05 12:00:00+00:00,933.04,0.008957083396782473,0.0048191785102706525,50.37902547945995,5.143046484724039,2
2025-02-05 13:00:00+00:00,929.97,-0.003295744820311697,0.004835841444574867,49.382319393669334,5.145985555029557,3
2025-02-05 14:00:00+00:00,929.37,-0.0006453903221856905,0.004822031798972869,49.18824623011184,5.126065843928968,3
2025-02-05 15:00:00+00:00,929.93,0.0006023772569605512,0.004822113910638808,49.377718829748886,5.083544527050389,3
2025-02-05 16:00:00+00:00,930.34,0.0004407962356420825,0.004815781420025098,49.51835127026756,5.029473636509381,3
2025-02-05 17:00:00+00:00,941.05,0.011446162403673021,0.005052116540068412,52.998777957563036,5.155084163779195,2
2025-02-05 18:00:00+00:00,941.5,0.00047807496063434485,0.0050423311117632295,53.13730138254805,5.113582480503612,1
2025-02-06 09:00:00+00:00,951.43,0.01049176788228845,0.005261971194781718,56.05370102353311,5.2179108308935405,2
2025-02-06 10:00:00+00:00,954.21,0.002917657030828913,0.005277396132115402,56.82134235565913,5.250552614275671,1
2025-02-06 11:00:00+00:00,951.2,-0.003159427633752543,0.005296402667621056,55.74551738827551,5.227941561990155,1
2025-02-06 12:00:00+00:00,952.33,0.0011872680049567208,0.005298559630629327,56.06418264210234,5.1925827307503525,1
2025-02-06 13:00:00+00:00,949.57,-0.0029023628344839736,0.005313992014905356,55.075760400936765,5.152931076135347,1
2025-02-06 14:00:00+00:00,949.71,0.00014742428736536084,0.0053139547229330165,55.11671800076546,5.134872454612639,1
2025-02-06 15:00:00+00:00,952.9,0.0033532915197325153,0.0053346224302462456,56.048394370500965,5.120775005520385,1
2025-02-06 16:00:00+00:00,953.47,0.0005979951604206946,0.005334086025700495,56.214113528427056,5.076359505409979,1
2025-02-06 17:00:00+00:00,967.72,0.014834827721023736,0.005717642940827782,60.05615278047513,5.311032315301778,2
2025-02-06 18:00:00+00:00,965.48,-0.0023174022371881264,0.005726118698651339,59.22262064037892,5.296411668995744,0
2025-02-07 09:00:00+00:00,970.11,0.004784080131357449,0.005703279788088532,60.38235985567797,5.28968343561583,1
2025-02-07 10:00:00+00:00,969.59,-0.0005361653992439486,0.005704229460369659,60.186189150310426,5.274689766903513,0
2025-02-07 11:00:00+00:00,964.58,-0.00518052829359128,0.005717508830872586,58.32335215035847,5.285995971565443,0
2025-02-07 12:00:00+00:00,963.76,-0.000850472478323816,0.005715067722503006,58.023414254269106,5.248076052134135,0
2025-02-07 13:00:00+00:00,966.33,0.0026630898236659206,0.005725221958591702,58.702624935257575,5.217514531091451,1
2025-02-07 14:00:00+00:00,963.79,-0.002631962226454121,0.005735927078586726,57.760085050355386,5.191164240469622,0
2025-02-07 15:00:00+00:00,963.99,0.00020749255694862967,0.0056406768589927075,57.81450718166629,5.13934095566023,1
2025-02-07 16:00:00+00:00,964.63,0.00066368701298547,0.005633562645083418,57.99123962420427,5.106154136547025,1
2025-02-07 17:00:00+00:00,959.46,-0.005373981926337201,0.005690334400398949,56.05546149626179,5.111431053816085,0
2025-02-07 18:00:00+00:00,960.69,0.001281150085397087,0.005692338631620876,56.408710862652065,5.064202432739764,1
2025-02-10 09:00:00+00:00,969.54,0.009169955927408324,0.00576057244720921,58.8380307792847,5.141518384084968,2
2025-02-10 10:00:00+00:00,968.89,-0.0006706458570722162,0.005751084954794675,58.59330652435332,5.08988801640327,1
2025-02-10 11:00:00+00:00,965.89,-0.0031011302620989056,0.005755897214198517,57.46760359655295,5.049090256075204,1
2025-02-10 12:00:00+00:00,967.99,0.0021718005516637717,0.005760494563057527,58.04337265671411,4.9943084509536995,1
2025-02-10 13:00:00+00:00,969.12,0.0011666865879327304,0.005761275243732136,58.35293345696306,4.9264222819346255,1
2025-02-10 14:00:00+00:00,973.8,0.004817500515963857,0.0057839942699084304,59.612254147560954,4.941893836295934,1
2025-02-10 15:00:00+00:00,973.28,-0.0005341331762052093,0.005762455847591221,59.40858158838256,4.8878559595700155,1
2025-02-10 16:00:00+00:00,976.18,0.0029751850657788736,0.005765985843159672,60.18275239515046,4.851898840378616,1
2025-02-10 17:00:00+00:00,981.62,0.005557272449087769,0.0046252236045488,61.58516672836176,4.886660863571041,1
2025-02-10 18:00:00+00:00,980.52,-0.0011212249026453236,0.004637074254266542,61.14083819413435,4.853327646299621,1
2025-02-11 09:00:00+00:00,976.78,-0.0038215956182128252,0.004638887943367136,59.647785121374056,4.894261093373628,1
2025-02-11 10:00:00+00:00,976.39,-0.00039935080426545255,0.004641536112564098,59.49319629904121,4.899175871506156,1
2025-02-11 11:00:00+00:00,972.03,-0.004475428580458463,0.004649960659742204,57.784782554324686,4.912792354076031,1
2025-02-11 12:00:00+00:00,976.15,0.0042295949471311545,0.004661744160273961,58.9221941298673,4.908536506994511,1
2025-02-11 13:00:00+00:00,980.01,0.003946512565377702,0.004667571170982528,59.953707684643305,4.916965776854622,1
2025-02-11 14:00:00+00:00,978.9,-0.001133283426804077,0.004676673937202823,59.51517194593508,4.881826461317531,1
2025-02-11 15:00:00+00:00,980.37,0.0015005591631886972,0.004671776117788729,59.91142971873886,4.824589932091181,1
2025-02-11 16:00:00+00:00,980.9,0.0005404661396966048,0.004658646022541722,60.05526898376952,4.771298133449359,1
2025-02-11 17:00:00+00:00,992.37,0.011625504044377344,0.004629773851157491,62.98792917889976,4.916872170780371,2
2025-02-11 18:00:00+00:00,992.4,3.023020299863788e-05,0.004632600874441233,62.995180085312164,4.861334727364763,1
2025-02-12 09:00:00+00:00,1000.51,0.008138897158691094,0.004668946316836471,64.89242447729373,4.932308032817467,1
2025-02-12 10:00:00+00:00,1001.06,0.0005495686024898916,0.004670531519194695,65.01654495588184,4.925061872161116,1
2025-02-12 11:00:00+00:00,1003.51,0.002444415729986993,0.0045294855565076375,65.56984273664,4.892160634717893,1
2025-02-12 12:00:00+00:00,1002.33,-0.0011765645675856362,0.004420594796247925,65.06410248564538,4.860117422023537,1
2025-02-12 13:00:00+00:00,1003.17,0.0008376963840648344,0.004368709412726596,65.25874605966624,4.798715073583067,1
2025-02-12 14:00:00+00:00,1000.51,-0.0026551161489560826,0.00439814134928538,64.10467084251562,4.824540772111407,1
2025-02-12 15:00:00+00:00,998.05,-0.002461773719445226,0.00443176995555417,63.05240745800411,4.799449956669178,1
2025-02-12 16:00:00+00:00,1001.12,0.0030712769931611206,0.004435594292869218,63.80891554251644,4.813260957535794,1
2025-02-12 17:00:00+00:00,994.1,-0.007036847031953286,0.004356395292189307,60.89944845773282,4.869195738385079,1
2025-02-12 18:00:00+00:00,1013.46,0.01928769270220876,0.005057585506598459,65.3460389289248,5.1772118236173785,2
2025-02-13 09:00:00+00:00,1087.16,0.07019857248114647,0.010902110569882507,75.96402332172262,6.547667587145031,2
2025-02-13 10:00:00+00:00,1065.95,-0.019702371090903448,0.011351566058280752,69.69317157942336,7.099514235402128,0
2025-02-13 11:00:00+00:00,1075.26,0.008696072472800687,0.011360834119583331,70.77379394864633,7.252123950694085,0
2025-02-13 12:00:00+00:00,1078.82,0.003305358427913241,0.011359971388228154,71.17482650832622,7.242081471680203,0
2025-02-13 13:00:00+00:00,1071.72,-0.006603016727470212,0.011407803752777687,69.24128029294407,7.4614398422466,0
2025-02-13 14:00:00+00:00,1067.94,-0.003533275317078477,0.011434613466781677,68.23426050527038,7.493611045401671,0
2025-02-13 15:00:00+00:00,1075.68,0.007221460554009518,0.01145463138602901,69.17107663202594,7.519138824493638,0
2025-02-13 16:00:00+00:00,1072.45,-0.003007269051922279,0.011477684311038641,68.3131791929064,7.517156048003763,0
2025-02-13 17:00:00+00:00,1077.01,0.004242932495546192,0.011339503422966976,68.86938407178022,7.493212927043686,0
2025-02-13 18:00:00+00:00,1109.8,0.02999113572745049,0.011982616264326076,72.42142851714068,8.109548668502816,2
2025-02-14 09:00:00+00:00,1130.13,0.018152851445290885,0.012175703189397905,74.27821381207868,8.362757695132759,2
2025-02-14 10:00:00+00:00,1132.69,0.0022626643676408875,0.012165292152117977,74.49882454200952,8.373302541230107,0
2025-02-14 11:00:00+00:00,1133.33,0.0005648670506150921,0.012112409043680201,74.55449828996734,8.335636490405504,0
2025-02-14 12:00:00+00:00,1132.73,-0.0005295535105176441,0.012110290510293492,74.39911538659518,8.383723760597395,0
2025-02-14 13:00:00+00:00,1111.59,-0.01883922545868799,0.012506176051836009,69.21297183078109,8.768849285385445,0
2025-02-14 14:00:00+00:00,1115.28,0.00331407165869102,0.012481707968498061,69.59052746627978,8.865472299677734,0
2025-02-14 15:00:00+00:00,1111.78,-0.0031431599341802396,0.01250553888298112,68.77421870843958,8.953962853684178,0
2025-02-14 16:00:00+00:00,1093.8,-0.01630446259798024,0.012793082093046592,64.79030503175747,9.203083596610496,0
2025-02-14 17:00:00+00:00,1107.48,0.012429292152813076,0.0128168101928313,66.30565053435066,9.460221924678285,2
2025-02-14 18:00:00+00:00,1111.0,0.0031733465741448086,0.012814818154647203,66.68214356784667,9.441617486184718,0
2025-02-17 09:00:00+00:00,1137.69,0.02373938020405575,0.013122086515411472,69.33336401997542,9.790985136461025,2
2025-02-17 10:00:00+00:00,1136.54,-0.001011331393938164,0.01312422495727729,69.09164129062472,9.722765433731807,0
2025-02-17 11:00:00+00:00,1135.04,-0.0013206668644913933,0.013109208902681403,68.77251874311253,9.654510125057168,0
2025-02-17 12:00:00+00:00,1141.79,0.005929313805306258,0.013113803081114135,69.42106473294024,9.631219922556026,0
2025-02-17 13:00:00+00:00,1143.63,0.0016102076620994055,0.013112478750268415,69.596700320009,9.532995524104907,0
2025-02-17 14:00:00+00:00,1140.27,-0.0029423376015218494,0.01314018277326424,68.85972856709587,9.42073561362281,0
2025-02-17 15:00:00+00:00,1147.31,0.0061549954320705424,0.013135894046985746,69.54912537774182,9.425720901350354,0
2025-02-17 16:00:00+00:00,1149.05,0.0015154421197038914,0.013138230121247757,69.71820025186054,9.357606483323346,0
2025-02-17 17:00:00+00:00,1137.39,-0.010199350150577935,0.013270329242352741,67.16805283449087,9.50565435365688,0
2025-02-17 18:00:00+00:00,1139.85,0.0021605109315663285,0.013257913489185192,67.42457194855245,9.433741266583745,0
2025-02-18 09:00:00+00:00,1139.55,-0.0002632271665632402,0.013230007252801245,67.3590812959267,9.348666441252071,0
2025-02-18 10:00:00+00:00,1141.3,0.0015345159422146537,0.013222444971399265,67.54671484974881,9.373693112427027,0
2025-02-18 11:00:00+00:00,1126.57,-0.012990345248097057,0.013376222384493701,64.36866116586991,9.481019250178486,0
2025-02-18 12:00:00+00:00,1133.95,0.006529494293413762,0.013384660967267543,65.20560031741206,9.576598865174915,0
2025-02-18 13:00:00+00:00,1136.45,0.0022022559992969093,0.013384408562939184,65.48583167275734,9.530666887871416,0
2025-02-18 14:00:00+00:00,1145.75,0.008150075785064992,0.013390826672855446,66.50969810792051,9.643853550113988,0
2025-02-18 15:00:00+00:00,1126.17,-0.01723694917605023,0.013696563585168318,62.52493243501757,10.006776479111707,0
2025-02-18 16:00:00+00:00,1126.95,0.0006923732700965246,0.01369607511226443,62.61597818378168,10.051040949529472,0
2025-02-18 17:00:00+00:00,1124.67,-0.002025209208729173,0.013652055274041532,62.1654927051403,9.961820130538886,0
2025-02-18 18:00:00+00:00,1123.91,-0.0006759822011588312,0.01365503075353039,62.01374007712348,9.827783727928109,0
2025-02-19 09:00:00+00:00,1128.61,0.00417310995756992,0.013633042513718028,62.59001871585468,9.757828053369545,0
2025-02-19 10:00:00+00:00,1119.92,-0.007729532864391153,0.0137061754053886,60.84840815296622,9.756271492302155,0
2025-02-19 11:00:00+00:00,1114.28,-0.005048797762477797,0.01374484993048097,59.7473808408152,9.775346062456112,0
2025-02-19 12:00:00+00:00,1117.26,0.0026708029176338854,0.013736933262162592,60.136280687268794,9.71503914120699,0
2025-02-19 13:00:00+00:00,1122.09,0.004313758447695548,0.01373884350228561,60.76324312419843,9.714138358382847,0
2025-02-19 14:00:00+00:00,1124.05,0.001745216680596684,0.013720925233672193,61.01711845873672,9.59445559121519,0
2025-02-19 15:00:00+00:00,1124.89,0.0007470186301654635,0.013705557993946616,61.12711305235715,9.497766479390886,0
2025-02-19 16:00:00+00:00,1127.87,0.0026456451092826683,0.01370526012850498,61.5201574317884,9.391011149803065,0
2025-02-19 17:00:00+00:00,1144.42,0.014567060240628926,0.013742681664159614,63.605539973972604,9.594990926807002,2
2025-02-19 18:00:00+00:00,1139.4,-0.004396150383800368,0.013570449777319362,62.5562327158672,9.522291108270858,0
2025-02-20 09:00:00+00:00,1148.57,0.008015882289535092,0.009448163189168841,63.67328475447713,9.525645286105437,0
2025-02-20 10:00:00+00:00,1146.34,-0.0019434319445021941,0.00897203607069952,63.205380098064104,9.438132380383326,0
2025-02-20 11:00:00+00:00,1144.96,-0.0012045565110287981,0.008918036179283483,62.91344137643207,9.356769732775662,0
2025-02-20 12:00:00+00:00,1151.84,0.005990961840693032,0.008938693765433034,63.76487480434217,9.34983433812015,0
2025-02-20 13:00:00+00:00,1149.84,-0.001737861478016356,0.00887706710075674,63.33357067443125,9.214837651357746,0
2025-02-20 14:00:00+00:00,1151.45,0.0013992154510491517,0.008848404992099915,63.5361682360923,9.124340898330592,0
2025-02-20 15:00:00+00:00,1154.48,0.002628008433797291,0.008811620271571658,63.919023440573504,9.064054080363979,0
2025-02-20 16:00:00+00:00,1156.38,0.0016444098111927374,0.008788514306479176,64.15980736201553,8.9815729987567,0
2025-02-20 17:00:00+00:00,1180.58,0.02071140718537201,0.009192456738596267,67.02024397014557,9.35854153878157,2
2025-02-20 18:00:00+00:00,1171.89,-0.007388013047530784,0.008336071328198956,65.1159767718017,9.393170708005936,0
2025-02-21 09:00:00+00:00,1178.93,0.005989417348458481,0.007998582046158536,65.91653410531245,9.348707293845814,0
2025-02-21 10:00:00+00:00,1179.25,0.00027139573905632375,0.007996338864889043,65.95277499389925,9.232733147968897,0
2025-02-21 11:00:00+00:00,1179.68,0.0003645720769691607,0.007996512127791323,66.00234243318555,9.13247848500952,0
2025-02-21 12:00:00+00:00,1176.5,-0.002699286073923446,0.008009759919801684,65.28510743323007,9.04482891530933,0
2025-02-21 13:00:00+00:00,1166.67,-0.008390392219245868,0.007614579418165046,63.12149376991625,9.105932337003146,0
2025-02-21 14:00:00+00:00,1166.33,-0.0002914702120939694,0.007608971499119713,63.04774844431589,9.092613690263084,0
2025-02-21 15:00:00+00:00,1162.32,-0.003444058972993602,0.007612348831464034,62.17356539226552,9.02336141645782,0
2025-02-21 16:00:00+00:00,1163.7,0.0011865763509479876,0.007196648283531192,62.35685058914266,8.988094188128668,0
2025-02-21 17:00:00+00:00,1173.01,0.007968510652295535,0.007081825972885948,63.5719516647923,9.032332304366092,0
2025-02-21 18:00:00+00:00,1173.12,9.377144495825718e-05,0.007077257302040746,63.58612298474431,8.89688565827877,0
2025-02-24 09:00:00+00:00,1182.94,0.00833599896861692,0.006371169232017935,64.83238689590355,8.919947945113199,2
2025-02-24 10:00:00+00:00,1177.49,-0.004617810894393948,0.006412147052376731,63.599687958436206,8.898548986210937,0
2025-02-24 11:00:00+00:00,1177.65,0.000135873026866129,0.006406048601122986,63.62040941226624,8.805978006486718,0
2025-02-24 12:00:00+00:00,1178.09,0.0003735556598911671,0.006362182256033055,63.67843056326456,8.691258446356983,0
2025-02-24 13:00:00+00:00,1176.81,-0.0010870951004759988,0.006365100985639476,63.37837557307411,8.611433277429839,0
2025-02-24 14:00:00+00:00,1176.53,-0.00023795966695949744,0.006346090251981656,63.311784648559126,8.49300461188124,0
2025-02-24 15:00:00+00:00,1171.79,-0.004036934010057003,0.0063285353780308555,62.18318186740747,8.440744519643612,0
2025-02-24 16:00:00+00:00,1171.92,0.00011093522674165968,0.006326700839701784,62.202038488476475,8.332929629250739,0
2025-02-24 17:00:00+00:00,1174.82,0.0024715149323677466,0.006144870110172188,62.62624196975178,8.280471036665723,0
2025-02-24 18:00:00+00:00,1179.86,0.0042808429992673425,0.006162814337467218,63.35556568311516,8.227261615932408,0
2025-02-25 09:00:00+00:00,1201.99,0.018582729239842166,0.006659613478530027,66.30191096384678,8.512716383613759,2
2025-02-25 10:00:00+00:00,1199.16,-0.002357204931293211,0.006676756916697654,65.61350001459935,8.483462055941482,0
2025-02-25 11:00:00+00:00,1196.37,-0.0023293394459713568,0.006385074716712899,64.93524363139187,8.429192814822656,0
2025-02-25 12:00:00+00:00,1197.55,0.0009858308511283553,0.006338645400673078,65.0909800094172,8.339608958526204,0
2025-02-25 13:00:00+00:00,1193.11,-0.0037144596931115714,0.006372621844562431,63.99961137475095,8.297016779355681,0
2025-02-25 14:00:00+00:00,1198.06,0.004140238519969586,0.006305334952282104,64.6734380263114,8.247076443768567,0
2025-02-25 15:00:00+00:00,1195.68,-0.001988520711734054,0.005755328645362097,64.08494315644536,8.206734914893195,0
2025-02-25 16:00:00+00:00,1195.72,3.345320732961454e-05,0.005757263760485534,64.09054695456965,8.08280021659533,0
2025-02-25 17:00:00+00:00,1215.92,0.016752477498896745,0.006143121888343776,66.76290294555608,8.377744212263423,2
2025-02-25 18:00:00+00:00,1209.49,-0.005302208751592374,0.0062119432866175875,65.18717509964816,8.381589328018158,0
2025-02-26 09:00:00+00:00,1212.39,0.0023948349100821886,0.006201219150733842,65.56124638532246,8.310557541457793,0
2025-02-26 10:00:00+00:00,1210.55,-0.0015188162758548174,0.006074875162996403,65.10830164292611,8.300746390628637,0
2025-02-26 11:00:00+00:00,1207.36,-0.002638643994895773,0.006030797016900211,64.32215173102828,8.239931462816065,0
2025-02-26 12:00:00+00:00,1202.23,-0.004257992231694985,0.006085156778946823,63.07244170623074,8.223332833559745,0
2025-02-26 13:00:00+00:00,1189.47,-0.010670335800242903,0.006306972687389508,60.10835589683395,8.385066176888554,0
2025-02-26 14:00:00+00:00,1192.97,0.0029381663487058063,0.006311462251289185,60.62625969370886,8.446964853350783,0
2025-02-26 15:00:00+00:00,1181.34,-0.009796608710916921,0.006499894005541303,58.0700022122114,8.58182555628377,0
2025-02-26 16:00:00+00:00,1185.6,0.003599588160025924,0.006506281923578066,58.720553432287545,8.619789045158093,0
2025-02-26 17:00:00+00:00,1190.97,0.004519125579355077,0.006227851357950709,59.528248201150056,8.616593264254933,0
2025-02-26 18:00:00+00:00,1201.02,0.008403094609492179,0.006272905183636827,60.98605176565948,8.697061398969831,2
2025-02-27 09:00:00+00:00,1188.86,-0.010176330977539116,0.0063873739499550435,58.389349944657816,8.804920170990433,0
2025-02-27 10:00:00+00:00,1186.51,-0.0019786397628074326,0.006387672071713358,57.90316436402746,8.84762176757062,0
2025-02-27 11:00:00+00:00,1180.94,-0.004705493486595991,0.006427911264256619,56.76009443287614,8.906269332219209,0
2025-02-27 12:00:00+00:00,1172.71,-0.006993421742972572,0.006468603238939879,55.119525302425586,9.000743945574822,0
2025-02-27 13:00:00+00:00,1179.63,0.005883520206919179,0.0065078576140003945,56.20557680406184,9.034929066663326,0
2025-02-27 14:00:00+00:00,1175.13,-0.0038220502115065003,0.0065351566416816595,55.31732823148667,8.946630485330061,0
2025-02-27 15:00:00+00:00,1187.07,0.01010930631353002,0.00667126918386185,57.15075683278072,9.116097875623462,2
2025-02-27 16:00:00+00:00,1186.2,-0.0007331656650704232,0.006671831844894791,56.97693161745398,9.16577591811099,0
2025-02-27 17:00:00+00:00,1162.86,-0.01987243246391568,0.006632473082847155,52.59755895991867,9.530660399748772,0
2025-02-27 18:00:00+00:00,1161.23,-0.0014026997812139896,0.006555546540306665,52.31103113509002,9.434647191753797,0
2025-02-28 09:00:00+00:00,1149.42,-0.010222320854432532,0.006644354522941194,50.2857632432899,9.491154247918722,0
2025-02-28 10:00:00+00:00,1136.26,-0.011515299972015391,0.006822865596425935,48.16542797898589,9.693931162960345,0
2025-02-28 11:00:00+00:00,1138.92,0.0023382775973521674,0.006835101226644414,48.612335885933604,9.653252539701139,0
2025-02-28 12:00:00+00:00,1133.84,-0.004470343071750982,0.006850228520455922,47.80906000638984,9.590787488907116,0
2025-02-28 13:00:00+00:00,1140.81,0.006128434541363248,0.006826940097544986,48.989172996707296,9.554571739128974,0
2025-02-28 14:00:00+00:00,1141.69,0.0007710843755548424,0.006829091680613715,49.137339953133086,9.489480304346394,0
2025-02-28 15:00:00+00:00,1136.38,-0.0046618493872250255,0.006842230348565272,48.27398786144575,9.460890698259469,0
2025-02-28 16:00:00+00:00,1140.19,0.003347143779518724,0.006859586348439357,48.93094719194953,9.43507288429428,0
2025-02-28 17:00:00+00:00,1138.71,-0.001298872445540944,0.0067530020077188925,48.685847432207396,9.431371426608395,0
2025-02-28 18:00:00+00:00,1142.37,0.003209009013984243,0.006773811612109076,49.32637019963105,9.344943998076225,0
2025-03-03 09:00:00+00:00,1137.75,-0.004052423839554287,0.00666860310971058,48.5458496684651,9.2926451181147,0
2025-03-03 10:00:00+00:00,1126.22,-0.010185735398898998,0.006779581014048771,46.66540121314816,9.393792215752404,0
2025-03-03 11:00:00+00:00,1123.53,-0.0023913779592747986,0.006781194527784477,46.23900367213821,9.43751637143736,0
2025-03-03 12:00:00+00:00,1120.06,-0.0030932592557633143,0.006785202665358625,45.68947922946162,9.388166044008612,0
2025-03-03 13:00:00+00:00,1121.48,0.0012669862594067993,0.006792821579415037,45.957670969519725,9.328802723128437,0
2025-03-03 14:00:00+00:00,1124.89,0.00303601153796329,0.006815696057046192,46.603788955569584,9.304226668665871,0
2025-03-03 15:00:00+00:00,1123.28,-0.0014322762737970507,0.006801151065847039,46.33688804327624,9.219342135292557,0
2025-03-03 16:00:00+00:00,1129.44,0.005468957840775168,0.006858499188370755,47.510514543678056,9.195555292586706,0
2025-03-03 17:00:00+00:00,1112.18,-0.015399881432653473,0.007147396020680206,44.71451812020242,9.416244186734971,0
2025-03-03 18:00:00+00:00,1110.34,-0.0016557785040216544,0.007105441941313182,44.430088376025786,9.296319303000272,0
2025-03-04 09:00:00+00:00,1131.14,0.018559699006709174,0.007104133030884068,48.22878205613748,9.52679291694027,2
2025-03-04 10:00:00+00:00,1141.2,0.008854366622149001,0.00724292936794361,49.91837297921423,9.655857058601464,2
2025-03-04 11:00:00+00:00,1144.23,0.002651581343815046,0.007258380830449831,50.4157157462771,9.625339917429432,0
2025-03-04 12:00:00+00:00,1141.22,-0.0026340560855366846,0.00725732950446913,49.91326768930881,9.521633119080844,0
2025-03-04 13:00:00+00:00,1138.56,-0.002333559560208087,0.007249270426730215,49.4686929982606,9.43340045669923,0
2025-03-04 14:00:00+00:00,1139.86,0.0011411417921829425,0.007218754922108493,49.692153156780684,9.393532447565242,0
2025-03-04 15:00:00+00:00,1136.95,-0.002556209419798172,0.0072207940397778355,49.195233520766564,9.320461798613938,0
2025-03-04 16:00:00+00:00,1140.92,0.0034857160590338054,0.00724740522037683,49.89277515694825,9.26265256264166,0
2025-03-04 17:00:00+00:00,1139.67,-0.0010962076700975487,0.006782946927738785,49.67365354670647,9.162199511388827,0
2025-03-04 18:00:00+00:00,1144.25,0.004010653735014635,0.006798517688224625,50.48666952090777,9.082755521161053,0
2025-03-05 09:00:00+00:00,1144.71,0.0004019292658616891,0.006783381492287939,50.56851103325471,8.93710041073783,0
2025-03-05 10:00:00+00:00,1142.44,-0.0019850038216668864,0.006784220729656182,50.15109047290915,8.888358402523075,0
2025-03-05 11:00:00+00:00,1153.2,0.009374360786301494,0.006941612232203373,52.06493786043561,8.931191234472612,2
2025-03-05 12:00:00+00:00,1154.55,0.00116997088418902,0.006930746159491395,52.29939902270926,8.893967409783158,0
2025-03-05 13:00:00+00:00,1151.4,-0.0027320644067270194,0.006789734663488063,51.69734348484792,8.800488061587496,0
2025-03-05 14:00:00+00:00,1150.32,-0.0009384287222236054,0.006770023216581703,51.48997171398173,8.729478300355746,0
2025-03-05 15:00:00+00:00,1148.24,-0.001809829256361084,0.006644752853907934,51.08724779922706,8.706488734348634,0
2025-03-05 16:00:00+00:00,1151.58,0.00290457718271675,0.006636577822855822,51.7061663565627,8.63055895966166,0
2025-03-05 17:00:00+00:00,1142.6,-0.007828545155479816,0.006672512582390254,49.97141650585813,8.683747780468424,0
2025-03-05 18:00:00+00:00,1145.05,0.002141936866824068,0.006553401824685077,50.434371537715506,8.61247282485906,0
2025-03-06 09:00:00+00:00,1132.86,-0.010702895518689637,0.0065689284777261416,48.171189346340455,8.68922336836188,0
2025-03-06 10:00:00+00:00,1131.32,-0.001360316085714075,0.006567563141453875,47.8941342328278,8.634038900994643,0
2025-03-06 11:00:00+00:00,1127.16,-0.003683897758357979,0.0065572305413906405,47.146693815792595,8.616958122974749,0
2025-03-06 12:00:00+00:00,1124.66,-0.0022204270564651907,0.006501697970042335,46.699773978398966,8.534818960515254,0
2025-03-06 13:00:00+00:00,1120.92,-0.0033309910652015162,0.006437601853774463,46.03364357263772,8.47912258130495,0
2025-03-06 14:00:00+00:00,1120.07,-0.000758593336660951,0.006424964976377733,45.881866280021086,8.413740129678851,0
2025-03-06 15:00:00+00:00,1125.08,0.004462960885259548,0.0062742959796927,46.93416532210965,8.384465327085275,0
2025-03-06 16:00:00+00:00,1130.52,0.00482355962722103,0.0063294026008711484,48.053317840008624,8.43517602054357,0
2025-03-06 17:00:00+00:00,1133.24,0.002403082755200181,0.005726381093203271,48.606321377621015,8.3510725001327,0
2025-03-06 18:00:00+00:00,1128.13,-0.0045193919593895515,0.005753130476991773,47.63421228923648,8.316451050130048,0
2025-03-07 09:00:00+00:00,1134.89,0.005974335274868459,0.005654170322818233,49.010788517011726,8.300922029127447,2
2025-03-07 10:00:00+00:00,1138.52,0.003193443404329699,0.005434707613654478,49.73481386847489,8.2929035885449,0
2025-03-07 11:00:00+00:00,1141.83,0.002903065165140717,0.005440166698243873,50.39026106741426,8.213645516774005,0
2025-03-07 12:00:00+00:00,1137.07,-0.004177460109962894,0.00543535453406447,49.44415835263745,8.156172606438524,0
2025-03-07 13:00:00+00:00,1139.28,0.0019417055324089105,0.005371787979383536,49.88989285973382,8.072049154309754,0
2025-03-07 14:00:00+00:00,1139.32,3.510927763006322e-05,0.005370565125032976,49.89805118794043,7.994208171223561,0
2025-03-07 15:00:00+00:00,1137.33,-0.0017481830819940924,0.0053350998323950715,49.4890244077858,7.9113240077990925,0
2025-03-07 16:00:00+00:00,1140.15,0.0024764225733511225,0.005325419326914488,50.0807308986569,7.81369752764311,0
2025-03-07 17:00:00+00:00,1123.87,-0.014381746278457008,0.005698819112923695,46.847851723745116,8.185623577090245,3
2025-03-07 18:00:00+00:00,1119.23,-0.004137137549060199,0.005702191878032942,45.98453897124756,8.160111105548438,3
2025-03-10 09:00:00+00:00,1139.3,0.01777308985142767,0.006228692206761185,50.04746854067927,8.418708883437468,2
2025-03-10 10:00:00+00:00,1132.53,-0.0059599706315118794,0.0061149173675788945,48.78442699691789,8.411934705768717,0
2025-03-10 11:00:00+00:00,1131.83,-0.0006182762655217999,0.006105238533822466,48.65487468301101,8.328896011653343,0
2025-03-10 12:00:00+00:00,1134.6,0.002444374085430745,0.0060954750759959495,49.19961140577595,8.269318091420276,0
2025-03-10 13:00:00+00:00,1136.38,0.001567605495876201,0.006096638810788456,49.55057158500527,8.20053172959187,0
2025-03-10 14:00:00+00:00,1138.34,0.0017232894466614468,0.0060872770803789035,49.93916806717504,8.094121095000034,0
2025-03-10 15:00:00+00:00,1136.98,-0.0011954363886932384,0.006086043083087385,49.66828705818808,7.991638673100034,0
2025-03-10 16:00:00+00:00,1136.56,-0.0003694678824901487,0.006039550681889846,49.58353328679788,7.915405899638035,0
2025-03-10 17:00:00+00:00,1142.13,0.004888783549911402,0.005643749962846866,50.7214682434528,7.998097781645278,0
2025-03-10 18:00:00+00:00,1140.8,-0.0011651694537011537,0.0056402950711964455,50.444056141401006,7.888935826012377,0
2025-03-11 09:00:00+00:00,1136.85,-0.0034684907338835558,0.0050316205586337795,49.621579542983355,7.831757109492129,0
2025-03-11 10:00:00+00:00,1140.85,0.0035123186654315575,0.004896864563995681,50.456295746618665,7.84692196730229,0
2025-03-11 11:00:00+00:00,1142.12,0.0011125859130913796,0.004884639723171809,50.72082601406612,7.785583527956244,0
2025-03-11 12:00:00+00:00,1141.82,-0.00026270392543192855,0.004870399823124273,50.65563224424164,7.694271857397119,0
2025-03-11 13:00:00+00:00,1142.25,0.00037652086414219355,0.004858847024746333,50.748221973849105,7.602986420249178,0
2025-03-11 14:00:00+00:00,1136.43,-0.005108231656572926,0.004910694081080653,49.4662956396952,7.567726691844193,3
2025-03-11 15:00:00+00:00,1139.52,0.002715351302604141,0.004912602519181122,50.148523860138106,7.52597215800731,0
2025-03-11 16:00:00+00:00,1140.87,0.001184008136951853,0.004890438595490294,50.44676651515063,7.456452714847163,0
2025-03-11 17:00:00+00:00,1165.09,0.021007208008444245,0.005718340950388743,55.33826191266929,7.81672366055022,2
2025-03-11 18:00:00+00:00,1164.84,-0.00021459872267381996,0.00569569061163688,55.280786293778256,7.719389187339217,0
2025-03-12 09:00:00+00:00,1159.4,-0.004681108606502171,0.00574005666511303,54.03465629667489,7.688201403592429,0
2025-03-12 10:00:00+00:00,1153.25,-0.005318586467702779,0.005785783848442258,52.66515439078831,7.73423737552058,0
2025-03-12 11:00:00+00:00,1151.94,-0.0011365658718105465,0.0056341751475118915,52.376619844097654,7.663952628010168,0
2025-03-12 12:00:00+00:00,1156.08,0.0035874944239555617,0.005654946652302115,53.20340314982116,7.624073575449967,0
2025-03-12 13:00:00+00:00,1154.04,-0.0017661424776838075,0.005646974838008102,52.74299813464386,7.564592103940969,0
2025-03-12 14:00:00+00:00,1158.05,0.003468726581330017,0.005665663018334082,53.54926963605161,7.529700261862148,0
2025-03-12 15:00:00+00:00,1160.56,0.0021650911369253123,0.005665719343607618,54.05000000645423,7.494506256624905,0
2025-03-12 16:00:00+00:00,1156.5,-0.003504444559152553,0.005676081976129635,53.105125648428626,7.471216131492409,0
2025-03-12 17:00:00+00:00,1156.46,-3.4587714447198437e-05,0.00556015061624489,53.09579425782956,7.385991808862557,0
2025-03-12 18:00:00+00:00,1157.95,0.0012875853507834378,0.005555500855775986,53.406988043119576,7.312871972685307,0
2025-03-13 09:00:00+00:00,1145.29,-0.010993320279045093,0.005567297870652278,50.501970151012436,7.434214533231604,0
2025-03-13 10:00:00+00:00,1142.62,-0.002334008953228661,0.005574630335790339,49.91764272100651,7.428330242566974,0
2025-03-13 11:00:00+00:00,1137.58,-0.004420672053136343,0.005586064938019157,48.8294079190479,7.415963637715638,3
2025-03-13 12:00:00+00:00,1145.43,0.0068769133177548625,0.005653894830461855,50.543007281964044,7.477244364961326,2
2025-03-13 13:00:00+00:00,1141.42,-0.0035070110500967644,0.005656298021918156,49.675879589873986,7.523699477662099,0
2025-03-13 14:00:00+00:00,1133.63,-0.006848227902455761,0.005745783411989384,48.042036319090926,7.568025488108857,3
2025-03-13 15:00:00+00:00,1129.43,-0.003711792724974572,0.005739489196042443,47.18818190099445,7.639264978346677,3
2025-03-13 16:00:00+00:00,1134.06,0.004091033278272427,0.005728049923104566,48.2233292387415,7.680679678779744,0
2025-03-13 17:00:00+00:00,1133.73,-0.0002910322404892085,0.005718246635104468,48.15468304643793,7.6366660852041495,0
2025-03-13 18:00:00+00:00,1135.27,0.0013574263873668002,0.005683567840464576,48.503755458122576,7.581332763500069,0
2025-03-14 09:00:00+00:00,1149.24,0.012230346233730316,0.00588039177631608,51.52491841375381,7.714306108230067,2
2025-03-14 10:00:00+00:00,1147.76,-0.0012886375313936327,0.005868777305136944,51.200198093017505,7.700419986065466,0
2025-03-14 11:00:00+00:00,1140.49,-0.006354222188305059,0.005926268559509399,49.63235129169257,7.752211586344156,0
2025-03-14 12:00:00+00:00,1145.73,0.004583993820081567,0.005930465069613879,50.74173527599538,7.753167354617273,0
2025-03-14 13:00:00+00:00,1148.87,0.002736862163332354,0.005936426137448502,51.39632860621906,7.675504007524929,0
2025-03-14 14:00:00+00:00,1149.86,0.0008613452308079417,0.005937199583984474,51.60324181232519,7.623393927374434,0
2025-03-14 15:00:00+00:00,1152.7,0.002466820790915314,0.0059391261809121935,52.19892300121272,7.555726048826946,0
2025-03-14 16:00:00+00:00,1163.57,0.009385848626028093,0.00607047803565896,54.3913732074533,7.629611527850407,2
2025-03-14 17:00:00+00:00,1174.12,0.009026065582252052,0.005803452744671942,56.37309768746901,7.798019297293402,2
2025-03-14 18:00:00+00:00,1176.26,0.001820982642253277,0.005759444209739902,56.761961473231516,7.734458911347532,0
2025-03-17 09:00:00+00:00,1197.67,0.018038089173571414,0.005775299989817535,60.36827070447086,8.009569733120582,2
2025-03-17 10:00:00+00:00,1196.55,-0.0009355866058236018,0.005694892209529984,60.10069188659234,7.972978338458172,0
2025-03-17 11:00:00+00:00,1198.96,0.0020120983114928492,0.00569084543268509,60.485261575577105,7.881318771689011,0
2025-03-17 12:00:00+00:00,1196.6,-0.001970312380809247,0.005704621266749749,59.90827542516481,7.7904923962552335,0
2025-03-17 13:00:00+00:00,1195.22,-0.001153933116312622,0.005712696919827157,59.56921375161732,7.7014825483301275,0
2025-03-17 14:00:00+00:00,1188.69,-0.005478408439953064,0.005784671387610852,57.98463854284427,7.853852897363523,0
2025-03-17 15:00:00+00:00,1193.43,0.003979653632787183,0.005793332537221304,58.79646747541202,7.820575839416254,0
2025-03-17 16:00:00+00:00,1195.21,0.0014903881116339335,0.005790532600909091,59.09930015888816,7.734764322627928,0
2025-03-17 17:00:00+00:00,1194.48,-0.0006109579256783348,0.005767467148043301,58.91808534347237,7.6530690361753715,0
2025-03-17 18:00:00+00:00,1212.61,0.01506411712775435,0.006096384219515901,61.880256829879265,7.891007655451863,2
2025-03-18 09:00:00+00:00,1219.42,0.0056002745019885225,0.006088920528832004,62.90542049620591,7.871587502342827,0
2025-03-18 10:00:00+00:00,1216.19,-0.0026523145277987936,0.006107706975569845,62.097172934517104,7.818155752295971,0
2025-03-18 11:00:00+00:00,1213.62,-0.002115392527293203,0.006126532921078426,61.45607309961239,7.746792637250052,0
2025-03-18 12:00:00+00:00,1214.64,0.0008401077808732893,0.006123090701322173,61.616559674057186,7.655256784505047,0
2025-03-18 13:00:00+00:00,1216.35,0.0014068344847428804,0.006121871123452778,61.8880248142434,7.549751648814948,0
2025-03-18 14:00:00+00:00,1216.81,0.0003781091300867345,0.006054246730394688,61.96187047291698,7.441156615838647,0
2025-03-18 15:00:00+00:00,1216.63,-0.00014793872076435122,0.0060547725291425535,61.91396989414515,7.366933483521874,0
2025-03-18 16:00:00+00:00,1218.9,0.0018640711937925047,0.00605524857274446,62.28912437186452,7.327794813851438,0
2025-03-18 17:00:00+00:00,1222.32,0.0028018795826687537,0.005354250045668678,62.851670181434876,7.286238917574409,0
2025-03-18 18:00:00+00:00,1259.09,0.029638545550733753,0.00671283216245385,68.07620097747144,8.037314139222923,2
2025-03-19 09:00:00+00:00,1242.7,-0.013102805983243648,0.0069731351662683135,63.98327655685912,8.229367856438461,0
2025-03-19 10:00:00+00:00,1237.36,-0.004306354082064701,0.006954713008104569,62.729425497519394,8.241580499309695,0
2025-03-19 11:00:00+00:00,1241.09,0.003009948004666363,0.006948471901266036,63.24283392642592,8.2377488893235,0
2025-03-19 12:00:00+00:00,1239.66,-0.0011528772817790411,0.006951619674912206,62.903852982368065,8.135193911537028,0
2025-03-19 13:00:00+00:00,1236.68,-0.002406778906363094,0.006958154251741493,62.19497189592758,8.075090033306289,0
2025-03-19 14:00:00+00:00,1243.19,0.005250287276579613,0.006973595934940116,63.12139478700993,8.066188232640162,0
2025-03-19 15:00:00+00:00,1249.49,0.005054811218712096,0.0069918571180408,63.99272633166677,8.050064467987358,0
2025-03-19 16:00:00+00:00,1249.33,-0.00012806044470448086,0.006958995033413915,63.95356773815851,7.966263178627613,0
2025-03-19 17:00:00+00:00,1228.44,-0.016862335877315893,0.007428017804778659,59.13278882469946,8.283737915055063,0
2025-03-19 18:00:00+00:00,1228.09,-0.0002849547958856391,0.007431000884384122,59.056681753834354,8.15946315675396,0
2025-03-20 09:00:00+00:00,1232.08,0.0032436811264151544,0.007225088037332953,59.660636588157644,8.077673893618885,0
2025-03-20 10:00:00+00:00,1225.9,-0.005028529949260729,0.007263915873986923,58.30141573336406,8.085120415746504,0
2025-03-20 11:00:00+00:00,1225.41,-0.0003997862420721532,0.007220207410122126,58.19414950732529,8.000018007431573,0
2025-03-20 12:00:00+00:00,1226.66,0.0010195468386129392,0.007178375619230347,58.39341579056034,7.89121764728294,0
2025-03-20 13:00:00+00:00,1223.54,-0.002546732255586548,0.007166334686524222,57.69302795344675,7.817793294337282,0
2025-03-20 14:00:00+00:00,1220.89,-0.002168195479644197,0.007086665020683346,57.099458005055105,7.7544374284505375,0
2025-03-20 15:00:00+00:00,1215.74,-0.004227156087474704,0.007094745168824619,55.95777821271614,7.93534867988153,0
2025-03-20 16:00:00+00:00,1223.94,0.006722218388143908,0.007124258416146182,57.34350633202521,7.969041706283901,0
2025-03-20 17:00:00+00:00,1205.65,-0.015056322685214063,0.007497335970196261,53.511471226046076,8.27746087215822,0
2025-03-20 18:00:00+00:00,1203.1,-0.002117281538235538,0.007512220887647074,53.007526191813064,8.192911654715056,0
2025-03-21 09:00:00+00:00,1202.56,-0.0004489412544330662,0.007343018700744062,52.89987510244702,8.068653421620755,0
2025-03-21 10:00:00+00:00,1205.04,0.0020601436095146752,0.0073378535640276415,53.3439140251032,7.979880353188338,0
2025-03-21 11:00:00+00:00,1206.99,0.0016168956645081778,0.007261584942221932,53.69417476816338,7.877882746124569,0
2025-03-21 12:00:00+00:00,1207.84,0.0007039833322464162,0.0072446703100037145,53.848284211678845,7.77732509120208,0
2025-03-21 13:00:00+00:00,1201.22,-0.0054959334040995955,0.00729903733279214,52.46075807093577,7.786178589378039,0
2025-03-21 14:00:00+00:00,1200.38,-0.0006995336727628754,0.007302504598772862,52.28631546576026,7.704655017590479,0
2025-03-21 15:00:00+00:00,1197.33,-0.0025440955287123757,0.007314377091538066,51.649985053955014,7.706961917238669,0
2025-03-21 16:00:00+00:00,1193.94,-0.00283531535211079,0.007223873495270277,50.946774919329904,7.663222678893895,0
2025-03-21 17:00:00+00:00,1189.15,-0.004019996265922643,0.007145378584297412,49.965933790173395,7.690358225316016,0
2025-03-21 18:00:00+00:00,1187.89,-0.0010601421246674292,0.007144104353659891,49.70905606661679,7.594151060809694,0
2025-03-24 09:00:00+00:00,1190.81,0.0024551237791428093,0.006674355691251706,50.31311654657931,7.5268680395935,0
2025-03-24 10:00:00+00:00,1186.21,-0.0038703971715188246,0.006694594573224996,49.36006742581117,7.497330678801629,0
2025-03-24 11:00:00+00:00,1185.17,-0.0008771264552089875,0.006687809586922673,49.14530143966128,7.431184065225597,0
2025-03-24 12:00:00+00:00,1185.99,0.0006916446234654927,0.00668427846184676,49.32270308178509,7.365360383921082,0
2025-03-24 13:00:00+00:00,1182.93,-0.002583457188873872,0.006691590664048013,48.67612049101174,7.3064531762426626,0
2025-03-24 14:00:00+00:00,1182.66,-0.00022827286315241224,0.006648231853632853,48.61873566619337,7.231124112717809,0
2025-03-24 15:00:00+00:00,1183.58,0.0007776050158545544,0.0066234908597698405,48.82848825881312,7.138101630463451,0
2025-03-24 16:00:00+00:00,1181.1,-0.0020975361649462343,0.00662461770764207,48.286282532576216,7.078739597854184,0
2025-03-24 17:00:00+00:00,1193.74,0.0106450281787005,0.006800583327058875,51.10974759437817,7.213164805897099,2
2025-03-24 18:00:00+00:00,1193.88,0.0001172715927664214,0.00644346877417043,51.13989749739228,7.123101509779158,0
2025-03-25 09:00:00+00:00,1197.82,0.0032947305800394844,0.006408455020643963,51.99012726335868,7.05943947958357,0
2025-03-25 10:00:00+00:00,1195.0,-0.0023570526036973405,0.006406432913143278,51.33768064226306,6.989250689991902,0
2025-03-25 11:00:00+00:00,1195.96,0.0008030247696222403,0.0064033285868835485,51.54889519569798,6.951465676192061,0
2025-03-25 12:00:00+00:00,1183.42,-0.010540658579137663,0.006562516528896528,48.72970089841315,7.076636362668221,0
2025-03-25 13:00:00+00:00,1185.09,0.0014101694962178613,0.006562536537612347,49.107924536579134,6.99770363541486,0
2025-03-25 14:00:00+00:00,1185.64,0.00046399211202263757,0.006562787829525167,49.23378165173367,6.917549562706563,0
2025-03-25 15:00:00+00:00,1184.72,-0.0007762534350881367,0.006562664371151824,49.02683399122753,6.852998571452429,0
2025-03-25 16:00:00+00:00,1181.6,-0.002637007512077183,0.0065600028531988454,48.3239232134148,6.824538600023382,0
2025-03-25 17:00:00+00:00,1180.5,-0.0009313746916026489,0.006541461694495223,48.07594916264936,6.9572478280229095,0
2025-03-25 18:00:00+00:00,1184.1,0.003044914811343169,0.0048998069121013845,48.95076577714695,6.978902871462451,3
2025-03-26 09:00:00+00:00,1197.02,0.010852142519238939,0.004886143048006484,51.9174407555476,7.098724814033203,2
2025-03-26 10:00:00+00:00,1190.54,-0.005428149165664031,0.0049053484815814894,50.41792135163027,7.114150317752538,3
2025-03-26 11:00:00+00:00,1189.39,-0.0009664150538073457,0.004874930579588297,50.15558716411389,7.050267311397488,3
2025-03-26 12:00:00+00:00,1192.67,0.002753920617433181,0.004901231490083217,50.89913518902675,7.01206196516954,0
2025-03-26 13:00:00+00:00,1188.44,-0.0035529685313262505,0.004911698839498579,49.91919280476599,6.974620725866147,3
2025-03-26 14:00:00+00:00,1185.36,-0.0025949968223066833,0.00483939155199823,49.215191296471836,6.925928311348823,3
2025-03-26 15:00:00+00:00,1184.36,-0.0008439816175398462,0.00476122034101616,48.98631332314655,6.8818097451218465,3
2025-03-26 16:00:00+00:00,1182.0,-0.0019946253168949823,0.004760996465838707,48.44377709207117,6.814973550219409,3
2025-03-26 17:00:00+00:00,1178.44,-0.003016389062422853,0.004194981554379028,47.63176483920014,6.80927407921502,3
2025-03-26 18:00:00+00:00,1177.05,-0.001180221662028913,0.004194513606478361,47.31577778112843,6.726488597630721,3
2025-03-27 09:00:00+00:00,1166.86,-0.008694927875578351,0.0042953743083361095,45.07871850518279,6.807158825678106,3
2025-03-27 10:00:00+00:00,1165.96,-0.0007715983613412192,0.004257693022670889,44.88745209237832,6.819215649164545,3
2025-03-27 11:00:00+00:00,1161.2,-0.004090828854197426,0.004278972719648947,43.882609661002135,6.804631336181252,3
2025-03-27 12:00:00+00:00,1163.29,0.00179824440044829,0.004288164244342548,44.43985905841717,6.788138709457623,3
2025-03-27 13:00:00+00:00,1164.8,0.001297200891498207,0.004295432717127959,44.84364600639567,6.72297593526847,3
2025-03-27 14:00:00+00:00,1164.68,-0.00010302728515032555,0.0042937419428210714,44.817233342548704,6.674316416563099,3
2025-03-27 15:00:00+00:00,1153.79,-0.009394195385388215,0.004434284777218167,42.49923581921863,6.773830088231839,3
2025-03-27 16:00:00+00:00,1154.96,0.0010135355496760923,0.004301698064634823,42.82343943765928,6.769953486467205,3
2025-03-27 17:00:00+00:00,1158.51,0.0030689853651493237,0.0038463832885183443,43.80442535628566,6.792154416737859,3
2025-03-27 18:00:00+00:00,1158.86,0.00030206656913822627,0.0038446612839414785,43.90125570642009,6.732311328403106,3
2025-03-28 09:00:00+00:00,1147.48,-0.009868529666936077,0.004054690499761931,41.52720376505652,6.84106510183504,3
2025-03-28 10:00:00+00:00,1156.12,0.007501337484291604,0.004206950659942417,43.878399195629626,6.930243799798339,2
2025-03-28 11:00:00+00:00,1149.12,-0.006073139035484232,0.004255995074223684,42.4667017774538,6.981638923802372,3
2025-03-28 12:00:00+00:00,1142.67,-0.005628802839553693,0.004298791824715697,41.219799775260846,7.068806145326323,3
2025-03-28 13:00:00+00:00,1141.22,-0.001269763600540763,0.0042520753711133485,40.944023740875,7.047430022419796,3
2025-03-28 14:00:00+00:00,1130.29,-0.009623628648780524,0.004422042252040215,38.94013247204712,7.137481421971399,3
2025-03-28 15:00:00+00:00,1132.67,0.0021034405181872273,0.004442083159294059,39.5969926204945,7.1407317935319705,3
2025-03-28 16:00:00+00:00,1132.87,0.00017655834857865926,0.004438633969842948,39.65266017589168,7.163517157661331,3
2025-03-28 17:00:00+00:00,1136.39,0.0031023354072976517,0.004455631276061781,40.635220089992984,7.176646814508107,3
2025-03-28 18:00:00+00:00,1139.02,0.002311672332624859,0.004478732537493531,41.36309865918834,7.162913878217945,3
2025-03-31 09:00:00+00:00,1133.25,-0.00507863273457243,0.004492313391601398,40.258061410106784,7.164655600653586,3
2025-03-31 10:00:00+00:00,1123.25,-0.008863341870689823,0.004611539475293083,38.44185062714128,7.3815624886405145,3
2025-03-31 11:00:00+00:00,1121.25,-0.0017821345772635055,0.004612459904677198,38.0911461162291,7.492931238867701,3
2025-03-31 12:00:00+00:00,1129.21,0.007074138794250118,0.004749584788733673,40.30295155039283,7.5250726140903454,3
2025-03-31 13:00:00+00:00,1132.65,0.0030417467502887874,0.004777398213208216,41.22887998906797,7.480771161808537,3
2025-03-31 14:00:00+00:00,1133.7,0.0009266001060082019,0.004783345690000817,41.511433250033434,7.439155738572364,3
2025-03-31 15:00:00+00:00,1130.11,-0.003171646922153215,0.00478859880549568,40.82664062199917,7.424972623800917,3
2025-03-31 16:00:00+00:00,1132.22,0.0018653340686878295,0.004801566323236149,41.40634141603487,7.422273171324898,3
2025-03-31 17:00:00+00:00,1110.68,-0.019207866821600028,0.005184411790877329,37.572093165277884,7.8042277078984,3
2025-03-31 18:00:00+00:00,1110.31,-0.0003331847540266608,0.0051820370703431875,37.51120899659056,7.716543153740433,3
2025-04-01 09:00:00+00:00,1117.89,0.006803724297861358,0.005270628777221253,39.558664388520164,7.722212290665625,3
2025-04-01 10:00:00+00:00,1116.55,-0.0011994058114259687,0.0052687969186092885,39.3262279909001,7.693968044852311,3
2025-04-01 11:00:00+00:00,1116.12,-0.0003851890385204726,0.005261525346202789,39.250710488202614,7.613688683955266,3
2025-04-01 12:00:00+00:00,1118.95,0.002532360518788579,0.00512002295206446,40.02416281484464,7.599614910276163,3
2025-04-01 13:00:00+00:00,1111.97,-0.006257528531826928,0.00515737677563825,38.78148181622217,7.617822612070639,3
2025-04-01 14:00:00+00:00,1100.48,-0.010386768785435763,0.00530883298390379,36.859179896455295,7.756866159829225,3
2025-04-01 15:00:00+00:00,1097.69,-0.0025384765493097206,0.0053098423800205605,36.411982135583116,7.82332883663264,3
2025-04-01 16:00:00+00:00,1093.42,-0.003897572833394314,0.005318211289528436,35.734895770776674,7.879662259899984,3
2025-04-01 17:00:00+00:00,1101.0,0.006908458861482281,0.005450776545798224,37.829021275901646,8.011469014701985,3
2025-04-01 18:00:00+00:00,1100.33,-0.000608722927220029,0.005414417992683545,37.71816569160498,8.053039634407945,3
