Tk,Fold,Series,ADF_stat,ADF_p,KPSS_stat,KPSS_p
IMOEX,1,y_true,-3.3278911670345925,0.013676850141011037,0.17078414448305018,0.1
