Tk,Fold,Series,ADF_stat,ADF_p,KPSS_stat,KPSS_p
IMOEX,3,y_true,-2.616874470336299,0.08955956900146583,0.27229588775993574,0.1
