Tk,Fold,Series,ADF_stat,ADF_p,KPSS_stat,KPSS_p
IMOEX,2,y_true,-3.808062520172422,0.0028258937171640845,0.10812058386733023,0.1
