Tk,Fold,Series,ADF_stat,ADF_p,KPSS_stat,KPSS_p
IMOEX,4,y_true,-3.010606353458853,0.03391570224242492,0.25632165743037066,0.1
