Tk,Fold,Series,ADF_stat,ADF_p,KPSS_stat,KPSS_p
IMOEX,0,y_true,-2.640443187600343,0.08492319691793909,0.1147838773243576,0.1
