Tk,Fold,Series,ADF_stat,ADF_p,KPSS_stat,KPSS_p
IMOEX,2,y_true,-6.523561610072273,1.0278410577107343e-08,0.5666450819079517,0.026656513083794655
