Tk,Fold,Series,ADF_stat,ADF_p,KPSS_stat,KPSS_p
IMOEX,0,y_true,0.24736570199967273,0.9747965180782744,0.1655371580330312,0.1
