Tk,Fold,Series,ADF_stat,ADF_p,KPSS_stat,KPSS_p
IMOEX,0,y_true,-2.992037883250547,0.03564468179914163,0.2127754774037689,0.1
