Tk,Fold,Series,ADF_stat,ADF_p,KPSS_stat,KPSS_p
IMOEX,1,y_true,-1.8786349802990228,0.3421776659701151,0.16522520394910764,0.1
