Tk,Fold,Series,ADF_stat,ADF_p,KPSS_stat,KPSS_p
IMOEX,4,y_true,-6.697243664016248,3.9709845909703365e-09,0.2062157236119067,0.1
