Tk,Fold,Series,ADF_stat,ADF_p,KPSS_stat,KPSS_p
IMOEX,1,y_true,-1.9459937089708963,0.3107429346568369,0.0820447002333609,0.1
