Tk,Fold,Series,ADF_stat,ADF_p,KPSS_stat,KPSS_p
IMOEX,3,y_true,-1.9202398952603397,0.3226003437070827,0.45833333333333176,0.052011494252874255
