Tk,Fold,Series,ADF_stat,ADF_p,KPSS_stat,KPSS_p
IMOEX,2,y_true,-10.996985618391975,6.831882290076257e-20,0.0993896523115842,0.1
