Tk,Fold,Series,ADF_stat,ADF_p,KPSS_stat,KPSS_p
IMOEX,3,y_true,-2.068070132390495,0.25754601479683326,0.3770725091925734,0.08703771155492526
