to_0,to_1,to_2,to_3,to_4,cluster
0.9695340501792115,0.026881720430107527,0.002688172043010753,0.0,0.0008960573476702509,0
0.030450669914738125,0.6772228989037758,0.07917174177831912,0.0,0.21315468940316687,1
0.0059382422802850355,0.11401425178147269,0.7814726840855107,0.0,0.09857482185273159,2
0.0,0.0,0.01834862385321101,0.9724770642201835,0.009174311926605505,3
0.00804289544235925,0.3753351206434316,0.30563002680965146,0.00804289544235925,0.30294906166219837,4
