Tk,Fold,Series,ADF_stat,ADF_p,KPSS_stat,KPSS_p
IMOEX,4,y_true,-6.480607923673887,1.297894994043477e-08,0.20678143160851487,0.1
