Tk,Fold,Series,ADF_stat,ADF_p,KPSS_stat,KPSS_p
IMOEX,0,y_true,-2.6367777988147227,0.08563174706155446,0.11532471072272384,0.1
