Tk,Fold,Series,ADF_stat,ADF_p,KPSS_stat,KPSS_p
IMOEX,4,y_true,-3.0019313276780837,0.03471443178856933,0.2568082137582766,0.1
