Tk,Fold,Series,ADF_stat,ADF_p,KPSS_stat,KPSS_p
IMOEX,1,y_true,-1.9405504324798033,0.31323181077416773,0.08246380817676467,0.1
