Tk,Fold,Series,ADF_stat,ADF_p,KPSS_stat,KPSS_p
IMOEX,3,y_true,-1.9136742832238571,0.32565589223283953,0.45833333333333376,0.05201149425287339
