Tk,Fold,Series,ADF_stat,ADF_p,KPSS_stat,KPSS_p
IMOEX,0,y_true,-2.9939294541788493,0.03546521508928638,0.21337903529546318,0.1
