Tk,Fold,Series,ADF_stat,ADF_p,KPSS_stat,KPSS_p
IMOEX,2,y_true,-3.8146892332532882,0.002760550293446615,0.10802184081059969,0.1
