Tk,Fold,Series,ADF_stat,ADF_p,KPSS_stat,KPSS_p
IMOEX,2,y_true,-6.3104260116749264,3.244799601372394e-08,0.5630096892652482,0.02747529521052968
