Tk,Fold,Series,ADF_stat,ADF_p,KPSS_stat,KPSS_p
IMOEX,3,y_true,-2.612488800642081,0.090443460076918,0.27383991461750223,0.1
