Tk,Fold,Series,ADF_stat,ADF_p,KPSS_stat,KPSS_p
IMOEX,1,y_true,-3.3207545028692333,0.013975856461576563,0.17074860873036352,0.1
