Datetime,y_true,LSTM_att,CatBoost,Hybrid,SARIMAX
2023-11-10 13:00:00+00:00,0.25,,0.23065786811457178,,3.969952514810604
2023-11-10 14:00:00+00:00,1.37,,1.3828307823990997,,0.32988731682674344
2023-11-10 15:00:00+00:00,-0.05,,0.3387183681440168,,-1.1420356952723436
2023-11-10 16:00:00+00:00,2.83,,2.5249719817722838,,-1.3786115945086739
2023-11-10 17:00:00+00:00,3.72,,3.256459318669589,,-4.142499308065682
2023-11-10 18:00:00+00:00,2.69,,2.7672537956590375,,-3.861280338276488
2023-11-13 10:00:00+00:00,3.94,,2.8841586174590246,,-4.626287815145761
2023-11-13 11:00:00+00:00,-1.88,,-1.456295433835701,,-6.399208008551467
2023-11-13 12:00:00+00:00,0.07,,-0.03401103576756259,,-2.94061265476325
2023-11-13 13:00:00+00:00,1.19,,1.0016462883317843,,-2.971807654565672
2023-11-13 14:00:00+00:00,-1.32,,-0.7918950142927199,,-0.3759483662710939
2023-11-13 15:00:00+00:00,0.98,,1.0556111364360314,,-0.8415383292562026
2023-11-13 16:00:00+00:00,0.77,,0.7293216147046238,,-0.11881475190791344
2023-11-13 17:00:00+00:00,-0.23,,-0.6825147408783101,,-1.3005342218869413
2023-11-13 18:00:00+00:00,-29.12,,-16.535437494508468,,-1.9832556347884711
2023-11-14 10:00:00+00:00,3.95,,3.1667257693757453,,5.298982663927016
2023-11-14 11:00:00+00:00,-5.57,,-5.3266323238449695,,0.8505733265805738
2023-11-14 12:00:00+00:00,-4.95,,-5.257190371254273,,-1.541012711248413
2023-11-14 13:00:00+00:00,-14.26,,-12.553958362306313,,1.2586546174547744
2023-11-14 14:00:00+00:00,8.39,,6.806897608716019,,7.363211556644847
2023-11-14 15:00:00+00:00,3.73,,2.7813482189031733,,2.6633203156528897
2023-11-14 16:00:00+00:00,-0.92,,-0.788342351711349,,4.878525525545292
2023-11-14 17:00:00+00:00,2.87,,-1.1076698884091165,,7.294327976650623
2023-11-14 18:00:00+00:00,-28.68,,-22.356586818299025,,1.5903291537337378
2023-11-15 10:00:00+00:00,4.22,,4.003447415978899,,8.63653161787403
2023-11-15 11:00:00+00:00,2.17,,2.0408116715330413,,5.070707492844991
2023-11-15 12:00:00+00:00,-0.08,,0.024688710424922433,,1.3402103098230242
2023-11-15 13:00:00+00:00,6.61,,5.390366696203515,,8.688715340737403
2023-11-15 14:00:00+00:00,1.72,,2.006793436700354,,0.10412742287405796
2023-11-15 15:00:00+00:00,15.29,,7.773084241751628,,7.1466670385967745
2023-11-15 16:00:00+00:00,4.76,,3.975813047278476,,2.428155906645192
2023-11-15 17:00:00+00:00,-3.29,,-3.2551498529136365,,1.7651607715143842
2023-11-15 18:00:00+00:00,-9.11,,-8.395021150300753,,1.3258985331994801
2023-11-16 10:00:00+00:00,-1.65,,-1.6477988493070725,,-2.078261829841794
2023-11-16 11:00:00+00:00,-1.86,,-1.884283938338566,,-0.2900690027626671
2023-11-16 12:00:00+00:00,-3.43,,-2.968221956225579,,-5.895546030668294
2023-11-16 13:00:00+00:00,7.62,,1.944887684508226,,-1.107858026434003
2023-11-16 14:00:00+00:00,-5.67,,-5.005616751015549,,-4.984340801692177
2023-11-16 15:00:00+00:00,3.61,,1.4147244046847316,,1.305060648349797
2023-11-16 16:00:00+00:00,-8.9,,-7.446348378215466,,-5.2485540697006074
2023-11-16 17:00:00+00:00,-6.64,,-6.929242261444053,,-2.085878911955711
2023-11-16 18:00:00+00:00,-11.76,,-11.250557453778152,,-14.023477956661939
2023-11-17 10:00:00+00:00,-18.01,,-16.563550981553192,,-12.065552669209163
2023-11-17 11:00:00+00:00,9.88,,8.161539034456606,,7.1131662768081405
2023-11-17 12:00:00+00:00,0.05,,0.21708197148542974,,-1.8658327177808414
2023-11-17 13:00:00+00:00,17.15,,12.250489108164137,,7.429074359195389
2023-11-17 14:00:00+00:00,5.36,,5.374816841116167,,1.8323213275860042
2023-11-17 15:00:00+00:00,4.53,,4.626004916784004,,3.665312620858356
2023-11-17 16:00:00+00:00,9.51,,6.5762200285474055,,7.074994829547868
2023-11-17 17:00:00+00:00,0.55,,0.49139168607239947,,0.2000499010358635
2023-11-17 18:00:00+00:00,-1.72,,-1.5079063369396337,,-0.6101141649477396
2023-11-20 10:00:00+00:00,1.42,,1.1677939704288587,,1.6709440849844035
2023-11-20 11:00:00+00:00,-1.67,,-1.6419715521707676,,0.6416173305667711
2023-11-20 12:00:00+00:00,-3.7,,-3.700864396718376,,-0.46895713139553724
2023-11-20 13:00:00+00:00,1.05,,0.9918233159570531,,0.5396736533959027
2023-11-20 14:00:00+00:00,4.57,,3.19731361805687,,-0.06478300372633933
2023-11-20 15:00:00+00:00,-0.95,,-0.7476215975134766,,-0.49377740880259546
2023-11-20 16:00:00+00:00,1.02,,0.6973488981310405,,-2.5227942552155813
2023-11-20 17:00:00+00:00,1.0,,0.23971153889245236,,-0.8308624072651171
2023-11-20 18:00:00+00:00,-4.19,,-3.670790639608219,,-4.691403385592578
2023-11-21 10:00:00+00:00,-5.22,0.697467029094696,-5.2800988867779175,-1.3058898448944092,-0.5161959083940902
2023-11-21 11:00:00+00:00,-2.37,0.6915701031684875,-2.320449638985269,-1.396388292312622,2.11188823846401
2023-11-21 12:00:00+00:00,1.44,0.6789085865020752,1.2613566464866033,-1.521630883216858,-6.026130030612703
2023-11-21 13:00:00+00:00,6.77,0.655369758605957,5.49963209560271,-1.6772080659866333,-0.3522793233348763
2023-11-21 14:00:00+00:00,1.19,0.6338579654693604,1.2925646175058096,-1.8425498008728027,-1.8729766499528184
2023-11-21 15:00:00+00:00,4.13,0.6044092774391174,3.897889500120725,-2.0443766117095947,1.4231753602483919
2023-11-21 16:00:00+00:00,7.02,0.577206015586853,5.501653169460756,-2.193469762802124,0.07241805297756058
2023-11-21 17:00:00+00:00,2.35,0.5491447448730469,2.5641461992853367,-2.403696298599243,1.0544830445136446
2023-11-21 18:00:00+00:00,17.69,0.5078304409980774,10.381568187672116,-2.604702949523926,-0.574945752583894
2023-11-22 10:00:00+00:00,-4.61,0.47642749547958374,-3.577927217427225,-2.7713587284088135,0.9546954017852939
2023-11-22 11:00:00+00:00,1.85,0.4299525320529938,1.5530871339046604,-2.9006030559539795,0.7034988076645954
2023-11-22 12:00:00+00:00,-0.67,0.3819601833820343,-0.6700744310437631,-3.013209581375122,-2.0355694827376873
2023-11-22 13:00:00+00:00,-2.73,0.3398210108280182,-2.4748363177084878,-3.144629955291748,-1.6950759018578019
2023-11-22 14:00:00+00:00,-3.16,0.2990218997001648,-3.1713696829934834,-3.243229389190674,-1.9882240328912044
2023-11-22 15:00:00+00:00,0.31,0.25517383217811584,0.2971748409634608,-3.2989072799682617,-0.865956694744801
2023-11-22 16:00:00+00:00,4.59,0.21121416985988617,2.9916074398728516,-3.378800630569458,-2.3592720988393934
2023-11-22 17:00:00+00:00,-1.1,0.1747756004333496,-0.9076070599593895,-3.3017547130584717,-0.0571672863124984
2023-11-22 18:00:00+00:00,0.06,0.11910869181156158,0.0664475557703309,-3.390350818634033,-1.2840243592456695
2023-11-23 10:00:00+00:00,2.28,0.05047398433089256,1.9262090478153402,-3.55228590965271,2.6519063063940793
2023-11-23 11:00:00+00:00,-2.49,-0.02389381267130375,-2.573739098046322,-3.6920647621154785,-2.4519790187647947
2023-11-23 12:00:00+00:00,-5.73,-0.10079959779977798,-4.39559800601835,-3.6899654865264893,-0.21596326363982815
2023-11-23 13:00:00+00:00,-1.11,-0.1852266788482666,-1.2069830114708704,-3.7333168983459473,0.24637501695447306
2023-11-23 14:00:00+00:00,0.44,-0.2713322043418884,0.43723281499634925,-3.7744853496551514,-1.8350473760703192
2023-11-23 15:00:00+00:00,-0.09,-0.37832215428352356,-0.07652530805725644,-3.8029582500457764,-0.11024686088491614
2023-11-23 16:00:00+00:00,-5.15,-0.48491939902305603,-3.954606736260918,-3.8654611110687256,3.256442991977732
2023-11-23 17:00:00+00:00,2.19,-0.5745958089828491,2.145768229134375,-3.8124289512634277,0.3558679511027045
2023-11-23 18:00:00+00:00,1.34,-0.667204737663269,1.210362617092212,-3.8660342693328857,3.6533939434916194
2023-11-24 10:00:00+00:00,5.36,-0.752178966999054,4.353465217377444,-3.9656918048858643,2.0807076179458086
2023-11-24 11:00:00+00:00,-4.28,-0.8276219964027405,-3.489113616111662,-3.8507397174835205,-2.805883967508995
2023-11-24 12:00:00+00:00,-1.6,-0.8932874202728271,-1.6730606094644176,-3.79293155670166,-1.7327338322703794
2023-11-24 13:00:00+00:00,-6.89,-0.9532955288887024,-6.111623958030713,-3.766927719116211,-4.819018666806737
2023-11-24 14:00:00+00:00,-9.51,-1.0212652683258057,-6.414227631161163,-3.7237930297851562,-6.092357670197775
2023-11-24 15:00:00+00:00,6.1,-1.0707882642745972,4.862140405130239,-3.586944341659546,-1.769192810137707
2023-11-24 16:00:00+00:00,6.36,-1.112824559211731,3.129518605285675,-3.363891839981079,-1.3498146820187014
2023-11-24 17:00:00+00:00,-0.17,-1.1441142559051514,-0.14969355392757527,-3.1689329147338867,-2.462550615127931
2023-11-24 18:00:00+00:00,0.19,-1.1786733865737915,-0.3401994570119601,-3.1244850158691406,4.106300641840559
2023-11-27 10:00:00+00:00,2.58,-1.212416172027588,1.9290861654035725,-3.0813076496124268,-3.8028919214839614
2023-11-27 11:00:00+00:00,-6.69,-1.2413603067398071,-4.925390707494716,-2.983567714691162,-3.827573340247612
2023-11-27 12:00:00+00:00,-3.3,-1.268039584159851,-3.2603132302415148,-2.8943088054656982,-4.594445658932413
2023-11-27 13:00:00+00:00,-0.1,-1.302564024925232,-0.15903321644500795,-2.8159019947052,1.4515604449601296
2023-11-27 14:00:00+00:00,-5.97,-1.3423242568969727,-4.871470709409259,-2.779625415802002,-4.631611788779098
2023-11-27 15:00:00+00:00,-12.75,-1.3723090887069702,-10.475141235754764,-2.738833427429199,-2.7960590178398106
2023-11-27 16:00:00+00:00,-5.42,-1.3887776136398315,-4.696052470430388,-2.819380521774292,-0.8027835778695104
2023-11-27 17:00:00+00:00,4.75,-1.391801357269287,3.0532505711221813,-2.8535513877868652,1.4010492566674952
2023-11-27 18:00:00+00:00,-26.95,-1.3884756565093994,-9.878680771047406,-2.7873847484588623,-2.170172527132454
2023-11-28 10:00:00+00:00,6.54,-1.3707401752471924,5.709908235713767,-2.7620291709899902,1.769200323354759
2023-11-28 11:00:00+00:00,4.34,-1.3579822778701782,4.299040311886683,-2.6904308795928955,7.024184677276653
2023-11-28 12:00:00+00:00,-3.41,-1.347365379333496,-2.155303274156533,-2.710986614227295,5.140833166530111
2023-11-28 13:00:00+00:00,0.34,-1.3346251249313354,0.31502127661352,-2.756824493408203,2.055150608024354
2023-11-28 14:00:00+00:00,7.98,-1.345055341720581,4.809294936656429,-2.7281527519226074,2.9215428285543235
2023-11-28 15:00:00+00:00,3.95,-1.355048418045044,3.9570872390710186,-2.7026004791259766,2.074864387216565
2023-11-28 16:00:00+00:00,9.27,-1.3596221208572388,4.117238263506195,-2.6260361671447754,-0.5433183974593265
2023-11-28 17:00:00+00:00,3.25,-1.3731578588485718,1.765181487101315,-2.5911762714385986,3.7422151624792743
2023-11-28 18:00:00+00:00,-11.38,-1.402674674987793,-6.229685930959633,-2.5987913608551025,-4.03905565822105
2023-11-29 10:00:00+00:00,-4.25,-1.4400825500488281,-2.8763785598582134,-2.571295976638794,1.1186540331612496
2023-11-29 11:00:00+00:00,-3.0,-1.4834794998168945,-2.159694104092646,-2.5448367595672607,0.32594129522350335
2023-11-29 12:00:00+00:00,4.15,-1.5166540145874023,1.3563779298108707,-2.486100673675537,-0.23066931958964998
2023-11-29 13:00:00+00:00,-0.27,-1.5550804138183594,-0.26783389630263116,-2.4877872467041016,2.7970636785608622
2023-11-29 14:00:00+00:00,5.55,-1.6170661449432373,2.149670377225169,-2.5020036697387695,-5.046995043272614
2023-11-29 15:00:00+00:00,-2.85,-1.6689159870147705,-2.593407378351812,-2.4675076007843018,-3.7234602913537334
2023-11-29 16:00:00+00:00,-2.64,-1.7182462215423584,-3.16023516698587,-2.464728832244873,-2.5586736103442016
2023-11-29 17:00:00+00:00,-8.15,-1.7401636838912964,-7.079710742646289,-2.4891228675842285,-5.608899847220617
2023-11-29 18:00:00+00:00,-17.19,-1.741109013557434,-10.632348248860122,-2.5083658695220947,-9.753106937330674
2023-11-30 10:00:00+00:00,3.2,-1.7428663969039917,3.294600311401178,-2.5625362396240234,3.7788448795078593
2023-11-30 11:00:00+00:00,-2.01,-1.761644721031189,-1.9633810084694585,-2.5725836753845215,-4.076418675454549
2023-11-30 12:00:00+00:00,14.54,-1.7886452674865723,7.992341860273725,-2.6188676357269287,1.9536264435083952
2023-11-30 13:00:00+00:00,-5.94,-1.818055272102356,-5.493184134212998,-2.633958101272583,-2.6549222247400053
2023-11-30 14:00:00+00:00,-0.97,-1.8426183462142944,-1.3239466872490522,-2.6595511436462402,-1.5537841025371575
2023-11-30 15:00:00+00:00,-14.74,-1.878670334815979,-11.449766353241346,-2.690505027770996,-0.3752802753364619
2023-11-30 16:00:00+00:00,12.14,-1.8986408710479736,8.69240607678519,-2.6755433082580566,1.5415101427066547
2023-11-30 17:00:00+00:00,3.24,-1.9225478172302246,2.297248509308896,-2.7328224182128906,2.694887405640581
2023-11-30 18:00:00+00:00,-15.8,-1.934633731842041,-10.595962357170492,-2.7901949882507324,-7.252171062813239
2023-12-01 10:00:00+00:00,7.59,-1.9162169694900513,6.92145929980878,-2.8538408279418945,1.6610307074160295
2023-12-01 11:00:00+00:00,0.55,-1.8918945789337158,0.536952177913266,-2.912835121154785,0.13157788857553004
2023-12-01 12:00:00+00:00,-0.31,-1.8829317092895508,-0.3731859832789117,-2.9825973510742188,-4.295041144691326
2023-12-01 13:00:00+00:00,-7.87,-1.8764536380767822,-6.993241489453399,-3.0574395656585693,2.616454128041204
2023-12-01 14:00:00+00:00,-5.34,-1.8746358156204224,-4.937943220470298,-3.145995855331421,-3.3302036942785533
2023-12-01 15:00:00+00:00,1.69,-1.8811267614364624,0.8754998968207357,-3.2357358932495117,-0.7328996686406479
2023-12-01 16:00:00+00:00,-5.46,-1.8942327499389648,-5.591771344108821,-3.3074517250061035,-6.1822447325877405
2023-12-01 17:00:00+00:00,1.45,-1.916210651397705,0.8911824109851556,-3.3357973098754883,2.2599525259508475
2023-12-01 18:00:00+00:00,-25.07,-1.9302821159362793,-13.911483448589607,-3.3783650398254395,-10.078896596918925
2023-12-04 10:00:00+00:00,-1.86,-1.9460686445236206,-1.8587460046281192,-3.427450656890869,-1.7823770690564844
2023-12-04 11:00:00+00:00,7.77,-1.9691441059112549,3.580941361014483,-3.4773828983306885,-2.2552328431475113
2023-12-04 12:00:00+00:00,-5.39,-1.982372760772705,-5.010567247198767,-3.545484781265259,-4.280289933675423
2023-12-04 13:00:00+00:00,4.08,-1.999060869216919,2.8997712775504163,-3.5920937061309814,6.850453630879946
2023-12-04 14:00:00+00:00,-0.18,-2.0101351737976074,-0.17164356997355928,-3.617985486984253,-0.014642692990851056
2023-12-04 15:00:00+00:00,-3.02,-2.0009965896606445,-3.0238807299737935,-3.6440279483795166,0.530523492098167
2023-12-04 16:00:00+00:00,-4.59,-1.9873652458190918,-4.5343739932871205,-3.673537254333496,1.111642186730299
2023-12-04 17:00:00+00:00,0.38,-1.981290578842163,-0.06364788825004336,-3.731734037399292,0.18134158477060175
2023-12-04 18:00:00+00:00,-4.91,-1.9596575498580933,-4.7178663275555905,-3.8034420013427734,-2.0578406881298004
2023-12-05 10:00:00+00:00,-11.02,-1.9440971612930298,-8.78737866626753,-3.86769437789917,-2.3008111718542654
2023-12-05 11:00:00+00:00,3.52,-1.9297564029693604,3.214789970282446,-3.94032883644104,3.2052049052110934
2023-12-05 12:00:00+00:00,15.11,-1.9129003286361694,10.793497879854073,-4.0320539474487305,3.975955080485202
2023-12-05 13:00:00+00:00,9.06,-1.9147273302078247,7.5401553076633725,-4.088369846343994,1.4550873386678203
2023-12-05 14:00:00+00:00,-6.57,-1.9380439519882202,-5.334294034409117,-4.133462905883789,-1.6583963108519948
2023-12-05 15:00:00+00:00,3.17,-1.9599521160125732,3.236299451284524,-4.1817097663879395,-2.730212142332754
2023-12-05 16:00:00+00:00,7.76,-1.993009090423584,5.631227423731736,-4.2055182456970215,1.9984374526922237
2023-12-05 17:00:00+00:00,-1.2,-2.0341992378234863,-1.3671679778679235,-4.251873970031738,-7.565542470863745
2023-12-05 18:00:00+00:00,-9.11,-2.0702109336853027,-8.56089660085893,-4.282369613647461,-5.158656920103763
2023-12-06 10:00:00+00:00,-5.57,-2.12548565864563,-5.567843843768657,-4.300585746765137,-7.195444653687095
2023-12-06 11:00:00+00:00,-12.13,-2.1612446308135986,-11.10222760940015,-4.297253131866455,-7.310900645048821
2023-12-06 12:00:00+00:00,-5.16,-2.199697732925415,-5.35216860554195,-4.355499744415283,-7.72942198581737
2023-12-06 13:00:00+00:00,-2.06,-2.2204463481903076,-2.1069791368131034,-4.419189929962158,-3.2207248010066163
2023-12-06 14:00:00+00:00,-0.44,-2.2420413494110107,-0.5058477411139515,-4.441960334777832,-9.271834611746037
2023-12-06 15:00:00+00:00,-10.41,-2.262200355529785,-8.83969803400061,-4.399712562561035,-6.388672534719555
2023-12-06 16:00:00+00:00,4.32,-2.269120931625366,0.6494830509301466,-4.397092342376709,-0.042591815751816586
2023-12-06 17:00:00+00:00,-9.27,-2.2768137454986572,-9.398353240424072,-4.355725288391113,-3.334047203844166
2023-12-06 18:00:00+00:00,-21.35,-2.2844974994659424,-19.22155034745499,-4.303768157958984,-6.071665293925131
2023-12-07 10:00:00+00:00,-3.88,-2.2952280044555664,-3.814835850674875,-4.228918075561523,4.60127385417147
2023-12-07 11:00:00+00:00,1.37,-2.3023955821990967,1.1574857141378225,-4.160464763641357,4.272698128085832
2023-12-07 12:00:00+00:00,8.42,-2.3164384365081787,7.847115917913149,-4.068435192108154,8.206710852654338
2023-12-07 13:00:00+00:00,-14.31,-2.3407530784606934,-10.57790413350544,-3.9747977256774902,-2.0421239023586844
2023-12-07 14:00:00+00:00,16.56,-2.375227451324463,13.416306042516636,-3.8596882820129395,13.38980199368909
2023-12-07 15:00:00+00:00,6.25,-2.4015212059020996,5.086921549849141,-3.668342113494873,2.025034716877251
2023-12-07 16:00:00+00:00,4.2,-2.41719388961792,4.1951331547388335,-3.5293939113616943,2.9426666789128104
2023-12-07 17:00:00+00:00,-3.13,-2.4337453842163086,-3.0029688914325736,-3.3079710006713867,-0.7609466847792485
2023-12-07 18:00:00+00:00,14.15,-2.461045980453491,7.108149249119049,-3.128086566925049,1.3395297451613466
2023-12-08 10:00:00+00:00,4.15,-2.491403579711914,3.943902871676799,-2.965055465698242,0.48345120000697067
2023-12-08 11:00:00+00:00,1.01,-2.5344550609588623,0.8829285775431556,-2.740694761276245,1.7214486747145523
2023-12-08 12:00:00+00:00,-8.24,-2.5720529556274414,-7.839847049956669,-2.565678596496582,-1.1807917063110234
2023-12-08 13:00:00+00:00,-3.78,-2.625444173812866,-3.8054058781770843,-2.4118969440460205,-1.361800663022011
2023-12-08 14:00:00+00:00,-8.46,-2.6724486351013184,-8.431753359062823,-2.2339694499969482,-6.220330690397259
2023-12-08 15:00:00+00:00,1.14,-2.720350503921509,0.434103585544357,-2.1280272006988525,-5.447784462829338
2023-12-08 16:00:00+00:00,-0.21,-2.7444722652435303,-0.07398787393403516,-2.070972442626953,-3.855984189854201
2023-12-08 17:00:00+00:00,6.6,-2.7301228046417236,2.5173988307567776,-1.8363959789276123,-0.6526150264026813
2023-12-08 18:00:00+00:00,-23.24,-2.706855058670044,-17.219656312487785,-1.6043301820755005,-9.443297524946864
2023-12-11 10:00:00+00:00,2.47,-2.6920762062072754,2.438543589395335,-1.3180174827575684,0.5925888872105729
2023-12-11 11:00:00+00:00,-0.49,-2.6680355072021484,-0.4989915482188553,-1.0788559913635254,-1.3441198942099812
2023-12-11 12:00:00+00:00,-2.27,-2.631192922592163,-2.433498081451702,-0.87213134765625,-6.009629528108727
2023-12-11 13:00:00+00:00,-10.7,-2.58750581741333,-10.74148207339453,-0.6195898652076721,0.008628446967407916
2023-12-11 14:00:00+00:00,-12.55,-2.5126445293426514,-11.677615024708162,-0.3593359589576721,-2.313890618647237
2023-12-11 15:00:00+00:00,-0.25,-2.433089256286621,-0.2853578862781495,-0.041970185935497284,1.9451158319640731
2023-12-11 16:00:00+00:00,4.6,-2.340719699859619,1.3069397482699026,0.14475254714488983,4.920649152412864
2023-12-11 17:00:00+00:00,-11.39,-2.2347350120544434,-10.368007458402401,0.4298876225948334,-1.3243687687912187
2023-12-11 18:00:00+00:00,-4.38,-2.114208459854126,-4.647230638701634,0.6857855319976807,2.4964667304332213
2023-12-12 10:00:00+00:00,-16.07,-1.9964337348937988,-14.095928074936802,0.9828009605407715,0.1354409520146201
2023-12-12 11:00:00+00:00,5.58,-1.8455709218978882,5.537209449005726,1.247330904006958,12.173128535432856
2023-12-12 12:00:00+00:00,11.62,-1.6917186975479126,10.843787174993759,1.4947129487991333,6.306185531819144
2023-12-12 13:00:00+00:00,18.8,-1.544405460357666,16.242985804927567,1.6913563013076782,8.404429616673283
2023-12-12 14:00:00+00:00,3.14,-1.407326340675354,2.6985721031846857,1.839268445968628,1.969330496215908
2023-12-12 15:00:00+00:00,-11.51,-1.2538484334945679,-8.234496181938688,1.933855652809143,-0.8214965855622092
2023-12-12 16:00:00+00:00,-0.92,-1.137939453125,-1.305101144839369,2.0109758377075195,0.5002996472633319
2023-12-12 17:00:00+00:00,-12.54,-0.9801811575889587,-9.852532544302624,2.1442136764526367,-5.095446407825764
2023-12-12 18:00:00+00:00,-2.91,-0.8872813582420349,-2.1888623013352344,2.259516477584839,-3.8660966596553568
2023-12-13 10:00:00+00:00,10.36,-0.8210488557815552,8.33783310937793,2.323866367340088,3.952669970942072
2023-12-13 11:00:00+00:00,9.36,-0.7870848774909973,8.442418264462578,2.4700658321380615,1.4166878689195432
2023-12-13 12:00:00+00:00,2.73,-0.7541249394416809,2.7572478799833733,2.5741984844207764,2.9631655414254605
2023-12-13 13:00:00+00:00,0.51,-0.6950984597206116,0.3207139756053029,2.695192813873291,-3.7754722851547786
2023-12-13 14:00:00+00:00,-8.25,-0.6543979644775391,-7.76180563822245,2.8370938301086426,-3.933656582650003
2023-12-13 15:00:00+00:00,-5.53,-0.5919995903968811,-4.553281099877891,2.9909682273864746,-2.4026051092217635
2023-12-13 16:00:00+00:00,6.51,-0.5217171311378479,2.5627537309521835,3.143585681915283,-2.8589502740098944
2023-12-13 17:00:00+00:00,-0.45,-0.4237982928752899,-0.43791035256892996,3.2800683975219727,-2.056295645845926
2023-12-13 18:00:00+00:00,9.0,-0.31920912861824036,5.062589246040424,3.409085512161255,-1.4276972916098485
2023-12-14 10:00:00+00:00,4.74,-0.2138085961341858,3.8762750285049927,3.5799660682678223,0.8522785483404407
2023-12-14 11:00:00+00:00,-3.36,-0.11797428131103516,-2.81478954473004,3.724902868270874,-4.183457616224652
2023-12-14 12:00:00+00:00,-3.69,-0.05579826980829239,-3.7182793269244865,3.834909439086914,1.9153662380982057
2023-12-14 13:00:00+00:00,-7.52,0.011659812182188034,-5.710412450575042,3.9423582553863525,-4.8159230209248935
2023-12-14 14:00:00+00:00,-3.12,0.07226713001728058,-3.259870507773324,4.10862398147583,-0.9858318639110416
2023-12-14 15:00:00+00:00,-10.77,0.1339028924703598,-8.62933477680391,4.248405933380127,-6.049532743224356
2023-12-14 16:00:00+00:00,-3.72,0.20631907880306244,-3.765230648768048,4.358611106872559,-2.2178793403682184
2023-12-14 17:00:00+00:00,-4.94,0.2762027382850647,-6.560034440603257,4.507305145263672,-4.200272666156337
2023-12-14 18:00:00+00:00,-35.05,0.34256693720817566,-20.42743650526846,4.593383312225342,-13.504720049918527
2023-12-15 10:00:00+00:00,1.28,0.41081446409225464,1.3159167557617146,4.665759086608887,-1.3579723222062228
2023-12-15 11:00:00+00:00,-1.47,0.47567373514175415,-0.30124181099658887,4.736698150634766,6.475882944025961
2023-12-15 12:00:00+00:00,21.3,0.5313742160797119,15.754727473509002,4.748504161834717,7.673796282890476
2023-12-15 13:00:00+00:00,13.33,0.5837279558181763,11.90663126794638,4.843160152435303,9.237761541935212
2023-12-15 14:00:00+00:00,2.54,0.618873655796051,3.991026764557934,4.9218430519104,3.3067116718999605
2023-12-15 15:00:00+00:00,22.13,0.6655200719833374,12.85312769776914,5.009303092956543,3.4426976513355387
2023-12-15 16:00:00+00:00,2.41,0.7022739052772522,2.4660845320548326,5.086319923400879,0.5209227108787129
2023-12-15 17:00:00+00:00,-1.42,0.7409500479698181,-0.3962284482063392,5.13755989074707,0.5610669214451045
2023-12-15 18:00:00+00:00,26.65,0.7968171834945679,12.70166584095152,5.141844272613525,4.710331291635003
2023-12-18 10:00:00+00:00,11.44,0.8382002115249634,9.8907161413972,5.19313907623291,7.781177962262923
2023-12-18 11:00:00+00:00,-6.62,0.8800109028816223,-4.850374291040893,5.21536922454834,5.057117292647368
2023-12-18 12:00:00+00:00,-2.14,0.9064851403236389,-1.652981108694027,5.27729606628418,-1.1519770491841632
2023-12-18 13:00:00+00:00,12.0,0.9406909942626953,6.056579346036158,5.312012672424316,8.895497951170421
2023-12-18 14:00:00+00:00,-2.43,0.9515108466148376,-1.9632414213982208,5.379295825958252,-2.9187679588502755
2023-12-18 15:00:00+00:00,8.56,0.955045759677887,5.0460019700700425,5.419180870056152,-0.4709941909524871
2023-12-18 16:00:00+00:00,2.57,0.9669184684753418,2.318575707769983,5.469391345977783,3.097466953258983
2023-12-18 17:00:00+00:00,-7.66,0.9881715774536133,-4.409138618257209,5.525762557983398,-5.169998400583431
2023-12-18 18:00:00+00:00,8.24,1.0027905702590942,5.887821378278532,5.566253185272217,-0.22736913139185297
2023-12-19 10:00:00+00:00,4.96,1.0088348388671875,4.484320375859533,5.623668193817139,1.3555483940402806
2023-12-19 11:00:00+00:00,-5.55,1.0252245664596558,-4.887064287255943,5.644764423370361,2.4043155694159957
2023-12-19 12:00:00+00:00,1.79,1.0246610641479492,0.7453841987561607,5.662620544433594,-6.065152969435661
2023-12-19 13:00:00+00:00,-8.72,1.0332671403884888,-6.364442332166887,5.65330696105957,-0.19690239781060748
2023-12-19 14:00:00+00:00,-8.54,1.0307574272155762,-6.107154903246854,5.669696807861328,-4.1512366352149
2023-12-19 15:00:00+00:00,9.25,1.0308188199996948,7.212277867944863,5.679533958435059,3.1260027807615076
2023-12-19 16:00:00+00:00,4.84,1.0277435779571533,5.098880923901548,5.649552822113037,2.3985235689120055
2023-12-19 17:00:00+00:00,1.11,1.0334407091140747,1.3739400625901255,5.639061450958252,-2.857004059019512
2023-12-19 18:00:00+00:00,12.49,1.0250920057296753,8.321216250440317,5.604644775390625,0.8115959669856246
2023-12-20 10:00:00+00:00,9.74,1.0099669694900513,6.708386573089141,5.560137748718262,-0.41233068018547614
2023-12-20 11:00:00+00:00,-1.93,0.9994942545890808,-0.8664256296977522,5.522299766540527,-3.504926190817494
2023-12-20 12:00:00+00:00,5.66,0.9784305691719055,3.188648467538709,5.483268737792969,3.086411645335869
2023-12-20 13:00:00+00:00,0.88,0.9552474021911621,0.8583005302299336,5.418327331542969,5.343292872525204
2023-12-20 14:00:00+00:00,0.48,0.9294569492340088,0.40810746182155877,5.337916851043701,-1.516041202880889
2023-12-20 15:00:00+00:00,-2.53,0.9071505665779114,-2.4677993760516093,5.242313861846924,5.335263272031828
2023-12-20 16:00:00+00:00,1.92,0.8785080909729004,0.1754338913826647,5.17358922958374,6.1009007275119265
2023-12-20 17:00:00+00:00,-5.69,0.8624329566955566,-5.684750205124898,5.0909647941589355,-7.1278017655415145
2023-12-20 18:00:00+00:00,-24.32,0.8490314483642578,-13.280605654348717,5.026658535003662,-5.9940655630497055
2023-12-21 10:00:00+00:00,3.33,0.8322970271110535,1.7633957059722636,4.950905799865723,2.1766556821292298
2023-12-21 11:00:00+00:00,-1.0,0.8377644419670105,-0.9704367960413403,4.894313812255859,-2.026430261804932
2023-12-21 12:00:00+00:00,-2.38,0.8435266017913818,-2.6538929370312503,4.8465142250061035,0.9941387271806308
2023-12-21 13:00:00+00:00,-3.3,0.8525578379631042,-3.3527485969826856,4.788448810577393,-0.830051476780862
2023-12-21 14:00:00+00:00,-24.02,0.860522449016571,-15.241914017571913,4.74674129486084,-5.140132436360444
2023-12-21 15:00:00+00:00,10.68,0.8715816736221313,9.55696009299439,4.698755264282227,6.688110201436968
2023-12-21 16:00:00+00:00,4.93,0.8843609094619751,4.925505611218257,4.654583930969238,2.183572726415269
2023-12-21 17:00:00+00:00,4.99,0.8937709927558899,4.7156913327656955,4.598666667938232,1.1699505670417323
2023-12-21 18:00:00+00:00,25.65,0.9034676551818848,14.500842693139138,4.558292388916016,17.012382073608315
2023-12-22 10:00:00+00:00,-2.72,0.9120330810546875,-2.694290143178617,4.483456611633301,4.843872584363802
2023-12-22 11:00:00+00:00,0.77,0.9169899225234985,0.7179913318161806,4.410682201385498,-1.2017480307484978
2023-12-22 12:00:00+00:00,2.56,0.9145793914794922,1.190976245000503,4.3196916580200195,3.7665799211341056
2023-12-22 13:00:00+00:00,-5.17,0.910137951374054,-4.368909918688333,4.232778072357178,2.0860983734680723
2023-12-22 14:00:00+00:00,-5.34,0.9045566916465759,-5.357883107178949,4.16205358505249,0.8186147004292952
2023-12-22 15:00:00+00:00,7.38,0.8964620232582092,4.402440603157545,4.072783946990967,6.776864498242181
2023-12-22 16:00:00+00:00,0.82,0.8900400996208191,0.8511312062988787,3.9837746620178223,1.4560294631955117
2023-12-22 17:00:00+00:00,-4.94,0.8867019414901733,-4.611788027081487,3.8905692100524902,-4.744614304105859
2023-12-22 18:00:00+00:00,14.24,0.8746902346611023,8.144009888114633,3.7919511795043945,-1.352817857529464
2023-12-25 10:00:00+00:00,-1.4,0.857925295829773,-1.4064318159897844,3.693093776702881,-5.179945394667829
2023-12-25 11:00:00+00:00,-2.3,0.8447298407554626,-2.138041750785107,3.6113555431365967,0.0036049469271487167
2023-12-25 12:00:00+00:00,-3.06,0.8197104930877686,-3.0292603325132443,3.550274610519409,0.7202850370646965
2023-12-25 13:00:00+00:00,-4.56,0.7794494032859802,-4.580731765776552,3.466150999069214,-1.3463655224132536
2023-12-25 14:00:00+00:00,-7.73,0.7448833584785461,-6.404136920936844,3.392763137817383,-1.3376323460745827
2023-12-25 15:00:00+00:00,4.32,0.7136449813842773,4.228588158220813,3.299572229385376,0.26227084871105044
2023-12-25 16:00:00+00:00,4.38,0.6870813369750977,4.092082161031426,3.209625482559204,-2.7815019910301384
2023-12-25 17:00:00+00:00,2.55,0.6776606440544128,2.1736122323849094,3.107586145401001,-4.649063068363256
2023-12-25 18:00:00+00:00,-11.76,0.6717550158500671,-9.162592662873603,3.021120309829712,-0.5652495617845353
2023-12-26 10:00:00+00:00,0.3,0.6609168648719788,0.311662319067156,2.9523820877075195,4.023978067175889
2023-12-26 11:00:00+00:00,-5.03,0.6569554805755615,-4.162486995365259,2.8684425354003906,-5.884359361599542
2023-12-26 12:00:00+00:00,2.96,0.6512941718101501,2.9268122225001076,2.809474229812622,4.39847540190539
2023-12-26 13:00:00+00:00,3.7,0.6401885151863098,3.6528025261239576,2.756093740463257,0.5632148092497224
2023-12-26 14:00:00+00:00,6.12,0.6321499943733215,4.94587389928176,2.7002065181732178,0.48878712116925677
2023-12-26 15:00:00+00:00,-0.7,0.6219817399978638,-0.46032883818798465,2.6629726886749268,1.4830478627349348
2023-12-26 16:00:00+00:00,3.42,0.6079440116882324,1.9983516338571357,2.648691177368164,2.92026785428836
2023-12-26 17:00:00+00:00,-3.31,0.6018550395965576,-2.8251131944770864,2.6382551193237305,-3.00270931283649
2023-12-26 18:00:00+00:00,14.58,0.5946201086044312,5.748905828772121,2.6136977672576904,2.6136608967040056
2023-12-27 10:00:00+00:00,-0.33,0.5878762602806091,-0.38209395659444445,2.588604211807251,0.21948361657626647
2023-12-27 11:00:00+00:00,-0.41,0.5795950293540955,-0.4164122071833851,2.543715000152588,-0.9844874500636333
2023-12-27 12:00:00+00:00,-3.22,0.5779743194580078,-2.3774843088152733,2.5024092197418213,3.60463015660925
2023-12-27 13:00:00+00:00,3.17,0.5737019777297974,-0.27961587797172216,2.4603917598724365,-1.4025257794724502
2023-12-27 14:00:00+00:00,-0.01,0.5727113485336304,-0.05522075041536911,2.4194915294647217,-1.8015583517557328
2023-12-27 15:00:00+00:00,-3.55,0.5750401616096497,-3.61110657586928,2.3910348415374756,1.4032077677897927
2023-12-27 16:00:00+00:00,-3.05,0.5707792639732361,-3.053277063203106,2.3713951110839844,-2.191229254593301
2023-12-27 17:00:00+00:00,-4.41,0.5609882473945618,-4.4255812667566925,2.345442295074463,-0.6204046025984613
2023-12-27 18:00:00+00:00,-7.0,0.555557370185852,-5.833429454823982,2.3394367694854736,3.7545866471979803
2023-12-28 10:00:00+00:00,-6.82,0.5549854636192322,-5.786129930979816,2.337733745574951,1.2992739765878103
2023-12-28 11:00:00+00:00,-0.61,0.5633028745651245,-0.9365219164947836,2.3232786655426025,-2.4018706102714753
2023-12-28 12:00:00+00:00,5.41,0.571139395236969,4.178343052011106,2.316816568374634,-0.29741434941911826
2023-12-28 13:00:00+00:00,-0.09,0.5677195191383362,-0.08286499459931157,2.322650909423828,1.055803179149784
2023-12-28 14:00:00+00:00,0.0,0.5596207976341248,0.005027213972004868,2.3170647621154785,5.501811483123018
2023-12-28 15:00:00+00:00,3.44,0.561776876449585,3.20743413815596,2.3051156997680664,3.037776418119691
2023-12-28 16:00:00+00:00,2.78,0.5660150647163391,2.9521983946307397,2.2992031574249268,-4.094971900306612
2023-12-28 17:00:00+00:00,7.39,0.5690568685531616,4.452335710507751,2.301651954650879,2.2363805534017054
2023-12-28 18:00:00+00:00,-13.87,0.5767487287521362,-7.655651650964559,2.3178887367248535,-0.41455061561799345
2023-12-29 10:00:00+00:00,4.49,0.5778543949127197,2.9063522261812706,2.344357490539551,-3.760148416716747
2023-12-29 11:00:00+00:00,1.9,0.5872169137001038,1.6555348366713374,2.367417335510254,4.079482830946658
2023-12-29 12:00:00+00:00,4.61,0.6023721098899841,4.331584471166552,2.3942534923553467,2.2516612561239824
2023-12-29 13:00:00+00:00,0.14,0.610552966594696,0.016080751061566423,2.4288487434387207,4.835804644020145
2023-12-29 14:00:00+00:00,-3.56,0.6107484698295593,-2.5993950756481286,2.4679524898529053,1.3639953556665279
2023-12-29 15:00:00+00:00,0.31,0.6100074052810669,0.3491637076112916,2.4760265350341797,4.268665557451603
2023-12-29 16:00:00+00:00,2.37,0.6014562845230103,2.3664562937462668,2.499105930328369,4.789292731992852
2023-12-29 17:00:00+00:00,0.73,0.5932222008705139,0.7734569674769003,2.5157721042633057,2.670365936722274
2023-12-29 18:00:00+00:00,20.85,0.5813007354736328,8.241027069191013,2.5245609283447266,3.6375701378649556
2024-01-03 10:00:00+00:00,3.28,0.5768698453903198,3.273659862531836,2.5421409606933594,6.09574611263078
2024-01-03 11:00:00+00:00,-0.61,0.5652532577514648,-0.5346671356265591,2.5394866466522217,-3.150921168545841
2024-01-03 12:00:00+00:00,1.66,0.5583126544952393,1.6580355119096093,2.513800621032715,-3.108549602664546
2024-01-03 13:00:00+00:00,0.23,0.5540516972541809,0.2586098867180776,2.498948097229004,1.8199525966175027
2024-01-03 14:00:00+00:00,3.0,0.5518175959587097,2.70617009420274,2.47857403755188,-0.03262829753063469
2024-01-03 15:00:00+00:00,0.02,0.5518236756324768,0.13363144563546836,2.4645256996154785,1.6307833865495125
2024-01-03 16:00:00+00:00,3.94,0.5462586879730225,3.387861531948185,2.461240291595459,7.630379166491082
2024-01-03 17:00:00+00:00,-1.25,0.5374050736427307,-0.9718633852266874,2.4840989112854004,2.8075712626773885
2024-01-03 18:00:00+00:00,9.28,0.5349254012107849,4.63272631492099,2.506650924682617,4.866323298244771
2024-01-04 10:00:00+00:00,2.95,0.5311083793640137,2.6498497060485846,2.523359775543213,-2.718280498093981
2024-01-04 11:00:00+00:00,-5.27,0.5386103391647339,-3.707773507405399,2.5700151920318604,-3.8708373238812737
2024-01-04 12:00:00+00:00,0.84,0.5412631630897522,0.8300306998078166,2.637859582901001,1.0386484141008128
2024-01-04 13:00:00+00:00,2.54,0.5352290868759155,1.854119451688541,2.7094385623931885,-1.3326382579372058
2024-01-04 14:00:00+00:00,-1.86,0.5242803692817688,-1.8623169053426674,2.7531051635742188,-0.9979843107409627
2024-01-04 15:00:00+00:00,-2.48,0.5196047425270081,-2.342394956392743,2.802436351776123,0.7683182041087285
2024-01-04 16:00:00+00:00,-0.85,0.5126365423202515,-0.8452399850018018,2.847567558288574,-0.6093143470402163
2024-01-04 17:00:00+00:00,0.69,0.5102987289428711,0.68917625809007,2.8826630115509033,-3.3661907418237007
2024-01-04 18:00:00+00:00,0.42,0.5220392942428589,0.2895037158793914,2.9266741275787354,-6.039953076950645
2024-01-05 10:00:00+00:00,-3.12,0.5232754945755005,-2.6300480532017754,2.9565601348876953,-2.4353161980320124
2024-01-05 11:00:00+00:00,-2.49,0.5230275392532349,-2.3983862789862886,2.9882969856262207,-5.1453607999829485
2024-01-05 12:00:00+00:00,-0.24,0.5191059708595276,-0.2663570323674067,3.01811146736145,-3.3664833866397044
2024-01-05 13:00:00+00:00,0.4,0.5092779994010925,0.40540342571241683,3.043668508529663,-0.8162704647573039
2024-01-05 14:00:00+00:00,1.49,0.5009235739707947,1.515268050028564,3.0663883686065674,-2.182303118257709
2024-01-05 15:00:00+00:00,0.69,0.49011918902397156,0.8228086188794054,3.067474126815796,1.0807768347257687
2024-01-05 16:00:00+00:00,2.1,0.47147539258003235,2.0904279084764226,3.0609030723571777,-2.4311387418616874
2024-01-05 17:00:00+00:00,1.05,0.45803728699684143,1.314679371280933,3.0772624015808105,2.243558249837766
2024-01-05 18:00:00+00:00,15.54,0.45379218459129333,5.402287543727288,3.088026523590088,2.6242331063940827
2024-01-08 10:00:00+00:00,-1.18,0.4562385082244873,-1.1181809637569888,3.0989696979522705,5.406237878281155
2024-01-08 11:00:00+00:00,-1.94,0.4545458257198334,-1.5875260956191672,3.105455160140991,-0.9532462971743733
2024-01-08 12:00:00+00:00,3.22,0.45886531472206116,2.0630472857023836,3.1277518272399902,0.20833923082469927
2024-01-08 13:00:00+00:00,4.51,0.45364829897880554,1.780581469301947,3.1503543853759766,0.7003147082300799
2024-01-08 14:00:00+00:00,0.32,0.45287024974823,0.1924175334594931,3.1702311038970947,2.3753398264749985
2024-01-08 15:00:00+00:00,-0.9,0.4468776285648346,-0.7497900038601415,3.2050745487213135,-0.9776510247190153
2024-01-08 16:00:00+00:00,-1.52,0.4383545219898224,-1.4921303019962053,3.2622010707855225,-3.638670888302743
2024-01-08 17:00:00+00:00,4.16,0.4221298098564148,1.274526011627273,3.301583766937256,-1.8241211993867406
2024-01-08 18:00:00+00:00,-9.99,0.4043092131614685,-6.263562950486896,3.353152275085449,-0.6612149268305118
2024-01-09 10:00:00+00:00,4.4,0.37607523798942566,2.2521243144686194,3.409627914428711,0.8147695905565313
2024-01-09 11:00:00+00:00,-2.0,0.3554444909095764,-2.1431457771450426,3.468428134918213,-0.8430470899234571
2024-01-09 12:00:00+00:00,-0.9,0.33852875232696533,-0.7319253113638674,3.537336587905884,6.930764505028702
2024-01-09 13:00:00+00:00,-0.1,0.32590484619140625,-0.11537526581249674,3.6226742267608643,5.170187653597816
2024-01-09 14:00:00+00:00,-1.97,0.3155663013458252,-0.7289536374768928,3.7116751670837402,-0.634054341238179
2024-01-09 15:00:00+00:00,2.64,0.30639320611953735,2.649655949475421,3.8171966075897217,2.4816977110087817
2024-01-09 16:00:00+00:00,3.58,0.2932314872741699,3.0304392920661836,3.9373786449432373,-1.0129223518553279
2024-01-09 17:00:00+00:00,1.31,0.2656767964363098,1.904146217211066,4.040192604064941,-0.6532016216239103
2024-01-09 18:00:00+00:00,12.36,0.24757246673107147,2.3461543985452527,4.165643215179443,4.667383958343146
2024-01-10 10:00:00+00:00,1.77,0.23303435742855072,1.6136967886491242,4.297199249267578,-1.160340001964292
2024-01-10 11:00:00+00:00,-0.69,0.21854746341705322,0.14500614923297417,4.431804656982422,2.6527928395983653
2024-01-10 12:00:00+00:00,0.74,0.21372351050376892,0.5951929465476156,4.557989120483398,-2.6902797765404887
2024-01-10 13:00:00+00:00,1.66,0.20972312986850739,1.2721828173008933,4.6545562744140625,4.723952459647744
2024-01-10 14:00:00+00:00,1.82,0.19896994531154633,1.0093147984352393,4.687392234802246,0.25566523375776584
2024-01-10 15:00:00+00:00,-2.61,0.19140048325061798,-1.329041676523136,4.761768817901611,4.431589997852751
2024-01-10 16:00:00+00:00,0.55,0.1915724277496338,0.04112978590928085,4.78950309753418,0.05746553789155384
2024-01-10 17:00:00+00:00,-6.45,0.1854013353586197,-2.9956903659873855,4.760437488555908,-0.3842236093474886
2024-01-10 18:00:00+00:00,-12.1,0.1885269284248352,-7.097342232457895,4.791445732116699,-1.065142166482559
2024-01-11 10:00:00+00:00,3.58,0.18802571296691895,3.67511442158936,4.80375337600708,1.6075716742600143
2024-01-11 11:00:00+00:00,7.18,0.1964760571718216,5.160797453073815,4.809286594390869,2.1022554130794737
2024-01-11 12:00:00+00:00,8.37,0.21246497333049774,5.260477871853245,4.817025184631348,6.086548979952975
2024-01-11 13:00:00+00:00,0.72,0.23388230800628662,0.8517616525137407,4.833258152008057,0.19154935593102784
2024-01-11 14:00:00+00:00,-3.61,0.23762212693691254,-2.496683031014944,4.866015911102295,0.8646766183467022
2024-01-11 15:00:00+00:00,-3.92,0.2385619580745697,-0.4989841272218284,4.911440849304199,-0.8125721782219615
2024-01-11 16:00:00+00:00,4.01,0.23438149690628052,3.5650270141602007,4.97684907913208,2.1948314217910077
2024-01-11 17:00:00+00:00,12.32,0.22160637378692627,4.879431915509401,5.073934078216553,2.9195055780128047
2024-01-11 18:00:00+00:00,-1.57,0.20100001990795135,-0.0989081018178819,5.134442329406738,2.067896149721971
2024-01-12 10:00:00+00:00,6.63,0.1651388704776764,3.2998647065177282,5.1736297607421875,1.769188173798408
2024-01-12 11:00:00+00:00,2.47,0.12361963838338852,2.444030956618279,5.1738667488098145,6.7536802202969515
2024-01-12 12:00:00+00:00,2.53,0.0989019125699997,2.3529896831655415,5.121577262878418,5.3260908227117225
2024-01-12 13:00:00+00:00,3.42,0.07750164717435837,2.543232325045041,5.07737398147583,3.626858547830533
2024-01-12 14:00:00+00:00,-1.57,0.0643484815955162,-1.2020940548698613,5.0186543464660645,2.0966163245212757
2024-01-12 15:00:00+00:00,-1.33,0.058176979422569275,-1.3281329879144632,4.953340530395508,-1.6613786211809751
2024-01-12 16:00:00+00:00,1.91,0.05776560306549072,0.9382418670213624,4.854996681213379,2.013792625665526
2024-01-12 17:00:00+00:00,-8.52,0.034194618463516235,-4.077882039711696,4.720533847808838,-1.1408406218062517
2024-01-12 18:00:00+00:00,9.11,0.031301550567150116,1.9105064018631615,4.6307854652404785,-2.5735721814625996
2024-01-15 10:00:00+00:00,1.24,0.04429455101490021,1.25008525003422,4.595953941345215,5.46265130436287
2024-01-15 11:00:00+00:00,-1.52,0.05156848579645157,-1.726080892550101,4.53948450088501,4.5906521496186175
2024-01-15 12:00:00+00:00,-11.76,0.05071971192955971,-8.095934602537541,4.532867431640625,-2.145122620342843
2024-01-15 13:00:00+00:00,2.26,0.06069038063287735,1.9939643667454288,4.56623649597168,0.7097090819701289
2024-01-15 14:00:00+00:00,0.87,0.07422443479299545,0.9564453793046575,4.601390361785889,2.172140179390036
2024-01-15 15:00:00+00:00,-0.7,0.0715041235089302,-0.7010999257755642,4.573873996734619,-0.7019954745665117
2024-01-15 16:00:00+00:00,-5.2,0.09749989211559296,-4.0778532210699705,4.56298303604126,-3.365302100828872
2024-01-15 17:00:00+00:00,5.36,0.11423595994710922,3.470937886902849,4.602043151855469,1.4987460245702326
2024-01-15 18:00:00+00:00,-15.01,0.13071227073669434,-8.22893386124957,4.573707103729248,-0.24457519339109102
2024-01-16 10:00:00+00:00,0.78,0.15892183780670166,0.8817985818847629,4.581841468811035,4.961283980943088
2024-01-16 11:00:00+00:00,2.03,0.16890470683574677,2.0272506922277644,4.601125240325928,2.9101627162246433
2024-01-16 12:00:00+00:00,5.86,0.18772652745246887,3.6350498725790685,4.548192024230957,7.562666319728575
2024-01-16 13:00:00+00:00,-0.49,0.21433000266551971,-0.5198557803785849,4.526201248168945,3.195445299354233
2024-01-16 14:00:00+00:00,-3.49,0.23459897935390472,-2.140020677481519,4.407583713531494,3.352706082190976
2024-01-16 15:00:00+00:00,-0.56,0.26248252391815186,-0.60809975051071,4.321597576141357,-1.458639020048904
2024-01-16 16:00:00+00:00,4.07,0.2951412498950958,2.7092191973755146,4.286900520324707,-0.39869620942330875
2024-01-16 17:00:00+00:00,1.38,0.33243387937545776,1.5756474724351426,4.306611061096191,-0.6914358238949595
2024-01-16 18:00:00+00:00,4.76,0.35772597789764404,2.9276346491370178,4.27905797958374,0.537454867701973
2024-01-17 10:00:00+00:00,3.89,0.3850107491016388,2.779555190726685,4.237856864929199,0.1631947440838557
2024-01-17 11:00:00+00:00,-6.11,0.38954243063926697,-3.9360439879609137,4.276319980621338,3.0568381095965718
2024-01-17 12:00:00+00:00,-0.39,0.3912241458892822,-0.6955104615677071,4.289106845855713,-3.62491889243384
2024-01-17 13:00:00+00:00,2.62,0.40130192041397095,1.3505521457518104,4.283684730529785,1.3515191330078349
2024-01-17 14:00:00+00:00,-3.17,0.41636279225349426,-1.9851302552457843,4.258737087249756,-3.865253160671506
2024-01-17 15:00:00+00:00,-1.23,0.42766982316970825,-1.1191254572754181,4.238558292388916,0.23066860434571376
2024-01-17 16:00:00+00:00,0.62,0.44693586230278015,0.712416416550629,4.217650890350342,1.9952337544121834
2024-01-17 17:00:00+00:00,4.79,0.4703125059604645,2.3988285307238613,4.180739402770996,-2.0559396691284
2024-01-17 18:00:00+00:00,4.4,0.4661880433559418,2.642085765746407,4.113925933837891,-1.8601475230705542
2024-01-18 10:00:00+00:00,-0.78,0.45878341794013977,-0.729288485823569,4.138175010681152,1.630849381681301
2024-01-18 11:00:00+00:00,0.12,0.45752042531967163,0.10730496496851669,4.094494819641113,1.311097381473337
2024-01-18 12:00:00+00:00,1.56,0.44714120030403137,0.8165710978122634,3.9939193725585938,-3.7996516054500455
2024-01-18 13:00:00+00:00,-2.92,0.42951443791389465,-2.355261188368697,3.902458667755127,1.3392096002280924
2024-01-18 14:00:00+00:00,-2.78,0.4221087396144867,-2.871567646528334,3.7957255840301514,-0.7920296359693704
2024-01-18 15:00:00+00:00,-5.96,0.4108680188655853,-4.045981378196356,3.6544113159179688,0.07034656293130115
2024-01-18 16:00:00+00:00,0.39,0.406766802072525,0.3911288929698931,3.5909745693206787,-2.126709953118225
2024-01-18 17:00:00+00:00,-0.41,0.38603919744491577,-0.5628087435486688,3.578368902206421,-1.0137461347853898
2024-01-18 18:00:00+00:00,-16.54,0.36724430322647095,-11.472223164705069,3.6449098587036133,-3.927651351314529
2024-01-19 10:00:00+00:00,2.16,0.32394957542419434,2.153867238363322,3.6855151653289795,-1.5057749441013146
2024-01-19 11:00:00+00:00,4.61,0.3127226233482361,3.7091070604060468,3.8442816734313965,-0.2728956132467071
2024-01-19 12:00:00+00:00,-2.4,0.308432012796402,-2.403998852421699,3.939768075942993,-1.3539754954269445
2024-01-19 13:00:00+00:00,-0.56,0.3141736388206482,-0.7907971798681728,4.050411224365234,2.7795052050574918
2024-01-19 14:00:00+00:00,-4.92,0.33402958512306213,-3.135840234957421,4.094818115234375,-0.4100165090935498
2024-01-19 15:00:00+00:00,-0.29,0.34730592370033264,-0.16185588447128818,4.1203484535217285,3.56756193896529
2024-01-19 16:00:00+00:00,6.35,0.334812730550766,4.04192196123526,4.154159069061279,-0.6834874905117075
2024-01-19 17:00:00+00:00,-0.89,0.34245577454566956,-0.8791612166773872,4.133771896362305,1.6740901576194285
2024-01-19 18:00:00+00:00,-1.32,0.351237416267395,-1.0441807864308104,4.111064434051514,-4.925125594369223
2024-01-22 10:00:00+00:00,6.12,0.36188164353370667,4.935647079611354,4.093170166015625,-1.17936037175396
2024-01-22 11:00:00+00:00,2.09,0.3751043379306793,1.9672308844794375,4.047697067260742,2.964058657000924
2024-01-22 12:00:00+00:00,-0.16,0.3782774806022644,-0.08756016291125779,3.9865987300872803,5.002659000431642
2024-01-22 13:00:00+00:00,0.07,0.3823544681072235,0.1300153864520946,3.9133238792419434,1.9399856285562294
2024-01-22 14:00:00+00:00,4.15,0.4058902859687805,1.9838397326549284,3.859287738800049,2.940671009858831
2024-01-22 15:00:00+00:00,-4.15,0.42412087321281433,-2.5342351796585834,3.7654168605804443,-0.14449567412036243
2024-01-22 16:00:00+00:00,-0.3,0.4431215524673462,-0.6579072922739723,3.686340570449829,0.4201741998304578
2024-01-22 17:00:00+00:00,-0.72,0.4537021517753601,-0.6732045736251955,3.631211519241333,2.0948296897937437
2024-01-22 18:00:00+00:00,-0.57,0.46218764781951904,-0.5786058318646436,3.625112533569336,1.9540619200552936
2024-01-23 10:00:00+00:00,5.39,0.4778074622154236,3.858128353290949,3.638253927230835,4.146844165009872
2024-01-23 11:00:00+00:00,-1.8,0.4933358132839203,-1.9207066187340054,3.623711585998535,-1.289590536247409
2024-01-23 12:00:00+00:00,-7.43,0.5075658559799194,-3.789319073765462,3.6099815368652344,-1.6729262089213504
2024-01-23 13:00:00+00:00,4.76,0.5163941979408264,1.7204932444341978,3.598219156265259,0.536162110193976
2024-01-23 14:00:00+00:00,0.1,0.5280264616012573,0.10245069054603695,3.615677833557129,1.5195077720008499
2024-01-23 15:00:00+00:00,3.97,0.5449942350387573,1.280592392143192,3.638859987258911,-2.2054653509756776
2024-01-23 16:00:00+00:00,-1.84,0.5564606189727783,-1.138267426698146,3.638746500015259,1.0294454336226675
2024-01-23 17:00:00+00:00,1.01,0.5774950385093689,0.5289620206896961,3.6587016582489014,-2.069676048096611
2024-01-23 18:00:00+00:00,-0.91,0.590826690196991,-0.8558245655630643,3.684964179992676,-4.431112156293928
2024-01-24 10:00:00+00:00,1.14,0.594437837600708,0.9261431798153589,3.6744258403778076,-4.019246306248348
2024-01-24 11:00:00+00:00,-8.87,0.5935337543487549,-3.974546974681724,3.684762477874756,1.4822191442761574
2024-01-24 12:00:00+00:00,-2.04,0.5957065224647522,-2.109798357545549,3.6733317375183105,-0.3079989436802627
2024-01-24 13:00:00+00:00,-7.1,0.6052741408348083,-5.205784719369583,3.668595790863037,-1.7932262044505998
2024-01-24 14:00:00+00:00,5.61,0.6106285452842712,3.6337758494187047,3.6567585468292236,0.8675079231042562
2024-01-24 15:00:00+00:00,1.61,0.6149797439575195,1.492190170418816,3.659151554107666,0.27328640479197885
2024-01-24 16:00:00+00:00,-2.59,0.621342122554779,-1.5662807984028853,3.685020923614502,0.6413374871460071
2024-01-24 17:00:00+00:00,-0.18,0.6323940753936768,-0.4593251595654565,3.6739015579223633,-0.7944545577332436
2024-01-24 18:00:00+00:00,-12.85,0.6426340341567993,-5.110388489002166,3.6567118167877197,-4.895989292693509
2024-01-25 10:00:00+00:00,0.8,0.6582744121551514,0.8019373865432852,3.6442298889160156,2.551679641331706
2024-01-25 11:00:00+00:00,2.08,0.6625025868415833,1.7774915050214228,3.630697011947632,1.9121978758694382
2024-01-25 12:00:00+00:00,-0.44,0.671029806137085,0.041657124690579556,3.6336867809295654,0.19666736040144456
2024-01-25 13:00:00+00:00,1.25,0.6880127787590027,1.1949657318859086,3.6017849445343018,1.0955254825499332
2024-01-25 14:00:00+00:00,4.79,0.7017580270767212,2.537490669800848,3.5671803951263428,-0.12963191413992856
2024-01-25 15:00:00+00:00,1.09,0.7228542566299438,1.0266798515724251,3.536198377609253,0.6306549975748551
2024-01-25 16:00:00+00:00,-0.85,0.7522684931755066,-0.3299860059138099,3.4809658527374268,0.6955979364121716
2024-01-25 17:00:00+00:00,-0.54,0.7833406329154968,-0.3820956539706081,3.4232826232910156,0.1565061102632688
2024-01-25 18:00:00+00:00,10.07,0.815788984298706,3.1198643292201735,3.3657331466674805,2.7560181994446533
2024-01-26 10:00:00+00:00,2.2,0.8459851145744324,2.2193135146791323,3.27510404586792,6.6349843617061905
2024-01-26 11:00:00+00:00,-0.06,0.8737444877624512,-0.1608068440383823,3.1789228916168213,1.7784170947812568
2024-01-26 12:00:00+00:00,-5.17,0.902384340763092,-2.719028261094047,3.0493974685668945,-0.37881153880956675
2024-01-26 13:00:00+00:00,2.31,0.9409101009368896,0.7796730328379083,2.942324161529541,-2.320649981784621
2024-01-26 14:00:00+00:00,-3.71,0.9797086119651794,-1.716118690480647,2.833244800567627,-0.11107199005449114
2024-01-26 15:00:00+00:00,2.76,1.02213454246521,2.3444171316032465,2.692072629928589,2.029497057225141
2024-01-26 16:00:00+00:00,-4.6,1.0657479763031006,-2.8312960501155042,2.5867342948913574,0.1842897671891769
2024-01-26 17:00:00+00:00,1.67,1.1082857847213745,1.6748794254596935,2.5135245323181152,2.3146732565067714
2024-01-26 18:00:00+00:00,12.43,1.1428704261779785,4.49020651027353,2.440040111541748,-3.9063278349876644
2024-01-29 10:00:00+00:00,-2.09,1.1788015365600586,-0.7298402972337564,2.3711745738983154,2.164115386167352
2024-01-29 11:00:00+00:00,3.57,1.209542155265808,3.004027548791495,2.3200888633728027,-0.5573127964120088
2024-01-29 12:00:00+00:00,3.81,1.2353042364120483,2.5540391240300537,2.2599847316741943,1.3978966245329532
2024-01-29 13:00:00+00:00,1.91,1.2717071771621704,1.5924579054140167,2.1913180351257324,-5.414231572209262
2024-01-29 14:00:00+00:00,-0.47,1.3194855451583862,-0.4644324116957832,2.11425518989563,4.009022206323394
2024-01-29 15:00:00+00:00,-1.89,1.3697130680084229,-1.5487998852191966,1.9809520244598389,-1.7117087473981176
2024-01-29 16:00:00+00:00,-2.38,1.4218690395355225,-2.4837017091337414,1.843896508216858,2.002556092062214
2024-01-29 17:00:00+00:00,-1.49,1.4587253332138062,-1.022046805435748,1.7726579904556274,2.2852279608737773
2024-01-29 18:00:00+00:00,11.63,1.4804983139038086,5.83569381136304,1.6929364204406738,6.376518872752622
2024-01-30 10:00:00+00:00,3.5,1.4983158111572266,3.3542743379247684,1.585511565208435,5.334831481487987
2024-01-30 11:00:00+00:00,-1.84,1.528395175933838,-1.393262392042303,1.5452910661697388,-0.5479931129146844
2024-01-30 12:00:00+00:00,2.59,1.5578089952468872,1.5935082223976984,1.4726988077163696,0.7146792535031543
2024-01-30 13:00:00+00:00,-2.48,1.5805232524871826,-2.367986695544273,1.417210578918457,-0.5625736235876331
2024-01-30 14:00:00+00:00,-5.11,1.611769437789917,-1.49806111583215,1.3481521606445312,1.877039099610313
2024-01-30 15:00:00+00:00,6.96,1.6266826391220093,3.1337282259281882,1.2790762186050415,4.453271765221763
2024-01-30 16:00:00+00:00,2.14,1.6277867555618286,2.147354334126747,1.1808812618255615,3.966657526249634
2024-01-30 17:00:00+00:00,2.08,1.637200117111206,2.018176552788554,1.1164610385894775,0.5349885800790486
2024-01-30 18:00:00+00:00,8.6,1.6370753049850464,4.999312866700384,1.0578532218933105,4.02164352851699
2024-01-31 10:00:00+00:00,3.58,1.6341406106948853,3.117114564388341,1.0042166709899902,8.630786146586283
2024-01-31 11:00:00+00:00,-3.93,1.627442479133606,-1.8713117054713395,0.9449642300605774,-0.06458881002884573
2024-01-31 12:00:00+00:00,2.14,1.62485933303833,2.197763941966569,0.8814764618873596,-0.5637610095982183
2024-01-31 13:00:00+00:00,3.9,1.6201152801513672,3.763962624380344,0.8000888228416443,2.032420827871348
2024-01-31 14:00:00+00:00,3.68,1.6197739839553833,3.104271161067369,0.7202739119529724,3.4875457178693376
2024-01-31 15:00:00+00:00,1.78,1.6242567300796509,1.7756852920666655,0.6415078043937683,4.099569513954939
2024-01-31 16:00:00+00:00,1.25,1.6290757656097412,1.2399341280622826,0.568999707698822,-2.2150854503145347
2024-01-31 17:00:00+00:00,-2.89,1.6340827941894531,-1.09483323467107,0.5179858207702637,-0.5328012139802895
2024-01-31 18:00:00+00:00,15.68,1.6233932971954346,3.590807944066088,0.4164865016937256,3.1693571263225655
2024-02-01 10:00:00+00:00,1.1,1.6060905456542969,1.1101299659840747,0.2784061133861542,1.721911291170729
2024-02-01 11:00:00+00:00,-1.42,1.5858747959136963,-1.2988649177838918,0.19454529881477356,-3.6844910854043444
2024-02-01 12:00:00+00:00,-0.81,1.5560022592544556,-0.7998636338787657,0.08667773008346558,-1.286888646643308
2024-02-01 13:00:00+00:00,0.53,1.5185569524765015,0.4158558151494416,-0.04459577798843384,0.8222583226073836
2024-02-01 14:00:00+00:00,-0.11,1.4770467281341553,-0.10885312145269621,-0.15190035104751587,0.38102338681891046
2024-02-01 15:00:00+00:00,-2.72,1.4297795295715332,-2.191708029799379,-0.3213081657886505,2.0258256205555734
2024-02-01 16:00:00+00:00,-2.97,1.385732650756836,-2.7403300969874804,-0.5175751447677612,0.2718330614298342
2024-02-01 17:00:00+00:00,6.42,1.3395476341247559,1.8439065183769892,-0.6982787847518921,0.45878655431053583
2024-02-01 18:00:00+00:00,-9.83,1.2833073139190674,-4.119525115791295,-0.8561802506446838,4.657713183963288
2024-02-02 10:00:00+00:00,5.01,1.2562364339828491,3.693474374898124,-1.0316405296325684,-0.6891850172314329
2024-02-02 11:00:00+00:00,0.49,1.2171427011489868,0.27463867804342645,-1.1970410346984863,-3.990217669645836
2024-02-02 12:00:00+00:00,-1.57,1.1792559623718262,-0.8606094208339785,-1.3536436557769775,-4.8612513162340445
2024-02-02 13:00:00+00:00,5.57,1.1274758577346802,2.277529342716967,-1.544569969177246,0.1616956073247261
2024-02-02 14:00:00+00:00,-2.54,1.079351782798767,-1.7614111227053062,-1.7243626117706299,-1.697080051023633
2024-02-02 15:00:00+00:00,1.61,1.028538703918457,0.3529911444416059,-1.893522024154663,0.8608244593885166
2024-02-02 16:00:00+00:00,-1.74,0.9755907654762268,-1.7553027434976554,-2.1128957271575928,-3.4825982910672963
2024-02-02 17:00:00+00:00,-0.54,0.9552254676818848,-0.8795247820733838,-2.2125906944274902,-1.9771789558952775
2024-02-02 18:00:00+00:00,-2.31,0.9211204051971436,-2.134693066419563,-2.3065383434295654,5.598822434463063
2024-02-05 10:00:00+00:00,0.52,0.8977047204971313,0.7197910017431719,-2.4198644161224365,-4.624161103031153
2024-02-05 11:00:00+00:00,3.32,0.8891705870628357,2.679298508406029,-2.4741148948669434,-3.0663830523975544
2024-02-05 12:00:00+00:00,1.27,0.8713398575782776,1.277136117159803,-2.5631394386291504,-2.4226820036836676
2024-02-05 13:00:00+00:00,-1.08,0.8294112682342529,-1.1387813789174255,-2.612942934036255,-0.27925004344993487
2024-02-05 14:00:00+00:00,-0.28,0.7893123626708984,-0.27862862555862655,-2.6304452419281006,-0.3537238045766327
2024-02-05 15:00:00+00:00,-1.59,0.7538276314735413,-1.200865821644483,-2.656883716583252,0.8738095702214946
2024-02-05 16:00:00+00:00,5.65,0.7113994359970093,2.4750300109351766,-2.647726058959961,-0.9276766401792574
2024-02-05 17:00:00+00:00,-5.06,0.6492360234260559,-3.6499545103695366,-2.651973009109497,-0.8219600354115311
2024-02-05 18:00:00+00:00,7.0,0.6075664162635803,2.094061761866036,-2.6601924896240234,2.381151152603229
2024-02-06 10:00:00+00:00,0.73,0.5620841979980469,0.7443789323591781,-2.6645567417144775,-2.0843013556794245
2024-02-06 11:00:00+00:00,-2.88,0.5385392308235168,-1.8101418532402636,-2.7019715309143066,-3.0539539500452983
2024-02-06 12:00:00+00:00,-0.9,0.516219437122345,-0.6965314043317219,-2.7101497650146484,-4.331355273799925
2024-02-06 13:00:00+00:00,4.42,0.4786151945590973,2.261311297026822,-2.6942672729492188,4.69421161437573
2024-02-06 14:00:00+00:00,-2.25,0.4443044662475586,-0.5728719538851125,-2.703068256378174,-0.7638967952255965
2024-02-06 15:00:00+00:00,1.88,0.4346959888935089,1.9075304818614973,-2.7154011726379395,-2.9534995277792886
2024-02-06 16:00:00+00:00,1.5,0.4015096426010132,1.4076110575512013,-2.7464540004730225,-0.9036029436474237
2024-02-06 17:00:00+00:00,2.11,0.3267166316509247,2.1082630842562846,-2.7659482955932617,2.3352983858862553
2024-02-06 18:00:00+00:00,9.8,0.2917713522911072,4.764010868650143,-2.7480480670928955,-1.4935646211786568
2024-02-07 10:00:00+00:00,2.88,0.2745324373245239,2.800001229406293,-2.727243423461914,1.230206988936743
2024-02-07 11:00:00+00:00,0.1,0.27048125863075256,0.607746214053085,-2.726511240005493,0.12324944824937217
2024-02-07 12:00:00+00:00,3.66,0.2548988461494446,2.9278084075432242,-2.674938440322876,-1.0365439189359649
2024-02-07 13:00:00+00:00,2.25,0.23944447934627533,2.1982559622992275,-2.6318769454956055,-0.1680466142423641
2024-02-07 14:00:00+00:00,-1.79,0.21509097516536713,-1.9395283210443597,-2.58585262298584,-2.382051978162054
2024-02-07 15:00:00+00:00,3.19,0.1885419636964798,0.8052712366480466,-2.5385420322418213,-4.351020711717353
2024-02-07 16:00:00+00:00,-1.53,0.18234892189502716,-1.4924058941504492,-2.5020577907562256,-0.33718867747403825
2024-02-07 17:00:00+00:00,-0.38,0.13475939631462097,-0.5113976784016067,-2.4571378231048584,-0.3190991644833234
2024-02-07 18:00:00+00:00,-13.66,0.09681452810764313,-8.812594628028302,-2.3735156059265137,-5.313509835845154
2024-02-08 10:00:00+00:00,2.83,0.07923334836959839,2.822655076099613,-2.2642674446105957,5.47102246132048
2024-02-08 11:00:00+00:00,-0.42,0.06977242976427078,-0.15003005902180677,-2.1639819145202637,-4.347543223469589
2024-02-08 12:00:00+00:00,2.72,0.07235005497932434,2.554876701232199,-2.0637736320495605,0.16682395288045215
2024-02-08 13:00:00+00:00,1.68,0.08300039172172546,1.6733449975477732,-1.9715150594711304,-4.121715536879253
2024-02-08 14:00:00+00:00,-0.27,0.08286584168672562,-0.27976654656499556,-1.8604015111923218,-2.4429967033075854
2024-02-08 15:00:00+00:00,-3.87,0.08227357268333435,-3.6092091215788598,-1.751075029373169,-2.4807607935208087
2024-02-08 16:00:00+00:00,2.07,0.06626839190721512,1.4300704856243052,-1.638317584991455,1.0048501250550985
2024-02-08 17:00:00+00:00,-5.85,0.03649419918656349,-4.943245553529061,-1.5488868951797485,-1.4893345941848453
2024-02-08 18:00:00+00:00,-18.62,0.02643938735127449,-11.663002431281802,-1.4215087890625,0.3702734660282999
2024-02-09 10:00:00+00:00,9.19,-0.006138851400464773,8.356911270816752,-1.3269580602645874,0.6327529030866201
2024-02-09 11:00:00+00:00,7.27,-0.03477930650115013,5.849521154674338,-1.2099565267562866,-0.5803106697247793
2024-02-09 12:00:00+00:00,-2.32,-0.062143757939338684,-0.9549976738303585,-1.0606188774108887,2.2452374488652325
2024-02-09 13:00:00+00:00,1.78,-0.07852372527122498,1.5346530073943305,-0.9355020523071289,0.29504055475884017
2024-02-09 14:00:00+00:00,-3.87,-0.09079397469758987,-3.8707574823459874,-0.8179464936256409,-2.354348497122606
2024-02-09 15:00:00+00:00,-1.99,-0.10305973887443542,-1.6822759221623416,-0.7063956260681152,0.8483984227302044
2024-02-09 16:00:00+00:00,5.5,-0.11213041841983795,2.9701151889287645,-0.5882025957107544,-2.7756283370994197
2024-02-09 17:00:00+00:00,3.63,-0.1251315474510193,1.7553789797364958,-0.5303131341934204,3.3510434846318775
2024-02-09 18:00:00+00:00,-6.42,-0.11966370046138763,-4.35687088568452,-0.45835086703300476,-1.8248263208474722
2024-02-12 10:00:00+00:00,-1.24,-0.10023577511310577,-1.1695407322197386,-0.3524039089679718,-1.4523666907139297
2024-02-12 11:00:00+00:00,-0.61,-0.09750612080097198,-0.6127783619162432,-0.21138033270835876,1.6142136261293933
2024-02-12 12:00:00+00:00,2.47,-0.09385411441326141,2.1180546806582496,-0.06331181526184082,0.4064368197406028
2024-02-12 13:00:00+00:00,-7.86,-0.1052255779504776,-1.5250343677835576,0.10107794404029846,-0.46312065239608224
2024-02-12 14:00:00+00:00,6.37,-0.1292579472064972,4.560114805106279,0.24021217226982117,2.1537708715926147
2024-02-12 15:00:00+00:00,0.25,-0.16198739409446716,0.968512080033382,0.34553179144859314,0.9265373289031085
2024-02-12 16:00:00+00:00,6.84,-0.18938477337360382,4.635572817607786,0.4847617447376251,0.06394784743796994
2024-02-12 17:00:00+00:00,6.32,-0.2522294819355011,3.870102128786538,0.5408449172973633,2.066374451446089
2024-02-12 18:00:00+00:00,7.9,-0.28870609402656555,4.8739183042431,0.6010781526565552,-2.6085693471319704
2024-02-13 10:00:00+00:00,-4.37,-0.319245308637619,-2.744920286332743,0.6242791414260864,-1.130446045776515
2024-02-13 11:00:00+00:00,3.27,-0.3435797095298767,1.7769216877357201,0.7039140462875366,-0.0013249793079174177
2024-02-13 12:00:00+00:00,-0.47,-0.3399094045162201,-0.5759744780009622,0.7608687877655029,6.361079940776074
2024-02-13 13:00:00+00:00,-6.54,-0.3175733685493469,-1.6567695531896034,0.8297439217567444,-2.120766090691003
2024-02-13 15:00:00+00:00,2.23,-0.3032454252243042,1.5897667800327633,0.8319024443626404,2.7122290966197653
2024-02-13 16:00:00+00:00,1.02,-0.28794795274734497,0.9866999620231479,0.85174161195755,1.0508556505696793
2024-02-13 17:00:00+00:00,3.06,-0.26546841859817505,2.7434074945766804,0.9226505756378174,1.6296562713839073
2024-02-13 18:00:00+00:00,9.56,-0.23157961666584015,4.196287946840745,0.9146128296852112,0.4584098243068884
2024-02-14 10:00:00+00:00,0.66,-0.15966546535491943,0.6577742541142193,0.8894311785697937,-4.750304348113087
2024-02-14 11:00:00+00:00,-5.31,-0.08946308493614197,-3.6537008929140367,0.8737891316413879,0.4681360919856412
2024-02-14 12:00:00+00:00,0.12,-0.053457632660865784,0.06272038103789523,0.8621565103530884,0.17454434827905407
2024-02-14 13:00:00+00:00,-0.38,-0.024025725200772285,-0.5625525911523842,0.8978432416915894,-0.8710921558795172
2024-02-14 14:00:00+00:00,-5.09,0.014992309734225273,-2.663354866920472,0.915180504322052,-3.263752431138417
2024-02-14 15:00:00+00:00,4.22,0.04930143058300018,2.1031169425654417,0.8888756036758423,1.739897459164535
2024-02-14 16:00:00+00:00,-1.95,0.050016872584819794,-1.9321462880508888,0.8551124334335327,-3.153365521390965
2024-02-14 17:00:00+00:00,1.71,0.07431264221668243,-0.22554634450794253,0.8147698640823364,-0.12937782144294496
2024-02-14 18:00:00+00:00,-13.13,0.08594956248998642,-7.53489217126077,0.7584998607635498,-2.0286270060464835
2024-02-15 10:00:00+00:00,-0.93,0.10710307955741882,-0.8536918854770112,0.6669208407402039,-1.8194517865749376
2024-02-15 11:00:00+00:00,2.67,0.12125054746866226,2.6807771479965115,0.6090571880340576,2.690291205203838
2024-02-15 12:00:00+00:00,3.85,0.1270228624343872,3.845944758755564,0.6058356761932373,-1.6504067189135292
2024-02-15 13:00:00+00:00,9.85,0.1286899298429489,6.177553180058187,0.5102720856666565,2.175088942716741
2024-02-15 14:00:00+00:00,-0.96,0.12980373203754425,-0.2449698192613498,0.39271897077560425,-2.784606017958585
2024-02-15 15:00:00+00:00,2.58,0.1323232352733612,2.4576289875041217,0.3017628788948059,-2.0032340965948583
2024-02-15 16:00:00+00:00,1.28,0.12233752757310867,1.2814524519956307,0.2889517843723297,-1.2894441346352823
2024-02-15 17:00:00+00:00,2.28,0.12324890494346619,2.2815440153375355,0.22349369525909424,5.079235412788277
2024-02-15 18:00:00+00:00,7.42,0.11965320259332657,5.2900390686314,0.20466922223567963,6.120224766315185
2024-02-16 10:00:00+00:00,-4.21,0.12713606655597687,-3.7519528424505975,0.1783072054386139,2.522854950571281
2024-02-16 11:00:00+00:00,1.93,0.14556379616260529,0.8602016331845248,0.1761627048254013,1.1246451489404428
2024-02-16 12:00:00+00:00,-2.99,0.16489028930664062,-3.058140331014939,0.17926065623760223,2.018034368042688
2024-02-16 13:00:00+00:00,-16.21,0.18965516984462738,-13.017218879275399,0.18876506388187408,0.840994209463489
2024-02-16 14:00:00+00:00,-6.66,0.20484469830989838,-6.695355584723623,0.17931166291236877,-0.10455937193378784
2024-02-16 15:00:00+00:00,-1.22,0.21432188153266907,-1.286086976569962,0.16593371331691742,0.22505956275424754
2024-02-16 16:00:00+00:00,2.53,0.22116532921791077,2.269487041203476,0.1486510932445526,3.1081510595813446
2024-02-16 17:00:00+00:00,-3.74,0.23114676773548126,-3.2933357541434054,0.052530400454998016,-1.4355116241337524
2024-02-16 18:00:00+00:00,-0.78,0.22766833007335663,-0.8088622086404036,0.1334792524576187,2.0422997089874206
2024-02-19 10:00:00+00:00,-0.24,0.2570286989212036,-0.12918066993443056,0.10286888480186462,-4.182355461653875
2024-02-19 11:00:00+00:00,6.09,0.2698975205421448,4.748262030196218,0.10033679008483887,-0.20020029982042298
2024-02-19 12:00:00+00:00,-1.59,0.2914656400680542,-1.5786109007591818,0.06608640402555466,0.9643348971469987
2024-02-19 13:00:00+00:00,2.99,0.3109520971775055,2.9917078916593156,0.04740583896636963,-0.6103460099954036
2024-02-19 14:00:00+00:00,3.43,0.32263821363449097,1.180330696491576,0.06034467741847038,-0.7202447398817574
2024-02-19 15:00:00+00:00,-1.73,0.36127838492393494,1.1345090014171448,0.03996330872178078,0.7064312409423933
2024-02-19 16:00:00+00:00,-0.76,0.37114277482032776,0.5874244458562852,0.008658943697810173,3.9906758523293164
2024-02-19 17:00:00+00:00,-5.33,0.3870686888694763,1.556181856457422,0.012712677009403706,6.012615852696401
2024-02-19 18:00:00+00:00,-16.6,0.3670096695423126,0.7818216427137146,0.038176123052835464,3.622415529091723
2024-02-20 10:00:00+00:00,-11.73,0.3765659034252167,3.0174657413047083,0.038839634507894516,-0.39571998514429396
2024-02-20 11:00:00+00:00,0.56,0.3770366311073303,3.6445951706067183,0.06188064441084862,0.13520690271659208
2024-02-20 12:00:00+00:00,7.0,0.3748081922531128,1.613590211117807,0.07292620092630386,1.256920885579901
2024-02-20 13:00:00+00:00,-0.81,0.3701145052909851,0.18115639509611578,0.05061354115605354,2.83270281348736
2024-02-20 14:00:00+00:00,-0.81,0.3795740008354187,0.33919941561793077,0.09653417021036148,0.7327842543066498
2024-02-20 15:00:00+00:00,-0.38,0.38076668977737427,0.8507283674295015,0.05634165555238724,2.5892683235683416
2024-02-20 16:00:00+00:00,-3.44,0.3822191059589386,0.024686568896287203,0.09338581562042236,4.019060625916733
2024-02-20 17:00:00+00:00,-10.86,0.4019864499568939,0.7889381771493018,0.10227762907743454,3.685774438121358
2024-02-20 18:00:00+00:00,-27.7,0.41019922494888306,2.490701097293042,0.11657509207725525,4.442202747076057
2024-02-21 10:00:00+00:00,-13.5,0.4299708306789398,1.250606636249754,0.12700225412845612,4.635079125175692
2024-02-21 11:00:00+00:00,-7.6,0.43734171986579895,0.666066415561116,0.13635402917861938,10.05877928685872
2024-02-21 12:00:00+00:00,-6.85,0.4564988911151886,1.3901162818861494,0.16864243149757385,9.311898581429473
2024-02-21 13:00:00+00:00,-10.37,0.4495290219783783,0.3636855007490516,0.19461563229560852,14.022413427349248
2024-02-21 14:00:00+00:00,18.59,0.46084192395210266,1.571953449171434,0.25272315740585327,14.330485378307213
2024-02-21 15:00:00+00:00,8.74,0.47456297278404236,-0.778691566389885,0.24948517978191376,11.708188136314897
2024-02-21 16:00:00+00:00,-14.48,0.4878446161746979,0.10019985756568639,0.2665771245956421,13.989377048316554
2024-02-21 17:00:00+00:00,-14.82,0.5140541791915894,-0.45956102877767224,0.3034230172634125,16.353037111091208
2024-02-21 18:00:00+00:00,12.47,0.5429828763008118,2.2786063108945944,0.3229631185531616,14.409034836571992
2024-02-22 10:00:00+00:00,4.42,0.5745070576667786,0.6397158431500429,0.34293535351753235,9.166333487115335
2024-02-22 11:00:00+00:00,-1.7,0.60063636302948,-0.5588573920793573,0.43163251876831055,10.870417536584968
2024-02-22 12:00:00+00:00,6.69,0.6312743425369263,-0.7749570619173027,0.480105996131897,7.977876161891568
2024-02-22 13:00:00+00:00,1.77,0.6406806111335754,-0.28690384934974267,0.5167205929756165,0.13436843232248113
2024-02-22 14:00:00+00:00,-8.85,0.6468502879142761,-0.703622479253367,0.5698202252388,0.1022771378918704
2024-02-22 15:00:00+00:00,-8.0,0.6491268873214722,-0.2947753858245993,0.5934329032897949,3.50694101565874
2024-02-22 16:00:00+00:00,1.95,0.6512699723243713,-1.3904621505193373,0.6467368006706238,4.524678737603009
2024-02-22 17:00:00+00:00,-5.95,0.660666823387146,-2.008277250444295,0.655042827129364,1.3119905371072424
2024-02-22 18:00:00+00:00,55.64,0.6810116171836853,-3.366404701403626,0.747168242931366,-5.195387773930721
2024-02-26 10:00:00+00:00,3.62,0.6892044544219971,-5.27306821638035,0.8105654120445251,-7.066569861377121
2024-02-26 11:00:00+00:00,10.17,0.6930568814277649,-2.613704175609048,0.9055051803588867,-15.838363334220936
2024-02-26 12:00:00+00:00,-3.79,0.7272826433181763,-1.856400588278094,1.0039451122283936,-15.25578608227916
2024-02-26 13:00:00+00:00,-3.16,0.761082649230957,-1.4641577072174778,1.0764840841293335,-8.571032134856756
2024-02-26 14:00:00+00:00,1.91,0.7965958118438721,-1.8992546411712192,1.13898766040802,0.5856000150979555
2024-02-26 15:00:00+00:00,-5.37,0.8304526805877686,-2.4773439177438434,1.2100424766540527,-6.7239598755938035
2024-02-26 16:00:00+00:00,6.24,0.8602592349052429,-1.9251161135411223,1.2506113052368164,3.460963042570311
2024-02-26 17:00:00+00:00,5.61,0.8926898837089539,-0.7845606849042683,1.3099840879440308,-7.274777537853365
2024-02-26 18:00:00+00:00,10.22,0.9210608601570129,-2.0503235607022403,1.3660345077514648,-7.410380143109608
2024-02-27 10:00:00+00:00,-9.76,0.9397503733634949,-1.7300526106779994,1.3760970830917358,-2.909192086756588
2024-02-27 11:00:00+00:00,-3.88,0.9727050065994263,-1.2000264250469042,1.4152108430862427,-6.864468879351268
2024-02-27 12:00:00+00:00,2.13,0.9924018383026123,-5.260991694058233,1.40183424949646,3.6722008617480704
2024-02-27 13:00:00+00:00,-7.23,1.0073598623275757,-2.8682259462181867,1.3980940580368042,-3.3102835215880115
2024-02-27 14:00:00+00:00,6.35,1.0144726037979126,-2.1823751532679467,1.3865550756454468,5.614177874373056
2024-02-27 15:00:00+00:00,-1.85,1.012622594833374,-2.333670586406482,1.4176504611968994,0.4200126207507626
2024-02-27 16:00:00+00:00,-1.53,1.009753704071045,-1.343427096756035,1.4611773490905762,3.325902884384522
2024-02-27 17:00:00+00:00,1.37,1.0070767402648926,-1.1663922741682442,1.5293444395065308,-9.89608011787026
2024-02-27 18:00:00+00:00,23.23,0.9936802983283997,-1.395561757166058,1.5502257347106934,5.461719890300689
2024-02-28 10:00:00+00:00,3.92,0.9703537821769714,-3.2937836992045555,1.5762697458267212,4.068989659639591
2024-02-28 11:00:00+00:00,-5.0,0.9845311641693115,-3.194091151428704,1.5948748588562012,-3.168383899757303
2024-02-28 12:00:00+00:00,-6.41,1.0406551361083984,-2.7274483128076246,1.6263177394866943,0.0975185383490598
2024-02-28 13:00:00+00:00,1.03,1.0960679054260254,-2.1382859523484337,1.670617699623108,-2.036238266467859
2024-02-28 14:00:00+00:00,4.27,1.1418696641921997,-0.9460025663527729,1.7148691415786743,1.367511711938556
2024-02-28 15:00:00+00:00,-4.07,1.1791925430297852,-0.09236949769918801,1.7276244163513184,3.765340194435513
2024-02-28 16:00:00+00:00,-1.54,1.209160327911377,-1.1442501082940886,1.6849443912506104,-4.468677204423805
2024-02-28 17:00:00+00:00,2.63,1.2552075386047363,-0.9774083684123642,1.6224291324615479,-7.052095080180739
2024-02-28 18:00:00+00:00,-2.32,1.2703734636306763,-0.7046523811285881,1.6070270538330078,8.684808892282012
2024-02-29 10:00:00+00:00,5.86,1.300040602684021,-0.8022781295964052,1.5831674337387085,1.0226959107870381
2024-02-29 11:00:00+00:00,3.55,1.3026694059371948,-2.2950218665598565,1.4912497997283936,-2.5767705660975198
2024-02-29 12:00:00+00:00,10.48,1.2937288284301758,-2.482999082647582,1.413404941558838,3.525939167353359
2024-02-29 13:00:00+00:00,-3.82,1.2987873554229736,0.153660357038159,1.3791369199752808,1.511605750960956
2024-02-29 14:00:00+00:00,0.14,1.3043874502182007,0.12654938692419945,1.3831571340560913,-0.5588993640153493
2024-02-29 15:00:00+00:00,0.78,1.3004823923110962,-2.1082285858868293,1.4039757251739502,2.951619875463012
2024-02-29 16:00:00+00:00,5.43,1.2802399396896362,-2.584487467438064,1.3686130046844482,-4.126633040914239
2024-02-29 17:00:00+00:00,9.65,1.253740668296814,-1.475852437992463,1.3385998010635376,3.1218483208675387
2024-02-29 18:00:00+00:00,0.68,1.2286239862442017,-0.5107707424736619,1.2910236120224,3.606481507299923
2024-03-01 10:00:00+00:00,-1.8,1.2196096181869507,-0.08241108227678223,1.2699506282806396,-7.847340319264163
2024-03-01 11:00:00+00:00,-0.45,1.151230812072754,-0.042099030805233306,1.252448558807373,-0.22876865785538336
2024-03-01 12:00:00+00:00,0.84,1.075191855430603,-0.5959268853981212,1.196897029876709,-4.211828526930999
2024-03-01 13:00:00+00:00,1.63,1.010470986366272,0.4139405382263228,1.1359498500823975,0.9703581328431524
2024-03-01 14:00:00+00:00,4.02,0.9366792440414429,-0.7523170043018272,1.0975712537765503,0.4538689854952809
2024-03-01 15:00:00+00:00,4.83,0.865397572517395,-0.8259764330846364,1.0249087810516357,5.191634555566182
2024-03-01 16:00:00+00:00,0.23,0.8167824745178223,-1.8683885634727475,0.9008832573890686,-4.2427765465395995
2024-03-01 17:00:00+00:00,-0.12,0.8288909196853638,-2.1951710182169206,0.8152903318405151,-0.41327877336385876
2024-03-01 18:00:00+00:00,14.24,0.8125619888305664,-2.444202040262561,0.7794806361198425,-3.080954134579436
2024-03-04 10:00:00+00:00,7.5,0.7941442131996155,-2.6177980979085147,0.6952189803123474,-3.1029153789103994
2024-03-04 11:00:00+00:00,3.61,0.7451317310333252,-2.3641592211591043,0.5807488560676575,-1.3165535738697602
2024-03-04 12:00:00+00:00,1.1,0.7534060478210449,-2.7439622022664287,0.4739426076412201,-2.828483405738444
2024-03-04 13:00:00+00:00,2.13,0.7757483720779419,-3.4145345809473264,0.33942705392837524,-1.383776140977949
2024-03-04 14:00:00+00:00,1.0,0.7736691236495972,-2.7429177029013454,0.2193187177181244,-4.325869871910533
2024-03-04 15:00:00+00:00,-0.46,0.770084023475647,-2.3925247455785463,0.12439943104982376,-6.443946552188443
2024-03-04 16:00:00+00:00,0.59,0.764994204044342,-2.0510643715567682,0.005431931931525469,-7.417560965838352
2024-03-04 17:00:00+00:00,0.38,0.794409453868866,-1.7991892308522628,-0.12815497815608978,-4.102587385974399
2024-03-04 18:00:00+00:00,-9.69,0.7814916372299194,-2.356949397299614,-0.2623937427997589,-3.2135414867547505
2024-03-05 10:00:00+00:00,10.73,0.7558984160423279,-1.665522083256493,-0.41613417863845825,3.322231488507674
2024-03-05 11:00:00+00:00,3.16,0.7297160625457764,-3.098701961152471,-0.6381255388259888,-1.1185472909271237
2024-03-05 12:00:00+00:00,3.91,0.7106497287750244,-2.8617089211985696,-0.8032488226890564,-1.266726877388417
2024-03-05 13:00:00+00:00,-4.95,0.7310736179351807,-2.1692275596798267,-0.9471092820167542,-4.709301587081945
2024-03-05 14:00:00+00:00,3.52,0.7269197702407837,-1.144375526697834,-1.0910799503326416,-3.2576017890509466
2024-03-05 15:00:00+00:00,4.38,0.7182306051254272,-2.0503902383762553,-1.2600115537643433,-8.034646182492056
2024-03-05 16:00:00+00:00,-2.58,0.6820642948150635,-2.8431056560849304,-1.4982999563217163,-5.5177953784864515
2024-03-05 17:00:00+00:00,-4.34,0.6921520233154297,-3.028799662899254,-1.8308755159378052,0.22095046966635812
2024-03-05 18:00:00+00:00,-3.27,0.646788477897644,-2.2761827577018994,-2.17253041267395,-8.558414676215044
2024-03-06 10:00:00+00:00,1.01,0.5690699219703674,-2.086864807716027,-2.4806370735168457,-7.128290747381086
2024-03-06 11:00:00+00:00,3.21,0.49917277693748474,-1.2535440321873192,-2.729321241378784,-6.390442528670323
2024-03-06 12:00:00+00:00,8.24,0.4200810492038727,-3.451048972650721,-2.883382797241211,-2.78476243614532
2024-03-06 13:00:00+00:00,3.46,0.3827221691608429,-2.873563225214058,-3.115182876586914,-6.793509526308863
2024-03-06 14:00:00+00:00,-0.68,0.3506695330142975,-1.2723092316237117,-3.25368332862854,-4.587151884804928
2024-03-06 15:00:00+00:00,-1.94,0.33982062339782715,-3.491222022993391,-3.4190332889556885,-1.1205029666731798
2024-03-06 16:00:00+00:00,0.63,0.31459760665893555,-3.105029280766668,-3.5996246337890625,-6.517293269261865
2024-03-06 17:00:00+00:00,-0.97,0.3268131911754608,-3.997194687825986,-3.743084669113159,-4.905879883715058
2024-03-06 18:00:00+00:00,3.87,0.3121415376663208,-3.695446210132368,-3.8666012287139893,-5.8837870971839035
2024-03-07 10:00:00+00:00,-8.25,0.2848474085330963,-3.958631077291746,-3.9342119693756104,2.224376110678271
2024-03-07 11:00:00+00:00,-0.3,0.23711258172988892,-1.492400562408325,-4.0276384353637695,-6.09584965065682
2024-03-07 12:00:00+00:00,2.38,0.22070232033729553,-2.5828325603726916,-4.083722114562988,-6.593526101074889
2024-03-07 13:00:00+00:00,3.12,0.19329233467578888,-3.726797698053043,-4.1770195960998535,-5.572803894468228
2024-03-07 14:00:00+00:00,1.86,0.15887081623077393,-1.7817231149220358,-4.203184604644775,-3.4664557566686303
2024-03-07 15:00:00+00:00,2.68,0.13139133155345917,-2.7475851776598006,-4.292383193969727,-4.708201664526056
2024-03-07 16:00:00+00:00,-2.2,0.09103713184595108,-2.2774498728737305,-4.3283209800720215,-10.751223830519427
2024-03-07 17:00:00+00:00,1.94,0.047514043748378754,-1.8258913885755699,-4.321500301361084,-2.9496811262260088
2024-03-07 18:00:00+00:00,18.88,-0.006900634150952101,-1.4099944795424137,-4.366687297821045,-4.966739989865547
2024-03-11 10:00:00+00:00,-7.26,-0.03109315223991871,-1.606131145585056,-4.416133880615234,-2.559840023960437
2024-03-11 11:00:00+00:00,2.16,-0.060225680470466614,-0.8886525749650793,-4.458864212036133,-8.162200933893871
2024-03-11 12:00:00+00:00,0.14,-0.08387003093957901,-0.46827379365759136,-4.486515522003174,-5.656494670417743
2024-03-11 13:00:00+00:00,2.4,-0.10304877161979675,-0.7672827766748612,-4.508745193481445,-8.126936001832897
2024-03-11 14:00:00+00:00,-3.14,-0.11882549524307251,-0.6319289284734877,-4.550649642944336,-5.543358199552337
2024-03-11 15:00:00+00:00,-2.96,-0.09584475308656693,-0.8639156042415359,-4.635545253753662,-6.112506009241219
2024-03-11 16:00:00+00:00,-2.79,-0.0745924562215805,-1.3205021053419943,-4.688762187957764,0.4324271849575792
2024-03-11 17:00:00+00:00,-2.8,-0.053454384207725525,-0.8584496801045545,-4.753360748291016,-6.870227565392258
2024-03-11 18:00:00+00:00,-7.84,-0.06623681634664536,-1.593636746664242,-4.817018985748291,-7.825505360717647
2024-03-12 10:00:00+00:00,6.13,-0.058830976486206055,-0.8003167458365104,-4.864063739776611,-2.9332785766571345
2024-03-12 11:00:00+00:00,-3.1,-0.03984349966049194,-1.277722998718053,-4.922792434692383,-8.607231791468346
2024-03-12 12:00:00+00:00,3.86,-0.020019246265292168,-1.1237643824101358,-4.985218048095703,-2.1249733386823495
2024-03-12 13:00:00+00:00,3.79,-0.025056002661585808,-1.2320252268973546,-5.064220428466797,-7.147126515665964
2024-03-12 14:00:00+00:00,2.43,-0.02223874442279339,-1.3276621254258498,-5.157983779907227,-3.09419095205297
2024-03-12 15:00:00+00:00,0.35,-0.006012022029608488,0.16172498780692715,-5.251493453979492,-2.3773174788269724
2024-03-12 16:00:00+00:00,3.72,0.02893124148249626,0.7493067062836302,-5.31691312789917,-1.0351546366167756
2024-03-12 17:00:00+00:00,2.95,0.0725138783454895,-0.7349369611955461,-5.369574069976807,-5.460894721436986
2024-03-12 18:00:00+00:00,3.23,0.09295886754989624,0.9916135664335735,-5.42133092880249,2.976668695475422
2024-03-13 10:00:00+00:00,-1.41,0.10563235729932785,-0.27695098723926925,-5.473006725311279,-0.7214436019522061
2024-03-13 11:00:00+00:00,-5.22,0.0980401337146759,0.142447550498225,-5.510210037231445,-4.508894136268167
2024-03-13 12:00:00+00:00,0.03,0.09597307443618774,0.8418197704954962,-5.530494689941406,-1.52459195705115
2024-03-13 13:00:00+00:00,0.46,0.09467551857233047,-0.42008081435220146,-5.546872615814209,-2.3694941171792085
2024-03-13 14:00:00+00:00,-0.67,0.08588086068630219,0.21205027851117703,-5.573906898498535,-3.671720746943031
2024-03-13 15:00:00+00:00,-2.25,0.0662643238902092,0.7277150822888689,-5.597148418426514,-4.541685889241899
2024-03-13 16:00:00+00:00,-0.8,0.031785693019628525,0.07757212905570512,-5.632936000823975,-6.186676331530343
2024-03-13 17:00:00+00:00,-5.29,0.005525095853954554,-1.0199558987410107,-5.619566440582275,-3.171141452530057
2024-03-13 18:00:00+00:00,-21.97,-0.008964848704636097,0.1448730929871973,-5.598781585693359,-1.2368993417021468
2024-03-14 10:00:00+00:00,2.25,-0.01284083817154169,2.266087382207542,-5.573709964752197,-2.71906174476645
2024-03-14 11:00:00+00:00,5.68,-0.019495876505970955,2.2854414401666574,-5.558121681213379,2.119658302033283
2024-03-14 12:00:00+00:00,-5.73,-0.029819177463650703,-0.11959747751274202,-5.5306172370910645,-3.1857552520667576
2024-03-14 13:00:00+00:00,2.25,-0.03042892925441265,0.7948860750139919,-5.488456726074219,1.4670491748611387
2024-03-14 14:00:00+00:00,-13.62,-0.04426257312297821,0.372217300682408,-5.434747219085693,0.044447736996407125
2024-03-14 15:00:00+00:00,5.42,-0.05878930538892746,2.370139953262033,-5.284155368804932,3.929762090696732
2024-03-14 16:00:00+00:00,2.38,-0.046788573265075684,1.7672691954200068,-5.14588737487793,-1.9568053674573873
2024-03-14 17:00:00+00:00,-0.34,-0.05188792943954468,1.9559504042516305,-4.8960161209106445,4.279165105676381
2024-03-14 18:00:00+00:00,-0.7,-0.030302101746201515,1.941605878885244,-4.688455581665039,2.7170836427509184
2024-03-15 10:00:00+00:00,2.42,5.277490708976984e-05,2.586754830477992,-4.5038886070251465,1.801626051335919
2024-03-15 11:00:00+00:00,1.61,0.03905108943581581,0.9758859235449663,-4.325610160827637,5.791246302615321
2024-03-15 12:00:00+00:00,4.63,0.06940048187971115,1.2044410528808467,-4.151500225067139,0.4305179933136211
2024-03-15 13:00:00+00:00,7.35,0.07633742690086365,1.2619081834162411,-3.9757416248321533,1.4809992518954573
2024-03-15 14:00:00+00:00,-2.5,0.10539495944976807,0.15182670202509613,-3.760434150695801,0.29426085055232987
2024-03-15 15:00:00+00:00,-7.75,0.13066287338733673,-1.8643365939698406,-3.53503680229187,-1.0019583866622892
2024-03-15 16:00:00+00:00,6.72,0.1403534710407257,0.8478770874800509,-3.4129340648651123,5.284869499590891
2024-03-15 17:00:00+00:00,-8.71,0.12060847878456116,-1.255945713788122,-3.2288691997528076,0.6250824028154048
2024-03-15 18:00:00+00:00,-2.28,0.11056281626224518,0.1594416375933978,-3.084937334060669,-5.1033725771480025
2024-03-18 10:00:00+00:00,-3.41,0.1006082072854042,-0.34871420011748955,-2.9437901973724365,-4.350839477672031
2024-03-18 11:00:00+00:00,3.67,0.10286509990692139,-0.8188967439276054,-2.81681489944458,-2.8704968494719925
2024-03-18 12:00:00+00:00,2.6,0.11343210190534592,1.4890198013236342,-2.6877975463867188,-5.081335416922658
2024-03-18 13:00:00+00:00,2.87,0.12182412296533585,1.6652918059175907,-2.5770297050476074,-2.1369914144917628
2024-03-18 14:00:00+00:00,-1.91,0.126112699508667,0.09536358058611122,-2.477783441543579,-0.6212794812752768
2024-03-18 15:00:00+00:00,-2.0,0.12174322456121445,-0.17333141062983104,-2.3188042640686035,-5.4832313976256355
2024-03-18 16:00:00+00:00,1.54,0.12604685127735138,1.1361543346599314,-2.2027740478515625,0.8972684367207043
2024-03-18 17:00:00+00:00,-4.85,0.12247756868600845,-0.6607018014434666,-2.003270149230957,-3.5128266781978805
2024-03-18 18:00:00+00:00,1.59,0.11556928604841232,0.276759323609186,-1.938547134399414,-1.0817378597009077
2024-03-19 10:00:00+00:00,4.31,0.0883973091840744,-0.6501898933150775,-1.8316720724105835,-2.0605199834449075
2024-03-19 11:00:00+00:00,-3.55,0.08001139014959335,-1.7486419838588096,-1.6983144283294678,-2.3435801445294224
2024-03-19 12:00:00+00:00,3.69,0.08222966641187668,-0.9112443987612389,-1.5957698822021484,0.3909147647077263
2024-03-19 13:00:00+00:00,-10.55,0.08872678130865097,-1.2202220691641024,-1.5646722316741943,1.355283380501158
2024-03-19 14:00:00+00:00,0.32,0.11600322276353836,0.512412413176809,-1.5741920471191406,-3.7108000171452638
2024-03-19 15:00:00+00:00,-4.39,0.11160874366760254,0.20349695824278624,-1.4996287822723389,-0.4690555321150855
2024-03-19 16:00:00+00:00,-23.54,0.09648119658231735,0.48160782901973975,-1.4239587783813477,1.271763375501373
2024-03-19 17:00:00+00:00,0.79,0.11585993319749832,1.8038188195691531,-1.3033610582351685,0.36167513097014803
2024-03-19 18:00:00+00:00,10.72,0.15043672919273376,1.0891629571143695,-1.2628204822540283,-0.4886866836165384
2024-03-20 10:00:00+00:00,-1.17,0.1866360902786255,-0.10592846155812874,-1.2140291929244995,4.440424834259004
2024-03-20 11:00:00+00:00,6.31,0.2288333624601364,-0.0463130957079988,-1.1624292135238647,-0.014468455164780347
2024-03-20 12:00:00+00:00,1.98,0.26339083909988403,-0.6875189082212847,-1.0796290636062622,1.6984373686587106
2024-03-20 13:00:00+00:00,-12.71,0.3107565939426422,-0.7931670946601146,-1.0007683038711548,1.6520136151413531
2024-03-20 14:00:00+00:00,-3.82,0.35761725902557373,0.16709913609747565,-0.8846737146377563,0.504129677278022
2024-03-20 15:00:00+00:00,5.91,0.379783570766449,-0.2644787354639203,-0.8131455183029175,8.124350738819238
2024-03-20 16:00:00+00:00,1.22,0.40865978598594666,-0.8480463739887407,-0.7695549726486206,3.816170523836592
2024-03-20 17:00:00+00:00,-6.31,0.3871507942676544,0.07968101416517143,-0.6661575436592102,-1.2486371883069542
2024-03-20 18:00:00+00:00,24.09,0.3780622184276581,0.6675282226523255,-0.6106094121932983,2.0476974909603194
2024-03-21 10:00:00+00:00,-7.08,0.3803693354129791,-2.1925863167973487,-0.5440337657928467,0.8879212177735404
2024-03-21 11:00:00+00:00,-0.69,0.3813180923461914,-0.9664508386582704,-0.5025936961174011,-3.09259536596043
2024-03-21 12:00:00+00:00,-3.48,0.3942139446735382,-0.13722806621721972,-0.4587855041027069,1.1011648608216336
2024-03-21 13:00:00+00:00,-0.25,0.4111626148223877,0.16764072208454484,-0.4421430230140686,1.6202425347488218
2024-03-21 14:00:00+00:00,-12.88,0.42454424500465393,-0.84339617344968,-0.4082988500595093,-0.09168607653270802
2024-03-21 15:00:00+00:00,5.46,0.44864386320114136,0.3038303183675928,-0.4064401388168335,0.1058258612517251
2024-03-21 16:00:00+00:00,7.75,0.4599578082561493,-0.045219773663470075,-0.3582594394683838,-1.0067212900900981
2024-03-21 17:00:00+00:00,6.67,0.4669719636440277,-1.4655005572457083,-0.28676024079322815,-8.931791795212884
2024-03-21 18:00:00+00:00,3.49,0.484450101852417,-2.8389081377166554,-0.22206969559192657,-2.5248178103002012
2024-03-22 10:00:00+00:00,6.24,0.4954034984111786,-2.416771596978548,-0.1687358021736145,-2.385451970056378
2024-03-22 11:00:00+00:00,-11.76,0.5078174471855164,-5.68125286965837,-0.09610559791326523,-1.9743106181699799
2024-03-22 12:00:00+00:00,4.14,0.5183033347129822,-1.8101557309305414,-0.06125562638044357,1.483272215614639
2024-03-22 13:00:00+00:00,-9.66,0.5221959948539734,-2.102042066777504,-0.0747041180729866,-6.410686820484192
2024-03-22 14:00:00+00:00,-4.44,0.5156984925270081,-2.776611675830199,-0.12315216660499573,-1.8957255973007985
2024-03-22 15:00:00+00:00,-4.83,0.5099688768386841,-2.395697243614455,-0.14533454179763794,-0.10668908287174211
2024-03-22 16:00:00+00:00,-4.14,0.5108225345611572,0.8046837097680365,-0.18481029570102692,0.02054198230169317
2024-03-22 17:00:00+00:00,7.76,0.5132080912590027,1.195558076398192,-0.18204770982265472,-1.319172426095744
2024-03-22 18:00:00+00:00,-20.67,0.4985128343105316,0.3103206328555097,-0.19187040627002716,6.36029709499132
2024-03-25 10:00:00+00:00,-0.96,0.4855789542198181,0.8064822852214109,-0.2674807012081146,-2.6359848494298905
2024-03-25 11:00:00+00:00,-12.24,0.45996835827827454,1.896297000549226,-0.33337923884391785,3.9639228169457024
2024-03-25 12:00:00+00:00,6.12,0.4363744556903839,2.0510533253932897,-0.4118216037750244,4.247643174569512
2024-03-25 13:00:00+00:00,3.42,0.4150365889072418,3.1563908247768278,-0.43826085329055786,-0.49241525772632416
2024-03-25 14:00:00+00:00,5.16,0.3850703239440918,1.2153295484843558,-0.5078867673873901,1.7226985299372668
2024-03-25 15:00:00+00:00,15.19,0.36553874611854553,1.2589876540201648,-0.5249500870704651,3.7964245665949075
2024-03-25 16:00:00+00:00,5.3,0.3496396541595459,-0.8770359424707399,-0.5396136045455933,2.210417421478761
2024-03-25 17:00:00+00:00,6.82,0.3428364396095276,-1.3382496594362114,-0.5593159198760986,4.279713429233421
2024-03-25 18:00:00+00:00,0.29,0.34586265683174133,-3.0784701143300106,-0.5393668413162231,7.6565849482205675
2024-03-26 10:00:00+00:00,2.72,0.35384735465049744,-6.748924675399287,-0.5262702107429504,-1.4971714200346573
2024-03-26 11:00:00+00:00,1.48,0.3683919608592987,-1.4788718884022645,-0.5386573076248169,3.4453903358197837
2024-03-26 12:00:00+00:00,-7.17,0.3919617235660553,-1.3409162346116097,-0.510430634021759,-5.046321787780283
2024-03-26 13:00:00+00:00,1.12,0.42154160141944885,-2.190687562229622,-0.4789983928203583,2.847573409944753
2024-03-26 14:00:00+00:00,3.97,0.4377593994140625,-1.7516440987936608,-0.4108230173587799,-2.6747461039654348
2024-03-26 15:00:00+00:00,-2.33,0.4595519006252289,-2.493189490542063,-0.40122655034065247,-0.8936972326829384
2024-03-26 16:00:00+00:00,4.79,0.4647138714790344,-3.917640461580344,-0.4289572536945343,-1.1918156354177276
2024-03-26 17:00:00+00:00,-0.96,0.49488115310668945,-4.692587305947791,-0.41003522276878357,2.4174180664889096
2024-03-26 18:00:00+00:00,5.64,0.505865216255188,-3.0984217095174635,-0.3850197494029999,-0.7572007113146115
2024-03-27 10:00:00+00:00,-3.49,0.5197744965553284,-2.572991072288449,-0.3769610524177551,-1.6703934806112777
2024-03-27 11:00:00+00:00,-2.24,0.5326120257377625,-0.34402772120961655,-0.3645334839820862,-1.0236468109075056
2024-03-27 12:00:00+00:00,-1.53,0.540119469165802,-0.4190231471584227,-0.3837331533432007,-1.858031511182412
2024-03-27 13:00:00+00:00,-1.62,0.5461631417274475,0.35174316303260306,-0.39206257462501526,1.1150602838720218
2024-03-27 14:00:00+00:00,0.42,0.5510147213935852,0.90219571408713,-0.3881898522377014,-4.754507089932408
2024-03-27 15:00:00+00:00,8.11,0.5545756816864014,0.5185123530600346,-0.3872634172439575,-0.29769548360926756
2024-03-27 16:00:00+00:00,4.67,0.5362129807472229,1.235116286494886,-0.4323456287384033,-4.408063466455611
2024-03-27 17:00:00+00:00,8.59,0.535974383354187,-1.1045726406475502,-0.4357059895992279,-3.0964574413231323
2024-03-27 18:00:00+00:00,1.28,0.5442255735397339,-1.8096671882117255,-0.4857220947742462,-2.219004486555926
2024-03-28 10:00:00+00:00,3.37,0.5442535877227783,-3.0529371143308013,-0.5059943199157715,0.20678345398396414
2024-03-28 11:00:00+00:00,-1.78,0.5487800240516663,-3.518167785019945,-0.5883980393409729,1.7431097725933717
2024-03-28 12:00:00+00:00,-1.88,0.5527724623680115,-3.7403776105328235,-0.7065824270248413,3.1176915524686284
2024-03-28 13:00:00+00:00,2.21,0.5549118518829346,-1.6710835482315243,-0.789850115776062,-1.0457291373459117
2024-03-28 14:00:00+00:00,-1.7,0.5461747050285339,-2.9429355664962356,-0.8109798431396484,1.3393917911317375
2024-03-28 15:00:00+00:00,0.42,0.5554927587509155,-1.4624245115751067,-0.6796398758888245,-2.408451655443543
2024-03-28 16:00:00+00:00,1.3,0.5286821722984314,-1.3762902834385786,-0.6004115343093872,0.8409007374687512
2024-03-28 17:00:00+00:00,5.46,0.5410571098327637,-3.8567450171849567,-0.48063597083091736,-1.2046847774245621
2024-03-28 18:00:00+00:00,-4.51,0.5343105792999268,-1.2098545642163676,-0.4487455189228058,-0.21226980689861225
2024-03-29 10:00:00+00:00,0.91,0.5255781412124634,-2.2849386621600734,-0.4394529163837433,2.1748372021626636
2024-03-29 11:00:00+00:00,3.87,0.5183019042015076,-1.6320622754843626,-0.44282931089401245,-1.5069223510575933
2024-03-29 12:00:00+00:00,2.73,0.522695779800415,-3.3842858262087634,-0.3545551002025604,-2.1388875952215947
2024-03-29 13:00:00+00:00,1.52,0.5291364192962646,-2.9257271222284684,-0.2814832329750061,-3.388983154694351
2024-03-29 14:00:00+00:00,5.0,0.5303356051445007,-3.066172191133654,-0.2681276202201843,-0.25758788094602314
2024-03-29 15:00:00+00:00,0.19,0.5264748334884644,-2.4677720865368244,-0.3053196668624878,-3.025812753125094
2024-03-29 16:00:00+00:00,1.62,0.5177899599075317,-2.5630948313690602,-0.38664838671684265,1.6033582609295858
2024-03-29 17:00:00+00:00,8.43,0.5457505583763123,-3.008808838030953,-0.365687757730484,-0.17291839237650752
2024-03-29 18:00:00+00:00,27.13,0.5553484559059143,-3.1789054219249837,-0.3643432557582855,0.7229509437057233
2024-04-01 10:00:00+00:00,-1.67,0.5725111365318298,-4.128919300532028,-0.37820371985435486,1.2638002291782957
2024-04-01 11:00:00+00:00,0.62,0.5794104933738708,-3.6659070326889602,-0.3998239040374756,-2.3522874627959376
2024-04-01 12:00:00+00:00,-2.78,0.577790379524231,-3.5486966299996747,-0.41605570912361145,-8.811995137124116
2024-04-01 13:00:00+00:00,-2.35,0.5887596011161804,-3.3588645671319126,-0.42734789848327637,-7.36860464551348
2024-04-01 14:00:00+00:00,7.0,0.5888240337371826,-3.938479427485751,-0.4790642559528351,-7.050274352381054
2024-04-01 15:00:00+00:00,2.8,0.5841608643531799,-3.580649541902008,-0.5390308499336243,-5.130572749920101
2024-04-01 16:00:00+00:00,2.69,0.5687174797058105,-3.657808017324922,-0.6033838987350464,-5.1350438505875395
2024-04-01 17:00:00+00:00,-2.68,0.5775145888328552,-3.427220075702533,-0.5909240245819092,-2.493380458209709
2024-04-01 18:00:00+00:00,2.87,0.5953063368797302,-3.363300231622102,-0.6394832730293274,-4.143658910946846
2024-04-02 10:00:00+00:00,-1.39,0.5907922983169556,-4.1232304044636345,-0.7263950705528259,-1.8513042632202248
2024-04-02 11:00:00+00:00,-2.19,0.6073172092437744,-3.454329800311136,-0.970261812210083,-0.713115889372843
2024-04-02 12:00:00+00:00,0.68,0.6265797019004822,-3.3820537317521207,-1.035403847694397,2.1189885091730747
2024-04-02 13:00:00+00:00,2.7,0.6417037844657898,-4.227038052067009,-1.1259920597076416,-1.3131744995223154
2024-04-02 14:00:00+00:00,-0.52,0.6485542058944702,-2.0048385071797186,-1.1732051372528076,-2.6064019089511854
2024-04-02 15:00:00+00:00,-2.55,0.6613305807113647,-1.7096298722096253,-1.3253895044326782,1.8985467654330261
2024-04-02 16:00:00+00:00,5.62,0.6557817459106445,-1.455345020671555,-1.3512303829193115,-0.21645292047981513
2024-04-02 17:00:00+00:00,2.78,0.647996723651886,-3.393160428770575,-1.3462939262390137,0.3626481988699115
2024-04-02 18:00:00+00:00,18.91,0.6180105209350586,-1.8481501727659606,-1.3383702039718628,-0.02140477775563017
2024-04-03 10:00:00+00:00,-4.22,0.5506764054298401,-3.96104248457452,-1.4674100875854492,4.263546512500417
2024-04-03 11:00:00+00:00,0.76,0.4634704887866974,-3.231665929542868,-1.665819764137268,-2.669244760608061
2024-04-03 12:00:00+00:00,-3.66,0.38906338810920715,-2.442894105819032,-1.8252527713775635,-2.8536144186062375
2024-04-03 13:00:00+00:00,-1.69,0.3276585042476654,-1.1153799692746271,-2.0140538215637207,-4.0770698821209255
2024-04-03 14:00:00+00:00,-0.12,0.27598699927330017,-1.785692692157585,-2.3223400115966797,-1.1125655332662832
2024-04-03 15:00:00+00:00,8.05,0.2913517355918884,-1.0805235255840684,-2.617523193359375,-3.5239285710913073
2024-04-03 16:00:00+00:00,5.76,0.31042274832725525,-3.6036004442198584,-2.949509382247925,-5.000642291567943
2024-04-03 17:00:00+00:00,0.51,0.28995296359062195,-4.183468385389867,-3.0400240421295166,-3.500940262571077
2024-04-03 18:00:00+00:00,4.12,0.27432289719581604,-3.2676451914185263,-3.0790843963623047,-1.6072867306543512
2024-04-04 10:00:00+00:00,1.29,0.28757402300834656,-3.3792015617629123,-3.0951993465423584,0.3727516405558382
2024-04-04 11:00:00+00:00,3.1,0.2893032729625702,-3.4075556438831835,-3.104285717010498,-5.398646344706482
2024-04-04 12:00:00+00:00,-2.19,0.28931963443756104,-2.889744316728569,-3.1179168224334717,-2.286583815139284
2024-04-04 13:00:00+00:00,-1.14,0.3241712152957916,-3.8187114042183286,-3.199781656265259,-4.276711280352722
2024-04-04 14:00:00+00:00,0.77,0.331920862197876,-1.3739925959334867,-3.2930729389190674,-3.315981318936965
2024-04-04 15:00:00+00:00,-0.37,0.3532927930355072,-3.6085477465032,-3.3827717304229736,-1.9976134440819062
2024-04-04 16:00:00+00:00,4.6,0.35833898186683655,-1.7160042544274967,-3.5064504146575928,-7.862320661613921
2024-04-04 17:00:00+00:00,1.8,0.37083280086517334,-3.4223468423064647,-3.5443198680877686,-2.3602991924578514
2024-04-04 18:00:00+00:00,-9.97,0.34842899441719055,-2.7241757537918603,-3.584296226501465,1.096258252701466
2024-04-05 10:00:00+00:00,-0.25,0.3459142744541168,-2.6442933671827675,-3.6072165966033936,2.087563983686778
2024-04-05 11:00:00+00:00,-7.29,0.32496389746665955,-1.1791219700613862,-3.666198968887329,1.5077548091133195
2024-04-05 12:00:00+00:00,-2.46,0.30710873007774353,-0.6291188868561114,-3.7803266048431396,0.0720969555810989
2024-04-05 13:00:00+00:00,5.02,0.2738778591156006,-0.9069338523007069,-3.8819031715393066,-3.873031741283238
2024-04-05 14:00:00+00:00,0.57,0.21327614784240723,-0.5413966856367063,-3.968353033065796,-4.653867678135488
2024-04-05 15:00:00+00:00,-2.52,0.16091440618038177,-2.0879789533917124,-4.012842655181885,-2.588871717101999
2024-04-05 16:00:00+00:00,5.89,0.1189863309264183,-1.0917088965285653,-4.044461727142334,-1.1867398356265122
2024-04-05 17:00:00+00:00,-1.19,0.09420865029096603,-3.211218755428229,-4.029382228851318,-1.9121913691060974
2024-04-05 18:00:00+00:00,20.62,0.07431874424219131,-1.5857567700933437,-4.023229122161865,0.613257489760677
2024-04-08 10:00:00+00:00,3.47,0.06262552738189697,-4.074999964925792,-4.00477933883667,-3.4471374437407363
2024-04-08 11:00:00+00:00,2.28,0.01975223794579506,-3.3627565674422897,-4.001251220703125,-3.9429801633571278
2024-04-08 12:00:00+00:00,-2.99,-0.01791783608496189,-4.422720257949318,-3.976456880569458,-4.379895609388107
2024-04-08 13:00:00+00:00,-4.34,-0.06579738855361938,-2.1011192504471565,-3.967123031616211,-4.920540869566332
2024-04-08 14:00:00+00:00,3.61,-0.11495286226272583,-1.4874515237718788,-3.9577035903930664,-2.6295153781281897
2024-04-08 15:00:00+00:00,-0.83,-0.17551851272583008,-2.991411353982754,-3.96218204498291,-4.251662332953317
2024-04-08 16:00:00+00:00,4.7,-0.20579136908054352,-4.366877206733638,-3.9667584896087646,-3.930739508130215
2024-04-08 17:00:00+00:00,-4.51,-0.25770434737205505,-1.698770479512459,-3.9557857513427734,0.021297663742094464
2024-04-08 18:00:00+00:00,14.38,-0.3073353171348572,-3.0235424014496153,-3.96976900100708,1.0663316654310167
2024-04-09 10:00:00+00:00,6.54,-0.3529311716556549,-4.082145481839482,-3.9889605045318604,-1.9156042724534386
2024-04-09 11:00:00+00:00,-3.38,-0.3899136483669281,-4.42672510369863,-4.006830215454102,-3.4284286186697046
2024-04-09 12:00:00+00:00,1.38,-0.41165488958358765,-3.383513612160995,-4.042665958404541,-3.308211041404679
2024-04-09 13:00:00+00:00,-10.81,-0.42150938510894775,-3.207525065220029,-4.081119060516357,-3.294892140854924
2024-04-09 14:00:00+00:00,-5.15,-0.42391282320022583,-3.3069420291085794,-4.113179683685303,-2.5979801132705753
2024-04-09 15:00:00+00:00,4.42,-0.43519556522369385,-4.34265539890327,-4.142536163330078,-3.1654275561930043
2024-04-09 16:00:00+00:00,-3.62,-0.4435591399669647,-3.437777284452791,-4.152843475341797,-3.0101488205169695
2024-04-09 17:00:00+00:00,-6.88,-0.42445439100265503,-3.3549669851622492,-4.112393379211426,-2.331627133247186
2024-04-09 18:00:00+00:00,1.09,-0.3919436037540436,-2.9215521141659475,-4.094027042388916,-5.981914271082911
2024-04-10 10:00:00+00:00,5.73,-0.3647104501724243,-2.660534615672897,-4.09184455871582,1.5517425242774483
2024-04-10 11:00:00+00:00,6.13,-0.35343512892723083,-1.998813198158369,-4.066417217254639,-6.409816223993336
2024-04-10 12:00:00+00:00,9.46,-0.3532540202140808,-2.690848284448258,-4.044990539550781,-2.292596593954682
2024-04-10 13:00:00+00:00,-0.89,-0.34020674228668213,-5.5367583604043356,-4.021451473236084,-2.0378625045623857
2024-04-10 14:00:00+00:00,-0.02,-0.3163089454174042,-5.201006868400866,-3.991063356399536,-4.229794325634355
2024-04-10 15:00:00+00:00,-3.94,-0.2882174551486969,-5.927587704163576,-3.9480020999908447,-6.569609781001892
2024-04-10 16:00:00+00:00,4.81,-0.2677125334739685,-3.794445574710421,-3.9073522090911865,0.27075150419644406
2024-04-10 17:00:00+00:00,2.48,-0.24037061631679535,-5.854392129995051,-3.8050432205200195,-1.309726888354646
2024-04-10 18:00:00+00:00,5.64,-0.21896690130233765,-4.370514894383465,-3.719895839691162,3.4276046061670202
2024-04-11 10:00:00+00:00,-4.05,-0.2048686146736145,-4.852500005943567,-3.6586754322052,3.9074809434853526
2024-04-11 11:00:00+00:00,-2.51,-0.1967121660709381,-3.5033793503430126,-3.6120309829711914,-3.8727677038539405
2024-04-11 12:00:00+00:00,-0.16,-0.1877860128879547,-2.8576721810222856,-3.589287757873535,-3.046047451638285
2024-04-11 13:00:00+00:00,-3.18,-0.19498677551746368,-2.987319955480555,-3.568363904953003,-4.494008644221153
2024-04-11 14:00:00+00:00,1.99,-0.20764684677124023,-2.8992620828308775,-3.548186779022217,-6.022183329310902
2024-04-11 15:00:00+00:00,2.89,-0.2150736302137375,-2.4683827461477335,-3.5241405963897705,0.19626946936226586
2024-04-11 16:00:00+00:00,2.09,-0.22547274827957153,-2.492757726443275,-3.504107713699341,-1.9061092930785817
2024-04-11 17:00:00+00:00,-2.29,-0.19685322046279907,-2.960046097189569,-3.4331037998199463,-5.233210335599891
2024-04-11 18:00:00+00:00,12.5,-0.1729499250650406,-2.254119022458864,-3.3894765377044678,0.03793394797883
2024-04-12 10:00:00+00:00,2.05,-0.14888077974319458,-5.850013728115776,-3.3559255599975586,-2.750936484915221
2024-04-12 11:00:00+00:00,2.92,-0.1488533467054367,-5.545276237941021,-3.3211607933044434,-4.5137422983628355
2024-04-12 12:00:00+00:00,1.65,-0.1581861972808838,-5.764104106125324,-3.2998275756835938,3.036744035553968
2024-04-12 13:00:00+00:00,-1.3,-0.17330601811408997,-4.808573212542946,-3.2789292335510254,-2.328006129107694
2024-04-12 14:00:00+00:00,-4.82,-0.15663011372089386,-5.357092786312301,-3.2597033977508545,-1.5703662282480768
2024-04-12 15:00:00+00:00,6.96,-0.13152174651622772,-3.3392219622384043,-3.2221455574035645,1.5116850921396152
2024-04-12 16:00:00+00:00,4.3,-0.10039959847927094,-5.040320867655208,-3.2004714012145996,-2.519891905655797
2024-04-12 17:00:00+00:00,-7.55,-0.0755845233798027,-5.000082121859345,-3.1295933723449707,-5.43272090469768
2024-04-12 18:00:00+00:00,1.61,-0.05399096757173538,-3.3896806472512533,-3.0879056453704834,0.9207036940692211
2024-04-15 10:00:00+00:00,9.33,-0.03648599982261658,-4.847924492176294,-3.0324392318725586,0.5757071364545407
2024-04-15 11:00:00+00:00,2.76,-0.014035952277481556,-5.027144958100909,-2.97843074798584,-3.5041404794776922
2024-04-15 12:00:00+00:00,1.89,0.012458181008696556,-5.188427500742087,-2.923708915710449,-1.120155475612277
2024-04-15 13:00:00+00:00,-2.68,0.0334877148270607,-5.232275870340076,-2.8745667934417725,-3.2216079254489043
2024-04-15 14:00:00+00:00,1.21,0.052952319383621216,-3.8283091347782063,-2.8276336193084717,-1.7343760021470118
2024-04-15 15:00:00+00:00,4.19,0.07700043171644211,-5.1521646701212065,-2.768244743347168,-3.6159298980086416
2024-04-15 16:00:00+00:00,1.57,0.08938612788915634,-4.948154811264675,-2.6952033042907715,-4.64662163082741
2024-04-15 17:00:00+00:00,-3.93,0.10630887746810913,-4.921682930756972,-2.613264322280884,-2.6641096338976964
2024-04-15 18:00:00+00:00,-3.42,0.1233799010515213,-4.451357807585868,-2.5467522144317627,0.3776196002190038
2024-04-16 10:00:00+00:00,0.67,0.11506807059049606,-4.69530234383577,-2.515040874481201,2.2447621123561916
2024-04-16 11:00:00+00:00,1.86,0.061934273689985275,-3.9532407840981243,-2.4937541484832764,-1.9762192288948641
2024-04-16 12:00:00+00:00,-2.07,0.009438890963792801,-3.8642130617092,-2.4951891899108887,0.6972982868305818
2024-04-16 13:00:00+00:00,-7.3,-0.053983040153980255,-2.6075938688066533,-2.4870989322662354,-4.051968008235405
2024-04-16 14:00:00+00:00,0.56,-0.11196781694889069,-1.7411098636521707,-2.498518228530884,-0.14195170772332666
2024-04-16 15:00:00+00:00,4.09,-0.16077277064323425,-1.9715693198385402,-2.527369737625122,-1.3564936125134495
2024-04-16 16:00:00+00:00,-4.92,-0.20001763105392456,-2.763468195744796,-2.5729706287384033,-1.3842378145053795
2024-04-16 17:00:00+00:00,1.28,-0.19388413429260254,-1.8009077463487988,-2.5267138481140137,-1.1405623434039172
2024-04-16 18:00:00+00:00,5.29,-0.1984899938106537,-1.6626702108150242,-2.5219247341156006,1.6503715566230863
2024-04-17 10:00:00+00:00,-8.72,-0.19377905130386353,-3.18555839203954,-2.498818874359131,-0.6168945662331347
2024-04-17 11:00:00+00:00,-8.78,-0.18396347761154175,-1.7241944213607945,-2.4563775062561035,-4.274079876289028
2024-04-17 12:00:00+00:00,4.96,-0.1800929754972458,-0.20018906329733122,-2.416961669921875,-6.586958032511872
2024-04-17 13:00:00+00:00,-8.12,-0.16237255930900574,-0.9550146358175555,-2.3702075481414795,-7.744363255718649
2024-04-17 14:00:00+00:00,4.59,-0.14641575515270233,0.7966871570495804,-2.343895435333252,-5.477552066926109
2024-04-17 15:00:00+00:00,1.97,-0.12676283717155457,0.2486525981796336,-2.2972450256347656,1.634632875907524
2024-04-17 16:00:00+00:00,2.94,-0.1259770691394806,-0.9943578704040767,-2.267922878265381,-1.8138406803871856
2024-04-17 17:00:00+00:00,-3.0,-0.12114153802394867,-1.022558162296899,-2.183499336242676,-5.0930816377835235
2024-04-17 18:00:00+00:00,-7.53,-0.12455695867538452,-0.6299019334937985,-2.1092631816864014,-1.8662795336244924
2024-04-18 10:00:00+00:00,-1.47,-0.15167100727558136,-1.1061154134241398,-2.0525243282318115,-3.3840737123714355
2024-04-18 11:00:00+00:00,1.24,-0.18032650649547577,-0.847072230623904,-2.0227019786834717,-4.110411272973188
2024-04-18 12:00:00+00:00,-5.66,-0.22856785356998444,-0.09271675329671353,-1.9949538707733154,-6.453395670733731
2024-04-18 13:00:00+00:00,0.11,-0.29672127962112427,-0.19536103465825222,-1.9634121656417847,-1.077570817162945
2024-04-18 14:00:00+00:00,7.49,-0.3487475514411926,0.16192414278544795,-1.9277455806732178,-3.4173306120345117
2024-04-18 15:00:00+00:00,1.23,-0.38869401812553406,-0.18146320860086868,-1.912069320678711,-1.6816169971104449
2024-04-18 16:00:00+00:00,1.19,-0.4602698087692261,-0.02407446673927477,-1.9029197692871094,-5.284796203873824
2024-04-18 17:00:00+00:00,5.15,-0.5202280879020691,-1.3079810872112527,-1.7999807596206665,-0.9809532017276313
2024-04-18 18:00:00+00:00,5.69,-0.5705767273902893,-3.3487140925441357,-1.7688417434692383,-2.450584854886877
2024-04-19 10:00:00+00:00,-1.15,-0.5916552543640137,-5.37217839703123,-1.7365338802337646,-5.471496457209195
2024-04-19 11:00:00+00:00,-5.72,-0.5883400440216064,-3.8822545020629677,-1.7140734195709229,-4.909712451968496
2024-04-19 12:00:00+00:00,3.64,-0.5779510736465454,-2.3994007927148076,-1.7220790386199951,0.008313484211383143
2024-04-19 13:00:00+00:00,2.7,-0.5816531181335449,-2.3835358480786035,-1.7306251525878906,-6.261859092839246
2024-04-19 14:00:00+00:00,6.26,-0.5816463828086853,-3.450987371804221,-1.6834977865219116,-4.671134674101322
2024-04-19 15:00:00+00:00,1.97,-0.583156168460846,-4.262573312618681,-1.5928152799606323,1.1530581876631023
2024-04-19 16:00:00+00:00,5.5,-0.5715407729148865,-4.332133022125679,-1.4806056022644043,-5.287730613944749
2024-04-19 17:00:00+00:00,-3.83,-0.5541128516197205,-3.2543446933904185,-1.345914602279663,-6.864770201258998
2024-04-19 18:00:00+00:00,2.11,-0.5393980741500854,-4.5531295201846405,-1.2885382175445557,-1.6870104243035728
2024-04-22 10:00:00+00:00,-1.0,-0.5318074822425842,-5.864919611965835,-1.2398784160614014,-4.556895839053793
2024-04-22 11:00:00+00:00,1.12,-0.5256723761558533,-5.37249748016411,-1.1989476680755615,-3.2969521855054156
2024-04-22 12:00:00+00:00,1.57,-0.5210317373275757,-5.108026789971893,-1.1530792713165283,-4.570776194020152
2024-04-22 13:00:00+00:00,-6.24,-0.5095164179801941,-3.81095556169657,-1.095682978630066,-5.358425303043518
2024-04-22 14:00:00+00:00,0.56,-0.4959069788455963,-2.3280741786332055,-1.0446621179580688,-0.8758065115478627
2024-04-22 15:00:00+00:00,-0.29,-0.4781074821949005,-1.350082369102214,-1.0419986248016357,-5.341059340618004
2024-04-22 16:00:00+00:00,9.27,-0.4668445587158203,-1.0814709883204394,-1.0639036893844604,-3.4017476959480875
2024-04-22 17:00:00+00:00,1.19,-0.46241530776023865,-5.50274578502475,-1.0022536516189575,2.4186609214126387
2024-04-22 18:00:00+00:00,-0.96,-0.457685261964798,-5.055950935656617,-0.9450695514678955,-1.8792798834361133
2024-04-23 10:00:00+00:00,4.6,-0.44861865043640137,-4.080652067686703,-0.8624284863471985,-3.023908983501583
2024-04-23 11:00:00+00:00,-12.04,-0.43900325894355774,-5.2420809958597205,-0.7938171625137329,-2.0177195288767638
2024-04-23 12:00:00+00:00,-1.4,-0.42707449197769165,-3.5082702843092215,-0.7178051471710205,-5.857671705010695
2024-04-23 13:00:00+00:00,-5.86,-0.42136111855506897,-2.1294145139805836,-0.6800937652587891,-5.423991738552729
2024-04-23 14:00:00+00:00,-9.69,-0.41994181275367737,-0.05821718645869123,-0.6431558132171631,0.450745491290466
2024-04-23 15:00:00+00:00,-2.41,-0.4177294373512268,1.3259957542170109,-0.6434031128883362,0.868700691125174
2024-04-23 16:00:00+00:00,2.52,-0.42313244938850403,1.312984923660807,-0.6469861268997192,-1.187592432108474
2024-04-23 17:00:00+00:00,-14.51,-0.4269954264163971,1.380030652416206,-0.5660215020179749,-1.3570897725666122
2024-04-23 18:00:00+00:00,1.35,-0.41304531693458557,1.211392123173523,-0.5058608055114746,-4.232861230631344
2024-04-24 10:00:00+00:00,-9.3,-0.3990829885005951,0.35545980438359936,-0.4533597230911255,1.2702095918609955
2024-04-24 11:00:00+00:00,1.76,-0.3790747821331024,1.6035547230650413,-0.4161131680011749,-0.12644496030500268
2024-04-24 12:00:00+00:00,-4.5,-0.35351765155792236,2.1995007304011907,-0.40046629309654236,-1.0059472129855678
2024-04-24 13:00:00+00:00,10.55,-0.3189125955104828,2.033945014345089,-0.3834070563316345,6.616032124962533
2024-04-24 14:00:00+00:00,-8.38,-0.28278660774230957,1.3024767598307105,-0.31807994842529297,7.17141966025609
2024-04-24 15:00:00+00:00,6.12,-0.242737278342247,0.8262640104356302,-0.22103123366832733,0.1875989950392031
2024-04-24 16:00:00+00:00,-3.86,-0.20825619995594025,0.6352421817619904,-0.12862275540828705,1.8478574442820146
2024-04-24 17:00:00+00:00,-4.23,-0.1804242730140686,1.3097305866365077,-0.00825395155698061,-1.0132927627978392
2024-04-24 18:00:00+00:00,-1.79,-0.1452123075723648,1.2973152791452867,0.05943889170885086,-0.8650663345296788
2024-04-25 10:00:00+00:00,7.02,-0.1147722601890564,2.222210414619976,0.1420665830373764,4.54915283779506
2024-04-25 11:00:00+00:00,0.5,-0.08361576497554779,1.3264859017909125,0.18211641907691956,-4.733949452802754
2024-04-25 12:00:00+00:00,-0.45,-0.05106192082166672,0.38426364352223735,0.23005959391593933,-0.519447771466093
2024-04-25 13:00:00+00:00,-1.59,-0.009054278023540974,1.126684632754129,0.2885152995586395,-1.1326287406005258
2024-04-25 14:00:00+00:00,0.29,0.02779974415898323,1.1368045647122036,0.35412105917930603,-4.80783570926315
2024-04-25 15:00:00+00:00,4.32,0.061140578240156174,0.6869454504611079,0.36896222829818726,-6.454234800793952
2024-04-25 16:00:00+00:00,3.52,0.07678031176328659,-1.7657569622054012,0.40242254734039307,-0.8299897546450863
2024-04-25 17:00:00+00:00,-0.99,0.09932000190019608,-1.957993322721511,0.4702390730381012,-8.21918074089379
2024-04-25 18:00:00+00:00,11.42,0.11604102700948715,-0.5451213667696466,0.47996339201927185,-2.991027820395985
2024-04-26 10:00:00+00:00,6.59,0.12993259727954865,-0.8794751527137354,0.46988043189048767,-2.476852669654172
2024-04-26 11:00:00+00:00,-5.32,0.14318393170833588,-1.4512124248177936,0.4446958601474762,-5.5216540146094975
2024-04-26 12:00:00+00:00,-3.21,0.15623365342617035,-2.1115563928506567,0.4324263334274292,-5.219469420369757
2024-04-26 13:00:00+00:00,-8.7,0.18091051280498505,-1.3163680178255854,0.46178731322288513,-5.40252619308352
2024-04-26 14:00:00+00:00,1.15,0.20213334262371063,-1.551906864493091,0.45484334230422974,-7.924408087312857
2024-04-26 15:00:00+00:00,5.18,0.21387656033039093,-0.6115640893310863,0.4838702976703644,-3.1372918963249745
2024-04-26 16:00:00+00:00,3.47,0.23069818317890167,0.7439456676988832,0.47778576612472534,-2.577894210848771
2024-04-26 17:00:00+00:00,-0.57,0.2526592016220093,-0.010343583692313196,0.503205418586731,-9.474387201103523
2024-04-26 18:00:00+00:00,8.81,0.2667166292667389,-0.98342240700358,0.5060552954673767,-4.837927135667598
2024-04-27 10:00:00+00:00,-2.14,0.2763356864452362,-1.7498053926468071,0.4804949164390564,-4.259607544300262
2024-04-27 11:00:00+00:00,-1.15,0.2888093590736389,-3.75506621974333,0.46503424644470215,-5.65072515467915
2024-04-27 12:00:00+00:00,-0.1,0.30979642271995544,-4.693561253250307,0.45045751333236694,-3.8920040735558596
2024-04-27 13:00:00+00:00,2.72,0.3317897617816925,-3.4564763758266155,0.47367727756500244,1.8181130480089136
2024-04-27 14:00:00+00:00,0.7,0.3507973849773407,-0.9173511908867888,0.5019610524177551,-8.111596032403204
2024-04-27 15:00:00+00:00,-2.14,0.36389830708503723,-2.6052749590558317,0.49788737297058105,1.0271880026056421
2024-04-27 16:00:00+00:00,9.31,0.3684175908565521,-1.248287377396622,0.4920259118080139,-4.959837228893476
2024-04-27 17:00:00+00:00,0.07,0.3673934042453766,-2.741332427409992,0.45479345321655273,-5.7632852035607325
2024-04-27 18:00:00+00:00,9.7,0.37439173460006714,-3.0211940436290186,0.4072982370853424,-4.179171963500907
2024-04-29 10:00:00+00:00,-3.64,0.38736867904663086,-1.0355612565242063,0.3765995502471924,-1.6979891469348782
2024-04-29 11:00:00+00:00,2.98,0.396099716424942,-2.8720156203964575,0.30707046389579773,-0.8986404479954744
2024-04-29 12:00:00+00:00,3.75,0.3957503139972687,-4.628724557420831,0.2460583746433258,-2.574777991145849
2024-04-29 13:00:00+00:00,-3.8,0.3933151662349701,-5.615758936387368,0.2145226150751114,-9.188448765656641
2024-04-29 14:00:00+00:00,1.96,0.3841688930988312,-4.550384741138443,0.17904825508594513,-4.909472356288184
2024-04-29 15:00:00+00:00,2.13,0.376147598028183,-6.576053391964482,0.12435045093297958,1.3942789819047192
2024-04-29 16:00:00+00:00,-2.05,0.35455119609832764,-5.2759180122485665,0.0855494886636734,-9.791457445242829
2024-04-29 17:00:00+00:00,1.2,0.34685635566711426,-5.34584843425644,0.0034189377911388874,-1.2410381112767916
2024-04-29 18:00:00+00:00,-4.63,0.328612357378006,-3.8381387519864525,-0.051736995577812195,-1.5941551835749437
2024-04-30 10:00:00+00:00,-2.4,0.3093334138393402,-3.029432412754135,-0.11651705205440521,-0.9597060620041155
2024-04-30 11:00:00+00:00,1.37,0.28022122383117676,-2.9632011437866748,-0.16575178503990173,-6.524366263109365
2024-04-30 12:00:00+00:00,-1.93,0.25105494260787964,-1.9377000961849093,-0.20203740894794464,-4.074399952027026
2024-04-30 13:00:00+00:00,-0.71,0.22353482246398926,-2.203340394404071,-0.25322723388671875,-10.530737613303764
2024-04-30 14:00:00+00:00,-1.49,0.19309458136558533,-2.075322686511198,-0.3127763271331787,-9.888142649238553
2024-04-30 15:00:00+00:00,-2.19,0.18403345346450806,-2.4072525109178318,-0.306384801864624,-10.172859119666853
2024-04-30 16:00:00+00:00,3.97,0.1533527672290802,-2.0933057454212975,-0.36045119166374207,-5.325765448854123
2024-04-30 17:00:00+00:00,-0.24,0.15048673748970032,-2.154143016856853,-0.3736594617366791,-7.867416161196842
2024-04-30 18:00:00+00:00,5.67,0.11811703443527222,-2.1718471467588163,-0.3972027003765106,-3.3338439160760314
2024-05-02 10:00:00+00:00,-5.11,0.12287533283233643,-3.242273928998584,-0.390168696641922,-7.113684087219261
2024-05-02 11:00:00+00:00,-3.95,0.13046978414058685,-1.2184214469472145,-0.4067216217517853,-13.361029511986017
2024-05-02 12:00:00+00:00,-2.51,0.1407817155122757,0.16332045687844454,-0.3923587203025818,-16.021409129869845
2024-05-02 13:00:00+00:00,2.02,0.14823105931282043,0.9866249747986875,-0.3933040201663971,-8.056574820151221
2024-05-02 14:00:00+00:00,-8.4,0.16996708512306213,0.2169908375658219,-0.41924259066581726,-4.773537657929818
2024-05-02 15:00:00+00:00,-10.3,0.1916496753692627,-0.5101707357648966,-0.4369189739227295,-6.181566686474223
2024-05-02 16:00:00+00:00,-0.09,0.19839048385620117,1.5032141260660468,-0.5269425511360168,-4.615640208394181
2024-05-02 17:00:00+00:00,-4.33,0.19715003669261932,2.1493364257483547,-0.5720906257629395,-5.495779706039574
2024-05-02 18:00:00+00:00,-9.62,0.17455649375915527,0.10502826307318133,-0.6348767876625061,-2.2015018107706954
2024-05-03 10:00:00+00:00,-7.35,0.16113585233688354,2.0472820209680895,-0.6894477605819702,-5.927041897952072
2024-05-03 11:00:00+00:00,5.31,0.14239166676998138,1.7804497886989201,-0.7078291177749634,5.637728846669643
2024-05-03 12:00:00+00:00,4.96,0.14636561274528503,1.030889137864309,-0.7321187853813171,6.7808194250047205
2024-05-03 13:00:00+00:00,2.88,0.1471337080001831,0.6682116477936466,-0.7838113307952881,1.6833583842279507
2024-05-03 14:00:00+00:00,5.55,0.13760673999786377,0.8956647332232639,-0.8056270480155945,0.775173488392241
2024-05-03 15:00:00+00:00,4.41,0.14706642925739288,1.2801204977044018,-0.8056776523590088,-1.2494468458117896
2024-05-03 16:00:00+00:00,-1.17,0.15655255317687988,0.5525378576879358,-0.7989878058433533,0.17229494419543173
2024-05-03 17:00:00+00:00,-6.03,0.16153503954410553,-2.423022846440208,-0.7743764519691467,-4.325459817624509
2024-05-03 18:00:00+00:00,-2.5,0.18163631856441498,-1.326301351633469,-0.747986376285553,3.0799915306713914
2024-05-06 10:00:00+00:00,-9.17,0.2080172449350357,-0.2602101095780983,-0.7204429507255554,-1.3057995749942843
2024-05-06 11:00:00+00:00,-5.02,0.2282973974943161,0.6846607479604958,-0.6812168955802917,-1.0274575630121352
2024-05-06 12:00:00+00:00,6.91,0.23149025440216064,1.5944694228785756,-0.6683807969093323,-3.982281252954904
2024-05-06 13:00:00+00:00,5.82,0.21852530539035797,0.4728657018079756,-0.6666926145553589,-3.6093502440228606
2024-05-06 14:00:00+00:00,-0.84,0.18630091845989227,1.1707932581619138,-0.6464012861251831,-8.77140377262141
2024-05-06 15:00:00+00:00,-1.12,0.1658630520105362,-1.379592846640619,-0.6293664574623108,-4.648196861884689
2024-05-06 16:00:00+00:00,5.28,0.13313542306423187,0.5159384967403029,-0.6035113334655762,-8.534479148426463
2024-05-06 17:00:00+00:00,-5.08,0.11644793301820755,0.48423455050437497,-0.6130527257919312,-9.230937617825784
2024-05-06 18:00:00+00:00,-15.92,0.12225115299224854,0.06853013695685531,-0.6051991581916809,-8.716069381646586
2024-05-07 10:00:00+00:00,4.48,0.11932576447725296,0.9411024970415104,-0.5917375087738037,-7.156602875868574
2024-05-07 11:00:00+00:00,-2.98,0.09436454623937607,0.16447038897093005,-0.5570124387741089,-5.101542114769786
2024-05-07 12:00:00+00:00,-0.79,0.05948002263903618,0.8981897421445749,-0.5424287915229797,-7.969217983252872
2024-05-07 13:00:00+00:00,-1.79,0.012197612784802914,0.8295051042928283,-0.524511992931366,-4.881522128625628
2024-05-07 14:00:00+00:00,0.73,-0.038859158754348755,0.44994519241576947,-0.5215865969657898,-8.494002325654535
2024-05-07 15:00:00+00:00,2.87,-0.06740733981132507,1.2955740243984393,-0.5416522026062012,-9.603918536597318
2024-05-07 16:00:00+00:00,4.59,-0.09811099618673325,1.3375712211857829,-0.5133721828460693,-8.414009175023647
2024-05-07 17:00:00+00:00,0.37,-0.09115006774663925,1.1225640650486057,-0.5369932055473328,-3.4135104705973878
2024-05-07 18:00:00+00:00,8.5,-0.10458879172801971,1.407689654625648,-0.5138475298881531,-4.689339018462415
2024-05-08 10:00:00+00:00,-1.95,-0.12099479138851166,-1.4532422341380642,-0.4736899733543396,-8.834887791453603
2024-05-08 11:00:00+00:00,-2.08,-0.13827455043792725,-0.20590848314828536,-0.39085832238197327,-9.217162784834962
2024-05-08 12:00:00+00:00,3.17,-0.1554703712463379,-0.42524676858383414,-0.34945207834243774,-7.64018588551171
2024-05-08 13:00:00+00:00,-1.08,-0.17157799005508423,0.4774952337549877,-0.27417606115341187,-7.276649988508499
2024-05-08 14:00:00+00:00,0.31,-0.1921345591545105,-0.13959487289159916,-0.22212040424346924,-8.773948659589559
2024-05-08 15:00:00+00:00,-0.55,-0.21367791295051575,0.28694640793167003,-0.17111992835998535,-2.1720528538923127
2024-05-08 16:00:00+00:00,0.14,-0.2355121225118637,0.6349927017259839,-0.12977589666843414,-5.705599829644876
2024-05-08 17:00:00+00:00,-1.53,-0.22900868952274323,0.08942362090625741,-0.10913477838039398,-6.86327745815754
2024-05-08 18:00:00+00:00,15.74,-0.22665302455425262,0.40855889514634774,-0.10431571304798126,-11.768677367536894
2024-05-10 10:00:00+00:00,-2.37,-0.21739962697029114,-1.8192717521595148,-0.10403797030448914,-5.559659194918314
2024-05-10 11:00:00+00:00,3.43,-0.19347459077835083,-1.6121939181154532,-0.14605587720870972,-7.918483166650676
2024-05-10 12:00:00+00:00,1.76,-0.16672882437705994,-1.3694832297918018,-0.14718127250671387,-6.797963875314471
2024-05-10 13:00:00+00:00,-1.2,-0.14388467371463776,-1.7094890796570086,-0.1386277675628662,-8.980787330356446
2024-05-10 14:00:00+00:00,-0.13,-0.11583486199378967,-1.648617702804819,-0.18000198900699615,-5.6812648682849165
2024-05-10 15:00:00+00:00,0.27,-0.09323907643556595,-1.8959670849310242,-0.1841888576745987,-7.058306809149436
2024-05-10 16:00:00+00:00,0.86,-0.07113516330718994,-1.5624980044349943,-0.14584267139434814,-1.9852792355433528
2024-05-10 17:00:00+00:00,-1.12,-0.055392786860466,-1.7830172932136144,-0.1087736040353775,-5.515520724239679
2024-05-10 18:00:00+00:00,13.48,-0.05389482527971268,-1.945337533902706,-0.09266252815723419,-4.371888422401273
2024-05-13 10:00:00+00:00,1.03,-0.04568979889154434,-2.926282320661732,-0.05520119518041611,-2.061051622871876
2024-05-13 11:00:00+00:00,-3.81,-0.04574325680732727,-2.0667892876613974,-0.05369368940591812,-11.336013168560761
2024-05-13 12:00:00+00:00,0.29,-0.04392680525779724,-1.9866907575581019,-0.06115298718214035,-7.746060118041979
2024-05-13 13:00:00+00:00,-3.0,-0.03366711735725403,-1.6687984494332784,-0.09605082124471664,-8.725623940805898
2024-05-13 14:00:00+00:00,-3.77,-0.017910519614815712,-2.278212882913697,-0.09517542272806168,-3.9878765618768637
2024-05-13 15:00:00+00:00,1.58,0.0006818348774686456,-0.02548803230533825,-0.13441814482212067,-8.68297098693392
2024-05-13 16:00:00+00:00,6.37,0.017654282972216606,-3.070938954407908,-0.18020838499069214,-3.329232623243938
2024-05-13 17:00:00+00:00,-4.84,0.05984688922762871,-3.435818964289465,-0.20923756062984467,-9.955166254299034
2024-05-13 18:00:00+00:00,5.89,0.10377200692892075,-4.188602375925222,-0.26369112730026245,-5.464305437158503
2024-05-14 10:00:00+00:00,-4.67,0.18831636011600494,-2.2653827789308116,-0.28980839252471924,-1.739911824465815
2024-05-14 11:00:00+00:00,2.41,0.26031485199928284,-0.840470843035453,-0.2704969346523285,-4.064328960960469
2024-05-14 12:00:00+00:00,-1.44,0.3228347599506378,-2.682543403136418,-0.30288803577423096,-0.9610748558882586
2024-05-14 13:00:00+00:00,2.53,0.4060969948768616,-2.4742420934816307,-0.32848814129829407,-8.054768353359442
2024-05-14 14:00:00+00:00,1.28,0.4710983633995056,-2.35254421430326,-0.34535861015319824,-4.122261593757442
2024-05-14 15:00:00+00:00,3.13,0.5637524724006653,-2.014188950362566,-0.36150622367858887,-2.7235583103946417
2024-05-14 16:00:00+00:00,-4.33,0.6040300130844116,-0.7354369227700331,-0.3472754955291748,-9.89225958587455
2024-05-14 17:00:00+00:00,2.02,0.6399434208869934,-1.1042169209895232,-0.3726980686187744,-7.280750948516792
2024-05-14 18:00:00+00:00,7.21,0.6026694774627686,-2.4570693155989627,-0.4381262958049774,-0.33132596496828565
2024-05-15 10:00:00+00:00,-4.4,0.5627928972244263,-1.2836906514873065,-0.48045703768730164,-3.6423742951122335
2024-05-15 11:00:00+00:00,2.71,0.5228697657585144,-0.7108113483536608,-0.5679773688316345,-5.832792169525611
2024-05-15 12:00:00+00:00,-3.13,0.4635988175868988,-0.2610825866672084,-0.6609867811203003,-0.7110751006477695
2024-05-15 13:00:00+00:00,1.18,0.3565891981124878,-0.9089762388524114,-0.7953513860702515,-7.683286415379431
2024-05-15 14:00:00+00:00,2.31,0.2504179775714874,-0.5184470241582764,-0.8513060808181763,-7.975261248891696
2024-05-15 15:00:00+00:00,2.98,0.1841476857662201,1.1442458910795454,-0.9198143482208252,-8.04897164667143
2024-05-15 16:00:00+00:00,2.8,0.13204477727413177,1.2129933665041146,-0.8968937993049622,-6.646365639958795
2024-05-15 17:00:00+00:00,-4.87,0.11882840842008591,-0.10939197180408095,-0.868147611618042,-5.92546779800247
2024-05-15 18:00:00+00:00,7.8,0.13771161437034607,0.6827462461639342,-0.84856778383255,-3.8482375979278407
2024-05-16 10:00:00+00:00,1.51,0.13594983518123627,-1.0160774925662908,-0.8500016331672668,-9.677007550477038
2024-05-16 11:00:00+00:00,1.38,0.15111924707889557,0.07896541997676251,-0.8173298239707947,-7.876144875373219
2024-05-16 12:00:00+00:00,1.15,0.16122710704803467,-1.0439129319854825,-0.8314619064331055,-7.975179582802042
2024-05-16 13:00:00+00:00,1.27,0.17453128099441528,-2.5794307784636623,-0.8397199511528015,-9.569868539231065
2024-05-16 14:00:00+00:00,2.02,0.1661476045846939,-1.0643627130499436,-0.850031316280365,-6.4051175052518685
2024-05-16 15:00:00+00:00,3.53,0.14839650690555573,-0.5392971687260328,-0.8418667316436768,-7.7047375927438715
2024-05-16 16:00:00+00:00,-0.01,0.12258732318878174,-0.6122213094587439,-0.8404190540313721,-8.93394455356564
2024-05-16 17:00:00+00:00,-3.11,0.13651852309703827,-0.37239913854217876,-0.7750939130783081,-9.021083233985498
2024-05-16 18:00:00+00:00,10.52,0.1442522257566452,-1.253625080705477,-0.7560089826583862,-4.701766087227729
2024-05-17 10:00:00+00:00,-3.11,0.1359630525112152,-1.4599014918371997,-0.7276243567466736,-7.811922741171534
2024-05-17 11:00:00+00:00,0.55,0.13029906153678894,-0.6181145770397889,-0.7030555009841919,-5.912632478598122
2024-05-17 12:00:00+00:00,0.54,0.11868654191493988,-0.2065137283252848,-0.6983843445777893,-9.002291263106903
2024-05-17 13:00:00+00:00,2.6,0.08521419763565063,-2.628292549302793,-0.7148827910423279,-10.475790269349037
2024-05-17 14:00:00+00:00,3.27,0.06825415045022964,-3.174118898429395,-0.7317047119140625,-7.680239084108174
2024-05-17 15:00:00+00:00,-1.25,0.04488072916865349,-0.23601589641910992,-0.7570456862449646,-8.075437869422222
2024-05-17 16:00:00+00:00,7.06,0.029481034725904465,-1.0450299704211599,-0.7487258911132812,-4.369112846357238
2024-05-17 17:00:00+00:00,-4.55,0.02256116084754467,-0.5890278440199266,-0.7716982960700989,-6.9616494696859705
2024-05-17 18:00:00+00:00,-0.86,0.016254089772701263,-0.8894906780443481,-0.7970934510231018,-7.838129825100818
2024-05-20 10:00:00+00:00,-8.57,0.004311485681682825,-0.48367802481669475,-0.8014485239982605,-8.548855523413856
2024-05-20 11:00:00+00:00,-13.32,-0.006635596510022879,0.10746928703781426,-0.8233839869499207,-11.255071849477144
2024-05-20 12:00:00+00:00,-2.37,-0.020008882507681847,0.8178702019414065,-0.8251427412033081,-8.211372595289124
2024-05-20 13:00:00+00:00,8.24,-0.03398439288139343,1.3744766280570913,-0.8213432431221008,-8.895345888069752
2024-05-20 14:00:00+00:00,-7.16,-0.04257051646709442,0.8716370834217724,-0.8476554155349731,-7.244512148093344
2024-05-20 15:00:00+00:00,3.17,-0.05554135888814926,0.6631714539394098,-0.8696016073226929,-7.216303941787435
2024-05-20 16:00:00+00:00,-1.44,-0.07487618923187256,-0.6374278488670111,-0.9197015762329102,-7.511663952626586
2024-05-20 17:00:00+00:00,-11.49,-0.08764459937810898,-0.3733346238901667,-0.9441303610801697,-5.67191381844089
2024-05-20 18:00:00+00:00,-33.84,-0.10834954679012299,-0.46756771059820745,-0.9767006039619446,-4.708412346626314
2024-05-21 10:00:00+00:00,2.08,-0.13035814464092255,1.1842927337070677,-1.0195231437683105,0.832488709815925
2024-05-21 11:00:00+00:00,2.3,-0.14681757986545563,1.178834188208671,-1.0989296436309814,2.2963209168757173
2024-05-21 12:00:00+00:00,-3.02,-0.16985157132148743,1.334673893892424,-1.1499263048171997,2.7931888621748633
2024-05-21 13:00:00+00:00,-2.62,-0.1819899082183838,-0.05029196533167796,-1.2391879558563232,9.036826154968253
2024-05-21 14:00:00+00:00,-9.68,-0.19494815170764923,1.0802104211480246,-1.3021677732467651,4.315212674461902
2024-05-21 15:00:00+00:00,-10.25,-0.20408813655376434,1.9996981391460844,-1.3948125839233398,4.8419863963302
2024-05-21 16:00:00+00:00,19.87,-0.21509720385074615,2.9929902722419204,-1.4561713933944702,8.096656408092674
2024-05-21 17:00:00+00:00,-4.55,-0.21945998072624207,2.344179552469297,-1.5207562446594238,2.8996695115166045
2024-05-21 18:00:00+00:00,12.99,-0.22849203646183014,0.5837898692761057,-1.5834239721298218,10.945735081464202
2024-05-22 10:00:00+00:00,5.19,-0.22792579233646393,1.2577860360943869,-1.6441011428833008,-0.17737243613918002
2024-05-22 11:00:00+00:00,-2.24,-0.24041371047496796,0.3440940717341926,-1.6660610437393188,-2.521454114325232
2024-05-22 12:00:00+00:00,-0.93,-0.23998503386974335,0.7639223988457162,-1.7091151475906372,-4.101241824309983
2024-05-22 13:00:00+00:00,-0.3,-0.22474896907806396,0.10838246100232421,-1.7380393743515015,-1.3703420940284283
2024-05-22 14:00:00+00:00,0.43,-0.2193693369626999,-0.49320743775844156,-1.796502709388733,-1.264529052816879
2024-05-22 15:00:00+00:00,-0.06,-0.20862407982349396,-1.3861184022379047,-1.8616117238998413,-3.3471611347872985
2024-05-22 16:00:00+00:00,1.23,-0.21113504469394684,-1.8427930731768605,-1.9522360563278198,-2.598138968066882
2024-05-22 17:00:00+00:00,-0.05,-0.21535858511924744,-2.2080998241703234,-1.9871408939361572,-5.244624233899779
2024-05-22 18:00:00+00:00,-24.35,-0.24299316108226776,-1.7708041811718078,-2.061113119125366,-9.555942601210429
2024-05-23 10:00:00+00:00,-0.2,-0.26747533679008484,-0.09311045361484976,-2.1048238277435303,-9.236746542873917
2024-05-23 11:00:00+00:00,-1.15,-0.2912680506706238,0.4791925259716543,-2.173776149749756,-11.708090214223665
2024-05-23 12:00:00+00:00,4.47,-0.29872289299964905,-0.017218507362860375,-2.1946310997009277,-7.009180980525018
2024-05-23 13:00:00+00:00,0.97,-0.3173831105232239,0.9350537586004214,-2.219086170196533,-4.784233998969333
2024-05-23 14:00:00+00:00,5.56,-0.3298964500427246,0.6844274279710183,-2.2494614124298096,-7.687213243317479
2024-05-23 15:00:00+00:00,10.54,-0.33773115277290344,0.9125080984127891,-2.2667033672332764,-12.31822027949875
2024-05-23 16:00:00+00:00,3.22,-0.3414725959300995,-0.8905079456919203,-2.2659897804260254,-8.393853304376002
2024-05-23 17:00:00+00:00,-0.91,-0.3440089523792267,-0.6208773241949148,-2.2828762531280518,-7.092740043158708
2024-05-23 18:00:00+00:00,-17.24,-0.34567397832870483,-1.5670507080398808,-2.2924320697784424,-10.465877888424522
2024-05-24 10:00:00+00:00,-4.6,-0.34791603684425354,-0.707299736130428,-2.2773585319519043,-3.4021693116855656
2024-05-24 11:00:00+00:00,0.81,-0.3558812439441681,0.3613484196699836,-2.2772114276885986,-6.585137538798099
2024-05-24 12:00:00+00:00,-8.54,-0.35838019847869873,0.3726116874900675,-2.278992176055908,-8.357984740500196
2024-05-24 13:00:00+00:00,-29.57,-0.3640389144420624,-0.08884030252944558,-2.2936511039733887,-3.804248921215866
2024-05-24 14:00:00+00:00,1.28,-0.3738675117492676,2.7303929026486498,-2.298586130142212,-4.740164689689718
2024-05-24 15:00:00+00:00,16.38,-0.3801761865615845,2.5326779726622517,-2.3273069858551025,-3.4771692918678485
2024-05-24 16:00:00+00:00,4.7,-0.384622722864151,1.3373386744775904,-2.330414295196533,3.4238834024332276
2024-05-24 17:00:00+00:00,-9.51,-0.3906218707561493,0.8750071515207429,-2.3631887435913086,-5.655316960091853
2024-05-24 18:00:00+00:00,-47.02,-0.3940137028694153,1.5326867840053044,-2.3821792602539062,-6.598463699934269
2024-05-27 10:00:00+00:00,3.44,-0.39803582429885864,2.9652277454962923,-2.4018120765686035,6.487829094146543
2024-05-27 11:00:00+00:00,-5.36,-0.40014883875846863,2.635381639105787,-2.4309773445129395,6.435044533186315
2024-05-27 12:00:00+00:00,3.21,-0.39487224817276,2.9068198862509527,-2.4431142807006836,11.564838044283473
2024-05-27 13:00:00+00:00,-2.68,-0.37474939227104187,2.1334667379087624,-2.4585793018341064,11.296577342732684
2024-05-27 14:00:00+00:00,-4.78,-0.345106303691864,2.259843779631205,-2.491633653640747,3.00574640267139
2024-05-27 15:00:00+00:00,-13.8,-0.3114864230155945,2.199609651873196,-2.5161385536193848,11.550938253289914
2024-05-27 16:00:00+00:00,-21.67,-0.27784863114356995,2.8630857318491407,-2.530325174331665,9.34097415119693
2024-05-27 17:00:00+00:00,-8.62,-0.23666901886463165,4.232506225308568,-2.541635513305664,13.099836235778767
2024-05-27 18:00:00+00:00,39.96,-0.19268882274627686,3.816315619386852,-2.5513603687286377,17.55157156525164
2024-05-28 10:00:00+00:00,-9.37,-0.15117567777633667,2.697819607679387,-2.5707004070281982,6.43662723098317
2024-05-28 11:00:00+00:00,9.98,-0.11476881802082062,5.090614268985087,-2.5889768600463867,9.66728191445827
2024-05-28 12:00:00+00:00,3.2,-0.07200872898101807,3.538694915118754,-2.596285343170166,5.469054236430538
2024-05-28 13:00:00+00:00,2.03,-0.008080706931650639,2.605243982621699,-2.6029117107391357,2.7660605019436746
2024-05-28 14:00:00+00:00,-9.86,0.06322918087244034,2.3876266475291863,-2.6039483547210693,-2.3544324671983246
2024-05-28 15:00:00+00:00,-12.83,0.12617550790309906,1.3725200267139943,-2.612029552459717,6.808811212175456
2024-05-28 16:00:00+00:00,-4.41,0.19617341458797455,2.1964923977544712,-2.6162517070770264,5.521887984754398
2024-05-28 17:00:00+00:00,-15.01,0.2698802351951599,1.0557944953094482,-2.6211800575256348,0.3813141180316718
2024-05-28 18:00:00+00:00,-0.56,0.3365895450115204,1.5928217968311285,-2.6330606937408447,-7.980072124993997
2024-05-29 10:00:00+00:00,-0.28,0.4091240167617798,2.5592804248733443,-2.6463255882263184,-1.5277661111687948
2024-05-29 11:00:00+00:00,-1.38,0.47616255283355713,2.7389241863004163,-2.6669750213623047,-5.862833193794968
2024-05-29 12:00:00+00:00,0.08,0.5630313158035278,3.182529208525606,-2.694946050643921,-2.582017469342793
2024-05-29 13:00:00+00:00,-7.17,0.6556780338287354,1.8019983551599914,-2.7313344478607178,-12.655957064568126
2024-05-29 14:00:00+00:00,-6.56,0.7307180166244507,1.9943994801047085,-2.7792863845825195,-1.4138281981598535
2024-05-29 15:00:00+00:00,7.74,0.8359802961349487,4.079639971019528,-2.8459367752075195,-3.845966676094742
2024-05-29 16:00:00+00:00,8.33,0.896808385848999,2.758082653717541,-2.941068649291992,-5.0265766090398145
2024-05-29 17:00:00+00:00,14.92,0.8800476789474487,3.084040345725055,-3.092820882797241,-4.712262101943613
2024-05-29 18:00:00+00:00,14.12,0.8503830432891846,2.1230029597534443,-3.2350475788116455,-10.476751010490613
2024-05-30 10:00:00+00:00,-12.58,0.8446007966995239,1.4080968798017726,-3.2851901054382324,-2.25419042326574
2024-05-30 11:00:00+00:00,-0.04,0.8513665795326233,0.17859665478119852,-3.2790234088897705,-6.74708129724989
2024-05-30 12:00:00+00:00,-6.89,0.8461678624153137,1.234023169746371,-3.2599079608917236,-5.357081354102182
2024-05-30 13:00:00+00:00,-9.94,0.8061664700508118,0.7203686765800887,-3.2874112129211426,-14.561710924913626
2024-05-30 14:00:00+00:00,-3.32,0.7738756537437439,1.5688827136453882,-3.3471086025238037,-2.1427662108176326
2024-05-30 15:00:00+00:00,2.02,0.7453323602676392,0.5993369195763375,-3.3619420528411865,-9.41153206959031
2024-05-30 16:00:00+00:00,-6.21,0.7194662690162659,-0.6672115254898896,-3.328585147857666,-6.591428790609248
2024-05-30 17:00:00+00:00,-13.01,0.7178865671157837,-0.707475713214431,-3.390019655227661,-16.78686514082499
2024-05-30 18:00:00+00:00,-52.61,0.7389059662818909,0.10792597120885661,-3.4303550720214844,-8.389136947256635
2024-05-31 10:00:00+00:00,32.66,0.7702831625938416,0.8929184957309855,-3.4455924034118652,-0.3454633397208272
2024-05-31 11:00:00+00:00,-16.87,0.7889726758003235,0.6846263471108748,-3.487515687942505,-1.7808249870861919
2024-05-31 12:00:00+00:00,-11.55,0.8031406998634338,0.5833855657528005,-3.509110689163208,0.17001135972653242
2024-05-31 13:00:00+00:00,16.25,0.8149861693382263,0.8941209329693933,-3.5603549480438232,9.370655591695607
2024-05-31 14:00:00+00:00,-0.45,0.8406333327293396,0.3772450864952411,-3.6246118545532227,2.651595499568754
2024-05-31 15:00:00+00:00,-11.55,0.8895427584648132,1.5256309881642967,-3.6877782344818115,-0.3500128254029269
2024-05-31 16:00:00+00:00,-2.43,0.9057046175003052,3.394938423399403,-3.758788585662842,-3.5834310804877347
2024-05-31 17:00:00+00:00,-18.44,0.9164352416992188,2.998069160043869,-3.833904504776001,8.111959285821085
2024-05-31 18:00:00+00:00,-25.56,0.9084869623184204,4.249446693234704,-3.893754720687866,16.5645934330372
2024-06-03 10:00:00+00:00,-23.21,0.8951396942138672,3.0336768441261093,-3.9547178745269775,6.784278903047846
2024-06-03 11:00:00+00:00,-3.7,0.8877041339874268,3.348365618905625,-3.992090940475464,26.213264509148765
2024-06-03 12:00:00+00:00,-34.54,0.8660016655921936,1.5405559571534158,-4.024871349334717,15.81671963897103
2024-06-03 13:00:00+00:00,-35.31,0.8531407713890076,2.4405173458620353,-4.072086334228516,26.703643625422533
2024-06-03 14:00:00+00:00,26.73,0.8346941471099854,3.349253462198487,-4.131277561187744,27.588278383294117
2024-06-03 15:00:00+00:00,11.94,0.8054581880569458,2.7268998612522615,-4.1503586769104,36.69038741186013
2024-06-03 16:00:00+00:00,20.84,0.7606751322746277,2.0480521244213206,-4.183382987976074,26.549306295916338
2024-06-03 17:00:00+00:00,-12.96,0.7194828987121582,1.342997542927486,-4.2168660163879395,19.355993296975203
2024-06-03 18:00:00+00:00,25.35,0.7001509070396423,0.49080684836906235,-4.258562088012695,3.051795819879291
2024-06-04 10:00:00+00:00,-18.67,0.6783701777458191,0.6525549068871952,-4.356362342834473,3.1799794035537228
2024-06-04 11:00:00+00:00,18.39,0.6610686779022217,0.4868102136748303,-4.422555446624756,13.571879652578447
2024-06-04 12:00:00+00:00,9.71,0.6392001509666443,-1.0112372059742603,-4.495384216308594,1.5755643094109753
2024-06-04 13:00:00+00:00,9.97,0.6194014549255371,-2.6631229450585208,-4.584620952606201,4.381633827312847
2024-06-04 14:00:00+00:00,8.7,0.60747230052948,-1.2086398925478168,-4.660999298095703,2.7031824821360235
2024-06-04 15:00:00+00:00,-5.37,0.5981699228286743,-0.7266261960392035,-4.774345874786377,-3.8873954424921324
2024-06-04 16:00:00+00:00,8.65,0.5994406342506409,0.5871900254869776,-4.896315097808838,-1.7937454642376438
2024-06-04 17:00:00+00:00,-11.22,0.5971469283103943,-1.1419121280459794,-5.006200313568115,-9.210485183031235
2024-06-04 18:00:00+00:00,22.25,0.5938739776611328,-0.6644797583655785,-5.096144676208496,-14.201178486295197
2024-06-05 10:00:00+00:00,16.42,0.5868330001831055,-0.13986391185083807,-5.21186637878418,6.461028728388649
2024-06-05 11:00:00+00:00,8.29,0.585514485836029,-1.3374839080290626,-5.307180881500244,-15.267445169570633
2024-06-05 12:00:00+00:00,-5.85,0.5833948254585266,-0.9922963396632316,-5.536731243133545,-8.230899578180765
2024-06-05 13:00:00+00:00,-11.75,0.5921693444252014,-1.489921380461213,-5.709721565246582,-17.19659627278836
2024-06-05 14:00:00+00:00,-5.35,0.5883232355117798,-0.4367743976916384,-5.855271339416504,-2.6905838699292497
2024-06-05 15:00:00+00:00,3.47,0.5684385895729065,-0.8525243995708145,-6.021376609802246,-15.088649984414003
2024-06-05 16:00:00+00:00,10.15,0.5409546494483948,0.2872058264315243,-6.079161643981934,0.9730982424617489
2024-06-05 17:00:00+00:00,-12.32,0.5252976417541504,-1.608580406497354,-6.1392693519592285,-18.68723999810236
2024-06-05 18:00:00+00:00,-7.97,0.5217463970184326,0.03534431651676431,-6.160923480987549,-16.478122717011036
2024-06-06 10:00:00+00:00,5.12,0.5147082805633545,-0.2302962532651479,-6.160247802734375,-6.187809429989646
2024-06-06 11:00:00+00:00,-7.7,0.5059611797332764,-0.3807776177347145,-6.120814800262451,-13.1692215115495
2024-06-06 12:00:00+00:00,-14.36,0.5008140206336975,1.2322888707232018,-6.102546215057373,-7.448536954180713
2024-06-06 13:00:00+00:00,1.03,0.4877893030643463,0.5807444329506444,-6.029429912567139,-7.164466190769973
2024-06-06 14:00:00+00:00,6.11,0.4645988345146179,0.5709524137980965,-5.948902130126953,-1.9696434342494176
2024-06-06 15:00:00+00:00,1.25,0.4330490529537201,-1.0915800867438075,-5.875192165374756,-6.5956241541800145
2024-06-06 16:00:00+00:00,-4.32,0.3970950245857239,-0.017832849267212653,-5.856561183929443,4.029876055068535
2024-06-06 17:00:00+00:00,0.98,0.3702864646911621,-0.06673828746183363,-5.90217924118042,-5.974532765328323
2024-06-06 18:00:00+00:00,8.11,0.32647842168807983,-0.10101046797068092,-5.924012184143066,1.6101032926814234
2024-06-07 10:00:00+00:00,9.68,0.283855140209198,-1.0770082859522592,-5.962658882141113,-2.622449222443204
2024-06-07 11:00:00+00:00,12.47,0.24131560325622559,0.9042844807611737,-6.048488140106201,-1.6502450866758935
2024-06-07 12:00:00+00:00,33.31,0.1955195665359497,-0.5965059543860266,-6.098477840423584,-7.291532920828435
2024-06-07 13:00:00+00:00,-23.39,0.14320670068264008,0.7298443615766396,-6.150921821594238,-14.170427651551366
2024-06-07 14:00:00+00:00,-2.32,0.10845713317394257,0.8450223675610165,-6.167508602142334,-13.22452000512201
2024-06-07 15:00:00+00:00,-0.15,0.0972994863986969,-0.985420533045031,-6.191287994384766,-4.2006855503074165
2024-06-07 16:00:00+00:00,-2.52,0.10629963129758835,-0.7196185541835195,-6.2318525314331055,-15.14479807545147
2024-06-07 17:00:00+00:00,5.65,0.12822631001472473,0.015112254449282214,-6.23539400100708,-13.810605263126918
2024-06-07 18:00:00+00:00,20.27,0.14490343630313873,-0.47287913828800343,-6.179805755615234,-5.684180165073519
2024-06-10 10:00:00+00:00,-8.64,0.1522214710712433,-0.30852954425395296,-6.105724334716797,-9.572362952835817
2024-06-10 11:00:00+00:00,-14.76,0.15753261744976044,0.2254063952390015,-6.019933223724365,-3.5202825313120027
2024-06-10 12:00:00+00:00,-4.52,0.14959202706813812,1.1596496104300922,-5.893222332000732,-10.588259323030098
2024-06-10 13:00:00+00:00,-12.51,0.13038483262062073,-0.061825040313164936,-5.760005950927734,4.7552314198494114
2024-06-10 14:00:00+00:00,-5.12,0.11694041639566422,0.7624484629203399,-5.649466037750244,-6.011682069521038
2024-06-10 15:00:00+00:00,8.16,0.10383277386426926,1.3879371817144224,-5.5702595710754395,0.46945517783319474
2024-06-10 16:00:00+00:00,-9.76,0.08542049676179886,1.3819678739738104,-5.469677448272705,-5.836295772767483
2024-06-10 17:00:00+00:00,-25.4,0.06805841624736786,0.8690810723567849,-5.246098041534424,-0.9752642337197072
2024-06-10 18:00:00+00:00,-1.6,0.03925861045718193,1.8299758517805638,-4.895663738250732,-1.7389167212972139
2024-06-11 10:00:00+00:00,1.03,0.004678354132920504,1.7637703761328418,-4.572058200836182,5.560161348748903
2024-06-11 11:00:00+00:00,-12.25,-0.0438593253493309,1.1159966387434763,-4.3096923828125,4.0562371655472
2024-06-11 12:00:00+00:00,-5.19,-0.07928693294525146,1.821200559588257,-4.16920280456543,8.421366773094666
2024-06-11 13:00:00+00:00,6.1,-0.10224613547325134,4.784885581922269,-4.127240180969238,3.738288176231304
2024-06-11 14:00:00+00:00,-5.34,-0.1507464200258255,5.401149979050151,-4.12443208694458,6.885561008603479
2024-06-11 15:00:00+00:00,9.37,-0.19530363380908966,1.6753790153859023,-4.123671531677246,14.82894875467958
2024-06-11 16:00:00+00:00,2.49,-0.24832217395305634,-1.2723243247143414,-4.103181838989258,7.649763290643505
2024-06-11 17:00:00+00:00,-4.45,-0.28929266333580017,2.232813267134508,-4.1140031814575195,5.301517987384837
2024-06-11 18:00:00+00:00,-61.02,-0.34780099987983704,2.525418271342047,-4.230885982513428,9.692114484478706
2024-06-13 10:00:00+00:00,19.44,-0.39540985226631165,4.22050685750844,-4.312254905700684,4.284216580659995
2024-06-13 11:00:00+00:00,-5.36,-0.4473402202129364,4.223231358308036,-4.321774005889893,6.401204690484684
2024-06-13 12:00:00+00:00,-4.81,-0.4848558008670807,3.253204424689278,-4.298848628997803,17.376325900325494
2024-06-13 13:00:00+00:00,12.93,-0.5027786493301392,2.16791766971806,-4.309776306152344,13.773978233057752
2024-06-13 14:00:00+00:00,32.73,-0.5272569060325623,1.9601150303200667,-4.365020275115967,9.465511420891097
2024-06-13 15:00:00+00:00,4.49,-0.5641353130340576,1.2006724264264568,-4.463952541351318,4.327952719313521
2024-06-13 16:00:00+00:00,5.47,-0.6131359934806824,2.2744236941167877,-4.579910755157471,-7.748559099152709
2024-06-13 17:00:00+00:00,-3.28,-0.6437978148460388,0.2643892809223418,-4.697390079498291,-3.885561933318745
2024-06-13 18:00:00+00:00,-2.92,-0.6901873350143433,-2.1493015056163665,-4.801772594451904,-1.0755113219090324
2024-06-14 10:00:00+00:00,-0.71,-0.7138286232948303,0.6733195972262953,-4.952601909637451,-8.072221014247923
2024-06-14 11:00:00+00:00,11.36,-0.7046293020248413,-2.560956658207413,-5.01731014251709,2.7717647371401704
2024-06-14 12:00:00+00:00,5.17,-0.6776209473609924,-4.075743424865941,-5.091900825500488,-2.514404777086503
2024-06-14 13:00:00+00:00,5.51,-0.6338098645210266,-2.1249924564066345,-5.194187641143799,-10.584414342870005
2024-06-14 14:00:00+00:00,3.34,-0.5713513493537903,-2.4840542500724467,-5.245471954345703,-13.639660438271306
2024-06-14 15:00:00+00:00,22.42,-0.5151385068893433,0.384311699140252,-5.3120808601379395,-2.643514428487683
2024-06-14 16:00:00+00:00,-3.28,-0.4697742164134979,0.6062431475671326,-5.408880710601807,-15.405291210766515
2024-06-14 17:00:00+00:00,3.33,-0.39009037613868713,-1.3325462824013277,-5.469820022583008,-7.485549771707364
2024-06-14 18:00:00+00:00,-0.67,-0.33816611766815186,-2.25789612007836,-5.580204486846924,-15.754903580474647
2024-06-17 10:00:00+00:00,-20.0,-0.30429744720458984,0.9186255573481112,-5.686373710632324,-9.71347053873055
2024-06-17 11:00:00+00:00,8.47,-0.28374919295310974,1.61413666106938,-5.8063578605651855,-11.998693555980655
2024-06-17 12:00:00+00:00,5.35,-0.23936329782009125,-0.0035573403349073718,-5.829565525054932,-16.878798734760874
2024-06-17 13:00:00+00:00,-6.85,-0.18513521552085876,-1.0986118816817563,-5.84739875793457,-8.761995116061819
2024-06-17 14:00:00+00:00,-6.06,-0.12240412831306458,0.17442949365390564,-5.804873943328857,0.12794052907706976
2024-06-17 15:00:00+00:00,-4.5,-0.07793958485126495,0.37400661717094474,-5.841454982757568,-6.366233865727637
2024-06-17 16:00:00+00:00,2.49,-0.054852038621902466,-0.6711054944887415,-5.87601900100708,-5.046288457436682
2024-06-17 17:00:00+00:00,-10.46,-0.050702571868896484,-0.3021848408404356,-5.859289646148682,-10.140378792860655
2024-06-17 18:00:00+00:00,-13.86,-0.04603583365678787,0.1967671357638131,-5.882772445678711,-15.623557879495413
2024-06-18 10:00:00+00:00,-8.86,-0.056401416659355164,1.492606614185354,-5.863743305206299,-1.1267025718849448
2024-06-18 11:00:00+00:00,-6.59,-0.06123980134725571,1.7437880272776214,-5.8073039054870605,0.07689226011439214
2024-06-18 12:00:00+00:00,3.62,-0.06150727719068527,0.9120837309369336,-5.787160396575928,4.362267465135993
2024-06-18 13:00:00+00:00,-7.6,-0.07361918687820435,0.3839424685573338,-5.814971923828125,7.634212773240233
2024-06-18 14:00:00+00:00,-18.13,-0.09469201415777206,2.089460929096661,-5.7535719871521,4.016358160054633
2024-06-18 15:00:00+00:00,0.28,-0.13444876670837402,3.6307124674368305,-5.7245192527771,8.252257485987252
2024-06-18 16:00:00+00:00,-9.1,-0.2091098427772522,2.391777425244233,-5.627546310424805,13.474893376510659
2024-06-18 17:00:00+00:00,-9.29,-0.2876225411891937,0.9325732988492538,-5.54830265045166,7.984090639253116
2024-06-18 18:00:00+00:00,-24.98,-0.3616797924041748,1.3766613440731048,-5.452430248260498,9.985729518243758
2024-06-19 10:00:00+00:00,-7.27,-0.4379507303237915,1.4810486136306247,-5.4287543296813965,22.276614215126788
2024-06-19 11:00:00+00:00,-7.91,-0.49990519881248474,2.2453838640482573,-5.60964822769165,17.44945636839559
2024-06-19 12:00:00+00:00,-13.63,-0.5372451543807983,3.20409311000945,-5.6991167068481445,17.914228114847187
2024-06-19 13:00:00+00:00,10.18,-0.5661124587059021,1.6851802912119542,-5.765852451324463,26.082662852232716
2024-06-19 14:00:00+00:00,5.93,-0.5766483545303345,2.494501173913161,-5.860908508300781,19.19553984327672
2024-06-19 15:00:00+00:00,-16.66,-0.5671833753585815,2.3171727314288124,-6.022458553314209,16.884092067196583
2024-06-19 16:00:00+00:00,-31.4,-0.5157449245452881,2.0517280648578957,-6.121448993682861,14.335783138675074
2024-06-19 17:00:00+00:00,-0.94,-0.44515547156333923,3.120318073731128,-6.316282272338867,21.337980452135444
2024-06-19 18:00:00+00:00,48.0,-0.3742583394050598,2.2346517043561356,-6.356659889221191,25.99995840339024
2024-06-20 10:00:00+00:00,8.16,-0.3126497268676758,2.465921683974516,-6.475224494934082,17.843861967062555
2024-06-20 11:00:00+00:00,-6.9,-0.26160797476768494,-1.2481350048395576,-6.522292613983154,13.423817446454196
2024-06-20 12:00:00+00:00,-28.66,-0.232047900557518,-0.9915652090848268,-6.619229316711426,14.751950022796533
2024-06-20 13:00:00+00:00,-33.46,-0.1807594746351242,-0.4035522022874857,-6.74958610534668,7.373190386554451
2024-06-20 14:00:00+00:00,60.64,-0.12030500173568726,0.6350310710542957,-6.896092414855957,5.766738943382288
2024-06-20 15:00:00+00:00,5.4,-0.07321111112833023,-1.2613732821164771,-6.939011096954346,13.348605487641674
2024-06-20 16:00:00+00:00,30.41,-0.058504246175289154,-1.1704717048259339,-6.8755202293396,0.27861814721432615
2024-06-20 17:00:00+00:00,12.37,0.012441564351320267,-2.3527477345514165,-6.8190412521362305,-0.9954063372834155
2024-06-20 18:00:00+00:00,-4.92,0.093450628221035,-0.8581660960965538,-6.7622528076171875,-7.846809771241572
2024-06-21 10:00:00+00:00,-2.04,0.1788122057914734,-0.10472987245466153,-6.708594799041748,-7.970800646113396
2024-06-21 11:00:00+00:00,-19.37,0.26953795552253723,-1.9390381184180163,-6.692387580871582,-13.998025081854797
2024-06-21 12:00:00+00:00,16.94,0.36081165075302124,-1.0691471773123433,-6.625997066497803,-9.439659191018956
2024-06-21 13:00:00+00:00,7.73,0.45263466238975525,-1.9513845780345842,-6.484777927398682,-14.874730198897504
2024-06-21 14:00:00+00:00,1.32,0.562764585018158,-2.913737587777524,-6.365894794464111,-4.465987685866185
2024-06-21 15:00:00+00:00,-2.13,0.6805887818336487,-2.3308343628100325,-6.240261077880859,1.2954813188963177
2024-06-21 16:00:00+00:00,-5.79,0.7801638245582581,-0.9200503992055113,-6.0690460205078125,-18.265838815424495
2024-06-21 17:00:00+00:00,-0.82,0.7921833992004395,-2.7636213812623045,-6.026057720184326,-5.971223300184788
2024-06-21 18:00:00+00:00,10.79,0.8530558347702026,-1.767767498028516,-5.881463050842285,-10.206290255359622
2024-06-24 10:00:00+00:00,-12.75,0.9216513633728027,-3.571246419487436,-5.672865390777588,-2.727549287081328
2024-06-24 11:00:00+00:00,-9.1,0.9922477602958679,-4.030064416500966,-5.498589992523193,-7.462562225470557
2024-06-24 12:00:00+00:00,5.43,1.0506901741027832,-2.122811130301743,-5.330965995788574,-8.360052962436729
2024-06-24 13:00:00+00:00,0.95,1.0699948072433472,-0.5925067644056385,-5.2084197998046875,-9.836153092509292
2024-06-24 14:00:00+00:00,-6.3,1.0987095832824707,-0.4776549512824223,-5.109353065490723,1.5110098770056744
2024-06-24 15:00:00+00:00,5.94,1.138601303100586,-3.5423584459166713,-4.93825101852417,-0.3546641253531362
2024-06-24 16:00:00+00:00,-8.41,1.1841727495193481,-4.087761391453186,-4.77661657333374,-10.36494549916919
2024-06-24 17:00:00+00:00,-2.85,1.250004529953003,-3.425315405888132,-4.658204555511475,-2.9952863627016892
2024-06-24 18:00:00+00:00,-10.22,1.3135449886322021,-3.618008646590311,-4.5622758865356445,-3.8365786822145633
2024-06-25 10:00:00+00:00,-9.79,1.3727099895477295,-2.190872198188621,-4.445163249969482,2.1071454294240346
2024-06-25 11:00:00+00:00,5.85,1.4179309606552124,-1.6453155319595254,-4.360287666320801,-1.3175126112197915
2024-06-25 12:00:00+00:00,14.5,1.4717049598693848,-2.9534335672678558,-4.301686763763428,-4.411684038329276
2024-06-25 13:00:00+00:00,-6.92,1.531636118888855,-2.3295087884192758,-4.217539310455322,-3.0524324962127105
2024-06-25 14:00:00+00:00,0.69,1.597096562385559,-1.2323866739088107,-4.134627342224121,7.112767181942337
2024-06-25 15:00:00+00:00,7.17,1.668029546737671,-2.5154134752381982,-4.0020551681518555,-0.6432194792685474
2024-06-25 16:00:00+00:00,-2.75,1.7307451963424683,-0.9651071489655985,-3.954780340194702,-5.229016461471918
2024-06-25 17:00:00+00:00,14.81,1.8148019313812256,-3.0053889936700187,-3.8978075981140137,1.8375246643757361
2024-06-25 18:00:00+00:00,30.52,1.9056442975997925,-0.4966136427632787,-3.83640193939209,4.39813140165163
2024-06-26 10:00:00+00:00,0.31,2.000110626220703,-1.78136005753159,-3.843069314956665,-1.594529628535527
2024-06-26 11:00:00+00:00,4.81,2.109395742416382,0.007591791519444391,-3.8105480670928955,-3.7053458548780127
2024-06-26 12:00:00+00:00,3.4,2.227983236312866,0.9341095867386202,-3.737417697906494,-5.066460581410943
2024-06-26 13:00:00+00:00,-5.74,2.368741035461426,-0.5801248955964817,-3.6934988498687744,-4.934597265195423
2024-06-26 14:00:00+00:00,-4.74,2.5130581855773926,-2.0757754381573332,-3.6887972354888916,-2.7280691486693533
2024-06-26 15:00:00+00:00,7.22,2.652113676071167,-1.8173484349446336,-3.6720802783966064,-2.003214673422742
2024-06-26 16:00:00+00:00,-2.11,2.8085689544677734,-2.5698727113626734,-3.6658332347869873,5.800457933095842
2024-06-26 17:00:00+00:00,6.64,2.974123954772949,-1.1016048682833561,-3.624971628189087,-5.995711149256477
2024-06-26 18:00:00+00:00,-16.38,3.127756118774414,-1.7087425591187124,-3.562908172607422,-2.375312092115367
2024-06-27 10:00:00+00:00,-2.56,3.290738582611084,-3.00591719851841,-3.4898734092712402,-6.763405420303709
2024-06-27 11:00:00+00:00,-5.47,3.464576005935669,-3.2445798503354144,-3.4054982662200928,-3.545111236238454
2024-06-27 12:00:00+00:00,9.65,3.601742744445801,-1.4657332727849994,-3.3127646446228027,7.287281423250393
2024-06-27 13:00:00+00:00,-4.89,3.7245914936065674,-2.1511012163762167,-3.207202196121216,10.529274802584133
2024-06-27 14:00:00+00:00,18.3,3.822935104370117,-2.911987103270713,-3.1262214183807373,0.10743517672651502
2024-06-27 15:00:00+00:00,-0.42,3.9017934799194336,-1.8253456201451321,-3.034024238586426,-0.45884007565642215
2024-06-27 16:00:00+00:00,2.38,3.9780995845794678,-1.6350849328562025,-2.9346694946289062,-7.654587394045258
2024-06-27 17:00:00+00:00,-1.99,4.034214019775391,-1.8920978620776019,-2.835420608520508,-5.9292371883437625
2024-06-27 18:00:00+00:00,10.77,4.087294101715088,-2.2540160154615503,-2.7036519050598145,10.472218465733988
2024-06-28 10:00:00+00:00,-2.66,4.143247604370117,-2.605195386646508,-2.567652940750122,0.768792530853561
2024-06-28 11:00:00+00:00,3.12,4.209722518920898,-1.5506614099903728,-2.4203977584838867,7.035301722995748
2024-06-28 12:00:00+00:00,-5.2,4.239928245544434,-1.8726084190292758,-2.2641708850860596,12.332032031635665
2024-06-28 13:00:00+00:00,-11.99,4.267412185668945,-1.339950446806007,-2.138801336288452,-3.611094819988616
2024-06-28 14:00:00+00:00,8.38,4.29456901550293,-0.7869062604522488,-2.0004563331604004,-3.2108666611568446
2024-06-28 15:00:00+00:00,-0.52,4.297704696655273,-1.6757123446659319,-1.84941828250885,11.894161357371063
2024-06-28 16:00:00+00:00,-1.2,4.304111003875732,-1.9319360427859853,-1.6387068033218384,-8.137390530792706
2024-06-28 17:00:00+00:00,3.34,4.279513359069824,-1.798963608643792,-1.4617420434951782,11.099748333244044
2024-06-28 18:00:00+00:00,7.69,4.288296222686768,-2.2448169157150764,-1.3291685581207275,2.7164838479390703
2024-07-01 10:00:00+00:00,-3.98,4.3084716796875,-2.4999596855141553,-1.2306582927703857,3.3674844419711265
2024-07-01 11:00:00+00:00,-3.81,4.324946880340576,-1.8901186924871665,-1.1248589754104614,-0.6171936047420818
2024-07-01 12:00:00+00:00,11.9,4.3294854164123535,-1.5907430203615502,-1.0787088871002197,3.869173037785985
2024-07-01 13:00:00+00:00,5.13,4.309651851654053,-1.9230717444740666,-1.4098143577575684,-9.718592849839633
2024-07-01 14:00:00+00:00,3.2,4.303015232086182,-2.4937145795670643,-1.374776840209961,-2.5917070476506905
2024-07-01 15:00:00+00:00,5.49,4.267855167388916,-2.9894023069263107,-1.3662456274032593,-1.7537303922771723
2024-07-01 16:00:00+00:00,5.25,4.242445945739746,-2.5967343185362575,-1.4038981199264526,-4.602485812382786
2024-07-01 17:00:00+00:00,0.96,4.212470531463623,-3.017954102798162,-1.4250081777572632,7.858336380317858
2024-07-01 18:00:00+00:00,19.76,4.223496437072754,-2.8151006982149887,-1.452018141746521,-0.6525110772004461
2024-07-02 10:00:00+00:00,-4.38,4.228091239929199,-1.1868916318438423,-1.4925854206085205,0.34283809725691516
2024-07-02 11:00:00+00:00,6.55,4.20906925201416,-0.6157983784134048,-1.5004955530166626,-6.316613138633853
2024-07-02 12:00:00+00:00,-1.34,4.213339805603027,-1.3968320822368703,-1.485637903213501,-2.301977512338809
2024-07-02 13:00:00+00:00,5.67,4.190258502960205,-1.179909219622583,-1.493997573852539,-14.808834248397565
2024-07-02 14:00:00+00:00,3.36,4.1764020919799805,-0.8597160649081088,-1.4975849390029907,-2.1701842164778284
2024-07-02 15:00:00+00:00,-1.76,4.142687797546387,-0.583575669740828,-1.5132421255111694,-11.905480163082457
2024-07-02 16:00:00+00:00,6.43,4.134922504425049,-0.002325853956436169,-1.4923337697982788,0.8166502918801891
2024-07-02 17:00:00+00:00,-3.19,4.152963161468506,-1.3583449904969058,-1.468413233757019,-3.7197859004276372
2024-07-02 18:00:00+00:00,-6.91,4.109140396118164,-0.746028487456382,-1.450710415840149,-4.839191819592608
2024-07-03 10:00:00+00:00,-2.12,4.040537357330322,-0.7560782395811552,-1.4111326932907104,-8.278931094299512
2024-07-03 11:00:00+00:00,13.66,3.998584270477295,-0.43102259246132035,-1.3713748455047607,-9.45083148204021
2024-07-03 12:00:00+00:00,-4.14,3.925321340560913,-0.814750382999385,-1.3268308639526367,-9.14811033837068
2024-07-03 13:00:00+00:00,2.15,3.87593150138855,-0.7611382191233061,-1.2991997003555298,-11.98452447067078
2024-07-03 14:00:00+00:00,-0.99,3.857492685317993,-1.4109119583866108,-1.3007301092147827,0.36559969893378413
2024-07-03 15:00:00+00:00,-10.58,3.8527023792266846,-1.9909247333376827,-1.2490240335464478,-6.898117352665652
2024-07-03 16:00:00+00:00,-11.01,3.8384008407592773,0.14506821193398833,-1.2169855833053589,0.36837800171512214
2024-07-03 17:00:00+00:00,5.72,3.826035499572754,0.8279868892457976,-1.1469409465789795,-3.2197657534904103
2024-07-03 18:00:00+00:00,-15.36,3.79270076751709,-0.33487783961513007,-1.1068273782730103,3.337087851455764
2024-07-04 10:00:00+00:00,0.14,3.7588822841644287,0.46165809138647307,-1.0564521551132202,2.542481977462582
2024-07-04 11:00:00+00:00,-2.07,3.756511926651001,0.1641998118855062,-1.0393803119659424,1.223244622999875
2024-07-04 12:00:00+00:00,-11.83,3.744562864303589,-1.3263736828626962,-0.9882553219795227,1.2179508846934344
2024-07-04 13:00:00+00:00,-4.16,3.7097997665405273,0.7875874104701582,-0.9435093402862549,1.8298953603250285
2024-07-04 14:00:00+00:00,-3.84,3.6720569133758545,-0.3992056395968473,-0.8764695525169373,3.4660888613623357
2024-07-04 15:00:00+00:00,-25.87,3.624821901321411,0.8835098451082748,-0.8485448956489563,2.1827781127992143
2024-07-04 16:00:00+00:00,3.66,3.5811972618103027,2.3255386458743676,-0.8658306002616882,9.952827491337214
2024-07-04 17:00:00+00:00,-9.93,3.5512638092041016,0.8318766539293964,-0.8914775848388672,13.867960660148563
2024-07-04 18:00:00+00:00,-9.71,3.5131311416625977,0.8009349432830404,-0.8875653743743896,15.170376965095691
2024-07-05 10:00:00+00:00,-3.82,3.4553046226501465,2.4669985643251477,-0.8952771425247192,8.804400238559458
2024-07-05 11:00:00+00:00,24.88,3.408881664276123,1.4647746672971738,-0.9110644459724426,13.694240971834775
2024-07-05 12:00:00+00:00,5.1,3.3475446701049805,2.2728670783544196,-0.9191769361495972,13.024784293086462
2024-07-05 13:00:00+00:00,-10.96,3.283195972442627,-0.08266187924694884,-0.9573157429695129,10.946867550686402
2024-07-05 14:00:00+00:00,-3.46,3.225175380706787,-1.6516924032745306,-1.0080764293670654,15.439658042877141
2024-07-05 15:00:00+00:00,1.16,3.1528618335723877,-1.357278821344118,-1.0688825845718384,10.592008586136814
2024-07-05 16:00:00+00:00,5.72,3.0990207195281982,-1.7053797609533339,-1.1438791751861572,4.348820453006598
2024-07-05 17:00:00+00:00,6.57,3.03201961517334,-2.7726010290143632,-1.216001033782959,10.661779035843713
2024-07-05 18:00:00+00:00,15.52,2.9521889686584473,-2.874690944947397,-1.291155457496643,-0.6366713366943955
2024-07-08 10:00:00+00:00,-7.6,2.88775897026062,-1.6956911564099828,-1.35960054397583,0.6597789258112848
2024-07-08 11:00:00+00:00,-15.91,2.83300518989563,-1.8012767315940645,-1.4105956554412842,2.7029843347495373
2024-07-08 12:00:00+00:00,-0.16,2.780019760131836,-0.5152655303725753,-1.4776709079742432,0.6044288487918545
2024-07-08 13:00:00+00:00,-7.88,2.725175142288208,-1.5931472318872952,-1.564406394958496,-1.461617852163876
2024-07-08 14:00:00+00:00,0.06,2.666393280029297,-1.4278805303346405,-1.6372945308685303,0.9487415277799377
2024-07-08 15:00:00+00:00,4.61,2.6149239540100098,-0.7470116474557857,-1.689648151397705,-5.748728172160294
2024-07-08 16:00:00+00:00,-1.38,2.5601563453674316,-1.3944334211580116,-1.7338210344314575,-6.4451325339457615
2024-07-08 17:00:00+00:00,-3.97,2.503351926803589,-2.5049273813516564,-1.7909369468688965,-3.450658867520604
2024-07-08 18:00:00+00:00,-22.51,2.4583494663238525,-2.5411912820323592,-1.8301317691802979,-14.423210928025357
2024-07-09 10:00:00+00:00,-10.0,2.416621446609497,1.5694622724493132,-1.8677303791046143,-0.16792596962708478
2024-07-09 11:00:00+00:00,-3.01,2.3647725582122803,2.5252432757585503,-1.9300929307937622,1.078049382892438
2024-07-09 12:00:00+00:00,6.62,2.3114898204803467,0.9669663479355887,-2.008169651031494,2.978542632528599
2024-07-09 13:00:00+00:00,-12.47,2.2676239013671875,-0.8463042459099168,-2.0483851432800293,5.5015073851354925
2024-07-09 14:00:00+00:00,-7.41,2.223283290863037,-0.5620726784768549,-2.0633339881896973,6.987841195553634
2024-07-09 15:00:00+00:00,-4.54,2.182389736175537,1.3586283352010127,-2.045910358428955,2.831997935791211
2024-07-09 16:00:00+00:00,-18.53,2.1233246326446533,1.8687657396628787,-2.019636631011963,10.723951101938907
2024-07-09 17:00:00+00:00,-6.66,2.058208465576172,2.6896513127704917,-2.043576240539551,9.703763399740865
2024-07-09 18:00:00+00:00,-18.76,1.9858242273330688,1.369430153067186,-2.0934760570526123,13.733201123450874
2024-07-10 10:00:00+00:00,-8.82,1.8981345891952515,1.6161209912474284,-2.1205384731292725,15.271669397883336
2024-07-10 11:00:00+00:00,14.7,1.7990363836288452,1.4827110845941514,-2.146052837371826,21.72024194687249
2024-07-10 12:00:00+00:00,-3.32,1.6940491199493408,-0.6610224494769629,-2.160357713699341,14.05582451327757
2024-07-10 13:00:00+00:00,-12.94,1.5869628190994263,-1.317214950295558,-2.2256906032562256,14.187228006393338
2024-07-10 14:00:00+00:00,-22.06,1.4756581783294678,-0.52333917105888,-2.2744860649108887,12.188748076569185
2024-07-10 15:00:00+00:00,-9.78,1.3575496673583984,2.5347220057161213,-2.347480297088623,14.075726909627186
2024-07-10 16:00:00+00:00,-18.55,1.2350620031356812,1.9050561057368527,-2.402541399002075,26.785210108578642
2024-07-10 17:00:00+00:00,1.21,1.0904953479766846,0.38416167138293633,-2.556150197982788,20.490832793800763
2024-07-10 18:00:00+00:00,-16.61,0.9566527009010315,0.9255147698365637,-2.716160774230957,24.931445524286115
2024-07-11 10:00:00+00:00,-7.4,0.8158283233642578,-0.47930347611437485,-2.891970634460449,9.04990726332439
2024-07-11 11:00:00+00:00,22.38,0.6563286781311035,-0.0655223612413664,-3.0307257175445557,25.0924016459204
2024-07-11 12:00:00+00:00,-1.59,0.5134953856468201,-2.0220514764849176,-3.146634101867676,18.94635319734316
2024-07-11 13:00:00+00:00,17.57,0.38357794284820557,-1.5334718854776903,-3.2720086574554443,13.887375180677955
2024-07-11 14:00:00+00:00,-10.84,0.32631218433380127,-2.591006058744231,-3.415785312652588,12.001831499162153
2024-07-11 15:00:00+00:00,0.63,0.3114175498485565,-2.331743728233043,-3.5586655139923096,12.363226048988823
2024-07-11 16:00:00+00:00,3.65,0.3147325813770294,-1.9727065795373422,-3.695589780807495,9.606633051966277
2024-07-11 17:00:00+00:00,8.67,0.275592178106308,-2.5441941995235373,-3.8467681407928467,0.09893353719203107
2024-07-11 18:00:00+00:00,-7.99,0.25021013617515564,-4.35027844943112,-3.9538471698760986,8.380659815055989
2024-07-12 10:00:00+00:00,-3.9,0.2017804980278015,-4.630479660990823,-4.037409782409668,-3.098366675780462
2024-07-12 11:00:00+00:00,1.31,0.17515455186367035,-3.1339846581740023,-4.091475009918213,5.517186679902125
2024-07-12 12:00:00+00:00,-0.02,0.14985045790672302,-2.9886716030940974,-4.135980129241943,3.5343135976057347
2024-07-12 13:00:00+00:00,-12.17,0.14668259024620056,-2.0193053314125815,-4.15037202835083,-1.381902232601093
2024-07-12 14:00:00+00:00,-1.49,0.18213002383708954,-2.687361448333499,-4.163783073425293,2.616658903129854
2024-07-12 15:00:00+00:00,29.76,0.22715842723846436,-2.6078603444689072,-4.178397178649902,-9.231416161708035
2024-07-12 16:00:00+00:00,-16.16,0.28959786891937256,-2.927806032958941,-4.204983711242676,-12.664099851615427
2024-07-12 17:00:00+00:00,-8.34,0.38669079542160034,-2.118425583142186,-4.228603363037109,-7.762243083953565
2024-07-12 18:00:00+00:00,-22.19,0.4784928262233734,-1.544303006416671,-4.257246971130371,-11.177361773532697
2024-07-15 10:00:00+00:00,13.34,0.5598275661468506,2.1666633236985087,-4.275552272796631,-7.015411444028214
2024-07-15 11:00:00+00:00,-6.87,0.6450899243354797,-0.0068660320037430556,-4.319902420043945,5.047373696376054
2024-07-15 12:00:00+00:00,0.89,0.7412031292915344,1.3653407559444872,-4.349604606628418,3.8671000317683015
2024-07-15 13:00:00+00:00,-11.93,0.8621869087219238,-0.8185545798488434,-4.3566365242004395,-4.739443953065477
2024-07-15 14:00:00+00:00,-1.47,0.9860573410987854,-0.05988723865075052,-4.337812900543213,-3.017909793164524
2024-07-15 15:00:00+00:00,-12.75,1.1046819686889648,-2.8840871289608785,-4.316910743713379,-2.68313366949571
2024-07-15 16:00:00+00:00,-11.54,1.2307595014572144,-0.2728149839856133,-4.282784938812256,4.182608326872658
2024-07-15 17:00:00+00:00,-7.21,1.3595161437988281,-0.07875568175899161,-4.258816719055176,6.338209378275991
2024-07-15 18:00:00+00:00,-4.0,1.4806394577026367,-0.41000956076413797,-4.245899200439453,5.878903936912755
2024-07-16 10:00:00+00:00,-22.59,1.5934879779815674,-0.10455021525963737,-4.224169731140137,11.673511836715202
2024-07-16 11:00:00+00:00,24.24,1.7084861993789673,0.3467400489148389,-4.182215213775635,16.749174560761816
2024-07-16 12:00:00+00:00,-11.82,1.8084393739700317,0.2900784403088816,-4.123203754425049,0.9039799508243826
2024-07-16 13:00:00+00:00,5.3,1.9067203998565674,-0.320761167981668,-4.039984703063965,12.917155405058672
2024-07-16 14:00:00+00:00,-6.13,1.9960027933120728,0.179197499646096,-3.9569597244262695,7.395034126682849
2024-07-16 15:00:00+00:00,-3.88,2.098397731781006,0.45353009494641194,-3.8866426944732666,15.025681958522313
2024-07-16 16:00:00+00:00,41.6,2.208678722381592,0.4889091930879519,-3.8102915287017822,11.940747734118093
2024-07-16 17:00:00+00:00,8.66,2.3142001628875732,-2.9165007566286025,-3.7384095191955566,7.8364917294561325
2024-07-16 18:00:00+00:00,-3.01,2.4384682178497314,-2.6955144206567754,-3.6241016387939453,-1.717204756799658
2024-07-17 10:00:00+00:00,25.33,2.5819711685180664,-2.5580362289256033,-3.50028920173645,3.18745845783987
2024-07-17 11:00:00+00:00,0.36,2.7193570137023926,-2.616204168645523,-3.3570687770843506,-4.284220052056959
2024-07-17 12:00:00+00:00,-7.82,2.871467113494873,-2.854173790284304,-3.217892646789551,5.382877877467896
2024-07-17 13:00:00+00:00,-1.78,3.0299606323242188,-3.183033410267603,-3.036395311355591,-3.1189236716128823
2024-07-17 14:00:00+00:00,7.7,3.2110488414764404,-4.192167719695844,-2.80043363571167,2.332965837442174
2024-07-17 15:00:00+00:00,4.7,3.3675971031188965,-0.4439479808529966,-2.584268569946289,4.016401978010387
2024-07-17 16:00:00+00:00,-8.6,3.5087356567382812,-2.2951328803346396,-2.470231056213379,1.7140022308803997
2024-07-17 17:00:00+00:00,-14.5,3.6668691635131836,-2.903428420783597,-2.3779144287109375,4.098712313343683
2024-07-17 18:00:00+00:00,-25.48,3.7924039363861084,-3.584556534638324,-2.315293073654175,-5.305251299339193
2024-07-18 10:00:00+00:00,7.39,3.9164559841156006,-3.450964990959722,-2.3093483448028564,-0.6306216684870503
2024-07-18 11:00:00+00:00,7.07,4.056316375732422,-5.009212455569688,-2.352804183959961,9.256784927831749
2024-07-18 12:00:00+00:00,0.27,4.190800666809082,-4.3300531528219794,-2.319218635559082,3.2559966113613346
2024-07-18 13:00:00+00:00,-0.65,4.3168721199035645,-2.950820806911498,-2.2896575927734375,-4.074307904578408
2024-07-18 14:00:00+00:00,3.6,4.455192565917969,-2.3921704292239365,-2.2895798683166504,5.363407167944659
2024-07-18 15:00:00+00:00,12.61,4.5553412437438965,-2.7180185078667973,-2.232924222946167,1.8409241009645239
2024-07-18 16:00:00+00:00,15.15,4.629408359527588,-3.3610660947903046,-2.1774511337280273,-0.8698969347427331
2024-07-18 17:00:00+00:00,13.42,4.655684947967529,-3.7683890282612875,-2.1360373497009277,1.4219755484265508
2024-07-18 18:00:00+00:00,-1.32,4.635237216949463,-2.748822405495787,-2.081604480743408,0.28988922687150903
2024-07-19 10:00:00+00:00,-1.58,4.626923561096191,-4.037043395653038,-2.03912615776062,4.411889598948602
2024-07-19 11:00:00+00:00,18.62,4.607582092285156,-3.158196103297258,-1.9860072135925293,7.564320513448787
2024-07-19 12:00:00+00:00,20.43,4.5778422355651855,-1.9322318691538323,-1.9293248653411865,2.409021791834378
2024-07-19 13:00:00+00:00,-3.51,4.553414821624756,-1.3756264600977095,-1.8479756116867065,6.497315204999416
2024-07-19 14:00:00+00:00,1.46,4.502265453338623,-1.1630073819133184,-1.7724668979644775,5.867091948126122
2024-07-19 15:00:00+00:00,-5.52,4.472691535949707,-1.2022349165135158,-1.6837732791900635,-3.4107834928151353
2024-07-19 16:00:00+00:00,1.68,4.442214012145996,-2.639417907063514,-1.5806829929351807,4.8838871806640585
2024-07-19 17:00:00+00:00,-2.64,4.420137405395508,-1.946299744507705,-1.6327458620071411,4.161330584442412
2024-07-19 18:00:00+00:00,22.84,4.381711006164551,-2.043172810578513,-1.5763911008834839,-6.29706384385189
2024-07-22 10:00:00+00:00,4.11,4.3454909324646,-0.8674772824883359,-1.4981378316879272,-1.6922165169885997
2024-07-22 11:00:00+00:00,-10.37,4.320990562438965,-0.7015418540198567,-1.4114347696304321,2.960614951336107
2024-07-22 12:00:00+00:00,-0.43,4.26791524887085,-0.08841687576070922,-1.3262865543365479,-3.2981139068077283
2024-07-22 13:00:00+00:00,6.88,4.177605152130127,-1.4778956399929901,-1.2418513298034668,1.834396987142621
2024-07-22 14:00:00+00:00,-6.05,4.079655647277832,-2.472019134202734,-1.1593178510665894,-7.033603706254397
2024-07-22 15:00:00+00:00,-6.64,3.9841339588165283,-1.6823558449759919,-1.1061830520629883,4.3239854273636595
2024-07-22 16:00:00+00:00,6.04,3.8957910537719727,-2.255200221534965,-1.0546120405197144,10.494013073142135
2024-07-22 17:00:00+00:00,-0.08,3.8008949756622314,-0.00866410831718567,-0.9982927441596985,-2.4248369600243973
2024-07-22 18:00:00+00:00,-1.72,3.6971092224121094,-0.47230915505371474,-0.9516846537590027,-4.516738598554684
2024-07-23 10:00:00+00:00,-4.7,3.5925686359405518,-1.3789629560069732,-0.9212385416030884,11.616800617355194
2024-07-23 11:00:00+00:00,-10.28,3.490949869155884,-1.2986631357343863,-0.8988946080207825,-0.8113063004354147
2024-07-23 12:00:00+00:00,8.15,3.4150137901306152,0.3618361541623194,-0.8708963990211487,0.03710352140561807
2024-07-23 13:00:00+00:00,-4.91,3.34192156791687,1.1035253483662522,-0.8104398250579834,2.781934763967958
2024-07-23 14:00:00+00:00,1.98,3.2563819885253906,0.4257843754804952,-0.7652372717857361,3.197099048572938
2024-07-23 15:00:00+00:00,-0.13,3.1881189346313477,-1.2404388853294712,-0.7408854365348816,-0.4651676839901143
2024-07-23 16:00:00+00:00,14.79,3.1176979541778564,0.001477495657949246,-0.7254883646965027,-9.096762111473689
2024-07-23 17:00:00+00:00,0.29,3.048938751220703,-2.3397495071909002,-0.7023153305053711,-7.201680870610555
2024-07-23 18:00:00+00:00,8.18,2.974076986312866,-0.4000733488012932,-0.6958694458007812,-1.473780259567673
2024-07-24 10:00:00+00:00,5.22,2.8960812091827393,-0.6869532348218358,-0.7027157545089722,-1.9580990564625418
2024-07-24 11:00:00+00:00,-1.0,2.839630365371704,-0.971270002432713,-0.7010995149612427,-5.2955007854490574
2024-07-24 12:00:00+00:00,-2.27,2.796372175216675,-1.167643643287536,-0.6936389803886414,4.212866819338022
2024-07-24 13:00:00+00:00,7.01,2.7460684776306152,-0.04093484111015666,-0.67635577917099,0.10217701725952706
2024-07-24 14:00:00+00:00,-0.95,2.6981630325317383,0.24724153891847994,-0.6412677764892578,-2.6141307875783735
2024-07-24 15:00:00+00:00,6.71,2.647167444229126,-0.7155129302195449,-0.6035944819450378,-2.379677490754496
2024-07-24 16:00:00+00:00,1.81,2.6023764610290527,0.21986827037255188,-0.5600565671920776,0.9515628190117206
2024-07-24 17:00:00+00:00,-0.96,2.5654137134552,-0.7422931042842116,-0.4997086226940155,3.1123285688911673
2024-07-24 18:00:00+00:00,-17.2,2.5250637531280518,0.5933777883936255,-0.4423219859600067,0.21227347900084426
2024-07-25 10:00:00+00:00,-13.69,2.49591064453125,0.03603275005958223,-0.40247267484664917,4.886146420647048
2024-07-25 11:00:00+00:00,6.33,2.4708564281463623,0.15864231155946212,-0.3698785901069641,2.0369462317222484
2024-07-25 12:00:00+00:00,11.32,2.4513962268829346,1.1486560751928452,-0.352944940328598,-4.567922144747175
2024-07-25 13:00:00+00:00,-6.65,2.4424214363098145,0.07980495538033278,-0.33861657977104187,-0.03551344904563028
2024-07-25 14:00:00+00:00,-1.9,2.4448084831237793,1.1173568158585752,-0.31595128774642944,1.2612318426478404
2024-07-25 15:00:00+00:00,3.95,2.451385974884033,0.6362387881452674,-0.30290260910987854,0.5159148627881086
2024-07-25 16:00:00+00:00,7.82,2.456383466720581,1.652314425322779,-0.28026455640792847,-5.593157329285825
2024-07-25 17:00:00+00:00,-0.37,2.4708151817321777,2.1241526606458248,-0.27483367919921875,-6.077528987204072
2024-07-25 18:00:00+00:00,4.41,2.4862263202667236,1.8762714593719705,-0.25642526149749756,-0.9940338797963103
2024-07-26 10:00:00+00:00,3.01,2.5109126567840576,1.893067832815831,-0.23834653198719025,0.021365345040627003
2024-07-26 11:00:00+00:00,8.66,2.5357720851898193,0.681205113801262,-0.2237413376569748,-2.4154457127656737
2024-07-26 12:00:00+00:00,-35.19,2.5664427280426025,-0.5475245235794723,-0.22677625715732574,2.5396148647008174
2024-07-26 13:00:00+00:00,-27.81,2.5916013717651367,0.9387946811247356,-0.23488108813762665,3.407749981266554
2024-07-26 14:00:00+00:00,-0.85,2.6025350093841553,1.4401267782067702,-0.22504782676696777,-2.61226387938126
2024-07-26 15:00:00+00:00,12.66,2.6196439266204834,1.3467882940180749,-0.21687959134578705,9.398161980596559
2024-07-26 16:00:00+00:00,-0.78,2.6521151065826416,1.2999843720399804,-0.19398950040340424,11.635978640836662
2024-07-26 17:00:00+00:00,-12.25,2.675684690475464,1.6055314438773378,-0.14893044531345367,4.970347627164499
2024-07-26 18:00:00+00:00,-40.72,2.6982240676879883,1.4125877693305795,-0.1355256587266922,5.392815585308798
2024-07-29 10:00:00+00:00,-18.39,2.721674919128418,-1.614565922531393,-0.10517220199108124,1.14800443763956
2024-07-29 11:00:00+00:00,-4.84,2.7481603622436523,-2.6154635828767443,-0.05876600742340088,12.595799174577627
2024-07-29 12:00:00+00:00,-3.81,2.7768545150756836,-0.15652288875132814,-0.03782305866479874,21.86609085296795
2024-07-29 13:00:00+00:00,13.41,2.7999253273010254,-1.4525361069494962,-0.00536758778616786,12.119648512433638
2024-07-29 14:00:00+00:00,3.1,2.812474250793457,3.416063327547886,0.03665204718708992,18.707674705327538
2024-07-29 15:00:00+00:00,3.38,2.8245339393615723,4.102441355137574,0.06944939494132996,17.51701158336044
2024-07-29 16:00:00+00:00,-23.61,2.835188865661621,4.286451424646762,0.11724013090133667,15.3698346015159
2024-07-29 17:00:00+00:00,-14.8,2.8511054515838623,1.3041989845046311,0.1900794804096222,14.910565305668984
2024-07-29 18:00:00+00:00,17.69,2.8702805042266846,3.723386395175892,0.23624828457832336,20.802927473474245
2024-07-30 10:00:00+00:00,-4.53,2.894136905670166,2.8336577518980857,0.308666467666626,16.43783087341994
2024-07-30 11:00:00+00:00,12.61,2.9196250438690186,1.9860167811531895,0.3858700394630432,20.240916429670726
2024-07-30 12:00:00+00:00,6.57,2.9482641220092773,1.5292902409924745,0.4522468149662018,10.053810449295227
2024-07-30 13:00:00+00:00,5.31,2.970992088317871,-0.8981268837982632,0.5392202734947205,0.413671704781277
2024-07-30 14:00:00+00:00,4.0,2.9937796592712402,-0.5954667869377147,0.6299054026603699,2.1126694927353595
2024-07-30 15:00:00+00:00,-1.63,3.0196824073791504,-0.3081617377702289,0.7009322047233582,-3.960781834795124
2024-07-30 16:00:00+00:00,1.47,3.0461761951446533,1.1467077140603172,0.7628524899482727,7.387825884562625
2024-07-30 17:00:00+00:00,-3.66,3.0648372173309326,0.7914929374531463,0.8723732829093933,2.0891563624028087
2024-07-30 18:00:00+00:00,1.35,3.103797674179077,0.19245235254933127,0.977506697177887,-3.018961662480504
2024-07-31 10:00:00+00:00,8.12,3.150298595428467,1.3905736272234703,1.0669426918029785,-8.364777850124357
2024-07-31 11:00:00+00:00,-23.38,3.2004005908966064,0.7057975848186143,1.1502225399017334,-4.868153991890593
2024-07-31 12:00:00+00:00,1.8,3.2528302669525146,0.2511565312585342,1.2496886253356934,-5.493852165140078
2024-07-31 13:00:00+00:00,14.05,3.3041250705718994,0.39749476221572905,1.3530899286270142,-11.614299776838816
2024-07-31 14:00:00+00:00,2.77,3.345284938812256,2.5764517856007685,1.4639216661453247,-6.278577691487863
2024-07-31 15:00:00+00:00,6.62,3.390883445739746,1.3772737859436797,1.5804977416992188,-5.908527337918508
2024-07-31 16:00:00+00:00,-8.85,3.4443094730377197,3.149663386132834,1.7195810079574585,-4.765617572445925
2024-07-31 17:00:00+00:00,-4.58,3.4956469535827637,2.1830880506722767,1.8263230323791504,-1.346031762501576
2024-07-31 18:00:00+00:00,21.35,3.5545778274536133,1.394166960389091,1.9560725688934326,-5.084123139625499
2024-08-01 10:00:00+00:00,-9.17,3.609217405319214,2.3030026754714434,2.071077585220337,4.525557387938977
2024-08-01 11:00:00+00:00,-1.13,3.666410446166992,3.1879891424910127,2.1555356979370117,3.474104927374579
2024-08-01 12:00:00+00:00,0.78,3.7318246364593506,3.757459508929889,2.2274529933929443,-8.945643069051343
2024-08-01 13:00:00+00:00,-5.99,3.7924129962921143,2.167708269891798,2.276329755783081,-2.4315894099647783
2024-08-01 14:00:00+00:00,-3.02,3.8438589572906494,2.4063866894149535,2.334113597869873,1.8991045321995852
2024-08-01 15:00:00+00:00,5.5,3.8954598903656006,1.8450957071750447,2.3802502155303955,0.745261249353914
2024-08-01 16:00:00+00:00,-7.53,3.9587459564208984,2.4236902834671463,2.3996236324310303,-1.3492462236207077
2024-08-01 17:00:00+00:00,-7.78,4.002225875854492,1.882391454222668,2.436530590057373,-4.561267890790146
2024-08-01 18:00:00+00:00,-10.88,4.0599684715271,0.8338874573765753,2.4625842571258545,1.2882603679851101
2024-08-02 10:00:00+00:00,-11.72,4.12833309173584,0.6631507586330893,2.4812843799591064,0.07323862794141257
2024-08-02 11:00:00+00:00,-4.18,4.190181255340576,-0.06638664105701747,2.5004286766052246,-3.1153018362658047
2024-08-02 12:00:00+00:00,-0.82,4.253191947937012,-0.10308866151436435,2.515979290008545,2.3874703631664635
2024-08-02 13:00:00+00:00,-11.37,4.300642013549805,-0.4257975974983955,2.5308046340942383,6.103360522041
2024-08-02 14:00:00+00:00,-4.12,4.350829124450684,-1.1141677496842273,2.552983283996582,0.9368880150821953
2024-08-02 15:00:00+00:00,8.63,4.3915228843688965,1.336171127662533,2.5818638801574707,8.509672058907526
2024-08-02 16:00:00+00:00,6.46,4.413484573364258,2.070229353805128,2.6088900566101074,9.514589738115053
2024-08-02 17:00:00+00:00,-8.69,4.4202656745910645,2.1557282255489083,2.633175849914551,9.468632827361372
2024-08-02 18:00:00+00:00,-50.02,4.419171333312988,4.5446570561880035,2.646207094192505,14.841459644450051
2024-08-05 10:00:00+00:00,-12.7,4.410579204559326,1.5470296404184682,2.648324966430664,14.036589634313186
2024-08-05 11:00:00+00:00,-1.93,4.394350528717041,0.8199525028017864,2.646216869354248,14.977728211554227
2024-08-05 12:00:00+00:00,2.66,4.382795333862305,1.8860727018068342,2.6570651531219482,18.45120520971123
2024-08-05 13:00:00+00:00,-11.04,4.369546890258789,1.5703789602579343,2.691676139831543,19.52134052993124
2024-08-05 14:00:00+00:00,-14.41,4.358587265014648,0.8683650396136622,2.732621669769287,22.529124270991407
2024-08-05 15:00:00+00:00,1.85,4.327208995819092,1.8418074979169137,2.7652461528778076,27.455584220703997
2024-08-05 16:00:00+00:00,15.43,4.291269779205322,1.9246443774509936,2.8020880222320557,21.593833738366236
2024-08-05 17:00:00+00:00,-0.12,4.25246524810791,3.902388062405609,2.8293490409851074,16.299973322948883
2024-08-05 18:00:00+00:00,33.44,4.22011661529541,3.690887785166705,2.9004464149475098,19.663977174747906
2024-08-06 10:00:00+00:00,-22.66,4.200117588043213,3.109636390668291,2.986032247543335,2.4242469435558753
2024-08-06 11:00:00+00:00,1.08,4.167057514190674,1.2572808401249715,3.037639856338501,11.762300470636207
2024-08-06 12:00:00+00:00,6.29,4.143768310546875,3.3113581913721575,3.087817668914795,10.920517787857245
2024-08-06 13:00:00+00:00,-9.84,4.108794212341309,5.380994441521312,3.0959625244140625,6.846040284022589
2024-08-06 14:00:00+00:00,-14.91,4.080363750457764,5.243233908526635,3.1265316009521484,6.987281529341892
2024-08-06 15:00:00+00:00,1.04,4.051991939544678,3.946175576161693,3.1606523990631104,13.228523362875888
2024-08-06 16:00:00+00:00,7.0,4.025025367736816,4.196842644493124,3.1876304149627686,9.965428639925857
2024-08-06 17:00:00+00:00,0.59,3.980484962463379,4.125787694742579,3.165393829345703,6.656277590381404
2024-08-06 18:00:00+00:00,0.98,3.934894561767578,4.653888975044732,3.165820598602295,3.184226607549417
2024-08-07 10:00:00+00:00,-16.89,3.886730909347534,4.359101563014717,3.1309804916381836,0.31129402525191435
2024-08-07 11:00:00+00:00,13.32,3.8394134044647217,5.424921387509682,3.119138479232788,-8.110746581781534
2024-08-07 12:00:00+00:00,-10.65,3.817946195602417,4.001861381938754,3.1052238941192627,5.255129553799443
2024-08-07 13:00:00+00:00,11.92,3.8091213703155518,4.878786564495507,3.063249111175537,-2.1871713765227954
2024-08-07 14:00:00+00:00,15.64,3.7953386306762695,6.296856854315588,3.015249729156494,-1.6464683449381443
2024-08-07 15:00:00+00:00,1.12,3.778820753097534,2.1033813420100116,2.9744794368743896,-6.914318153048001
2024-08-07 16:00:00+00:00,19.02,3.758949041366577,1.9119263442457817,2.991947650909424,6.7547757708144704
2024-08-07 17:00:00+00:00,9.73,3.7260751724243164,2.5859310080140747,2.9377758502960205,3.2202451855740857
2024-08-07 18:00:00+00:00,1.54,3.707904577255249,1.4615843851409367,2.9143269062042236,-3.773552667024198
2024-08-08 10:00:00+00:00,4.22,3.701241970062256,3.6972903857437807,2.9071381092071533,-3.2848562496276896
2024-08-08 11:00:00+00:00,-7.03,3.69728422164917,2.1847263975576916,2.905022621154785,-1.3577743039875008
2024-08-08 12:00:00+00:00,-10.04,3.680809736251831,2.6165812578883205,2.9248766899108887,2.6450739056296757
2024-08-08 13:00:00+00:00,3.43,3.6517934799194336,4.569020634988674,2.950538158416748,-4.807107917968582
2024-08-08 14:00:00+00:00,-5.42,3.6309473514556885,3.3452132040784526,2.9747402667999268,4.298083111957351
2024-08-08 15:00:00+00:00,-7.02,3.6093409061431885,3.548913589070705,2.989428758621216,-0.3882652754519339
2024-08-08 16:00:00+00:00,4.87,3.5860021114349365,4.287037346087998,2.994147300720215,7.980470301693027
2024-08-08 17:00:00+00:00,-6.98,3.5651352405548096,3.175684748217932,2.98518443107605,2.4758956462341954
2024-08-08 18:00:00+00:00,11.6,3.535696029663086,2.9676344912643073,2.990708589553833,8.48705138040158
2024-08-09 10:00:00+00:00,-5.53,3.525096893310547,2.3099808545485034,2.9864439964294434,-2.0426754678444556
2024-08-09 11:00:00+00:00,-8.31,3.5168797969818115,2.598050597893377,2.9551074504852295,-3.752267141767261
2024-08-09 12:00:00+00:00,-0.15,3.5013725757598877,2.454635231133253,2.925227165222168,4.010724549152022
2024-08-09 13:00:00+00:00,1.5,3.485581636428833,3.7804047787069504,2.907320976257324,-4.298446042965939
2024-08-09 14:00:00+00:00,2.66,3.4602110385894775,1.747671614865928,2.905242681503296,1.1523811179750127
2024-08-09 15:00:00+00:00,-9.25,3.4427201747894287,2.8142191659788875,2.9222283363342285,1.3835346300162767
2024-08-09 16:00:00+00:00,1.69,3.4287328720092773,2.3498902472997516,2.9208548069000244,8.580570893698194
2024-08-09 17:00:00+00:00,1.57,3.3992679119110107,2.010667152195006,2.9233672618865967,7.548238415922095
2024-08-09 18:00:00+00:00,-17.14,3.375793695449829,3.542692051762392,2.9366533756256104,9.930552548652832
2024-08-12 10:00:00+00:00,-11.85,3.3523385524749756,1.3014240361464786,2.9622642993927,1.1918865255185052
2024-08-12 11:00:00+00:00,5.74,3.329603910446167,-0.10811296378563084,3.017812728881836,8.546229868830931
2024-08-12 12:00:00+00:00,8.32,3.309830904006958,0.22369469164178546,3.0921483039855957,3.0921677907679896
2024-08-12 13:00:00+00:00,8.13,3.287332534790039,0.9457964805664465,3.16802716255188,0.7622500388532352
2024-08-12 14:00:00+00:00,11.61,3.2627816200256348,1.9475258541824216,3.244133472442627,8.176684658329402
2024-08-12 15:00:00+00:00,-8.38,3.241689682006836,-0.8726068864222669,3.3165464401245117,5.157450321505558
2024-08-12 16:00:00+00:00,5.4,3.216240406036377,0.9543525442923129,3.3990142345428467,9.142008862283488
2024-08-12 17:00:00+00:00,-5.35,3.189182758331299,-1.6491309123350815,3.45790958404541,7.932742260594203
2024-08-12 18:00:00+00:00,25.14,3.155217170715332,-0.9719590897832695,3.490858554840088,-0.2675245102815505
2024-08-13 10:00:00+00:00,4.23,3.110656499862671,1.3980665741226574,3.5263123512268066,2.1454731208566673
2024-08-13 11:00:00+00:00,9.49,3.055828809738159,-1.4541620815300988,3.579127311706543,5.880933247795271
2024-08-13 12:00:00+00:00,-1.45,2.9966564178466797,-0.29878094305270797,3.622847080230713,-3.145230686539112
2024-08-13 13:00:00+00:00,-1.46,2.935572385787964,-2.167340243821315,3.680962562561035,-1.6467229443136162
2024-08-13 14:00:00+00:00,4.48,2.8796255588531494,0.28473333092767117,3.717914342880249,6.211965222740231
2024-08-13 15:00:00+00:00,7.0,2.828294277191162,0.617021706509859,3.744448184967041,-0.9079692875576267
2024-08-13 16:00:00+00:00,-4.01,2.7758615016937256,0.48073579028211677,3.7920398712158203,10.294647643855
2024-08-13 17:00:00+00:00,-3.59,2.7403724193573,0.2447674650673115,3.753587484359741,7.067453797527706
2024-08-13 18:00:00+00:00,14.0,2.700422763824463,1.2206605249148166,3.7094993591308594,6.360460524060305
2024-08-14 10:00:00+00:00,7.39,2.6645045280456543,-1.22675337417043,3.636923313140869,8.876384952277036
2024-08-14 11:00:00+00:00,-3.11,2.628502130508423,-1.3592237614060874,3.559519052505493,-6.967580323415805
2024-08-14 12:00:00+00:00,-12.78,2.588169813156128,-1.4210729172147356,3.496372699737549,3.3331230623393537
2024-08-14 13:00:00+00:00,-0.07,2.5505406856536865,-3.0627845198732477,3.446486711502075,2.8863773642987565
2024-08-14 14:00:00+00:00,-0.28,2.51608943939209,-4.503627167220591,3.348987340927124,9.040368398683803
2024-08-14 15:00:00+00:00,-1.46,2.4804115295410156,-1.6107512340404846,3.294044017791748,-3.1673143845130687
2024-08-14 16:00:00+00:00,-8.62,2.4431276321411133,1.108398141646186,3.2540273666381836,9.253519888986904
2024-08-14 17:00:00+00:00,-8.56,2.409513235092163,1.4654379639409236,3.1790878772735596,-0.9300252961482788
2024-08-14 18:00:00+00:00,-18.96,2.3701863288879395,3.5254377792549927,3.142021656036377,3.9345858359417543
2024-08-15 10:00:00+00:00,-6.09,2.330141067504883,2.2921465119963806,3.117393970489502,3.1342250636477513
2024-08-15 11:00:00+00:00,15.5,2.297173261642456,2.602353528379041,3.1007373332977295,10.916006596575464
2024-08-15 12:00:00+00:00,-7.9,2.2649292945861816,4.684102953851143,3.083354949951172,11.398406625189024
2024-08-15 13:00:00+00:00,-4.02,2.2317135334014893,3.586161897296709,3.059171676635742,6.932952028608584
2024-08-15 14:00:00+00:00,-8.28,2.202131748199463,3.35910202374073,3.0242080688476562,15.722763140263053
2024-08-15 15:00:00+00:00,2.17,2.174461603164673,3.023250699101336,2.9899909496307373,12.000158593585775
2024-08-15 16:00:00+00:00,-4.78,2.1444687843322754,1.700007598605426,2.9465174674987793,13.451030512466277
2024-08-15 17:00:00+00:00,-0.64,2.118227481842041,1.620992985639573,2.9033520221710205,9.844554184008743
2024-08-15 18:00:00+00:00,-2.49,2.08868408203125,3.340028901677153,2.8787472248077393,16.610864734221973
2024-08-16 10:00:00+00:00,-3.36,2.0619146823883057,2.760586585032022,2.853708505630493,11.339546557454181
2024-08-16 11:00:00+00:00,-0.32,2.0379600524902344,3.100249643260566,2.8301727771759033,18.094828492830306
2024-08-16 12:00:00+00:00,-2.32,2.0134201049804688,2.9984057834102518,2.8001115322113037,6.088647964338055
2024-08-16 13:00:00+00:00,-0.34,1.992568016052246,3.2650739915205733,2.77443528175354,9.754885242863432
2024-08-16 14:00:00+00:00,5.22,1.9670255184173584,3.2805095266379474,2.7514989376068115,6.756051517383784
2024-08-16 15:00:00+00:00,6.03,1.9421968460083008,3.3135086061784236,2.73858642578125,6.137877118304741
2024-08-16 16:00:00+00:00,-5.18,1.9153449535369873,1.7911517465242706,2.728010892868042,10.145308213989258
2024-08-16 17:00:00+00:00,-7.15,1.8956284523010254,-0.46877084373613276,2.7142674922943115,2.491308258035031
2024-08-16 18:00:00+00:00,-18.97,1.870879888534546,3.075420776257117,2.699481725692749,5.170987760921717
2024-08-19 10:00:00+00:00,3.33,1.841387391090393,2.8164266659503756,2.6823034286499023,3.1451975706906943
2024-08-19 11:00:00+00:00,-14.19,1.814911961555481,3.4444304800574574,2.675175428390503,4.927764569867701
2024-08-19 12:00:00+00:00,-3.4,1.79331374168396,1.5944673318228966,2.663785219192505,4.4313205367891
2024-08-19 13:00:00+00:00,-8.13,1.773935317993164,3.248871625107504,2.6561715602874756,11.958937636847102
2024-08-19 14:00:00+00:00,-5.47,1.7520862817764282,2.5968369901637494,2.65401554107666,4.941404135546854
2024-08-19 15:00:00+00:00,12.08,1.7349478006362915,3.1562983487562515,2.656965494155884,7.717635852435707
2024-08-19 16:00:00+00:00,-0.92,1.7160186767578125,3.647237377517044,2.667076349258423,4.680746245728611
2024-08-19 17:00:00+00:00,-16.89,1.700243592262268,4.824530576034162,2.6898651123046875,4.968652098556003
2024-08-19 18:00:00+00:00,-10.47,1.6814323663711548,4.438731415040704,2.7154016494750977,1.7483010599361408
2024-08-20 10:00:00+00:00,4.49,1.6599210500717163,5.878591572604766,2.728081703186035,1.2074268845925669
2024-08-20 11:00:00+00:00,14.98,1.6364009380340576,3.365796738906014,2.733076810836792,12.802504045498202
2024-08-20 12:00:00+00:00,8.29,1.6119030714035034,3.856857778978933,2.7292592525482178,5.427833172325969
2024-08-20 13:00:00+00:00,-0.79,1.5976020097732544,2.3881680357075665,2.7258706092834473,7.1453184420730915
2024-08-20 14:00:00+00:00,-10.02,1.578865885734558,0.6843861461557745,2.7231950759887695,4.252422784736495
2024-08-20 15:00:00+00:00,10.22,1.5684115886688232,2.484275146916899,2.7187886238098145,7.075799904310512
2024-08-20 16:00:00+00:00,-13.78,1.5596579313278198,-0.12972092189088713,2.7146716117858887,6.180785299791484
2024-08-20 17:00:00+00:00,-10.14,1.5493844747543335,1.7419723656037343,2.7187695503234863,10.4982207254757
2024-08-20 18:00:00+00:00,3.97,1.5394076108932495,0.8976257313151986,2.722102403640747,2.4049950012325896
2024-08-21 10:00:00+00:00,-13.21,1.529615044593811,1.2871660968141665,2.725768566131592,6.200421122643735
2024-08-21 11:00:00+00:00,-5.82,1.522297978401184,0.8051883610939535,2.722609281539917,4.3578787288423575
2024-08-21 12:00:00+00:00,1.54,1.5150631666183472,2.716252137620514,2.7273783683776855,0.055281912552003806
2024-08-21 13:00:00+00:00,5.17,1.5171631574630737,2.013816492408356,2.743110418319702,-0.5183007040655093
2024-08-21 14:00:00+00:00,0.7,1.5191582441329956,0.6295150559410752,2.7549452781677246,-1.2103428336254254
2024-08-21 15:00:00+00:00,14.49,1.5213687419891357,5.3088652213068945,2.7711541652679443,-2.5439318480187025
2024-08-21 16:00:00+00:00,-1.68,1.5188703536987305,2.4762206272401235,2.7824690341949463,6.489122756985999
2024-08-21 17:00:00+00:00,-5.44,1.5084294080734253,1.1720943775931036,2.8024649620056152,-6.124661548030839
2024-08-21 18:00:00+00:00,4.45,1.494201421737671,1.6397254429431605,2.829702615737915,0.18611057336178227
2024-08-22 10:00:00+00:00,8.73,1.4781451225280762,0.6123121382113994,2.8507792949676514,6.652483959634451
2024-08-22 11:00:00+00:00,-2.46,1.4690955877304077,0.9009403848914225,2.873504638671875,0.12512837819720102
2024-08-22 12:00:00+00:00,-6.2,1.4657293558120728,-0.27044350619475943,2.9007251262664795,0.2786523343905271
2024-08-22 13:00:00+00:00,-14.34,1.4672781229019165,-1.9020185589831957,2.918630361557007,10.474817200032101
2024-08-22 14:00:00+00:00,-8.41,1.4663463830947876,1.1541232678010158,2.931432008743286,5.471674166656867
2024-08-22 15:00:00+00:00,-7.86,1.4671711921691895,1.433337985253372,2.9617178440093994,2.568276289564629
2024-08-22 16:00:00+00:00,0.85,1.4687577486038208,2.692183415348725,2.9993691444396973,6.559533813097091
2024-08-22 17:00:00+00:00,-17.15,1.4643747806549072,1.5985135103758177,3.0357465744018555,-4.325230285666912
2024-08-22 18:00:00+00:00,-28.15,1.4634674787521362,0.734807282667658,3.0819618701934814,3.106628627721132
2024-08-23 10:00:00+00:00,4.29,1.4637430906295776,4.770671413979272,3.115361213684082,4.8943177524465815
2024-08-23 11:00:00+00:00,9.44,1.4612691402435303,4.897208857233977,3.1655194759368896,12.61691281933952
2024-08-23 12:00:00+00:00,-10.55,1.4579029083251953,1.6494919167884015,3.190439224243164,14.156594322665159
2024-08-23 13:00:00+00:00,-12.18,1.4538639783859253,2.4504570083656136,3.2162458896636963,6.381000477557524
2024-08-23 14:00:00+00:00,3.38,1.4491448402404785,1.936439642994012,3.2419204711914062,4.725516939126337
2024-08-23 15:00:00+00:00,-2.21,1.443191647529602,4.1031059413895346,3.2805848121643066,19.11602196283822
2024-08-23 16:00:00+00:00,-24.31,1.4372661113739014,2.173444712116736,3.3172152042388916,10.9032605077825
2024-08-23 17:00:00+00:00,-2.99,1.4280251264572144,2.001273258958606,3.339503526687622,15.738126081119322
2024-08-23 18:00:00+00:00,82.81,1.4238762855529785,4.8663884534364135,3.362105369567871,20.34023309613952
2024-08-26 10:00:00+00:00,4.06,1.4221807718276978,2.556945311808054,3.3762125968933105,23.16471440493265
2024-08-26 11:00:00+00:00,4.04,1.4191844463348389,2.4211677921904178,3.4040284156799316,17.64857220072095
2024-08-26 12:00:00+00:00,13.57,1.4090476036071777,0.673626204306118,3.416161298751831,20.356998755626776
2024-08-26 13:00:00+00:00,8.6,1.398941993713379,-0.7837727813778079,3.4252376556396484,4.648520420459867
2024-08-26 14:00:00+00:00,2.71,1.390460729598999,-0.670599891281937,3.4385883808135986,13.306272243244232
2024-08-26 15:00:00+00:00,-0.73,1.3813152313232422,2.4517391815164893,3.441164970397949,19.80990343624203
2024-08-26 16:00:00+00:00,-6.83,1.3682433366775513,-0.007815687780344499,3.4369168281555176,9.047315775277877
2024-08-26 17:00:00+00:00,-6.95,1.3563426733016968,-0.9553761259758045,3.4398486614227295,9.630962829666503
2024-08-26 18:00:00+00:00,16.02,1.3486732244491577,0.5722290250100708,3.4402527809143066,14.080944289254733
2024-08-27 10:00:00+00:00,-17.6,1.3452000617980957,0.09657363277507011,3.4393625259399414,23.514117256530483
2024-08-27 11:00:00+00:00,3.16,1.338672399520874,1.4514092899163975,3.4488813877105713,3.923945257514135
2024-08-27 12:00:00+00:00,-10.55,1.3302521705627441,-0.20358405115969125,3.465424060821533,4.489929283274985
2024-08-27 13:00:00+00:00,4.49,1.320955514907837,-0.49756318997713467,3.477898359298706,4.749462402594301
2024-08-27 14:00:00+00:00,-16.01,1.3076668977737427,2.004156889588014,3.49017071723938,10.527064652803274
2024-08-27 15:00:00+00:00,-12.51,1.2982962131500244,3.8406783597563567,3.504987955093384,8.293808580490087
2024-08-27 16:00:00+00:00,2.51,1.2906240224838257,3.25700761803392,3.517244815826416,4.544824814171548
2024-08-27 17:00:00+00:00,-2.88,1.288020372390747,0.48119736222764364,3.5270988941192627,3.34643986585403
2024-08-27 18:00:00+00:00,-13.24,1.2825170755386353,2.44944757633661,3.5279037952423096,13.514223335573714
2024-08-28 10:00:00+00:00,-12.56,1.279105305671692,1.813061840341199,3.5250062942504883,18.930418280762783
2024-08-28 11:00:00+00:00,-9.31,1.2778306007385254,-0.16426761577210025,3.5330286026000977,14.646896061586839
2024-08-28 12:00:00+00:00,-11.91,1.2750972509384155,-0.931940043761651,3.5298454761505127,19.41066655785929
2024-08-28 13:00:00+00:00,-18.85,1.2741541862487793,1.1594034410388878,3.5285792350769043,14.4312896428247
2024-08-28 14:00:00+00:00,22.4,1.271662712097168,-0.050404730746717585,3.536024332046509,25.40627266588172
2024-08-28 15:00:00+00:00,19.41,1.2716468572616577,-0.5459926999059898,3.5411934852600098,19.521159428566907
2024-08-28 16:00:00+00:00,-0.24,1.275089144706726,-0.05396853112299688,3.5474462509155273,17.60300009122251
2024-08-28 17:00:00+00:00,-6.1,1.2815744876861572,3.1156218359403667,3.549048662185669,6.480078447190762
2024-08-28 18:00:00+00:00,7.26,1.2789772748947144,3.347472642415858,3.5443544387817383,29.41054040699122
2024-08-29 10:00:00+00:00,6.72,1.275185465812683,1.9205044458169507,3.538431406021118,12.553425420566088
2024-08-29 11:00:00+00:00,-28.21,1.269737958908081,2.1657140733233557,3.5374910831451416,17.028493345915013
2024-08-29 12:00:00+00:00,11.5,1.2640570402145386,1.8791570998431841,3.538026809692383,22.276362394393004
2024-08-29 13:00:00+00:00,-0.57,1.2622932195663452,0.37169699812800905,3.541221857070923,16.714628083271705
2024-08-29 14:00:00+00:00,-3.76,1.2582839727401733,0.058973094085660066,3.5382301807403564,15.69975396881395
2024-08-29 15:00:00+00:00,0.87,1.256245732307434,0.44456730339323913,3.54228138923645,19.750609605987112
2024-08-29 16:00:00+00:00,12.83,1.2515054941177368,-0.7594291226207044,3.539649486541748,-1.6649998525403908
2024-08-29 17:00:00+00:00,1.65,1.246525526046753,2.337392947461869,3.535365104675293,5.74146821700314
2024-08-29 18:00:00+00:00,-9.34,1.2388755083084106,-0.90789071799662,3.5383992195129395,16.25902947996729
2024-08-30 10:00:00+00:00,2.02,1.23300039768219,-1.0337924979670428,3.534109354019165,2.4507687743709363
2024-08-30 11:00:00+00:00,-25.77,1.2266638278961182,-0.9661124959299665,3.5347728729248047,6.496620185344287
2024-08-30 12:00:00+00:00,-7.42,1.2215158939361572,2.1713436791926064,3.5345044136047363,-0.8780893688987808
2024-08-30 13:00:00+00:00,-15.09,1.2246240377426147,0.8415067314171606,3.5388755798339844,11.842028319571552
2024-08-30 14:00:00+00:00,5.86,1.2278227806091309,0.5587974183187121,3.5533950328826904,4.945503370817261
2024-08-30 15:00:00+00:00,-0.51,1.2369637489318848,3.8073300637622998,3.573305368423462,4.236345823237551
2024-08-30 16:00:00+00:00,-10.93,1.2386714220046997,3.5713115431965536,3.594412326812744,9.224842842108488
2024-08-30 17:00:00+00:00,3.23,1.2410576343536377,4.018932755647519,3.613115072250366,15.04331438771123
2024-08-30 18:00:00+00:00,-59.75,1.2416096925735474,2.1375307185853663,3.623969316482544,-1.9150027533176577
2024-09-02 10:00:00+00:00,-17.21,1.241499900817871,2.824338270924684,3.64512038230896,1.0009107260024392
2024-09-02 11:00:00+00:00,1.39,1.2412052154541016,3.7312542802899458,3.6806933879852295,22.823768900506092
2024-09-02 12:00:00+00:00,11.93,1.24200439453125,6.8291656957786,3.706409454345703,12.84896847872579
2024-09-02 13:00:00+00:00,-17.13,1.2409083843231201,5.366573400726369,3.727386951446533,20.799112554626063
2024-09-02 14:00:00+00:00,-20.92,1.241979956626892,4.094368600480292,3.74958872795105,19.159558666577833
2024-09-02 15:00:00+00:00,2.82,1.2434494495391846,3.6063813524090174,3.753788709640503,31.02374079940245
2024-09-02 16:00:00+00:00,8.47,1.2449970245361328,4.691586339166175,3.7601161003112793,17.451274208044804
2024-09-02 17:00:00+00:00,-14.85,1.2528412342071533,4.743559484167575,3.7532899379730225,23.168724592268475
2024-09-02 18:00:00+00:00,-19.52,1.2571989297866821,3.398386597130287,3.7542920112609863,30.05531922504367
2024-09-03 10:00:00+00:00,63.82,1.2581367492675781,4.706544775663972,3.7629122734069824,34.44381758111188
2024-09-03 11:00:00+00:00,-3.96,1.2624095678329468,5.731343739407044,3.7669363021850586,22.693311629295447
2024-09-03 12:00:00+00:00,1.93,1.2693257331848145,5.009825745914236,3.765900135040283,22.384092582587016
2024-09-03 13:00:00+00:00,-29.24,1.2811622619628906,5.092300834444131,3.747178316116333,26.09301590168342
2024-09-03 14:00:00+00:00,-5.83,1.294385313987732,5.833784932960064,3.7370336055755615,8.950542839598022
2024-09-03 15:00:00+00:00,1.07,1.3081912994384766,6.844714139323231,3.7214019298553467,17.226198785420383
2024-09-03 16:00:00+00:00,-27.88,1.3239383697509766,3.8276907449724447,3.720828056335449,14.867776786572112
2024-09-03 17:00:00+00:00,-1.08,1.3325026035308838,3.8084642970857883,3.6991541385650635,19.567873612575966
2024-09-03 18:00:00+00:00,31.1,1.3416906595230103,4.019266932968607,3.714465379714966,5.601387394123395
2024-09-04 10:00:00+00:00,1.77,1.3526991605758667,4.220231792683239,3.7311880588531494,5.976929862937472
2024-09-04 11:00:00+00:00,3.86,1.368317723274231,2.838832715705149,3.754195213317871,7.094241668370928
2024-09-04 12:00:00+00:00,18.26,1.3809245824813843,1.5823466929942376,3.7881808280944824,3.509774076167934
2024-09-04 13:00:00+00:00,3.5,1.3904489278793335,1.21175054753641,3.806957483291626,-0.4443820666897691
2024-09-04 14:00:00+00:00,-4.76,1.4050065279006958,1.378074358767542,3.8133437633514404,-11.442929305767624
2024-09-04 15:00:00+00:00,-0.5,1.4191458225250244,1.4657928270317333,3.8196933269500732,2.9314093246546418
2024-09-04 16:00:00+00:00,14.31,1.4267486333847046,1.1267592121582486,3.8218014240264893,10.005940855590001
2024-09-04 17:00:00+00:00,13.23,1.4309560060501099,2.9439960926223008,3.8136680126190186,6.241804618531086
2024-09-04 18:00:00+00:00,16.99,1.4449708461761475,3.4540926559576732,3.8146350383758545,3.6685630593369956
2024-09-05 10:00:00+00:00,1.47,1.4564123153686523,3.6157737925598985,3.816744565963745,14.350995834502186
2024-09-05 11:00:00+00:00,19.4,1.4688414335250854,3.4632659271601773,3.8186912536621094,3.7817754928988756
2024-09-05 12:00:00+00:00,1.14,1.4806040525436401,4.409237659517972,3.825593948364258,3.720584576423234
2024-09-05 13:00:00+00:00,9.43,1.4953352212905884,3.231964878767948,3.822904586791992,-0.5715185403028019
2024-09-05 14:00:00+00:00,-4.12,1.5134057998657227,3.730592870710214,3.8082315921783447,1.7126494721665328
2024-09-05 15:00:00+00:00,-1.05,1.536167025566101,2.966971730619989,3.8005316257476807,7.435418763057657
2024-09-05 16:00:00+00:00,-10.23,1.5562705993652344,1.1957988040605994,3.7961881160736084,15.108207248051949
2024-09-05 17:00:00+00:00,-16.56,1.5770549774169922,2.0018880223260833,3.7768325805664062,10.131982985164392
2024-09-05 18:00:00+00:00,1.44,1.6064307689666748,0.4974970536338223,3.7605485916137695,5.881777052340588
2024-09-06 10:00:00+00:00,-9.57,1.6386200189590454,0.5770519720475167,3.7419393062591553,14.499017589159509
2024-09-06 11:00:00+00:00,4.6,1.6681864261627197,0.373080239168706,3.725404739379883,3.7233347847003375
2024-09-06 12:00:00+00:00,-3.95,1.6932274103164673,0.8970850706041693,3.7035086154937744,11.402072105657354
2024-09-06 13:00:00+00:00,6.37,1.718502402305603,2.1657083180291563,3.6822702884674072,-6.521168895812426
2024-09-06 14:00:00+00:00,21.65,1.7356990575790405,1.5134306646932083,3.6674811840057373,5.691263455256402
2024-09-06 15:00:00+00:00,2.13,1.7555553913116455,-0.7166733121745708,3.6457130908966064,-2.6271954182125055
2024-09-06 16:00:00+00:00,-19.53,1.7743622064590454,1.3755566134285029,3.632418155670166,8.591874010671797
2024-09-06 17:00:00+00:00,-1.39,1.7945612668991089,2.099849898933133,3.605597496032715,1.0568183733941272
2024-09-06 18:00:00+00:00,48.41,1.8155733346939087,1.64313973026519,3.578550100326538,20.06039972555778
2024-09-09 10:00:00+00:00,3.08,1.8351263999938965,1.4651987671218312,3.540303945541382,19.5452539963169
2024-09-09 11:00:00+00:00,9.84,1.8476438522338867,3.178298685742756,3.5130679607391357,4.910288181606621
2024-09-09 12:00:00+00:00,7.53,1.8548465967178345,3.5687386667758885,3.4860458374023438,10.903830043238756
2024-09-09 13:00:00+00:00,-6.25,1.8601648807525635,1.1053897797872214,3.465135097503662,3.8312877558106684
2024-09-09 14:00:00+00:00,-2.04,1.867039680480957,-0.05228274384799442,3.4425387382507324,14.219523913492806
2024-09-09 15:00:00+00:00,-0.38,1.8748538494110107,1.4709314621506908,3.4156973361968994,7.936207901513551
2024-09-09 16:00:00+00:00,10.21,1.8876842260360718,3.518880147692315,3.3924312591552734,6.053310242908148
2024-09-09 17:00:00+00:00,9.4,1.902713418006897,3.027265890179859,3.3589165210723877,7.339348771488639
2024-09-09 18:00:00+00:00,4.01,1.9196665287017822,1.1303831425654542,3.3248350620269775,21.502401360644644
2024-09-10 10:00:00+00:00,-10.8,1.9391396045684814,2.052817042887772,3.297414779663086,-1.7173627648173915
2024-09-10 11:00:00+00:00,1.11,1.9556455612182617,2.3289561793492903,3.2697982788085938,-0.10782701404638854
2024-09-10 12:00:00+00:00,-2.68,1.972808837890625,2.5127116102346587,3.2456912994384766,3.4106869641074775
2024-09-10 13:00:00+00:00,-3.28,1.9861831665039062,0.39838346768993765,3.215287685394287,-0.04389120473973353
2024-09-10 14:00:00+00:00,-6.13,1.9977582693099976,0.431815112384497,3.1841986179351807,3.358631225024418
2024-09-10 15:00:00+00:00,8.75,2.0133607387542725,1.782850647079178,3.159447431564331,6.4706111133706905
2024-09-10 16:00:00+00:00,-18.68,2.0205609798431396,0.8851447185744349,3.1303513050079346,1.7765632177422215
2024-09-10 17:00:00+00:00,-4.09,2.0326356887817383,3.4295158224515783,3.0855255126953125,7.920281675005346
2024-09-10 18:00:00+00:00,1.35,2.046269655227661,0.1344245277364356,3.0467631816864014,4.431347395010395
2024-09-11 10:00:00+00:00,-8.47,2.0605404376983643,2.075833901939546,3.033597469329834,3.434593351704549
2024-09-11 11:00:00+00:00,3.26,2.060830593109131,0.5709626015242496,3.0220890045166016,13.813712595898384
2024-09-11 12:00:00+00:00,-1.01,2.0693321228027344,1.8157715381596942,3.0227129459381104,2.887748226486491
2024-09-11 13:00:00+00:00,11.11,2.078470230102539,0.052649088762608875,3.0199291706085205,2.343007269811949
2024-09-11 14:00:00+00:00,1.11,2.0898032188415527,0.11095514233601064,3.018280506134033,7.022606798326511
2024-09-11 15:00:00+00:00,-2.16,2.088212251663208,1.436208171254594,3.011808156967163,6.138544871240391
2024-09-11 16:00:00+00:00,-11.49,2.082876443862915,0.49393163830524983,2.999748945236206,4.470457170579391
2024-09-11 17:00:00+00:00,2.95,2.0856943130493164,1.0519202355884367,2.981175184249878,1.4697801471583845
2024-09-11 18:00:00+00:00,-41.29,2.0794994831085205,0.9206241929005076,2.9563751220703125,18.057664962745278
2024-09-12 10:00:00+00:00,-2.34,2.070164680480957,2.7129895913357487,2.939075231552124,7.409930432987417
2024-09-12 11:00:00+00:00,-2.38,2.056820869445801,1.7244305017447572,2.9285175800323486,9.633668607063957
2024-09-12 12:00:00+00:00,-1.16,2.0507752895355225,0.11012883076987104,2.91208815574646,8.209221720656043
2024-09-12 13:00:00+00:00,2.96,2.0394937992095947,0.8852310889656321,2.894782066345215,12.43051083123679
2024-09-12 14:00:00+00:00,-16.22,2.028102397918701,1.8757386309391193,2.871731996536255,8.151779293417071
2024-09-12 15:00:00+00:00,6.82,2.0175158977508545,0.8518172083679644,2.849209785461426,8.133957226569677
2024-09-12 16:00:00+00:00,3.31,2.006751775741577,1.8379583387191862,2.8303020000457764,1.5107743666470423
2024-09-12 17:00:00+00:00,-2.73,1.9905595779418945,1.2321823930169313,2.8103859424591064,12.107627310149088
2024-09-12 18:00:00+00:00,19.71,1.971008062362671,0.9476317457047972,2.791896343231201,18.485993798954713
2024-09-13 10:00:00+00:00,-1.82,1.9551483392715454,4.6019352106735845,2.772137403488159,1.8429830898144832
2024-09-13 11:00:00+00:00,0.64,1.9409358501434326,2.889926070815492,2.757721185684204,21.579598202775863
2024-09-13 12:00:00+00:00,-29.44,1.9335575103759766,1.833458455080726,2.7425954341888428,10.336315388445767
2024-09-13 13:00:00+00:00,-3.29,1.9250355958938599,2.720444754075161,2.724923610687256,10.092425406522702
2024-09-13 14:00:00+00:00,27.59,1.91646409034729,3.9854490813596333,2.7167975902557373,10.38721903338359
2024-09-13 15:00:00+00:00,18.72,1.9016848802566528,2.21038131024305,2.7113966941833496,5.6318994335995125
2024-09-13 16:00:00+00:00,17.1,1.884836196899414,3.4351548549879873,2.708618402481079,9.11567197541691
2024-09-13 17:00:00+00:00,14.78,1.8652904033660889,3.305011708793433,2.7052016258239746,7.8782892774781335
2024-09-13 18:00:00+00:00,9.98,1.8491393327713013,1.564747774915053,2.705094337463379,-5.523502937427425
2024-09-16 10:00:00+00:00,20.55,1.8305976390838623,0.46072574553093254,2.716717481613159,-2.1181496174379886
2024-09-16 11:00:00+00:00,21.02,1.8158366680145264,2.865551926856731,2.726431131362915,0.3376531106852766
2024-09-16 12:00:00+00:00,-0.39,1.8039953708648682,2.9747500065430352,2.734569787979126,-0.3787752983163609
2024-09-16 13:00:00+00:00,6.38,1.7997567653656006,1.8409466274957278,2.7417237758636475,-2.2433555828241336
2024-09-16 14:00:00+00:00,4.47,1.786643385887146,2.04536411615749,2.7500059604644775,14.909177808237189
2024-09-16 15:00:00+00:00,-0.31,1.773979663848877,1.9514008107582825,2.773371934890747,7.717553250757819
2024-09-16 16:00:00+00:00,3.72,1.76327645778656,1.0510415546064535,2.784507989883423,2.5052794021205114
2024-09-16 17:00:00+00:00,-0.21,1.7427494525909424,1.099380633238569,2.80743670463562,4.251800447628974
2024-09-16 18:00:00+00:00,-2.16,1.7229617834091187,1.9627266257581208,2.8251793384552,6.585213445203303
2024-09-17 10:00:00+00:00,7.48,1.7063394784927368,2.846580268844324,2.8466885089874268,12.820829749983528
2024-09-17 11:00:00+00:00,-4.37,1.698164701461792,2.787757972019175,2.863577127456665,5.377960040868404
2024-09-17 12:00:00+00:00,-2.67,1.6844745874404907,1.642678975089572,2.8737945556640625,5.444382231299417
2024-09-17 13:00:00+00:00,-8.57,1.680116057395935,0.5675145587013094,2.8804516792297363,6.103486249653738
2024-09-17 14:00:00+00:00,11.22,1.6704555749893188,1.2152919231992543,2.9008190631866455,7.308923296450888
2024-09-17 15:00:00+00:00,7.94,1.6709376573562622,1.6453169235098963,2.919785261154175,1.921018551697609
2024-09-17 16:00:00+00:00,20.67,1.6629836559295654,-0.10524467312046165,2.934711217880249,10.068036592621905
2024-09-17 17:00:00+00:00,0.3,1.6531178951263428,1.6170421003528768,2.951417922973633,8.421761517429136
2024-09-17 18:00:00+00:00,0.35,1.6361435651779175,1.5635153587604966,2.960374593734741,2.259312925937118
2024-09-18 10:00:00+00:00,-9.33,1.6220591068267822,1.4005429202874342,2.967369794845581,6.198386337108191
2024-09-18 11:00:00+00:00,-2.51,1.617126703262329,0.42111178554622775,2.9685213565826416,4.694471133788981
2024-09-18 12:00:00+00:00,-7.32,1.6034811735153198,0.5750708484287826,2.972679615020752,-0.8891899808157058
2024-09-18 13:00:00+00:00,-11.35,1.5850003957748413,2.2523432768194533,2.9808967113494873,2.176264525278361
2024-09-18 14:00:00+00:00,4.8,1.5704619884490967,1.1020247003115138,2.9881527423858643,1.7228745849942797
2024-09-18 15:00:00+00:00,10.39,1.5632648468017578,1.6560330699420245,2.992352247238159,6.720974892307975
2024-09-18 16:00:00+00:00,-1.08,1.5514023303985596,0.6174280981532667,2.99859881401062,1.019368487795385
2024-09-18 17:00:00+00:00,-6.26,1.543429970741272,0.8214760964746902,2.996241331100464,1.4046467567529934
2024-09-18 18:00:00+00:00,-5.46,1.5363861322402954,1.1108173690497343,2.997708797454834,4.693222817406245
2024-09-19 10:00:00+00:00,12.26,1.5300414562225342,3.0527332657410424,3.002790689468384,7.5917643929447705
2024-09-19 11:00:00+00:00,18.82,1.5261300802230835,3.1447148766436874,3.0053563117980957,2.3311065490051064
2024-09-19 12:00:00+00:00,-13.58,1.513924479484558,1.5130206029864217,3.0114259719848633,0.3786388110858313
2024-09-19 13:00:00+00:00,6.79,1.5100436210632324,2.7512093056389015,3.01324200630188,6.754503022670927
2024-09-19 14:00:00+00:00,-16.86,1.503003478050232,2.2949253354146566,3.007443904876709,9.270235868034625
2024-09-19 15:00:00+00:00,4.63,1.5022250413894653,3.630102071671432,3.0058634281158447,4.828189767902483
2024-09-19 16:00:00+00:00,5.56,1.499719262123108,2.9830181698444567,3.0086135864257812,9.983317129881554
2024-09-19 17:00:00+00:00,-4.98,1.4982038736343384,1.535060769034073,3.0078771114349365,6.348365774639752
2024-09-19 18:00:00+00:00,17.8,1.4964046478271484,1.2531933323123803,3.009812593460083,0.9422889221402566
2024-09-20 10:00:00+00:00,8.49,1.4939974546432495,2.0188871341618704,3.008138656616211,0.9026706060062186
2024-09-20 11:00:00+00:00,2.0,1.4892470836639404,-1.7427762751456164,3.005697727203369,8.700702924332276
2024-09-20 12:00:00+00:00,-0.28,1.4790161848068237,-0.41238425877819007,3.0054049491882324,6.016968765404488
2024-09-20 13:00:00+00:00,3.86,1.4718163013458252,-1.2976613428898305,2.998769998550415,1.1953573593887796
2024-09-20 14:00:00+00:00,-5.8,1.4617000818252563,-1.67148078655468,2.995265245437622,6.4095906233641715
2024-09-20 15:00:00+00:00,-3.75,1.454063057899475,-0.6901210166980005,2.9858298301696777,2.1892205690856343
2024-09-20 16:00:00+00:00,-1.46,1.4415059089660645,0.9034032676043858,2.980473756790161,11.875909698588696
2024-09-20 17:00:00+00:00,2.58,1.4353206157684326,0.7772910853531659,2.9733612537384033,-2.706109237121432
2024-09-20 18:00:00+00:00,29.52,1.4260503053665161,-0.09148747477159713,2.9681458473205566,5.420988887221943
2024-09-23 10:00:00+00:00,2.15,1.4166735410690308,-0.04440826385933955,2.9647061824798584,8.568414985390186
2024-09-23 11:00:00+00:00,-3.6,1.4074106216430664,-0.49739661564276494,2.969782829284668,2.2357319106941858
2024-09-23 12:00:00+00:00,9.29,1.4022630453109741,-0.8962251088327833,2.9689369201660156,2.8206634358695104
2024-09-23 13:00:00+00:00,2.7,1.400966763496399,-0.6254393180420279,2.968705177307129,-5.742681542674723
2024-09-23 14:00:00+00:00,-1.22,1.3944058418273926,-0.6315524793728948,2.962461471557617,6.76030455928942
2024-09-23 15:00:00+00:00,6.64,1.3813261985778809,-1.229028221601677,2.962108612060547,0.565251546273896
2024-09-23 16:00:00+00:00,3.97,1.3673702478408813,-0.5385670190911556,2.9659500122070312,10.529759304990614
2024-09-23 17:00:00+00:00,-11.93,1.3588027954101562,0.10123812805030169,2.9599971771240234,1.9440916349329822
2024-09-23 18:00:00+00:00,16.75,1.346506118774414,1.8797605975815648,2.9622726440429688,11.307266025082576
2024-09-24 10:00:00+00:00,11.61,1.334191918373108,1.0121563468121764,2.9482522010803223,11.996337300775934
2024-09-24 11:00:00+00:00,9.14,1.3207839727401733,1.2419008832834155,2.9308903217315674,5.269923867898887
2024-09-24 12:00:00+00:00,-0.94,1.3099709749221802,0.8964899425905855,2.921990394592285,2.6582953258244415
2024-09-24 13:00:00+00:00,-2.64,1.2946686744689941,-1.1977375383110807,2.906198740005493,-0.9887217491977048
2024-09-24 14:00:00+00:00,-1.97,1.2793009281158447,-1.41207590000245,2.885455846786499,2.3153403854931587
2024-09-24 15:00:00+00:00,5.67,1.2635176181793213,-1.301548546763728,2.8720216751098633,0.5993363737515035
2024-09-24 16:00:00+00:00,10.67,1.249456763267517,-1.5041966066407082,2.8562378883361816,3.803927294033932
2024-09-24 17:00:00+00:00,3.8,1.2375503778457642,-1.3373487590312163,2.8357467651367188,-1.9125641051140025
2024-09-24 18:00:00+00:00,-15.22,1.2254341840744019,-0.8786889342663413,2.816575050354004,3.6839339415419388
2024-09-25 10:00:00+00:00,8.37,1.2107313871383667,0.9593354868450197,2.799738883972168,13.426335922429715
2024-09-25 11:00:00+00:00,17.57,1.1973270177841187,-0.3033200579741787,2.789764881134033,-2.027697065556281
2024-09-25 12:00:00+00:00,-3.58,1.1835048198699951,0.09754887165903464,2.780613422393799,-6.898808917591336
2024-09-25 13:00:00+00:00,-13.14,1.169886589050293,0.03215153162060891,2.770728349685669,1.0505350454571827
2024-09-25 14:00:00+00:00,-1.6,1.156133770942688,0.16399893293587864,2.7576894760131836,-0.8987070398110206
2024-09-25 15:00:00+00:00,-18.47,1.144637107849121,0.09420493732245644,2.743839979171753,3.0526916512695705
2024-09-25 16:00:00+00:00,-7.4,1.132627010345459,2.6606681902489844,2.728285074234009,-4.889108042860641
2024-09-25 17:00:00+00:00,-8.38,1.1257531642913818,3.392281561694141,2.7249886989593506,1.6504782394866127
2024-09-25 18:00:00+00:00,-17.81,1.1191580295562744,1.6394526298926289,2.7225968837738037,6.91927487728542
2024-09-26 10:00:00+00:00,16.92,1.114762544631958,1.1704552339131937,2.722923517227173,6.675403190855845
2024-09-26 11:00:00+00:00,7.89,1.1139405965805054,3.6893680212352575,2.7314743995666504,-0.09467540970622777
2024-09-26 12:00:00+00:00,-8.16,1.1170060634613037,2.1971673822114868,2.738719940185547,8.7229888664039
2024-09-26 13:00:00+00:00,9.22,1.1154613494873047,3.790077299760305,2.743631601333618,2.696296066634726
2024-09-26 14:00:00+00:00,-12.56,1.1112910509109497,3.0129331063468183,2.758544445037842,3.9643915066263276
2024-09-26 15:00:00+00:00,-10.35,1.1067191362380981,3.3716875493655825,2.773125648498535,15.605770625935406
2024-09-26 16:00:00+00:00,7.52,1.1016560792922974,2.190336510268179,2.7828476428985596,4.801600175076538
2024-09-26 17:00:00+00:00,6.87,1.0946053266525269,2.9852456009156954,2.796848773956299,8.388882569613985
2024-09-26 18:00:00+00:00,2.56,1.092089056968689,1.713906511593395,2.8060638904571533,11.551656075833794
2024-09-27 10:00:00+00:00,7.89,1.0897964239120483,3.7765200659729063,2.8157758712768555,4.037841474765958
2024-09-27 11:00:00+00:00,5.68,1.0866131782531738,2.0617251547910196,2.82322359085083,12.748970743111897
2024-09-27 12:00:00+00:00,0.34,1.0837814807891846,-1.6497607299399382,2.826605796813965,9.09068932667312
2024-09-27 13:00:00+00:00,-5.01,1.075782299041748,-0.26866657487747686,2.8339178562164307,5.5185517912726105
2024-09-27 14:00:00+00:00,-0.11,1.0698741674423218,-0.47251119092354854,2.8316164016723633,10.403653955317628
2024-09-27 15:00:00+00:00,4.2,1.066751480102539,-1.777621176338334,2.829939365386963,4.610431223168575
2024-09-27 16:00:00+00:00,8.85,1.0658718347549438,-1.2818827040896128,2.83149790763855,5.5643989292962175
2024-09-27 17:00:00+00:00,4.51,1.059838056564331,-0.9214289587262057,2.836291790008545,3.6387558372755713
2024-09-27 18:00:00+00:00,19.37,1.055371880531311,-1.0685218189418846,2.837442636489868,-2.156278415054274
2024-09-30 10:00:00+00:00,1.81,1.0460312366485596,-0.2450034033241899,2.835732936859131,1.216809859558892
2024-09-30 11:00:00+00:00,-21.28,1.0401475429534912,0.9117581256308243,2.8354415893554688,8.060529275989866
2024-09-30 12:00:00+00:00,1.99,1.0326005220413208,1.3070267182236626,2.8341403007507324,-7.367461283419027
2024-09-30 13:00:00+00:00,-15.48,1.0307915210723877,0.15235384522080675,2.832414388656616,2.839072893816838
2024-09-30 14:00:00+00:00,11.6,1.030670404434204,1.1396887488564582,2.837754726409912,4.90079516776023
2024-09-30 15:00:00+00:00,2.34,1.0350871086120605,2.0230782749180527,2.8432586193084717,-7.420768006832841
2024-09-30 16:00:00+00:00,-9.48,1.0434597730636597,0.96654077660669,2.8429336547851562,4.911407605779205
2024-09-30 17:00:00+00:00,8.13,1.0431532859802246,0.7697257233038566,2.8511030673980713,-1.5698514922722486
2024-09-30 18:00:00+00:00,-42.74,1.0393825769424438,0.7072785779154841,2.8578312397003174,-12.934800517599886
2024-10-01 10:00:00+00:00,-8.91,1.0388963222503662,1.34630852214033,2.864715337753296,6.531459893679867
2024-10-01 11:00:00+00:00,13.51,1.0472491979599,1.1871849763928686,2.88110089302063,5.46119822753279
2024-10-01 12:00:00+00:00,-2.15,1.0507633686065674,1.8701909996970292,2.905517101287842,2.860767108804412
2024-10-01 13:00:00+00:00,-1.4,1.0530946254730225,1.2798634696557012,2.919034004211426,12.155586330062933
2024-10-01 14:00:00+00:00,-7.53,1.054208517074585,1.1402720733039264,2.932279109954834,2.9491421073916255
2024-10-01 15:00:00+00:00,5.15,1.0525047779083252,-1.72630280958915,2.936060667037964,12.893448625504728
2024-10-01 16:00:00+00:00,8.73,1.0489214658737183,0.20995995044766497,2.9461312294006348,5.574604034865658
2024-10-01 17:00:00+00:00,-8.03,1.0384727716445923,-0.4747836653564802,2.960890769958496,2.9628339908207364
2024-10-01 18:00:00+00:00,22.68,1.0335159301757812,-0.09355665676588226,2.9696385860443115,12.287422796744567
2024-10-02 10:00:00+00:00,-3.73,1.0312000513076782,0.3828706433991547,2.985668897628784,11.507420076940607
2024-10-02 11:00:00+00:00,-7.11,1.0277143716812134,-0.7930974945899039,2.9951279163360596,7.726333093125324
2024-10-02 12:00:00+00:00,3.64,1.0260968208312988,-0.609437000361248,3.0040342807769775,11.223446643026328
2024-10-02 13:00:00+00:00,-4.39,1.0235460996627808,-0.7100208395652633,3.0065863132476807,7.10486535429739
2024-10-02 14:00:00+00:00,-14.88,1.0225814580917358,-1.2199381606702169,3.003857135772705,3.3699710496618147
2024-10-02 15:00:00+00:00,-1.7,1.0214794874191284,-1.406193432879242,2.999612331390381,3.3748272989818027
2024-10-02 16:00:00+00:00,-21.21,1.0216054916381836,-0.8765947047872311,2.9958510398864746,8.114818280571072
2024-10-02 17:00:00+00:00,-20.7,1.0127087831497192,0.27032799231706117,3.0011191368103027,4.962686193459078
2024-10-02 18:00:00+00:00,-0.66,1.0081218481063843,1.811136542806123,3.0048763751983643,6.323889794700763
2024-10-03 10:00:00+00:00,-8.53,1.002608060836792,1.869770018766948,3.00533390045166,7.882555975404561
2024-10-03 11:00:00+00:00,-0.18,1.003327488899231,1.40457177360604,3.0019171237945557,6.148695875918577
2024-10-03 12:00:00+00:00,-11.36,1.0023616552352905,1.6373534406350658,3.000760078430176,7.5016392171166055
2024-10-03 13:00:00+00:00,-1.38,1.0065267086029053,2.4176785674845997,2.9936132431030273,5.1866155151330355
2024-10-03 14:00:00+00:00,28.8,1.0109734535217285,2.0857379040430057,2.997788429260254,12.94237965622973
2024-10-03 15:00:00+00:00,10.64,1.0147640705108643,2.244767047434615,2.9949123859405518,11.162612406412943
2024-10-03 16:00:00+00:00,-0.3,1.015440821647644,3.0162323655404584,2.997708797454834,6.699667285021697
2024-10-03 17:00:00+00:00,-1.43,1.014080286026001,2.6119289973328157,3.016381025314331,11.605985877006288
2024-10-03 18:00:00+00:00,29.09,1.0142006874084473,2.5138382506942616,3.0209739208221436,10.002099971440812
2024-10-04 10:00:00+00:00,3.76,1.0119905471801758,0.664962190838229,3.0172321796417236,12.003761560518349
2024-10-04 11:00:00+00:00,-7.46,1.006847858428955,-0.6675091070188255,3.02923321723938,15.103834211239606
2024-10-04 12:00:00+00:00,6.16,1.000892162322998,-0.4500596049238814,3.036475419998169,19.027770673158432
2024-10-04 13:00:00+00:00,-4.22,0.9900650382041931,-0.6413569551349573,3.0441532135009766,2.6298655496825063
2024-10-04 14:00:00+00:00,-11.8,0.9763045907020569,0.6333038502748847,3.03650164604187,12.763162943560273
2024-10-04 15:00:00+00:00,-1.98,0.9617969393730164,0.7706844766982532,3.0343246459960938,7.1331839458932444
2024-10-04 16:00:00+00:00,5.16,0.9503588080406189,0.4137267832256804,3.03047513961792,5.745604296610717
2024-10-04 17:00:00+00:00,3.52,0.9412381649017334,0.15326384874967666,3.0265142917633057,1.1871602898926301
2024-10-04 18:00:00+00:00,-7.96,0.9300549030303955,0.052779017000674,3.00584077835083,1.0749335821553008
2024-10-07 10:00:00+00:00,2.76,0.9222927689552307,0.4412432193514405,2.9923505783081055,11.458062245491242
2024-10-07 11:00:00+00:00,-11.85,0.918995201587677,-1.847572025398153,2.9831156730651855,3.4577947058761764
2024-10-07 12:00:00+00:00,-4.25,0.9132720828056335,0.7576560130476834,2.9741015434265137,5.376433145650557
2024-10-07 13:00:00+00:00,3.63,0.9059249758720398,0.12615491348644203,2.967977285385132,-2.977403631597562
2024-10-07 14:00:00+00:00,-4.95,0.8991485834121704,1.5726670036687869,2.9408252239227295,3.817982987507911
2024-10-07 15:00:00+00:00,13.1,0.8972510695457458,3.2537985949307147,2.922741413116455,10.212921848576128
2024-10-07 16:00:00+00:00,-5.56,0.8946729898452759,1.6262241736947114,2.909954786300659,6.749547513860717
2024-10-07 17:00:00+00:00,4.3,0.8909108638763428,1.9611834411615983,2.885436773300171,7.07282365216379
2024-10-07 18:00:00+00:00,-14.34,0.88404381275177,1.7622583893627395,2.87357497215271,14.317781177492995
2024-10-08 10:00:00+00:00,0.32,0.8767158389091492,1.5136177827844313,2.8725523948669434,11.426502388914416
2024-10-08 11:00:00+00:00,16.59,0.8764963150024414,0.28094539906260757,2.8694422245025635,7.4934447386819665
2024-10-08 12:00:00+00:00,1.3,0.8728040456771851,0.46553651718990935,2.863765001296997,-0.8709660617843914
2024-10-08 13:00:00+00:00,-9.5,0.8657349944114685,-0.7792344514637812,2.848475933074951,6.036157733792223
2024-10-08 14:00:00+00:00,-2.11,0.8557594418525696,0.6419303168196003,2.8283023834228516,2.918247721706696
2024-10-08 15:00:00+00:00,1.15,0.846327006816864,0.7039606275929942,2.7995405197143555,9.877360639750492
2024-10-08 16:00:00+00:00,0.68,0.8397530317306519,1.5550566421306429,2.7667877674102783,1.4782287619618173
2024-10-08 17:00:00+00:00,0.44,0.8322360515594482,-0.1274486864687996,2.7512378692626953,2.047591104617609
2024-10-08 18:00:00+00:00,-11.79,0.8213425874710083,-0.960758172286085,2.7380690574645996,8.012819859850529
2024-10-09 10:00:00+00:00,-0.22,0.8121235370635986,-0.5434252707052853,2.7059266567230225,-3.303293765627694
2024-10-09 11:00:00+00:00,-5.51,0.8039597868919373,1.1823393921047185,2.6872527599334717,4.414888098547393
2024-10-09 12:00:00+00:00,-8.19,0.7987870573997498,1.1998028764279902,2.6386537551879883,0.7832466256779383
2024-10-09 13:00:00+00:00,3.5,0.7893639802932739,1.3269533066149044,2.600947141647339,1.399450357839534
2024-10-09 14:00:00+00:00,-2.34,0.7817453145980835,1.2375554793126908,2.562544107437134,3.590187780856211
2024-10-09 15:00:00+00:00,-11.91,0.7766750454902649,1.835325797712061,2.48154354095459,10.648593349396265
2024-10-09 16:00:00+00:00,0.99,0.7715238332748413,1.6529786747695634,2.394902467727661,8.518433374294494
2024-10-09 17:00:00+00:00,-4.09,0.7685002684593201,1.3138478770919215,2.3256006240844727,13.18920775179973
2024-10-09 18:00:00+00:00,14.82,0.7685949802398682,0.7027448174004052,2.2655022144317627,10.77007329801944
2024-10-10 10:00:00+00:00,9.82,0.7667527198791504,2.4839002233001497,2.2072153091430664,11.021642327832941
2024-10-10 11:00:00+00:00,-5.24,0.7602154016494751,0.12517089679685917,2.167475700378418,12.575501492363218
2024-10-10 12:00:00+00:00,-8.3,0.7502418756484985,1.3360537791799292,2.112926483154297,13.506402219221744
2024-10-10 13:00:00+00:00,-6.23,0.7413581609725952,1.0075149790147606,2.0938398838043213,9.368262197570848
2024-10-10 14:00:00+00:00,6.22,0.7312086820602417,2.3492323529833063,2.0494463443756104,3.6495036647962427
2024-10-10 15:00:00+00:00,3.55,0.7204998135566711,2.116182631313161,1.9897080659866333,2.241539265533141
2024-10-10 16:00:00+00:00,-0.68,0.7118908762931824,0.6387844194395622,1.9290540218353271,10.242598341849913
2024-10-10 17:00:00+00:00,-1.23,0.7064266800880432,1.8994050813296315,1.8843514919281006,11.259758238230933
2024-10-10 18:00:00+00:00,-8.24,0.6994966864585876,1.1592841766249034,1.8370254039764404,2.1164172553037064
2024-10-11 10:00:00+00:00,0.05,0.6917629837989807,2.0895584992276985,1.7795168161392212,7.680085179566181
2024-10-11 11:00:00+00:00,-10.16,0.685774028301239,2.307177189350921,1.7561722993850708,-2.3749501473470804
2024-10-11 12:00:00+00:00,-2.6,0.6801459789276123,1.5790431754230116,1.6967746019363403,3.114282543112687
2024-10-11 13:00:00+00:00,1.33,0.6738513112068176,2.0351358231922503,1.599246859550476,-1.1455382609760183
2024-10-11 14:00:00+00:00,-0.83,0.6656842827796936,2.120332870366137,1.5221822261810303,8.902718921039712
2024-10-11 15:00:00+00:00,-1.17,0.6578173041343689,2.8829775524478456,1.4655609130859375,7.838529012737387
2024-10-11 16:00:00+00:00,4.68,0.6507465839385986,2.7866689430321268,1.4098351001739502,3.3037120565200504
2024-10-11 17:00:00+00:00,9.92,0.64444500207901,3.31055684089211,1.361228108406067,4.107320007412351
2024-10-11 18:00:00+00:00,-24.94,0.6369255185127258,0.030184694562778558,1.3275331258773804,2.4042983633332673
2024-10-14 10:00:00+00:00,-3.54,0.6244520545005798,3.0489075987976304,1.3007817268371582,14.975751896861475
2024-10-14 11:00:00+00:00,9.84,0.6199561357498169,2.507643694720291,1.2827367782592773,9.847261450009036
2024-10-14 12:00:00+00:00,23.34,0.6192288994789124,3.5399819418092733,1.2739311456680298,7.233015908982493
2024-10-14 13:00:00+00:00,7.04,0.6123257279396057,-0.07261483405384267,1.2597763538360596,9.224390063097553
2024-10-14 14:00:00+00:00,-0.64,0.6052672266960144,-2.3387318455669495,1.227523684501648,10.789980492079076
2024-10-14 15:00:00+00:00,16.23,0.601536750793457,-2.5761673367133247,1.2032569646835327,8.42799104146972
2024-10-14 16:00:00+00:00,-2.37,0.6020908355712891,-3.064149192680022,1.1884454488754272,7.285804446572087
2024-10-14 17:00:00+00:00,-6.12,0.5979534387588501,-2.681382184703462,1.156875729560852,10.13021731428609
2024-10-14 18:00:00+00:00,6.94,0.5963221788406372,-2.139677235366958,1.1351805925369263,11.206431139236969
2024-10-15 10:00:00+00:00,14.61,0.5959839224815369,-1.7590273052648688,1.1134370565414429,9.220718437753815
2024-10-15 11:00:00+00:00,6.32,0.5973204970359802,-2.1632499364795783,1.070435881614685,3.754446347659703
2024-10-15 12:00:00+00:00,-4.86,0.5947920680046082,-2.228185577259587,1.0378432273864746,-0.9195296300465112
2024-10-15 13:00:00+00:00,12.0,0.5886270999908447,-0.8037127205770338,0.99591064453125,12.607780407464126
2024-10-15 14:00:00+00:00,-9.63,0.5873673558235168,-1.7301417356325557,0.9705803394317627,-1.0686908307461496
2024-10-15 15:00:00+00:00,-3.84,0.5843527317047119,-1.7035674350972403,0.9444518685340881,6.957345269668324
2024-10-15 16:00:00+00:00,6.57,0.5760470628738403,-0.9259569745001355,0.916544497013092,11.647639823303935
2024-10-15 17:00:00+00:00,4.32,0.5630943179130554,-1.4818065388199315,0.9022803902626038,4.626411380082771
2024-10-15 18:00:00+00:00,11.17,0.5536346435546875,-1.5091073301394495,0.8821666836738586,12.251723665520347
2024-10-16 10:00:00+00:00,8.71,0.5436651706695557,-1.2341797316926248,0.8720861077308655,1.0723063010257925
2024-10-16 11:00:00+00:00,-23.44,0.5371493697166443,-1.5956071180523677,0.8471771478652954,6.222304443672138
2024-10-16 12:00:00+00:00,-0.84,0.5308457612991333,-1.0683061252066457,0.8295243978500366,4.909302496598759
2024-10-16 13:00:00+00:00,-8.79,0.5276218056678772,-0.6900328440637187,0.8163094520568848,7.829023966981804
2024-10-16 14:00:00+00:00,-0.4,0.527842104434967,0.38926013057474335,0.7953941226005554,7.901862948606714
2024-10-16 15:00:00+00:00,-3.64,0.5292067527770996,2.131421028430575,0.7802528142929077,7.933042447857739
2024-10-16 16:00:00+00:00,-5.85,0.5282827615737915,1.46953524572724,0.7788790464401245,9.465554781750592
2024-10-16 17:00:00+00:00,0.75,0.5306437611579895,0.8940998074895354,0.7943772673606873,4.77660538952836
2024-10-16 18:00:00+00:00,3.1,0.5440928339958191,0.8759017058066728,0.8041391968727112,2.9955305407952304
2024-10-17 10:00:00+00:00,-3.14,0.5544874668121338,1.388238648311197,0.7964673042297363,1.4937560939807268
2024-10-17 11:00:00+00:00,-9.64,0.5582500696182251,0.5994342095262495,0.793152928352356,1.9555539851757366
2024-10-17 12:00:00+00:00,-4.06,0.5652390122413635,0.84044195492597,0.7936356067657471,3.0190489628990247
2024-10-17 13:00:00+00:00,2.21,0.5705743432044983,0.4050463007420828,0.7933961749076843,13.24780521664705
2024-10-17 14:00:00+00:00,0.54,0.5740149617195129,0.6259653608237503,0.7907974123954773,4.318265036015993
2024-10-17 15:00:00+00:00,1.53,0.57654869556427,1.57692951604923,0.7836537957191467,6.846968299567727
2024-10-17 16:00:00+00:00,0.44,0.5777934193611145,0.9574474606154718,0.7813810110092163,12.445283443306712
2024-10-17 17:00:00+00:00,-10.91,0.5761377215385437,1.5981815992828188,0.7741076946258545,7.008218130329566
2024-10-17 18:00:00+00:00,-4.03,0.5694223642349243,1.4147544763515114,0.7664738297462463,9.110410753201174
2024-10-18 10:00:00+00:00,0.79,0.5635789036750793,1.4989651896848426,0.7657939195632935,14.799496407367037
2024-10-18 11:00:00+00:00,-1.48,0.5587285161018372,0.6548525228899964,0.7732757925987244,9.484066060058012
2024-10-18 12:00:00+00:00,-10.95,0.5547825694084167,0.5185480253752639,0.7666746377944946,9.578655149606034
2024-10-18 13:00:00+00:00,3.78,0.5522732734680176,-0.2927849251504917,0.7611740827560425,13.298036187945906
2024-10-18 14:00:00+00:00,0.35,0.552146852016449,0.7816692258072772,0.7489694356918335,5.002078546539479
2024-10-18 15:00:00+00:00,-4.97,0.55706387758255,-0.5389111809630998,0.7348264455795288,9.288314057991842
2024-10-18 16:00:00+00:00,7.88,0.5661991834640503,1.7706327542605713,0.7174879908561707,2.859000857289745
2024-10-18 17:00:00+00:00,-3.0,0.5700833201408386,2.220180526305131,0.6950441002845764,2.31345016667958
2024-10-18 18:00:00+00:00,18.82,0.572236955165863,1.657259621603804,0.6679364442825317,11.596930328536333
2024-10-21 10:00:00+00:00,-2.88,0.57663893699646,-1.5081675100064957,0.6424299478530884,12.123388383070285
2024-10-21 11:00:00+00:00,8.05,0.5788881182670593,-2.0679550936024342,0.634684681892395,5.758590806330608
2024-10-21 12:00:00+00:00,1.91,0.5790495276451111,-2.2162443956615347,0.6660334467887878,5.561524316279704
2024-10-21 13:00:00+00:00,-6.61,0.5766751170158386,-2.0928283903598683,0.6855788230895996,4.14902513780701
2024-10-21 14:00:00+00:00,4.4,0.5729255676269531,-1.2400893232344308,0.7009516954421997,6.708923115470819
2024-10-21 15:00:00+00:00,2.59,0.5685650110244751,-2.373634691247151,0.7196744084358215,6.776528818335131
2024-10-21 16:00:00+00:00,-4.27,0.5666024684906006,-2.322342361137239,0.7326124310493469,4.89417829416802
2024-10-21 17:00:00+00:00,-6.2,0.5610036849975586,-2.0053077847748386,0.7560962438583374,10.869767451059555
2024-10-21 18:00:00+00:00,-5.38,0.558354914188385,-3.1468252306930404,0.7720009088516235,7.603417939907845
2024-10-22 10:00:00+00:00,-0.89,0.5609821677207947,-1.644536608569608,0.7893149256706238,6.907459400338743
2024-10-22 11:00:00+00:00,13.54,0.5628752112388611,-2.1164342454074054,0.8027331233024597,3.052776051320937
2024-10-22 12:00:00+00:00,-4.08,0.5633484125137329,-0.6737223799687595,0.8231087923049927,8.60084855916983
2024-10-22 13:00:00+00:00,-1.2,0.5595740079879761,-2.8382625767510046,0.8480535745620728,3.8012184287786273
2024-10-22 14:00:00+00:00,-5.96,0.5617748498916626,-1.4696183574358028,0.8652160167694092,2.3422219985316906
2024-10-22 15:00:00+00:00,-1.08,0.5645816922187805,-0.43617474493165964,0.8793978095054626,7.933035111965982
2024-10-22 16:00:00+00:00,-3.6,0.5694564580917358,0.42789069296910154,0.8844308853149414,2.474395176191703
2024-10-22 17:00:00+00:00,-3.87,0.5765011310577393,-1.5439894380653871,0.8968391418457031,0.2557472483286819
2024-10-22 18:00:00+00:00,-22.55,0.5948957204818726,-1.6186621931007392,0.9121143817901611,4.618679065177566
2024-10-23 10:00:00+00:00,6.87,0.6129224300384521,0.2930726347460209,0.9271836876869202,7.459558616191881
2024-10-23 11:00:00+00:00,1.7,0.6245605945587158,-0.10138299814622137,0.9405677318572998,8.82707067093076
2024-10-23 12:00:00+00:00,6.93,0.6364580988883972,0.46082098175228303,0.9502477645874023,7.342852245999385
2024-10-23 13:00:00+00:00,-7.1,0.6480104327201843,0.6201271326963791,0.9619481563568115,8.63547451614171
2024-10-23 14:00:00+00:00,7.11,0.6552697420120239,-0.23879382126097115,0.9732767343521118,8.303411606698756
2024-10-23 15:00:00+00:00,-1.32,0.6633903980255127,-0.6145966010992691,0.9823468923568726,6.6775142111915695
2024-10-23 16:00:00+00:00,-4.63,0.6720850467681885,0.06841199490205194,0.9915286898612976,4.71168495861932
2024-10-23 17:00:00+00:00,-7.27,0.677523672580719,-0.46480190063995697,1.0038154125213623,8.954511106361867
2024-10-23 18:00:00+00:00,-28.41,0.6805468201637268,-1.2541328423038214,1.0071285963058472,8.747878907329476
2024-10-24 10:00:00+00:00,3.12,0.6827890872955322,2.0670935640167567,0.9988065361976624,6.924461500979293
2024-10-24 11:00:00+00:00,-13.55,0.6883158683776855,1.8052118273134392,1.004020094871521,15.982507218156824
2024-10-24 12:00:00+00:00,5.1,0.6966873407363892,1.8516643614593402,0.9961557388305664,10.771706302300437
2024-10-24 13:00:00+00:00,7.33,0.7032136917114258,2.490146299678466,1.000243067741394,13.569717787805871
2024-10-24 14:00:00+00:00,-7.88,0.7070059776306152,2.44532157580965,0.9952356815338135,7.574770197260998
2024-10-24 15:00:00+00:00,16.36,0.7147380113601685,2.2840658260242255,0.9837428331375122,11.801816779706737
2024-10-24 16:00:00+00:00,11.67,0.7208050489425659,3.085762321534297,0.983938992023468,3.5149238066066175
2024-10-24 17:00:00+00:00,-10.25,0.7163477540016174,0.9665958807960159,0.9745984077453613,12.327480234131167
2024-10-24 18:00:00+00:00,5.63,0.7114819884300232,1.56252025392171,0.9687325954437256,7.758287864398838
2024-10-25 10:00:00+00:00,1.0,0.7094250321388245,0.7697313911148519,0.9521709084510803,6.159950416342936
2024-10-25 11:00:00+00:00,0.9,0.706914484500885,1.8388161665036578,0.9347988367080688,16.146523581971604
2024-10-25 12:00:00+00:00,12.48,0.7028819918632507,-0.732731144296641,0.9152697324752808,3.03441035006212
2024-10-25 13:00:00+00:00,-22.91,0.7042120695114136,-1.6183596391360935,0.9089181423187256,13.798527950255153
2024-10-25 14:00:00+00:00,-10.15,0.7037872672080994,0.7498985355050847,0.9149473905563354,6.992001725506411
2024-10-25 15:00:00+00:00,-32.69,0.7051807641983032,1.2917829575990876,0.9152764081954956,8.650115829497604
2024-10-25 16:00:00+00:00,-14.05,0.705203115940094,1.5199181154472492,0.9292716383934021,11.130107091585659
2024-10-25 17:00:00+00:00,1.73,0.7038068175315857,2.704025072950792,0.9525904059410095,19.826533726754366
2024-10-25 18:00:00+00:00,-27.9,0.704197883605957,2.41324834366747,0.9749343395233154,2.2227020649252998
2024-10-28 10:00:00+00:00,10.01,0.704295814037323,3.3175285951471642,0.9789125919342041,15.50670933609587
2024-10-28 11:00:00+00:00,-9.92,0.7056437730789185,2.7995098947660764,1.0036132335662842,5.87155124195419
2024-10-28 12:00:00+00:00,-2.35,0.7045222520828247,2.127179642008749,1.0147842168807983,4.707888059907226
2024-10-28 13:00:00+00:00,-23.65,0.7044596672058105,1.597916315931759,1.0215730667114258,13.734017560688292
2024-10-28 14:00:00+00:00,4.13,0.7062437534332275,3.028269618846085,1.0432361364364624,10.81805404922329
2024-10-28 15:00:00+00:00,-16.06,0.7085376977920532,2.6974863377036975,1.0543581247329712,20.787401431746332
2024-10-28 16:00:00+00:00,5.7,0.7094653248786926,2.9671737007573666,1.07234525680542,22.906879770431292
2024-10-28 17:00:00+00:00,-25.26,0.7095900774002075,2.9050526769665153,1.1000168323516846,27.13652584438318
2024-10-28 18:00:00+00:00,25.62,0.7113230228424072,3.115158383868449,1.1232479810714722,23.51102535965362
2024-10-29 10:00:00+00:00,-32.97,0.7143404483795166,3.422959345177387,1.147801399230957,23.428727558169772
2024-10-29 11:00:00+00:00,8.54,0.7152892351150513,4.1358799231009025,1.1786272525787354,20.613345242326293
2024-10-29 12:00:00+00:00,1.35,0.7167872190475464,3.7615437180604454,1.2011823654174805,30.175848803348696
2024-10-29 13:00:00+00:00,12.34,0.7200433015823364,3.323626358368701,1.236149787902832,23.60013650469722
2024-10-29 14:00:00+00:00,3.79,0.7240753769874573,3.5366335147408767,1.2591511011123657,18.80907853051864
2024-10-29 15:00:00+00:00,2.22,0.7283225059509277,2.6885614318361024,1.2677488327026367,15.148625925118559
2024-10-29 16:00:00+00:00,1.84,0.7349793910980225,2.1316597738841745,1.285796880722046,13.30378667117021
2024-10-29 17:00:00+00:00,1.87,0.7337931990623474,0.9257882154093839,1.291491150856018,8.962477110106121
2024-10-29 18:00:00+00:00,20.95,0.7386009097099304,1.2766679449791114,1.2951734066009521,4.382136309140609
2024-10-30 10:00:00+00:00,-0.28,0.7414049506187439,0.38336162011354935,1.298100471496582,13.105454096178708
2024-10-30 11:00:00+00:00,2.3,0.742222785949707,-0.7776548720057697,1.2986563444137573,-6.194946475341744
2024-10-30 12:00:00+00:00,-5.5,0.7371935844421387,-1.3826397415213008,1.2982778549194336,11.216104880594804
2024-10-30 13:00:00+00:00,-20.4,0.7322493195533752,-1.5302229540257735,1.2957041263580322,0.9244318830412988
2024-10-30 14:00:00+00:00,8.36,0.7280936241149902,-0.7060419650065293,1.2885850667953491,5.826578522067525
2024-10-30 15:00:00+00:00,-2.13,0.7241115570068359,-0.5928386199431512,1.2782093286514282,-1.3871595279953988
2024-10-30 16:00:00+00:00,15.8,0.7177636027336121,-1.0979839392101645,1.2653872966766357,2.213218703018971
2024-10-30 17:00:00+00:00,-3.38,0.716926634311676,-0.8343314291600024,1.2582921981811523,-0.1842196403702463
2024-10-30 18:00:00+00:00,-32.29,0.7170026302337646,-0.032483824022090935,1.2524362802505493,-0.4278759983043887
2024-10-31 10:00:00+00:00,-8.35,0.7129718065261841,1.1148854963881427,1.2433849573135376,1.301353515136866
2024-10-31 11:00:00+00:00,-8.18,0.7115116119384766,0.05515937161055956,1.2361531257629395,2.1738541464829333
2024-10-31 12:00:00+00:00,12.73,0.7083954215049744,0.9295377342252708,1.2386850118637085,13.867095751724339
2024-10-31 13:00:00+00:00,10.94,0.7055068016052246,0.9004781534978336,1.2462739944458008,-2.150616831954235
2024-10-31 14:00:00+00:00,-11.86,0.7038401365280151,0.5481822710341606,1.2382992506027222,9.386593781222068
2024-10-31 15:00:00+00:00,-10.52,0.7017173767089844,0.725955000249945,1.2202388048171997,4.935329573993005
2024-10-31 16:00:00+00:00,-10.66,0.7000710368156433,0.7145247995235611,1.221024990081787,3.317824276678997
2024-10-31 17:00:00+00:00,3.01,0.7005808353424072,0.8396825662685438,1.2266228199005127,1.410148438047457
2024-10-31 18:00:00+00:00,-2.14,0.7066165208816528,0.1979094464730632,1.236965298652649,9.00259086495404
2024-11-01 10:00:00+00:00,-2.93,0.7093530893325806,2.224544693198038,1.2482223510742188,8.38093320014921
2024-11-01 11:00:00+00:00,-6.77,0.7128092050552368,2.627572630953224,1.2637572288513184,19.195447806796164
2024-11-01 12:00:00+00:00,3.05,0.7179940938949585,2.8778855871850944,1.291958212852478,11.005421321758524
2024-11-01 13:00:00+00:00,8.26,0.7226168513298035,1.7472585118910315,1.303858995437622,12.727612207654108
2024-11-01 14:00:00+00:00,-7.52,0.7250310778617859,1.710599617260378,1.3047796487808228,11.087641945886686
2024-11-01 15:00:00+00:00,13.84,0.7285289764404297,0.33973729261738506,1.3110824823379517,10.49506234191841
2024-11-01 16:00:00+00:00,7.76,0.7299550175666809,1.0732787058793245,1.3216718435287476,12.553698720199396
2024-11-01 17:00:00+00:00,0.96,0.730536699295044,0.9478659193165471,1.326294183731079,12.26733511706112
2024-11-01 18:00:00+00:00,13.95,0.7278456687927246,0.6299210240994605,1.3321387767791748,16.216423953025995
2024-11-02 10:00:00+00:00,-3.75,0.7281221151351929,-0.42462102760809506,1.3375440835952759,4.188765423078371
2024-11-02 11:00:00+00:00,0.01,0.7282501459121704,-2.8961741220671895,1.344515323638916,9.701845957554813
2024-11-02 12:00:00+00:00,3.73,0.729015588760376,-3.0122154524437468,1.3447822332382202,8.557782088118813
2024-11-02 13:00:00+00:00,6.81,0.7327240705490112,-2.2641203028321373,1.350511908531189,14.1732034649614
2024-11-02 14:00:00+00:00,0.08,0.7370200157165527,-1.8474152832768196,1.34967839717865,8.222219904360335
2024-11-02 15:00:00+00:00,6.25,0.7417935729026794,-1.4563830862237266,1.3603140115737915,6.350510128853937
2024-11-02 16:00:00+00:00,-2.26,0.7510520219802856,-1.6923964865495942,1.3627876043319702,9.282104016165976
2024-11-02 17:00:00+00:00,-5.15,0.755997896194458,-0.45747290300745613,1.3616511821746826,9.64507554622498
2024-11-02 18:00:00+00:00,19.1,0.7556601166725159,-1.387591818571862,1.358839511871338,7.527165705863858
2024-11-05 10:00:00+00:00,-2.09,0.7498812675476074,-0.2408806524407659,1.3369256258010864,12.298115154774893
2024-11-05 11:00:00+00:00,9.27,0.7408093810081482,-1.2280872390384365,1.319637656211853,16.336015542622455
2024-11-05 12:00:00+00:00,-2.13,0.7343183755874634,-0.1792121143026768,1.2862074375152588,8.364738650958207
2024-11-05 13:00:00+00:00,-5.79,0.7269249558448792,-0.953129093793152,1.2445119619369507,10.703519905962098
2024-11-05 14:00:00+00:00,0.2,0.7181501984596252,-1.8326990209229237,1.2145376205444336,9.245988647832686
2024-11-05 15:00:00+00:00,-4.42,0.7127360105514526,-1.6879209950820953,1.2175477743148804,8.327179959194249
2024-11-05 16:00:00+00:00,1.65,0.7109161019325256,-2.534727320198434,1.186021089553833,15.079502329201034
2024-11-05 17:00:00+00:00,6.34,0.708486020565033,-1.3503697495048637,1.2040146589279175,6.411595940844894
2024-11-05 18:00:00+00:00,76.79,0.7078145146369934,-1.8615369359778242,1.1948169469833374,5.961951817953464
2024-11-06 10:00:00+00:00,4.33,0.7101539373397827,-0.7586366043562571,1.1901752948760986,21.602178917267974
2024-11-06 11:00:00+00:00,-3.57,0.7132648825645447,-0.5295233132714321,1.2144908905029297,-3.5990325885331043
2024-11-06 12:00:00+00:00,-11.85,0.7178258299827576,-0.4620403364245904,1.2042763233184814,11.315334872994697
2024-11-06 13:00:00+00:00,-6.39,0.7150591611862183,-0.66498601856641,1.2134089469909668,8.731984879384
2024-11-06 14:00:00+00:00,-10.76,0.7119283080101013,-1.0358579028170423,1.2156180143356323,10.618816138626984
2024-11-06 15:00:00+00:00,-4.72,0.710451066493988,-0.36129504588985717,1.2308740615844727,13.22620204813359
2024-11-06 16:00:00+00:00,-0.16,0.7131335735321045,-0.303390730355256,1.2480255365371704,22.67974858367413
2024-11-06 17:00:00+00:00,2.69,0.7193681001663208,-0.40852980170243924,1.268871545791626,11.388936121292527
2024-11-06 18:00:00+00:00,0.0,0.7228078842163086,-0.744685372749181,1.2769855260849,15.851413381304699
2024-11-07 11:00:00+00:00,-12.34,0.7360033392906189,-0.4205677582704864,1.2869809865951538,20.234170077631457
2024-11-07 12:00:00+00:00,-15.74,0.7451459765434265,1.7335965230200059,1.3114792108535767,-0.8882083750955324
2024-11-07 13:00:00+00:00,16.28,0.748435378074646,2.3764448421070177,1.3305437564849854,19.11984288600899
2024-11-07 14:00:00+00:00,7.57,0.7533581256866455,1.7585871475905044,1.3516407012939453,2.619077871218073
2024-11-07 15:00:00+00:00,0.77,0.7591596841812134,2.582492512510409,1.3740360736846924,13.935792180799123
2024-11-07 16:00:00+00:00,33.72,0.7692291140556335,2.1182593285132096,1.3863863945007324,17.02298750765215
2024-11-07 17:00:00+00:00,-2.5,0.7795445322990417,1.0575017099907238,1.3705971240997314,8.876863847624364
2024-11-07 18:00:00+00:00,47.61,0.7801298499107361,-0.7829503228107224,1.378138542175293,7.637167854614495
2024-11-08 10:00:00+00:00,-9.49,0.7814416289329529,-0.2655082126639085,1.34292733669281,26.07563720448133
2024-11-08 11:00:00+00:00,1.72,0.7762705683708191,-0.5938665447671272,1.3586992025375366,7.617138565425158
2024-11-08 12:00:00+00:00,-12.51,0.7729271054267883,-1.8023761401266114,1.337242841720581,11.206748281849379
2024-11-08 13:00:00+00:00,1.96,0.7692193984985352,-0.8522730491738411,1.331368088722229,13.248253617369295
2024-11-08 14:00:00+00:00,8.42,0.7688140869140625,-0.6242809437823996,1.331987977027893,12.103485092679275
2024-11-08 15:00:00+00:00,-3.04,0.7688067555427551,-1.2571603528027668,1.3254324197769165,5.492912918504349
2024-11-08 16:00:00+00:00,3.17,0.766699492931366,-0.8808150158972954,1.296060562133789,11.959683987877213
2024-11-08 17:00:00+00:00,6.09,0.7645970582962036,-0.8122965756790759,1.2587007284164429,8.229148426712825
2024-11-08 18:00:00+00:00,42.77,0.7670722603797913,-0.620132071081523,1.2553242444992065,3.1869818603505635
2024-11-11 10:00:00+00:00,15.82,0.7725754380226135,-1.2700616541469498,1.268006682395935,23.28942721106802
2024-11-11 11:00:00+00:00,-11.04,0.779338002204895,-0.0004997678422037355,1.3098024129867554,-9.887661712116271
2024-11-11 12:00:00+00:00,6.42,0.7812672853469849,-0.9769805267994827,1.318807601928711,6.542337371182857
2024-11-11 13:00:00+00:00,-16.96,0.7782575488090515,-1.6959194598070535,1.346444010734558,-2.157680445474322
2024-11-11 14:00:00+00:00,3.57,0.7749677300453186,-0.7555112426596682,1.3519387245178223,9.929171657514678
2024-11-11 15:00:00+00:00,10.24,0.7714425325393677,-1.3009411972755727,1.3659130334854126,6.082744281792565
2024-11-11 16:00:00+00:00,-5.83,0.7678234577178955,-0.22689332737402274,1.366218090057373,9.561029607791758
2024-11-11 17:00:00+00:00,5.76,0.7663819789886475,-1.1738677025621214,1.3829624652862549,4.0717218092616445
2024-11-11 18:00:00+00:00,-26.12,0.7610970735549927,-0.29702536533983903,1.397068738937378,15.202191447653695
2024-11-12 10:00:00+00:00,4.07,0.7578426003456116,0.8308443264088512,1.417107343673706,17.10420456917788
2024-11-12 11:00:00+00:00,8.01,0.7559820413589478,1.1813458949153457,1.448717474937439,-1.0080333412454314
2024-11-12 12:00:00+00:00,-4.16,0.7528373599052429,0.4313886909632568,1.4776021242141724,4.77911493737259
2024-11-12 13:00:00+00:00,-5.26,0.7498691082000732,0.62160786204633,1.5038872957229614,5.326001323858213
2024-11-12 14:00:00+00:00,-6.53,0.7563304305076599,2.521023333695614,1.5243133306503296,3.1458829670351114
2024-11-12 15:00:00+00:00,-6.91,0.7607328295707703,2.1477817808424824,1.53895902633667,3.7641881991231556
2024-11-12 16:00:00+00:00,13.71,0.7638193964958191,1.3589111232374274,1.551578402519226,2.557314532743056
2024-11-12 17:00:00+00:00,-5.36,0.772192120552063,2.6402258861645853,1.5617551803588867,4.268225562091717
2024-11-12 18:00:00+00:00,-7.42,0.7800298929214478,1.8767714139699074,1.5685862302780151,20.540073914197226
2024-11-13 10:00:00+00:00,8.05,0.7852233648300171,1.3149831056627401,1.5813294649124146,-0.46160787546735427
2024-11-13 11:00:00+00:00,4.63,0.7870712876319885,1.5080776268114644,1.5848652124404907,1.5510727897952301
2024-11-13 12:00:00+00:00,-1.18,0.7927834391593933,2.00225356073626,1.5915415287017822,1.9326015931547893
2024-11-13 13:00:00+00:00,-6.56,0.7982009053230286,2.201704407349843,1.593455195426941,2.763790112015307
2024-11-13 14:00:00+00:00,7.23,0.8041699528694153,1.135566742553803,1.5878446102142334,-3.777222158365178
2024-11-13 15:00:00+00:00,2.36,0.8079813122749329,1.0649183398281075,1.5664734840393066,2.9595756775073125
2024-11-13 16:00:00+00:00,-0.14,0.8181572556495667,1.2320917415773578,1.5529651641845703,-2.0229843735121014
2024-11-13 17:00:00+00:00,0.26,0.825587272644043,0.7645933354218811,1.5401235818862915,12.809461877022722
2024-11-13 18:00:00+00:00,-30.34,0.8329067826271057,-0.3271191884980219,1.5305700302124023,11.460880485903951
2024-11-14 10:00:00+00:00,-7.48,0.8376038670539856,1.1748506104188423,1.5387083292007446,4.631634560207324
2024-11-14 11:00:00+00:00,1.26,0.8454380035400391,0.4211175472316302,1.5414823293685913,12.913245209393464
2024-11-14 12:00:00+00:00,0.34,0.854662299156189,1.044046634412149,1.5441579818725586,1.319433342259335
2024-11-14 13:00:00+00:00,-6.37,0.8668988347053528,1.0347634500893588,1.5396299362182617,3.292199755329485
2024-11-14 14:00:00+00:00,-3.04,0.881016194820404,0.42351051003433215,1.5323526859283447,2.1421943110190234
2024-11-14 15:00:00+00:00,-0.55,0.894530713558197,0.45445009398736735,1.534698247909546,5.269102744371145
2024-11-14 16:00:00+00:00,-16.17,0.9039002060890198,0.8873238179003323,1.530126690864563,-6.025110352249087
2024-11-14 17:00:00+00:00,-4.17,0.9081168174743652,0.9866372805554069,1.5210413932800293,8.03011386324822
2024-11-14 18:00:00+00:00,8.83,0.8935250639915466,1.0749393405046272,1.5127036571502686,7.812444541249862
2024-11-15 10:00:00+00:00,9.51,0.8859307765960693,2.3612195194054193,1.4642759561538696,1.1420056942279668
2024-11-15 11:00:00+00:00,-3.47,0.8800812363624573,1.8009600878382361,1.4334722757339478,10.163056221983613
2024-11-15 12:00:00+00:00,-4.28,0.8763719201087952,1.7053833214681582,1.4018281698226929,5.236438545440566
2024-11-15 13:00:00+00:00,1.97,0.8742263913154602,0.7088129799915701,1.3678715229034424,5.67369080716152
2024-11-15 14:00:00+00:00,15.03,0.8650650978088379,-0.009754816639293645,1.3357020616531372,8.334202157418707
2024-11-15 15:00:00+00:00,0.19,0.854622483253479,0.8520224836386052,1.3219021558761597,2.8616096897429992
2024-11-15 16:00:00+00:00,0.74,0.8404290676116943,-1.3537648133260396,1.2996997833251953,15.163575619490151
2024-11-15 17:00:00+00:00,13.22,0.8264344334602356,-0.8854799149419768,1.2986165285110474,14.98548525966483
2024-11-15 18:00:00+00:00,-27.29,0.8176694512367249,-0.952327439132238,1.303410530090332,-1.2771333681779329
2024-11-18 10:00:00+00:00,4.52,0.8264706134796143,-1.6083924076445384,1.2781208753585815,2.0087902183455313
2024-11-18 11:00:00+00:00,-17.92,0.8385961651802063,-0.8635346476680339,1.287074089050293,3.0073033852889677
2024-11-18 12:00:00+00:00,5.41,0.8465176224708557,-0.4805699227639353,1.2685275077819824,-0.36747652610361536
2024-11-18 13:00:00+00:00,6.59,0.845669686794281,-1.821993284638161,1.2581690549850464,0.27962130944889324
2024-11-18 14:00:00+00:00,-4.63,0.8485541939735413,-1.4277066534893035,1.2634375095367432,4.175942448311218
2024-11-18 15:00:00+00:00,14.06,0.8368693590164185,-0.46796002338393083,1.2629486322402954,4.102055013667885
2024-11-18 16:00:00+00:00,4.45,0.8292913436889648,-1.593190838817774,1.2538849115371704,-0.7448979010468748
2024-11-18 17:00:00+00:00,-3.63,0.8099788427352905,-0.9424708494332172,1.2494745254516602,0.6521427809735101
2024-11-18 18:00:00+00:00,-19.71,0.7995240688323975,-2.650694561927673,1.2216869592666626,3.3781812081489564
2024-11-19 10:00:00+00:00,-17.15,0.7909411787986755,-1.1940063618557393,1.1893212795257568,4.239530324236558
2024-11-19 11:00:00+00:00,5.21,0.7827839255332947,-0.7537168334398301,1.1631439924240112,6.6805766764005545
2024-11-19 12:00:00+00:00,-2.03,0.7699083685874939,0.7174953329932943,1.140666127204895,-0.18841950424737353
2024-11-19 13:00:00+00:00,-5.24,0.7567015886306763,2.3836314541887207,1.1207845211029053,15.172265948227588
2024-11-19 14:00:00+00:00,-9.87,0.7493170499801636,1.8851509146519763,1.1052175760269165,4.809553276928739
2024-11-19 15:00:00+00:00,-23.07,0.7444451451301575,1.2213159315332964,1.090916633605957,10.160805009416581
2024-11-19 16:00:00+00:00,-12.45,0.7377707958221436,1.9214645749199666,1.0808793306350708,10.821832177167515
2024-11-19 17:00:00+00:00,-5.95,0.7233644127845764,2.5793856149680785,1.071894884109497,8.342679856295208
2024-11-19 18:00:00+00:00,2.0,0.7122754454612732,1.8607925888199346,1.0414910316467285,8.738190460261402
2024-11-20 10:00:00+00:00,4.55,0.7040112614631653,3.0320415046195786,1.0164920091629028,13.382654199954068
2024-11-20 11:00:00+00:00,5.15,0.6960479021072388,2.7339988077480784,0.9710134267807007,15.223681542190738
2024-11-20 12:00:00+00:00,1.09,0.6841199398040771,1.6553921971354089,0.942220151424408,10.223636881334802
2024-11-20 13:00:00+00:00,3.09,0.6683818697929382,2.319597483393575,0.9116073250770569,12.3974305173306
2024-11-20 14:00:00+00:00,-8.5,0.6526579856872559,1.0919081943778295,0.8814870119094849,12.066876290380165
2024-11-20 15:00:00+00:00,-18.33,0.6427600383758545,-0.05928438566372196,0.8360103368759155,13.521511164366727
2024-11-20 16:00:00+00:00,-12.83,0.628333330154419,2.299100064194638,0.807502806186676,10.527603322148614
2024-11-20 17:00:00+00:00,-9.84,0.6196045279502869,3.009287465177351,0.795998215675354,17.15516905585595
2024-11-20 18:00:00+00:00,-14.48,0.6138805747032166,3.22500527044884,0.7845492959022522,16.139317813961416
2024-11-21 10:00:00+00:00,-7.99,0.6074196696281433,2.9674948943603656,0.7867590188980103,16.98576341428619
2024-11-21 11:00:00+00:00,4.31,0.5965018272399902,2.6557469439629644,0.7681683301925659,18.260790709325452
2024-11-21 12:00:00+00:00,12.82,0.5847125053405762,2.8790221161820186,0.7680250406265259,17.1934137249027
2024-11-21 13:00:00+00:00,-5.04,0.5763129591941833,2.1089724848930014,0.7674276828765869,14.903856500149484
2024-11-21 14:00:00+00:00,-9.95,0.5674536228179932,2.505460274162356,0.7650277614593506,14.584792815344134
2024-11-21 15:00:00+00:00,8.39,0.5556809902191162,2.256295732084659,0.7511125206947327,9.0053855801945
2024-11-21 16:00:00+00:00,-24.08,0.544624924659729,1.1282884342632078,0.7568707466125488,8.771482320189527
2024-11-21 17:00:00+00:00,7.73,0.5319063067436218,2.215550901135505,0.7554498910903931,12.647535548370685
2024-11-21 18:00:00+00:00,45.77,0.5209389328956604,1.674649729994742,0.7529863119125366,6.008332728755552
2024-11-22 10:00:00+00:00,-15.76,0.5026369690895081,0.6718580676110093,0.7541765570640564,15.635125355885918
2024-11-22 11:00:00+00:00,11.69,0.48200663924217224,0.9457673437623715,0.7490938305854797,14.170910898062473
2024-11-22 12:00:00+00:00,-3.31,0.4621413052082062,0.32886789682731254,0.7326567769050598,15.474550988157707
2024-11-22 13:00:00+00:00,-8.07,0.4453886151313782,-1.0051320956084846,0.7225139737129211,6.500145348796811
2024-11-22 14:00:00+00:00,-7.19,0.4268021583557129,0.10205356591881576,0.6861696839332581,6.175763834246914
2024-11-22 15:00:00+00:00,-7.03,0.4091978073120117,0.6642561348719656,0.6767136454582214,9.206011399550352
2024-11-22 16:00:00+00:00,-6.16,0.39294180274009705,0.1868420131767525,0.6713953614234924,11.391554290318915
2024-11-22 17:00:00+00:00,2.51,0.3759227991104126,1.3840727558766452,0.6578583121299744,-4.241321003249946
2024-11-22 18:00:00+00:00,-21.4,0.3596790134906769,1.1445583371552308,0.636430561542511,10.56405459817979
2024-11-25 10:00:00+00:00,2.62,0.3472852110862732,1.3794218574713737,0.594092071056366,8.040332172615601
2024-11-25 11:00:00+00:00,3.56,0.33716413378715515,2.0116406843881287,0.5679430365562439,-0.14090784088867797
2024-11-25 12:00:00+00:00,-1.79,0.3213443160057068,0.7411404088693783,0.5386230945587158,4.280643512724051
2024-11-25 13:00:00+00:00,-2.51,0.30814236402511597,0.7483569721923933,0.5179563760757446,3.711030303142285
2024-11-25 14:00:00+00:00,-17.15,0.2956050634384155,0.8201569179760072,0.4866805374622345,4.980727264788746
2024-11-25 15:00:00+00:00,-1.87,0.2883351743221283,0.7892698365539155,0.49629083275794983,-0.8764195092720125
2024-11-25 16:00:00+00:00,-18.73,0.28404659032821655,1.8296925033688058,0.5089289546012878,-2.1381805918872763
2024-11-25 17:00:00+00:00,6.91,0.2808750867843628,2.590563640184966,0.5130053758621216,7.524645917361693
2024-11-25 18:00:00+00:00,-10.03,0.27348488569259644,2.020722000890243,0.5309916734695435,14.73183909585826
2024-11-26 10:00:00+00:00,7.46,0.26580241322517395,2.1925448454283023,0.5430110692977905,4.579437191919314
2024-11-26 11:00:00+00:00,-6.86,0.2603345811367035,3.779270634725312,0.5557632446289062,16.64521913250919
2024-11-26 12:00:00+00:00,-5.22,0.2586723864078522,3.0036901717170204,0.5822370648384094,13.728997346537406
2024-11-26 13:00:00+00:00,-23.99,0.24749603867530823,2.797001631002213,0.5508173108100891,7.05351901799413
2024-11-26 14:00:00+00:00,-13.65,0.24038389325141907,3.4054969817765204,0.5515831708908081,6.6383765471399805
2024-11-26 15:00:00+00:00,-3.93,0.23735058307647705,3.276764076835932,0.552325427532196,16.5265108002361
2024-11-26 16:00:00+00:00,-17.27,0.2317514270544052,3.753415202168662,0.49501076340675354,17.686153826571477
2024-11-26 17:00:00+00:00,7.15,0.2185799777507782,3.5308134956697743,0.43741217255592346,18.121812255654458
2024-11-26 18:00:00+00:00,-31.58,0.2098536193370819,2.746002984035121,0.35790517926216125,21.984246339299315
2024-11-27 10:00:00+00:00,15.15,0.20381015539169312,3.045586222625007,0.27810734510421753,7.831577891646984
2024-11-27 11:00:00+00:00,39.16,0.1990910768508911,2.718143850929633,0.2053273469209671,26.69134434307728
2024-11-27 12:00:00+00:00,-2.33,0.19309721887111664,1.9570248024199737,0.11805638670921326,14.717912955257649
2024-11-27 13:00:00+00:00,21.16,0.1893736720085144,0.9383108352443573,0.05193670466542244,9.256491187590298
2024-11-27 14:00:00+00:00,-39.49,0.18288834393024445,1.2586978985638795,-0.0719350278377533,3.2205139413923183
2024-11-27 15:00:00+00:00,24.37,0.17485587298870087,1.2730200823204159,-0.2521088421344757,8.875378759511262
2024-11-27 16:00:00+00:00,-4.82,0.1663713902235031,1.4267841217651287,-0.43352755904197693,0.9755785079421379
2024-11-27 17:00:00+00:00,5.91,0.15757712721824646,1.0828756101450656,-0.5632187128067017,20.019737155929754
2024-11-27 18:00:00+00:00,50.93,0.1487499475479126,1.1082381774804808,-0.5836325883865356,30.083691473053214
2024-11-28 10:00:00+00:00,1.19,0.13846424221992493,-0.1188976422337163,-0.6602428555488586,12.374329878346018
2024-11-28 11:00:00+00:00,-8.23,0.12632164359092712,0.009793750056048989,-0.6679312586784363,26.238259910253124
2024-11-28 12:00:00+00:00,-8.35,0.117316834628582,-1.407907432294686,-0.6909347176551819,-3.706914783410881
2024-11-28 13:00:00+00:00,-17.2,0.10805103927850723,-0.8428089153884544,-0.6660153865814209,-3.9600967015189705
2024-11-28 14:00:00+00:00,-3.16,0.09245480597019196,-2.541748486538847,-0.6519283056259155,4.364083559053321
2024-11-28 15:00:00+00:00,9.41,0.07625897228717804,-2.4748752138721666,-0.6897833347320557,-9.102904812876812
2024-11-28 16:00:00+00:00,17.52,0.06580131500959396,-2.127508992196647,-0.680225670337677,16.628379202791184
2024-11-28 17:00:00+00:00,13.89,0.05129247158765793,-2.447459305056215,-0.6878067255020142,1.7179879510218576
2024-11-28 18:00:00+00:00,5.7,0.035599082708358765,-0.4579202180583424,-0.6858207583427429,-2.6109994752644092
2024-11-29 10:00:00+00:00,18.32,0.01879960112273693,-0.45243014055569697,-0.6893044710159302,6.014516975678306
2024-11-29 11:00:00+00:00,3.81,0.0011830521980300546,-0.4733399849529685,-0.7096254825592041,7.457488765851297
2024-11-29 12:00:00+00:00,-6.44,-0.012192060239613056,-0.5438534411630813,-0.715021550655365,-2.466279666142894
2024-11-29 13:00:00+00:00,5.28,-0.028448866680264473,-0.525133849311257,-0.7378464341163635,9.837381075427952
2024-11-29 14:00:00+00:00,-0.58,-0.0462617501616478,-0.4466758297711204,-0.7578712701797485,9.159349264466934
2024-11-29 15:00:00+00:00,-10.93,-0.06412220001220703,-1.01961580423821,-0.7650938034057617,13.89944936727871
2024-11-29 16:00:00+00:00,7.09,-0.08151151239871979,-0.9673478595488005,-0.7746880650520325,17.809145452854725
2024-11-29 17:00:00+00:00,7.87,-0.09870895743370056,-1.1506327080419123,-0.771308183670044,12.895726186936924
2024-11-29 18:00:00+00:00,16.02,-0.11800883710384369,-1.1529643186885288,-0.7463508248329163,19.051957434039235
2024-12-02 10:00:00+00:00,-4.68,-0.13759081065654755,-0.6154062910452207,-0.7376452088356018,24.45076963059439
2024-12-02 11:00:00+00:00,-2.87,-0.15088585019111633,-0.7515566226340602,-0.7478404641151428,16.898463866462667
2024-12-02 12:00:00+00:00,-1.62,-0.16165487468242645,-0.9718707606675117,-0.7490914463996887,18.784519927152132
2024-12-02 13:00:00+00:00,2.85,-0.16807150840759277,-1.3945616337376132,-0.7540097236633301,9.810497203502091
2024-12-02 14:00:00+00:00,-5.58,-0.1741255223751068,-1.9593496619970119,-0.7561332583427429,7.948563220881318
2024-12-02 15:00:00+00:00,2.2,-0.1795649230480194,-0.5147195855037989,-0.7592840790748596,7.273842825235424
2024-12-02 16:00:00+00:00,1.59,-0.18789291381835938,-0.12540904614925708,-0.7754606008529663,12.25868000751865
2024-12-02 17:00:00+00:00,0.83,-0.19411401450634003,-0.5079526757626812,-0.7920871376991272,13.635502241750162
2024-12-02 18:00:00+00:00,-19.32,-0.19708187878131866,-0.543190509050998,-0.7929779887199402,9.491909757830324
2024-12-03 10:00:00+00:00,-13.83,-0.20453305542469025,2.875212494192581,-0.8022280931472778,18.09628203289664
2024-12-03 11:00:00+00:00,-0.04,-0.20374077558517456,1.270906450842292,-0.8724772930145264,7.883787469785273
2024-12-03 12:00:00+00:00,5.14,-0.2013224959373474,0.5186154057962001,-0.9150516986846924,10.000571533412442
2024-12-03 13:00:00+00:00,-0.03,-0.2025976926088333,-0.03371645198268558,-0.9556199312210083,8.68637726974098
2024-12-03 14:00:00+00:00,-19.05,-0.20908871293067932,0.8587645871951235,-0.9953575730323792,5.113580250377814
2024-12-03 15:00:00+00:00,-2.03,-0.21724312007427216,0.8816024470323741,-1.0652475357055664,12.14164144987745
2024-12-03 16:00:00+00:00,2.22,-0.22544673085212708,1.0644545697095233,-1.0976837873458862,10.57002516896966
2024-12-03 17:00:00+00:00,-0.16,-0.23172594606876373,1.6517173957347344,-1.1247663497924805,13.280518371726961
2024-12-03 18:00:00+00:00,-11.4,-0.22743575274944305,1.018500136302102,-1.1783446073532104,22.668009156155193
2024-12-04 10:00:00+00:00,24.06,-0.22659103572368622,1.8270406113787696,-1.2241876125335693,21.26928198984368
2024-12-04 11:00:00+00:00,-2.1,-0.22171097993850708,2.149741030071757,-1.2945226430892944,13.065543178715675
2024-12-04 12:00:00+00:00,-3.47,-0.21390493214130402,1.2095615770620065,-1.3721137046813965,17.302434912601754
2024-12-04 13:00:00+00:00,7.15,-0.206966370344162,0.24459874880194768,-1.4415339231491089,19.20741471049863
2024-12-04 14:00:00+00:00,-17.38,-0.2083781510591507,-0.9105983568322211,-1.48574960231781,9.949244715930853
2024-12-04 15:00:00+00:00,-14.57,-0.20822449028491974,-0.005124885276990843,-1.5012959241867065,9.582711573789263
2024-12-04 16:00:00+00:00,-16.07,-0.20573262870311737,-0.11080802158374542,-1.4908238649368286,9.265310057942246
2024-12-04 17:00:00+00:00,-20.24,-0.20118550956249237,-0.09539232467651432,-1.5075277090072632,5.422136532006573
2024-12-04 18:00:00+00:00,-7.4,-0.20033389329910278,1.9197011447257686,-1.5073307752609253,4.8401265519215295
2024-12-05 10:00:00+00:00,-11.05,-0.19539205729961395,2.222324770551374,-1.5054842233657837,9.16792478003113
2024-12-05 11:00:00+00:00,3.14,-0.1843746453523636,2.3965451719027384,-1.5333768129348755,30.114214411854196
2024-12-05 12:00:00+00:00,-8.63,-0.18202060461044312,2.62146506185034,-1.569319248199463,18.109727980058445
2024-12-05 13:00:00+00:00,-10.92,-0.17810477316379547,2.062225523040979,-1.5663137435913086,21.39594179193087
2024-12-05 14:00:00+00:00,-5.41,-0.16967758536338806,2.5873181576825264,-1.5415894985198975,17.575001011108995
2024-12-05 15:00:00+00:00,29.56,-0.16332153975963593,2.790498998108552,-1.52023446559906,6.4831876614248864
2024-12-05 16:00:00+00:00,42.24,-0.14724358916282654,2.9771515278012397,-1.4917043447494507,13.308324412332722
2024-12-05 17:00:00+00:00,-6.32,-0.13053882122039795,2.1780702955067675,-1.478671908378601,11.574478508336508
2024-12-05 18:00:00+00:00,34.35,-0.1048060804605484,0.46819230590350314,-1.4417401552200317,16.15527836669664
2024-12-06 10:00:00+00:00,-15.95,-0.10843734443187714,0.025385173333058786,-1.4384944438934326,28.12123404516538
2024-12-06 11:00:00+00:00,-15.74,-0.11260074377059937,-0.05615906781168928,-1.4776116609573364,21.20752420190251
2024-12-06 12:00:00+00:00,2.35,-0.1189933717250824,-3.059251222541094,-1.5383867025375366,24.414628049656628
2024-12-06 13:00:00+00:00,22.99,-0.1225990504026413,-2.8764979236213963,-1.619238257408142,29.059176184169615
2024-12-06 14:00:00+00:00,4.79,-0.12260310351848602,-1.443488242798061,-1.7142236232757568,14.999099597720578
2024-12-06 15:00:00+00:00,-3.51,-0.11631128191947937,-0.7605893182879291,-1.7260488271713257,13.12922842784244
2024-12-06 16:00:00+00:00,-2.35,-0.1094706803560257,-0.2865712638004754,-1.7205122709274292,22.677793040737765
2024-12-06 17:00:00+00:00,-1.53,-0.098696768283844,-1.103324602255065,-1.7345958948135376,8.889756618318676
2024-12-06 18:00:00+00:00,24.94,-0.08538465946912766,-1.99280662000751,-1.7371399402618408,1.087283905607461
2024-12-09 10:00:00+00:00,-8.49,-0.068921759724617,-0.21554401897899572,-1.7788827419281006,21.647904313927057
2024-12-09 11:00:00+00:00,-5.11,-0.05247633904218674,-1.2470390818647432,-1.8059287071228027,8.48414822653193
2024-12-09 12:00:00+00:00,0.95,-0.031520385295152664,-0.9695147597886111,-1.848957896232605,17.578646880293014
2024-12-09 13:00:00+00:00,5.55,-0.018768848851323128,-0.49584128724324394,-1.8968740701675415,11.433012057032238
2024-12-09 14:00:00+00:00,16.2,0.0015269523719325662,-0.7246887445828217,-1.8859914541244507,10.061903937003246
2024-12-09 15:00:00+00:00,14.23,0.027486128732562065,-0.7999022887993339,-1.860615611076355,5.350095609795887
2024-12-09 16:00:00+00:00,-9.03,0.05440546199679375,-0.2730175369981439,-1.8416167497634888,11.439330035535184
2024-12-09 17:00:00+00:00,-2.58,0.07231184095144272,-0.856545232434601,-1.8098782300949097,0.48598418249145886
2024-12-09 18:00:00+00:00,-30.73,0.08832190185785294,-1.2958751008015708,-1.7702947854995728,13.325170335491443
2024-12-10 10:00:00+00:00,1.05,0.1088872179389,0.5070708966049514,-1.750750184059143,20.451367492754624
2024-12-10 11:00:00+00:00,-10.79,0.12786878645420074,1.4156781133545937,-1.6965644359588623,2.272785563491757
2024-12-10 12:00:00+00:00,1.91,0.1359463781118393,1.849583725414119,-1.6569395065307617,10.294581960014
2024-12-10 13:00:00+00:00,-10.75,0.145241841673851,1.4364016203872776,-1.6099148988723755,12.414659503639356
2024-12-10 14:00:00+00:00,-2.03,0.15859583020210266,1.3016259920106097,-1.5541322231292725,0.42054053930820423
2024-12-10 15:00:00+00:00,6.49,0.17809000611305237,0.9163540450627268,-1.5158339738845825,6.3154781200705985
2024-12-10 16:00:00+00:00,-5.05,0.20255732536315918,1.6538113950400124,-1.4578015804290771,8.094355897624363
2024-12-10 17:00:00+00:00,-0.24,0.22560757398605347,1.173271104587338,-1.3942246437072754,1.0873282056807478
2024-12-10 18:00:00+00:00,-14.43,0.24708548188209534,0.6227976415572019,-1.3386478424072266,16.786013694680488
2024-12-11 10:00:00+00:00,1.43,0.27021458745002747,1.8245647843059172,-1.2830111980438232,3.6746900574697143
2024-12-11 11:00:00+00:00,9.42,0.2920632064342499,1.3219976159308358,-1.2433526515960693,11.7723584658613
2024-12-11 12:00:00+00:00,-12.46,0.3112415373325348,1.9827068062262372,-1.1922847032546997,13.001316915190507
2024-12-11 13:00:00+00:00,4.78,0.3256146013736725,-0.6483548646885076,-1.136292815208435,7.476622088979193
2024-12-11 14:00:00+00:00,1.16,0.3402063846588135,-0.8921734472722833,-1.070264220237732,3.3841125785822275
2024-12-11 15:00:00+00:00,9.54,0.3497713506221771,-0.2990164733566326,-1.0092754364013672,25.963240381491737
2024-12-11 16:00:00+00:00,-0.99,0.36563265323638916,-0.9014440996077273,-0.9720249772071838,14.254468044695663
2024-12-11 17:00:00+00:00,-8.66,0.37888458371162415,-0.2876810348258638,-0.9151704907417297,13.773736667363465
2024-12-11 18:00:00+00:00,33.66,0.3936247229576111,-1.3006360643917354,-0.8678053617477417,29.564420512705137
2024-12-12 10:00:00+00:00,-12.12,0.40557628870010376,0.3019410256775682,-0.8203986883163452,7.422964853224177
2024-12-12 11:00:00+00:00,-1.51,0.4153233766555786,-2.3371097589016343,-0.7717835903167725,14.071974770540665
2024-12-12 12:00:00+00:00,-9.22,0.42067617177963257,-2.9884080045223365,-0.7256747484207153,6.035499365667028
2024-12-12 13:00:00+00:00,-7.4,0.42556801438331604,-1.5321038917462773,-0.6669529676437378,7.510072328210233
2024-12-12 14:00:00+00:00,8.62,0.434489905834198,-0.4494917914853219,-0.6165966391563416,11.320199376510779
2024-12-12 15:00:00+00:00,-13.87,0.444216251373291,-1.1441465668049218,-0.5617671012878418,3.761443565619376
2024-12-12 16:00:00+00:00,-15.35,0.45166048407554626,-1.3637846557835942,-0.5046443343162537,-3.6519931705131863
2024-12-12 17:00:00+00:00,-2.72,0.46515756845474243,-1.3879948717021882,-0.45007723569869995,6.004594218639348
2024-12-12 18:00:00+00:00,-12.66,0.47724974155426025,-0.4876082195380844,-0.3941101133823395,-4.107182725586201
2024-12-13 10:00:00+00:00,-6.2,0.48823586106300354,1.9533243363240786,-0.3398236930370331,6.475470867372596
2024-12-13 11:00:00+00:00,-3.04,0.4913341999053955,1.4986241408721561,-0.2743869423866272,14.4025848942198
2024-12-13 12:00:00+00:00,10.43,0.4929760694503784,1.4990369592952613,-0.19887951016426086,13.182065938798983
2024-12-13 13:00:00+00:00,-4.84,0.4893370568752289,1.5351458148691792,-0.12792611122131348,1.5909816311309886
2024-12-13 14:00:00+00:00,8.23,0.4824822247028351,0.677993358787298,-0.07003707438707352,16.15169216934517
2024-12-13 15:00:00+00:00,-9.8,0.4751944839954376,0.9655848067259626,-0.03948849439620972,16.54490984925713
2024-12-13 16:00:00+00:00,5.83,0.4772721230983734,0.5934993591832515,-0.006333028431981802,14.76030970958675
2024-12-13 17:00:00+00:00,4.62,0.47606438398361206,-0.05170814050460626,0.01357293501496315,18.863401840653342
2024-12-13 18:00:00+00:00,-22.24,0.47733065485954285,-0.7605362107207194,0.0548429861664772,12.70864514399188
2024-12-16 10:00:00+00:00,-12.57,0.48531556129455566,1.1381555525811897,0.08292816579341888,26.377980834683157
2024-12-16 11:00:00+00:00,-7.72,0.49825409054756165,1.8570531775491474,0.11212878674268723,20.888539939468203
2024-12-16 12:00:00+00:00,-3.52,0.5238616466522217,2.212108263333792,0.14140988886356354,22.49330497051529
2024-12-16 13:00:00+00:00,-7.87,0.5581183433532715,2.2137420111183443,0.15212059020996094,17.592704360130533
2024-12-16 14:00:00+00:00,-3.76,0.5779816508293152,2.522582597250666,0.15997175872325897,18.608382356081297
2024-12-16 15:00:00+00:00,7.77,0.5830169916152954,2.2468221988998547,0.16474591195583344,13.253626510809767
2024-12-16 16:00:00+00:00,-9.71,0.5990806818008423,3.183139749319759,0.16933652758598328,5.039740435444642
2024-12-16 17:00:00+00:00,-5.28,0.6082119345664978,2.659198161492531,0.1834634691476822,10.208664146383546
2024-12-16 18:00:00+00:00,-17.1,0.6241227984428406,2.587302705969763,0.1927562952041626,10.281408251818787
2024-12-17 10:00:00+00:00,-8.62,0.6401381492614746,2.827430170392757,0.20144790410995483,5.301006830793513
2024-12-17 11:00:00+00:00,13.7,0.6601704955101013,2.4178805838221273,0.21972928941249847,11.207317937092645
2024-12-17 12:00:00+00:00,-8.88,0.6688777804374695,2.152656015608237,0.21665816009044647,14.172449234029783
2024-12-17 13:00:00+00:00,-13.41,0.6663932204246521,2.2066455753590866,0.2107275128364563,18.541585658621
2024-12-17 14:00:00+00:00,-2.21,0.6561055183410645,2.717499846435397,0.2297564595937729,15.631214055144108
2024-12-17 15:00:00+00:00,-7.94,0.6493620276451111,2.974455403296792,0.22272133827209473,19.218491823231563
2024-12-17 16:00:00+00:00,7.04,0.6440945863723755,2.55823715430038,0.20333081483840942,9.551710910550236
2024-12-17 17:00:00+00:00,-5.73,0.6382291913032532,2.3053592117847987,0.18400289118289948,16.057892888857282
2024-12-17 18:00:00+00:00,14.45,0.636756420135498,2.007543657042053,0.15202739834785461,14.112111951381374
2024-12-18 10:00:00+00:00,-7.18,0.640133261680603,2.207783505996506,0.15697604417800903,8.940454445515782
2024-12-18 11:00:00+00:00,4.08,0.643749475479126,1.800734156801377,0.13852503895759583,14.080835099693022
2024-12-18 12:00:00+00:00,-1.74,0.6408649682998657,1.578142705858032,0.12443388253450394,15.205112746356324
2024-12-18 13:00:00+00:00,1.68,0.6315329074859619,1.4646638297286232,0.09356030821800232,14.805153849209004
2024-12-18 14:00:00+00:00,-0.36,0.618766725063324,1.5585904165706244,0.06695347279310226,15.076407344227793
2024-12-18 15:00:00+00:00,-0.19,0.6093765497207642,0.9504988429571944,-0.00692357262596488,12.162579612918424
2024-12-18 16:00:00+00:00,15.71,0.5973477363586426,0.8962921340118072,-0.06485499441623688,8.871947855025768
2024-12-18 17:00:00+00:00,5.75,0.5930547118186951,0.7007521334984812,-0.0904901847243309,17.10841964312805
2024-12-18 18:00:00+00:00,13.06,0.5937904715538025,-0.623222576231621,-0.11758452653884888,2.506360865837782
2024-12-19 10:00:00+00:00,22.28,0.5944587588310242,0.4889969283109365,-0.1306500881910324,14.052001760677843
2024-12-19 11:00:00+00:00,7.32,0.5890307426452637,-1.0005089767046624,-0.14237958192825317,14.368441509053383
2024-12-19 12:00:00+00:00,-6.19,0.5813186168670654,-0.3428502191086962,-0.1495981216430664,18.131523518498188
2024-12-19 13:00:00+00:00,-7.0,0.5729930400848389,-0.8508032243948616,-0.1449005901813507,14.720826028794741
2024-12-19 14:00:00+00:00,9.78,0.5600590109825134,-1.488987227171919,-0.1469731479883194,18.56364769020667
2024-12-19 15:00:00+00:00,-16.07,0.5460834503173828,-0.26430287718452844,-0.18700377643108368,11.032834001346703
2024-12-19 16:00:00+00:00,-10.3,0.5382567048072815,-1.6447913587320413,-0.19667118787765503,15.835721761457082
2024-12-19 17:00:00+00:00,-5.78,0.5350355505943298,-0.8362220608015973,-0.2265104204416275,14.746085647403987
2024-12-19 18:00:00+00:00,5.54,0.5269258618354797,-0.9458390778317425,-0.2427533119916916,6.793175706549564
2024-12-20 10:00:00+00:00,8.79,0.5159714818000793,1.1830106186929172,-0.25658655166625977,22.85528939692091
2024-12-20 11:00:00+00:00,14.79,0.5041020512580872,-0.24635535269025205,-0.2969345450401306,13.552375900415177
2024-12-20 12:00:00+00:00,99.66,0.4930224120616913,-0.16990457338544718,-0.3826705813407898,14.008360561740895
2024-12-20 13:00:00+00:00,24.93,0.4793859124183655,0.07163359425407287,-0.40238386392593384,13.07442326721255
2024-12-20 14:00:00+00:00,24.58,0.4731079041957855,-0.17304373508800613,-0.4532814919948578,16.80954122078541
2024-12-20 15:00:00+00:00,18.88,0.4618978202342987,-0.6635373401391003,-0.47672370076179504,14.841138497518905
2024-12-20 16:00:00+00:00,14.03,0.455385684967041,-0.5437620639583669,-0.4211128056049347,9.487220761732681
2024-12-20 17:00:00+00:00,10.77,0.43999311327934265,-0.45934557262027864,-0.41603100299835205,23.712048864977678
2024-12-20 18:00:00+00:00,75.8,0.4290277361869812,-0.4370815128737806,-0.38772428035736084,27.16056265337774
2024-12-23 10:00:00+00:00,-0.64,0.4186924397945404,-0.6049661504305446,-0.4091351330280304,52.55100477947712
2024-12-23 11:00:00+00:00,-18.9,0.4116225838661194,-0.4601648914526282,-0.40056294202804565,30.24041167082752
2024-12-23 12:00:00+00:00,6.52,0.4097156822681427,-0.6088729726788,-0.34186333417892456,32.1135127424749
2024-12-23 13:00:00+00:00,0.23,0.3945527672767639,-0.44806292959998895,-0.31822484731674194,41.318908949363525
2024-12-23 14:00:00+00:00,5.25,0.38605934381484985,-0.45196447051866007,-0.3165106475353241,19.890735312969962
2024-12-23 15:00:00+00:00,11.73,0.38268738985061646,-0.303256389292489,-0.26510998606681824,25.92402993849776
2024-12-23 16:00:00+00:00,-6.85,0.37415778636932373,-0.3050796380338662,-0.24229852855205536,17.334774402948934
2024-12-23 17:00:00+00:00,-9.08,0.3597034215927124,-0.303256389292489,-0.2109908014535904,19.351781144907665
2024-12-23 18:00:00+00:00,-13.93,0.3503864109516144,-1.401538852935406,-0.16312120854854584,13.54462726861108
2024-12-24 10:00:00+00:00,19.34,0.354248583316803,-0.13745061903673028,-0.1417333483695984,33.177983470232554
2024-12-24 11:00:00+00:00,-3.32,0.36242616176605225,-0.6363159033481722,-0.12034201622009277,14.621979168526831
2024-12-24 12:00:00+00:00,0.96,0.36225947737693787,0.7758147774197328,-0.0982043668627739,32.81332083448856
2024-12-24 13:00:00+00:00,6.48,0.356114000082016,0.39140981663527324,-0.09018490463495255,33.18780724034181
2024-12-24 14:00:00+00:00,-5.88,0.3567977249622345,0.2429191201085661,-0.1231517642736435,15.0362453892696
2024-12-24 15:00:00+00:00,-16.48,0.3534916639328003,1.9493667632087828,-0.18944358825683594,21.87741322712196
2024-12-24 16:00:00+00:00,6.97,0.3456685543060303,2.1478426154484165,-0.21913769841194153,13.064274314587383
2024-12-24 17:00:00+00:00,-5.66,0.3443405032157898,2.425911464103254,-0.20795932412147522,5.062090961952929
2024-12-24 18:00:00+00:00,-17.89,0.3434531092643738,2.12364943035206,-0.20554551482200623,18.593500767873515
2024-12-25 10:00:00+00:00,14.14,0.3560924530029297,1.6188828949939063,-0.2268352061510086,19.881335145320318
2024-12-25 11:00:00+00:00,16.45,0.3638192415237427,1.8009179377818647,-0.23165713250637054,8.33167504195721
2024-12-25 12:00:00+00:00,15.22,0.376554936170578,1.6681873006066565,-0.1963447630405426,23.74477878565695
2024-12-25 13:00:00+00:00,-2.52,0.3811414837837219,0.30820218248271064,-0.15818668901920319,12.155706370609442
2024-12-25 14:00:00+00:00,11.59,0.38454553484916687,0.10267965951134123,-0.15324179828166962,8.861844901467018
2024-12-25 15:00:00+00:00,18.05,0.38304227590560913,-0.12875220785115676,-0.14758309721946716,13.59780402112056
2024-12-25 16:00:00+00:00,-12.33,0.3832146227359772,0.29123035388367025,-0.12632937729358673,0.2109099880343726
2024-12-25 17:00:00+00:00,-0.84,0.38038212060928345,0.08702198780689724,-0.11260752379894257,3.3919229012475074
2024-12-25 18:00:00+00:00,33.52,0.3921739161014557,-0.15691238349532427,-0.09047555178403854,11.71098886798979
2024-12-26 10:00:00+00:00,-22.02,0.40503358840942383,0.5946238813339859,-0.07010414451360703,2.5464308268267657
2024-12-26 11:00:00+00:00,17.12,0.42491069436073303,0.449985595657072,-0.02543940581381321,5.826840905874826
2024-12-26 12:00:00+00:00,-1.48,0.44791096448898315,-0.06142898702815358,0.029724452644586563,15.795463980585167
2024-12-26 13:00:00+00:00,1.18,0.47398921847343445,-0.4271664030258744,0.09400288760662079,1.6595950893634934
2024-12-26 14:00:00+00:00,7.06,0.4990865886211395,-0.5079859238393925,0.1299630105495453,1.9318570337129897
2024-12-26 15:00:00+00:00,-3.31,0.5226255059242249,0.12039812384164132,0.17354747653007507,7.506575703771479
2024-12-26 16:00:00+00:00,-0.96,0.5508179664611816,0.27660635122339494,0.22197704017162323,4.050260739054682
2024-12-26 17:00:00+00:00,2.63,0.5726999640464783,-0.06196023850885457,0.2415037304162979,3.9053870284376813
2024-12-26 18:00:00+00:00,-6.96,0.5938059091567993,-0.12432864216143924,0.2730262875556946,10.575421491864283
2024-12-27 10:00:00+00:00,0.14,0.6264158487319946,0.25533525654128375,0.30911239981651306,9.487430473926697
2024-12-27 11:00:00+00:00,2.99,0.6677395701408386,0.45298508072355953,0.353010892868042,3.7500889034493423
2024-12-27 12:00:00+00:00,-12.75,0.7087742686271667,0.15136779041031906,0.4003099799156189,4.430393034070611
2024-12-27 13:00:00+00:00,6.27,0.7420203685760498,0.954623809509806,0.4355247914791107,-13.620854531849385
2024-12-27 14:00:00+00:00,4.64,0.7799054980278015,1.3680274000964865,0.42344051599502563,1.0566224298851252
2024-12-27 15:00:00+00:00,-1.83,0.8126829266548157,0.7173201802654785,0.4244020879268646,-7.436738753492855
2024-12-27 16:00:00+00:00,-2.51,0.8445822596549988,0.9461427727354929,0.37354227900505066,-4.497557010320482
2024-12-27 17:00:00+00:00,0.89,0.8657914996147156,1.9721479305322343,0.33532240986824036,-0.07000654749579761
2024-12-27 18:00:00+00:00,25.23,0.8853714466094971,1.06241080952153,0.32899072766304016,-1.4025674824144796
2024-12-28 10:00:00+00:00,10.41,0.9115911722183228,0.7645517152560497,0.32048529386520386,-10.051291188012586
2024-12-28 11:00:00+00:00,1.67,0.9356995820999146,0.5632619433437686,0.32103753089904785,-9.027314646589298
2024-12-28 12:00:00+00:00,-5.07,0.9626176953315735,-0.7011383405898908,0.3220100998878479,1.5477120270817342
2024-12-28 13:00:00+00:00,-1.24,0.9619579315185547,-0.6631943552700981,0.3496129512786865,-9.158555730340645
2024-12-28 14:00:00+00:00,0.2,0.9718855023384094,-0.8692761084800844,0.3434731662273407,2.835949340001304
2024-12-28 15:00:00+00:00,-7.85,0.9889991879463196,-0.8718170420275366,0.3285057842731476,-3.181979657056479
2024-12-28 16:00:00+00:00,2.88,1.0235106945037842,0.5147572975520962,0.30687788128852844,3.184441359651736
2024-12-28 17:00:00+00:00,2.99,1.0451544523239136,0.6817363794482524,0.3195975124835968,-1.4599106032177398
2024-12-28 18:00:00+00:00,53.24,1.0658506155014038,0.3401834461580273,0.3132471442222595,-0.5712282648283671
2024-12-30 10:00:00+00:00,13.54,1.0945537090301514,-0.019568324079328653,0.30344802141189575,-7.1031552106200175
2024-12-30 11:00:00+00:00,2.54,1.0709693431854248,-0.4083031703455551,0.33235615491867065,-12.558775498038063
2024-12-30 12:00:00+00:00,2.07,1.0521109104156494,-0.9352369052794753,0.33231183886528015,-16.509069075492977
2024-12-30 13:00:00+00:00,15.51,1.0255749225616455,-1.2330094195687067,0.32357409596443176,-10.90493189156374
2024-12-30 14:00:00+00:00,-8.59,1.0002304315567017,-0.8609792884055321,0.2936176061630249,6.308158368109191
2024-12-30 15:00:00+00:00,-3.06,0.969681441783905,-1.0604189804287747,0.2541235685348511,-0.5228438567466489
2024-12-30 16:00:00+00:00,10.85,0.931613028049469,-0.35601416234680083,0.18934106826782227,-3.935118444909119
2024-12-30 17:00:00+00:00,10.27,0.8886758685112,-0.4417281941168568,0.17380377650260925,-4.796696318557371
2024-12-30 18:00:00+00:00,-33.86,0.8471778035163879,-1.045734295649904,0.1509951949119568,-1.5264808053318426
2025-01-03 10:00:00+00:00,-2.26,0.8108496069908142,0.3015717782824579,0.129299595952034,6.283501287783785
2025-01-03 11:00:00+00:00,-23.03,0.7778079509735107,0.455557815750904,0.1379186511039734,3.0954738160836457
2025-01-03 12:00:00+00:00,1.82,0.7440996170043945,2.1071019505725905,0.13960115611553192,2.2541136994735917
2025-01-03 13:00:00+00:00,1.83,0.7053453922271729,1.957040359701063,0.16130243241786957,11.426642225322707
2025-01-03 14:00:00+00:00,-3.1,0.6633099317550659,2.304596481995947,0.17995291948318481,11.044956562998285
2025-01-03 15:00:00+00:00,1.67,0.6159647107124329,1.399330226282403,0.20298996567726135,-4.001171112085161
2025-01-03 16:00:00+00:00,3.22,0.5694983601570129,1.4926102200947051,0.22878003120422363,1.2160351919105619
2025-01-03 17:00:00+00:00,-0.83,0.5235299468040466,1.5325483629801675,0.25752273201942444,0.6341771204912285
2025-01-03 18:00:00+00:00,-22.21,0.4863753020763397,1.4549122185840848,0.28674283623695374,0.22141987384874345
2025-01-06 10:00:00+00:00,13.18,0.4471760094165802,1.3244637352695556,0.31754446029663086,5.164125334001204
2025-01-06 11:00:00+00:00,-15.03,0.4036734402179718,1.899865160544038,0.3546222746372223,16.113752843368967
2025-01-06 12:00:00+00:00,1.82,0.3640798032283783,0.9156248142838131,0.3827984929084778,7.27146590387651
2025-01-06 13:00:00+00:00,8.59,0.3205317258834839,1.5890254551318224,0.4106186330318451,22.869201893865142
2025-01-06 14:00:00+00:00,-3.1,0.27670884132385254,2.1451889732380285,0.4381721317768097,12.674271321613329
2025-01-06 15:00:00+00:00,1.86,0.22940388321876526,1.8114556608577774,0.44536536931991577,9.04859342988225
2025-01-06 16:00:00+00:00,5.89,0.17696724832057953,3.9751311298694816,0.44932040572166443,3.3335929186534536
2025-01-06 17:00:00+00:00,-3.24,0.12833423912525177,3.5882590860631627,0.4609469771385193,1.5564356730437516
2025-01-06 18:00:00+00:00,8.11,0.07302728295326233,2.7400544642950493,0.46856826543807983,14.75474008018977
2025-01-08 10:00:00+00:00,2.9,0.017765868455171585,1.4833608178431676,0.46852943301200867,11.941961074447743
2025-01-08 11:00:00+00:00,1.77,-0.044108107686042786,0.8257096731425227,0.4628339409828186,14.052048293588145
2025-01-08 12:00:00+00:00,5.91,-0.1018625944852829,0.1882488843555313,0.45920631289482117,12.111516557067885
2025-01-08 13:00:00+00:00,1.07,-0.1667272001504898,0.2951660579933536,0.47807836532592773,22.804166039708612
2025-01-08 14:00:00+00:00,3.75,-0.23568691313266754,0.02816977836958423,0.4968082010746002,5.1710922351530675
2025-01-08 15:00:00+00:00,7.09,-0.3124595880508423,0.41713641814754665,0.5196688175201416,11.507922498278338
2025-01-08 16:00:00+00:00,-2.77,-0.39087530970573425,0.530949686574946,0.5481196641921997,2.632413063743266
2025-01-08 17:00:00+00:00,-3.3,-0.4755975306034088,0.6390370779300426,0.5566573143005371,10.21578498886782
2025-01-08 18:00:00+00:00,-26.02,-0.5566993951797485,-0.018650068179946272,0.5692862868309021,4.8352328394288495
2025-01-09 10:00:00+00:00,-9.95,-0.6312180161476135,2.6787226872652243,0.5874089598655701,15.3473151789419
2025-01-09 11:00:00+00:00,-14.79,-0.6955289840698242,3.395625620839225,0.6015430092811584,8.74415242195627
2025-01-09 12:00:00+00:00,-1.7,-0.7596285343170166,3.010980624602601,0.6129236221313477,18.527743253138574
2025-01-09 13:00:00+00:00,-12.36,-0.8331000208854675,2.0681698252954366,0.6069082021713257,23.36633311032048
2025-01-09 14:00:00+00:00,-4.2,-0.8995182514190674,2.4867636067956753,0.5735039710998535,11.243571958311335
2025-01-09 15:00:00+00:00,19.26,-0.9690832495689392,2.4229967301220974,0.5428293943405151,18.31244204865131
2025-01-09 16:00:00+00:00,-7.03,-1.046659231185913,3.597257642358784,0.49451035261154175,12.579261445875481
2025-01-09 17:00:00+00:00,-10.88,-1.1197079420089722,3.2542105327504753,0.4346657395362854,9.912750054750997
2025-01-09 18:00:00+00:00,-0.42,-1.1790591478347778,2.2127187035207316,0.350873202085495,4.491481477997486
2025-01-10 10:00:00+00:00,-10.9,-1.2538541555404663,4.5500456188940355,0.28186696767807007,21.663174878390812
2025-01-10 11:00:00+00:00,-15.45,-1.321029782295227,3.4429224654571375,0.17684400081634521,21.517115118501
2025-01-10 12:00:00+00:00,59.39,-1.3887836933135986,3.040666243726783,0.0791931301355362,34.33751578472222
2025-01-10 13:00:00+00:00,-0.66,-1.4664002656936646,2.300433877089382,-0.07235535234212875,23.47258839153634
2025-01-10 14:00:00+00:00,9.19,-1.5348957777023315,3.4976348616020387,-0.229649618268013,10.10002946770026
2025-01-10 15:00:00+00:00,4.12,-1.5990437269210815,0.2442972782863427,-0.3858868181705475,18.639462184710883
2025-01-10 16:00:00+00:00,22.27,-1.6586668491363525,0.746839009971433,-0.5499687194824219,9.427544431744664
2025-01-10 17:00:00+00:00,-16.07,-1.708072304725647,0.30140095618467033,-0.7798312902450562,2.082898585400985
2025-01-10 18:00:00+00:00,34.39,-1.7627218961715698,0.921722315577058,-1.1171762943267822,16.506833358251278
2025-01-13 10:00:00+00:00,13.47,-1.8161870241165161,0.10303685504209387,-1.3528897762298584,29.082539778976905
2025-01-13 11:00:00+00:00,5.72,-1.8608688116073608,0.1924966983209403,-1.6928174495697021,3.3132494746600267
2025-01-13 12:00:00+00:00,-20.33,-1.915244460105896,0.3911839180375442,-1.9223381280899048,19.55763817911753
2025-01-13 13:00:00+00:00,-12.93,-1.9624571800231934,0.575048265395969,-2.0916290283203125,12.962106595014731
2025-01-13 14:00:00+00:00,4.99,-2.0108466148376465,0.7319367491117629,-2.128333568572998,-1.210277088878498
2025-01-13 15:00:00+00:00,2.47,-2.0689384937286377,0.9065509599286338,-2.1402320861816406,6.483898757722814
2025-01-13 16:00:00+00:00,14.24,-2.120910167694092,0.4472182976905251,-2.145972728729248,6.568135809496606
2025-01-13 17:00:00+00:00,-0.5,-2.169991970062256,-0.2378392095334319,-2.13578462600708,14.242552344808013
2025-01-13 18:00:00+00:00,-28.62,-2.2144322395324707,-0.29994835506173123,-2.1879119873046875,4.2090945697094
2025-01-14 10:00:00+00:00,23.86,-2.2616117000579834,0.8443393911687539,-2.2272727489471436,8.16276867646307
2025-01-14 11:00:00+00:00,-0.25,-2.304243564605713,0.26489975651148967,-2.2196075916290283,-1.5310142243727158
2025-01-14 12:00:00+00:00,13.63,-2.35801100730896,-0.40038707189509737,-2.158649444580078,16.64068507084675
2025-01-14 13:00:00+00:00,-9.63,-2.401238441467285,-0.8584321656166654,-2.1140706539154053,1.5551983531977775
2025-01-14 14:00:00+00:00,4.43,-2.432009220123291,-1.4215562279509677,-2.0056955814361572,6.109878458391119
2025-01-14 15:00:00+00:00,0.75,-2.4637115001678467,-1.0780588746660404,-1.9167875051498413,14.537564548783992
2025-01-14 16:00:00+00:00,-1.72,-2.4967095851898193,-1.6725251349181725,-1.8323110342025757,4.306991037764301
2025-01-14 17:00:00+00:00,-9.05,-2.5277388095855713,-1.70105989086739,-1.7442055940628052,8.334889222638047
2025-01-14 18:00:00+00:00,-1.49,-2.5419719219207764,-1.4446980204446258,-1.674908995628357,6.64705605728298
2025-01-15 10:00:00+00:00,-5.74,-2.553635835647583,-2.12654738398092,-1.645043969154358,8.855890661774454
2025-01-15 11:00:00+00:00,-10.11,-2.551182985305786,1.752241455571511,-1.6210185289382935,10.22604830922464
2025-01-15 12:00:00+00:00,4.86,-2.554307699203491,1.5250680524470326,-1.592817783355713,13.234928173332076
2025-01-15 13:00:00+00:00,-0.08,-2.5552971363067627,2.06783010386191,-1.5757262706756592,1.4050413527449335
2025-01-15 14:00:00+00:00,7.8,-2.5691864490509033,2.388824928663056,-1.5413265228271484,4.138591814030531
2025-01-15 15:00:00+00:00,-4.77,-2.597343921661377,1.450641003934104,-1.5250784158706665,12.58998711832889
2025-01-15 16:00:00+00:00,-2.11,-2.6234335899353027,0.6193428847398625,-1.5216500759124756,8.022552127332167
2025-01-15 17:00:00+00:00,-4.91,-2.6418099403381348,0.9809332720376078,-1.5022844076156616,8.288884815233274
2025-01-15 18:00:00+00:00,58.61,-2.649474620819092,1.9669060037499397,-1.475333333015442,12.316879923487534
2025-01-16 10:00:00+00:00,12.2,-2.6318352222442627,-0.8772319087435534,-1.4535574913024902,12.193227238052334
2025-01-16 11:00:00+00:00,2.59,-2.5936853885650635,-1.4284436373043023,-1.400091528892517,9.631961474799985
2025-01-16 12:00:00+00:00,2.62,-2.563173532485962,-1.92356836519361,-1.3329582214355469,8.832858810511743
2025-01-16 13:00:00+00:00,6.79,-2.5356032848358154,-1.1389798273075482,-1.2656679153442383,6.270164683559133
2025-01-16 14:00:00+00:00,-5.21,-2.512140989303589,-1.0968565661532943,-1.1994516849517822,8.660357638491803
2025-01-16 15:00:00+00:00,-13.07,-2.5009989738464355,-1.128247965991903,-1.146547555923462,12.08211665823137
2025-01-16 16:00:00+00:00,6.14,-2.482250452041626,-1.403157144807146,-1.1064261198043823,12.332942191343777
2025-01-16 17:00:00+00:00,-2.34,-2.4621713161468506,-1.5484010012861331,-1.0696171522140503,9.251227214688885
2025-01-16 18:00:00+00:00,-0.52,-2.438847780227661,-1.6630427841922917,-1.0424484014511108,4.3941903267384985
2025-01-17 10:00:00+00:00,10.68,-2.4127609729766846,-1.7329549678228748,-1.0343759059906006,14.513829278067591
2025-01-17 11:00:00+00:00,0.27,-2.3840394020080566,-1.2771818891622857,-0.9995604157447815,1.7768985672084618
2025-01-17 12:00:00+00:00,6.84,-2.3585329055786133,-1.4592956473470626,-0.9794936776161194,4.3331597940791395
2025-01-17 13:00:00+00:00,2.43,-2.3381118774414062,-1.353120582426917,-0.9580034613609314,2.5579055470490517
2025-01-17 14:00:00+00:00,1.64,-2.3137142658233643,-2.0825272342164936,-0.968336820602417,11.142593604040867
2025-01-17 15:00:00+00:00,13.67,-2.2876203060150146,-1.2363631358450933,-0.9891530871391296,5.102383815615128
2025-01-17 16:00:00+00:00,2.15,-2.2625269889831543,-1.754564585617743,-0.9997072815895081,4.5104408180679
2025-01-17 17:00:00+00:00,-2.93,-2.245363712310791,-1.3014716796373391,-0.9964328408241272,1.9757945258844063
2025-01-17 18:00:00+00:00,30.04,-2.2218427658081055,-1.3365813100678228,-0.9779056906700134,4.80537207898042
2025-01-20 10:00:00+00:00,-9.85,-2.186065435409546,-1.5498598904225303,-0.9780668616294861,9.110854257349352
2025-01-20 11:00:00+00:00,-32.11,-2.142508029937744,-1.4771270393608147,-0.9548851847648621,-1.0178690061625923
2025-01-20 12:00:00+00:00,2.94,-2.0977656841278076,-0.42634251702502246,-0.9388576149940491,11.184130435224175
2025-01-20 13:00:00+00:00,12.36,-2.057108163833618,0.047612774966714455,-0.9212124943733215,9.671257745362528
2025-01-20 14:00:00+00:00,-0.33,-2.0264997482299805,-1.0853061740530034,-0.9291056394577026,7.684922156143731
2025-01-20 15:00:00+00:00,4.96,-1.9975271224975586,-1.0075104316577883,-0.9496780037879944,6.37573827537842
2025-01-20 16:00:00+00:00,-20.64,-1.9669700860977173,-1.0727907822795786,-0.9904524683952332,5.679114840243513
2025-01-20 17:00:00+00:00,-3.34,-1.9433954954147339,0.6614191086318779,-1.005470633506775,-3.2961908132095505
2025-01-20 18:00:00+00:00,-5.12,-1.9174854755401611,1.5101149536645793,-1.0054383277893066,6.119793231209922
2025-01-21 10:00:00+00:00,-11.18,-1.8804446458816528,0.6493154463155228,-0.9986428618431091,14.830363358788558
2025-01-21 11:00:00+00:00,-10.09,-1.8802248239517212,0.9981721977617327,-0.9771867394447327,-0.2469726619543876
2025-01-21 12:00:00+00:00,2.32,-1.8639521598815918,1.1346196663992538,-0.9696365594863892,4.240486355269045
2025-01-21 13:00:00+00:00,-18.66,-1.8556969165802002,0.20846542057042264,-0.94966059923172,10.418770610650974
2025-01-21 14:00:00+00:00,7.95,-1.8443912267684937,0.401970419769332,-0.9500741362571716,11.991823495817597
2025-01-21 15:00:00+00:00,12.09,-1.8392397165298462,1.0994571705890877,-0.9497779607772827,8.922792844065508
2025-01-21 16:00:00+00:00,18.95,-1.8401144742965698,0.5211428134750355,-0.9276155233383179,4.601639951427381
2025-01-21 17:00:00+00:00,8.9,-1.845252275466919,-0.7007436902677802,-0.8891116380691528,4.605445488257049
2025-01-21 18:00:00+00:00,-6.51,-1.8380876779556274,-0.9841321733204726,-0.8680204749107361,16.1268050456802
2025-01-22 10:00:00+00:00,15.78,-1.8374559879302979,-0.953482675917044,-0.8166113495826721,8.652993924767923
2025-01-22 11:00:00+00:00,10.59,-1.8396111726760864,-2.3033539379183385,-0.7888351082801819,9.597332810079081
2025-01-22 12:00:00+00:00,-1.25,-1.818928837776184,-2.7799323314094297,-0.7704943418502808,13.299813410122427
2025-01-22 13:00:00+00:00,11.57,-1.8174256086349487,-1.7002196487933363,-0.74808669090271,12.753129632868756
2025-01-22 14:00:00+00:00,-13.15,-1.8175573348999023,-2.0407212690420047,-0.7539343237876892,0.7027615264861826
2025-01-22 15:00:00+00:00,2.43,-1.8240288496017456,-1.3902783800871703,-0.7443130612373352,17.58837126128021
2025-01-22 16:00:00+00:00,7.52,-1.8129061460494995,-0.7770173538299392,-0.7510191202163696,3.1372657923444836
2025-01-22 17:00:00+00:00,10.93,-1.8087797164916992,-1.5940619980427222,-0.7420837879180908,-0.8305833704890777
2025-01-22 18:00:00+00:00,-30.75,-1.7978533506393433,-1.3298472580919416,-0.7424008846282959,0.11918817187655761
2025-01-23 10:00:00+00:00,-8.52,-1.784982681274414,0.5703917119242707,-0.71729576587677,-3.2314614329782256
2025-01-23 11:00:00+00:00,-14.68,-1.7768701314926147,0.5775672697303511,-0.7059295773506165,1.8946962451084575
2025-01-23 12:00:00+00:00,7.45,-1.764666199684143,0.8006715355149019,-0.7112467885017395,5.171720021619304
2025-01-23 13:00:00+00:00,10.52,-1.7592219114303589,0.7310959269281483,-0.6997747421264648,6.855221941754526
2025-01-23 14:00:00+00:00,-9.1,-1.7591105699539185,2.1927425853420486,-0.7024598717689514,0.2661261108831472
2025-01-23 15:00:00+00:00,3.96,-1.7610743045806885,0.41589130909929684,-0.7061561942100525,9.113819601522323
2025-01-23 16:00:00+00:00,-3.25,-1.7542881965637207,1.8636004788103717,-0.7220603227615356,-2.18646204978888
2025-01-23 17:00:00+00:00,-2.15,-1.7564150094985962,2.3642263519730298,-0.7055100202560425,3.9317401361633113
2025-01-23 18:00:00+00:00,25.19,-1.7602938413619995,1.2585479240927686,-0.701336681842804,10.462861855901133
2025-01-24 10:00:00+00:00,3.88,-1.7589763402938843,-0.5245269727778159,-0.6841886639595032,6.417016428440725
2025-01-24 11:00:00+00:00,5.9,-1.750291109085083,-0.40496746300458686,-0.676745593547821,0.6450412786154133
2025-01-24 12:00:00+00:00,-0.69,-1.7425724267959595,-1.6359137531933021,-0.6769590377807617,7.000648044623769
2025-01-24 13:00:00+00:00,7.35,-1.7448183298110962,-1.972372110039983,-0.6778219938278198,6.566985033124534
2025-01-24 14:00:00+00:00,-2.39,-1.7381391525268555,-1.0383274330286976,-0.6843867301940918,8.69778431189541
2025-01-24 15:00:00+00:00,-24.26,-1.7336851358413696,-1.7369487170036064,-0.6831587553024292,-1.5384921109125622
2025-01-24 16:00:00+00:00,6.02,-1.7248823642730713,0.2774471311657094,-0.6895872950553894,1.7811267893884586
2025-01-24 17:00:00+00:00,0.84,-1.7314046621322632,-1.2400979099439315,-0.6905392408370972,7.887758953911436
2025-01-24 18:00:00+00:00,-1.78,-1.7282851934432983,-0.22470762444455672,-0.6872729659080505,-6.535217855017247
2025-01-27 09:00:00+00:00,-10.5,-1.723024606704712,0.05302274324896747,-0.6793785095214844,0.08857848015808964
2025-01-27 10:00:00+00:00,-24.23,-1.7162278890609741,1.6634227394104646,-0.682339072227478,8.692526803172656
2025-01-27 11:00:00+00:00,8.33,-1.7041645050048828,1.19958251499998,-0.6572028398513794,6.177366511714862
2025-01-27 12:00:00+00:00,1.42,-1.6983683109283447,0.2175552239417096,-0.6308546662330627,0.20367427264613558
2025-01-27 13:00:00+00:00,-11.14,-1.6920491456985474,0.38525852994041265,-0.6041064858436584,3.214736906633374
2025-01-27 14:00:00+00:00,11.07,-1.6791374683380127,0.49819566009731164,-0.5786502361297607,2.8161301025631635
2025-01-27 15:00:00+00:00,-20.48,-1.6656912565231323,0.6887540079124317,-0.5652287602424622,7.343062098208302
2025-01-27 16:00:00+00:00,-9.33,-1.655694603919983,1.8566020379896722,-0.5308828353881836,3.657922435614439
2025-01-27 17:00:00+00:00,0.09,-1.634513020515442,2.5554569821058104,-0.5069496035575867,1.491496927123218
2025-01-27 18:00:00+00:00,-8.02,-1.6086688041687012,1.150409631516966,-0.4921242892742157,21.027091646837913
2025-01-28 09:00:00+00:00,-1.02,-1.5900495052337646,1.383122144956696,-0.4879706799983978,8.353240428001323
2025-01-28 10:00:00+00:00,-3.81,-1.5798259973526,2.952164364342713,-0.47499120235443115,16.562228413233374
2025-01-28 11:00:00+00:00,-2.56,-1.5687854290008545,1.6358295336914372,-0.45624345541000366,29.846514604002515
2025-01-28 12:00:00+00:00,11.16,-1.5624874830245972,2.4857301851657208,-0.4285316467285156,15.443923551642706
2025-01-28 13:00:00+00:00,21.49,-1.5576362609863281,1.6320851575661244,-0.4033313989639282,6.5757031090789715
2025-01-28 14:00:00+00:00,11.76,-1.5520497560501099,2.2707212574652584,-0.3770606517791748,5.835599204538671
2025-01-28 15:00:00+00:00,0.75,-1.564328908920288,0.7860961271896442,-0.32727479934692383,-0.11591185254931961
2025-01-28 16:00:00+00:00,4.61,-1.5743540525436401,-1.3933574756358855,-0.3126465380191803,9.212816132695913
2025-01-28 17:00:00+00:00,6.22,-1.5711662769317627,-2.6287092543107753,-0.3004699945449829,7.191357625311881
2025-01-28 18:00:00+00:00,3.11,-1.5655362606048584,-0.8633609011332812,-0.30166095495224,-3.544574575159424
2025-01-29 09:00:00+00:00,-3.45,-1.5492022037506104,-1.585115914743477,-0.2996280789375305,7.549639367884994
2025-01-29 10:00:00+00:00,14.38,-1.5431058406829834,-1.3814569383092856,-0.28935208916664124,7.03598495636915
2025-01-29 11:00:00+00:00,6.12,-1.5419445037841797,-0.7408312896078173,-0.2690199613571167,-6.194379600513555
2025-01-29 12:00:00+00:00,-3.52,-1.520438551902771,-1.2302639366667298,-0.2776332199573517,4.669658177864417
2025-01-29 13:00:00+00:00,-8.67,-1.4937688112258911,-1.2920912013130177,-0.2759195566177368,0.5195333218436341
2025-01-29 14:00:00+00:00,-3.59,-1.469811201095581,-0.21411778161092165,-0.2607215344905853,-9.21200966608916
2025-01-29 15:00:00+00:00,-6.3,-1.424780249595642,-0.09101238079188101,-0.27525192499160767,3.1764086846053825
2025-01-29 16:00:00+00:00,14.29,-1.3673973083496094,-0.834311831487202,-0.3010765016078949,6.451464467856382
2025-01-29 17:00:00+00:00,6.34,-1.320559024810791,-0.7482025837391624,-0.30114448070526123,5.492894002048744
2025-01-29 18:00:00+00:00,-0.36,-1.2783316373825073,-0.3049120692179558,-0.30435362458229065,4.1528208287183155
2025-01-30 09:00:00+00:00,0.22,-1.2397782802581787,-0.7940407838442007,-0.3190535008907318,1.4230874274276242
2025-01-30 10:00:00+00:00,-2.31,-1.212623119354248,0.5689621383720551,-0.3355382978916168,4.615787876391785
2025-01-30 11:00:00+00:00,-0.59,-1.189307451248169,0.18976236293125368,-0.3473578989505768,0.555185055582179
2025-01-30 12:00:00+00:00,2.79,-1.1757713556289673,-0.17730395617077316,-0.3486073911190033,5.894203895788081
2025-01-30 13:00:00+00:00,0.63,-1.1591682434082031,0.12781434712761158,-0.3511257469654083,7.290999014950654
2025-01-30 14:00:00+00:00,1.07,-1.1373895406723022,0.1419001713917068,-0.34270593523979187,4.494869271618587
2025-01-30 15:00:00+00:00,2.43,-1.1135371923446655,-1.0656870034200618,-0.3296597898006439,-8.416559078038452
2025-01-30 16:00:00+00:00,7.87,-1.0842455625534058,-0.9182945983783093,-0.3156452476978302,5.798416924027094
2025-01-30 17:00:00+00:00,5.04,-1.061865210533142,-1.327869376616686,-0.29208773374557495,0.430369399187419
2025-01-30 18:00:00+00:00,17.92,-1.042580008506775,-1.9022411922198654,-0.25788629055023193,-0.1566856648650975
2025-01-31 09:00:00+00:00,0.13,-1.0203256607055664,-1.738482278732771,-0.24075807631015778,3.630326864962155
2025-01-31 10:00:00+00:00,-13.2,-1.0034757852554321,-0.9768730466430422,-0.22719599306583405,11.29712911390909
2025-01-31 11:00:00+00:00,5.1,-0.991585910320282,-0.4870196771575448,-0.2056812345981598,0.8179957854525529
2025-01-31 12:00:00+00:00,-1.63,-0.9740726351737976,-0.94145126261523,-0.18587353825569153,-1.307533876744873
2025-01-31 13:00:00+00:00,4.48,-0.9588654041290283,-0.15831766342505948,-0.16697444021701813,0.2536044834583036
2025-01-31 14:00:00+00:00,-21.07,-0.9384708404541016,-0.8333542267773555,-0.1680930256843567,5.484558842811898
2025-01-31 15:00:00+00:00,-5.08,-0.9184466004371643,1.49231293905773,-0.1540655791759491,2.6490696010286574
2025-01-31 16:00:00+00:00,-6.72,-0.889549195766449,2.15639072046688,-0.1580987274646759,6.836200756527047
2025-01-31 17:00:00+00:00,0.7,-0.855919361114502,2.5921126537258434,-0.14296026527881622,3.8723173279790375
2025-01-31 18:00:00+00:00,-17.22,-0.8215402960777283,2.667013929538418,-0.16475458443164825,11.26277479784403
2025-02-03 09:00:00+00:00,9.08,-0.7809166312217712,0.6344828761094172,-0.20260219275951385,-4.239002417912301
2025-02-03 10:00:00+00:00,-7.92,-0.743044912815094,2.848620772994307,-0.24198751151561737,8.928332165118658
2025-02-03 11:00:00+00:00,-0.19,-0.7204885482788086,3.0943189187188325,-0.2557189166545868,9.540737993797928
2025-02-03 12:00:00+00:00,1.5,-0.6933115124702454,2.97671178256036,-0.2708756923675537,3.4579954675516795
2025-02-03 13:00:00+00:00,-4.99,-0.6627515554428101,2.341273244481194,-0.2843010127544403,8.391986871834328
2025-02-03 14:00:00+00:00,-8.84,-0.636175274848938,2.4376161250896957,-0.28337758779525757,8.540675094905742
2025-02-03 15:00:00+00:00,7.28,-0.6129632592201233,3.857485994960683,-0.26948514580726624,9.256295838717286
2025-02-03 16:00:00+00:00,-5.77,-0.6046035289764404,3.0045345881244327,-0.260170578956604,14.479489127509051
2025-02-03 17:00:00+00:00,5.14,-0.6029950380325317,2.371687262678296,-0.25569459795951843,12.398527371880418
2025-02-03 18:00:00+00:00,17.56,-0.6007064580917358,2.3475214798111543,-0.23308782279491425,2.5127415917366496
2025-02-04 09:00:00+00:00,0.35,-0.5982792377471924,0.43751302258016045,-0.24535001814365387,11.637449101791299
2025-02-04 10:00:00+00:00,-12.07,-0.5961873531341553,1.1428856417652558,-0.2630789875984192,0.20899652851028805
2025-02-04 11:00:00+00:00,-3.21,-0.5986381769180298,0.8424436228341556,-0.2478267401456833,4.998656378224223
2025-02-04 12:00:00+00:00,-3.15,-0.601439356803894,1.99689681460882,-0.24611039459705353,7.184351410500321
2025-02-04 13:00:00+00:00,0.17,-0.599478006362915,0.884794569185916,-0.23932607471942902,-2.595045825525927
2025-02-04 14:00:00+00:00,-0.92,-0.5945410132408142,2.2076638505143453,-0.23570282757282257,0.32888876932809014
2025-02-04 15:00:00+00:00,-3.79,-0.5964361429214478,2.314122289980036,-0.23191972076892853,4.481835631957288
2025-02-04 16:00:00+00:00,-5.75,-0.5982983112335205,1.2678358167023533,-0.2253357321023941,0.3349544641809744
2025-02-04 17:00:00+00:00,2.35,-0.6045125126838684,2.0294121642567777,-0.24184353649616241,-1.8080705435123763
2025-02-04 18:00:00+00:00,-11.82,-0.6164559125900269,1.6204203959989745,-0.2633649706840515,4.09557712082761
2025-02-05 09:00:00+00:00,5.27,-0.6137843728065491,0.9608964504505118,-0.2618330717086792,-4.460781944855031
2025-02-05 10:00:00+00:00,-18.8,-0.6013596653938293,2.8652664331302913,-0.2839188873767853,6.39448290257189
2025-02-05 11:00:00+00:00,26.05,-0.5993608832359314,3.6694233819314173,-0.29305002093315125,2.910283898691809
2025-02-05 12:00:00+00:00,-9.61,-0.5989019870758057,2.3045128759539097,-0.2854267954826355,-2.1058178477597664
2025-02-05 13:00:00+00:00,-1.88,-0.5992125272750854,1.9190071094714851,-0.26819440722465515,4.129051016017458
2025-02-05 14:00:00+00:00,1.75,-0.6071588397026062,1.4044500357564234,-0.25726088881492615,5.448300784337335
2025-02-05 15:00:00+00:00,1.27,-0.6246936917304993,0.931056969704272,-0.25397375226020813,-5.397094196045378
2025-02-05 16:00:00+00:00,19.23,-0.6398683786392212,1.2219172943168717,-0.2645159661769867,4.921678605495916
2025-02-05 17:00:00+00:00,1.39,-0.6500617861747742,-0.8779792795415378,-0.2655705511569977,-1.2315937215241186
2025-02-05 18:00:00+00:00,30.92,-0.6612157821655273,-1.3670027229022488,-0.2758188545703888,3.3529907712732308
2025-02-06 09:00:00+00:00,8.66,-0.6718888878822327,-1.7777938347336013,-0.3067096471786499,9.035833566526579
2025-02-06 10:00:00+00:00,-9.38,-0.6808310747146606,-1.1768905231791702,-0.3063657879829407,-3.8527544175589057
2025-02-06 11:00:00+00:00,3.53,-0.6860765814781189,-1.2602372648103763,-0.2935148775577545,4.828555313820275
2025-02-06 12:00:00+00:00,-8.62,-0.6939513087272644,-0.9268691985781781,-0.3210739195346832,-0.05276035882964522
2025-02-06 13:00:00+00:00,0.46,-0.7083764672279358,-1.3033338185331784,-0.318470299243927,1.4666790098206932
2025-02-06 14:00:00+00:00,9.91,-0.7246718406677246,-0.2545928503444464,-0.32863861322402954,-2.3937199272229353
2025-02-06 15:00:00+00:00,1.77,-0.7349738478660583,-1.0354341409984567,-0.36922308802604675,4.285478431140543
2025-02-06 16:00:00+00:00,9.19,-0.7435343265533447,-1.396784795885128,-0.40168583393096924,-1.1360019785172495
2025-02-06 17:00:00+00:00,-6.88,-0.745542049407959,-0.7097838872186943,-0.43622398376464844,-1.2691397079525373
2025-02-06 18:00:00+00:00,14.24,-0.7422965168952942,-1.513291952231229,-0.45886465907096863,4.981955382127073
2025-02-07 09:00:00+00:00,-1.6,-0.7331348061561584,-1.2799391752076448,-0.484809547662735,-2.4319386250032693
2025-02-07 10:00:00+00:00,-15.43,-0.7274104356765747,-1.2902689330589687,-0.4948141276836395,6.4007079754256635
2025-02-07 11:00:00+00:00,-2.5,-0.7268864512443542,-0.9035783747874411,-0.5073144435882568,3.9375200108204282
2025-02-07 12:00:00+00:00,7.89,-0.7119824886322021,-0.269516955340868,-0.5169966220855713,1.7401176590214662
2025-02-07 13:00:00+00:00,-7.79,-0.6957505345344543,0.2298360683843661,-0.5239113569259644,4.971199252737095
2025-02-07 14:00:00+00:00,0.59,-0.6787908673286438,1.1810485685895369,-0.5286027789115906,3.274752631675227
2025-02-07 15:00:00+00:00,1.98,-0.6589605212211609,0.7849269357342011,-0.5297787189483643,1.5294865159720268
2025-02-07 16:00:00+00:00,-4.78,-0.6481167078018188,0.3530743967193005,-0.5581094026565552,5.972051315307494
2025-02-07 17:00:00+00:00,3.81,-0.632872462272644,1.3898551959819851,-0.5659575462341309,-1.230103522790179
2025-02-07 18:00:00+00:00,27.34,-0.6143482327461243,2.0710335014012426,-0.5753538012504578,4.63287979851424
2025-02-10 09:00:00+00:00,-2.02,-0.5929828882217407,-0.2653270398617873,-0.570081353187561,5.073846867790171
2025-02-10 10:00:00+00:00,-9.26,-0.5929504036903381,-0.703744892990344,-0.562293529510498,-4.075182927377385
2025-02-10 11:00:00+00:00,6.47,-0.5909593105316162,-0.18163629503272516,-0.5357946157455444,2.1447510038515554
2025-02-10 12:00:00+00:00,3.51,-0.5825268626213074,0.5792315449131147,-0.5199581384658813,4.034537374970135
2025-02-10 13:00:00+00:00,14.45,-0.5837236046791077,-0.3032858066418508,-0.5180245041847229,-1.0620871660469535
2025-02-10 14:00:00+00:00,-1.6,-0.5871951580047607,-1.2319728350417303,-0.5156905651092529,2.436634913245482
2025-02-10 15:00:00+00:00,8.95,-0.5930402278900146,-1.2766200545819146,-0.5147739052772522,3.9695014858406057
2025-02-10 16:00:00+00:00,1.4,-0.6049376726150513,-1.6114267180556616,-0.5190958380699158,1.68975229762906
2025-02-10 17:00:00+00:00,-3.38,-0.6158652901649475,-1.8905852588457956,-0.5276358127593994,3.23552869970397
2025-02-10 18:00:00+00:00,-11.5,-0.6270802617073059,-1.4244216949839283,-0.542370617389679,3.719520166889903
2025-02-11 09:00:00+00:00,-1.18,-0.6328123211860657,-1.7149007348194907,-0.5454505681991577,-2.392581541217762
2025-02-11 10:00:00+00:00,-13.4,-0.6364374756813049,-0.3474721848310651,-0.5849854350090027,3.5596456645316312
2025-02-11 11:00:00+00:00,12.66,-0.6434077620506287,3.0623658773077254,-0.5963066220283508,5.786618350353368
2025-02-11 12:00:00+00:00,11.84,-0.6459776759147644,1.6939176138032437,-0.5892578959465027,3.863006141186852
2025-02-11 13:00:00+00:00,-3.4,-0.6454825401306152,1.5021814545636858,-0.586567223072052,5.915978316435596
2025-02-11 14:00:00+00:00,4.53,-0.6434463858604431,0.6090966326242189,-0.5769985914230347,0.4460784139237516
2025-02-11 15:00:00+00:00,1.61,-0.6350139379501343,-0.15958771578060682,-0.5718437433242798,3.6006218239260726
2025-02-11 16:00:00+00:00,4.38,-0.6266497373580933,-0.03335071770518111,-0.5735812783241272,6.264612829099774
2025-02-11 17:00:00+00:00,0.09,-0.613669753074646,-1.2689578216629416,-0.5632834434509277,2.0403046139469923
2025-02-11 18:00:00+00:00,24.68,-0.6067644953727722,0.4354101347233665,-0.5566383600234985,3.8087041494491207
2025-02-12 09:00:00+00:00,1.67,-0.5981629490852356,-0.30392338363943416,-0.5527154207229614,9.29232989893091
2025-02-12 10:00:00+00:00,7.45,-0.5956950783729553,0.17054403438441096,-0.5291966795921326,-5.055830122672545
2025-02-12 11:00:00+00:00,-3.61,-0.6034783720970154,0.05396084475450175,-0.5292936563491821,2.8838060212165937
2025-02-12 12:00:00+00:00,2.58,-0.6045580506324768,0.25108660973228225,-0.5129684209823608,-1.0890845664225102
2025-02-12 13:00:00+00:00,-8.09,-0.6015869379043579,-0.613477989948594,-0.4817860424518585,0.7024127841477199
2025-02-12 14:00:00+00:00,-7.51,-0.6019015312194824,0.09918229044806032,-0.47376692295074463,1.009457601404037
2025-02-12 15:00:00+00:00,9.36,-0.5997308492660522,-0.40117086912640576,-0.4727722108364105,6.413498066292846
2025-02-12 16:00:00+00:00,-21.37,-0.5990023612976074,-0.3138955642050567,-0.480666846036911,0.14295240119298108
2025-02-12 17:00:00+00:00,2.45,-0.5953962802886963,1.1946271220979428,-0.5026492476463318,-0.8692178919186448
2025-02-12 18:00:00+00:00,220.03,-0.5886247754096985,1.6997038374393414,-0.530945360660553,7.556996355637771
2025-02-13 09:00:00+00:00,-63.31,-0.5739237070083618,0.7033182032854363,-0.5550517439842224,3.517070866355898
2025-02-13 10:00:00+00:00,27.8,-0.5548514723777771,-0.8989984225287966,-0.5864706039428711,-6.966620634329138
2025-02-13 11:00:00+00:00,10.62,-0.5323467254638672,-0.7088499796803274,-0.6080392003059387,-16.126586688947
2025-02-13 12:00:00+00:00,-21.19,-0.5072566270828247,-1.5598914874284362,-0.6306897401809692,-12.00779081331218
2025-02-13 13:00:00+00:00,-11.3,-0.49041083455085754,-0.5377651965648036,-0.6340989470481873,3.3319699158406153
2025-02-13 14:00:00+00:00,23.13,-0.46526142954826355,-0.8858532558545658,-0.6374998092651367,-4.866966740160002
2025-02-13 15:00:00+00:00,-9.65,-0.44020509719848633,-0.4206743687167831,-0.6247778534889221,2.44055560196168
2025-02-13 16:00:00+00:00,13.62,-0.4132064878940582,-0.833039073848719,-0.6362618207931519,-7.532555188660027
2025-02-13 17:00:00+00:00,-8.41,-0.384983092546463,0.15777423122405643,-0.6274920701980591,-4.943455492112708
2025-02-13 18:00:00+00:00,58.75,-0.3544723093509674,0.27108058719557515,-0.6324325799942017,18.43763210107563
2025-02-14 09:00:00+00:00,7.39,-0.32386520504951477,-1.4468287779112157,-0.6445368528366089,-12.454213350049356
2025-02-14 10:00:00+00:00,1.85,-0.3175392150878906,-0.5783144651040922,-0.639829158782959,9.681678641067764
2025-02-14 11:00:00+00:00,-1.74,-0.3220887780189514,-1.1451445646707294,-0.6649237275123596,-1.5930756124821372
2025-02-14 12:00:00+00:00,-61.07,-0.3231652081012726,-1.3749749746783833,-0.6578810811042786,-3.5254771164227576
2025-02-14 13:00:00+00:00,10.65,-0.3206859529018402,-1.3259377425573498,-0.653010904788971,1.6022485648393856
2025-02-14 14:00:00+00:00,-10.12,-0.3171217441558838,0.053215498453918486,-0.6514188051223755,-3.061847579359271
2025-02-14 15:00:00+00:00,-51.94,-0.30767953395843506,0.09783076234285154,-0.6639130711555481,-4.485562525831137
2025-02-14 16:00:00+00:00,14.17,-0.2968735098838806,0.1327378081798749,-0.6870750784873962,38.100686494952186
2025-02-14 17:00:00+00:00,10.09,-0.27826347947120667,0.7708204920240125,-0.7108095288276672,16.231494364610004
2025-02-14 18:00:00+00:00,76.5,-0.2601810693740845,2.2406953694477583,-0.7332001328468323,6.283772159701624
2025-02-17 09:00:00+00:00,-3.3,-0.240853950381279,-2.2320880512412353,-0.7327574491500854,13.641120536966065
2025-02-17 10:00:00+00:00,-4.27,-0.22217561304569244,-1.2915009173166752,-0.7553317546844482,-19.89682657221467
2025-02-17 11:00:00+00:00,19.33,-0.20302654802799225,-0.711362780143527,-0.7362148761749268,-12.758565922507858
2025-02-17 12:00:00+00:00,5.27,-0.186007559299469,-2.0209404653685765,-0.7020899653434753,-10.001853367814483
2025-02-17 13:00:00+00:00,-9.61,-0.17351658642292023,-0.6420570212516082,-0.6801380515098572,-7.196692855038777
2025-02-17 14:00:00+00:00,20.17,-0.1620979607105255,-1.0965046000647227,-0.6818757653236389,-23.751583725396905
2025-02-17 15:00:00+00:00,4.98,-0.1548459827899933,-0.4156000900081339,-0.6904361844062805,21.290637575969274
2025-02-17 16:00:00+00:00,7.19,-0.1416875272989273,-0.8298858529804001,-0.7048990726470947,-16.256457604587613
2025-02-17 17:00:00+00:00,7.15,-0.13192500174045563,-0.9617700937807465,-0.7081391215324402,-3.691410964508051
2025-02-17 18:00:00+00:00,-0.87,-0.12504740059375763,-0.5736437232801853,-0.7358021140098572,-0.4971411482019612
2025-02-18 09:00:00+00:00,5.06,-0.10943774878978729,-1.428518301184816,-0.747267484664917,-22.109200590341743
2025-02-18 10:00:00+00:00,-42.76,-0.10336624085903168,-0.9963994890285108,-0.8097751140594482,-18.39860442725972
2025-02-18 11:00:00+00:00,21.44,-0.08978909999132156,-0.7844563684037316,-0.8842968940734863,0.42887189103531886
2025-02-18 12:00:00+00:00,7.27,-0.06872623413801193,-0.01901247164806047,-0.9547719359397888,-30.181406081239153
2025-02-18 13:00:00+00:00,26.96,-0.04406216740608215,-0.6591634641896579,-0.9978203177452087,-15.814524733587454
2025-02-18 14:00:00+00:00,-56.81,-0.012351815588772297,-1.7942872414448248,-1.051061987876892,3.379123989875305
2025-02-18 15:00:00+00:00,2.26,0.008435848169028759,0.9048953592165168,-1.0876580476760864,-27.05476178136476
2025-02-18 16:00:00+00:00,-10.01,0.044233985245227814,1.2267808910198021,-1.122928500175476,14.537835501473438
2025-02-18 17:00:00+00:00,-2.19,0.07917724549770355,1.610537636653629,-1.1534135341644287,-4.2777879851579765
2025-02-18 18:00:00+00:00,13.61,0.11302986741065979,-0.11187274434016792,-1.201136589050293,-1.7165386769921749
2025-02-19 09:00:00+00:00,-25.19,0.14544062316417694,-1.1964229288155102,-1.2740648984909058,-5.596950668580852
2025-02-19 10:00:00+00:00,-16.34,0.18157291412353516,1.307180828019542,-1.3286749124526978,-3.7406715997420728
2025-02-19 11:00:00+00:00,8.64,0.2223384827375412,0.2606863197204627,-1.3551100492477417,-0.6817207197288382
2025-02-19 12:00:00+00:00,14.0,0.2675483524799347,-0.4741193354557931,-1.3640974760055542,0.9393476820237456
2025-02-19 13:00:00+00:00,5.67,0.3204573392868042,-0.7301459173659302,-1.3632376194000244,-12.042812306362393
2025-02-19 14:00:00+00:00,2.44,0.3790329694747925,-2.0708066298822785,-1.345420479774475,-13.676230384189724
2025-02-19 15:00:00+00:00,8.63,0.4404427111148834,-0.7942703437900758,-1.3733274936676025,19.729368679602754
2025-02-19 16:00:00+00:00,14.82,0.5058227777481079,-0.18324548023356102,-1.3827391862869263,-17.96423779760018
2025-02-19 17:00:00+00:00,-14.4,0.5737800598144531,-0.21295224171927918,-1.3877631425857544,-12.125372352875374
2025-02-19 18:00:00+00:00,26.32,0.6381828784942627,-1.5571995806766261,-1.3635289669036865,-7.75409457932311
2025-02-20 09:00:00+00:00,-6.39,0.7181701064109802,-2.1494775199867213,-1.3752650022506714,-12.258366778294256
2025-02-20 10:00:00+00:00,-3.96,0.7663893103599548,-1.733289049099142,-1.3328789472579956,-16.506377711117704
2025-02-20 11:00:00+00:00,19.74,0.8108459115028381,-2.186042800955354,-1.3164572715759277,-8.219875046827871
2025-02-20 12:00:00+00:00,-5.73,0.849700927734375,-1.9776169831446007,-1.302752137184143,-6.140561369872357
2025-02-20 13:00:00+00:00,4.61,0.8998754024505615,-1.7456811998682902,-1.248408555984497,-6.7782336456558205
2025-02-20 14:00:00+00:00,8.68,0.9564908742904663,-2.116021399724557,-1.1809090375900269,-26.863695007342148
2025-02-20 15:00:00+00:00,5.49,1.0182517766952515,-1.9919687201079053,-1.1177793741226196,-18.497760582152214
2025-02-20 16:00:00+00:00,-2.37,1.089363932609558,-0.8756005190088605,-1.031404972076416,-4.148454762558259
2025-02-20 17:00:00+00:00,-24.41,1.1656808853149414,-0.6901145002338479,-0.9336638450622559,-21.53164959678183
2025-02-20 18:00:00+00:00,19.76,1.2462998628616333,-0.6311095558161495,-0.8845863342285156,-11.139307647648762
2025-02-21 09:00:00+00:00,0.92,1.312279462814331,-2.228915145059044,-0.814604640007019,-11.489454938015212
2025-02-21 10:00:00+00:00,1.2,1.2545595169067383,-0.03528096852491858,-0.7078673243522644,-2.1882790715798226
2025-02-21 11:00:00+00:00,-8.93,1.0897663831710815,-0.6301107955041871,-0.6947202682495117,-15.733031115532636
2025-02-21 12:00:00+00:00,-27.64,1.115630030632019,-0.3922164683339162,-0.7825310826301575,-8.14959508101001
2025-02-21 13:00:00+00:00,-0.95,1.1678231954574585,1.726165486925666,-0.7871306538581848,-6.191090311026477
2025-02-21 14:00:00+00:00,-11.25,1.2270727157592773,2.599554955722493,-0.7321574091911316,-14.062079278881809
2025-02-21 15:00:00+00:00,3.87,1.310636043548584,1.5425239955428047,-0.8294413685798645,-5.92895623533927
2025-02-21 16:00:00+00:00,13.39,1.4128694534301758,0.5600986503082386,-0.8682919144630432,-16.178952790868685
2025-02-21 17:00:00+00:00,0.3,1.459702491760254,-0.5063189155347867,-0.9533519148826599,-19.51783362484219
2025-02-21 18:00:00+00:00,27.49,1.561241626739502,1.0288241046935127,-1.0542117357254028,-4.521337986165293
2025-02-24 09:00:00+00:00,-15.24,1.6187458038330078,-0.8989747625942135,-0.9533968567848206,-13.529564076209434
2025-02-24 10:00:00+00:00,0.43,1.8233569860458374,1.0240580380882078,-0.8642390966415405,-20.89289111850378
2025-02-24 11:00:00+00:00,1.25,1.9650843143463135,0.8110357607159185,-0.7732250690460205,-2.386072618984919
2025-02-24 12:00:00+00:00,-3.6,2.130796432495117,1.219245319379671,-0.7421685457229614,-8.84277115697861
2025-02-24 13:00:00+00:00,-0.78,2.232398271560669,1.0741559225864572,-0.6958361268043518,-1.9620165326763257
2025-02-24 14:00:00+00:00,-13.26,2.3055689334869385,1.5089065571359428,-0.6746364831924438,-19.650875063370147
2025-02-24 15:00:00+00:00,0.37,2.3923943042755127,-1.379291785787992,-0.706572413444519,-1.3184071032884557
2025-02-24 16:00:00+00:00,9.56,2.52496337890625,0.6611170685000962,-0.7147982120513916,-8.947637969347431
2025-02-24 17:00:00+00:00,14.12,2.46242618560791,1.589538007242197,-0.6919365525245667,-14.22415591119669
2025-02-24 18:00:00+00:00,61.95,2.4696836471557617,-0.09122775158955754,-0.6883888244628906,-11.322004035086408
2025-02-25 09:00:00+00:00,-7.92,2.4809792041778564,-1.9580003103152,-0.6664920449256897,-7.4285656776174065
2025-02-25 10:00:00+00:00,-7.82,2.4312167167663574,-0.261391113501791,-0.6539274454116821,-17.662324702170352
2025-02-25 11:00:00+00:00,3.31,2.193326711654663,1.350731117341343,-0.6570398211479187,-17.811487293964603
2025-02-25 12:00:00+00:00,-12.44,2.1214406490325928,0.10307593635997592,-0.7322141528129578,-14.97676215245178
2025-02-25 13:00:00+00:00,13.88,2.104846477508545,-0.5993007827914408,-0.7514099478721619,-14.338200165659124
2025-02-25 14:00:00+00:00,-6.68,2.142662286758423,-0.31159580445227164,-0.7046771049499512,-16.75860566118563
2025-02-25 15:00:00+00:00,0.13,2.2116775512695312,1.1624282640449746,-0.7391462326049805,-9.538382594443545
2025-02-25 16:00:00+00:00,-4.23,2.22186541557312,0.3980234027717521,-0.7121840119361877,-10.161439080338186
2025-02-25 17:00:00+00:00,-17.67,2.215918779373169,1.4575754676092514,-0.780835747718811,-15.117980473313924
2025-02-25 18:00:00+00:00,7.97,2.1885509490966797,1.1723007007562685,-0.8917728662490845,-7.6833165148075375
2025-02-26 09:00:00+00:00,-5.08,2.1114213466644287,-2.348352411830374,-0.934546172618866,-14.84392472387386
2025-02-26 10:00:00+00:00,-8.77,2.076589345932007,0.535409724293867,-1.0298092365264893,3.3916517448186485
2025-02-26 11:00:00+00:00,-14.1,1.9362391233444214,0.830836267608645,-1.0253345966339111,-6.337985461327909
2025-02-26 12:00:00+00:00,-35.08,1.8300037384033203,1.1739603548400395,-1.0379128456115723,-4.364585015042932
2025-02-26 13:00:00+00:00,9.61,1.733292579650879,2.006566624628689,-1.063364863395691,4.515028620824214
2025-02-26 14:00:00+00:00,-31.97,1.6583212614059448,1.596610116474181,-0.9578151106834412,-3.4392851548108965
2025-02-26 15:00:00+00:00,11.71,1.5874321460723877,1.0310194122466032,-0.8874526023864746,12.122487952592737
2025-02-26 16:00:00+00:00,14.78,1.4592516422271729,1.681553411937664,-0.7746118307113647,17.480352234262583
2025-02-26 17:00:00+00:00,0.79,1.36195969581604,1.4156280554668648,-0.6501911282539368,6.897259837946362
2025-02-26 18:00:00+00:00,-33.16,1.2975142002105713,0.4916158123814328,-0.47237566113471985,10.47007395400915
2025-02-27 09:00:00+00:00,-6.42,1.2593328952789307,-2.6885674856604913,-0.35565996170043945,13.209786946044161
2025-02-27 10:00:00+00:00,-15.2,1.1936283111572266,0.9155438441491848,-0.2786291837692261,11.97369570296783
2025-02-27 11:00:00+00:00,-22.45,1.1014565229415894,1.8437346840927105,-0.20077461004257202,13.495233541370473
2025-02-27 12:00:00+00:00,18.89,1.0009962320327759,1.699661778439399,-0.15969400107860565,20.51838889231481
2025-02-27 13:00:00+00:00,-12.28,0.9400454759597778,2.1026367510738937,-0.15072473883628845,19.559969286615974
2025-02-27 14:00:00+00:00,32.56,0.8642959594726562,0.26694357699934707,-0.09798668324947357,8.581321459074118
2025-02-27 15:00:00+00:00,-2.35,0.7933672070503235,1.045785739323264,-0.11009839177131653,9.886185571958878
2025-02-27 16:00:00+00:00,1.62,0.7277538180351257,1.3278085564882636,-0.030512744560837746,6.394266174814828
2025-02-27 17:00:00+00:00,-4.56,0.6611770391464233,0.3065396580157921,-0.009707597084343433,5.440370279818482
2025-02-27 18:00:00+00:00,-32.85,0.5975388288497925,-0.6332613950937757,-0.00223021162673831,-3.9025546045194344
2025-02-28 09:00:00+00:00,-36.64,0.5283408761024475,-1.8347120292796042,-0.006515953224152327,5.239266249593064
2025-02-28 10:00:00+00:00,7.4,0.4795590937137604,1.8120602603365947,0.010751815512776375,-3.4351343193754578
2025-02-28 11:00:00+00:00,-14.14,0.42923668026924133,2.703734391892867,0.007588219363242388,-0.6512139542950757
2025-02-28 12:00:00+00:00,19.39,0.3941938281059265,2.0386531884383565,0.10127092897891998,-0.48226929990081646
2025-02-28 13:00:00+00:00,2.47,0.3183711767196655,2.156528075986946,0.1842585802078247,1.476760171688703
2025-02-28 14:00:00+00:00,-14.78,0.2776157557964325,1.798242390374524,0.2425057590007782,2.7084973449044556
2025-02-28 15:00:00+00:00,10.59,0.25676143169403076,1.9870861347649367,0.2138378620147705,-5.917278108235998
2025-02-28 16:00:00+00:00,16.13,0.23689895868301392,2.1693502331013668,0.1884644478559494,-1.6256379009556943
2025-02-28 17:00:00+00:00,10.26,0.17426645755767822,2.064041406134629,0.3067345917224884,-6.329411777560556
2025-02-28 18:00:00+00:00,-12.95,0.1591600477695465,1.6557741430608983,0.3192385733127594,-10.456594913462924
2025-03-03 09:00:00+00:00,-32.3,0.17486035823822021,-0.6059685850691436,0.29719480872154236,-20.995616378599912
2025-03-03 10:00:00+00:00,-7.54,0.17273719608783722,1.8601925646466868,0.31683269143104553,2.9573364948862997
2025-03-03 11:00:00+00:00,-9.73,0.21116945147514343,2.6887572441318244,0.37077927589416504,-12.069380604506861
2025-03-03 12:00:00+00:00,3.99,0.2531476318836212,2.4283474735673196,0.35886532068252563,3.662198873653228
2025-03-03 13:00:00+00:00,9.56,0.26864469051361084,1.5599009979297205,0.36454010009765625,-4.424656080518875
2025-03-03 14:00:00+00:00,-4.53,0.2916298806667328,1.4253405360469293,0.3308829963207245,-7.430085667357737
2025-03-03 15:00:00+00:00,17.27,0.3283690810203552,-1.302167432631737,0.2777455449104309,-6.606541494890108
2025-03-03 16:00:00+00:00,-13.31,0.3462591767311096,2.02459931291226,0.28133291006088257,-13.513549270659114
2025-03-03 17:00:00+00:00,-5.21,0.34780511260032654,0.8445982054774445,0.2820426821708679,-22.475631077094693
2025-03-03 18:00:00+00:00,58.95,0.3386876881122589,-0.8891387058632532,0.2584802508354187,-17.875700436734544
2025-03-04 09:00:00+00:00,28.47,0.3283369541168213,-1.1888180150289345,0.2615066468715668,-17.586822885083695
2025-03-04 10:00:00+00:00,8.6,0.3106338083744049,0.07654057905432379,0.23874257504940033,-26.102622973901628
2025-03-04 11:00:00+00:00,-8.53,0.3077765107154846,-1.2928271913922664,0.18217791616916656,-12.785592253808725
2025-03-04 12:00:00+00:00,-7.53,0.28828030824661255,-0.33388433507922366,0.18786323070526123,-18.244608266706376
2025-03-04 13:00:00+00:00,3.68,0.25413745641708374,-1.180787483897008,0.15611059963703156,-16.14173902808391
2025-03-04 14:00:00+00:00,-8.24,0.25113219022750854,-1.1556774662517653,0.11875191330909729,-19.62403502421838
2025-03-04 15:00:00+00:00,11.25,0.2692580819129944,-1.2522681866571161,0.07987615466117859,-3.1454133277751994
2025-03-04 16:00:00+00:00,-3.73,0.2712182402610779,-0.9708520357431043,0.07417700439691544,-25.053929832696767
2025-03-04 17:00:00+00:00,12.98,0.26773491501808167,-3.2135150256007656,0.04584832862019539,-10.912791991638937
2025-03-04 18:00:00+00:00,1.31,0.28619495034217834,-2.1196189150273654,0.008140654303133488,-18.371218403630216
2025-03-05 09:00:00+00:00,-6.43,0.3291471004486084,-2.9578735131109175,-0.03575843945145607,-18.483779503921912
2025-03-05 10:00:00+00:00,30.47,0.35605382919311523,-0.15122087580594434,-0.09279200434684753,-3.977312105663517
2025-03-05 11:00:00+00:00,3.82,0.41326606273651123,-1.2229480868742804,-0.20584166049957275,-25.391472619083952
2025-03-05 12:00:00+00:00,-8.93,0.48770496249198914,-0.8236336170462131,-0.2885722219944,-10.366898821731288
2025-03-05 13:00:00+00:00,-3.05,0.5606752634048462,-0.6906229468530638,-0.3373054265975952,-4.051255696433786
2025-03-05 14:00:00+00:00,-5.9,0.6504766941070557,-1.059518180175519,-0.3769226372241974,-16.27357222597884
2025-03-05 15:00:00+00:00,9.48,0.7622149586677551,0.6454662550100835,-0.4460933208465576,-16.98238449944627
2025-03-05 16:00:00+00:00,-5.75,0.8693650364875793,0.5196957420870526,-0.4935385286808014,-12.081392892661825
2025-03-05 17:00:00+00:00,6.97,0.9751765131950378,1.241408410825289,-0.5197474956512451,-15.35019540342951
2025-03-05 18:00:00+00:00,-34.74,1.0927374362945557,1.0828559689402102,-0.5725550651550293,-15.542807350374389
2025-03-06 09:00:00+00:00,-4.37,1.2277377843856812,-2.9294350032088623,-0.6295422911643982,-14.617906823171914
2025-03-06 10:00:00+00:00,-11.86,1.3461577892303467,-0.5427184578229587,-0.70880126953125,-6.785722673889553
2025-03-06 11:00:00+00:00,-7.14,1.442686915397644,0.14807279340177135,-0.7300682067871094,-10.089441217165634
2025-03-06 12:00:00+00:00,-10.66,1.5053377151489258,0.30712668264428417,-0.7324808239936829,2.0699097663365396
2025-03-06 13:00:00+00:00,-2.42,1.5681062936782837,0.6009810155706591,-0.7289196252822876,-3.1191476143405743
2025-03-06 14:00:00+00:00,14.29,1.6582895517349243,-0.571442662235877,-0.7389332056045532,5.4643443255291695
2025-03-06 15:00:00+00:00,15.49,1.7829397916793823,-0.8186891060621804,-0.7448053359985352,-2.3204846984884924
2025-03-06 16:00:00+00:00,0.01,1.9146876335144043,0.3916972588355422,-0.757024347782135,1.9487150917033078
2025-03-06 17:00:00+00:00,-14.52,2.0001049041748047,0.8949399334443957,-0.7438278794288635,-4.330914921467116
2025-03-06 18:00:00+00:00,19.22,2.0916965007781982,-1.64653758295642,-0.7308214902877808,0.27812574685597785
2025-03-07 09:00:00+00:00,10.3,2.1997485160827637,-1.803237925622447,-0.6936426758766174,7.571510871992116
2025-03-07 10:00:00+00:00,9.44,2.3046889305114746,-0.6833126996586535,-0.6834594011306763,-2.581489980958213
2025-03-07 11:00:00+00:00,-13.55,2.3204662799835205,0.3232923456399638,-0.6570867896080017,1.800426696353514
2025-03-07 12:00:00+00:00,6.27,2.407696485519409,-0.17423118872112064,-0.6045086979866028,-17.567470271856394
2025-03-07 13:00:00+00:00,0.14,2.5054991245269775,-1.5604387211861934,-0.619433581829071,-9.075932364235767
2025-03-07 14:00:00+00:00,-5.67,2.614471673965454,-0.22756166892565854,-0.6730118989944458,-2.0093158554217148
2025-03-07 15:00:00+00:00,8.03,2.7349355220794678,0.2907714839912805,-0.7281525731086731,-0.40605393224530084
2025-03-07 16:00:00+00:00,-61.86,2.7817156314849854,0.47769665138210105,-0.8521219491958618,-11.123391270293714
2025-03-07 17:00:00+00:00,-13.14,2.8187668323516846,0.9502503149169546,-0.9875350594520569,4.136469033181341
2025-03-07 18:00:00+00:00,56.8,2.865314245223999,0.1289341912839105,-0.9898313879966736,4.029512379806732
2025-03-10 09:00:00+00:00,-19.15,2.8947601318359375,-1.368676484862498,-0.9527974724769592,-2.9810266708075313
2025-03-10 10:00:00+00:00,-2.0,2.9310975074768066,0.9755952317470004,-0.8701878786087036,-0.22394977535184368
2025-03-10 11:00:00+00:00,7.84,2.966273307800293,0.8721867264990609,-0.9197983145713806,-10.062653180426269
2025-03-10 12:00:00+00:00,5.05,3.07316255569458,-0.8926321545873996,-1.0390620231628418,-6.846266104078114
2025-03-10 13:00:00+00:00,5.55,3.146333932876587,0.12345542231195372,-1.1734384298324585,-13.809913488179482
2025-03-10 14:00:00+00:00,-3.87,3.204148054122925,0.5592997271193441,-1.3366940021514893,-15.544746640463394
2025-03-10 15:00:00+00:00,-1.17,3.2499070167541504,-0.7799906456276142,-1.4766305685043335,-11.374754979284086
2025-03-10 16:00:00+00:00,-11.41,3.2832529544830322,-1.557388399862389,-1.5830315351486206,-9.176319495447036
2025-03-10 17:00:00+00:00,-3.71,3.336653709411621,-0.813495881819672,-1.7168477773666382,1.7500198571689303
2025-03-10 18:00:00+00:00,-11.1,3.4280638694763184,-0.7199498867124595,-1.811465859413147,1.7035347746153298
2025-03-11 09:00:00+00:00,11.24,3.4481136798858643,-1.3089418111998448,-1.821554183959961,-6.180853179528434
2025-03-11 10:00:00+00:00,3.54,3.484767436981201,0.5891802591122778,-1.7977904081344604,-6.067107767524202
2025-03-11 11:00:00+00:00,-0.84,3.5695738792419434,1.34018385066526,-1.8134291172027588,-7.2218535355597195
2025-03-11 12:00:00+00:00,1.21,3.614504337310791,-0.37309166665530713,-1.8450623750686646,-1.3018002887933775
2025-03-11 13:00:00+00:00,-16.32,3.691627025604248,-1.1227409021242156,-1.8656647205352783,-2.149537223567053
2025-03-11 14:00:00+00:00,8.68,3.7284185886383057,0.6838450969788158,-1.8379065990447998,-11.066389592691847
2025-03-11 15:00:00+00:00,3.79,3.740558385848999,-0.4641176270019125,-1.8247087001800537,-16.444975574677255
2025-03-11 16:00:00+00:00,0.61,3.740152359008789,-0.3544302610146489,-1.742400050163269,-9.390114643000116
2025-03-11 17:00:00+00:00,-0.67,3.700455904006958,1.4476476315612261,-1.6332169771194458,-9.301845322974701
2025-03-11 18:00:00+00:00,-14.96,3.660959005355835,-0.5986684136180765,-1.4295817613601685,-22.22003312134008
2025-03-12 09:00:00+00:00,-16.89,3.629290819168091,-2.7807990963222595,-1.2232184410095215,-7.861565875585778
2025-03-12 10:00:00+00:00,-3.6,3.5365355014801025,0.7925351001269441,-1.071539044380188,-11.784748650524834
2025-03-12 11:00:00+00:00,11.38,3.456864833831787,0.2594958438800644,-0.9704394340515137,-5.504636797513025
2025-03-12 12:00:00+00:00,-5.62,3.3872082233428955,0.20911201407924426,-0.8259503245353699,-4.363534174938204
2025-03-12 13:00:00+00:00,11.01,3.281775951385498,-0.4301005523159541,-0.6765478253364563,-14.100920836404452
2025-03-12 14:00:00+00:00,6.9,3.180039405822754,-1.3850473331426827,-0.531722366809845,-7.76041512081797
2025-03-12 15:00:00+00:00,-11.15,3.064805269241333,-0.4116038991265867,-0.3739389181137085,-0.8802737996878925
2025-03-12 16:00:00+00:00,1.86,2.97432279586792,-0.6695762522830055,-0.22625960409641266,-11.247078623970898
2025-03-12 17:00:00+00:00,4.09,2.8690102100372314,-1.1168011782643357,-0.03831899166107178,-8.862877549309218
2025-03-12 18:00:00+00:00,-34.81,2.776132822036743,-1.4322393787498322,0.07508187741041183,-2.563450861338747
2025-03-13 09:00:00+00:00,-7.34,2.7132720947265625,-2.8311742820444707,0.16191259026527405,-11.336134252035308
2025-03-13 10:00:00+00:00,-13.87,2.6267056465148926,1.5786663110460395,0.2660614848136902,-1.3400105202903654
2025-03-13 11:00:00+00:00,21.61,2.5289077758789062,1.7992451090323145,0.3480759859085083,-6.126059506213818
2025-03-13 12:00:00+00:00,-11.03,2.429692506790161,1.7272839040181815,0.44455501437187195,-15.795903849207441
2025-03-13 13:00:00+00:00,-21.42,2.2906386852264404,1.5162487005195673,0.5074017643928528,-1.175165238040023
2025-03-13 14:00:00+00:00,-11.56,2.1712160110473633,0.5211430391781541,0.554175853729248,-0.5021589878443925
2025-03-13 15:00:00+00:00,12.73,2.0691206455230713,0.24676624494160415,0.6545950770378113,-14.033987862850587
2025-03-13 16:00:00+00:00,-0.95,1.97433340549469,1.459510247024365,0.715399980545044,0.5514425351733264
2025-03-13 17:00:00+00:00,4.24,1.8925294876098633,-0.6086233071608038,0.7614671587944031,-8.309016287714506
2025-03-13 18:00:00+00:00,38.39,1.7378861904144287,0.023875558595385177,0.82013338804245,-3.6605583728778277
2025-03-14 09:00:00+00:00,-4.05,1.6146498918533325,-1.2238717939452002,0.839361310005188,-2.837863345201332
2025-03-14 10:00:00+00:00,-19.99,1.4336553812026978,0.78875282018764,0.8509590029716492,-11.315363754345126
2025-03-14 11:00:00+00:00,14.41,1.164568543434143,0.35093660755395994,0.7754393815994263,6.03648887523564
2025-03-14 12:00:00+00:00,8.64,1.0104135274887085,0.11224172717762905,0.7201899886131287,-2.527869145795017
2025-03-14 13:00:00+00:00,2.71,0.9498803615570068,-2.0507259402666005,0.6323497295379639,-9.496226401284531
2025-03-14 14:00:00+00:00,7.8,0.8810970783233643,-2.621593024618854,0.5516356229782104,-8.616271952135872
2025-03-14 15:00:00+00:00,29.9,0.8576832413673401,-1.8934272154993002,0.45304641127586365,1.0831932117820358
2025-03-14 16:00:00+00:00,-10.1,0.8876574039459229,-0.022094057821498203,0.3688731789588928,-23.32824376338161
2025-03-14 17:00:00+00:00,5.8,0.8989599943161011,0.1782182620220049,0.20761513710021973,-11.875014281621599
2025-03-14 18:00:00+00:00,58.16,0.8596982359886169,-2.307998046258347,0.0812259390950203,-7.359704289438254
2025-03-17 09:00:00+00:00,-3.05,0.780523955821991,-2.220737836766122,-0.044024236500263214,-22.30662903084744
2025-03-17 10:00:00+00:00,6.54,0.6774944067001343,-0.8404479897786614,-0.2106194645166397,-12.754026073090037
2025-03-17 11:00:00+00:00,-6.39,0.5805066227912903,-0.198354348952254,-0.3332570791244507,-20.87504405435253
2025-03-17 12:00:00+00:00,-3.76,0.5028573274612427,-0.4273212290248325,-0.4543015956878662,-13.390985046327081
2025-03-17 13:00:00+00:00,-17.73,0.4613262712955475,-0.14623864781085827,-0.5015550851821899,-7.524618212698659
2025-03-17 14:00:00+00:00,12.87,0.4404813349246979,0.7152323926406677,-0.5464704632759094,-16.633514685931253
2025-03-17 15:00:00+00:00,4.83,0.4114569127559662,-0.1291549881352505,-0.5825393199920654,-11.843824342048922
2025-03-17 16:00:00+00:00,-1.99,0.35317113995552063,-0.8129053311085448,-0.6237112283706665,-8.188466465373104
2025-03-17 17:00:00+00:00,0.63,0.26062706112861633,-1.0825913990544733,-0.6501573920249939,-9.69811429311258
2025-03-17 18:00:00+00:00,18.23,0.14643777906894684,-1.854651593483243,-0.7628442049026489,-10.922404614505494
2025-03-18 09:00:00+00:00,-8.66,0.055465616285800934,-1.88274628426263,-0.8626554012298584,-1.3625720141644424
2025-03-18 10:00:00+00:00,-6.87,0.006046636495739222,0.45464085232573037,-0.9305081963539124,-9.162027092084932
2025-03-18 11:00:00+00:00,2.71,-0.05747509002685547,0.03719911140939691,-0.9941228032112122,-8.87618419709538
2025-03-18 12:00:00+00:00,4.58,-0.11417938768863678,0.1925206297546126,-1.0242515802383423,4.450829206471766
2025-03-18 13:00:00+00:00,1.24,-0.1586134433746338,-0.7269217376038685,-1.0787999629974365,-7.284496560268445
2025-03-18 14:00:00+00:00,-0.47,-0.17704461514949799,-1.6689444533548246,-1.1179028749465942,-3.429432821798845
2025-03-18 15:00:00+00:00,6.06,-0.20137839019298553,-0.70723150428274,-1.1189539432525635,-7.057634606138683
2025-03-18 16:00:00+00:00,9.16,-0.2408376783132553,-1.4070130855441727,-1.1246482133865356,-1.1720787216615092
2025-03-18 17:00:00+00:00,-13.68,-0.2984785735607147,-0.8246662284506185,-1.1099419593811035,-10.585636300903081
2025-03-18 18:00:00+00:00,-42.41,-0.3633895218372345,0.3301247006402804,-1.1558973789215088,-1.8321131780309978
2025-03-19 09:00:00+00:00,-13.8,-0.4089609980583191,-3.203499871134087,-1.1472104787826538,-6.319782506092083
2025-03-19 10:00:00+00:00,9.65,-0.43824127316474915,-1.2237243201250785,-1.1197879314422607,-2.5048670917952207
2025-03-19 11:00:00+00:00,-3.72,-0.4530928134918213,0.8996905766524168,-1.099604845046997,1.20647890738572
2025-03-19 12:00:00+00:00,-7.69,-0.46590226888656616,-0.8629128865234346,-1.0430452823638916,-5.706677158150349
2025-03-19 13:00:00+00:00,16.83,-0.4709804952144623,-1.9581060885818382,-0.9873655438423157,1.9144285555988314
2025-03-19 14:00:00+00:00,16.3,-0.4677579700946808,-1.407828629753721,-0.9294700026512146,-5.922157644809966
2025-03-19 15:00:00+00:00,-0.41,-0.4429573118686676,-1.461861730465394,-0.8566457033157349,4.0453468776739365
2025-03-19 16:00:00+00:00,-1.51,-0.4222755432128906,0.27813607367595783,-0.7945880889892578,-6.105482897928035
2025-03-19 17:00:00+00:00,-0.94,-0.43167608976364136,0.6282663883954344,-0.7557787895202637,7.995841791224359
2025-03-19 18:00:00+00:00,10.5,-0.4351181387901306,-1.167260190151405,-0.7344411611557007,0.4492662638551635
2025-03-20 09:00:00+00:00,-16.25,-0.4374683201313019,-0.3473486125815394,-0.6864618062973022,1.380762222224042
2025-03-20 10:00:00+00:00,-1.29,-0.46012547612190247,1.4087160575568287,-0.6478270888328552,-10.03950440044546
2025-03-20 11:00:00+00:00,3.29,-0.49199578166007996,0.12177023863294392,-0.586274266242981,0.503543538023789
2025-03-20 12:00:00+00:00,-8.22,-0.5137017369270325,0.06945069893261113,-0.5251008868217468,-15.935691274777104
2025-03-20 13:00:00+00:00,-6.95,-0.5306089520454407,-0.4822329999082362,-0.4718305468559265,-10.073085819229458
2025-03-20 14:00:00+00:00,-13.55,-0.5530927181243896,-0.905205713038225,-0.37610819935798645,0.7983927561808664
2025-03-20 15:00:00+00:00,21.57,-0.5702259540557861,0.45786279674986935,-0.3488437533378601,4.4950406022711995
2025-03-20 16:00:00+00:00,11.09,-0.5912538766860962,0.9140308492969578,-0.3684151768684387,-8.323206382051975
2025-03-20 17:00:00+00:00,-6.84,-0.6024883389472961,0.7603684593646654,-0.3632509708404541,-21.065115661739252
2025-03-20 18:00:00+00:00,-1.44,-0.6270511746406555,-1.0543212290655932,-0.38341182470321655,-10.83811657481559
2025-03-21 09:00:00+00:00,6.65,-0.6526187062263489,-1.4211777525518132,-0.41328194737434387,-22.24285614152644
2025-03-21 10:00:00+00:00,5.23,-0.6842579245567322,-1.930352372131889,-0.4571048319339752,-12.233275948908618
2025-03-21 11:00:00+00:00,2.26,-0.708736002445221,-2.09095811086205,-0.5269281268119812,-16.673648308798196
2025-03-21 12:00:00+00:00,-17.73,-0.7287858724594116,-2.672217113718859,-0.5924831628799438,-4.111982357239664
2025-03-21 13:00:00+00:00,-2.26,-0.7486926317214966,-0.8152371453659262,-0.6226829886436462,-10.408411747880386
2025-03-21 14:00:00+00:00,-8.16,-0.7723719477653503,-0.6969810575654635,-0.6734797954559326,-9.783659006926431
2025-03-21 15:00:00+00:00,-9.09,-0.7929372787475586,-0.1981309325023909,-0.7069441676139832,-13.360194091003576
2025-03-21 16:00:00+00:00,-3.59,-0.8163694143295288,-1.2459302588020598,-0.7117931246757507,-9.230214146412026
2025-03-21 17:00:00+00:00,-3.4,-0.8288213610649109,-0.9254883647415273,-0.7422667145729065,-11.232358085866563
2025-03-21 18:00:00+00:00,7.87,-0.8269138336181641,-1.0550911136205436,-0.7597271800041199,-7.312691591769574
2025-03-24 09:00:00+00:00,-12.37,-0.8298144340515137,-2.2794304947406028,-0.7917374968528748,-10.788917583248178
2025-03-24 10:00:00+00:00,-2.8,-0.845276415348053,0.14095694754535962,-0.8193117380142212,-4.1384366106162735
2025-03-24 11:00:00+00:00,2.2,-0.8461541533470154,1.1075549145802832,-0.7656539678573608,-7.326218414458172
2025-03-24 12:00:00+00:00,-8.22,-0.8385623693466187,-0.5150488099258502,-0.7417972087860107,-2.936522308846454
2025-03-24 13:00:00+00:00,-0.72,-0.8350785374641418,-0.11124336156982739,-0.7163018584251404,-1.4878382997074786
2025-03-24 14:00:00+00:00,2.47,-0.8441590666770935,0.5549674109900321,-0.6647615432739258,-12.929593005427199
2025-03-24 15:00:00+00:00,-6.67,-0.8653125762939453,-0.7347887367216409,-0.6195679306983948,-1.1013591827605937
2025-03-24 16:00:00+00:00,4.94,-0.8779096603393555,0.0870016350930484,-0.5836933851242065,-6.064472868084258
2025-03-24 17:00:00+00:00,0.35,-0.8727285861968994,-0.7008777085428702,-0.4799518287181854,-10.561412085097807
2025-03-24 18:00:00+00:00,10.49,-0.8809840083122253,-0.43752535726700337,-0.41483721137046814,-10.489873253541576
2025-03-25 09:00:00+00:00,-7.5,-0.8927016258239746,-1.0375457330147169,-0.3655371367931366,-2.397045983991617
2025-03-25 10:00:00+00:00,2.57,-0.8852766752243042,-1.1272730071882933,-0.3021579086780548,-8.562175427721467
2025-03-25 11:00:00+00:00,-33.41,-0.8655735850334167,-0.15495554261678623,-0.24743427336215973,-15.164350742878657
2025-03-25 12:00:00+00:00,4.47,-0.8561847805976868,1.1273777476761584,-0.17586278915405273,-9.99718365837962
2025-03-25 13:00:00+00:00,1.46,-0.8591036796569824,0.12719823077287615,-0.07621792703866959,-1.6914666174174404
2025-03-25 14:00:00+00:00,-2.45,-0.865969717502594,-0.4540600937478525,0.04468858242034912,-7.224677297769081
2025-03-25 15:00:00+00:00,-8.31,-0.8519458174705505,0.6003113832415676,0.18849006295204163,-11.57752671509351
2025-03-25 16:00:00+00:00,9.04,-0.842628002166748,0.8065070347361211,0.29587429761886597,-3.6568973684524138
2025-03-25 17:00:00+00:00,9.6,-0.8396283984184265,0.8381341649998706,0.3827163875102997,-3.958121981444101
2025-03-25 18:00:00+00:00,34.55,-0.8422444462776184,1.9389568165439093,0.4625947177410126,-8.200109856448742
2025-03-26 09:00:00+00:00,-17.31,-0.8357139825820923,0.6623645778322291,0.49747905135154724,-14.485215075106895
2025-03-26 10:00:00+00:00,-3.09,-0.8389975428581238,-0.01808288418994705,0.5091082453727722,-13.990435807755828
2025-03-26 11:00:00+00:00,8.78,-0.8379030227661133,-3.356560292086018,0.5828378200531006,-11.243524148888769
2025-03-26 12:00:00+00:00,-11.3,-0.838687539100647,-3.2153675039794356,0.6229323148727417,-10.807048075590467
2025-03-26 13:00:00+00:00,-8.25,-0.8371769785881042,-2.763306410191503,0.5987930297851562,-17.198785989303328
2025-03-26 14:00:00+00:00,-2.67,-0.8459799885749817,-1.5032212577668194,0.5652294158935547,-3.7503307240458192
2025-03-26 15:00:00+00:00,-6.3,-0.8522295355796814,-2.2251487881559484,0.5523632764816284,-1.1305952763559282
2025-03-26 16:00:00+00:00,-9.03,-0.850396454334259,-1.4999823633636125,0.5606359839439392,-10.629800425600445
2025-03-26 17:00:00+00:00,-3.69,-0.8526543378829956,-2.413769398785645,0.5617449283599854,-5.953573630880749
2025-03-26 18:00:00+00:00,-27.24,-0.8543263077735901,-1.7893649076021192,0.5695375204086304,3.6038101550748585
2025-03-27 09:00:00+00:00,-2.43,-0.8450123071670532,-2.676555675572482,0.6364184021949768,-7.665029842630213
2025-03-27 10:00:00+00:00,-12.7,-0.8483383059501648,0.2272165365528163,0.585717499256134,-4.4905219583215175
2025-03-27 11:00:00+00:00,5.57,-0.8524004817008972,-0.537255925366031,0.5620741844177246,2.206602803207749
2025-03-27 12:00:00+00:00,4.03,-0.8550677299499512,-0.4898014772588897,0.5263760089874268,1.7186698129026234
2025-03-27 13:00:00+00:00,-0.3,-0.8633995652198792,-1.9126510744266652,0.5448360443115234,1.3013446431232631
2025-03-27 14:00:00+00:00,-29.13,-0.8771232962608337,-0.9228283197963931,0.5682098865509033,-0.19993186112511763
2025-03-27 15:00:00+00:00,3.14,-0.8833567500114441,1.5352096737149354,0.5873215794563293,4.2048150233550015
2025-03-27 16:00:00+00:00,-4.19,-0.8879278898239136,1.1362575031603583,0.6099888682365417,10.860297937653774
2025-03-27 17:00:00+00:00,0.93,-0.8884746432304382,0.14219091494174035,0.6477146744728088,12.563074402287418
2025-03-27 18:00:00+00:00,-30.29,-0.8798559904098511,-1.45609494102588,0.6925836801528931,3.8356692611796794
2025-03-28 09:00:00+00:00,23.01,-0.8715410232543945,-2.649216264115478,0.7530117034912109,18.10642147228103
2025-03-28 10:00:00+00:00,-18.63,-0.8581284880638123,0.31195982000867495,0.7829895615577698,5.769652052558774
2025-03-28 11:00:00+00:00,-17.17,-0.8466401696205139,0.5375641960340981,0.8105481266975403,11.116417518593186
2025-03-28 12:00:00+00:00,-3.87,-0.8338296413421631,1.6491975457085104,0.8437297940254211,11.632368101514691
2025-03-28 13:00:00+00:00,-29.08,-0.8336900472640991,1.1370620510214584,0.8846170902252197,11.742677042968387
2025-03-28 14:00:00+00:00,6.34,-0.8221567869186401,1.6100624612122907,0.9057394862174988,13.21985872905683
2025-03-28 15:00:00+00:00,0.53,-0.8149068355560303,3.025440571117461,0.9594834446907043,21.70860849205386
2025-03-28 16:00:00+00:00,3.84,-0.804268479347229,2.5053868854552586,1.0421700477600098,2.249321012534016
2025-03-28 17:00:00+00:00,6.98,-0.7844521403312683,0.8630331412165387,1.0935513973236084,3.07452835772168
2025-03-28 18:00:00+00:00,-15.31,-0.756740152835846,-0.33027213566991376,1.1903703212738037,1.8596391796691358
2025-03-31 09:00:00+00:00,-26.57,-0.7297447919845581,-1.8508881108170097,1.2578966617584229,3.9127901929987607
2025-03-31 10:00:00+00:00,-5.33,-0.7035425305366516,0.7129929818007198,1.3459354639053345,-0.2582240730898441
2025-03-31 11:00:00+00:00,21.16,-0.6817160248756409,0.8570141366459355,1.4167207479476929,18.087160723991506
2025-03-31 12:00:00+00:00,9.15,-0.6641706228256226,1.6869792548990192,1.5266739130020142,-1.1928109053896725
2025-03-31 13:00:00+00:00,2.76,-0.6530993580818176,1.2408091821572407,1.6421914100646973,4.347035144232029
2025-03-31 14:00:00+00:00,-9.52,-0.6373159289360046,-1.8579359021648325,1.7688065767288208,0.1541430472953259
2025-03-31 15:00:00+00:00,5.61,-0.6237375736236572,0.10424789142097626,1.829500675201416,-6.41440082084406
2025-03-31 16:00:00+00:00,6.77,-0.6124529242515564,-0.5831498726185886,1.9388715028762817,1.2129985846204698
2025-03-31 17:00:00+00:00,-1.01,-0.6112427115440369,-0.16460007588058123,2.0161595344543457,-1.6210086655246079
2025-03-31 18:00:00+00:00,20.58,-0.6073655486106873,-0.7891380610649701,2.106250524520874,-5.002020628415233
2025-04-01 09:00:00+00:00,-3.66,-0.6047645211219788,1.3502043859107695,2.1950316429138184,-6.565866635404712
2025-04-01 10:00:00+00:00,-1.15,-0.6123380661010742,-1.3000743434960196,2.284926176071167,1.6895143396778047
2025-04-01 11:00:00+00:00,7.68,-0.6171896457672119,-2.2752509546353545,2.362412214279175,-14.860338424556142
2025-04-01 12:00:00+00:00,-18.94,-0.6218845248222351,-1.2973449212327999,2.4277215003967285,-7.777165380530244
2025-04-01 13:00:00+00:00,-31.19,-0.6282633543014526,-1.2468141254446041,2.49133563041687,-12.855451360568589
2025-04-01 14:00:00+00:00,-7.56,-0.6392270922660828,-0.44578536683698156,2.550938844680786,-9.515850728601402
2025-04-01 15:00:00+00:00,-11.61,-0.6419423222541809,-0.4761795697646718,2.6244473457336426,-3.5401802195610466
2025-04-01 16:00:00+00:00,20.58,-0.64141845703125,1.2786721044895428,2.692656993865967,-7.141935512647217
2025-04-01 17:00:00+00:00,-23.66,-0.6469447612762451,2.294416985863997,2.775043487548828,-8.763009473905152
