Datetime,y_true,LSTM_att,CatBoost,Hybrid,SARIMAX
2023-11-10 13:00:00+00:00,0.25,,0.29879537854645627,,2.9202535288583373
2023-11-10 14:00:00+00:00,1.37,,1.2352724061784104,,-0.06694038465184482
2023-11-10 15:00:00+00:00,-0.05,,0.6542906512342552,,0.004740687507921004
2023-11-10 16:00:00+00:00,2.83,,1.7339189847002001,,-2.3721912022828264
2023-11-10 17:00:00+00:00,3.72,,2.1972472796109264,,4.812904395429094
2023-11-10 18:00:00+00:00,2.69,,2.4468616297536556,,3.525642785099654
2023-11-13 10:00:00+00:00,3.94,,2.4363752220674257,,3.67390484686887
2023-11-13 11:00:00+00:00,-1.88,,-1.583027778272508,,3.3262860561328877
2023-11-13 12:00:00+00:00,0.07,,-0.19679011820018139,,-1.8960664687331776
2023-11-13 13:00:00+00:00,1.19,,0.7632602454273658,,0.40940720484208337
2023-11-13 14:00:00+00:00,-1.32,,-0.4690534728496237,,2.395309815127876
2023-11-13 15:00:00+00:00,0.98,,0.9554868816179753,,-3.1646323586284413
2023-11-13 16:00:00+00:00,0.77,,0.9086407987710734,,0.8150475440123195
2023-11-13 17:00:00+00:00,-0.23,,-0.26664963746106085,,0.6057976264029351
2023-11-13 18:00:00+00:00,-29.12,,-0.7215353880859214,,0.002819236528886049
2023-11-14 10:00:00+00:00,3.95,,3.137558220892106,,-25.6564393650439
2023-11-14 11:00:00+00:00,-5.57,,-2.6975459904614536,,6.4093078047340315
2023-11-14 12:00:00+00:00,-4.95,,-3.5960224534071457,,-5.417773181139786
2023-11-14 13:00:00+00:00,-14.26,,-5.17947265615365,,-7.025449262940171
2023-11-14 14:00:00+00:00,8.39,,4.761113425039525,,-8.492539404786987
2023-11-14 15:00:00+00:00,3.73,,1.976515549800141,,5.609622578563374
2023-11-14 16:00:00+00:00,-0.92,,0.10828864491149831,,2.574388875075574
2023-11-14 17:00:00+00:00,2.87,,1.8178866306028367,,-1.2812186221960633
2023-11-14 18:00:00+00:00,-28.68,,-1.1825843181182463,,0.5942707031805874
2023-11-15 10:00:00+00:00,4.22,,3.5890593441505585,,-23.68939144481059
2023-11-15 11:00:00+00:00,2.17,,2.1939933768114175,,7.984799331507245
2023-11-15 12:00:00+00:00,-0.08,,-0.06080291884399969,,-2.242468467460736
2023-11-15 13:00:00+00:00,6.61,,2.2154215383732327,,-0.07479823477103387
2023-11-15 14:00:00+00:00,1.72,,2.368610302503478,,-0.6735832765251977
2023-11-15 15:00:00+00:00,15.29,,5.269857750332667,,-0.7680015180813489
2023-11-15 16:00:00+00:00,4.76,,3.285573463853626,,-0.4953555296719685
2023-11-15 17:00:00+00:00,-3.29,,-2.469681392229871,,-4.798347464881006
2023-11-15 18:00:00+00:00,-9.11,,-2.9117113316491485,,2.441948612434983
2023-11-16 10:00:00+00:00,-1.65,,-1.271384991233457,,2.535966849700874
2023-11-16 11:00:00+00:00,-1.86,,-1.8437887155030133,,1.8330353984317485
2023-11-16 12:00:00+00:00,-3.43,,-2.332808411474466,,-2.5018244636055518
2023-11-16 13:00:00+00:00,7.62,,0.5899641548262191,,-2.047253197569835
2023-11-16 14:00:00+00:00,-5.67,,-2.5252830595266804,,0.9858232025495302
2023-11-16 15:00:00+00:00,3.61,,-0.1848733605231868,,-3.5496297519787117
2023-11-16 16:00:00+00:00,-8.9,,-4.655422017231774,,-8.354341626800206
2023-11-16 17:00:00+00:00,-6.64,,-5.763558124438755,,-8.51391749699142
2023-11-16 18:00:00+00:00,-11.76,,-8.528990012557982,,-7.886179009279599
2023-11-17 10:00:00+00:00,-18.01,,-8.831643007540269,,-4.734126815461509
2023-11-17 11:00:00+00:00,9.88,,0.8315806351241131,,-1.1487608059735295
2023-11-17 12:00:00+00:00,0.05,,0.36103962747999446,,-1.722091696180971
2023-11-17 13:00:00+00:00,17.15,,5.779527711331572,,1.2106021174648887
2023-11-17 14:00:00+00:00,5.36,,4.367380684530923,,-2.6858272145205992
2023-11-17 15:00:00+00:00,4.53,,3.9258399272074307,,-3.7011016451268635
2023-11-17 16:00:00+00:00,9.51,,5.619913659968334,,-0.03872305266529723
2023-11-17 17:00:00+00:00,0.55,,0.6269869247766566,,0.15164973069034232
2023-11-17 18:00:00+00:00,-1.72,,-1.1804014949913837,,0.9359481503995708
2023-11-20 10:00:00+00:00,1.42,,1.3597645061407804,,1.7263619906653647
2023-11-20 11:00:00+00:00,-1.67,,-1.1986766376316353,,0.9339134036500791
2023-11-20 12:00:00+00:00,-3.7,,-1.6059041521208532,,1.0347265237743735
2023-11-20 13:00:00+00:00,1.05,,-0.03619261926113121,,1.003915251466632
2023-11-20 14:00:00+00:00,4.57,,0.03245691489089108,,-4.539235960134676
2023-11-20 15:00:00+00:00,-0.95,,-0.9898881879622708,,1.1228683094819503
2023-11-20 16:00:00+00:00,1.02,,0.14346682660748822,,-0.6332473656442839
2023-11-20 17:00:00+00:00,1.0,,-0.7408245260488655,,-0.8581723043772042
2023-11-20 18:00:00+00:00,-4.19,,-2.299313237622345,,0.863793846238218
2023-11-21 10:00:00+00:00,-5.22,1.9273579120635986,-2.688235519890762,-1.8821054697036743,5.369107474897215
2023-11-21 11:00:00+00:00,-2.37,1.9334938526153564,-1.9397069488350633,-1.8929275274276733,3.420797741427994
2023-11-21 12:00:00+00:00,1.44,1.929593801498413,1.441615046541772,-1.9186307191848755,-5.487823222330385
2023-11-21 13:00:00+00:00,6.77,1.9188463687896729,1.6060878424005207,-1.9018287658691406,-1.217139484318447
2023-11-21 14:00:00+00:00,1.19,1.9089150428771973,1.1537322696909962,-1.9170472621917725,-0.9967986833640194
2023-11-21 15:00:00+00:00,4.13,1.910264015197754,2.2279311829738835,-1.9084595441818237,-1.8343236578920832
2023-11-21 16:00:00+00:00,7.02,1.9135990142822266,3.408593766775173,-1.92745041847229,0.3576339646713951
2023-11-21 17:00:00+00:00,2.35,1.9368417263031006,2.4901551130809785,-1.9416537284851074,1.523985830305905
2023-11-21 18:00:00+00:00,17.69,1.9510858058929443,2.912465291232298,-1.9957706928253174,2.832233310768214
2023-11-22 10:00:00+00:00,-4.61,1.9762258529663086,-4.003940417909383,-2.039146900177002,-1.823260594853479
2023-11-22 11:00:00+00:00,1.85,1.9686694145202637,0.3245074970564265,-2.0681562423706055,3.4405672384240913
2023-11-22 12:00:00+00:00,-0.67,1.9433741569519043,-0.6927611471569448,-2.095792770385742,-1.1759569347406837
2023-11-22 13:00:00+00:00,-2.73,1.9117517471313477,-2.0264051365681763,-2.1455650329589844,-3.60018146753284
2023-11-22 14:00:00+00:00,-3.16,1.8748743534088135,-2.294544157146914,-2.1950843334198,-2.6026796362184257
2023-11-22 15:00:00+00:00,0.31,1.8383491039276123,-0.3728543536005868,-2.2604660987854004,-4.255598932604394
2023-11-22 16:00:00+00:00,4.59,1.7863762378692627,-0.269227947106387,-2.335153341293335,-0.330838836439286
2023-11-22 17:00:00+00:00,-1.1,1.688671350479126,-0.5100440146845946,-2.313394069671631,-2.489163782135107
2023-11-22 18:00:00+00:00,0.06,1.6026867628097534,-0.5397404415920493,-2.3433666229248047,1.7963729518153349
2023-11-23 10:00:00+00:00,2.28,1.521061897277832,0.6351203607307145,-2.351729393005371,1.149997721713427
2023-11-23 11:00:00+00:00,-2.49,1.440219759941101,-1.4988566062063635,-2.3500335216522217,0.1547088263095639
2023-11-23 12:00:00+00:00,-5.73,1.3582717180252075,-2.2995198159460726,-2.36010479927063,1.3472330433447897
2023-11-23 13:00:00+00:00,-1.11,1.277253270149231,-1.1363524862331384,-2.38283371925354,-1.3645104410516349
2023-11-23 14:00:00+00:00,0.44,1.2000073194503784,0.011800174485897756,-2.4160425662994385,-3.612636584936305
2023-11-23 15:00:00+00:00,-0.09,1.118863582611084,-0.02927968768637778,-2.4709811210632324,-0.41104815105206804
2023-11-23 16:00:00+00:00,-5.15,1.01004159450531,-0.6078924365705585,-2.5380325317382812,0.581674156701006
2023-11-23 17:00:00+00:00,2.19,0.9079458713531494,0.376325093642487,-2.5536575317382812,-3.822836731094978
2023-11-23 18:00:00+00:00,1.34,0.8050088882446289,-0.5729399678749835,-2.560667037963867,2.5992904040628684
2023-11-24 10:00:00+00:00,5.36,0.7288790941238403,2.106383603652908,-2.559708595275879,4.402234222040354
2023-11-24 11:00:00+00:00,-4.28,0.6352334022521973,-1.3518381004090936,-2.5669286251068115,-1.3765238451392412
2023-11-24 12:00:00+00:00,-1.6,0.4674341380596161,-1.7227982318256438,-2.5617477893829346,-1.6071722850243866
2023-11-24 13:00:00+00:00,-6.89,0.27151748538017273,-2.6111071988444405,-2.527113676071167,-1.669612753173321
2023-11-24 14:00:00+00:00,-9.51,0.12035316973924637,-2.9001481777547555,-2.4828100204467773,-3.445016154250894
2023-11-24 15:00:00+00:00,6.1,-0.00878845900297165,5.078761778930972,-2.4589529037475586,0.6445691425871289
2023-11-24 16:00:00+00:00,6.36,-0.14547382295131683,2.644203998482348,-2.4918181896209717,2.0131628969588813
2023-11-24 17:00:00+00:00,-0.17,-0.2719651162624359,-0.15039380029807597,-2.5120677947998047,3.4182654557259937
2023-11-24 18:00:00+00:00,0.19,-0.3454838693141937,0.0906188935285135,-2.512066125869751,4.331341990376972
2023-11-27 10:00:00+00:00,2.58,-0.34865647554397583,0.6670534759620756,-2.4987852573394775,-2.431456641019966
2023-11-27 11:00:00+00:00,-6.69,-0.3861236572265625,-0.8610730759487746,-2.520155191421509,0.9551749742581626
2023-11-27 12:00:00+00:00,-3.3,-0.433756023645401,-1.5246075627352842,-2.538395643234253,-2.2432345270613325
2023-11-27 13:00:00+00:00,-0.1,-0.47792068123817444,-0.48666611174216196,-2.537043571472168,-1.874329643962418
2023-11-27 14:00:00+00:00,-5.97,-0.5120174884796143,-2.4559565232079827,-2.576998233795166,-0.9547651523681434
2023-11-27 15:00:00+00:00,-12.75,-0.5410680174827576,-5.372733965434574,-2.6258697509765625,-2.0353757841861526
2023-11-27 16:00:00+00:00,-5.42,-0.5677021741867065,-1.1257285227193639,-2.6762616634368896,-0.7550227635366927
2023-11-27 17:00:00+00:00,4.75,-0.5977044105529785,4.690476388985966,-2.658966541290283,-1.9994126112998742
2023-11-27 18:00:00+00:00,-26.95,-0.5968113541603088,-4.248808727609854,-2.6163365840911865,-0.9890456462323738
2023-11-28 10:00:00+00:00,6.54,-0.6411877274513245,5.603882113172673,-2.5941858291625977,-2.9429701634227348
2023-11-28 11:00:00+00:00,4.34,-0.6878555417060852,2.381218226280887,-2.6058754920959473,2.659187856891994
2023-11-28 12:00:00+00:00,-3.41,-0.7690991163253784,-0.8268984832606368,-2.6711955070495605,1.944506677758223
2023-11-28 13:00:00+00:00,0.34,-0.8242053389549255,0.6153766350271572,-2.7116355895996094,-4.714135085557258
2023-11-28 14:00:00+00:00,7.98,-0.7712950110435486,2.6081740648085727,-2.752642869949341,-0.20616470971174033
2023-11-28 15:00:00+00:00,3.95,-0.7688716053962708,2.6316768485662494,-2.8099544048309326,-1.4259181239053886
2023-11-28 16:00:00+00:00,9.27,-0.7553516030311584,1.6603040433580818,-2.9069273471832275,-2.5586338179873143
2023-11-28 17:00:00+00:00,3.25,-0.7344734072685242,2.4787612008219355,-2.9707276821136475,2.5519538938418855
2023-11-28 18:00:00+00:00,-11.38,-0.759103536605835,-1.7792355791229932,-3.012892484664917,0.33639272867915226
2023-11-29 10:00:00+00:00,-4.25,-0.7523515820503235,-1.5879883467411706,-3.0607266426086426,-0.5222927021649282
2023-11-29 11:00:00+00:00,-3.0,-0.7750140428543091,-0.03548804366158935,-3.1217362880706787,-0.4393608518348311
2023-11-29 12:00:00+00:00,4.15,-0.809597909450531,1.0411260589236067,-3.194014549255371,4.092041254955877
2023-11-29 13:00:00+00:00,-0.27,-0.8498287200927734,-0.19009810030299445,-3.2200255393981934,4.633752464709262
2023-11-29 14:00:00+00:00,5.55,-0.8840659260749817,-0.04633002610223649,-3.2655882835388184,0.060930997697439704
2023-11-29 15:00:00+00:00,-2.85,-0.8958019614219666,-1.5219193347309827,-3.282363176345825,-2.1486958616427168
2023-11-29 16:00:00+00:00,-2.64,-0.9515359401702881,-1.9468510357116522,-3.280062675476074,-3.3219818415355715
2023-11-29 17:00:00+00:00,-8.15,-0.9418929219245911,-3.130523222712866,-3.223378896713257,-6.537652897257262
2023-11-29 18:00:00+00:00,-17.19,-0.8824946284294128,-4.464299706132613,-3.148228406906128,-1.0322919586284218
2023-11-30 10:00:00+00:00,3.2,-0.826728343963623,2.805336962741365,-3.1021673679351807,0.6583213735631511
2023-11-30 11:00:00+00:00,-2.01,-0.7759158611297607,-0.8741751853038198,-3.0820224285125732,1.4533066609269598
2023-11-30 12:00:00+00:00,14.54,-0.7773361206054688,1.0464014482043575,-3.0580551624298096,0.916694003286836
2023-11-30 13:00:00+00:00,-5.94,-0.784342885017395,-1.6212827105731764,-2.992567777633667,0.06925309869317658
2023-11-30 14:00:00+00:00,-0.97,-0.7412301301956177,-1.7581023776171163,-2.9231998920440674,-2.122402861430193
2023-11-30 15:00:00+00:00,-14.74,-0.7357861399650574,-3.3967215141646983,-2.889375686645508,1.890820201943698
2023-11-30 16:00:00+00:00,12.14,-0.7315061688423157,1.7642774895779616,-2.873185396194458,-1.725915739812376
2023-11-30 17:00:00+00:00,3.24,-0.5960657596588135,1.1183378743023644,-2.83982515335083,-0.23476910303487683
2023-11-30 18:00:00+00:00,-15.8,-0.5216559171676636,-2.1709389691519068,-2.763242244720459,-3.281008239511673
2023-12-01 10:00:00+00:00,7.59,-0.46386611461639404,1.6990949565574454,-2.6885149478912354,0.1301464860558435
2023-12-01 11:00:00+00:00,0.55,-0.4393489360809326,0.5895481217627581,-2.6321070194244385,3.1444594334999794
2023-12-01 12:00:00+00:00,-0.31,-0.4198935925960541,-0.32981458283610265,-2.59407114982605,-2.802688647609146
2023-12-01 13:00:00+00:00,-7.87,-0.37190690636634827,-2.761917398900148,-2.5436360836029053,-1.0214675606067016
2023-12-01 14:00:00+00:00,-5.34,-0.33153456449508667,-2.785653446777403,-2.482149124145508,-4.339267459260328
2023-12-01 15:00:00+00:00,1.69,-0.303276926279068,0.933506939594985,-2.4373068809509277,1.1972179952915134
2023-12-01 16:00:00+00:00,-5.46,-0.27818673849105835,-3.279455839556345,-2.3997864723205566,-3.3565923791210652
2023-12-01 17:00:00+00:00,1.45,-0.22110193967819214,-1.0767073320627563,-2.3530449867248535,1.2326408005704605
2023-12-01 18:00:00+00:00,-25.07,-0.21140581369400024,-5.157392918297984,-2.3194026947021484,-3.914274592538603
2023-12-04 10:00:00+00:00,-1.86,-0.19271467626094818,-2.024827775586784,-2.281715154647827,-1.1287684812561678
2023-12-04 11:00:00+00:00,7.77,-0.14669263362884521,2.486880666977185,-2.247450351715088,2.345325917639559
2023-12-04 12:00:00+00:00,-5.39,-0.0791163370013237,-2.1733281773312334,-2.2121670246124268,-11.392227375446124
2023-12-04 13:00:00+00:00,4.08,-0.004157595802098513,-0.8360719748140639,-2.16951322555542,-2.8016567512494617
2023-12-04 14:00:00+00:00,-0.18,0.01881832629442215,-1.3793184659318811,-2.122565746307373,-3.8851074293533845
2023-12-04 15:00:00+00:00,-3.02,0.046455927193164825,-2.000512753043497,-2.1149606704711914,0.09413280557203574
2023-12-04 16:00:00+00:00,-4.59,0.06191394478082657,-2.9092888531192247,-2.092555284500122,-4.931279277449995
2023-12-04 17:00:00+00:00,0.38,0.1390513777732849,-1.61055137851397,-2.0738608837127686,-1.4448329941483504
2023-12-04 18:00:00+00:00,-4.91,0.17797717452049255,-2.754224948245175,-2.0692760944366455,3.4090153778958445
2023-12-05 10:00:00+00:00,-11.02,0.23188337683677673,-2.620964418528986,-2.0716326236724854,0.9176397529824356
2023-12-05 11:00:00+00:00,3.52,0.27990344166755676,3.3364854041522185,-2.070601224899292,-0.2962565728824171
2023-12-05 12:00:00+00:00,15.11,0.318829208612442,6.2386606854047475,-2.077536106109619,2.018086690909608
2023-12-05 13:00:00+00:00,9.06,0.32331326603889465,4.716481621013485,-2.058987617492676,-3.4521229535264664
2023-12-05 14:00:00+00:00,-6.57,0.26653560996055603,-2.949654687311197,-2.0269277095794678,-0.3340102101778193
2023-12-05 15:00:00+00:00,3.17,0.19969555735588074,2.5747822159247606,-2.007012128829956,0.06142455717272338
2023-12-05 16:00:00+00:00,7.76,0.1488826870918274,1.5384513149024155,-1.9865429401397705,3.558251393110157
2023-12-05 17:00:00+00:00,-1.2,0.19196227192878723,-1.4096228201018353,-1.978867769241333,-0.7011354202663089
2023-12-05 18:00:00+00:00,-9.11,0.21929088234901428,-6.627362488586928,-1.971153974533081,2.8652551339960013
2023-12-06 10:00:00+00:00,-5.57,0.2523570954799652,-5.1212668516381585,-1.9614195823669434,-1.152560592846666
2023-12-06 11:00:00+00:00,-12.13,0.2961275279521942,-8.254764140309232,-1.9451441764831543,-4.85592521421272
2023-12-06 12:00:00+00:00,-5.16,0.29994848370552063,-5.240912742158451,-1.936408281326294,-1.1356661807709272
2023-12-06 13:00:00+00:00,-2.06,0.33886608481407166,-2.0716932403219537,-1.9611315727233887,-1.2404766838815777
2023-12-06 14:00:00+00:00,-0.44,0.43394050002098083,-0.957779748741237,-1.976818323135376,-8.708296403660198
2023-12-06 15:00:00+00:00,-10.41,0.4754936397075653,-5.0009320955676015,-2.018885850906372,-0.5326344276264537
2023-12-06 16:00:00+00:00,4.32,0.5171459913253784,0.8133882639717284,-2.0536205768585205,-1.6222684765751982
2023-12-06 17:00:00+00:00,-9.27,0.6283407211303711,-7.88059118717857,-2.1139605045318604,-2.294228544234983
2023-12-06 18:00:00+00:00,-21.35,0.7112723588943481,-17.837084415338076,-2.1612160205841064,-4.337139659369363
2023-12-07 10:00:00+00:00,-3.88,0.7613967657089233,-3.841917288001312,-2.2236335277557373,2.832177216672789
2023-12-07 11:00:00+00:00,1.37,0.7699726819992065,0.9429001361191444,-2.3409016132354736,1.7115358620609875
2023-12-07 12:00:00+00:00,8.42,0.7471861839294434,5.903662777427694,-2.4722328186035156,-3.348918400709758
2023-12-07 13:00:00+00:00,-14.31,0.720562219619751,-7.171516061259194,-2.6125829219818115,-0.5675417998545758
2023-12-07 14:00:00+00:00,16.56,0.6491485238075256,10.317481628979754,-2.739393711090088,-0.5607021105897239
2023-12-07 15:00:00+00:00,6.25,0.5859498977661133,5.458659207863788,-2.860868215560913,1.542536666529115
2023-12-07 16:00:00+00:00,4.2,0.4847142994403839,4.1726259633600415,-2.9811437129974365,-0.4515011259732115
2023-12-07 17:00:00+00:00,-3.13,0.4772074520587921,-1.704562471093826,-3.097900867462158,-2.627210706968978
2023-12-07 18:00:00+00:00,14.15,0.393006294965744,9.093852905832842,-3.1899168491363525,-2.1694224664860933
2023-12-08 10:00:00+00:00,4.15,0.31077244877815247,3.6849970025580543,-3.2552950382232666,-4.56319114193316
2023-12-08 11:00:00+00:00,1.01,0.25340601801872253,0.8067586342484251,-3.3077268600463867,5.594971694100715
2023-12-08 12:00:00+00:00,-8.24,0.2135288417339325,-8.013676382681648,-3.354295015335083,-1.841817345674546
2023-12-08 13:00:00+00:00,-3.78,0.19153711199760437,-3.829918235804585,-3.403301239013672,0.34121358028783033
2023-12-08 14:00:00+00:00,-8.46,0.16936728358268738,-7.284605795583864,-3.4454092979431152,-2.3436944297453746
2023-12-08 15:00:00+00:00,1.14,0.13089630007743835,0.5307974886733812,-3.494992256164551,-0.6823083504063774
2023-12-08 16:00:00+00:00,-0.21,0.18030473589897156,-0.21625105869257902,-3.4865317344665527,-0.4273471098971469
2023-12-08 17:00:00+00:00,6.6,0.27319470047950745,1.2583160599132914,-3.4122090339660645,2.7231664024233297
2023-12-08 18:00:00+00:00,-23.24,0.29035618901252747,-13.479394005402993,-3.329137086868286,0.31015256786009004
2023-12-11 10:00:00+00:00,2.47,0.31433525681495667,1.1361028661071086,-3.248441457748413,-1.9502057828250217
2023-12-11 11:00:00+00:00,-0.49,0.29723188281059265,-0.4726566336105955,-3.2045297622680664,0.5147000649870965
2023-12-11 12:00:00+00:00,-2.27,0.3201482594013214,-2.7032478178574,-3.126746892929077,-4.3898113089133535
2023-12-11 13:00:00+00:00,-10.7,0.32341161370277405,-9.407861322473316,-3.0212955474853516,0.12623475916677118
2023-12-11 14:00:00+00:00,-12.55,0.3664872944355011,-12.040975842856703,-2.9273102283477783,-3.308268953082837
2023-12-11 15:00:00+00:00,-0.25,0.3886379897594452,-0.2840537878799663,-2.840792655944824,1.303385209849901
2023-12-11 16:00:00+00:00,4.6,0.37138184905052185,4.428587771883829,-2.773343086242676,-2.744943835740424
2023-12-11 17:00:00+00:00,-11.39,0.3872663080692291,-7.955157630856416,-2.685943603515625,-0.044460065066127596
2023-12-11 18:00:00+00:00,-4.38,0.3969786465167999,-4.455702854480605,-2.5796380043029785,-2.2080073036031087
2023-12-12 10:00:00+00:00,-16.07,0.39489296078681946,-9.353296621012042,-2.4780757427215576,1.1291760426298223
2023-12-12 11:00:00+00:00,5.58,0.44210579991340637,4.09241770496398,-2.369324207305908,-0.005059705133242498
2023-12-12 12:00:00+00:00,11.62,0.49776503443717957,8.644230884501635,-2.280487537384033,-4.178040900300164
2023-12-12 13:00:00+00:00,18.8,0.5361520648002625,6.303060552704332,-2.1784262657165527,-3.0221883353088184
2023-12-12 14:00:00+00:00,3.14,0.596202552318573,3.004789310131096,-2.094369649887085,-2.203687571379115
2023-12-12 15:00:00+00:00,-11.51,0.6773639917373657,-4.9426765650171705,-2.011988401412964,-2.639789819056444
2023-12-12 16:00:00+00:00,-0.92,0.7745976448059082,-1.6449011016913238,-1.935201644897461,-1.789728447172242
2023-12-12 17:00:00+00:00,-12.54,0.8821722269058228,-6.094771362389508,-1.8586753606796265,-4.606867847783122
2023-12-12 18:00:00+00:00,-2.91,0.9674969911575317,-1.732118767425106,-1.8067132234573364,0.9289091729585359
2023-12-13 10:00:00+00:00,10.36,1.0279680490493774,6.369696040180855,-1.7551206350326538,5.32308616616397
2023-12-13 11:00:00+00:00,9.36,1.0945221185684204,7.222005500990994,-1.708300232887268,2.252288463617077
2023-12-13 12:00:00+00:00,2.73,1.1532756090164185,2.9384318272093535,-1.6657688617706299,2.008616449251171
2023-12-13 13:00:00+00:00,0.51,1.2318469285964966,0.13891432583811203,-1.6275227069854736,-3.3852379325631023
2023-12-13 14:00:00+00:00,-8.25,1.3052904605865479,-5.688708716572102,-1.5952719449996948,-0.8728064468956654
2023-12-13 15:00:00+00:00,-5.53,1.379911184310913,-4.129574189017193,-1.5693385601043701,-3.9538672734114133
2023-12-13 16:00:00+00:00,6.51,1.4377989768981934,1.827241901425102,-1.5399374961853027,-0.05511879799642799
2023-12-13 17:00:00+00:00,-0.45,1.4961609840393066,-0.36918009368687354,-1.4957643747329712,3.020010311234463
2023-12-13 18:00:00+00:00,9.0,1.5540159940719604,-0.28871481236293006,-1.4385782480239868,4.592475814178166
2023-12-14 10:00:00+00:00,4.74,1.6068758964538574,1.7858160040109459,-1.381870985031128,-0.2783484878592372
2023-12-14 11:00:00+00:00,-3.36,1.601883053779602,-3.2326241977116434,-1.3286089897155762,0.5738375266631995
2023-12-14 12:00:00+00:00,-3.69,1.5649174451828003,-3.8508218256860034,-1.298082947731018,1.65042596747999
2023-12-14 13:00:00+00:00,-7.52,1.5550816059112549,-6.498066438418603,-1.262463927268982,-2.9741682578786315
2023-12-14 14:00:00+00:00,-3.12,1.555234432220459,-3.1377434842422143,-1.2317274808883667,-1.77438146786607
2023-12-14 15:00:00+00:00,-10.77,1.588295817375183,-4.6571011789832975,-1.2129944562911987,0.7841081178322762
2023-12-14 16:00:00+00:00,-3.72,1.6142843961715698,-3.6926235720743055,-1.204135537147522,-1.6965124972695682
2023-12-14 17:00:00+00:00,-4.94,1.7011628150939941,-4.947523257703624,-1.1793220043182373,0.01495430153050259
2023-12-14 18:00:00+00:00,-35.05,1.7253496646881104,-17.102537602788175,-1.1465717554092407,-5.292509968783962
2023-12-15 10:00:00+00:00,1.28,1.7486011981964111,1.407597849940228,-1.108942985534668,1.0115576677607887
2023-12-15 11:00:00+00:00,-1.47,1.7577400207519531,-0.9403897382337607,-1.0502771139144897,3.396705728248184
2023-12-15 12:00:00+00:00,21.3,1.7722163200378418,7.437769667500204,-1.0036227703094482,-0.3880801854270215
2023-12-15 13:00:00+00:00,13.33,1.7613275051116943,10.856584080960213,-0.958682119846344,-0.3138255598198511
2023-12-15 14:00:00+00:00,2.54,1.769169807434082,3.3718560909868662,-0.9183014631271362,-0.44791030166220347
2023-12-15 15:00:00+00:00,22.13,1.8096201419830322,8.57477854622126,-0.8772441744804382,1.4992232298279993
2023-12-15 16:00:00+00:00,2.41,1.8491389751434326,2.502433128704762,-0.8274601697921753,-1.6063188641299695
2023-12-15 17:00:00+00:00,-1.42,1.9200561046600342,0.08377249265706754,-0.7727592587471008,1.8547631497404677
2023-12-15 18:00:00+00:00,26.65,2.0128626823425293,11.347797911314778,-0.7050792574882507,1.2444066241563685
2023-12-18 10:00:00+00:00,11.44,2.1076266765594482,8.070954288463513,-0.6576793193817139,9.392295930305465
2023-12-18 11:00:00+00:00,-6.62,2.1852071285247803,-2.868356199951314,-0.615059494972229,0.8188623692264583
2023-12-18 12:00:00+00:00,-2.14,2.278318405151367,-1.6806310906087338,-0.5861097574234009,-3.735590540811458
2023-12-18 13:00:00+00:00,12.0,2.3247270584106445,3.6249015437552607,-0.5454531311988831,1.1356518995290523
2023-12-18 14:00:00+00:00,-2.43,2.3808984756469727,-0.8239747144117286,-0.49618077278137207,2.5888181403844444
2023-12-18 15:00:00+00:00,8.56,2.414910078048706,3.31861071563236,-0.47702521085739136,0.08951473301947915
2023-12-18 16:00:00+00:00,2.57,2.431823968887329,2.416859460874478,-0.43643009662628174,3.557338520242789
2023-12-18 17:00:00+00:00,-7.66,2.430919647216797,-2.413293555459408,-0.42100435495376587,-3.388559301029851
2023-12-18 18:00:00+00:00,8.24,2.394209384918213,3.8445320958865605,-0.4052388668060303,-1.6412382081570893
2023-12-19 10:00:00+00:00,4.96,2.3749101161956787,2.9865280397925504,-0.41481807827949524,-0.11564195809446276
2023-12-19 11:00:00+00:00,-5.55,2.365492343902588,-2.3052150782031697,-0.40977293252944946,1.5531737037951634
2023-12-19 12:00:00+00:00,1.79,2.3559257984161377,0.39937626221569833,-0.4271302819252014,-2.8776857730358225
2023-12-19 13:00:00+00:00,-8.72,2.319983720779419,-3.771037183071327,-0.43620073795318604,-2.5160787208244932
2023-12-19 14:00:00+00:00,-8.54,2.2768523693084717,-3.0058212265267468,-0.4541875422000885,-5.452743341513055
2023-12-19 15:00:00+00:00,9.25,2.236804723739624,4.899382672381016,-0.4665175676345825,-0.7625085626769446
2023-12-19 16:00:00+00:00,4.84,2.1961259841918945,4.608791940314169,-0.46898093819618225,3.2596075713197217
2023-12-19 17:00:00+00:00,1.11,2.164585590362549,1.9673416306124842,-0.44738903641700745,3.3397961193382484
2023-12-19 18:00:00+00:00,12.49,2.1532466411590576,4.549234627505897,-0.43111878633499146,-2.0239458351040316
2023-12-20 10:00:00+00:00,9.74,2.149158239364624,4.83865195289997,-0.4268767535686493,-2.4764422785816795
2023-12-20 11:00:00+00:00,-1.93,2.152881622314453,0.3405517900603596,-0.43098485469818115,-3.4925602535285947
2023-12-20 12:00:00+00:00,5.66,2.1455647945404053,2.132990214139324,-0.43868881464004517,0.44288652547833096
2023-12-20 13:00:00+00:00,0.88,2.137112855911255,0.8840872053200479,-0.43021219968795776,4.416776661155018
2023-12-20 14:00:00+00:00,0.48,2.130533456802368,0.4404705875250933,-0.42351600527763367,1.8442242824600097
2023-12-20 15:00:00+00:00,-2.53,2.0980682373046875,-1.7721146404650696,-0.43772587180137634,0.062480308142624785
2023-12-20 16:00:00+00:00,1.92,2.047968864440918,1.03838824327381,-0.46213066577911377,2.5554559371159193
2023-12-20 17:00:00+00:00,-5.69,1.9799940586090088,-4.01394217506743,-0.4621329605579376,0.3284036551068714
2023-12-20 18:00:00+00:00,-24.32,1.9387309551239014,-6.981948505770336,-0.454031765460968,-3.14028079713723
2023-12-21 10:00:00+00:00,3.33,1.9043123722076416,0.9980913787698451,-0.4594689607620239,0.2598068751554914
2023-12-21 11:00:00+00:00,-1.0,1.8676753044128418,-0.4127118525995454,-0.47175759077072144,-2.681672908911311
2023-12-21 12:00:00+00:00,-2.38,1.8222072124481201,-1.4361663256626822,-0.481903076171875,-1.078888041722244
2023-12-21 13:00:00+00:00,-3.3,1.7833218574523926,-3.090727782919918,-0.4811103045940399,-0.2561527923706488
2023-12-21 14:00:00+00:00,-24.02,1.7511157989501953,-4.874361496120621,-0.4802180826663971,0.5638200070129131
2023-12-21 15:00:00+00:00,10.68,1.724299669265747,7.23097699143038,-0.47709304094314575,-0.814919412827035
2023-12-21 16:00:00+00:00,4.93,1.6844899654388428,4.041588767696781,-0.4812045693397522,-2.338996667566206
2023-12-21 17:00:00+00:00,4.99,1.63861882686615,3.9087845947509976,-0.4599093198776245,2.663022722001927
2023-12-21 18:00:00+00:00,25.65,1.5806132555007935,5.941226973591946,-0.4452826678752899,6.558753979043803
2023-12-22 10:00:00+00:00,-2.72,1.524101734161377,-1.7231938240470392,-0.42996788024902344,0.6990771275412484
2023-12-22 11:00:00+00:00,0.77,1.467673420906067,0.5789333085930957,-0.4317293167114258,-0.6081909760964045
2023-12-22 12:00:00+00:00,2.56,1.4277371168136597,0.33144184239321445,-0.41376835107803345,2.0831480427163083
2023-12-22 13:00:00+00:00,-5.17,1.3974907398223877,-3.0670717769768157,-0.39539119601249695,0.3020591076201452
2023-12-22 14:00:00+00:00,-5.34,1.354590654373169,-3.4721179363429484,-0.3884345591068268,-1.0994231821294456
2023-12-22 15:00:00+00:00,7.38,1.3219105005264282,2.506306760731081,-0.38607412576675415,5.282080703141318
2023-12-22 16:00:00+00:00,0.82,1.2945252656936646,0.2764686887375857,-0.3830801546573639,0.8702679912774651
2023-12-22 17:00:00+00:00,-4.94,1.2824896574020386,-2.7839402331901324,-0.3835636079311371,-4.224717063667808
2023-12-22 18:00:00+00:00,14.24,1.2760862112045288,2.9086927631074255,-0.3909462094306946,-3.71853716239569
2023-12-25 10:00:00+00:00,-1.4,1.2702783346176147,-1.4225415574670695,-0.4030911326408386,-0.26822154192986736
2023-12-25 11:00:00+00:00,-2.3,1.2721623182296753,-2.415603237816635,-0.4331969916820526,3.8432496716362277
2023-12-25 12:00:00+00:00,-3.06,1.2672981023788452,-3.098470351345932,-0.45208004117012024,0.22481153042323465
2023-12-25 13:00:00+00:00,-4.56,1.2506657838821411,-4.0241283338848195,-0.4835403263568878,-0.20613584501853782
2023-12-25 14:00:00+00:00,-7.73,1.2460078001022339,-5.517036666185805,-0.5214162468910217,0.413058718409103
2023-12-25 15:00:00+00:00,4.32,1.225878119468689,3.459808814407373,-0.5657268166542053,-1.1679454005766519
2023-12-25 16:00:00+00:00,4.38,1.1902461051940918,1.2140327960689403,-0.6354091167449951,-3.167987683517252
2023-12-25 17:00:00+00:00,2.55,1.1434500217437744,-0.2261337711945807,-0.662362277507782,-1.1656429748351376
2023-12-25 18:00:00+00:00,-11.76,1.0959638357162476,-4.06132672828924,-0.7071695327758789,-2.5346323575739986
2023-12-26 10:00:00+00:00,0.3,1.043384313583374,-0.14198629042894656,-0.7453938722610474,-2.160103975714809
2023-12-26 11:00:00+00:00,-5.03,1.0024381875991821,-2.198685530200933,-0.7843177914619446,-4.907754107035343
2023-12-26 12:00:00+00:00,2.96,0.9444084167480469,2.8270992601549456,-0.8224915266036987,-2.26045487666458
2023-12-26 13:00:00+00:00,3.7,0.8697565793991089,2.2642863153459643,-0.8445116877555847,-1.8966608308483885
2023-12-26 14:00:00+00:00,6.12,0.8004353046417236,4.055149391353247,-0.8479598164558411,-0.04017292280478102
2023-12-26 15:00:00+00:00,-0.7,0.7251960039138794,-0.3689406734915133,-0.8538764715194702,-0.5308049400235844
2023-12-26 16:00:00+00:00,3.42,0.6454323530197144,0.8624338542542429,-0.8621731400489807,-0.16790056742061943
2023-12-26 17:00:00+00:00,-3.31,0.5960177183151245,-1.2792644114631642,-0.8331158757209778,-3.748736066073149
2023-12-26 18:00:00+00:00,14.58,0.5502251386642456,4.43809963519809,-0.8271980285644531,0.21648160364024638
2023-12-27 10:00:00+00:00,-0.33,0.5286067724227905,-0.38914497958835886,-0.8368405103683472,1.4538971788614654
2023-12-27 11:00:00+00:00,-0.41,0.5039562582969666,-0.47539422022488187,-0.8553332090377808,0.7917592077633249
2023-12-27 12:00:00+00:00,-3.22,0.4952007830142975,-1.7165997655271656,-0.8660023808479309,2.265272120134946
2023-12-27 13:00:00+00:00,3.17,0.5133112668991089,-0.11960797535790385,-0.8593780398368835,-2.500341420325429
2023-12-27 14:00:00+00:00,-0.01,0.5530569553375244,-0.5077290547994706,-0.8573389649391174,0.1698971764226781
2023-12-27 15:00:00+00:00,-3.55,0.5978296995162964,-2.0020119903089544,-0.8648974895477295,-1.3335196526652626
2023-12-27 16:00:00+00:00,-3.05,0.6395829319953918,-2.8682700514600916,-0.8676913976669312,-2.431109258283982
2023-12-27 17:00:00+00:00,-4.41,0.6716761589050293,-3.4577011062422343,-0.8571681976318359,-3.14289265832419
2023-12-27 18:00:00+00:00,-7.0,0.7247536182403564,-3.6396076661029224,-0.8446197509765625,1.5891737497332286
2023-12-28 10:00:00+00:00,-6.82,0.7864022254943848,-2.9059580601048913,-0.8293383121490479,-6.140565968969138
2023-12-28 11:00:00+00:00,-0.61,0.8281940221786499,-0.1700817995141952,-0.8301270604133606,-3.5778688179199283
2023-12-28 12:00:00+00:00,5.41,0.8607275485992432,0.6543276356105711,-0.8522144556045532,-2.4776685249421795
2023-12-28 13:00:00+00:00,-0.09,0.8785965442657471,-0.21994486979663685,-0.8804939389228821,-2.8745542954614507
2023-12-28 14:00:00+00:00,0.0,0.8680574893951416,0.25694382725547543,-0.8969107866287231,-2.2530532202763367
2023-12-28 15:00:00+00:00,3.44,0.862231969833374,1.6771505499758246,-0.8983238339424133,-4.221985572758392
2023-12-28 16:00:00+00:00,2.78,0.8393173217773438,2.656168939882598,-0.9072005152702332,-7.462574833982166
2023-12-28 17:00:00+00:00,7.39,0.8334132432937622,2.466735582454832,-0.9044733047485352,-5.297136371088898
2023-12-28 18:00:00+00:00,-13.87,0.8488062620162964,-3.37664034210682,-0.9132189750671387,-5.206003077342012
2023-12-29 10:00:00+00:00,4.49,0.834923505783081,1.072005966252839,-0.9209091067314148,-5.869043417249736
2023-12-29 11:00:00+00:00,1.9,0.8156719207763672,1.8669049652896026,-0.9244601726531982,-2.423231380052145
2023-12-29 12:00:00+00:00,4.61,0.8307987451553345,3.4634327148929334,-0.9176173806190491,0.8818310048567732
2023-12-29 13:00:00+00:00,0.14,0.8471755981445312,0.1410801692647095,-0.9096857309341431,-1.9839176075755245
2023-12-29 14:00:00+00:00,-3.56,0.8834562301635742,-1.1277893288355736,-0.9014603495597839,-1.9346917649191302
2023-12-29 15:00:00+00:00,0.31,0.8926477432250977,0.3468801414548403,-0.8974235653877258,-0.4574948910631876
2023-12-29 16:00:00+00:00,2.37,0.9037865400314331,1.6690846016510272,-0.8855419754981995,-0.4751240957015454
2023-12-29 17:00:00+00:00,0.73,0.9446518421173096,1.2552936182277574,-0.8523880839347839,-2.509099272362021
2023-12-29 18:00:00+00:00,20.85,0.9443845748901367,4.512598314913072,-0.8271388411521912,2.6424400939889385
2024-01-03 10:00:00+00:00,3.28,0.9308501482009888,1.400817961873234,-0.7986840009689331,-0.26759273783141524
2024-01-03 11:00:00+00:00,-0.61,0.8923298120498657,-0.5190060522033482,-0.7901890277862549,-6.447755335774286
2024-01-03 12:00:00+00:00,1.66,0.8627079725265503,1.3084936917698158,-0.7790047526359558,-1.3342481838474607
2024-01-03 13:00:00+00:00,0.23,0.8702802658081055,0.7028567300906623,-0.7520365715026855,-0.5297877098079087
2024-01-03 14:00:00+00:00,3.0,0.888458251953125,1.7261552897756929,-0.7367177605628967,2.43128386756376
2024-01-03 15:00:00+00:00,0.02,0.9154939651489258,0.1158412739212871,-0.7256628274917603,1.041997388899504
2024-01-03 16:00:00+00:00,3.94,0.9442983865737915,1.6676419082875713,-0.7096777558326721,5.473051514249888
2024-01-03 17:00:00+00:00,-1.25,0.9675315618515015,-0.6827766485262292,-0.6961445212364197,0.6253850977733112
2024-01-03 18:00:00+00:00,9.28,1.0105606317520142,3.6303390870794567,-0.6948021650314331,2.786250106638242
2024-01-04 10:00:00+00:00,2.95,1.056666612625122,2.0909909907474624,-0.6872379183769226,-0.2111000969873167
2024-01-04 11:00:00+00:00,-5.27,1.0862245559692383,-1.930730252867021,-0.6850889921188354,-2.989870201433532
2024-01-04 12:00:00+00:00,0.84,1.0678192377090454,0.4469995272841849,-0.6868682503700256,2.0898891142886695
2024-01-04 13:00:00+00:00,2.54,1.034163475036621,1.4325588522918595,-0.6618454456329346,1.7907236105064714
2024-01-04 14:00:00+00:00,-1.86,1.0089527368545532,-1.9883526215445009,-0.6641116738319397,-2.8443959941036043
2024-01-04 15:00:00+00:00,-2.48,0.9767048358917236,-1.8145712322968726,-0.6714264154434204,-0.2965874687755841
2024-01-04 16:00:00+00:00,-0.85,0.9295750856399536,-0.7809208454386958,-0.668914794921875,1.317619059613074
2024-01-04 17:00:00+00:00,0.69,0.8793151378631592,0.35366939233191774,-0.6549319624900818,-4.58745486386996
2024-01-04 18:00:00+00:00,0.42,0.8279792070388794,0.3535751450238162,-0.6507123708724976,-6.322979987410711
2024-01-05 10:00:00+00:00,-3.12,0.7930760383605957,-2.011217528276839,-0.6543674468994141,-4.064906773171709
2024-01-05 11:00:00+00:00,-2.49,0.7808127403259277,-1.7623097511382966,-0.6585077047348022,-1.702832753793876
2024-01-05 12:00:00+00:00,-0.24,0.7790857553482056,-0.19966463489145925,-0.6590515375137329,-1.2954566919346957
2024-01-05 13:00:00+00:00,0.4,0.7914583683013916,0.3693588883420239,-0.6495528221130371,2.1030138433351055
2024-01-05 14:00:00+00:00,1.49,0.794133186340332,0.462286428301193,-0.6722651720046997,-1.2067646354496533
2024-01-05 15:00:00+00:00,0.69,0.7819122076034546,0.69135518972731,-0.7008131146430969,1.6143903221392697
2024-01-05 16:00:00+00:00,2.1,0.7720340490341187,1.8327639556137918,-0.7378232479095459,0.16370383585211207
2024-01-05 17:00:00+00:00,1.05,0.7661981582641602,1.1370545556357665,-0.7452415227890015,0.4966441400737732
2024-01-05 18:00:00+00:00,15.54,0.7638100385665894,3.158768925457997,-0.7498399615287781,-0.6245325518052751
2024-01-08 10:00:00+00:00,-1.18,0.7799618244171143,-0.8015182737220847,-0.7437491416931152,3.196015707945871
2024-01-08 11:00:00+00:00,-1.94,0.7872217893600464,-0.8656303612686236,-0.7406700849533081,0.43981539319657625
2024-01-08 12:00:00+00:00,3.22,0.7850863933563232,2.1892912349993328,-0.7291902899742126,-2.4602872543351912
2024-01-08 13:00:00+00:00,4.51,0.785799503326416,1.5840255751052355,-0.7314593195915222,-3.358722968502527
2024-01-08 14:00:00+00:00,0.32,0.7738161087036133,0.268901956660362,-0.7294328808784485,3.182473681448823
2024-01-08 15:00:00+00:00,-0.9,0.7536371946334839,-0.6580816030530627,-0.7439969182014465,-1.9339228727738549
2024-01-08 16:00:00+00:00,-1.52,0.7362518310546875,-1.6313804968035048,-0.7414628267288208,-1.8495512462550205
2024-01-08 17:00:00+00:00,4.16,0.7112115621566772,0.38171721651101614,-0.7570828795433044,-0.15419876321159187
2024-01-08 18:00:00+00:00,-9.99,0.6766935586929321,-3.8731238201260214,-0.7848857641220093,3.6781905944807027
2024-01-09 10:00:00+00:00,4.4,0.6416536569595337,1.720623746561612,-0.7992399334907532,0.5645785328582732
2024-01-09 11:00:00+00:00,-2.0,0.6077660918235779,-0.6115521398394541,-0.8207651376724243,-0.38861862696993077
2024-01-09 12:00:00+00:00,-0.9,0.5762670040130615,-0.5065779913137498,-0.8404282927513123,5.574768507396331
2024-01-09 13:00:00+00:00,-0.1,0.5564196109771729,-0.07785842185979695,-0.8655993938446045,1.2897586896446365
2024-01-09 14:00:00+00:00,-1.97,0.5587692856788635,-0.4431363523376141,-0.8753275275230408,-0.5836986819057357
2024-01-09 15:00:00+00:00,2.64,0.5400367975234985,2.5421340880038965,-0.8846767544746399,-5.242034176006916
2024-01-09 16:00:00+00:00,3.58,0.5305709838867188,3.1821863012124947,-0.8887555599212646,-0.20053647024263793
2024-01-09 17:00:00+00:00,1.31,0.5188576579093933,2.159737183648423,-0.8654775023460388,-2.089462484967306
2024-01-09 18:00:00+00:00,12.36,0.5186188220977783,3.414718632142509,-0.8257384300231934,-0.7062508924955353
2024-01-10 10:00:00+00:00,1.77,0.5327116847038269,1.3219906083861042,-0.7791025042533875,-2.3148188077621863
2024-01-10 11:00:00+00:00,-0.69,0.554628849029541,-0.45655493076237647,-0.7334288954734802,-0.41665525368398143
2024-01-10 12:00:00+00:00,0.74,0.5563866496086121,0.6056726815861454,-0.6989706158638,-0.887386139220375
2024-01-10 13:00:00+00:00,1.66,0.579079270362854,0.8022469132146482,-0.6835253238677979,2.1131137288610176
2024-01-10 14:00:00+00:00,1.82,0.6080887317657471,0.8430437986587322,-0.6701381206512451,3.1469755869472564
2024-01-10 15:00:00+00:00,-2.61,0.6600892543792725,-1.6430175240088856,-0.6605008244514465,4.09696265647691
2024-01-10 16:00:00+00:00,0.55,0.7060930728912354,0.003674461218814585,-0.6725100874900818,-1.1086607204812546
2024-01-10 17:00:00+00:00,-6.45,0.7486070394515991,-4.059125791165044,-0.670602023601532,-0.6022560602858225
2024-01-10 18:00:00+00:00,-12.1,0.7552551031112671,-3.8507642846598396,-0.6763128638267517,-1.3733735143120673
2024-01-11 10:00:00+00:00,3.58,0.7428780794143677,3.9942314662100973,-0.6832016706466675,-0.7985321225072917
2024-01-11 11:00:00+00:00,7.18,0.7215569019317627,4.1531506311447774,-0.7039076685905457,-0.2579429102280338
2024-01-11 12:00:00+00:00,8.37,0.7159528732299805,4.17014136890729,-0.7311868667602539,2.2117235483444118
2024-01-11 13:00:00+00:00,0.72,0.729328989982605,1.0286304612069,-0.7466407418251038,-2.455319319965292
2024-01-11 14:00:00+00:00,-3.61,0.7251757383346558,-1.1272807966809266,-0.7655537128448486,-0.024867068563129258
2024-01-11 15:00:00+00:00,-3.92,0.7065349817276001,-0.7154204451989719,-0.7885184288024902,-4.02174202986389
2024-01-11 16:00:00+00:00,4.01,0.702644944190979,2.346268750092863,-0.8028450012207031,0.5337178404444813
2024-01-11 17:00:00+00:00,12.32,0.7402082681655884,4.2992601914902275,-0.8187007308006287,2.6590906343780767
2024-01-11 18:00:00+00:00,-1.57,0.7580585479736328,-0.529943478265793,-0.8752067685127258,0.5155515473216054
2024-01-12 10:00:00+00:00,6.63,0.752548098564148,2.6207203581194163,-0.9019995927810669,-1.9656950450097588
2024-01-12 11:00:00+00:00,2.47,0.7134890556335449,1.9238060113429436,-0.924492359161377,-0.0684258004318602
2024-01-12 12:00:00+00:00,2.53,0.6946268081665039,0.9637062337200941,-0.9210057258605957,3.412351532834439
2024-01-12 13:00:00+00:00,3.42,0.673243522644043,1.4705023654347371,-0.9313161373138428,0.41090221287801476
2024-01-12 14:00:00+00:00,-1.57,0.6396313905715942,-0.8492977695896102,-0.9084509015083313,0.5073783195138287
2024-01-12 15:00:00+00:00,-1.33,0.6135091185569763,-1.2882171406847678,-0.9053707122802734,-0.9732885091419148
2024-01-12 16:00:00+00:00,1.91,0.6228846907615662,0.7034468225445091,-0.8924571871757507,-2.905301514624698
2024-01-12 17:00:00+00:00,-8.52,0.6414787173271179,-2.342301664319323,-0.8795062899589539,1.6205395325688612
2024-01-12 18:00:00+00:00,9.11,0.6754865646362305,2.644724801752152,-0.8652538657188416,-5.39382093620821
2024-01-15 10:00:00+00:00,1.24,0.7073575258255005,1.4054649566820752,-0.8596171736717224,3.841440443457361
2024-01-15 11:00:00+00:00,-1.52,0.7443430423736572,-1.7011740341982098,-0.8396666049957275,2.319858137402761
2024-01-15 12:00:00+00:00,-11.76,0.7773321866989136,-4.143035525420232,-0.8387100100517273,-1.7669076325928597
2024-01-15 13:00:00+00:00,2.26,0.8009802103042603,0.9189563277365564,-0.8417068719863892,-3.5445385839066965
2024-01-15 14:00:00+00:00,0.87,0.8166866302490234,0.851017946096885,-0.8319270014762878,-1.4775705268779624
2024-01-15 15:00:00+00:00,-0.7,0.8157035112380981,-0.2630341552440363,-0.8229473829269409,0.10872851922151022
2024-01-15 16:00:00+00:00,-5.2,0.8240398168563843,-1.4563880962095632,-0.820327639579773,-6.121170439792188
2024-01-15 17:00:00+00:00,5.36,0.8193687200546265,1.1073411782912213,-0.8105840086936951,-2.6607495747764673
2024-01-15 18:00:00+00:00,-15.01,0.8004171848297119,-1.0268083025667971,-0.8019108176231384,-1.3924467065185588
2024-01-16 10:00:00+00:00,0.78,0.7899031639099121,0.7709469329366506,-0.7838044166564941,-1.3676420643164926
2024-01-16 11:00:00+00:00,2.03,0.7945080995559692,2.0171050448435794,-0.7517203688621521,-2.2091662056904067
2024-01-16 12:00:00+00:00,5.86,0.8001437187194824,1.4954319020893787,-0.7302716374397278,-1.6217493038816253
2024-01-16 13:00:00+00:00,-0.49,0.8038438558578491,-0.2815835667855651,-0.7111017107963562,-2.298550989937352
2024-01-16 14:00:00+00:00,-3.49,0.804019570350647,-1.152211890282108,-0.694446861743927,-1.051991915989687
2024-01-16 15:00:00+00:00,-0.56,0.8080364465713501,0.37582927818774164,-0.6764525771141052,-2.5514550481453613
2024-01-16 16:00:00+00:00,4.07,0.7856528759002686,1.0294695881596694,-0.6742594242095947,-2.0554653199263813
2024-01-16 17:00:00+00:00,1.38,0.8016302585601807,0.8207179045798856,-0.6775482892990112,-3.1348806791025936
2024-01-16 18:00:00+00:00,4.76,0.8360174894332886,0.9059742267563502,-0.7099548578262329,0.3610345333125716
2024-01-17 10:00:00+00:00,3.89,0.8521819114685059,1.5284528006801954,-0.7256817817687988,0.8411549717435172
2024-01-17 11:00:00+00:00,-6.11,0.8653148412704468,-1.7386690714973676,-0.75904381275177,0.3499423626050401
2024-01-17 12:00:00+00:00,-0.39,0.8705364465713501,-0.4528674403402722,-0.7710651159286499,-2.6330507888288914
2024-01-17 13:00:00+00:00,2.62,0.8791695833206177,-0.26737674507913134,-0.8016969561576843,0.5835471039854393
2024-01-17 14:00:00+00:00,-3.17,0.9004548788070679,-0.6260781692999156,-0.8062471151351929,-1.8128081556050224
2024-01-17 15:00:00+00:00,-1.23,0.9064657688140869,-0.8107631212993931,-0.8014624118804932,-0.09748094559980472
2024-01-17 16:00:00+00:00,0.62,0.9260271787643433,0.5773174820941365,-0.7849817872047424,0.7766139856422078
2024-01-17 17:00:00+00:00,4.79,0.9520041942596436,1.1269711681772534,-0.7558342218399048,-1.8062081061970514
2024-01-17 18:00:00+00:00,4.4,0.9869322776794434,0.44056189503195337,-0.7406097054481506,-1.7722261196638867
2024-01-18 10:00:00+00:00,-0.78,1.0261410474777222,-0.449675030636517,-0.7112701535224915,1.7638437747240103
2024-01-18 11:00:00+00:00,0.12,1.0599913597106934,0.12375066597599235,-0.6974943280220032,-1.3005603944407746
2024-01-18 12:00:00+00:00,1.56,1.086372971534729,0.288278187818329,-0.6967664957046509,0.09953547694530174
2024-01-18 13:00:00+00:00,-2.92,1.1107920408248901,-2.1345155889876013,-0.7008136510848999,0.5708322915127838
2024-01-18 14:00:00+00:00,-2.78,1.1170179843902588,-2.360528570901082,-0.7131442427635193,-0.02018639173088277
2024-01-18 15:00:00+00:00,-5.96,1.1094145774841309,-0.8624384163632335,-0.7371466159820557,-3.372273350210084
2024-01-18 16:00:00+00:00,0.39,1.1052725315093994,0.45979054878562614,-0.7681314945220947,0.8407146231743805
2024-01-18 17:00:00+00:00,-0.41,1.1167892217636108,-0.6425716871150127,-0.8087863922119141,-2.049175578227873
2024-01-18 18:00:00+00:00,-16.54,1.1275826692581177,-7.268479033990898,-0.8586893677711487,-1.3815747088384094
2024-01-19 10:00:00+00:00,2.16,1.1249452829360962,2.1658419379761207,-0.8971395492553711,-2.5946687031869224
2024-01-19 11:00:00+00:00,4.61,1.1210203170776367,2.985524184042263,-0.9276812076568604,1.568586851921581
2024-01-19 12:00:00+00:00,-2.4,1.110300898551941,-2.0015579265122394,-0.9381049275398254,-1.4119420146059756
2024-01-19 13:00:00+00:00,-0.56,1.108464241027832,-0.6936937757281902,-0.9395754337310791,-1.2333366292157733
2024-01-19 14:00:00+00:00,-4.92,1.1068615913391113,-2.0103341513313513,-0.9439560174942017,-0.9841265172397989
2024-01-19 15:00:00+00:00,-0.29,1.1123161315917969,-0.24560631905653055,-0.9403285384178162,-0.5228507752114644
2024-01-19 16:00:00+00:00,6.35,1.1012463569641113,1.2600557216396278,-0.935203492641449,-1.8824467475455386
2024-01-19 17:00:00+00:00,-0.89,1.1046072244644165,0.012055329030054941,-0.9118812084197998,0.18276298635313215
2024-01-19 18:00:00+00:00,-1.32,1.1015597581863403,-0.03394909000173861,-0.8902947902679443,-4.306219343538176
2024-01-22 10:00:00+00:00,6.12,1.1021299362182617,2.631096550994318,-0.8708724975585938,-1.663415571961214
2024-01-22 11:00:00+00:00,2.09,1.1156290769577026,1.2097689252555488,-0.8768900036811829,1.2177936069972466
2024-01-22 12:00:00+00:00,-0.16,1.1257822513580322,0.47098530724353543,-0.8911203145980835,0.3067446371276526
2024-01-22 13:00:00+00:00,0.07,1.1387547254562378,0.20912765038487466,-0.9012266993522644,-1.4469686314861865
2024-01-22 14:00:00+00:00,4.15,1.1625078916549683,0.5012830877595829,-0.8954025506973267,-0.19926092354468353
2024-01-22 15:00:00+00:00,-4.15,1.1788063049316406,-1.367916828711399,-0.8961082696914673,2.099344918103848
2024-01-22 16:00:00+00:00,-0.3,1.2089428901672363,-0.45117664611860303,-0.9200119972229004,1.2935441595590338
2024-01-22 17:00:00+00:00,-0.72,1.258261799812317,-0.9036388343330342,-0.9489040374755859,2.8339447281180146
2024-01-22 18:00:00+00:00,-0.57,1.2967132329940796,-0.49818624005582673,-0.9889162182807922,4.252684860800615
2024-01-23 10:00:00+00:00,5.39,1.3529243469238281,1.951746784704589,-1.0228281021118164,1.5225916792892558
2024-01-23 11:00:00+00:00,-1.8,1.395850419998169,-0.6133940533543425,-1.0687365531921387,-0.22688087486460634
2024-01-23 12:00:00+00:00,-7.43,1.425378441810608,-1.694216576097049,-1.107544183731079,-1.2557212148577082
2024-01-23 13:00:00+00:00,4.76,1.4552545547485352,0.7453049171501078,-1.1292414665222168,-2.9574551162392995
2024-01-23 14:00:00+00:00,0.1,1.4967132806777954,0.3881602216745826,-1.1588488817214966,2.713221622275735
2024-01-23 15:00:00+00:00,3.97,1.5503844022750854,0.7845345283726692,-1.1814653873443604,-0.8897137283119666
2024-01-23 16:00:00+00:00,-1.84,1.5759423971176147,-0.35250905604099164,-1.1887400150299072,-0.7684524547775176
2024-01-23 17:00:00+00:00,1.01,1.6348809003829956,0.2406216173509536,-1.1618638038635254,-2.526524726105376
2024-01-23 18:00:00+00:00,-0.91,1.6662092208862305,-0.9254167445105226,-1.1380239725112915,0.162543879534024
2024-01-24 10:00:00+00:00,1.14,1.6783292293548584,0.6945562457892316,-1.125087022781372,-1.443148709821216
2024-01-24 11:00:00+00:00,-8.87,1.7144572734832764,-1.3097628255297036,-1.1297444105148315,1.866808008618421
2024-01-24 12:00:00+00:00,-2.04,1.7271499633789062,-1.420001767895166,-1.1210216283798218,-1.1936541085599885
2024-01-24 13:00:00+00:00,-7.1,1.7505455017089844,-2.0020393178835687,-1.1111260652542114,0.2808854850955548
2024-01-24 14:00:00+00:00,5.61,1.7914023399353027,4.2672165400422895,-1.1293526887893677,-1.365906286383219
2024-01-24 15:00:00+00:00,1.61,1.8399009704589844,1.2939445760971326,-1.148138165473938,-0.7235040984419363
2024-01-24 16:00:00+00:00,-2.59,1.8587071895599365,-1.1747462696273454,-1.158764123916626,0.6271400302863106
2024-01-24 17:00:00+00:00,-0.18,1.8965132236480713,-0.2857870145477487,-1.163819670677185,-1.1444157169337767
2024-01-24 18:00:00+00:00,-12.85,1.9165196418762207,-1.7646081250972585,-1.1466237306594849,-3.215785003841306
2024-01-25 10:00:00+00:00,0.8,1.9450693130493164,1.1496189503710912,-1.139249324798584,-1.2646586562034574
2024-01-25 11:00:00+00:00,2.08,1.9446451663970947,1.3189323440596887,-1.1524239778518677,-1.5807953418569631
2024-01-25 12:00:00+00:00,-0.44,1.9698050022125244,-0.2516426411093713,-1.1615912914276123,-1.0978047866704315
2024-01-25 13:00:00+00:00,1.25,2.011833429336548,0.32851436969037906,-1.1568669080734253,1.4653115944007693
2024-01-25 14:00:00+00:00,4.79,2.022895097732544,1.2093703105198252,-1.1464955806732178,1.9632963345492804
2024-01-25 15:00:00+00:00,1.09,2.0105133056640625,1.1634371785612994,-1.142212986946106,1.034895179094667
2024-01-25 16:00:00+00:00,-0.85,1.9797568321228027,0.0069039128560778595,-1.1384036540985107,-0.38373096530253736
2024-01-25 17:00:00+00:00,-0.54,1.9751567840576172,0.33338799088407994,-1.1291052103042603,2.5229966468005642
2024-01-25 18:00:00+00:00,10.07,1.9605343341827393,2.099172392027447,-1.129130482673645,2.6129472896415886
2024-01-26 10:00:00+00:00,2.2,1.95029616355896,1.6498488184053897,-1.1313819885253906,1.5459616553249131
2024-01-26 11:00:00+00:00,-0.06,1.9159045219421387,0.10079884692166582,-1.1235061883926392,1.9250204913205504
2024-01-26 12:00:00+00:00,-5.17,1.8712692260742188,-0.5468301025411786,-1.119589924812317,0.9887985497448275
2024-01-26 13:00:00+00:00,2.31,1.8394548892974854,0.998477852802496,-1.1012049913406372,1.1908931421813067
2024-01-26 14:00:00+00:00,-3.71,1.8295483589172363,0.39587756906999333,-1.07038414478302,3.622897056774442
2024-01-26 15:00:00+00:00,2.76,1.809666395187378,0.7604565521314874,-1.0438040494918823,1.5903249751786095
2024-01-26 16:00:00+00:00,-4.6,1.8044087886810303,-0.6295180027197846,-1.0451394319534302,1.1540403173651388
2024-01-26 17:00:00+00:00,1.67,1.8211627006530762,1.1746718055553345,-1.0436292886734009,0.541460294031835
2024-01-26 18:00:00+00:00,12.43,1.856706142425537,2.256752404294756,-1.03452730178833,-0.16229055781719487
2024-01-29 10:00:00+00:00,-2.09,1.9136645793914795,0.5076329550327089,-1.0331144332885742,-0.44905017366602734
2024-01-29 11:00:00+00:00,3.57,1.9516994953155518,1.2726209987128805,-1.0215846300125122,1.9446254809982344
2024-01-29 12:00:00+00:00,3.81,1.9766170978546143,1.2036559891010215,-1.0239545106887817,2.0338443373551187
2024-01-29 13:00:00+00:00,1.91,2.0030226707458496,1.0136139872741736,-1.0345518589019775,4.263965973203632
2024-01-29 14:00:00+00:00,-0.47,2.03550386428833,-0.4273885307646544,-1.0385271310806274,0.48344515890062645
2024-01-29 15:00:00+00:00,-1.89,2.0444514751434326,-0.6468732727191995,-1.0557653903961182,0.21432891508643193
2024-01-29 16:00:00+00:00,-2.38,2.040515899658203,-0.9048257739277403,-1.0880539417266846,1.0251363298501788
2024-01-29 17:00:00+00:00,-1.49,2.0502371788024902,-0.6039271581079872,-1.1064602136611938,1.0902164715041711
2024-01-29 18:00:00+00:00,11.63,2.043132781982422,1.2729167574215938,-1.122464895248413,2.2726253803373337
2024-01-30 10:00:00+00:00,3.5,2.042773962020874,2.257959501669855,-1.1448613405227661,0.7165639849717182
2024-01-30 11:00:00+00:00,-1.84,2.0476365089416504,-0.21462562699737625,-1.1480332612991333,0.3848683000824916
2024-01-30 12:00:00+00:00,2.59,2.0217721462249756,1.593359832440641,-1.1410177946090698,-0.5123015802981656
2024-01-30 13:00:00+00:00,-2.48,1.9886159896850586,-0.36055647391373064,-1.1335060596466064,1.5383234807019688
2024-01-30 14:00:00+00:00,-5.11,1.95003080368042,-0.918847905811988,-1.1278358697891235,-0.6003445871536264
2024-01-30 15:00:00+00:00,6.96,1.8834738731384277,1.8759666056680853,-1.1404883861541748,2.197903974613831
2024-01-30 16:00:00+00:00,2.14,1.8081333637237549,1.8280983215642308,-1.1664596796035767,3.018818079634991
2024-01-30 17:00:00+00:00,2.08,1.7635860443115234,1.9768885939718899,-1.1741987466812134,1.5514565750167693
2024-01-30 18:00:00+00:00,8.6,1.6933703422546387,3.2436431421814125,-1.1686804294586182,3.4709214056088555
2024-01-31 10:00:00+00:00,3.58,1.623859167098999,2.5612497488065964,-1.1538069248199463,6.68502540137108
2024-01-31 11:00:00+00:00,-3.93,1.5551459789276123,0.22042700962117287,-1.1296179294586182,-0.3917950475188324
2024-01-31 12:00:00+00:00,2.14,1.444968342781067,1.9221750611357589,-1.0932203531265259,-0.9009306831164572
2024-01-31 13:00:00+00:00,3.9,1.351556420326233,1.9300680556584957,-1.0527560710906982,1.7595356873510197
2024-01-31 14:00:00+00:00,3.68,1.2714482545852661,2.2790615748714487,-1.0174659490585327,2.6276889170331046
2024-01-31 15:00:00+00:00,1.78,1.2066668272018433,1.715316316104363,-0.9775479435920715,-0.8420734944022349
2024-01-31 16:00:00+00:00,1.25,1.135467529296875,0.9921270352929292,-0.9280755519866943,0.6245553096785521
2024-01-31 17:00:00+00:00,-2.89,1.103959321975708,-0.9698835769701657,-0.8889834880828857,1.0874457920138083
2024-01-31 18:00:00+00:00,15.68,1.0503795146942139,1.9657413581422616,-0.8711320161819458,3.1853409834438384
2024-02-01 10:00:00+00:00,1.1,0.9782969951629639,0.8341658218060447,-0.8623447418212891,2.397015466764097
2024-02-01 11:00:00+00:00,-1.42,0.8815517425537109,-0.571341805551099,-0.8349385261535645,0.733142892866677
2024-02-01 12:00:00+00:00,-0.81,0.7547593116760254,-0.8699496792323402,-0.7830883860588074,1.8842985953374867
2024-02-01 13:00:00+00:00,0.53,0.6145124435424805,0.46148391053852605,-0.7556244134902954,2.126761649317624
2024-02-01 14:00:00+00:00,-0.11,0.4810449779033661,-0.3668984303072356,-0.7526206374168396,4.88085642226086
2024-02-01 15:00:00+00:00,-2.72,0.3415205776691437,-1.7511022788966901,-0.7757075428962708,2.9551649715428074
2024-02-01 16:00:00+00:00,-2.97,0.19761261343955994,-1.709321603723426,-0.7863479852676392,4.867456426708254
2024-02-01 17:00:00+00:00,6.42,0.09148717671632767,-0.18279922985028527,-0.8122301697731018,0.05264096617443831
2024-02-01 18:00:00+00:00,-9.83,-0.019950471818447113,-3.4265999256386883,-0.8170146346092224,1.777691133896412
2024-02-02 10:00:00+00:00,5.01,-0.11219561845064163,1.261312102458245,-0.7977259755134583,-5.55725193402212
2024-02-02 11:00:00+00:00,0.49,-0.21918371319770813,0.7696578604381743,-0.7766290307044983,-0.03313085690421491
2024-02-02 12:00:00+00:00,-1.57,-0.33284512162208557,0.04684024133596433,-0.7527376413345337,-1.5386511769102784
2024-02-02 13:00:00+00:00,5.57,-0.4603620171546936,0.8503856896659407,-0.7304521799087524,-1.8559464855696288
2024-02-02 14:00:00+00:00,-2.54,-0.5899237394332886,-1.5186950412275122,-0.7402912378311157,-0.6845255584802703
2024-02-02 15:00:00+00:00,1.61,-0.6845077872276306,-0.363400729834267,-0.7495415806770325,1.479977939383553
2024-02-02 16:00:00+00:00,-1.74,-0.753562867641449,-1.0903403268032335,-0.7627816796302795,-2.8053035325005453
2024-02-02 17:00:00+00:00,-0.54,-0.737464189529419,-0.5820977046625484,-0.7563245892524719,-2.9942936057042253
2024-02-02 18:00:00+00:00,-2.31,-0.792128324508667,-1.0932427309722619,-0.7631053328514099,1.231270609452757
2024-02-05 10:00:00+00:00,0.52,-0.8454104661941528,1.0084350891537697,-0.7641567587852478,1.303657657992979
2024-02-05 11:00:00+00:00,3.32,-0.9011812210083008,1.7618852851577915,-0.7820918560028076,-1.657059853481091
2024-02-05 12:00:00+00:00,1.27,-1.013604760169983,0.5192909152317577,-0.8191744685173035,2.1339718547775965
2024-02-05 13:00:00+00:00,-1.08,-1.1393475532531738,-0.10513377159114981,-0.8499706983566284,-0.14393982683469167
2024-02-05 14:00:00+00:00,-0.28,-1.2576786279678345,-0.23297652257369086,-0.88404381275177,0.2535904881585058
2024-02-05 15:00:00+00:00,-1.59,-1.3843579292297363,-0.7173416101668668,-0.9284504055976868,0.5659230065447626
2024-02-05 16:00:00+00:00,5.65,-1.5063588619232178,1.285099373390008,-0.9566384553909302,-0.2805751189810279
2024-02-05 17:00:00+00:00,-5.06,-1.581517219543457,-2.1557713604449065,-1.0134319067001343,-1.4096966520978662
2024-02-05 18:00:00+00:00,7.0,-1.672319769859314,2.1231616761695293,-1.077480435371399,-0.528894506211279
2024-02-06 10:00:00+00:00,0.73,-1.8073736429214478,0.7610358137103569,-1.1405085325241089,-2.2992628952830643
2024-02-06 11:00:00+00:00,-2.88,-1.9215058088302612,-1.326863630184049,-1.1492915153503418,-0.9923035918899716
2024-02-06 12:00:00+00:00,-0.9,-2.0332846641540527,-0.2155308899691242,-1.1450235843658447,-2.20037363671896
2024-02-06 13:00:00+00:00,4.42,-2.134721517562866,0.7246161998953613,-1.105362057685852,4.7467290483956806
2024-02-06 14:00:00+00:00,-2.25,-2.1848788261413574,-1.0728350130179314,-1.080777883529663,3.1048055931390452
2024-02-06 15:00:00+00:00,1.88,-2.1664822101593018,1.2316586029315584,-1.0401805639266968,-0.8204868735461488
2024-02-06 16:00:00+00:00,1.5,-2.184868574142456,1.7652187500856982,-0.9786471128463745,1.9312277686554928
2024-02-06 17:00:00+00:00,2.11,-2.0702860355377197,1.5730038389889094,-0.948700487613678,2.2657003201386847
2024-02-06 18:00:00+00:00,9.8,-2.008607864379883,2.605962628668737,-0.9160910248756409,2.3923551351282137
2024-02-07 10:00:00+00:00,2.88,-1.9607239961624146,2.588531864781364,-0.9159870147705078,-1.1616539648511537
2024-02-07 11:00:00+00:00,0.1,-1.9067318439483643,0.4845244789224534,-0.9190091490745544,2.796290014763398
2024-02-07 12:00:00+00:00,3.66,-1.8520607948303223,1.9326385614833694,-0.9126595854759216,-0.22491078659040725
2024-02-07 13:00:00+00:00,2.25,-1.8001397848129272,2.135173093550813,-0.8925497531890869,3.4742412607154267
2024-02-07 14:00:00+00:00,-1.79,-1.746902346611023,-0.6188603376523236,-0.8531302809715271,1.596164547494831
2024-02-07 15:00:00+00:00,3.19,-1.7100619077682495,0.3156204419752809,-0.8153980374336243,-1.0258255831637382
2024-02-07 16:00:00+00:00,-1.53,-1.657567024230957,-0.734230877420071,-0.7654991149902344,3.0470357141124302
2024-02-07 17:00:00+00:00,-0.38,-1.5729879140853882,-0.7125460035853921,-0.7501630187034607,1.6018705268746818
2024-02-07 18:00:00+00:00,-13.66,-1.4904354810714722,-3.1227491261927054,-0.7580360174179077,-1.003141921718829
2024-02-08 10:00:00+00:00,2.83,-1.4207412004470825,2.465678875682881,-0.7797865867614746,-1.2723522664510893
2024-02-08 11:00:00+00:00,-0.42,-1.3635138273239136,1.0531737184563972,-0.8235533237457275,-1.3055519866507788
2024-02-08 12:00:00+00:00,2.72,-1.3012895584106445,2.2159768009142313,-0.8432998657226562,0.4206136672629172
2024-02-08 13:00:00+00:00,1.68,-1.1875395774841309,1.8005663209210774,-0.8381891846656799,0.18061007622503344
2024-02-08 14:00:00+00:00,-0.27,-1.1032668352127075,-0.21455505849914844,-0.8638805150985718,-1.5150194756796571
2024-02-08 15:00:00+00:00,-3.87,-1.0070985555648804,-1.3856981977714717,-0.924229621887207,-1.057947716649907
2024-02-08 16:00:00+00:00,2.07,-0.9464125037193298,0.3433707175702531,-1.0110070705413818,1.540535396121022
2024-02-08 17:00:00+00:00,-5.85,-0.8380156755447388,-2.1571319720856543,-1.1089016199111938,-1.0102151281973832
2024-02-08 18:00:00+00:00,-18.62,-0.740710437297821,-5.5343557768719505,-1.2037550210952759,-0.8804183395817172
2024-02-09 10:00:00+00:00,9.19,-0.6440547108650208,6.4161296929465195,-1.2915500402450562,0.3755061388370118
2024-02-09 11:00:00+00:00,7.27,-0.5364574790000916,3.9858765288608033,-1.383242130279541,1.3170410419323157
2024-02-09 12:00:00+00:00,-2.32,-0.43952077627182007,-0.17194951210542445,-1.471747636795044,-1.2359916509585678
2024-02-09 13:00:00+00:00,1.78,-0.3448135256767273,0.38948667970275586,-1.5481778383255005,-4.30183759412969
2024-02-09 14:00:00+00:00,-3.87,-0.29181215167045593,-0.32622736876475045,-1.6304512023925781,0.3674220450862491
2024-02-09 15:00:00+00:00,-1.99,-0.2720009386539459,-0.14840785711259544,-1.725437879562378,-4.127844240516316
2024-02-09 16:00:00+00:00,5.5,-0.240116149187088,1.0001738426022209,-1.7893259525299072,0.45050239756359656
2024-02-09 17:00:00+00:00,3.63,-0.11837949603796005,0.5490725756933001,-1.8625448942184448,1.5322815190720296
2024-02-09 18:00:00+00:00,-6.42,-0.015163175761699677,-0.6185438320172811,-1.9267462491989136,0.9477849688171069
2024-02-12 10:00:00+00:00,-1.24,0.0802336111664772,0.2784323538056306,-1.9856903553009033,1.1406617913245398
2024-02-12 11:00:00+00:00,-0.61,0.1467457115650177,0.3686654009069668,-2.053356170654297,2.4147382232769417
2024-02-12 12:00:00+00:00,2.47,0.20327302813529968,0.9360427206351425,-2.1314408779144287,0.026075058818848584
2024-02-12 13:00:00+00:00,-7.86,0.26384106278419495,1.2676792712596172,-2.201263904571533,-2.87495141566664
2024-02-12 14:00:00+00:00,6.37,0.3247845470905304,2.380009518237944,-2.239250898361206,1.6714192914655042
2024-02-12 15:00:00+00:00,0.25,0.3870711624622345,0.7803027662784892,-2.2764391899108887,-0.1668517795612202
2024-02-12 16:00:00+00:00,6.84,0.4352627098560333,2.580533443819111,-2.348283529281616,-0.5566025097983947
2024-02-12 17:00:00+00:00,6.32,0.5337032079696655,1.2184318911721546,-2.3247342109680176,0.5531227957770763
2024-02-12 18:00:00+00:00,7.9,0.5819636583328247,1.8441486301677532,-2.3478949069976807,2.5020565875757033
2024-02-13 10:00:00+00:00,-4.37,0.6108930110931396,-0.7461709275986939,-2.359309673309326,-0.6256424550448251
2024-02-13 11:00:00+00:00,3.27,0.6229374408721924,1.20213423897027,-2.3157753944396973,1.4970879040319751
2024-02-13 12:00:00+00:00,-0.47,0.6212542057037354,0.1431883954742216,-2.3141117095947266,4.023266036794364
2024-02-13 13:00:00+00:00,-6.54,0.61797696352005,-0.2719257274456455,-2.306265115737915,0.023625974675753614
2024-02-13 15:00:00+00:00,2.23,0.6311852335929871,0.6798787035444811,-2.299159526824951,1.5930840954431673
2024-02-13 16:00:00+00:00,1.02,0.6314280033111572,1.2127347596487603,-2.2726409435272217,2.353364645477103
2024-02-13 17:00:00+00:00,3.06,0.633062481880188,0.7191760923548618,-2.2358734607696533,1.0238753594867163
2024-02-13 18:00:00+00:00,9.56,0.6765412092208862,0.9237047960327576,-2.118805408477783,1.4913585323655028
2024-02-14 10:00:00+00:00,0.66,0.6904045343399048,0.08461529652307406,-2.0321578979492188,0.07020689839016242
2024-02-14 11:00:00+00:00,-5.31,0.7005825042724609,-0.8334354902451293,-1.9743342399597168,0.5869817198531103
2024-02-14 12:00:00+00:00,0.12,0.7013623714447021,0.12368051579731207,-1.9276201725006104,-1.6711596299953293
2024-02-14 13:00:00+00:00,-0.38,0.6967685222625732,0.34717101087057584,-1.9041218757629395,-0.34779334475639545
2024-02-14 14:00:00+00:00,-5.09,0.7004706859588623,0.04578824254885247,-1.8741345405578613,1.4222629851744388
2024-02-14 15:00:00+00:00,4.22,0.6881096363067627,0.8740900577395114,-1.8528834581375122,0.03895142195602941
2024-02-14 16:00:00+00:00,-1.95,0.6865997314453125,-0.10869016664754157,-1.8714141845703125,1.724996697280567
2024-02-14 17:00:00+00:00,1.71,0.678088903427124,0.5365420852132974,-1.8967640399932861,-0.6794922076667459
2024-02-14 18:00:00+00:00,-13.13,0.6817662715911865,-0.27539092547259153,-1.9773540496826172,-3.1989937000088746
2024-02-15 10:00:00+00:00,-0.93,0.687092661857605,0.5965364524401136,-2.062605857849121,-3.966936118120532
2024-02-15 11:00:00+00:00,2.67,0.6868643760681152,1.7037081168626649,-2.1227285861968994,0.5662458472558056
2024-02-15 12:00:00+00:00,3.85,0.6764655113220215,1.8809198264489968,-2.1659467220306396,-2.3584216100423347
2024-02-15 13:00:00+00:00,9.85,0.6610519886016846,2.74138930112187,-2.245023727416992,-2.7344868123698234
2024-02-15 14:00:00+00:00,-0.96,0.6504344940185547,-0.08695007186551512,-2.3345680236816406,-1.0975940853813944
2024-02-15 15:00:00+00:00,2.58,0.6512490510940552,1.1817858343162486,-2.37770414352417,-1.877184545674711
2024-02-15 16:00:00+00:00,1.28,0.6459396481513977,1.311664827476865,-2.4313576221466064,0.7962568845348481
2024-02-15 17:00:00+00:00,2.28,0.6355295777320862,1.444815467360198,-2.4854013919830322,4.1278204529255325
2024-02-15 18:00:00+00:00,7.42,0.6290004253387451,2.5972029713436062,-2.5536282062530518,5.613261001876409
2024-02-16 10:00:00+00:00,-4.21,0.6286394000053406,-3.2036623196584575,-2.592068672180176,3.0967119513004677
2024-02-16 11:00:00+00:00,1.93,0.6245811581611633,0.5660131091772698,-2.6072614192962646,0.6337063658495042
2024-02-16 12:00:00+00:00,-2.99,0.6275166273117065,-1.1968816028154938,-2.579059362411499,0.2025563213826831
2024-02-16 13:00:00+00:00,-16.21,0.6175472140312195,-3.1201046015631597,-2.542004108428955,0.19813501128846245
2024-02-16 14:00:00+00:00,-6.66,0.6140479445457458,-3.1055339203199477,-2.5112838745117188,-1.0815211630367312
2024-02-16 15:00:00+00:00,-1.22,0.6022772789001465,-1.376246430187825,-2.41947603225708,-0.21477520967164598
2024-02-16 16:00:00+00:00,2.53,0.5907570123672485,0.5863128315957926,-2.3128669261932373,-0.9916960467575744
2024-02-16 17:00:00+00:00,-3.74,0.5805060267448425,-0.3326810692114577,-2.198004961013794,-3.5859148481269374
2024-02-16 18:00:00+00:00,-0.78,0.5681058764457703,-0.6286068870571386,-2.003911256790161,0.1461563314235899
2024-02-19 10:00:00+00:00,-0.24,0.5691547393798828,0.07292841445828877,-1.8626848459243774,-5.6065372723663875
2024-02-19 11:00:00+00:00,6.09,0.5585565567016602,1.8687271894429829,-1.7200690507888794,-0.41623693644790016
2024-02-19 12:00:00+00:00,-1.59,0.5774751305580139,-0.2879055757822683,-1.6268900632858276,1.035641743649682
2024-02-19 13:00:00+00:00,2.99,0.5984529256820679,1.9812309347102053,-1.5447932481765747,0.8409220964859314
2024-02-19 14:00:00+00:00,3.43,0.6045724749565125,1.0605518183101388,-1.4981969594955444,1.6381858589746634
2024-02-19 15:00:00+00:00,-1.73,0.618553102016449,-1.3272738079867448,-1.4145246744155884,-0.5699891313316947
2024-02-19 16:00:00+00:00,-0.76,0.6221435070037842,-0.9385990794609012,-1.355550765991211,0.6683623095420103
2024-02-19 17:00:00+00:00,-5.33,0.6189098358154297,-3.844228565553333,-1.2941840887069702,-1.214089373985236
2024-02-19 18:00:00+00:00,-16.6,0.614831805229187,-7.465062962096172,-1.213291049003601,-1.0468784183845896
2024-02-20 10:00:00+00:00,-11.73,0.6195299625396729,-6.974087608550109,-1.1440939903259277,-5.386420072573502
2024-02-20 11:00:00+00:00,0.56,0.6265172362327576,0.5716006486880372,-1.0551817417144775,-4.569273679531987
2024-02-20 12:00:00+00:00,7.0,0.6533166170120239,3.709041743797422,-0.9876413941383362,0.6287037662890143
2024-02-20 13:00:00+00:00,-0.81,0.6826773881912231,-0.8915384629050724,-0.902344822883606,0.294508995962941
2024-02-20 14:00:00+00:00,-0.81,0.7006309032440186,-0.7893726740416103,-0.8309778571128845,-0.8839013997243336
2024-02-20 15:00:00+00:00,-0.38,0.7155133485794067,-1.0326675430197862,-0.7418959736824036,0.13899938922798194
2024-02-20 16:00:00+00:00,-3.44,0.7417784929275513,-3.0425806214366684,-0.672236442565918,1.7968556129190556
2024-02-20 17:00:00+00:00,-10.86,0.7532737255096436,-6.939798527411365,-0.6021367907524109,-4.383135356523867
2024-02-20 18:00:00+00:00,-27.7,0.7758822441101074,-14.159787276489663,-0.5053592920303345,-3.4371558710985086
2024-02-21 10:00:00+00:00,-13.5,0.8006237745285034,-9.135072232220164,-0.4135662913322449,-0.48276915036208956
2024-02-21 11:00:00+00:00,-7.6,0.816577672958374,-6.515636560580324,-0.3235507905483246,0.13409171216056787
2024-02-21 12:00:00+00:00,-6.85,0.8477132320404053,-6.721479348393238,-0.25490128993988037,-1.1484142209592334
2024-02-21 13:00:00+00:00,-10.37,0.8763753175735474,-7.284638115654356,-0.17411580681800842,-1.6881613563106
2024-02-21 14:00:00+00:00,18.59,0.8893322944641113,11.334098082620722,-0.10728893429040909,-0.9801211315091404
2024-02-21 15:00:00+00:00,8.74,0.9092739820480347,4.241483498128365,-0.05343969911336899,-1.4945948200614592
2024-02-21 16:00:00+00:00,-14.48,0.9262685775756836,-5.418253420424452,-0.03415247052907944,-2.585512826600934
2024-02-21 17:00:00+00:00,-14.82,0.9419726133346558,-3.4604283786116503,-0.03523411601781845,-2.174071883380282
2024-02-21 18:00:00+00:00,12.47,0.9580053091049194,1.9735891575435573,-0.03563018888235092,3.490144536861017
2024-02-22 10:00:00+00:00,4.42,0.979285478591919,3.038202607346475,-0.03454511612653732,2.243135722222526
2024-02-22 11:00:00+00:00,-1.7,1.0027648210525513,0.12910800988738785,-0.04368054121732712,1.9014583600021675
2024-02-22 12:00:00+00:00,6.69,1.0062981843948364,4.45793233416922,-0.04263683408498764,3.8509774919336834
2024-02-22 13:00:00+00:00,1.77,1.0188932418823242,1.7286558548777915,-0.025417767465114594,-0.6854532108650959
2024-02-22 14:00:00+00:00,-8.85,1.027755618095398,-4.414558678720304,0.005839295219630003,2.32540078213458
2024-02-22 15:00:00+00:00,-8.0,1.042616844177246,-3.8520512390302524,0.03727341443300247,-3.531995315412445
2024-02-22 16:00:00+00:00,1.95,1.0704294443130493,0.7616516055249998,0.05413378030061722,1.4579714636920789
2024-02-22 17:00:00+00:00,-5.95,1.1085753440856934,-2.6680134574120853,0.0650794580578804,1.694862976053399
2024-02-22 18:00:00+00:00,55.64,1.1504604816436768,12.585106144508314,0.061833418905735016,3.3342184954720087
2024-02-26 10:00:00+00:00,3.62,1.198004961013794,3.1926195139316165,0.07063711434602737,3.2486383180977403
2024-02-26 11:00:00+00:00,10.17,1.2153557538986206,5.992608695560368,0.08144111186265945,-3.8364060208414847
2024-02-26 12:00:00+00:00,-3.79,1.2444040775299072,-3.7698352778014703,0.11521986871957779,-3.5474829109382404
2024-02-26 13:00:00+00:00,-3.16,1.2615463733673096,-3.448478116165797,0.17014899849891663,-0.7346637842043605
2024-02-26 14:00:00+00:00,1.91,1.2727649211883545,1.7185057588930206,0.19862708449363708,-0.6304058185275205
2024-02-26 15:00:00+00:00,-5.37,1.279697060585022,-3.168704924627277,0.21602383255958557,-0.2904307691286611
2024-02-26 16:00:00+00:00,6.24,1.2988615036010742,4.889865324524048,0.20594677329063416,2.8472494122412466
2024-02-26 17:00:00+00:00,5.61,1.327907919883728,4.479310359270236,0.2587534487247467,-1.2123775689392604
2024-02-26 18:00:00+00:00,10.22,1.3575326204299927,6.675149404429743,0.31610026955604553,-3.9104640986838413
2024-02-27 10:00:00+00:00,-9.76,1.3853329420089722,-8.791233283161144,0.37721166014671326,-1.9041340822816502
2024-02-27 11:00:00+00:00,-3.88,1.4189903736114502,-3.95005017514443,0.4398617446422577,-4.986319657977476
2024-02-27 12:00:00+00:00,2.13,1.4598214626312256,-0.08190344986925029,0.4531078040599823,-5.474081602959952
2024-02-27 13:00:00+00:00,-7.23,1.5046097040176392,-3.414562963614753,0.45236507058143616,-2.9489021155794015
2024-02-27 14:00:00+00:00,6.35,1.5533157587051392,1.3296967673768891,0.44887295365333557,-3.7596730906247027
2024-02-27 15:00:00+00:00,-1.85,1.6013907194137573,-1.3934838102671547,0.43730494379997253,-0.07624478417417246
2024-02-27 16:00:00+00:00,-1.53,1.660560131072998,-1.1338166925437285,0.4313909113407135,-0.08357222176806262
2024-02-27 17:00:00+00:00,1.37,1.7153093814849854,1.3879389752361821,0.4355383813381195,0.6812058694629526
2024-02-27 18:00:00+00:00,23.23,1.7577760219573975,3.9972409653078023,0.4369249641895294,-0.14817647304880555
2024-02-28 10:00:00+00:00,3.92,1.7934327125549316,1.0488587074813016,0.42004939913749695,0.603600228426946
2024-02-28 11:00:00+00:00,-5.0,1.8180034160614014,-4.4649052974357915,0.4049326479434967,-6.812090107464161
2024-02-28 12:00:00+00:00,-6.41,1.8324272632598877,-4.394624233154377,0.42733481526374817,-3.6722273248738793
2024-02-28 13:00:00+00:00,1.03,1.8495609760284424,0.2884534277888791,0.44570019841194153,-2.9414077446671234
2024-02-28 14:00:00+00:00,4.27,1.8643362522125244,1.7117777712547317,0.44702157378196716,-0.6959274937567602
2024-02-28 15:00:00+00:00,-4.07,1.879666805267334,-2.264362474330498,0.4293026626110077,3.285922770594171
2024-02-28 16:00:00+00:00,-1.54,1.9093310832977295,-0.9892846022986688,0.4373765289783478,-0.5907804215767826
2024-02-28 17:00:00+00:00,2.63,1.930194616317749,1.5934434844379888,0.48405876755714417,-0.30162831431789205
2024-02-28 18:00:00+00:00,-2.32,1.94649076461792,-0.9683846596969645,0.5178866982460022,0.9245719792200398
2024-02-29 10:00:00+00:00,5.86,1.952747106552124,3.016256931364887,0.5492547154426575,-1.923673967308624
2024-02-29 11:00:00+00:00,3.55,1.9603855609893799,2.414944637086362,0.5860487222671509,-2.9273975811916655
2024-02-29 12:00:00+00:00,10.48,1.9636030197143555,4.417302508630364,0.6092120409011841,7.895947893306957
2024-02-29 13:00:00+00:00,-3.82,1.9738378524780273,-1.4751323962388354,0.6028116345405579,1.1409154922467875
2024-02-29 14:00:00+00:00,0.14,1.985081672668457,0.25737812645000246,0.6025512218475342,1.2044688412887867
2024-02-29 15:00:00+00:00,0.78,1.9766638278961182,0.9252726425993048,0.578655481338501,-0.22289612280065677
2024-02-29 16:00:00+00:00,5.43,1.9766457080841064,2.8746169899937923,0.5504639744758606,1.1754351545773067
2024-02-29 17:00:00+00:00,9.65,1.9892897605895996,3.1237126684378413,0.552695095539093,3.020180849772042
2024-02-29 18:00:00+00:00,0.68,1.9891088008880615,0.6436084424470911,0.537816047668457,3.524591465039004
2024-03-01 10:00:00+00:00,-1.8,1.9788074493408203,-0.3477534806678675,0.5178852677345276,-1.8395653097260705
2024-03-01 11:00:00+00:00,-0.45,1.9843871593475342,0.40557037877421137,0.4887690246105194,1.251614541321572
2024-03-01 12:00:00+00:00,0.84,1.9857065677642822,0.9672142680459126,0.47524383664131165,3.5863840113240935
2024-03-01 13:00:00+00:00,1.63,1.9947514533996582,1.6757852962980575,0.46013686060905457,2.3849885288759243
2024-03-01 14:00:00+00:00,4.02,1.9946613311767578,2.3667397322427517,0.4297240078449249,4.985475752700628
2024-03-01 15:00:00+00:00,4.83,1.9783868789672852,2.9812416577038325,0.4063750207424164,5.572424969538354
2024-03-01 16:00:00+00:00,0.23,1.981804370880127,0.6200234866858969,0.39303353428840637,0.2650796176034018
2024-03-01 17:00:00+00:00,-0.12,1.9843287467956543,1.4000878447662548,0.4289577305316925,-0.21250127067069222
2024-03-01 18:00:00+00:00,14.24,1.9989323616027832,3.5652939886763058,0.4428195059299469,-2.0925318978163445
2024-03-04 10:00:00+00:00,7.5,2.018059015274048,3.531278296445234,0.45560166239738464,4.2530216877301585
2024-03-04 11:00:00+00:00,3.61,2.038409948348999,1.6323735663148038,0.46748873591423035,1.607515051781121
2024-03-04 12:00:00+00:00,1.1,2.0570356845855713,0.6898526882489419,0.508662760257721,4.819147824348019
2024-03-04 13:00:00+00:00,2.13,2.0515785217285156,1.8181186080136746,0.5173227787017822,3.814143774180904
2024-03-04 14:00:00+00:00,1.0,2.0333139896392822,1.0358390539379647,0.4885229766368866,2.1556271442578523
2024-03-04 15:00:00+00:00,-0.46,2.0196220874786377,-0.4510780407010007,0.4611716568470001,1.3537870030822723
2024-03-04 16:00:00+00:00,0.59,2.006094217300415,0.07403834209029876,0.4428583085536957,-0.8765351547712205
2024-03-04 17:00:00+00:00,0.38,1.9804127216339111,0.34695291757613894,0.43000170588493347,3.4409669554852016
2024-03-04 18:00:00+00:00,-9.69,1.9433083534240723,-2.026846143348802,0.4001174867153168,-1.859469442950719
2024-03-05 10:00:00+00:00,10.73,1.908658742904663,4.82260166119631,0.37656089663505554,2.4561073710313295
2024-03-05 11:00:00+00:00,3.16,1.8709721565246582,3.0288903820708937,0.3765675127506256,0.526227710088449
2024-03-05 12:00:00+00:00,3.91,1.8247807025909424,2.5278041047888458,0.37439534068107605,0.21920093340160884
2024-03-05 13:00:00+00:00,-4.95,1.7743992805480957,-0.07611443478832669,0.3781789243221283,0.5513003199657855
2024-03-05 14:00:00+00:00,3.52,1.7211079597473145,2.5512715693291574,0.3864336311817169,1.194563053337717
2024-03-05 15:00:00+00:00,4.38,1.6612465381622314,1.4311823519756113,0.4036380350589752,1.510066783415761
2024-03-05 16:00:00+00:00,-2.58,1.6079959869384766,-2.3140887726839825,0.4222865402698517,1.040410432291615
2024-03-05 17:00:00+00:00,-4.34,1.572894811630249,-0.3750526336949094,0.411509245634079,4.404531631491012
2024-03-05 18:00:00+00:00,-3.27,1.5239402055740356,-0.10011059604632096,0.3675910532474518,-3.716529649539614
2024-03-06 10:00:00+00:00,1.01,1.4880698919296265,1.3375226160773923,0.36069682240486145,-1.9994482534084952
2024-03-06 11:00:00+00:00,3.21,1.4503228664398193,2.222854744390999,0.36917057633399963,-0.2512189839485134
2024-03-06 12:00:00+00:00,8.24,1.405715823173523,2.6266468783515675,0.3874249756336212,-0.11588886523613146
2024-03-06 13:00:00+00:00,3.46,1.3262686729431152,1.3299023812098467,0.3820136487483978,0.3486289047086297
2024-03-06 14:00:00+00:00,-0.68,1.2308485507965088,-0.5431490692165044,0.38809671998023987,0.2155442016896667
2024-03-06 15:00:00+00:00,-1.94,1.1241295337677002,-0.3522885506792583,0.3649802505970001,0.04252596099564376
2024-03-06 16:00:00+00:00,0.63,1.0327531099319458,0.5630495131968014,0.34333762526512146,-0.5550108667420219
2024-03-06 17:00:00+00:00,-0.97,0.9291490316390991,0.1016027883236864,0.30264464020729065,1.7431960137976645
2024-03-06 18:00:00+00:00,3.87,0.8517565727233887,0.9262666567720306,0.26742640137672424,2.7778073840229593
2024-03-07 10:00:00+00:00,-8.25,0.7896642684936523,-1.0957191808372644,0.22797414660453796,4.409137856895294
2024-03-07 11:00:00+00:00,-0.3,0.7287294864654541,0.5714079581608933,0.20060715079307556,-2.0395454521743726
2024-03-07 12:00:00+00:00,2.38,0.6604934930801392,2.3024272992823787,0.17228266596794128,-4.345732129126351
2024-03-07 13:00:00+00:00,3.12,0.5975890159606934,1.716902065582526,0.12083543092012405,-2.393053945178288
2024-03-07 14:00:00+00:00,1.86,0.5325632095336914,0.3751756939551114,0.04008141905069351,3.5081491109529743
2024-03-07 15:00:00+00:00,2.68,0.4686836302280426,1.4925181860805568,-0.05056457966566086,0.7756832353083578
2024-03-07 16:00:00+00:00,-2.2,0.4219076931476593,-0.02990237484102546,-0.1373882293701172,-2.5587608372679767
2024-03-07 17:00:00+00:00,1.94,0.36917397379875183,2.0055401211088495,-0.26914626359939575,-0.6352861755636361
2024-03-07 18:00:00+00:00,18.88,0.3475467264652252,1.8778263701486175,-0.3908209502696991,2.0927114837926863
2024-03-11 10:00:00+00:00,-7.26,0.3158877193927765,-3.2661395825335897,-0.47909608483314514,2.395347868674548
2024-03-11 11:00:00+00:00,2.16,0.254437118768692,1.5078147025034316,-0.5025025010108948,0.5339519323551132
2024-03-11 12:00:00+00:00,0.14,0.18095752596855164,0.0974131163367136,-0.5276551842689514,-3.1335218881637346
2024-03-11 13:00:00+00:00,2.4,0.11447400599718094,0.4502391610538457,-0.5683761239051819,-1.2067086029729677
2024-03-11 14:00:00+00:00,-3.14,0.038947202265262604,-1.8247684059087157,-0.6090211272239685,-3.161510572529023
2024-03-11 15:00:00+00:00,-2.96,-0.02394043654203415,-1.7130809757576773,-0.6327034831047058,0.2037524470161396
2024-03-11 16:00:00+00:00,-2.79,-0.0893397256731987,0.026706062849233075,-0.6605936288833618,1.1670820750386375
2024-03-11 17:00:00+00:00,-2.8,-0.15676042437553406,0.06934863756678561,-0.6748166680335999,-1.6663322401597875
2024-03-11 18:00:00+00:00,-7.84,-0.20406682789325714,0.06611164792236156,-0.6994193196296692,-2.74679699763012
2024-03-12 10:00:00+00:00,6.13,-0.239756777882576,0.9095426261185308,-0.7314514517784119,-4.942619660453901
2024-03-12 11:00:00+00:00,-3.1,-0.29117313027381897,0.6072707356757925,-0.7676362991333008,-4.1545790345122136
2024-03-12 12:00:00+00:00,3.86,-0.3493785262107849,1.1666453803878676,-0.8087305426597595,-1.4999268860032269
2024-03-12 13:00:00+00:00,3.79,-0.40595385432243347,1.8633321976541375,-0.8547153472900391,2.1390606956817266
2024-03-12 14:00:00+00:00,2.43,-0.4606267511844635,0.9398599059044144,-0.9154747724533081,-3.659322508195171
2024-03-12 15:00:00+00:00,0.35,-0.5049546957015991,0.7628255134392288,-0.9672192335128784,0.02695746388959952
2024-03-12 16:00:00+00:00,3.72,-0.5587314963340759,1.2791515338661295,-1.0205779075622559,4.307954407867946
2024-03-12 17:00:00+00:00,2.95,-0.6135581731796265,1.294442988085803,-1.0600165128707886,0.6781043839451248
2024-03-12 18:00:00+00:00,3.23,-0.6633462905883789,0.8235627334704512,-1.091596245765686,2.1005342613070628
2024-03-13 10:00:00+00:00,-1.41,-0.7018304467201233,-1.028534999416133,-1.1112455129623413,0.6599551651788368
2024-03-13 11:00:00+00:00,-5.22,-0.7602107524871826,-2.016654304403679,-1.1243692636489868,-1.9487636709620613
2024-03-13 12:00:00+00:00,0.03,-0.8140877485275269,0.06241834630269173,-1.1342957019805908,0.2675527703844498
2024-03-13 13:00:00+00:00,0.46,-0.8676160573959351,0.4224257665641924,-1.165542721748352,-0.4530751666586718
2024-03-13 14:00:00+00:00,-0.67,-0.8972513675689697,-1.1848421583817585,-1.2158700227737427,-0.08786725473697565
2024-03-13 15:00:00+00:00,-2.25,-0.9239075183868408,-0.9675682936483476,-1.2650278806686401,-0.7000606688363097
2024-03-13 16:00:00+00:00,-0.8,-0.9531316757202148,-0.574586873016901,-1.3213356733322144,-1.0695738653062405
2024-03-13 17:00:00+00:00,-5.29,-0.9667324423789978,-1.6492417059306523,-1.3641374111175537,-1.0259336250738014
2024-03-13 18:00:00+00:00,-21.97,-0.9745920896530151,-2.252817881328583,-1.4171562194824219,-1.4668522055523057
2024-03-14 10:00:00+00:00,2.25,-0.9829849004745483,2.934631825368617,-1.4456558227539062,-3.65374383268973
2024-03-14 11:00:00+00:00,5.68,-1.0009435415267944,4.324984448348766,-1.46721613407135,-0.861169798956928
2024-03-14 12:00:00+00:00,-5.73,-1.0056354999542236,-0.9779961261663559,-1.4890618324279785,-1.191114119769852
2024-03-14 13:00:00+00:00,2.25,-1.0067843198776245,0.13204301135982768,-1.5104930400848389,-2.6139981726417005
2024-03-14 14:00:00+00:00,-13.62,-1.007825493812561,-1.3269287269430643,-1.5332692861557007,0.6633777135685179
2024-03-14 15:00:00+00:00,5.42,-1.0010794401168823,3.349465015451034,-1.552212119102478,-2.2622168322471934
2024-03-14 16:00:00+00:00,2.38,-0.9971864223480225,1.5118078005612523,-1.57498300075531,-2.250598225865857
2024-03-14 17:00:00+00:00,-0.34,-0.9915847778320312,-0.041274196511713275,-1.5612503290176392,0.6708385529385277
2024-03-14 18:00:00+00:00,-0.7,-0.9740327000617981,0.7147575257053942,-1.562920093536377,-2.228758212148097
2024-03-15 10:00:00+00:00,2.42,-0.9565128087997437,2.0380567212436476,-1.5586535930633545,0.458340828493742
2024-03-15 11:00:00+00:00,1.61,-0.9465934038162231,1.7707183219229996,-1.5689568519592285,1.238722364832058
2024-03-15 12:00:00+00:00,4.63,-0.9326836466789246,2.078081072134025,-1.5653750896453857,-2.4653291202078047
2024-03-15 13:00:00+00:00,7.35,-0.9152432084083557,2.633450592320651,-1.5647748708724976,-2.0660856825505816
2024-03-15 14:00:00+00:00,-2.5,-0.9011414051055908,-0.2340103002671895,-1.5730198621749878,1.5203943852850248
2024-03-15 15:00:00+00:00,-7.75,-0.8954864740371704,-1.4109064810332657,-1.5663727521896362,0.04131680741793514
2024-03-15 16:00:00+00:00,6.72,-0.8989039659500122,1.1778310958344091,-1.555679202079773,-0.03243024109981446
2024-03-15 17:00:00+00:00,-8.71,-0.8936434388160706,-1.368508560276993,-1.5146397352218628,2.6867081687312493
2024-03-15 18:00:00+00:00,-2.28,-0.886002242565155,-0.656125287244377,-1.4799442291259766,-3.1030197210610284
2024-03-18 10:00:00+00:00,-3.41,-0.8755370378494263,-0.9467268304792702,-1.4372810125350952,2.1504870424541744
2024-03-18 11:00:00+00:00,3.67,-0.8712726831436157,0.8872946216487723,-1.4297475814819336,-1.835028219992374
2024-03-18 12:00:00+00:00,2.6,-0.8604076504707336,0.8909280054400923,-1.4191913604736328,-0.00714730115890444
2024-03-18 13:00:00+00:00,2.87,-0.8504552841186523,1.5221761615901697,-1.4030369520187378,-0.4181899841496045
2024-03-18 14:00:00+00:00,-1.91,-0.8383947610855103,-0.903276307158724,-1.3809598684310913,0.4909098758712318
2024-03-18 15:00:00+00:00,-2.0,-0.8187581896781921,-0.4278152261555339,-1.3584351539611816,-3.4480758191281193
2024-03-18 16:00:00+00:00,1.54,-0.8036057949066162,1.262928244992792,-1.3289648294448853,-2.3120726107275353
2024-03-18 17:00:00+00:00,-4.85,-0.7804734110832214,-0.2533870351462582,-1.2921645641326904,3.069004594405003
2024-03-18 18:00:00+00:00,1.59,-0.7628244161605835,1.4953574578914706,-1.266026258468628,-2.871916522824137
2024-03-19 10:00:00+00:00,4.31,-0.739241898059845,2.0186680774334986,-1.219380497932434,0.6837971819001394
2024-03-19 11:00:00+00:00,-3.55,-0.726640522480011,-0.3232595038438255,-1.1828540563583374,0.8320532485394561
2024-03-19 12:00:00+00:00,3.69,-0.7171807289123535,1.877131197690518,-1.1430120468139648,-1.9271707879642712
2024-03-19 13:00:00+00:00,-10.55,-0.6994017362594604,-3.4892153507364188,-1.1086934804916382,-1.7859389908847265
2024-03-19 14:00:00+00:00,0.32,-0.6871112585067749,-0.45364637769821065,-1.089984655380249,-2.761918581134996
2024-03-19 15:00:00+00:00,-4.39,-0.6674016714096069,-3.3622880072566,-1.0628715753555298,1.6536231438189455
2024-03-19 16:00:00+00:00,-23.54,-0.638600766658783,-7.762621352940815,-1.0406659841537476,-0.0011660690455408962
2024-03-19 17:00:00+00:00,0.79,-0.5932798385620117,0.7219892898385022,-1.006691813468933,-3.61380742555283
2024-03-19 18:00:00+00:00,10.72,-0.556343138217926,5.841407060032095,-0.9679362773895264,0.3703741161063602
2024-03-20 10:00:00+00:00,-1.17,-0.5167853832244873,0.2678173651573311,-0.9391882419586182,3.053419065297439
2024-03-20 11:00:00+00:00,6.31,-0.4884790778160095,1.8366501345664565,-0.9136613011360168,-1.9519619149508831
2024-03-20 12:00:00+00:00,1.98,-0.4606313407421112,1.5278070970555653,-0.8945325016975403,-2.11262345657594
2024-03-20 13:00:00+00:00,-12.71,-0.43120241165161133,-2.1999498722611697,-0.8651874661445618,-0.07693487898844975
2024-03-20 14:00:00+00:00,-3.82,-0.40035754442214966,-0.5871201948238023,-0.8335933089256287,-4.2019426772285335
2024-03-20 15:00:00+00:00,5.91,-0.3739704191684723,3.2343141460866693,-0.7920792102813721,0.5840790283669121
2024-03-20 16:00:00+00:00,1.22,-0.3460679352283478,1.056739285745893,-0.759769856929779,1.8925264621132385
2024-03-20 17:00:00+00:00,-6.31,-0.3017210066318512,-0.06714409319719598,-0.7149031162261963,-1.6308258436273813
2024-03-20 18:00:00+00:00,24.09,-0.26749831438064575,1.5382447589347954,-0.6725158095359802,0.46743154889804317
2024-03-21 10:00:00+00:00,-7.08,-0.22435949742794037,-2.401295778276774,-0.6308954358100891,0.5916690476621744
2024-03-21 11:00:00+00:00,-0.69,-0.1932654082775116,-0.8234805375666915,-0.5797547101974487,-4.261296096337507
2024-03-21 12:00:00+00:00,-3.48,-0.16934798657894135,-1.7660204237221313,-0.5331624746322632,-0.4510891506911464
2024-03-21 13:00:00+00:00,-0.25,-0.13729673624038696,-0.43352243668626644,-0.49872517585754395,0.3110678803761381
2024-03-21 14:00:00+00:00,-12.88,-0.10276473313570023,-1.746427207131789,-0.4604462683200836,1.5261572888832347
2024-03-21 15:00:00+00:00,5.46,-0.06586997956037521,2.2062165456554323,-0.4326974153518677,-3.5805941948263853
2024-03-21 16:00:00+00:00,7.75,-0.020468883216381073,2.157113291381612,-0.40687641501426697,3.0804919947089404
2024-03-21 17:00:00+00:00,6.67,0.036034442484378815,3.06269625746255,-0.38637620210647583,-3.3810007069654953
2024-03-21 18:00:00+00:00,3.49,0.08429528027772903,2.7127793599882994,-0.3617250919342041,-2.433071732446524
2024-03-22 10:00:00+00:00,6.24,0.12732097506523132,2.914348244470218,-0.3277229964733124,1.1884141051830013
2024-03-22 11:00:00+00:00,-11.76,0.162832111120224,-4.4717930301395965,-0.29433169960975647,-1.922384067834064
2024-03-22 12:00:00+00:00,4.14,0.1848040521144867,-0.20591733622900676,-0.2668513059616089,0.5936280148710696
2024-03-22 13:00:00+00:00,-9.66,0.20240941643714905,-2.2020059404970818,-0.2529182434082031,-0.5352608029685645
2024-03-22 14:00:00+00:00,-4.44,0.22467395663261414,-3.9130004062656556,-0.2260923683643341,1.1436622795782583
2024-03-22 15:00:00+00:00,-4.83,0.24921926856040955,-3.026541522206353,-0.2040342390537262,0.4875640152793923
2024-03-22 16:00:00+00:00,-4.14,0.27439722418785095,-1.5669320603593573,-0.1712934374809265,1.547625500853622
2024-03-22 17:00:00+00:00,7.76,0.31170859932899475,0.1180951319469088,-0.1109469011425972,0.9818885527876555
2024-03-22 18:00:00+00:00,-20.67,0.3365255892276764,-7.441582233235374,-0.06403674930334091,-2.352669103030396
2024-03-25 10:00:00+00:00,-0.96,0.3510671555995941,-1.0220825407192966,-0.0333419069647789,-4.3745031579753
2024-03-25 11:00:00+00:00,-12.24,0.3772136867046356,-3.0709196783760944,-0.011630706489086151,-4.748046226554441
2024-03-25 12:00:00+00:00,6.12,0.4080452024936676,5.323055315726952,0.004880107473582029,-1.099481169632433
2024-03-25 13:00:00+00:00,3.42,0.45217612385749817,3.3468275599280917,0.028816379606723785,-1.8997887151550845
2024-03-25 14:00:00+00:00,5.16,0.49979493021965027,3.9950094284318096,0.04818377643823624,-2.1455667713507465
2024-03-25 15:00:00+00:00,15.19,0.5403159260749817,4.57367490906871,0.0675664022564888,3.063968664153789
2024-03-25 16:00:00+00:00,5.3,0.578361988067627,3.049716425740051,0.0771927610039711,-1.7199825251798215
2024-03-25 17:00:00+00:00,6.82,0.6157508492469788,3.916506291437448,0.11049551516771317,2.9783318482675076
2024-03-25 18:00:00+00:00,0.29,0.6397764086723328,0.11359725406298266,0.13428086042404175,-0.3634887766182616
2024-03-26 10:00:00+00:00,2.72,0.6566644906997681,1.1226614745768368,0.1566137969493866,2.202543514717062
2024-03-26 11:00:00+00:00,1.48,0.671843409538269,0.8929467009061547,0.17962220311164856,3.490426767692071
2024-03-26 12:00:00+00:00,-7.17,0.6946414709091187,-3.26732957697116,0.19965383410453796,1.957935104324108
2024-03-26 13:00:00+00:00,1.12,0.7000863552093506,0.12435957972157133,0.21574071049690247,3.5125142584237286
2024-03-26 14:00:00+00:00,3.97,0.6986267566680908,1.8915501985113716,0.22789737582206726,1.6020855268057326
2024-03-26 15:00:00+00:00,-2.33,0.6966979503631592,0.10144438537114296,0.23168209195137024,1.01873460101743
2024-03-26 16:00:00+00:00,4.79,0.6922872066497803,2.5593843846733306,0.23378244042396545,-1.0911453236880049
2024-03-26 17:00:00+00:00,-0.96,0.7098507881164551,-0.15570057165468976,0.29316315054893494,0.21913809346467195
2024-03-26 18:00:00+00:00,5.64,0.7262189388275146,1.778990906010116,0.33575883507728577,1.0652758574284682
2024-03-27 10:00:00+00:00,-3.49,0.7378221750259399,-1.8725921608697285,0.3661837875843048,-2.629666363016895
2024-03-27 11:00:00+00:00,-2.24,0.7392076253890991,-0.8843522844333445,0.3933999836444855,1.7800883606024502
2024-03-27 12:00:00+00:00,-1.53,0.7497599124908447,-1.1674249249672297,0.4086308777332306,-1.203047574336244
2024-03-27 13:00:00+00:00,-1.62,0.7599790096282959,-0.5061641118719272,0.4255872070789337,2.4366308451959737
2024-03-27 14:00:00+00:00,0.42,0.7646082639694214,0.4122395178196063,0.4384622275829315,-1.332955490013287
2024-03-27 15:00:00+00:00,8.11,0.7695848941802979,2.371279630095834,0.4498692452907562,0.396057607644263
2024-03-27 16:00:00+00:00,4.67,0.7798625230789185,2.717561945620611,0.4578166902065277,-2.5893640430349922
2024-03-27 17:00:00+00:00,8.59,0.7872222661972046,2.040756433853902,0.48788514733314514,-1.6479298292142988
2024-03-27 18:00:00+00:00,1.28,0.7898831367492676,0.6132139651128399,0.511192262172699,-0.5802258989955384
2024-03-28 10:00:00+00:00,3.37,0.789401650428772,1.4206583860219,0.5312026143074036,0.49648747101563984
2024-03-28 11:00:00+00:00,-1.78,0.7908065319061279,-0.33234943286653723,0.5446168780326843,1.0377549923731169
2024-03-28 12:00:00+00:00,-1.88,0.7886258363723755,0.22824408228557086,0.565777599811554,2.8060966755288916
2024-03-28 13:00:00+00:00,2.21,0.7889291048049927,1.3173908865317818,0.5866034626960754,2.977593936583715
2024-03-28 14:00:00+00:00,-1.7,0.7760814428329468,0.4211024830676611,0.5975733399391174,0.715313562381522
2024-03-28 15:00:00+00:00,0.42,0.7664637565612793,0.38323132987075864,0.6492463946342468,4.053523306608481
2024-03-28 16:00:00+00:00,1.3,0.7607874870300293,1.3281676015856583,0.6844197511672974,1.3448181670737067
2024-03-28 17:00:00+00:00,5.46,0.760109543800354,1.7424727934430575,0.7369942665100098,1.354037068619951
2024-03-28 18:00:00+00:00,-4.51,0.7522190809249878,-0.333039602980738,0.7607482671737671,-0.16344963254356099
2024-03-29 10:00:00+00:00,0.91,0.7386902570724487,1.4290989734585813,0.7630828619003296,3.3880272003243266
2024-03-29 11:00:00+00:00,3.87,0.7221885919570923,2.032440412094729,0.7482006549835205,1.7198383672893747
2024-03-29 12:00:00+00:00,2.73,0.6985424757003784,2.014935805595092,0.76322340965271,2.2339072106536495
2024-03-29 13:00:00+00:00,1.52,0.6695821285247803,1.5232912054180803,0.798937201499939,2.773922963031565
2024-03-29 14:00:00+00:00,5.0,0.6454814672470093,2.3445399791153614,0.8207734823226929,4.009447161157817
2024-03-29 15:00:00+00:00,0.19,0.6207205653190613,0.19243814639540024,0.8226431608200073,2.031557891070906
2024-03-29 16:00:00+00:00,1.62,0.6033320426940918,1.6744717687534303,0.8371905088424683,2.596950125395039
2024-03-29 17:00:00+00:00,8.43,0.5985667109489441,2.8353148899484006,0.8316731452941895,1.3573449206134383
2024-03-29 18:00:00+00:00,27.13,0.5955842733383179,2.2889750370638127,0.8239222764968872,5.351725410542542
2024-04-01 10:00:00+00:00,-1.67,0.590123176574707,-1.709215084389946,0.8064155578613281,2.946788319449838
2024-04-01 11:00:00+00:00,0.62,0.575168251991272,0.5498333811979738,0.8031297922134399,4.279855699819256
2024-04-01 12:00:00+00:00,-2.78,0.5604459047317505,0.07286048027876131,0.8016449213027954,1.374533224310205
2024-04-01 13:00:00+00:00,-2.35,0.5347848534584045,-0.5626159352314088,0.8298683166503906,0.4662570918043334
2024-04-01 14:00:00+00:00,7.0,0.5098499059677124,1.363359477029897,0.8519419431686401,1.1572089584473189
2024-04-01 15:00:00+00:00,2.8,0.4974239766597748,1.2419206373249145,0.8631550073623657,-0.4156459111175803
2024-04-01 16:00:00+00:00,2.69,0.49369850754737854,1.1409458924610167,0.8730466365814209,3.8565214677229855
2024-04-01 17:00:00+00:00,-2.68,0.4829780161380768,-1.346671364347427,0.8731248378753662,1.0007487470373884
2024-04-01 18:00:00+00:00,2.87,0.4642219841480255,0.8819415104981325,0.8460999727249146,3.5794856330981837
2024-04-02 10:00:00+00:00,-1.39,0.45119187235832214,-1.0119410830513025,0.8355730772018433,-0.6677826786464223
2024-04-02 11:00:00+00:00,-2.19,0.4341336786746979,-0.9262888991395998,0.8332977294921875,2.581709873301824
2024-04-02 12:00:00+00:00,0.68,0.4183516204357147,0.42943201388435276,0.8375734090805054,5.54370867464905
2024-04-02 13:00:00+00:00,2.7,0.40537676215171814,1.5261049177208397,0.8323719501495361,3.8990691679604015
2024-04-02 14:00:00+00:00,-0.52,0.38531604409217834,0.9704602275426788,0.8282620906829834,-0.580789613895685
2024-04-02 15:00:00+00:00,-2.55,0.368692547082901,0.023653991316718116,0.8511683940887451,1.2901580218773119
2024-04-02 16:00:00+00:00,5.62,0.3493609130382538,1.9176066638874205,0.8417643308639526,-0.21501214740429944
2024-04-02 17:00:00+00:00,2.78,0.3365432918071747,1.959034644844832,0.8665251731872559,3.655501096997128
2024-04-02 18:00:00+00:00,18.91,0.3013823330402374,1.4264126926024259,0.867222785949707,1.11878256559925
2024-04-03 10:00:00+00:00,-4.22,0.2702774703502655,-2.882932328526536,0.8848782777786255,5.056098126619341
2024-04-03 11:00:00+00:00,0.76,0.24232760071754456,0.05133961245669062,0.9032789468765259,2.9275672901554435
2024-04-03 12:00:00+00:00,-3.66,0.21772852540016174,-0.9124025038999257,0.9189771413803101,1.6122041877292417
2024-04-03 13:00:00+00:00,-1.69,0.19598183035850525,-0.5376193260008757,0.94118332862854,6.061555264735217
2024-04-03 14:00:00+00:00,-0.12,0.18437960743904114,0.09429099361201235,0.9493906497955322,1.9837821869294863
2024-04-03 15:00:00+00:00,8.05,0.1783997118473053,1.2112725696078868,0.9658002853393555,1.567420710567624
2024-04-03 16:00:00+00:00,5.76,0.17996683716773987,2.0534794000871464,0.9704898595809937,2.4981935771691517
2024-04-03 17:00:00+00:00,0.51,0.17897406220436096,0.6846632752564066,0.9621061086654663,3.098509460288368
2024-04-03 18:00:00+00:00,4.12,0.17976608872413635,1.2265759327113452,0.9571704864501953,1.279432906748432
2024-04-04 10:00:00+00:00,1.29,0.1780359447002411,1.371040760504937,0.9455677270889282,4.247340330079358
2024-04-04 11:00:00+00:00,3.1,0.1807895004749298,1.1849421445434816,0.9426015615463257,2.1840726490997917
2024-04-04 12:00:00+00:00,-2.19,0.17103895545005798,-1.0758283657424503,0.9352123737335205,2.6539292587430685
2024-04-04 13:00:00+00:00,-1.14,0.1593952476978302,-0.42010178228524786,0.9225256443023682,1.7351559982801001
2024-04-04 14:00:00+00:00,0.77,0.13868045806884766,0.6683135536387874,0.9117529392242432,4.236590710307543
2024-04-04 15:00:00+00:00,-0.37,0.131512850522995,0.4628921261476724,0.8978819847106934,0.9890098999372687
2024-04-04 16:00:00+00:00,4.6,0.11814058572053909,1.9929407082971347,0.8880734443664551,0.3298914380418315
2024-04-04 17:00:00+00:00,1.8,0.10385153442621231,1.3491661542797688,0.8687801361083984,1.4850870523943076
2024-04-04 18:00:00+00:00,-9.97,0.08320228010416031,-1.1932429744891087,0.8521623611450195,3.9088345541027465
2024-04-05 10:00:00+00:00,-0.25,0.06661013513803482,-0.23611897967791892,0.8317998647689819,1.1143014843254355
2024-04-05 11:00:00+00:00,-7.29,0.046788282692432404,-0.7807826579859887,0.8312690258026123,3.121101250765759
2024-04-05 12:00:00+00:00,-2.46,0.02786848694086075,-0.33512043793718194,0.8351376056671143,0.7623010712239666
2024-04-05 13:00:00+00:00,5.02,0.019624806940555573,2.925184626294796,0.8443635702133179,-4.20566791538784
2024-04-05 14:00:00+00:00,0.57,0.02398122102022171,0.4459394018343735,0.8360669612884521,2.2437614422930805
2024-04-05 15:00:00+00:00,-2.52,0.027018673717975616,-0.04354231536863233,0.810847282409668,0.4211909796089319
2024-04-05 16:00:00+00:00,5.89,0.03498486429452896,3.97490238385262,0.7733824253082275,0.12383460007445679
2024-04-05 17:00:00+00:00,-1.19,0.03929371386766434,1.2488585679786361,0.752913236618042,-0.5640160325929603
2024-04-05 18:00:00+00:00,20.62,0.0473354235291481,4.259839451988323,0.7352954149246216,0.14989667982760063
2024-04-08 10:00:00+00:00,3.47,0.04996255785226822,2.854301190576887,0.7193859815597534,2.4408304976089115
2024-04-08 11:00:00+00:00,2.28,0.04557371884584427,2.124343328161319,0.7103304862976074,1.0986014628197975
2024-04-08 12:00:00+00:00,-2.99,0.03966803103685379,-2.4140490006619815,0.6903688907623291,3.8433332723833074
2024-04-08 13:00:00+00:00,-4.34,0.03126991540193558,-1.433292601313741,0.6743321418762207,2.127960100376871
2024-04-08 14:00:00+00:00,3.61,0.02557394653558731,1.150922278687,0.6591472625732422,2.3730612369034207
2024-04-08 15:00:00+00:00,-0.83,0.02389795333147049,-0.10752235212526065,0.6461736559867859,-0.30353946921854263
2024-04-08 16:00:00+00:00,4.7,0.022426046431064606,1.665086978005712,0.6241428256034851,0.36629561135188327
2024-04-08 17:00:00+00:00,-4.51,0.014593519270420074,-1.295457659101777,0.6177194118499756,3.3585045286277233
2024-04-08 18:00:00+00:00,14.38,0.0065074036829173565,2.412910731414037,0.6089039444923401,2.7372572651688474
2024-04-09 10:00:00+00:00,6.54,-0.003089182311668992,1.235150806618556,0.6000915765762329,2.037362502266412
2024-04-09 11:00:00+00:00,-3.38,-0.013634197413921356,-0.5023913165200455,0.5909852385520935,0.6783554541892448
2024-04-09 12:00:00+00:00,1.38,-0.02526148408651352,0.14169916572254365,0.5914658308029175,-1.2056808258954983
2024-04-09 13:00:00+00:00,-10.81,-0.035164229571819305,-3.712414249548326,0.5794658064842224,0.09801573138384534
2024-04-09 14:00:00+00:00,-5.15,-0.04927664250135422,-1.8006885350816297,0.5731659531593323,1.4136743616088079
2024-04-09 15:00:00+00:00,4.42,-0.06001036614179611,1.9217640052406557,0.5553877949714661,-1.065285863078644
2024-04-09 16:00:00+00:00,-3.62,-0.06453897804021835,-0.7208719714288874,0.5354622006416321,-0.8940467531817116
2024-04-09 17:00:00+00:00,-6.88,-0.06058826297521591,0.16056747377081992,0.5141264200210571,-1.6849769558084304
2024-04-09 18:00:00+00:00,1.09,-0.059333883225917816,0.6143117628727666,0.49482622742652893,-7.530698423560958
2024-04-10 10:00:00+00:00,5.73,-0.05468418449163437,3.364832170193682,0.4739058315753937,-3.3843993758596556
2024-04-10 11:00:00+00:00,6.13,-0.050613902509212494,2.846351671623343,0.4486352503299713,-3.019754649196286
2024-04-10 12:00:00+00:00,9.46,-0.046773068606853485,1.81423757335448,0.43001434206962585,0.7573722466952211
2024-04-10 13:00:00+00:00,-0.89,-0.042646996676921844,0.016774879051205616,0.40273401141166687,1.6529153084605748
2024-04-10 14:00:00+00:00,-0.02,-0.04071038216352463,-0.05157261553219462,0.3796997368335724,0.19052153345431821
2024-04-10 15:00:00+00:00,-3.94,-0.04147496074438095,-0.2520007316869698,0.351998895406723,-2.2280668058228352
2024-04-10 16:00:00+00:00,4.81,-0.04835023730993271,1.5346038535887105,0.33367690443992615,-0.4207664983243904
2024-04-10 17:00:00+00:00,2.48,-0.055202238261699677,1.317142692519485,0.3012588918209076,3.696111830422109
2024-04-10 18:00:00+00:00,5.64,-0.0657447800040245,1.4703464392611316,0.2833726704120636,1.5024530067178001
2024-04-11 10:00:00+00:00,-4.05,-0.0750526711344719,-0.24535314803667468,0.2811547815799713,4.642939486752329
2024-04-11 11:00:00+00:00,-2.51,-0.08630412071943283,-1.0734794569814683,0.27415332198143005,-3.8991449887327687
2024-04-11 12:00:00+00:00,-0.16,-0.09776570647954941,-0.29828141308839573,0.2697851359844208,-2.225427688963146
2024-04-11 13:00:00+00:00,-3.18,-0.10692786425352097,-0.20635671760215016,0.27618637681007385,0.04756837319539731
2024-04-11 14:00:00+00:00,1.99,-0.11481649428606033,2.069718106476974,0.2841683328151703,-1.0550437790783678
2024-04-11 15:00:00+00:00,2.89,-0.11694104224443436,2.2358569158335517,0.2787267863750458,-0.4522212808632692
2024-04-11 16:00:00+00:00,2.09,-0.118984155356884,2.086708923759883,0.26616767048835754,-1.0749513792542236
2024-04-11 17:00:00+00:00,-2.29,-0.11782362312078476,0.37873743422326767,0.22876891493797302,-2.384004405138046
2024-04-11 18:00:00+00:00,12.5,-0.11804767698049545,3.3695362574178733,0.21383753418922424,-1.0944503002750534
2024-04-12 10:00:00+00:00,2.05,-0.12106234580278397,2.1247957506409403,0.2093316614627838,2.1154083776892265
2024-04-12 11:00:00+00:00,2.92,-0.1262582540512085,2.4010350017894355,0.21577027440071106,0.02091273993330417
2024-04-12 12:00:00+00:00,1.65,-0.13343001902103424,0.6558671062614134,0.23001262545585632,5.782984369707051
2024-04-12 13:00:00+00:00,-1.3,-0.137264683842659,-0.5933866310209399,0.24088189005851746,1.484637807268209
2024-04-12 14:00:00+00:00,-4.82,-0.1403307318687439,-0.2057222218737089,0.2410675585269928,0.6680280301248721
2024-04-12 15:00:00+00:00,6.96,-0.14240051805973053,2.6542142731318954,0.23357519507408142,1.7398206508177925
2024-04-12 16:00:00+00:00,4.3,-0.14462587237358093,2.564655537436748,0.22495374083518982,3.6128860434812946
2024-04-12 17:00:00+00:00,-7.55,-0.15066182613372803,-2.1088013711397284,0.21729573607444763,0.24157506777429516
2024-04-12 18:00:00+00:00,1.61,-0.15431827306747437,1.6518801217615868,0.2105322778224945,-1.833774795578506
2024-04-15 10:00:00+00:00,9.33,-0.15736347436904907,3.24179989035451,0.2097059190273285,0.4570721134178173
2024-04-15 11:00:00+00:00,2.76,-0.161508709192276,2.034276246349761,0.20856419205665588,-1.1365272951214196
2024-04-15 12:00:00+00:00,1.89,-0.16683849692344666,0.6883049243268811,0.21762141585350037,0.5960509993325179
2024-04-15 13:00:00+00:00,-2.68,-0.1697172075510025,-1.8676242800126222,0.21654090285301208,2.2098866552725482
2024-04-15 14:00:00+00:00,1.21,-0.1772865653038025,1.0718182580556148,0.21301493048667908,1.530367083828355
2024-04-15 15:00:00+00:00,4.19,-0.18129117786884308,2.448682204755917,0.21229460835456848,3.748564474853278
2024-04-15 16:00:00+00:00,1.57,-0.18699289858341217,1.3957477281070403,0.20715174078941345,-2.127832076884266
2024-04-15 17:00:00+00:00,-3.93,-0.19469507038593292,-2.2890013236175055,0.2228749692440033,2.673958425884585
2024-04-15 18:00:00+00:00,-3.42,-0.20869798958301544,-1.610386400965284,0.22595831751823425,-0.7207266919100668
2024-04-16 10:00:00+00:00,0.67,-0.22513990104198456,0.6890329173147722,0.24444815516471863,2.625289898949717
2024-04-16 11:00:00+00:00,1.86,-0.23817744851112366,0.3900059369654202,0.25456055998802185,-0.5011110650760232
2024-04-16 12:00:00+00:00,-2.07,-0.24431313574314117,-0.5954524238144546,0.27979061007499695,0.781518078305502
2024-04-16 13:00:00+00:00,-7.3,-0.24589167535305023,-2.6192818342782798,0.30520084500312805,0.5558588662172648
2024-04-16 14:00:00+00:00,0.56,-0.24369563162326813,0.5420545579442823,0.34225037693977356,-0.7338008115983652
2024-04-16 15:00:00+00:00,4.09,-0.23746487498283386,1.1662380146482427,0.3767428696155548,0.8670752147643195
2024-04-16 16:00:00+00:00,-4.92,-0.22793768346309662,-2.7213978064869333,0.40868231654167175,-1.0533774567553342
2024-04-16 17:00:00+00:00,1.28,-0.21493665874004364,1.0210861281553405,0.39736607670783997,-2.6260383305493202
2024-04-16 18:00:00+00:00,5.29,-0.19637300074100494,0.021323192525100704,0.3980421721935272,0.6752859057202805
2024-04-17 10:00:00+00:00,-8.72,-0.17659643292427063,-3.7277619200001544,0.4008317291736603,0.006361452378159604
2024-04-17 11:00:00+00:00,-8.78,-0.1609106957912445,-4.903949457276221,0.40947476029396057,-4.511977085475084
2024-04-17 12:00:00+00:00,4.96,-0.14416366815567017,0.4089331211257161,0.4339548647403717,-2.6228252609346177
2024-04-17 13:00:00+00:00,-8.12,-0.12446563690900803,-3.7854779596076447,0.44421902298927307,-1.1517014154287046
2024-04-17 14:00:00+00:00,4.59,-0.10396910458803177,2.290044430361545,0.4527539908885956,-1.396847210280498
2024-04-17 15:00:00+00:00,1.97,-0.08075907081365585,1.7589454366111188,0.45342543721199036,1.1182121101807911
2024-04-17 16:00:00+00:00,2.94,-0.059875570237636566,1.3635118856017254,0.45389339327812195,1.8363813884120435
2024-04-17 17:00:00+00:00,-3.0,-0.04068773239850998,-1.2831679811735075,0.4398600161075592,-4.197525546859555
2024-04-17 18:00:00+00:00,-7.53,-0.01959490031003952,-2.9202554934586886,0.4334193766117096,-2.340704903584463
2024-04-18 10:00:00+00:00,-1.47,0.0032651794608682394,-0.3473173544570742,0.42717328667640686,-4.626395314165636
2024-04-18 11:00:00+00:00,1.24,0.025904931128025055,1.0120433954487587,0.4216110408306122,-0.6482687594358036
2024-04-18 12:00:00+00:00,-5.66,0.046025343239307404,-2.2118589320585667,0.4206067621707916,-1.8114131915914657
2024-04-18 13:00:00+00:00,0.11,0.061169035732746124,0.15147048582056294,0.4298384487628937,-3.2355654845620094
2024-04-18 14:00:00+00:00,7.49,0.07918102294206619,4.304576683922167,0.4402081072330475,0.335594919278424
2024-04-18 15:00:00+00:00,1.23,0.09539110213518143,1.3662120557394835,0.448701947927475,-0.08698597581152337
2024-04-18 16:00:00+00:00,1.19,0.10625294595956802,1.3244326514344735,0.4618086516857147,-2.7179073224971195
2024-04-18 17:00:00+00:00,5.15,0.11550993472337723,2.9538248691467386,0.4847244918346405,-1.2635660677521328
2024-04-18 18:00:00+00:00,5.69,0.12691310048103333,2.8846030209019142,0.5033460259437561,1.4104745104252918
2024-04-19 10:00:00+00:00,-1.15,0.1366673707962036,-1.440993968926294,0.5096834897994995,1.3591495768376363
2024-04-19 11:00:00+00:00,-5.72,0.14554601907730103,-0.7674066363439975,0.5014063715934753,-2.9548755006599623
2024-04-19 12:00:00+00:00,3.64,0.1523798406124115,2.6559131148720314,0.5022290349006653,1.0318410237717655
2024-04-19 13:00:00+00:00,2.7,0.1579791009426117,2.7614478147058037,0.5014960169792175,1.3359840696003218
2024-04-19 14:00:00+00:00,6.26,0.16471078991889954,3.646416977841902,0.5064635872840881,0.9309285636283835
2024-04-19 15:00:00+00:00,1.97,0.17128655314445496,1.6796490454593949,0.499965101480484,2.350751448553339
2024-04-19 16:00:00+00:00,5.5,0.17711284756660461,2.1828812245308846,0.4873919188976288,-1.251201408697907
2024-04-19 17:00:00+00:00,-3.83,0.18113920092582703,-2.3412269958540177,0.48059627413749695,-0.35869224194873245
2024-04-19 18:00:00+00:00,2.11,0.1812267005443573,2.0914188822868756,0.47348442673683167,0.6057702357309532
2024-04-22 10:00:00+00:00,-1.0,0.17974445223808289,-0.45381512453205725,0.4727560579776764,0.3606246037637848
2024-04-22 11:00:00+00:00,1.12,0.17694082856178284,1.0905236368944637,0.4727008640766144,-0.14271741723810488
2024-04-22 12:00:00+00:00,1.57,0.17341521382331848,1.1941413647630807,0.4810205399990082,0.7533198385984176
2024-04-22 13:00:00+00:00,-6.24,0.16979685425758362,-1.8901066255135544,0.48821571469306946,-0.4129298572135663
2024-04-22 14:00:00+00:00,0.56,0.1656709611415863,0.3737750247015598,0.492962509393692,-2.425105086175347
2024-04-22 15:00:00+00:00,-0.29,0.16258659958839417,0.9644456190904489,0.5019007325172424,-2.1861150502281346
2024-04-22 16:00:00+00:00,9.27,0.15870115160942078,1.8417908548206439,0.5115891695022583,-1.2970510525058245
2024-04-22 17:00:00+00:00,1.19,0.16144809126853943,0.7767000033115883,0.4913516938686371,6.016519855035022
2024-04-22 18:00:00+00:00,-0.96,0.1632545292377472,-1.0125610297972365,0.46414151787757874,-0.488209886311113
2024-04-23 10:00:00+00:00,4.6,0.1683044731616974,-0.6916414071290604,0.44957229495048523,-2.895606701966149
2024-04-23 11:00:00+00:00,-12.04,0.17106887698173523,-2.95548973662794,0.43723252415657043,2.949272854160455
2024-04-23 12:00:00+00:00,-1.4,0.1742565929889679,-1.674945304817271,0.42301061749458313,-2.857361221790729
2024-04-23 13:00:00+00:00,-5.86,0.1764260232448578,-4.173124288337539,0.42661622166633606,-4.0809715189525155
2024-04-23 14:00:00+00:00,-9.69,0.18294939398765564,-5.890388636281234,0.4222160875797272,-1.3488812120221003
2024-04-23 15:00:00+00:00,-2.41,0.19559934735298157,-2.4108062369637557,0.4107173979282379,-0.7418081974555193
2024-04-23 16:00:00+00:00,2.52,0.2097526490688324,1.7539277143143845,0.4041005074977875,-4.007517443750962
2024-04-23 17:00:00+00:00,-14.51,0.2270418107509613,-7.212699238242538,0.40174177289009094,-1.8571721722325494
2024-04-23 18:00:00+00:00,1.35,0.2471989095211029,0.11858560576020177,0.38932666182518005,-3.358924178637705
2024-04-24 10:00:00+00:00,-9.3,0.27157214283943176,-6.380799224851326,0.37618663907051086,-2.678266173669893
2024-04-24 11:00:00+00:00,1.76,0.2961615025997162,0.8574346852728072,0.3623947203159332,0.4941539936603029
2024-04-24 12:00:00+00:00,-4.5,0.31504198908805847,-2.8060096711985962,0.3508822023868561,-4.566645863915281
2024-04-24 13:00:00+00:00,10.55,0.33194223046302795,0.3101605545094268,0.34603366255760193,1.1437974567649678
2024-04-24 14:00:00+00:00,-8.38,0.3507026135921478,-4.584268091168771,0.32797154784202576,1.3161682632672609
2024-04-24 15:00:00+00:00,6.12,0.3690650761127472,2.2185331870482905,0.30857911705970764,-4.63703496018422
2024-04-24 16:00:00+00:00,-3.86,0.38569048047065735,-2.707275852075244,0.29160580039024353,1.2776724992830766
2024-04-24 17:00:00+00:00,-4.23,0.399090439081192,-2.6307378131757213,0.2821829617023468,-2.6481378404779887
2024-04-24 18:00:00+00:00,-1.79,0.411283940076828,-1.5827583945576555,0.2726612389087677,-0.30243300160467945
2024-04-25 10:00:00+00:00,7.02,0.42149683833122253,3.5353121982158435,0.2554211914539337,0.5555389744003352
2024-04-25 11:00:00+00:00,0.5,0.4329681098461151,0.4442891721262007,0.23486581444740295,1.657918355497068
2024-04-25 12:00:00+00:00,-0.45,0.43914076685905457,-0.1627592318056038,0.2153078019618988,-0.9538052987646115
2024-04-25 13:00:00+00:00,-1.59,0.44168344140052795,-0.48255812857108654,0.20082202553749084,0.6987574873621551
2024-04-25 14:00:00+00:00,0.29,0.4440113604068756,0.25047231371157536,0.1800171434879303,0.9805832969690689
2024-04-25 15:00:00+00:00,4.32,0.4433532655239105,2.7598846793837275,0.15859249234199524,-0.9908730483040071
2024-04-25 16:00:00+00:00,3.52,0.439698189496994,2.76859153888463,0.14604690670967102,1.8473518114917433
2024-04-25 17:00:00+00:00,-0.99,0.4318878948688507,0.16700813217390514,0.12047974020242691,-0.9094418286278443
2024-04-25 18:00:00+00:00,11.42,0.42089757323265076,4.758844020834471,0.09901029616594315,0.8544252132481862
2024-04-26 10:00:00+00:00,6.59,0.4107406437397003,1.9826521141798978,0.08370239287614822,4.102166337201778
2024-04-26 11:00:00+00:00,-5.32,0.3996332585811615,-4.105626149569144,0.06380928307771683,1.355555092265432
2024-04-26 12:00:00+00:00,-3.21,0.38481202721595764,-2.457369788098959,0.05133611708879471,3.1921533103103945
2024-04-26 13:00:00+00:00,-8.7,0.3706386387348175,-3.5778079709539354,0.04057840257883072,0.38459703302248827
2024-04-26 14:00:00+00:00,1.15,0.35610684752464294,1.142571932569621,0.03178159147500992,-1.4741015428141202
2024-04-26 15:00:00+00:00,5.18,0.34108105301856995,2.7845111031022762,0.016707666218280792,-0.8922684163069463
2024-04-26 16:00:00+00:00,3.47,0.3265094459056854,2.840722695143357,-0.0003122019988950342,0.6833636551872988
2024-04-26 17:00:00+00:00,-0.57,0.30853506922721863,0.0479279372216731,-0.015668384730815887,-4.445254388298116
2024-04-26 18:00:00+00:00,8.81,0.29128310084342957,3.5530030633163743,-0.028779082000255585,0.34660794478489243
2024-04-27 10:00:00+00:00,-2.14,0.27106359601020813,-1.957401373815781,-0.051150523126125336,4.274407534272536
2024-04-27 11:00:00+00:00,-1.15,0.2496865689754486,-1.293611659949635,-0.06614338606595993,-4.011709386886592
2024-04-27 12:00:00+00:00,-0.1,0.2295266091823578,0.3816284596180572,-0.06588181108236313,0.7066592927607349
2024-04-27 13:00:00+00:00,2.72,0.21018317341804504,1.6917268385784585,-0.0767999216914177,3.260704864752285
2024-04-27 14:00:00+00:00,0.7,0.1950937807559967,0.6601571702708606,-0.0992397591471672,0.8234648438368326
2024-04-27 15:00:00+00:00,-2.14,0.1854199469089508,-1.4825632668684368,-0.12020044773817062,0.29115541261980515
2024-04-27 16:00:00+00:00,9.31,0.18127325177192688,4.889196718068975,-0.14974752068519592,1.3427142927761424
2024-04-27 17:00:00+00:00,0.07,0.17806574702262878,-0.03263556520233106,-0.18432652950286865,0.8471816606626326
2024-04-27 18:00:00+00:00,9.7,0.17877402901649475,2.534614257479203,-0.2174849808216095,0.6212511152515604
2024-04-29 10:00:00+00:00,-3.64,0.1765560805797577,-3.5415428071284065,-0.2391786277294159,1.7104569276658994
2024-04-29 11:00:00+00:00,2.98,0.17109104990959167,1.9371397060947804,-0.26193293929100037,1.0981049110236945
2024-04-29 12:00:00+00:00,3.75,0.17079541087150574,2.1456535234476934,-0.28195884823799133,-0.1234924679040649
2024-04-29 13:00:00+00:00,-3.8,0.17172017693519592,-2.1298452834544963,-0.3008430600166321,0.049588721879143816
2024-04-29 14:00:00+00:00,1.96,0.1721191108226776,1.7811670831353115,-0.3254760801792145,0.7198321125312965
2024-04-29 15:00:00+00:00,2.13,0.171393483877182,1.3382048665728188,-0.348168283700943,4.876845416094069
2024-04-29 16:00:00+00:00,-2.05,0.1713758409023285,-1.4621935065130685,-0.3702218234539032,-0.36690617706313433
2024-04-29 17:00:00+00:00,1.2,0.17425724864006042,0.06528278391023326,-0.37807926535606384,2.2079077470149953
2024-04-29 18:00:00+00:00,-4.63,0.1769692599773407,-2.2898318179542065,-0.39048516750335693,1.6554345787320701
2024-04-30 10:00:00+00:00,-2.4,0.1787162721157074,-2.0326160397230377,-0.402174174785614,0.4264077937763484
2024-04-30 11:00:00+00:00,1.37,0.1777534782886505,0.5368206187054647,-0.41252318024635315,-1.9580986495669506
2024-04-30 12:00:00+00:00,-1.93,0.17875024676322937,-1.5152014911456395,-0.4206209182739258,1.7759217542335533
2024-04-30 13:00:00+00:00,-0.71,0.1803252398967743,-0.7179002664561089,-0.43399664759635925,-0.4005228089388516
2024-04-30 14:00:00+00:00,-1.49,0.1870153248310089,-1.549983940750135,-0.4404335618019104,-1.8901652571305174
2024-04-30 15:00:00+00:00,-2.19,0.1986716091632843,-1.7456172625400515,-0.44094404578208923,-3.5359075382252865
2024-04-30 16:00:00+00:00,3.97,0.20930925011634827,2.0294710215211578,-0.455143004655838,-2.1553090832098265
2024-04-30 17:00:00+00:00,-0.24,0.22448578476905823,-0.15598032485130245,-0.46349483728408813,0.5478930615591154
2024-04-30 18:00:00+00:00,5.67,0.2380642592906952,0.4275129698013814,-0.48529139161109924,-1.447854062458026
2024-05-02 10:00:00+00:00,-5.11,0.2541941702365875,-4.201872904684378,-0.49005427956581116,0.39764393507044604
2024-05-02 11:00:00+00:00,-3.95,0.2593739926815033,-3.0716950901519824,-0.5024940967559814,-2.468102797049175
2024-05-02 12:00:00+00:00,-2.51,0.25780948996543884,-3.472624404331673,-0.5071879625320435,-7.022973815991243
2024-05-02 13:00:00+00:00,2.02,0.25220009684562683,-0.8367142073251923,-0.49390482902526855,-6.117324554529365
2024-05-02 14:00:00+00:00,-8.4,0.2482459843158722,-6.7620219049346515,-0.4872201085090637,0.3507291684982933
2024-05-02 15:00:00+00:00,-10.3,0.2400243580341339,-10.349328920493745,-0.49338051676750183,-5.034679099100047
2024-05-02 16:00:00+00:00,-0.09,0.23587408661842346,-0.051228701925387726,-0.4919881820678711,-2.6785838075214716
2024-05-02 17:00:00+00:00,-4.33,0.23499712347984314,-4.28909493960385,-0.49204567074775696,-5.072075811486879
2024-05-02 18:00:00+00:00,-9.62,0.23658487200737,-7.2460955378478795,-0.48427557945251465,-2.03535604760212
2024-05-03 10:00:00+00:00,-7.35,0.23905476927757263,-5.223353063252323,-0.4825572669506073,-2.8891005751744143
2024-05-03 11:00:00+00:00,5.31,0.24059054255485535,5.1361756355898205,-0.4706130027770996,0.12659381152844912
2024-05-03 12:00:00+00:00,4.96,0.2438431680202484,4.869022119830473,-0.4659880995750427,4.594483933311239
2024-05-03 13:00:00+00:00,2.88,0.2456163465976715,2.71825469568392,-0.4752103090286255,-4.249738721147033
2024-05-03 14:00:00+00:00,5.55,0.25059548020362854,4.058574885942822,-0.4727676510810852,-0.8812318859826794
2024-05-03 15:00:00+00:00,4.41,0.2504105865955353,3.0529270216950444,-0.48234686255455017,-2.7486414648442357
2024-05-03 16:00:00+00:00,-1.17,0.24590280652046204,-1.1763444161784085,-0.4866429567337036,3.6097146917845433
2024-05-03 17:00:00+00:00,-6.03,0.23774227499961853,-3.375615071213525,-0.48077917098999023,-3.1154761204178265
2024-05-03 18:00:00+00:00,-2.5,0.22819384932518005,-2.7037138902687317,-0.47037214040756226,1.7180842200036488
2024-05-06 10:00:00+00:00,-9.17,0.217317134141922,-5.702872756860757,-0.4656270742416382,-0.6166070982136369
2024-05-06 11:00:00+00:00,-5.02,0.20357462763786316,-3.425960398690982,-0.4615534842014313,-2.7917250097380317
2024-05-06 12:00:00+00:00,6.91,0.19521114230155945,4.335086478394943,-0.44519874453544617,1.6556355275447654
2024-05-06 13:00:00+00:00,5.82,0.18989750742912292,2.7251585375378395,-0.44007253646850586,-0.394433373788979
2024-05-06 14:00:00+00:00,-0.84,0.19137534499168396,-0.18579127149087782,-0.4306721091270447,1.3801631062725808
2024-05-06 15:00:00+00:00,-1.12,0.19357731938362122,-1.081726771209028,-0.43249160051345825,0.9730226106607294
2024-05-06 16:00:00+00:00,5.28,0.19318345189094543,0.8199742060174269,-0.4362783432006836,-3.324860809366424
2024-05-06 17:00:00+00:00,-5.08,0.19866201281547546,-1.8020967695435102,-0.44298431277275085,2.632402668351786
2024-05-06 18:00:00+00:00,-15.92,0.20262601971626282,-5.159857840909006,-0.46131548285484314,-3.9468324287933356
2024-05-07 10:00:00+00:00,4.48,0.20217278599739075,3.040845247476051,-0.46818989515304565,3.162994488270939
2024-05-07 11:00:00+00:00,-2.98,0.19342616200447083,-1.0723399011039145,-0.48548799753189087,2.7241930473221725
2024-05-07 12:00:00+00:00,-0.79,0.18256977200508118,-0.1717861775109198,-0.5001440048217773,-0.44668284452241774
2024-05-07 13:00:00+00:00,-1.79,0.17387953400611877,-0.4495619924836568,-0.5076858401298523,-1.9337393297642604
2024-05-07 14:00:00+00:00,0.73,0.1655503213405609,0.6971950705513701,-0.5084067583084106,-3.7480429977206864
2024-05-07 15:00:00+00:00,2.87,0.1593884527683258,1.552609829662157,-0.5130431652069092,-2.57937832238942
2024-05-07 16:00:00+00:00,4.59,0.15089234709739685,1.9074897822014552,-0.5167378783226013,-2.8429860981268207
2024-05-07 17:00:00+00:00,0.37,0.1445004642009735,0.4897369488778587,-0.5231431722640991,1.8817908611858192
2024-05-07 18:00:00+00:00,8.5,0.13774922490119934,2.220910018495383,-0.5422872304916382,0.12220039245809738
2024-05-08 10:00:00+00:00,-1.95,0.12526434659957886,-1.080077391078786,-0.5527517795562744,1.2743914814301887
2024-05-08 11:00:00+00:00,-2.08,0.10793469101190567,-0.8405709387212643,-0.560052752494812,1.2499867855783762
2024-05-08 12:00:00+00:00,3.17,0.09172431379556656,0.7863709612280201,-0.5685765147209167,-1.4347206937068357
2024-05-08 13:00:00+00:00,-1.08,0.0764053538441658,-0.5494516190855563,-0.5759890079498291,-1.2510729402325738
2024-05-08 14:00:00+00:00,0.31,0.06293211132287979,0.1411165298171453,-0.5798234343528748,0.2803743905020497
2024-05-08 15:00:00+00:00,-0.55,0.05184442549943924,-0.2544131387605453,-0.589749276638031,2.201292351432178
2024-05-08 16:00:00+00:00,0.14,0.04348740726709366,0.08223538249061757,-0.6036619544029236,1.8394100270270712
2024-05-08 17:00:00+00:00,-1.53,0.03787562996149063,-1.0037062759229478,-0.6169715523719788,-0.24032284439394713
2024-05-08 18:00:00+00:00,15.74,0.029988862574100494,2.1604376773760188,-0.6269106268882751,0.01207559717372736
2024-05-10 10:00:00+00:00,-2.37,0.01995743066072464,-1.5196910356154343,-0.6399069428443909,1.2859773374250698
2024-05-10 11:00:00+00:00,3.43,0.007150001358240843,1.6444182170717292,-0.6557919979095459,-1.1255244984833033
2024-05-10 12:00:00+00:00,1.76,-0.0081954225897789,1.043171022911529,-0.6690619587898254,1.552452895347371
2024-05-10 13:00:00+00:00,-1.2,-0.023566536605358124,-0.4149469877313049,-0.6852815747261047,1.3414532400243928
2024-05-10 14:00:00+00:00,-0.13,-0.0364389643073082,-0.04163906218902228,-0.7133074998855591,0.13228181272959244
2024-05-10 15:00:00+00:00,0.27,-0.050569407641887665,0.197105527422785,-0.7343222498893738,2.2008940007422813
2024-05-10 16:00:00+00:00,0.86,-0.06566264480352402,-0.6328029152007242,-0.7610334157943726,3.699798726760246
2024-05-10 17:00:00+00:00,-1.12,-0.08468332141637802,-0.691327714954074,-0.7862815856933594,1.9095956822863966
2024-05-10 18:00:00+00:00,13.48,-0.10507459193468094,2.5395985607891634,-0.8112945556640625,-1.133925019926993
2024-05-13 10:00:00+00:00,1.03,-0.12692174315452576,-0.7525352853381642,-0.8333774209022522,1.2434533403858135
2024-05-13 11:00:00+00:00,-3.81,-0.1588282734155655,-2.368056997297523,-0.8577976822853088,-2.1144770450937402
2024-05-13 12:00:00+00:00,0.29,-0.1928088217973709,-0.4289217937218911,-0.8845445513725281,-3.1278962476112975
2024-05-13 13:00:00+00:00,-3.0,-0.22751674056053162,-2.6381850304186862,-0.9075055122375488,3.30314377942949
2024-05-13 14:00:00+00:00,-3.77,-0.26254814863204956,-2.6316567324499984,-0.928518533706665,-1.1612990747330674
2024-05-13 15:00:00+00:00,1.58,-0.2982953190803528,1.180890115886177,-0.9451963305473328,-1.255012027246813
2024-05-13 16:00:00+00:00,6.37,-0.3307146430015564,2.7759890465224992,-0.9709566831588745,0.5667982548650634
2024-05-13 17:00:00+00:00,-4.84,-0.361528605222702,-1.3019268157992625,-1.008151650428772,0.07775063528016563
2024-05-13 18:00:00+00:00,5.89,-0.39134758710861206,2.0278081172343287,-1.0539301633834839,-3.2984388406778784
2024-05-14 10:00:00+00:00,-4.67,-0.42199498414993286,-3.157829212856245,-1.0951358079910278,3.578703649840854
2024-05-14 11:00:00+00:00,2.41,-0.4521788954734802,1.5808208440494709,-1.1457737684249878,0.5588428403916884
2024-05-14 12:00:00+00:00,-1.44,-0.48398733139038086,-0.8304002069700624,-1.1804180145263672,0.1976616089920341
2024-05-14 13:00:00+00:00,2.53,-0.5227505564689636,2.0653125571896243,-1.2189466953277588,-2.351344993181831
2024-05-14 14:00:00+00:00,1.28,-0.5690829157829285,1.631486449769336,-1.2330275774002075,-0.9075508333165838
2024-05-14 15:00:00+00:00,3.13,-0.6205871105194092,2.3697357570707456,-1.2607635259628296,0.9434922301461126
2024-05-14 16:00:00+00:00,-4.33,-0.6694359183311462,-1.5972049752098523,-1.279299020767212,-1.2836117176102166
2024-05-14 17:00:00+00:00,2.02,-0.7267687320709229,1.4971069671056245,-1.290043830871582,0.9163094923112989
2024-05-14 18:00:00+00:00,7.21,-0.7740769386291504,2.614991092117733,-1.2850145101547241,4.189047741624351
2024-05-15 10:00:00+00:00,-4.4,-0.8117302060127258,-2.1200343046182226,-1.2910127639770508,2.985082763272814
2024-05-15 11:00:00+00:00,2.71,-0.8531638979911804,1.2666265291017282,-1.307982087135315,1.3494434541867537
2024-05-15 12:00:00+00:00,-3.13,-0.8878811001777649,-0.5954460850430152,-1.3252671957015991,4.914493180491727
2024-05-15 13:00:00+00:00,1.18,-0.9128313660621643,1.2869573948733928,-1.3522356748580933,-0.6757867297129154
2024-05-15 14:00:00+00:00,2.31,-0.935594379901886,2.154497733135746,-1.3674869537353516,0.9815389172365261
2024-05-15 15:00:00+00:00,2.98,-0.9531623125076294,2.361898220188811,-1.3862627744674683,-2.953811812484693
2024-05-15 16:00:00+00:00,2.8,-0.9660621285438538,2.297664705557542,-1.4032343626022339,1.9921398844531772
2024-05-15 17:00:00+00:00,-4.87,-0.9793692231178284,-1.27848771722333,-1.4174641370773315,2.526308547114211
2024-05-15 18:00:00+00:00,7.8,-0.9948326945304871,2.2774616556809906,-1.437302589416504,2.691158354672763
2024-05-16 10:00:00+00:00,1.51,-1.0120669603347778,1.3821299538028269,-1.4390159845352173,1.1022278215745167
2024-05-16 11:00:00+00:00,1.38,-1.0325623750686646,1.5897875965489001,-1.4394460916519165,0.8728406840673701
2024-05-16 12:00:00+00:00,1.15,-1.0466270446777344,1.3371452439637184,-1.4406116008758545,3.3541341924909354
2024-05-16 13:00:00+00:00,1.27,-1.0528795719146729,1.5078225056333943,-1.4513256549835205,2.0476099995771575
2024-05-16 14:00:00+00:00,2.02,-1.0585404634475708,2.007517553702624,-1.4623572826385498,3.332513232809572
2024-05-16 15:00:00+00:00,3.53,-1.0588765144348145,1.209840603259476,-1.475448489189148,1.8844891240943855
2024-05-16 16:00:00+00:00,-0.01,-1.0616600513458252,-0.1403418503516735,-1.496111273765564,2.60409339827105
2024-05-16 17:00:00+00:00,-3.11,-1.0429712533950806,-1.5250888886033502,-1.4841917753219604,1.4954029880663233
2024-05-16 18:00:00+00:00,10.52,-1.0384984016418457,2.6864906503403825,-1.4840575456619263,1.6187971703746122
2024-05-17 10:00:00+00:00,-3.11,-1.045230746269226,-2.327231793852178,-1.4901469945907593,4.732841416913798
2024-05-17 11:00:00+00:00,0.55,-1.0538746118545532,0.43915156170074177,-1.5016562938690186,0.4036834499318792
2024-05-17 12:00:00+00:00,0.54,-1.0642246007919312,1.2655737277837538,-1.511532187461853,2.818306947874084
2024-05-17 13:00:00+00:00,2.6,-1.0754657983779907,1.6252899828029022,-1.5185586214065552,0.7543215646630805
2024-05-17 14:00:00+00:00,3.27,-1.0831048488616943,1.6299703647451043,-1.5247331857681274,4.011050579504087
2024-05-17 15:00:00+00:00,-1.25,-1.091174602508545,-1.2160015848378614,-1.53096342086792,3.8478192528814943
2024-05-17 16:00:00+00:00,7.06,-1.09896981716156,2.2824643678588408,-1.5418449640274048,3.559232787218187
2024-05-17 17:00:00+00:00,-4.55,-1.0981371402740479,-4.309728516125774,-1.5456273555755615,2.6323824711685044
2024-05-17 18:00:00+00:00,-0.86,-1.1022413969039917,-0.8509850918202968,-1.5503331422805786,0.5112018217616174
2024-05-20 10:00:00+00:00,-8.57,-1.106359839439392,-5.87689838236057,-1.5524245500564575,-0.5316052986915274
2024-05-20 11:00:00+00:00,-13.32,-1.1102553606033325,-6.597091519168182,-1.552212119102478,-1.3171250913688253
2024-05-20 12:00:00+00:00,-2.37,-1.1113895177841187,-2.562875941481673,-1.5495589971542358,-1.1982923769691118
2024-05-20 13:00:00+00:00,8.24,-1.114051342010498,1.799270342068251,-1.5457475185394287,0.6032077597097346
2024-05-20 14:00:00+00:00,-7.16,-1.1158554553985596,-5.290176330955868,-1.5476397275924683,1.1466088264424261
2024-05-20 15:00:00+00:00,3.17,-1.1130468845367432,-2.602610205794797,-1.549942970275879,-5.3600209107996495
2024-05-20 16:00:00+00:00,-1.44,-1.1142503023147583,-2.3704211967274045,-1.5439033508300781,-2.1671564789473012
2024-05-20 17:00:00+00:00,-11.49,-1.1026965379714966,-8.650359819149703,-1.5339717864990234,-1.95886259356271
2024-05-20 18:00:00+00:00,-33.84,-1.107648253440857,-17.72313231839806,-1.5304574966430664,-3.9461042672652047
2024-05-21 10:00:00+00:00,2.08,-1.11505126953125,2.1590100127957292,-1.5264390707015991,-1.0240657119919923
2024-05-21 11:00:00+00:00,2.3,-1.1225959062576294,2.2927115502158655,-1.5291942358016968,1.3355932783778641
2024-05-21 12:00:00+00:00,-3.02,-1.132905125617981,-2.253961228241317,-1.5375874042510986,-2.1757725681518796
2024-05-21 13:00:00+00:00,-2.62,-1.143020749092102,-3.855853615662099,-1.5434534549713135,-3.6853405276198283
2024-05-21 14:00:00+00:00,-9.68,-1.1498445272445679,-6.3738125359596305,-1.550421953201294,-0.7341040423135852
2024-05-21 15:00:00+00:00,-10.25,-1.1577047109603882,-8.536430811899832,-1.5634527206420898,-3.4273475255731793
2024-05-21 16:00:00+00:00,19.87,-1.1630297899246216,2.07953786275943,-1.5764182806015015,-3.181205343522897
2024-05-21 17:00:00+00:00,-4.55,-1.1496028900146484,-3.5866318624703797,-1.5827312469482422,0.08046889991747297
2024-05-21 18:00:00+00:00,12.99,-1.1490641832351685,2.20730290349106,-1.6043355464935303,1.2973719822382945
2024-05-22 10:00:00+00:00,5.19,-1.1486577987670898,2.7299230189444255,-1.6321803331375122,1.423494021264649
2024-05-22 11:00:00+00:00,-2.24,-1.1569269895553589,-1.1474902960173352,-1.667557954788208,0.23314810061825064
2024-05-22 12:00:00+00:00,-0.93,-1.161795735359192,-0.6268208208666108,-1.6835647821426392,0.2953433958301265
2024-05-22 13:00:00+00:00,-0.3,-1.1708704233169556,-0.38529277109568355,-1.6942673921585083,-3.448537400121828
2024-05-22 14:00:00+00:00,0.43,-1.1823372840881348,0.39124332686935953,-1.6983208656311035,4.8604326242946785
2024-05-22 15:00:00+00:00,-0.06,-1.1939947605133057,-0.13228212063805944,-1.7244813442230225,0.7484892407511321
2024-05-22 16:00:00+00:00,1.23,-1.2069519758224487,0.7311569057955889,-1.7402381896972656,1.7089038678316077
2024-05-22 17:00:00+00:00,-0.05,-1.2151894569396973,-0.25794948241905113,-1.7524538040161133,0.05353782433402127
2024-05-22 18:00:00+00:00,-24.35,-1.2257990837097168,-10.162554298551182,-1.7612770795822144,0.9991067617717282
2024-05-23 10:00:00+00:00,-0.2,-1.2309250831604004,-0.2292326287999921,-1.7825889587402344,-2.3024355603727367
2024-05-23 11:00:00+00:00,-1.15,-1.2370067834854126,-0.11061752743686247,-1.7950868606567383,-4.2857163179807625
2024-05-23 12:00:00+00:00,4.47,-1.2446342706680298,2.1865312703861743,-1.809152364730835,1.5406010011510722
2024-05-23 13:00:00+00:00,0.97,-1.2498060464859009,1.2142783349722162,-1.8292714357376099,-1.0647897148988634
2024-05-23 14:00:00+00:00,5.56,-1.2524945735931396,2.531877976739982,-1.8599613904953003,0.6840724951050381
2024-05-23 15:00:00+00:00,10.54,-1.2534968852996826,2.821182388783516,-1.8824104070663452,-3.5002033782345374
2024-05-23 16:00:00+00:00,3.22,-1.2568027973175049,1.4627880246767886,-1.9100852012634277,-2.0861503049746735
2024-05-23 17:00:00+00:00,-0.91,-1.2414782047271729,-1.4106052760169965,-1.917623519897461,1.4452010122557677
2024-05-23 18:00:00+00:00,-17.24,-1.2369364500045776,-7.074055519043785,-1.9339966773986816,-2.7769526686761834
2024-05-24 10:00:00+00:00,-4.6,-1.237301230430603,-4.563323553943523,-1.944388747215271,-0.9421317591925727
2024-05-24 11:00:00+00:00,0.81,-1.2372628450393677,-3.5454799697587513,-1.951839804649353,-0.48508666152581414
2024-05-24 12:00:00+00:00,-8.54,-1.2170228958129883,-4.9127837223336925,-1.9455230236053467,-6.168736143104424
2024-05-24 13:00:00+00:00,-29.57,-1.2114650011062622,-8.234928352586365,-1.9499437808990479,-5.2810317929494115
2024-05-24 14:00:00+00:00,1.28,-1.2071417570114136,1.3658025024002247,-1.949849009513855,-5.99817391871707
2024-05-24 15:00:00+00:00,16.38,-1.2071635723114014,5.789331715987013,-1.9566291570663452,0.33738904838526074
2024-05-24 16:00:00+00:00,4.7,-1.215155839920044,2.88440467035269,-1.97129487991333,-2.6653134584438325
2024-05-24 17:00:00+00:00,-9.51,-1.2073290348052979,-6.680219682373923,-1.968205451965332,-7.180215400752856
2024-05-24 18:00:00+00:00,-47.02,-1.2094018459320068,-16.584350522058863,-1.970169186592102,-6.557739908996382
2024-05-27 10:00:00+00:00,3.44,-1.2149200439453125,3.0069018826521425,-1.9641519784927368,2.2128075894974555
2024-05-27 11:00:00+00:00,-5.36,-1.228196620941162,-2.21004012232006,-1.9697633981704712,0.38303203871306857
2024-05-27 12:00:00+00:00,3.21,-1.2409052848815918,1.4923437147261716,-1.9705359935760498,0.3694960419942578
2024-05-27 13:00:00+00:00,-2.68,-1.2532943487167358,-2.5301578974002137,-1.9732253551483154,-1.1067640964429457
2024-05-27 14:00:00+00:00,-4.78,-1.265217900276184,-6.485851890760118,-1.974564790725708,-3.0035723432662684
2024-05-27 15:00:00+00:00,-13.8,-1.2757517099380493,-9.511348697530627,-1.975698471069336,-3.7159641487702473
2024-05-27 16:00:00+00:00,-21.67,-1.2891818284988403,-10.399343169743162,-1.9760991334915161,-5.481484828420783
2024-05-27 17:00:00+00:00,-8.62,-1.2908014059066772,-4.954328106960038,-1.9659531116485596,-3.185105683453722
2024-05-27 18:00:00+00:00,39.96,-1.2934849262237549,7.289403706894229,-1.9607871770858765,6.337276316493616
2024-05-28 10:00:00+00:00,-9.37,-1.3070694208145142,-4.922242757001308,-1.9657938480377197,-0.13779153658318782
2024-05-28 11:00:00+00:00,9.98,-1.3237701654434204,1.7378449230343425,-1.9707412719726562,-0.1408189598403594
2024-05-28 12:00:00+00:00,3.2,-1.3304646015167236,1.5853517336928233,-1.9735651016235352,0.3447822809087664
2024-05-28 13:00:00+00:00,2.03,-1.3343545198440552,-0.14579249580798917,-1.9823859930038452,-1.1484848661523903
2024-05-28 14:00:00+00:00,-9.86,-1.335629940032959,-7.058324630820332,-2.000481605529785,0.9314634278532667
2024-05-28 15:00:00+00:00,-12.83,-1.3332040309906006,-6.664372213158441,-2.031254291534424,4.831982434664594
2024-05-28 16:00:00+00:00,-4.41,-1.333384394645691,-4.515362464380457,-2.0819242000579834,5.459893864039357
2024-05-28 17:00:00+00:00,-15.01,-1.31675386428833,-6.314264449524865,-2.1046853065490723,2.039725822632148
2024-05-28 18:00:00+00:00,-0.56,-1.311396598815918,-1.0131773640250703,-2.133270740509033,0.3954789066177258
2024-05-29 10:00:00+00:00,-0.28,-1.300658106803894,-0.41422715631324564,-2.146183490753174,-0.4653984853508167
2024-05-29 11:00:00+00:00,-1.38,-1.2966082096099854,-1.310217047307104,-2.157426595687866,3.288052603827402
2024-05-29 12:00:00+00:00,0.08,-1.2931843996047974,-2.2192893539907703,-2.1749677658081055,-1.506781523392721
2024-05-29 13:00:00+00:00,-7.17,-1.2847915887832642,-3.6388589313495374,-2.1974399089813232,0.9535239835556568
2024-05-29 14:00:00+00:00,-6.56,-1.2824896574020386,-1.1657617270249323,-2.220482110977173,-4.542436327592824
2024-05-29 15:00:00+00:00,7.74,-1.2808833122253418,5.621835539601167,-2.240436315536499,1.5414435373514657
2024-05-29 16:00:00+00:00,8.33,-1.280758261680603,2.906697596251463,-2.259108304977417,-1.0711256572782064
2024-05-29 17:00:00+00:00,14.92,-1.2627224922180176,5.993885290289021,-2.250239133834839,5.253659682824391
2024-05-29 18:00:00+00:00,14.12,-1.2456368207931519,7.032862556966309,-2.249706745147705,2.6153646971757794
2024-05-30 10:00:00+00:00,-12.58,-1.2340476512908936,-4.790025570157817,-2.255430221557617,6.195047927089328
2024-05-30 11:00:00+00:00,-0.04,-1.2253371477127075,-1.6291512707731437,-2.266343832015991,0.39670806728869557
2024-05-30 12:00:00+00:00,-6.89,-1.2113908529281616,-4.114359122651118,-2.2661406993865967,-4.321229664461961
2024-05-30 13:00:00+00:00,-9.94,-1.1951467990875244,-5.331870682515798,-2.2673025131225586,-3.9694503542494983
2024-05-30 14:00:00+00:00,-3.32,-1.1780462265014648,-4.780052377723665,-2.2614123821258545,-0.8032408421739865
2024-05-30 15:00:00+00:00,2.02,-1.1639915704727173,-4.5075917131797585,-2.2600953578948975,0.7717024023353627
2024-05-30 16:00:00+00:00,-6.21,-1.1520099639892578,-6.363697964492834,-2.2657063007354736,-2.3989794798666826
2024-05-30 17:00:00+00:00,-13.01,-1.1320339441299438,-9.23610958417477,-2.259946584701538,-4.7440987259849
2024-05-30 18:00:00+00:00,-52.61,-1.1155649423599243,-15.093299488048165,-2.254171848297119,-5.511454012898764
2024-05-31 10:00:00+00:00,32.66,-1.1066604852676392,2.342713325101351,-2.251033067703247,-2.4343368897538302
2024-05-31 11:00:00+00:00,-16.87,-1.1061768531799316,-11.124189082898202,-2.251246929168701,-0.3707699392414888
2024-05-31 12:00:00+00:00,-11.55,-1.1031867265701294,-7.974452537783629,-2.2400262355804443,-0.5813588494220079
2024-05-31 13:00:00+00:00,16.25,-1.1036841869354248,-1.41079086091149,-2.230526924133301,0.1294582475871675
2024-05-31 14:00:00+00:00,-0.45,-1.1067663431167603,-5.1255055889841845,-2.2123568058013916,1.0734089159354956
2024-05-31 15:00:00+00:00,-11.55,-1.1081888675689697,-8.127923597356315,-2.1903934478759766,-4.53486992646617
2024-05-31 16:00:00+00:00,-2.43,-1.1102204322814941,-5.778688100831574,-2.1657397747039795,-5.476420514271867
2024-05-31 17:00:00+00:00,-18.44,-1.0920205116271973,-13.127226173542988,-2.1121582984924316,1.6107205710891703
2024-05-31 18:00:00+00:00,-25.56,-1.078708529472351,-16.47185299597183,-2.0715034008026123,3.441754167061737
2024-06-03 10:00:00+00:00,-23.21,-1.0670098066329956,-16.342692960089142,-2.0291974544525146,0.6988843241624467
2024-06-03 11:00:00+00:00,-3.7,-1.0660202503204346,-8.714928733970819,-1.9947879314422607,6.430692448707058
2024-06-03 12:00:00+00:00,-34.54,-1.0586973428726196,-9.457288686031568,-1.9568854570388794,-2.9770209396001994
2024-06-03 13:00:00+00:00,-35.31,-1.0498484373092651,-10.03769094452312,-1.9199984073638916,-5.9569440433587095
2024-06-03 14:00:00+00:00,26.73,-1.0403661727905273,9.511311809096721,-1.8756567239761353,4.317342782008322
2024-06-03 15:00:00+00:00,11.94,-1.0225799083709717,6.919783163977826,-1.8467161655426025,4.093766658871766
2024-06-03 16:00:00+00:00,20.84,-0.9999052882194519,8.123899138488248,-1.8284844160079956,1.7927297129632653
2024-06-03 17:00:00+00:00,-12.96,-0.9639898538589478,3.2422653204028116,-1.800100326538086,-6.582185605995757
2024-06-03 18:00:00+00:00,25.35,-0.9205687642097473,8.207158273420802,-1.766249179840088,-2.5732797888038905
2024-06-04 10:00:00+00:00,-18.67,-0.8718132376670837,-2.760765198102198,-1.7294039726257324,-5.078201386213842
2024-06-04 11:00:00+00:00,18.39,-0.8228033185005188,7.870383101703967,-1.6834015846252441,2.1493130071310143
2024-06-04 12:00:00+00:00,9.71,-0.7663435935974121,10.059549481443673,-1.6295676231384277,3.4266156178046
2024-06-04 13:00:00+00:00,9.97,-0.6985277533531189,9.50678137269969,-1.567199468612671,3.453429241214162
2024-06-04 14:00:00+00:00,8.7,-0.6332153081893921,7.931238354133079,-1.5272390842437744,0.9356483568140339
2024-06-04 15:00:00+00:00,-5.37,-0.5684805512428284,-1.0226477405094228,-1.4955205917358398,-1.3272173140393007
2024-06-04 16:00:00+00:00,8.65,-0.49657192826271057,6.268248084991025,-1.4564346075057983,-0.812558525623956
2024-06-04 17:00:00+00:00,-11.22,-0.39444977045059204,-3.230654201907729,-1.395615816116333,-0.6223842786967664
2024-06-04 18:00:00+00:00,22.25,-0.3065234124660492,11.258931702679204,-1.348763108253479,2.0502114834672787
2024-06-05 10:00:00+00:00,16.42,-0.22216087579727173,9.400955779221263,-1.3236271142959595,9.555727754379504
2024-06-05 11:00:00+00:00,8.29,-0.15272074937820435,4.354542930351929,-1.30692458152771,-3.639329578483474
2024-06-05 12:00:00+00:00,-5.85,-0.08773421496152878,-5.757073385759025,-1.2896931171417236,-6.080159050084201
2024-06-05 13:00:00+00:00,-11.75,-0.041866742074489594,-7.128078693899758,-1.2634751796722412,-0.2081353769432525
2024-06-05 14:00:00+00:00,-5.35,-0.0037431942764669657,-3.5477013599282485,-1.2362408638000488,0.9124521713154332
2024-06-05 15:00:00+00:00,3.47,0.04124904423952103,-1.0665146017036735,-1.2124522924423218,-3.7973666861429862
2024-06-05 16:00:00+00:00,10.15,0.08995483070611954,2.4774828895238676,-1.1892789602279663,2.202112165000564
2024-06-05 17:00:00+00:00,-12.32,0.1439393162727356,-5.211105966559862,-1.1184054613113403,-3.593202093482901
2024-06-05 18:00:00+00:00,-7.97,0.17039498686790466,-5.291861427062178,-1.068680763244629,-7.100456754267291
2024-06-06 10:00:00+00:00,5.12,0.18958774209022522,-0.4907094705632401,-1.0151008367538452,-0.9599546053901202
2024-06-06 11:00:00+00:00,-7.7,0.21243217587471008,-5.052994584361083,-0.9716445207595825,-5.167706594155561
2024-06-06 12:00:00+00:00,-14.36,0.22315064072608948,-4.277570629470592,-0.9199410080909729,-3.078088037867521
2024-06-06 13:00:00+00:00,1.03,0.23216846585273743,1.0210664421102118,-0.8669681549072266,-2.5554543129095775
2024-06-06 14:00:00+00:00,6.11,0.24740955233573914,3.185051597869806,-0.8359511494636536,-4.113580736272191
2024-06-06 15:00:00+00:00,1.25,0.26635393500328064,0.9478642098939447,-0.8066794276237488,-3.846442285217862
2024-06-06 16:00:00+00:00,-4.32,0.2877714931964874,0.3307846650132632,-0.791723370552063,-1.2481523075201921
2024-06-06 17:00:00+00:00,0.98,0.3293042480945587,1.904851568591389,-0.7612754702568054,1.1228583527138225
2024-06-06 18:00:00+00:00,8.11,0.35105666518211365,3.8833991536926105,-0.7703890204429626,1.6294159535678352
2024-06-07 10:00:00+00:00,9.68,0.3565824329853058,3.459080621404128,-0.7837250828742981,5.3899390132251535
2024-06-07 11:00:00+00:00,12.47,0.35905078053474426,5.0307306764137945,-0.8137625455856323,-1.662194954301421
2024-06-07 12:00:00+00:00,33.31,0.3629041016101837,9.108353047302575,-0.8423662185668945,-0.10691801623245636
2024-06-07 13:00:00+00:00,-23.39,0.3890898525714874,-6.6490634686817085,-0.8901421427726746,-6.214707263992702
2024-06-07 14:00:00+00:00,-2.32,0.3911220133304596,-2.2226338194668034,-0.9403371810913086,1.8961879710475666
2024-06-07 15:00:00+00:00,-0.15,0.39056798815727234,-0.82669275722659,-0.9912369847297668,-6.6379077797525445
2024-06-07 16:00:00+00:00,-2.52,0.4013132154941559,-1.516386533521999,-1.014928936958313,1.0897095043378218
2024-06-07 17:00:00+00:00,5.65,0.40819522738456726,-0.4522592928971059,-1.0251554250717163,-0.16796950473269845
2024-06-07 18:00:00+00:00,20.27,0.40076348185539246,-0.9023674103372192,-1.0416607856750488,5.180134069270464
2024-06-10 10:00:00+00:00,-8.64,0.39354559779167175,-6.376794299734416,-1.056904911994934,0.002177318364649905
2024-06-10 11:00:00+00:00,-14.76,0.3927348554134369,-7.762788147000012,-1.0753309726715088,2.0175328595859336
2024-06-10 12:00:00+00:00,-4.52,0.4015808403491974,-4.789144800866097,-1.0907073020935059,0.708274217015858
2024-06-10 13:00:00+00:00,-12.51,0.4120984971523285,-6.764473933295671,-1.1035983562469482,2.971548545654791
2024-06-10 14:00:00+00:00,-5.12,0.41107824444770813,-3.784529768627945,-1.1293857097625732,0.843147994102543
2024-06-10 15:00:00+00:00,8.16,0.40442946553230286,-2.1290108976758493,-1.1899325847625732,1.4095827463180324
2024-06-10 16:00:00+00:00,-9.76,0.4218567907810211,-6.459314207004448,-1.2537102699279785,-1.6423232400870988
2024-06-10 17:00:00+00:00,-25.4,0.5129671692848206,-12.233200359280689,-1.3081886768341064,-1.329608841584535
2024-06-10 18:00:00+00:00,-1.6,0.5590267777442932,-2.97299920203179,-1.3650943040847778,-1.2267328293235327
2024-06-11 10:00:00+00:00,1.03,0.576263427734375,0.6665567226072758,-1.449326753616333,3.3286509397376705
2024-06-11 11:00:00+00:00,-12.25,0.5979183912277222,-4.794388745427905,-1.5179253816604614,0.1443730423384808
2024-06-11 12:00:00+00:00,-5.19,0.5925024747848511,-4.0973923874880525,-1.5880348682403564,-0.15316945797253018
2024-06-11 13:00:00+00:00,6.1,0.5581182241439819,1.6438450885700646,-1.6570146083831787,-0.1968109348144435
2024-06-11 14:00:00+00:00,-5.34,0.5219125747680664,-1.9656260953767926,-1.7088210582733154,-2.8163544481407587
2024-06-11 15:00:00+00:00,9.37,0.491293340921402,0.9354115660293962,-1.7422611713409424,4.593357348799751
2024-06-11 16:00:00+00:00,2.49,0.47999051213264465,0.6593628669225808,-1.75529944896698,1.5953430529746224
2024-06-11 17:00:00+00:00,-4.45,0.5115917921066284,-3.0701196620811437,-1.7183336019515991,3.4264212862579733
2024-06-11 18:00:00+00:00,-61.02,0.48347052931785583,-10.26940276379228,-1.7090359926223755,-1.328864266879798
2024-06-13 10:00:00+00:00,19.44,0.48523882031440735,6.298906714066265,-1.6914032697677612,4.2929622635043305
2024-06-13 11:00:00+00:00,-5.36,0.4732358157634735,-3.072619346158626,-1.670607328414917,2.541113098609652
2024-06-13 12:00:00+00:00,-4.81,0.4530835449695587,-2.2749364111347514,-1.6604506969451904,3.649194447350076
2024-06-13 13:00:00+00:00,12.93,0.41565731167793274,3.3549729654707106,-1.6691670417785645,8.445165487086463
2024-06-13 14:00:00+00:00,32.73,0.37680336833000183,8.948804569296872,-1.7107051610946655,5.72506900109035
2024-06-13 15:00:00+00:00,4.49,0.36863216757774353,2.7532113963806384,-1.7623794078826904,3.0424721755636397
2024-06-13 16:00:00+00:00,5.47,0.3701750338077545,2.8096329314204187,-1.8084418773651123,-5.2676385449769105
2024-06-13 17:00:00+00:00,-3.28,0.36687925457954407,-2.399791545989217,-1.818839430809021,1.3350413471172835
2024-06-13 18:00:00+00:00,-2.92,0.359215646982193,-3.028062714784827,-1.8338918685913086,0.05053801893725468
2024-06-14 10:00:00+00:00,-0.71,0.3390144407749176,-0.6148276191903636,-1.8159432411193848,5.452870520215183
2024-06-14 11:00:00+00:00,11.36,0.2857199013233185,3.9124302032237686,-1.8185982704162598,8.487587128543122
2024-06-14 12:00:00+00:00,5.17,0.2344283163547516,3.850919045418737,-1.8025486469268799,6.908219160743373
2024-06-14 13:00:00+00:00,5.51,0.14018496870994568,5.138436943049463,-1.7901612520217896,-5.781590290164057
2024-06-14 14:00:00+00:00,3.34,0.06144008785486221,2.798994255599992,-1.7854596376419067,4.782056652143979
2024-06-14 15:00:00+00:00,22.42,0.006231463979929686,4.923167043474007,-1.8201924562454224,1.6036148667363306
2024-06-14 16:00:00+00:00,-3.28,-0.040221236646175385,-1.582481883445585,-1.8544481992721558,-7.209122372386076
2024-06-14 17:00:00+00:00,3.33,-0.053314171731472015,0.2436291974824753,-1.876024842262268,-1.2391881513186112
2024-06-14 18:00:00+00:00,-0.67,-0.09135400503873825,-0.8094132816754886,-1.91616952419281,3.6191740675598085
2024-06-17 10:00:00+00:00,-20.0,-0.10401330143213272,-5.891165211789081,-1.984711766242981,-5.977733081887063
2024-06-17 11:00:00+00:00,8.47,-0.170579731464386,0.4218801799810361,-2.0647387504577637,-4.403949425106976
2024-06-17 12:00:00+00:00,5.35,-0.2277369201183319,1.3406533482944363,-2.1479265689849854,-3.176638553477893
2024-06-17 13:00:00+00:00,-6.85,-0.2752617299556732,-3.6997201120652954,-2.257122039794922,-0.4802101930731558
2024-06-17 14:00:00+00:00,-6.06,-0.3151732385158539,-3.397463923711213,-2.357611656188965,-2.7746202505565227
2024-06-17 15:00:00+00:00,-4.5,-0.3580654561519623,-4.466949208727964,-2.4805335998535156,-1.7623054429140488
2024-06-17 16:00:00+00:00,2.49,-0.40762773156166077,-0.502974211902832,-2.6301279067993164,-3.6938779575914875
2024-06-17 17:00:00+00:00,-10.46,-0.4387364983558655,-6.262594055943416,-2.691087484359741,-12.416977675668772
2024-06-17 18:00:00+00:00,-13.86,-0.4848773777484894,-8.935887159595836,-2.7302937507629395,-6.91718804608491
2024-06-18 10:00:00+00:00,-8.86,-0.5593794584274292,-7.004661763127561,-2.753743886947632,-4.597680890975059
2024-06-18 11:00:00+00:00,-6.59,-0.6347485184669495,-5.514159462991205,-2.7938687801361084,0.5944727041109156
2024-06-18 12:00:00+00:00,3.62,-0.697775661945343,-3.0825459591658166,-2.82517409324646,-8.58382122015384
2024-06-18 13:00:00+00:00,-7.6,-0.7607521414756775,-6.57926759703971,-2.8542885780334473,-1.3282221820638505
2024-06-18 14:00:00+00:00,-18.13,-0.7879525423049927,-11.00745238428863,-2.8824267387390137,-12.054236894725548
2024-06-18 15:00:00+00:00,0.28,-0.7929051518440247,-2.576856885553868,-2.8769490718841553,-4.341959583616022
2024-06-18 16:00:00+00:00,-9.1,-0.7889372706413269,-8.433479658962487,-2.880751371383667,2.296889895983294
2024-06-18 17:00:00+00:00,-9.29,-0.7752709984779358,-11.40101709056122,-2.887197971343994,-0.620044742326602
2024-06-18 18:00:00+00:00,-24.98,-0.7424073219299316,-15.49234911245125,-2.881011724472046,-5.528376350097796
2024-06-19 10:00:00+00:00,-7.27,-0.6778256297111511,-7.362984318082672,-2.8498265743255615,3.0642124661434806
2024-06-19 11:00:00+00:00,-7.91,-0.5012386441230774,-6.966974561857944,-2.7653353214263916,0.09572068896530761
2024-06-19 12:00:00+00:00,-13.63,-0.4091225862503052,-7.750329244099792,-2.694125175476074,-7.920012181929519
2024-06-19 13:00:00+00:00,10.18,-0.33247461915016174,-0.8672878549728446,-2.5758535861968994,0.9457041619941997
2024-06-19 14:00:00+00:00,5.93,-0.24901032447814941,-2.0119583404355854,-2.4812967777252197,-1.9591911012548242
2024-06-19 15:00:00+00:00,-16.66,-0.1568368822336197,-12.337382189111633,-2.3880198001861572,-6.623015640053583
2024-06-19 16:00:00+00:00,-31.4,-0.07555180042982101,-13.787733103730085,-2.277294635772705,-0.40102716309542064
2024-06-19 17:00:00+00:00,-0.94,0.03985867649316788,-0.6787998493471227,-2.100910186767578,1.0462437235383393
2024-06-19 18:00:00+00:00,48.0,0.1161382868885994,15.529145776557945,-1.952150821685791,7.6374931814052305
2024-06-20 10:00:00+00:00,8.16,0.21807387471199036,1.8355500961287803,-1.7830356359481812,3.74480058802341
2024-06-20 11:00:00+00:00,-6.9,0.3014914095401764,-7.521579023689495,-1.633341670036316,4.470615742967533
2024-06-20 12:00:00+00:00,-28.66,0.38868311047554016,-16.273619401526297,-1.5133459568023682,-0.34974039008099594
2024-06-20 13:00:00+00:00,-33.46,0.44030871987342834,-14.562599533517206,-1.4032881259918213,-7.69751675346452
2024-06-20 14:00:00+00:00,60.64,0.4859788715839386,12.39702609884314,-1.3225963115692139,1.2842986933819303
2024-06-20 15:00:00+00:00,5.4,0.5342601537704468,5.044763576639797,-1.2584317922592163,8.503360257694409
2024-06-20 16:00:00+00:00,30.41,0.574203610420227,9.700837444073674,-1.1848403215408325,6.427115351868633
2024-06-20 17:00:00+00:00,12.37,0.5961918830871582,8.621721589756252,-1.0905975103378296,3.081444047148958
2024-06-20 18:00:00+00:00,-4.92,0.5441986322402954,-3.0141181406619704,-1.021757960319519,7.043224388112743
2024-06-21 10:00:00+00:00,-2.04,0.48135021328926086,-2.358215991796635,-0.9550345540046692,-7.1147022653128245
2024-06-21 11:00:00+00:00,-19.37,0.4124733507633209,-9.549235178432506,-0.8818351626396179,-3.269252397412599
2024-06-21 12:00:00+00:00,16.94,0.34190747141838074,5.279585091831191,-0.8202621340751648,5.841585481889986
2024-06-21 13:00:00+00:00,7.73,0.24501416087150574,4.948560477689267,-0.7481532692909241,3.9352489493529053
2024-06-21 14:00:00+00:00,1.32,0.13655570149421692,1.4136738664257142,-0.6926992535591125,-1.8090691269735606
2024-06-21 15:00:00+00:00,-2.13,0.02534586936235428,-2.7007644270292315,-0.6377149224281311,-0.6419246112321255
2024-06-21 16:00:00+00:00,-5.79,-0.09056391566991806,-3.6136100322852944,-0.5988416075706482,-5.4159062446592205
2024-06-21 17:00:00+00:00,-0.82,-0.0782189592719078,-0.807285275673044,-0.5817159414291382,-6.149991444551033
2024-06-21 18:00:00+00:00,10.79,-0.16231118142604828,2.2861646533647373,-0.5421900749206543,-3.0815115012642056
2024-06-24 10:00:00+00:00,-12.75,-0.24582476913928986,-8.83449089770784,-0.5042457580566406,-1.6480153962216653
2024-06-24 11:00:00+00:00,-9.1,-0.3605497181415558,-5.1168411499953645,-0.4841393530368805,-3.744326269660908
2024-06-24 12:00:00+00:00,5.43,-0.503585159778595,0.542823412143949,-0.4554459750652313,-3.3017835179604544
2024-06-24 13:00:00+00:00,0.95,-0.6023821830749512,-0.08681669181924734,-0.4333608150482178,-2.825953754839049
2024-06-24 14:00:00+00:00,-6.3,-0.6826391220092773,-3.0034256519368,-0.3979838788509369,-5.011704474842117
2024-06-24 15:00:00+00:00,5.94,-0.7605893015861511,-1.82955144750492,-0.36292198300361633,-4.533975843990618
2024-06-24 16:00:00+00:00,-8.41,-0.8570411205291748,-4.651914752331208,-0.32726165652275085,-4.624905036379239
2024-06-24 17:00:00+00:00,-2.85,-0.8789043426513672,-3.8670235130725037,-0.2900502681732178,-3.559624154124269
2024-06-24 18:00:00+00:00,-10.22,-0.9258955717086792,-7.373596456907133,-0.2562393248081207,-9.316804630828868
2024-06-25 10:00:00+00:00,-9.79,-0.9480985999107361,-7.218901516218812,-0.22454161942005157,-3.867774172404469
2024-06-25 11:00:00+00:00,5.85,-0.9636011123657227,2.1163909076227765,-0.22882619500160217,-3.9116140576529292
2024-06-25 12:00:00+00:00,14.5,-0.9912128448486328,0.30770423779278816,-0.2237270325422287,-1.8423080126903153
2024-06-25 13:00:00+00:00,-6.92,-0.9905295968055725,-2.1717200748267396,-0.23156090080738068,-1.4733099049272795
2024-06-25 14:00:00+00:00,0.69,-0.9622119069099426,0.6087176475296703,-0.2406991869211197,0.9081708880132113
2024-06-25 15:00:00+00:00,7.17,-0.93284672498703,2.217846304870264,-0.24215592443943024,-7.417242101764233
2024-06-25 16:00:00+00:00,-2.75,-0.9319093823432922,0.9685094859310592,-0.2274666130542755,-5.771580251052094
2024-06-25 17:00:00+00:00,14.81,-0.8813228607177734,4.13959084357225,-0.19757749140262604,3.9593772200557282
2024-06-25 18:00:00+00:00,30.52,-0.8349137306213379,5.46144073966419,-0.17475076019763947,2.672395312332967
2024-06-26 10:00:00+00:00,0.31,-0.8132640719413757,0.5744024100170508,-0.14828503131866455,6.6357320934499295
2024-06-26 11:00:00+00:00,4.81,-0.8101212382316589,1.2781054026630745,-0.12569284439086914,-0.5292763450113163
2024-06-26 12:00:00+00:00,3.4,-0.8113261461257935,1.6842748277824784,-0.09540071338415146,-0.05811786271178826
2024-06-26 13:00:00+00:00,-5.74,-0.8140295147895813,-1.6901808124066755,-0.07597842067480087,-4.495566534576421
2024-06-26 14:00:00+00:00,-4.74,-0.8144474625587463,-2.517304141394392,-0.05424164980649948,-3.342371232171266
2024-06-26 15:00:00+00:00,7.22,-0.818761944770813,0.6498437317928034,-0.06529887765645981,-1.4751062610589503
2024-06-26 16:00:00+00:00,-2.11,-0.8341667056083679,-0.6474860057015708,-0.0655052587389946,7.288638074911293
2024-06-26 17:00:00+00:00,6.64,-0.8414495587348938,0.6442583392992896,-0.03927695006132126,-0.9862136436024892
2024-06-26 18:00:00+00:00,-16.38,-0.8666680455207825,-1.82250899747186,-0.014239214360713959,-7.739198698786608
2024-06-27 10:00:00+00:00,-2.56,-0.9042398929595947,-2.2752134616332094,-0.004640453029423952,-3.5988709557778185
2024-06-27 11:00:00+00:00,-5.47,-0.9556752443313599,-1.8272093321856122,0.01526070386171341,-4.758542655812424
2024-06-27 12:00:00+00:00,9.65,-1.010597825050354,2.0882673620874534,0.014389760792255402,4.966696920940073
2024-06-27 13:00:00+00:00,-4.89,-1.0554978847503662,-0.6274882374508441,0.02221444994211197,5.739310467626277
2024-06-27 14:00:00+00:00,18.3,-1.1109594106674194,0.4663605223880471,0.030201829969882965,-7.520477631554304
2024-06-27 15:00:00+00:00,-0.42,-1.1575019359588623,-0.7945696823060027,0.017557360231876373,-0.08911758184540683
2024-06-27 16:00:00+00:00,2.38,-1.2091689109802246,1.0899321782725975,0.01883474737405777,-7.877996114183974
2024-06-27 17:00:00+00:00,-1.99,-1.267291784286499,-0.4240924450589176,0.017415352165699005,-3.474344470486209
2024-06-27 18:00:00+00:00,10.77,-1.345409631729126,1.3394316555831614,0.0022908521350473166,5.227887119251456
2024-06-28 10:00:00+00:00,-2.66,-1.4215351343154907,-2.0951519109331196,-0.010116778314113617,3.450170947144545
2024-06-28 11:00:00+00:00,3.12,-1.5224723815917969,0.8415490000840098,-0.040042124688625336,3.8986088655408704
2024-06-28 12:00:00+00:00,-5.2,-1.61745285987854,-1.6638329297279983,-0.09814634174108505,-0.35256504705478686
2024-06-28 13:00:00+00:00,-11.99,-1.6868488788604736,-3.4376334860456037,-0.1661074459552765,-4.844347427869995
2024-06-28 14:00:00+00:00,8.38,-1.7442729473114014,1.729710678566403,-0.23023580014705658,-2.7641451440013802
2024-06-28 15:00:00+00:00,-0.52,-1.7814406156539917,-0.5455771635634299,-0.35797688364982605,8.896013892390098
2024-06-28 16:00:00+00:00,-1.2,-1.8322054147720337,1.2065801146151938,-0.4543180465698242,-1.4605471480553678
2024-06-28 17:00:00+00:00,3.34,-1.8518015146255493,3.119175009495178,-0.548470675945282,1.3959460716173784
2024-06-28 18:00:00+00:00,7.69,-1.8582804203033447,2.5464358484784504,-0.6124535799026489,1.4864536812706113
2024-07-01 10:00:00+00:00,-3.98,-1.8774268627166748,-2.3251875931413237,-0.6722720861434937,2.0819702348123204
2024-07-01 11:00:00+00:00,-3.81,-1.906756043434143,-1.2002986533359916,-0.7308247089385986,-2.5614178474483715
2024-07-01 12:00:00+00:00,11.9,-1.910740852355957,2.693983435099946,-0.8447790145874023,4.717204802651285
2024-07-01 13:00:00+00:00,5.13,-1.7896631956100464,3.6043574374837504,-1.1209321022033691,3.7201282342077944
2024-07-01 14:00:00+00:00,3.2,-1.7743934392929077,3.191504735206136,-1.1767867803573608,2.463646447137175
2024-07-01 15:00:00+00:00,5.49,-1.7534503936767578,4.902222410516796,-1.225412368774414,0.23858057790619142
2024-07-01 16:00:00+00:00,5.25,-1.7437392473220825,4.439600602803433,-1.2748727798461914,-1.1976842920911324
2024-07-01 17:00:00+00:00,0.96,-1.7194732427597046,1.9836900518512945,-1.3195178508758545,5.3152594516113885
2024-07-01 18:00:00+00:00,19.76,-1.7382663488388062,4.45485249009362,-1.3131688833236694,3.0822817009934056
2024-07-02 10:00:00+00:00,-4.38,-1.7829861640930176,-3.140429542844047,-1.2889118194580078,-2.003865973773731
2024-07-02 11:00:00+00:00,6.55,-1.8124579191207886,2.995026375816642,-1.228716254234314,-2.614085547141323
2024-07-02 12:00:00+00:00,-1.34,-1.822616696357727,0.36436648726583093,-1.2071651220321655,0.27732428636083417
2024-07-02 13:00:00+00:00,5.67,-1.833370327949524,2.5499300868259094,-1.1955554485321045,0.5273927094401314
2024-07-02 14:00:00+00:00,3.36,-1.8506087064743042,2.448620167239542,-1.189698576927185,2.62914778936525
2024-07-02 15:00:00+00:00,-1.76,-1.8853598833084106,-1.7026587643288293,-1.1884534358978271,0.9051325750682155
2024-07-02 16:00:00+00:00,6.43,-1.9429214000701904,0.8647493615198523,-1.2047581672668457,1.1437797039929642
2024-07-02 17:00:00+00:00,-3.19,-1.9672945737838745,-1.8053002810992835,-1.2484898567199707,0.6876895027171384
2024-07-02 18:00:00+00:00,-6.91,-2.0160138607025146,-4.282643622725965,-1.2879788875579834,-3.211284492038794
2024-07-03 10:00:00+00:00,-2.12,-2.041846990585327,-1.9761378299660866,-1.3411086797714233,-2.629140824857215
2024-07-03 11:00:00+00:00,13.66,-2.060914993286133,0.21430484893468624,-1.3677433729171753,-2.608669842699651
2024-07-03 12:00:00+00:00,-4.14,-2.0998857021331787,-3.425124494831051,-1.3993703126907349,-2.126517013032173
2024-07-03 13:00:00+00:00,2.15,-2.1502935886383057,-0.054646816661658146,-1.4462155103683472,2.494786230983136
2024-07-03 14:00:00+00:00,-0.99,-2.194105625152588,-1.150528258161065,-1.4675607681274414,0.548295619961745
2024-07-03 15:00:00+00:00,-10.58,-2.2487316131591797,-4.426269391416555,-1.4790756702423096,-3.214421866909638
2024-07-03 16:00:00+00:00,-11.01,-2.3300859928131104,-3.743552970234552,-1.5127601623535156,-5.925477437661494
2024-07-03 17:00:00+00:00,5.72,-2.4317588806152344,-0.8561509172754819,-1.5408194065093994,-3.438462425638649
2024-07-03 18:00:00+00:00,-15.36,-2.516017198562622,-5.140221685513187,-1.5483635663986206,-1.5268793782392047
2024-07-04 10:00:00+00:00,0.14,-2.605647563934326,0.17169003219011317,-1.5535409450531006,-1.4600912041072476
2024-07-04 11:00:00+00:00,-2.07,-2.6836466789245605,-2.1904208457637258,-1.6022394895553589,0.24397930902610143
2024-07-04 12:00:00+00:00,-11.83,-2.767390489578247,-5.987910546662746,-1.6522763967514038,-3.055253553165116
2024-07-04 13:00:00+00:00,-4.16,-2.8683815002441406,-4.190126163895303,-1.7054654359817505,-5.920869127848356
2024-07-04 14:00:00+00:00,-3.84,-2.9457974433898926,-4.047765912965867,-1.763574242591858,-1.6654613744694624
2024-07-04 15:00:00+00:00,-25.87,-3.0347354412078857,-14.981338808404818,-1.814799427986145,-2.3037190783351598
2024-07-04 16:00:00+00:00,3.66,-3.0927202701568604,-0.49386508869555634,-1.8870129585266113,-2.3399569914584832
2024-07-04 17:00:00+00:00,-9.93,-3.0805630683898926,-6.9368406882450495,-1.9521485567092896,0.5806492375789977
2024-07-04 18:00:00+00:00,-9.71,-3.068864583969116,-8.375157465558441,-2.027939558029175,-0.29020453351447906
2024-07-05 10:00:00+00:00,-3.82,-3.0631608963012695,-3.5061512002563946,-2.0979702472686768,-5.454699966834781
2024-07-05 11:00:00+00:00,24.88,-3.069709300994873,2.4851877756913487,-2.16994047164917,-0.39034300378782816
2024-07-05 12:00:00+00:00,5.1,-3.09904408454895,0.5727756601802433,-2.221226692199707,5.027545573152376
2024-07-05 13:00:00+00:00,-10.96,-3.133039712905884,-3.0711216485876855,-2.2491140365600586,0.48779691482716614
2024-07-05 14:00:00+00:00,-3.46,-3.1570358276367188,-0.3858485554378113,-2.2517497539520264,1.3068150891632506
2024-07-05 15:00:00+00:00,1.16,-3.187371015548706,0.2052950915575367,-2.2570784091949463,2.055641622625643
2024-07-05 16:00:00+00:00,5.72,-3.2094955444335938,1.1644553422474313,-2.2846760749816895,-1.571168977935813
2024-07-05 17:00:00+00:00,6.57,-3.2347543239593506,3.2704502622512828,-2.331052780151367,-0.08984549068072678
2024-07-05 18:00:00+00:00,15.52,-3.2984633445739746,3.1667847430176166,-2.352712392807007,2.1627990267456316
2024-07-08 10:00:00+00:00,-7.6,-3.359875440597534,-3.368204984813357,-2.3357553482055664,0.5203346488069347
2024-07-08 11:00:00+00:00,-15.91,-3.4307985305786133,-4.508728164251174,-2.310365676879883,0.1291152089176944
2024-07-08 12:00:00+00:00,-0.16,-3.5376057624816895,-0.9673815962198973,-2.2911365032196045,-4.532142827714639
2024-07-08 13:00:00+00:00,-7.88,-3.611541271209717,-1.8350177214499437,-2.2997872829437256,-4.228641941200936
2024-07-08 14:00:00+00:00,0.06,-3.6651790142059326,0.13437571551958963,-2.311520576477051,1.171814595623773
2024-07-08 15:00:00+00:00,4.61,-3.706625461578369,-1.4677882604313224,-2.3169820308685303,0.7736126741555254
2024-07-08 16:00:00+00:00,-1.38,-3.748913049697876,-1.4188182992880887,-2.320324420928955,-0.9026817844032249
2024-07-08 17:00:00+00:00,-3.97,-3.793666124343872,-3.762794854820394,-2.3306527137756348,-5.221187526273232
2024-07-08 18:00:00+00:00,-22.51,-3.834407091140747,-7.9810735352815865,-2.3161017894744873,-7.1410717512134045
2024-07-09 10:00:00+00:00,-10.0,-3.879958152770996,-6.943189643572914,-2.299777030944824,-0.13379053266472268
2024-07-09 11:00:00+00:00,-3.01,-3.9352312088012695,-2.884845303263876,-2.299245834350586,-5.491284306323221
2024-07-09 12:00:00+00:00,6.62,-4.0027852058410645,0.6444003467760472,-2.296565055847168,-0.05454012965051891
2024-07-09 13:00:00+00:00,-12.47,-4.059783935546875,-7.710283514265015,-2.2894740104675293,-1.7194844271037693
2024-07-09 14:00:00+00:00,-7.41,-4.092768669128418,-7.6819906374887434,-2.271097421646118,-3.2036845088608144
2024-07-09 15:00:00+00:00,-4.54,-4.130829811096191,-6.488623786104575,-2.2369651794433594,-6.03040527187136
2024-07-09 16:00:00+00:00,-18.53,-4.1811699867248535,-9.227342123642545,-2.204012393951416,-4.224217854745314
2024-07-09 17:00:00+00:00,-6.66,-4.207420825958252,-7.575794227990732,-2.189002275466919,-0.964716018835563
2024-07-09 18:00:00+00:00,-18.76,-4.246514320373535,-10.591180214796436,-2.1759369373321533,-8.685354014352061
2024-07-10 10:00:00+00:00,-8.82,-4.303739547729492,-8.350877813514932,-2.127520799636841,0.7129020314403698
2024-07-10 11:00:00+00:00,14.7,-4.3137125968933105,-4.952438676558323,-2.1058712005615234,-2.743609589631763
2024-07-10 12:00:00+00:00,-3.32,-4.282542705535889,-4.835496204356127,-2.086167335510254,-0.7226369513718041
2024-07-10 13:00:00+00:00,-12.94,-4.230605602264404,-9.680350213349406,-2.0633606910705566,-5.42666761715078
2024-07-10 14:00:00+00:00,-22.06,-4.173114776611328,-13.08874507939899,-2.034322500228882,-3.312551297710358
2024-07-10 15:00:00+00:00,-9.78,-4.114997863769531,-9.976787217295337,-1.9995863437652588,1.808894623424825
2024-07-10 16:00:00+00:00,-18.55,-4.066766738891602,-13.794448127030531,-1.972535490989685,1.6073495973069756
2024-07-10 17:00:00+00:00,1.21,-3.988070249557495,-7.366133373405896,-1.978011131286621,3.033763371844939
2024-07-10 18:00:00+00:00,-16.61,-3.9353578090667725,-12.552652195896869,-1.9568952322006226,2.642678698878031
2024-07-11 10:00:00+00:00,-7.4,-3.8751144409179688,-5.5593621630673535,-1.933645486831665,1.3281283292168973
2024-07-11 11:00:00+00:00,22.38,-3.8199219703674316,2.2553856177778786,-1.901278018951416,4.041331544524891
2024-07-11 12:00:00+00:00,-1.59,-3.7457289695739746,-1.5315890193082475,-1.8517918586730957,-0.6651061685138231
2024-07-11 13:00:00+00:00,17.57,-3.6683907508850098,4.980218070981561,-1.8148442506790161,-1.4924927089656959
2024-07-11 14:00:00+00:00,-10.84,-3.600656747817993,-5.970184273129965,-1.760324478149414,-2.3738643370406476
2024-07-11 15:00:00+00:00,0.63,-3.528888702392578,-0.13537993332353754,-1.7080379724502563,1.4021435143614653
2024-07-11 16:00:00+00:00,3.65,-3.470076560974121,2.3876852046192023,-1.6519482135772705,0.910738301677481
2024-07-11 17:00:00+00:00,8.67,-3.4009735584259033,1.9187645793127863,-1.616095781326294,-0.03098865674705359
2024-07-11 18:00:00+00:00,-7.99,-3.357692003250122,-4.010482337229806,-1.5619312524795532,5.329759087267367
2024-07-12 10:00:00+00:00,-3.9,-3.2984344959259033,-3.515562744797427,-1.51999032497406,0.5324496759967764
2024-07-12 11:00:00+00:00,1.31,-3.238945722579956,-0.9791705249778114,-1.4519884586334229,0.845430633171437
2024-07-12 12:00:00+00:00,-0.02,-3.1754066944122314,0.007845650999878946,-1.3510730266571045,-2.227052958894909
2024-07-12 13:00:00+00:00,-12.17,-3.109389543533325,-3.3507212764206256,-1.2544426918029785,-0.19133431705400214
2024-07-12 14:00:00+00:00,-1.49,-3.039680242538452,-1.661821382428376,-1.1534490585327148,-0.9497370622650885
2024-07-12 15:00:00+00:00,29.76,-2.9749534130096436,5.579249575781904,-1.0507997274398804,2.1953716306614357
2024-07-12 16:00:00+00:00,-16.16,-2.9217569828033447,-6.012382733207035,-0.9658641219139099,-4.231878712037625
2024-07-12 17:00:00+00:00,-8.34,-2.8736093044281006,-7.515333522622974,-0.9082565903663635,-2.3763279627857026
2024-07-12 18:00:00+00:00,-22.19,-2.8222832679748535,-7.2404131730443915,-0.8222730755805969,-2.938112629211735
2024-07-15 10:00:00+00:00,13.34,-2.7682292461395264,2.4884282668183952,-0.7430230379104614,-2.356855540352213
2024-07-15 11:00:00+00:00,-6.87,-2.702308416366577,-3.824659308362896,-0.6743209362030029,0.375743759573094
2024-07-15 12:00:00+00:00,0.89,-2.6353378295898438,-2.888829322444946,-0.6027916073799133,0.9046313912768986
2024-07-15 13:00:00+00:00,-11.93,-2.564664363861084,-6.112043770757764,-0.5389012098312378,-3.703501208801237
2024-07-15 14:00:00+00:00,-1.47,-2.5013034343719482,-4.831837784430836,-0.48552998900413513,-2.164329568866428
2024-07-15 15:00:00+00:00,-12.75,-2.4311277866363525,-7.847292915898966,-0.43370863795280457,-4.055796465505593
2024-07-15 16:00:00+00:00,-11.54,-2.364607572555542,-9.688542525391474,-0.3810542821884155,-0.9484985505666478
2024-07-15 17:00:00+00:00,-7.21,-2.2867703437805176,-7.019915147709426,-0.35826316475868225,-1.7007505291867353
2024-07-15 18:00:00+00:00,-4.0,-2.215583324432373,-4.616641872006005,-0.35191822052001953,2.4053735029023393
2024-07-16 10:00:00+00:00,-22.59,-2.148439645767212,-7.053856421644269,-0.33629414439201355,3.340886618378239
2024-07-16 11:00:00+00:00,24.24,-2.075052261352539,3.888909406941445,-0.32176005840301514,-0.2560104851862213
2024-07-16 12:00:00+00:00,-11.82,-2.0080015659332275,-4.537799642552649,-0.27286139130592346,-6.466900832452545
2024-07-16 13:00:00+00:00,5.3,-1.9366716146469116,-0.07830988783546818,-0.217274010181427,-1.1117294987689639
2024-07-16 14:00:00+00:00,-6.13,-1.870514988899231,-3.327412454050341,-0.15599647164344788,1.3164707922066954
2024-07-16 15:00:00+00:00,-3.88,-1.7997063398361206,-2.2546444967603727,-0.08173813670873642,0.36999698447051066
2024-07-16 16:00:00+00:00,41.6,-1.7376314401626587,1.3693810351997269,-0.015260778367519379,5.86861631333278
2024-07-16 17:00:00+00:00,8.66,-1.6450321674346924,0.7405501590751282,0.040818698704242706,-1.55105346892671
2024-07-16 18:00:00+00:00,-3.01,-1.5656588077545166,-1.799849592419414,0.10986516624689102,-0.6001947828854743
2024-07-17 10:00:00+00:00,25.33,-1.4946465492248535,2.6097040873198125,0.17908063530921936,-2.920216266586491
2024-07-17 11:00:00+00:00,0.36,-1.4336377382278442,-0.3450070775405945,0.24786725640296936,3.2824516483494803
2024-07-17 12:00:00+00:00,-7.82,-1.3870434761047363,-4.267572174318963,0.33169791102409363,-1.3093395208198126
2024-07-17 13:00:00+00:00,-1.78,-1.3463441133499146,-0.6181689928820431,0.39860638976097107,-1.1221751958042456
2024-07-17 14:00:00+00:00,7.7,-1.2957290410995483,1.5972911935904575,0.4643765985965729,1.376126507370748
2024-07-17 15:00:00+00:00,4.7,-1.2473260164260864,-0.1974540833480126,0.530219316482544,5.7811110378502475
2024-07-17 16:00:00+00:00,-8.6,-1.1969335079193115,-2.978614466019937,0.5957302451133728,1.707505946230431
2024-07-17 17:00:00+00:00,-14.5,-1.1443231105804443,-2.1720218093428296,0.6944950819015503,0.5023577540065367
2024-07-17 18:00:00+00:00,-25.48,-1.1241695880889893,-3.556790898146904,0.7818382978439331,1.1458137675879903
2024-07-18 10:00:00+00:00,7.39,-1.1111953258514404,0.25751419845292656,0.8607945442199707,-1.7698480966944736
2024-07-18 11:00:00+00:00,7.07,-1.0935511589050293,0.9828477772326316,0.9154495000839233,2.003356007809382
2024-07-18 12:00:00+00:00,0.27,-1.052480697631836,0.4737195885917737,0.96303391456604,-2.642787139216165
2024-07-18 13:00:00+00:00,-0.65,-1.021104335784912,0.3358394924759441,1.0219953060150146,-4.9095643554605495
2024-07-18 14:00:00+00:00,3.6,-0.9658646583557129,2.345334519622753,1.0812803506851196,1.7735708319638657
2024-07-18 15:00:00+00:00,12.61,-0.9142318367958069,3.556685633939592,1.1711333990097046,1.1112097925966882
2024-07-18 16:00:00+00:00,15.15,-0.8557999730110168,3.594360158789727,1.2566967010498047,-4.5289906675920015
2024-07-18 17:00:00+00:00,13.42,-0.7556255459785461,1.5365487635995214,1.3175500631332397,3.6892659602749998
2024-07-18 18:00:00+00:00,-1.32,-0.6816862225532532,-0.9445314497842507,1.3853415250778198,2.7349115686305683
2024-07-19 10:00:00+00:00,-1.58,-0.6028639674186707,-1.6287930244784072,1.4365253448486328,0.9804926291305287
2024-07-19 11:00:00+00:00,18.62,-0.5458874106407166,1.7049472020240046,1.511705756187439,-1.0121839430016129
2024-07-19 12:00:00+00:00,20.43,-0.48625701665878296,2.451395795918656,1.5742002725601196,1.3840035979530922
2024-07-19 13:00:00+00:00,-3.51,-0.4429943263530731,-2.504354196536258,1.6253266334533691,-2.067052212101789
2024-07-19 14:00:00+00:00,1.46,-0.3975183367729187,0.9702495366053558,1.64700186252594,1.133113473184983
2024-07-19 15:00:00+00:00,-5.52,-0.36727020144462585,-0.3627833341562526,1.664259672164917,-6.172127375387462
2024-07-19 16:00:00+00:00,1.68,-0.3537638485431671,1.0131129051843695,1.6483137607574463,1.814246789532029
2024-07-19 17:00:00+00:00,-2.64,-0.24204565584659576,-0.07493269869373817,1.6154077053070068,-2.6216067559003777
2024-07-19 18:00:00+00:00,22.84,-0.21081635355949402,1.1826038513436987,1.5869545936584473,-0.6775256027347706
2024-07-22 10:00:00+00:00,4.11,-0.17326435446739197,-1.2821257098114542,1.5439915657043457,0.5987489234476068
2024-07-22 11:00:00+00:00,-10.37,-0.15819978713989258,-4.390896071431,1.475709080696106,2.2734855188454666
2024-07-22 12:00:00+00:00,-0.43,-0.1293802112340927,-0.4108328080876054,1.3847606182098389,-4.184049040190869
2024-07-22 13:00:00+00:00,6.88,-0.10428068786859512,-0.3933267140678876,1.2788450717926025,-0.5918629594409759
2024-07-22 14:00:00+00:00,-6.05,-0.10182350128889084,-2.5646677322174747,1.2307219505310059,-1.9109190917796564
2024-07-22 15:00:00+00:00,-6.64,-0.10501567274332047,-2.2432847068265604,1.2090644836425781,0.9269802997248056
2024-07-22 16:00:00+00:00,6.04,-0.1279812455177307,-0.5410399390543734,1.20758855342865,7.243208030143699
2024-07-22 17:00:00+00:00,-0.08,-0.08437677472829819,-0.09333166433266296,1.2241079807281494,-4.787523781538591
2024-07-22 18:00:00+00:00,-1.72,-0.052208684384822845,-1.195111366723912,1.252105712890625,0.025667957026177635
2024-07-23 10:00:00+00:00,-4.7,-0.033402495086193085,-3.0446755107487347,1.3094022274017334,0.18225327085183707
2024-07-23 11:00:00+00:00,-10.28,-0.016939394176006317,-1.3094104182492499,1.377888798713684,-2.650520007539351
2024-07-23 12:00:00+00:00,8.15,-0.012226812541484833,1.7458956945844428,1.4369029998779297,-6.280351233319315
2024-07-23 13:00:00+00:00,-4.91,0.00048405645065940917,-1.4555693112375154,1.4743075370788574,2.560922123397824
2024-07-23 14:00:00+00:00,1.98,0.01324290782213211,1.4132257439170515,1.5711103677749634,-4.156147444765001
2024-07-23 15:00:00+00:00,-0.13,0.0393911674618721,-0.12496833883177223,1.5961917638778687,-2.6510748006178946
2024-07-23 16:00:00+00:00,14.79,0.058519698679447174,3.762657582850697,1.6364939212799072,-5.159053100268647
2024-07-23 17:00:00+00:00,0.29,0.10721743851900101,1.0580248682104654,1.6209661960601807,-0.05943927592373782
2024-07-23 18:00:00+00:00,8.18,0.12419895082712173,2.2743037348928667,1.6360507011413574,-4.1809266885163385
2024-07-24 10:00:00+00:00,5.22,0.11100993305444717,1.68159824338709,1.619455099105835,1.1368418986195947
2024-07-24 11:00:00+00:00,-1.0,0.10358161479234695,-0.7110443112262637,1.6095143556594849,1.5874600260990226
2024-07-24 12:00:00+00:00,-2.27,0.10300127416849136,-0.6718403902288053,1.580878734588623,2.609292875916884
2024-07-24 13:00:00+00:00,7.01,0.11148003488779068,0.6225483455872824,1.5365238189697266,-0.16514657494683008
2024-07-24 14:00:00+00:00,-0.95,0.11010492593050003,-0.24474079914629024,1.4924625158309937,2.760246989001505
2024-07-24 15:00:00+00:00,6.71,0.1193331852555275,-2.018917422727683,1.446018934249878,-1.1001062049560453
2024-07-24 16:00:00+00:00,1.81,0.12069908529520035,0.9215936933097393,1.3874346017837524,1.0322842497060547
2024-07-24 17:00:00+00:00,-0.96,0.14633682370185852,-1.0991965159926076,1.299194097518921,1.726765729930812
2024-07-24 18:00:00+00:00,-17.2,0.15811887383460999,-4.273906547435754,1.2505342960357666,-0.5894749393147303
2024-07-25 10:00:00+00:00,-13.69,0.15021109580993652,-2.8843002814936662,1.2209481000900269,-4.184581639588647
2024-07-25 11:00:00+00:00,6.33,0.11771834641695023,1.311069497859224,1.1742810010910034,-2.507096717758269
2024-07-25 12:00:00+00:00,11.32,0.06991193443536758,1.56538906944973,1.1430531740188599,-0.8106029728911558
2024-07-25 13:00:00+00:00,-6.65,0.014902301132678986,-0.7927010488440986,1.1307636499404907,-4.48257689604464
2024-07-25 14:00:00+00:00,-1.9,-0.0608685240149498,0.37328611648883087,1.1297633647918701,0.3999617335098631
2024-07-25 15:00:00+00:00,3.95,-0.12996098399162292,2.349433366126336,1.170058250427246,-4.446550465567168
2024-07-25 16:00:00+00:00,7.82,-0.12910154461860657,-0.02225328102804336,1.1970027685165405,-2.8517371522132016
2024-07-25 17:00:00+00:00,-0.37,-0.11599572747945786,1.9499649459386301,1.218024730682373,-3.6661454092070906
2024-07-25 18:00:00+00:00,4.41,-0.06395246833562851,1.3866976426631934,1.2408849000930786,2.123287862589317
2024-07-26 10:00:00+00:00,3.01,-0.002876423532143235,0.34611859894658126,1.2746654748916626,3.2248873542392005
2024-07-26 11:00:00+00:00,8.66,0.05130482465028763,-1.3103007973472562,1.2978394031524658,0.14031950072817567
2024-07-26 12:00:00+00:00,-35.19,0.09727362543344498,-17.43066376153902,1.300628900527954,1.1666754492557052
2024-07-26 13:00:00+00:00,-27.81,0.13729211688041687,-13.537786614321703,1.2969272136688232,-10.647493101412417
2024-07-26 14:00:00+00:00,-0.85,0.19276681542396545,-1.5262068735661862,1.2593934535980225,-6.99731781205014
2024-07-26 15:00:00+00:00,12.66,0.26517775654792786,1.5503439581259344,1.2139692306518555,1.7146481276623229
2024-07-26 16:00:00+00:00,-0.78,0.32335296273231506,-2.048733056773512,1.1841673851013184,1.4570181664466877
2024-07-26 17:00:00+00:00,-12.25,0.36466261744499207,-9.262189628701906,1.1613872051239014,-5.753893130043146
2024-07-26 18:00:00+00:00,-40.72,0.37134644389152527,-15.277818882174408,1.1141525506973267,-4.529757352930611
2024-07-29 10:00:00+00:00,-18.39,0.3699133098125458,-12.391522188025382,1.0465739965438843,-5.612176168360962
2024-07-29 11:00:00+00:00,-4.84,0.3577873408794403,-4.966102426231487,0.9643340110778809,-4.800057669710031
2024-07-29 12:00:00+00:00,-3.81,0.32554325461387634,-3.7075150809398383,0.9008561372756958,3.253066437961417
2024-07-29 13:00:00+00:00,13.41,0.2931637465953827,6.060262277113931,0.8474087715148926,1.522132601124168
2024-07-29 14:00:00+00:00,3.1,0.276143878698349,3.024991288561026,0.7867991924285889,1.201271106038526
2024-07-29 15:00:00+00:00,3.38,0.30130717158317566,3.5127147110368386,0.7516695261001587,-0.5264410121489286
2024-07-29 16:00:00+00:00,-23.61,0.3692280352115631,-3.936385251758872,0.7387117147445679,-9.64191814102374
2024-07-29 17:00:00+00:00,-14.8,0.4593420922756195,-4.98550123155397,0.7208602428436279,-4.878563191814329
2024-07-29 18:00:00+00:00,17.69,0.5412630438804626,0.575434713952216,0.6959611177444458,0.35281997436361967
2024-07-30 10:00:00+00:00,-4.53,0.6377352476119995,-3.08615917118653,0.716708779335022,3.1395506844552803
2024-07-30 11:00:00+00:00,12.61,0.7739403247833252,5.619103351687123,0.7526082992553711,0.06418868339306882
2024-07-30 12:00:00+00:00,6.57,0.8904718160629272,5.160329484003277,0.8097426891326904,-5.7168873777451195
2024-07-30 13:00:00+00:00,5.31,1.003482460975647,4.2795769160266754,0.835870623588562,-4.398923417451526
2024-07-30 14:00:00+00:00,4.0,1.0992720127105713,3.5342887304729493,0.9027886390686035,-3.114058869383456
2024-07-30 15:00:00+00:00,-1.63,1.1850218772888184,1.2809115307723464,0.953166127204895,-2.6540725737267987
2024-07-30 16:00:00+00:00,1.47,1.2580034732818604,0.6003398156794575,1.0158276557922363,1.412302321460262
2024-07-30 17:00:00+00:00,-3.66,1.3574047088623047,-0.46504768938288626,1.1001384258270264,-0.8497146325329408
2024-07-30 18:00:00+00:00,1.35,1.443260669708252,1.1032822193853205,1.174666404724121,-3.271692423120126
2024-07-31 10:00:00+00:00,8.12,1.5196540355682373,4.02432637431617,1.2148661613464355,-3.762807528242761
2024-07-31 11:00:00+00:00,-23.38,1.5894521474838257,-1.4835381843093207,1.251840591430664,-0.15796864374752623
2024-07-31 12:00:00+00:00,1.8,1.6683566570281982,1.7282157182740623,1.2923105955123901,-2.0020715434156857
2024-07-31 13:00:00+00:00,14.05,1.7221262454986572,3.568345480635133,1.3355512619018555,0.846305781682742
2024-07-31 14:00:00+00:00,2.77,1.7869560718536377,2.812631508473215,1.4004186391830444,-3.1172039513399707
2024-07-31 15:00:00+00:00,6.62,1.85184907913208,1.5175527698433873,1.4238685369491577,-9.272137314145823
2024-07-31 16:00:00+00:00,-8.85,1.9082093238830566,-1.4541654361431486,1.4530640840530396,-7.4300911974724615
2024-07-31 17:00:00+00:00,-4.58,1.9674687385559082,-2.5818339614149135,1.4649962186813354,-1.2365122507786
2024-07-31 18:00:00+00:00,21.35,2.035447120666504,-1.5345475470537453,1.4942173957824707,-1.3764769008067146
2024-08-01 10:00:00+00:00,-9.17,2.0968945026397705,-4.178640999382291,1.5067850351333618,2.1410749898323376
2024-08-01 11:00:00+00:00,-1.13,2.1442177295684814,-1.1583451784683623,1.5576457977294922,-2.7507030482210664
2024-08-01 12:00:00+00:00,0.78,2.1747002601623535,-1.3785253627906635,1.5667725801467896,-6.859842283804548
2024-08-01 13:00:00+00:00,-5.99,2.2030575275421143,-4.108591557047717,1.5863862037658691,-3.4788139294819693
2024-08-01 14:00:00+00:00,-3.02,2.2200565338134766,-3.083455169621838,1.6191487312316895,-3.4741192839134305
2024-08-01 15:00:00+00:00,5.5,2.265519618988037,-1.8632817749788146,1.6555202007293701,-3.829815793357124
2024-08-01 16:00:00+00:00,-7.53,2.315113067626953,-5.215245719234818,1.6952221393585205,-3.1434351884086427
2024-08-01 17:00:00+00:00,-7.78,2.396714687347412,-4.41665863195852,1.7253491878509521,-3.1477152836005566
2024-08-01 18:00:00+00:00,-10.88,2.476665496826172,-5.832715803960599,1.7592105865478516,-3.403949377988877
2024-08-02 10:00:00+00:00,-11.72,2.5603017807006836,-8.356042103987505,1.7854914665222168,-7.71253678940975
2024-08-02 11:00:00+00:00,-4.18,2.641273260116577,-4.289067517668072,1.7827937602996826,-6.285576477306069
2024-08-02 12:00:00+00:00,-0.82,2.7251524925231934,-1.6483471167888857,1.78965163230896,-2.346463530237355
2024-08-02 13:00:00+00:00,-11.37,2.803412437438965,-6.349023150354605,1.8053746223449707,1.985736498415602
2024-08-02 14:00:00+00:00,-4.12,2.900211811065674,-4.000677808435476,1.8354880809783936,-9.120864954195696
2024-08-02 15:00:00+00:00,8.63,2.984133243560791,3.3772040396832432,1.8450233936309814,-7.716832452951245
2024-08-02 16:00:00+00:00,6.46,3.0690484046936035,1.4871800233603183,1.8767874240875244,-2.9011902886917946
2024-08-02 17:00:00+00:00,-8.69,3.1598405838012695,-4.248698523614241,1.881850004196167,0.24670934729669602
2024-08-02 18:00:00+00:00,-50.02,3.224273920059204,-12.718804270235335,1.8976376056671143,-2.976906721020667
2024-08-05 10:00:00+00:00,-12.7,3.2744483947753906,-9.590508426565787,1.917921781539917,0.7781606452397845
2024-08-05 11:00:00+00:00,-1.93,3.3115484714508057,-1.7189044252805934,1.913785696029663,1.8665180268837114
2024-08-05 12:00:00+00:00,2.66,3.334944009780884,-0.5339800627191239,1.9379634857177734,-1.7123095190637987
2024-08-05 13:00:00+00:00,-11.04,3.3514723777770996,-7.884288562217706,1.9595215320587158,-6.647059392994949
2024-08-05 14:00:00+00:00,-14.41,3.3696863651275635,-7.76951429704352,1.9844310283660889,0.07689468383050102
2024-08-05 15:00:00+00:00,1.85,3.392763376235962,0.9380955385785027,2.014812707901001,0.5221048505035645
2024-08-05 16:00:00+00:00,15.43,3.427058458328247,7.310359970164274,2.0602407455444336,4.16559091083546
2024-08-05 17:00:00+00:00,-0.12,3.479715347290039,-0.10739515570300304,2.084649085998535,-3.5418635153791045
2024-08-05 18:00:00+00:00,33.44,3.5418217182159424,12.730173461421199,2.105717182159424,1.7181538975073383
2024-08-06 10:00:00+00:00,-22.66,3.6143057346343994,-11.219885671107939,2.1362016201019287,2.369103228741683
2024-08-06 11:00:00+00:00,1.08,3.700857639312744,1.1014576812452823,2.120598793029785,-1.7780167828011961
2024-08-06 12:00:00+00:00,6.29,3.765594005584717,2.309174939680471,2.140638589859009,3.8792369119895245
2024-08-06 13:00:00+00:00,-9.84,3.820924758911133,-6.15911380777836,2.1550111770629883,-1.7277769497550781
2024-08-06 14:00:00+00:00,-14.91,3.8559985160827637,-10.731241719067627,2.1775929927825928,-0.12518229291015576
2024-08-06 15:00:00+00:00,1.04,3.911886692047119,1.0652116274884276,2.1892521381378174,4.1690776035704005
2024-08-06 16:00:00+00:00,7.0,3.9683847427368164,3.910707739669241,2.218118906021118,2.8188585299033506
2024-08-06 17:00:00+00:00,0.59,4.06930685043335,0.670574083429512,2.2254490852355957,-1.8207897995574647
2024-08-06 18:00:00+00:00,0.98,4.157488822937012,0.827620740706547,2.251941680908203,1.6733388738781574
2024-08-07 10:00:00+00:00,-16.89,4.249565601348877,-8.834593441454386,2.2616701126098633,0.28550845392611823
2024-08-07 11:00:00+00:00,13.32,4.3318095207214355,5.449894161453594,2.2844648361206055,-0.31950955391001
2024-08-07 12:00:00+00:00,-10.65,4.428342342376709,-1.8127132946521645,2.2959840297698975,0.44595482262692776
2024-08-07 13:00:00+00:00,11.92,4.540705680847168,9.838854227574732,2.3008193969726562,4.035964830913537
2024-08-07 14:00:00+00:00,15.64,4.653396129608154,8.403137621809483,2.32383131980896,0.8403949311644454
2024-08-07 15:00:00+00:00,1.12,4.770755767822266,0.9151536307581172,2.3407719135284424,0.6539974009944707
2024-08-07 16:00:00+00:00,19.02,4.8776350021362305,6.121498125461874,2.3674118518829346,3.188644486810336
2024-08-07 17:00:00+00:00,9.73,5.015982151031494,7.478375195328217,2.371509552001953,0.8499932402566832
2024-08-07 18:00:00+00:00,1.54,5.117801666259766,1.5573487469468983,2.3915631771087646,-4.072633962899795
2024-08-08 10:00:00+00:00,4.22,5.225146293640137,2.9258725497736964,2.4212608337402344,-3.2722685622328833
2024-08-08 11:00:00+00:00,-7.03,5.3093390464782715,-4.650095426829159,2.443385601043701,-0.5467523246204357
2024-08-08 12:00:00+00:00,-10.04,5.359798431396484,-5.689862682205978,2.468121290206909,-3.6510392220978827
2024-08-08 13:00:00+00:00,3.43,5.411288738250732,-0.8722863817105858,2.4910387992858887,-2.801981112893245
2024-08-08 14:00:00+00:00,-5.42,5.459118366241455,-3.644857360990177,2.51948618888855,-0.4406208094583036
2024-08-08 15:00:00+00:00,-7.02,5.514735221862793,-5.6915371453797405,2.5623393058776855,2.0462897889599287
2024-08-08 16:00:00+00:00,4.87,5.573319435119629,0.906291144989855,2.61572003364563,-5.700127464203397
2024-08-08 17:00:00+00:00,-6.98,5.636519432067871,-3.0380151474847863,2.6347296237945557,-1.646650325420924
2024-08-08 18:00:00+00:00,11.6,5.691128253936768,1.0401508360991345,2.6565628051757812,-1.9820858064698859
2024-08-09 10:00:00+00:00,-5.53,5.757051944732666,-3.3291055778685106,2.6950271129608154,-0.26230066483931724
2024-08-09 11:00:00+00:00,-8.31,5.807607650756836,-3.463583696292749,2.7391505241394043,-6.184307072646774
2024-08-09 12:00:00+00:00,-0.15,5.846591949462891,-0.17945444132827598,2.7736029624938965,4.28053546869905
2024-08-09 13:00:00+00:00,1.5,5.908873081207275,1.6866776621156734,2.7976226806640625,-0.9566254188058086
2024-08-09 14:00:00+00:00,2.66,5.96710205078125,1.1723394520261579,2.824049234390259,-0.07970743524369855
2024-08-09 15:00:00+00:00,-9.25,6.016048431396484,-2.3728618030447888,2.8523812294006348,-3.285483199510736
2024-08-09 16:00:00+00:00,1.69,6.071824550628662,-0.23289505218859224,2.8918731212615967,-2.8788051468873355
2024-08-09 17:00:00+00:00,1.57,6.177041530609131,0.819482446834896,2.9074923992156982,0.6548003222949519
2024-08-09 18:00:00+00:00,-17.14,6.249537944793701,-2.0612036139615735,2.92228364944458,2.4466505650338273
2024-08-12 10:00:00+00:00,-11.85,6.334478378295898,-6.290141859041243,2.947166919708252,-4.229306852469409
2024-08-12 11:00:00+00:00,5.74,6.4238715171813965,4.119324863961366,2.950680732727051,1.794828198490607
2024-08-12 12:00:00+00:00,8.32,6.5133957862854,6.201591252728544,2.967665910720825,5.528054492447081
2024-08-12 13:00:00+00:00,8.13,6.587212562561035,4.8159709186407405,3.0015578269958496,-0.40750924554500023
2024-08-12 14:00:00+00:00,11.61,6.646933078765869,5.450124752367387,3.0352871417999268,5.083189188940144
2024-08-12 15:00:00+00:00,-8.38,6.706078052520752,-2.2618601298019865,3.0696334838867188,2.9367186134268928
2024-08-12 16:00:00+00:00,5.4,6.766149520874023,2.7747259464064045,3.0837929248809814,0.7692989633481127
2024-08-12 17:00:00+00:00,-5.35,6.809980392456055,0.43180261985248747,3.102515935897827,3.6022330829328606
2024-08-12 18:00:00+00:00,25.14,6.8460693359375,3.3704809553965425,3.1242239475250244,0.29077975897372377
2024-08-13 10:00:00+00:00,4.23,6.889927864074707,1.7739394523253573,3.1421432495117188,5.4075811608807784
2024-08-13 11:00:00+00:00,9.49,6.904061794281006,2.0974714344002385,3.147160768508911,6.0810670911377676
2024-08-13 12:00:00+00:00,-1.45,6.920829772949219,-1.3037695499104858,3.1494250297546387,4.090939229046082
2024-08-13 13:00:00+00:00,-1.46,6.915886402130127,-0.47324889608318044,3.1405282020568848,1.432471196265195
2024-08-13 14:00:00+00:00,4.48,6.911667823791504,2.9112668312215586,3.127875566482544,-0.57607064645097
2024-08-13 15:00:00+00:00,7.0,6.911324977874756,1.9917432834689115,3.112675428390503,1.4637426006711671
2024-08-13 16:00:00+00:00,-4.01,6.892673969268799,-3.4733593968913037,3.1080410480499268,-0.08625907574658326
2024-08-13 17:00:00+00:00,-3.59,6.935695648193359,-1.91351435623885,3.0704965591430664,1.3038970473532985
2024-08-13 18:00:00+00:00,14.0,6.956498146057129,2.372692195840032,3.0361266136169434,-3.273172343259345
2024-08-14 10:00:00+00:00,7.39,6.9913740158081055,3.5931073491966945,2.977109909057617,1.8131072647449136
2024-08-14 11:00:00+00:00,-3.11,7.003228664398193,-2.997125066388615,2.9200103282928467,-5.517346197488603
2024-08-14 12:00:00+00:00,-12.78,6.988600254058838,-7.190389197315051,2.8623812198638916,0.3901512896148023
2024-08-14 13:00:00+00:00,-0.07,7.00297212600708,-0.9492121272176455,2.798675298690796,0.29874891758200117
2024-08-14 14:00:00+00:00,-0.28,7.016196250915527,-1.4572406731914582,2.7296597957611084,-2.897017055851655
2024-08-14 15:00:00+00:00,-1.46,6.9811906814575195,-1.5653584521969024,2.67449688911438,-3.238250827037098
2024-08-14 16:00:00+00:00,-8.62,6.928497314453125,-6.066717159268408,2.632063388824463,-3.8048059879068044
2024-08-14 17:00:00+00:00,-8.56,6.9057416915893555,-6.472029423564192,2.583272695541382,-2.002634302264762
2024-08-14 18:00:00+00:00,-18.96,6.811746597290039,-12.019354965426302,2.5359067916870117,-5.63719397031881
2024-08-15 10:00:00+00:00,-6.09,6.670312881469727,-5.8668318157718,2.4941136837005615,-1.794090015961888
2024-08-15 11:00:00+00:00,15.5,6.458302021026611,3.8131779861101722,2.4681131839752197,-1.0371896873534237
2024-08-15 12:00:00+00:00,-7.9,6.231103897094727,-6.65426496042763,2.4622902870178223,1.7614870043366064
2024-08-15 13:00:00+00:00,-4.02,6.007101535797119,-4.239987204122964,2.4498705863952637,-5.209683863888995
2024-08-15 14:00:00+00:00,-8.28,5.740400791168213,-7.025682782667978,2.435746908187866,0.025496339759359943
2024-08-15 15:00:00+00:00,2.17,5.460527420043945,-0.20317623195909865,2.426198959350586,0.8288769266786882
2024-08-15 16:00:00+00:00,-4.78,5.21620512008667,-4.795041628116327,2.4288814067840576,1.5352800783829297
2024-08-15 17:00:00+00:00,-0.64,5.01101541519165,-0.5796651754607743,2.4374916553497314,1.1968620066344655
2024-08-15 18:00:00+00:00,-2.49,4.801947593688965,-2.2852283231891155,2.4725141525268555,-0.27238241767608257
2024-08-16 10:00:00+00:00,-3.36,4.576145648956299,-2.811833810245833,2.5041391849517822,2.3468512007969276
2024-08-16 11:00:00+00:00,-0.32,4.3607659339904785,-0.3550502814838613,2.5381271839141846,-3.2509376796061518
2024-08-16 12:00:00+00:00,-2.32,4.179807662963867,-1.4356028712496662,2.564152479171753,-2.870894064569076
2024-08-16 13:00:00+00:00,-0.34,4.045590400695801,-0.548544524922597,2.5853888988494873,-4.329129168937323
2024-08-16 14:00:00+00:00,5.22,3.9406208992004395,0.40918771253257336,2.6062557697296143,0.698455463428197
2024-08-16 15:00:00+00:00,6.03,3.872649669647217,1.339635351067665,2.6497833728790283,-0.003193730417158036
2024-08-16 16:00:00+00:00,-5.18,3.8153157234191895,-1.5852897694146026,2.698756217956543,1.6986170715771363
2024-08-16 17:00:00+00:00,-7.15,3.783168315887451,-2.8376570323144508,2.7581660747528076,-2.2695403844180055
2024-08-16 18:00:00+00:00,-18.97,3.729602336883545,-4.077653671888928,2.81457781791687,1.4306396006834832
2024-08-19 10:00:00+00:00,3.33,3.660653591156006,0.41461225747616764,2.870784282684326,4.239840888274373
2024-08-19 11:00:00+00:00,-14.19,3.5925064086914062,-2.8694589396079357,2.9339325428009033,0.31711927642336546
2024-08-19 12:00:00+00:00,-3.4,3.514249563217163,-3.4764518749093343,2.9840786457061768,-1.5510023585237651
2024-08-19 13:00:00+00:00,-8.13,3.4395782947540283,-4.3331071817530145,3.0206708908081055,0.08096624310680883
2024-08-19 14:00:00+00:00,-5.47,3.382406234741211,-2.8551828117761207,3.0515873432159424,0.2522426682619804
2024-08-19 15:00:00+00:00,12.08,3.351224899291992,0.11846651651344631,3.089566707611084,-1.882058279343756
2024-08-19 16:00:00+00:00,-0.92,3.3117902278900146,-1.319305460718719,3.1192781925201416,-0.32684990637157835
2024-08-19 17:00:00+00:00,-16.89,3.293656349182129,-3.72930323276924,3.1685593128204346,-1.5806033260665562
2024-08-19 18:00:00+00:00,-10.47,3.245133638381958,-3.886427088548522,3.188767433166504,-3.7227060172352817
2024-08-20 10:00:00+00:00,4.49,3.1856303215026855,3.1566363760390477,3.2062857151031494,-3.624047977865367
2024-08-20 11:00:00+00:00,14.98,3.121453285217285,6.859836207389933,3.198918104171753,-2.5207161661470567
2024-08-20 12:00:00+00:00,8.29,3.0577621459960938,2.362740170453283,3.1943817138671875,0.6104802899864803
2024-08-20 13:00:00+00:00,-0.79,2.9994759559631348,-0.46354190235631376,3.182628870010376,1.3959724237871853
2024-08-20 14:00:00+00:00,-10.02,2.919055223464966,-3.2358486546149376,3.1548972129821777,-1.2998413757077776
2024-08-20 15:00:00+00:00,10.22,2.85316801071167,0.4932850139652851,3.135261058807373,0.8855454769672833
2024-08-20 16:00:00+00:00,-13.78,2.777028799057007,-4.105470985589218,3.1237881183624268,-2.754268416608995
2024-08-20 17:00:00+00:00,-10.14,2.6966490745544434,-2.8914735635187796,3.1076512336730957,0.26420856588797503
2024-08-20 18:00:00+00:00,3.97,2.5475103855133057,0.21470708224429189,3.0627665519714355,-2.2904851333455394
2024-08-21 10:00:00+00:00,-13.21,2.3442955017089844,-1.692857045848425,3.0011048316955566,2.2575755207470043
2024-08-21 11:00:00+00:00,-5.82,2.145331382751465,-0.871561564449046,2.932011842727661,-2.4418110460057734
2024-08-21 12:00:00+00:00,1.54,1.9955694675445557,1.4839802059727196,2.8587470054626465,-5.052635515659217
2024-08-21 13:00:00+00:00,5.17,1.8702442646026611,3.188425490690552,2.8065662384033203,0.10545567576058507
2024-08-21 14:00:00+00:00,0.7,1.7431609630584717,0.9177045477206478,2.753821611404419,-0.8343066903923989
2024-08-21 15:00:00+00:00,14.49,1.6927266120910645,2.0989693381419876,2.7224326133728027,-1.6627344958044703
2024-08-21 16:00:00+00:00,-1.68,1.619905948638916,-1.281881245166227,2.6864309310913086,-1.8035309526546601
2024-08-21 17:00:00+00:00,-5.44,1.6022765636444092,-4.0657958942508285,2.6698358058929443,-3.6235657724838237
2024-08-21 18:00:00+00:00,4.45,1.5743473768234253,-0.4102233169423945,2.6398346424102783,-1.2332719313434761
2024-08-22 10:00:00+00:00,8.73,1.6103819608688354,1.1004892437083178,2.6127634048461914,1.2025828629783792
2024-08-22 11:00:00+00:00,-2.46,1.6517648696899414,-2.3346589882794038,2.5968003273010254,0.5241707484675188
2024-08-22 12:00:00+00:00,-6.2,1.7493808269500732,-6.402452466875992,2.559892416000366,-8.99680075211452
2024-08-22 13:00:00+00:00,-14.34,1.8446342945098877,-9.680822640734284,2.5135438442230225,1.8434497122322608
2024-08-22 14:00:00+00:00,-8.41,1.9278438091278076,-5.526662412753965,2.478163003921509,-3.7000671202894635
2024-08-22 15:00:00+00:00,-7.86,2.048482656478882,-7.854901996742251,2.435638666152954,-4.192599194309956
2024-08-22 16:00:00+00:00,0.85,2.157463550567627,-2.9492110079366967,2.3800137042999268,-0.11344074398299106
2024-08-22 17:00:00+00:00,-17.15,2.285895824432373,-10.016149467084412,2.344309091567993,-0.2484064558487615
2024-08-22 18:00:00+00:00,-28.15,2.428635358810425,-18.904680365725103,2.299678325653076,-2.639347664386653
2024-08-23 10:00:00+00:00,4.29,2.5755088329315186,3.8632307813558056,2.252157688140869,1.4165834828096682
2024-08-23 11:00:00+00:00,9.44,2.7303879261016846,4.227998044916619,2.210256576538086,2.0024255581810797
2024-08-23 12:00:00+00:00,-10.55,2.8910603523254395,-9.248809025680377,2.1507151126861572,1.0486716107028318
2024-08-23 13:00:00+00:00,-12.18,3.0988028049468994,-9.832747058120773,2.1051249504089355,-4.549464242831799
2024-08-23 14:00:00+00:00,3.38,3.325942039489746,0.040717610753575564,2.051827907562256,-0.8126097658455418
2024-08-23 15:00:00+00:00,-2.21,3.5354440212249756,-2.2951830091658674,2.0193655490875244,-0.04934368991464355
2024-08-23 16:00:00+00:00,-24.31,3.7420597076416016,-16.612399827803404,1.95991849899292,-1.0217915902659804
2024-08-23 17:00:00+00:00,-2.99,3.942559242248535,-2.779591902384287,1.9233078956604004,2.0207916382885216
2024-08-23 18:00:00+00:00,82.81,4.109731197357178,29.487250927803316,1.8817534446716309,9.36756569006026
2024-08-26 10:00:00+00:00,4.06,4.288702487945557,4.082325599062203,1.8616085052490234,1.5440865990054533
2024-08-26 11:00:00+00:00,4.04,4.418055534362793,4.3271836281865665,1.8138008117675781,-4.534244617425297
2024-08-26 12:00:00+00:00,13.57,4.524516582489014,7.447015365368487,1.7611298561096191,-0.6981821056668416
2024-08-26 13:00:00+00:00,8.6,4.640758514404297,7.476460601963137,1.7100293636322021,-0.37941107066873947
2024-08-26 14:00:00+00:00,2.71,4.756969928741455,2.8231020684323087,1.6549537181854248,4.07049067202831
2024-08-26 15:00:00+00:00,-0.73,4.856176376342773,-0.9735607619702233,1.5918617248535156,2.5910907319438303
2024-08-26 16:00:00+00:00,-6.83,4.939068794250488,-6.682315831840394,1.5156718492507935,3.9834899705282654
2024-08-26 17:00:00+00:00,-6.95,5.018488883972168,-6.9623916422927605,1.4343873262405396,1.0257845742048337
2024-08-26 18:00:00+00:00,16.02,5.050999164581299,7.906130507063185,1.3381439447402954,4.143202645136787
2024-08-27 10:00:00+00:00,-17.6,5.057229995727539,-12.558550982128134,1.2498269081115723,-3.3893126532598714
2024-08-27 11:00:00+00:00,3.16,5.03883695602417,-3.213173313365524,1.1433689594268799,-2.0905524055121703
2024-08-27 12:00:00+00:00,-10.55,4.972382068634033,-8.58140181552845,1.037986159324646,-7.34030289884706
2024-08-27 13:00:00+00:00,4.49,4.890514373779297,-3.743722816071986,0.9394851922988892,2.842372322828938
2024-08-27 14:00:00+00:00,-16.01,4.831990718841553,-12.899475892743537,0.8588347434997559,-6.134169767004062
2024-08-27 15:00:00+00:00,-12.51,4.771885871887207,-11.363246175794957,0.766382098197937,-0.9794012547218305
2024-08-27 16:00:00+00:00,2.51,4.7475433349609375,-0.8792319204265742,0.6809808015823364,1.666318089699951
2024-08-27 17:00:00+00:00,-2.88,4.726611614227295,-6.698097149885441,0.5990111231803894,-1.027639985672142
2024-08-27 18:00:00+00:00,-13.24,4.6721062660217285,-12.309452433413384,0.5224636197090149,-5.289222123542497
2024-08-28 10:00:00+00:00,-12.56,4.63997745513916,-11.13530503723773,0.4436136782169342,-0.4302800143990373
2024-08-28 11:00:00+00:00,-9.31,4.558732509613037,-9.489626959291455,0.3560146987438202,1.1064247074505769
2024-08-28 12:00:00+00:00,-11.91,4.477721691131592,-11.758917618957659,0.2777465879917145,-2.7637887339301788
2024-08-28 13:00:00+00:00,-18.85,4.377827167510986,-12.445280878888097,0.19916173815727234,-7.218143823365907
2024-08-28 14:00:00+00:00,22.4,4.252045154571533,8.530039555302809,0.11272979527711868,1.999161314313298
2024-08-28 15:00:00+00:00,19.41,4.126690864562988,7.865040629261525,0.052432991564273834,0.5868179544638537
2024-08-28 16:00:00+00:00,-0.24,3.9819865226745605,-0.3188312534192255,-0.017137758433818817,0.8788048154826438
2024-08-28 17:00:00+00:00,-6.1,3.8122477531433105,-3.313354596807677,-0.07903274148702621,-5.024749284906382
2024-08-28 18:00:00+00:00,7.26,3.5838165283203125,2.0098052481665447,-0.13749052584171295,3.7412440350650877
2024-08-29 10:00:00+00:00,6.72,3.36995267868042,3.9900386099198757,-0.17737451195716858,-0.8866223853973296
2024-08-29 11:00:00+00:00,-28.21,3.197420120239258,-6.8455896816733475,-0.2100207507610321,-2.4137074663503038
2024-08-29 12:00:00+00:00,11.5,3.074427366256714,1.4635836121428387,-0.23332808911800385,8.808719288029902
2024-08-29 13:00:00+00:00,-0.57,2.962092161178589,-1.190437554759801,-0.24700963497161865,2.266246069881294
2024-08-29 14:00:00+00:00,-3.76,2.888639450073242,-3.6606844509181924,-0.24782711267471313,7.385499150273123
2024-08-29 15:00:00+00:00,0.87,2.820622205734253,0.6897138989661189,-0.22952008247375488,-4.185539930121358
2024-08-29 16:00:00+00:00,12.83,2.7442967891693115,3.2892508361521164,-0.2179374098777771,-2.4913431411436138
2024-08-29 17:00:00+00:00,1.65,2.687396764755249,1.625179538091687,-0.19800692796707153,-0.9667359137642588
2024-08-29 18:00:00+00:00,-9.34,2.6112804412841797,-6.835239304588385,-0.2011486440896988,2.479887542090006
2024-08-30 10:00:00+00:00,2.02,2.526188373565674,-0.10438952705246445,-0.21288250386714935,-4.279204704002607
2024-08-30 11:00:00+00:00,-25.77,2.450369358062744,-10.323641505375825,-0.2289486527442932,1.0604274579591015
2024-08-30 12:00:00+00:00,-7.42,2.3817925453186035,-7.489880034462936,-0.23642495274543762,2.0492372516343274
2024-08-30 13:00:00+00:00,-15.09,2.310035467147827,-10.07409021234398,-0.23442494869232178,-1.8036605696790922
2024-08-30 14:00:00+00:00,5.86,2.277318000793457,1.0122470140715008,-0.22399836778640747,7.2765828379491495
2024-08-30 15:00:00+00:00,-0.51,2.2373132705688477,-0.5195939526854374,-0.18673239648342133,-3.7897637324779865
2024-08-30 16:00:00+00:00,-10.93,2.1970877647399902,-10.101216895770856,-0.14725254476070404,1.9466170834461458
2024-08-30 17:00:00+00:00,3.23,2.158447265625,-6.130757784271053,-0.08583586663007736,-1.69879391988305
2024-08-30 18:00:00+00:00,-59.75,2.1143627166748047,-33.531818713052054,-0.012464575469493866,-12.10114469225034
2024-09-02 10:00:00+00:00,-17.21,2.065310001373291,-12.401318713136703,0.05710158497095108,-5.540852060118375
2024-09-02 11:00:00+00:00,1.39,2.006441593170166,1.2187479704011472,0.10373983532190323,7.546732526535445
2024-09-02 12:00:00+00:00,11.93,1.942789077758789,6.900774215543398,0.16882476210594177,4.69319476393952
2024-09-02 13:00:00+00:00,-17.13,1.8939497470855713,-14.424107366044407,0.23671230673789978,0.676406638735334
2024-09-02 14:00:00+00:00,-20.92,1.8331849575042725,-19.092940325062106,0.2950522005558014,-2.9882478590506203
2024-09-02 15:00:00+00:00,2.82,1.7895123958587646,1.3174601584805403,0.36897364258766174,4.972693094512053
2024-09-02 16:00:00+00:00,8.47,1.7586956024169922,4.705728387240333,0.440938800573349,-6.662701839780425
2024-09-02 17:00:00+00:00,-14.85,1.783686637878418,-12.04585418057575,0.5382912158966064,1.3976216481193564
2024-09-02 18:00:00+00:00,-19.52,1.7653698921203613,-15.326763768863382,0.5912300944328308,3.843381309217685
2024-09-03 10:00:00+00:00,63.82,1.7665765285491943,14.844742752399865,0.6564151048660278,15.958295570534712
2024-09-03 11:00:00+00:00,-3.96,1.7645018100738525,-3.913697446871009,0.7136293649673462,-1.8158041748440041
2024-09-03 12:00:00+00:00,1.93,1.748380422592163,-1.2057505881916954,0.7293529510498047,-8.722763151392662
2024-09-03 13:00:00+00:00,-29.24,1.7285935878753662,-16.94244823085881,0.7582688331604004,-4.470069224702863
2024-09-03 14:00:00+00:00,-5.83,1.6856646537780762,-6.891299562176718,0.7570604085922241,-0.8233336118062802
2024-09-03 15:00:00+00:00,1.07,1.6194522380828857,-1.3156641994771647,0.7657543420791626,1.6843144838025355
2024-09-03 16:00:00+00:00,-27.88,1.5483120679855347,-17.18087511755708,0.7807488441467285,-3.7427319639444354
2024-09-03 17:00:00+00:00,-1.08,1.528804063796997,-0.8640622139838328,0.8582621812820435,1.1963811783460763
2024-09-03 18:00:00+00:00,31.1,1.5067534446716309,9.337848636910895,0.9396754503250122,-0.1904135902360391
2024-09-04 10:00:00+00:00,1.77,1.4893121719360352,1.9570557715095658,1.0412635803222656,1.530846957858543
2024-09-04 11:00:00+00:00,3.86,1.51008141040802,3.5067043242880938,1.1659560203552246,-6.502365255383289
2024-09-04 12:00:00+00:00,18.26,1.5469300746917725,9.65515537011393,1.2767674922943115,1.2547809229256632
2024-09-04 13:00:00+00:00,3.5,1.565854549407959,3.329191784136102,1.3825706243515015,-1.373109702723065
2024-09-04 14:00:00+00:00,-4.76,1.6246147155761719,1.5203734186047693,1.4813969135284424,-6.280527142334176
2024-09-04 15:00:00+00:00,-0.5,1.6982941627502441,1.339471785523347,1.5409722328186035,-1.317965635550414
2024-09-04 16:00:00+00:00,14.31,1.7706031799316406,-0.5904800435254656,1.5473402738571167,-0.45941358808744914
2024-09-04 17:00:00+00:00,13.23,1.8535995483398438,-0.4394471675195796,1.6034536361694336,0.7909353970612363
2024-09-04 18:00:00+00:00,16.99,1.9228005409240723,-3.6638078050106997,1.669189453125,-1.877889513503536
2024-09-05 10:00:00+00:00,1.47,2.016859292984009,-1.5124655945675285,1.7236993312835693,-10.347568718808235
2024-09-05 11:00:00+00:00,19.4,2.121932029724121,0.13813725751291436,1.7262835502624512,-11.495003556159475
2024-09-05 12:00:00+00:00,1.14,2.2086081504821777,-2.076729253714288,1.7131640911102295,-12.270009165809265
2024-09-05 13:00:00+00:00,9.43,2.299618721008301,-1.3532826539715517,1.6939046382904053,-1.7317960939594386
2024-09-05 14:00:00+00:00,-4.12,2.397169351577759,-1.5617895059271745,1.6880035400390625,-12.667319028481442
2024-09-05 15:00:00+00:00,-1.05,2.505376100540161,0.2747560091306698,1.637741208076477,-0.4253918023737115
2024-09-05 16:00:00+00:00,-10.23,2.6351447105407715,0.20034060976002155,1.6003291606903076,-1.1516782262874545
2024-09-05 17:00:00+00:00,-16.56,2.774658679962158,2.0429196876136255,1.5740704536437988,-4.066067299913422
2024-09-05 18:00:00+00:00,1.44,2.9339473247528076,-1.2754359272587377,1.547401785850525,-12.08641029995946
2024-09-06 10:00:00+00:00,-9.57,3.1058642864227295,-1.2219532404720528,1.5251049995422363,-2.8265016978292157
2024-09-06 11:00:00+00:00,4.6,3.269014596939087,-2.0097818338863074,1.4985939264297485,2.463360850037436
2024-09-06 12:00:00+00:00,-3.95,3.416964530944824,0.3421783569519405,1.4654664993286133,-11.246383652780654
2024-09-06 13:00:00+00:00,6.37,3.5414600372314453,-4.751227935461448,1.426571249961853,1.4523577723072432
2024-09-06 14:00:00+00:00,21.65,3.637037754058838,-5.5551420678033105,1.4112794399261475,-4.1708903590726365
2024-09-06 15:00:00+00:00,2.13,3.7116527557373047,-0.2548793663047458,1.383892297744751,-0.3480479637706445
2024-09-06 16:00:00+00:00,-19.53,3.7769341468811035,-3.9384470319031792,1.3679640293121338,-10.409589008665733
2024-09-06 17:00:00+00:00,-1.39,3.8640103340148926,-2.8837410475545,1.3483974933624268,-5.879868336938349
2024-09-06 18:00:00+00:00,48.41,3.93119478225708,-4.410437780778843,1.3205578327178955,3.621818457718875
2024-09-09 10:00:00+00:00,3.08,3.9931893348693848,1.379182322923788,1.2761379480361938,-0.33583425445389087
2024-09-09 11:00:00+00:00,9.84,4.064681053161621,-2.963065270212214,1.228256344795227,-7.500245979348382
2024-09-09 12:00:00+00:00,7.53,4.139792442321777,0.19695811061270185,1.1828925609588623,-1.3291823774201663
2024-09-09 13:00:00+00:00,-6.25,4.214113235473633,-2.814592637954217,1.1452827453613281,0.7651594237680314
2024-09-09 14:00:00+00:00,-2.04,4.278995037078857,-1.0829390169703177,1.1279157400131226,-1.859215447144466
2024-09-09 15:00:00+00:00,-0.38,4.323359966278076,-2.7215210698356747,1.1346067190170288,-2.50903580664466
2024-09-09 16:00:00+00:00,10.21,4.374059677124023,-4.382854000861865,1.1213372945785522,0.7988482653766151
2024-09-09 17:00:00+00:00,9.4,4.433066368103027,-2.7673386949001535,1.1206659078598022,0.6133472939427097
2024-09-09 18:00:00+00:00,4.01,4.501999855041504,-5.486968272134607,1.1054304838180542,0.3654233257439652
2024-09-10 10:00:00+00:00,-10.8,4.569553375244141,0.8644482319603584,1.071626901626587,-14.078396973104809
2024-09-10 11:00:00+00:00,1.11,4.631080627441406,0.06332205242103149,1.018134355545044,-2.868897046786965
2024-09-10 12:00:00+00:00,-2.68,4.69440221786499,-4.164514512212655,0.9662003517150879,1.2436929093415392
2024-09-10 13:00:00+00:00,-3.28,4.75397253036499,-5.800267684717882,0.9145083427429199,0.769974231515093
2024-09-10 14:00:00+00:00,-6.13,4.8118791580200195,-2.958104654706666,0.8966187238693237,0.6204275481789789
2024-09-10 15:00:00+00:00,8.75,4.8404388427734375,-5.051933593965062,0.8750797510147095,-1.0923378358425087
2024-09-10 16:00:00+00:00,-18.68,4.875654220581055,-6.934069258649917,0.8335871696472168,2.135459155011944
2024-09-10 17:00:00+00:00,-4.09,4.933613300323486,-4.351994297129003,0.7955933809280396,-7.219691202372402
2024-09-10 18:00:00+00:00,1.35,4.988449573516846,-11.087139641865367,0.7560601234436035,-2.7047615451627127
2024-09-11 10:00:00+00:00,-8.47,5.033653259277344,-4.4437264242950905,0.7338956594467163,-1.311904345663948
2024-09-11 11:00:00+00:00,3.26,5.067227840423584,-9.44200784492038,0.7105250358581543,-0.2111022851414723
2024-09-11 12:00:00+00:00,-1.01,5.0739970207214355,-11.345259653943723,0.6670849323272705,-4.176030038466657
2024-09-11 13:00:00+00:00,11.11,5.116277694702148,-11.134158413183421,0.6255182027816772,-1.5197822066738245
2024-09-11 14:00:00+00:00,1.11,5.122599124908447,-6.203603532293474,0.6035842895507812,-0.7203742227470615
2024-09-11 15:00:00+00:00,-2.16,5.106377124786377,-6.510919941314219,0.5793651938438416,2.837426842982772
2024-09-11 16:00:00+00:00,-11.49,5.056858539581299,-5.946164846577329,0.5439347624778748,-0.4711571056376355
2024-09-11 17:00:00+00:00,2.95,5.029613494873047,-14.345596808017739,0.5518117547035217,1.1620127172866168
2024-09-11 18:00:00+00:00,-41.29,4.997958660125732,-7.371752885242951,0.5975325107574463,1.3915775593538635
2024-09-12 10:00:00+00:00,-2.34,4.951287269592285,-2.9528398541504712,0.644016683101654,-0.13092976626947792
2024-09-12 11:00:00+00:00,-2.38,4.885028839111328,-4.260824579434169,0.6623880863189697,-2.5999653975236328
2024-09-12 12:00:00+00:00,-1.16,4.820605754852295,-9.143552032335965,0.6789578199386597,3.095920572120998
2024-09-12 13:00:00+00:00,2.96,4.732734203338623,-11.427932441946506,0.6849113702774048,0.2698789548148977
2024-09-12 14:00:00+00:00,-16.22,4.648893356323242,-10.45912305455511,0.676581859588623,1.755368494587302
2024-09-12 15:00:00+00:00,6.82,4.5641398429870605,-11.463105709526857,0.6549854278564453,-4.8539781335145875
2024-09-12 16:00:00+00:00,3.31,4.413077354431152,-12.963809303625895,0.6275360584259033,-0.08536092325009695
2024-09-12 17:00:00+00:00,-2.73,4.272110462188721,-10.782578644960886,0.6173210144042969,7.700687900818105
2024-09-12 18:00:00+00:00,19.71,4.108676910400391,-13.308457185679863,0.6148950457572937,3.4997159353384344
2024-09-13 10:00:00+00:00,-1.82,3.9536852836608887,-8.469492223960394,0.6495223045349121,1.764335877229609
2024-09-13 11:00:00+00:00,0.64,3.795779228210449,-8.39946937984461,0.7052545547485352,4.790590665375202
2024-09-13 12:00:00+00:00,-29.44,3.641533136367798,-8.326867252777173,0.8044689893722534,1.269935053065915
2024-09-13 13:00:00+00:00,-3.29,3.477583408355713,-4.396220778249687,0.8713436126708984,-7.16807341838542
2024-09-13 14:00:00+00:00,27.59,3.299527883529663,-7.388230507743243,0.8969796895980835,0.7355417071917861
2024-09-13 15:00:00+00:00,18.72,3.138521432876587,-3.4640917617689237,0.9521658420562744,0.5553794169548059
2024-09-13 16:00:00+00:00,17.1,3.021618604660034,-3.9131845440209108,1.0050915479660034,0.04315682047011876
2024-09-13 17:00:00+00:00,14.78,2.8927969932556152,-2.2209459686836275,1.0733683109283447,-4.4122587709548835
2024-09-13 18:00:00+00:00,9.98,2.760166645050049,-2.782700832976182,1.1197144985198975,-8.149407018301252
2024-09-16 10:00:00+00:00,20.55,2.6308090686798096,-1.1259012119443186,1.1723923683166504,-8.295689701569026
2024-09-16 11:00:00+00:00,21.02,2.491506814956665,-4.0653197039428965,1.2130024433135986,-5.132080899238197
2024-09-16 12:00:00+00:00,-0.39,2.385040044784546,-2.7940485946037326,1.2776223421096802,-6.128417942425835
2024-09-16 13:00:00+00:00,6.38,2.27016019821167,-3.5178346411511527,1.322295069694519,-4.944370009573404
2024-09-16 14:00:00+00:00,4.47,2.1462790966033936,-4.447486161894554,1.34565007686615,-0.18654622374334373
2024-09-16 15:00:00+00:00,-0.31,2.0913472175598145,-4.507554202858659,1.401748538017273,-5.360684946243349
2024-09-16 16:00:00+00:00,3.72,2.067103624343872,-5.018546039780776,1.4888066053390503,-12.105734394638263
2024-09-16 17:00:00+00:00,-0.21,2.0430543422698975,-6.687605579697658,1.5261335372924805,-9.05900937746849
2024-09-16 18:00:00+00:00,-2.16,1.993079662322998,-6.196409791023942,1.5087273120880127,-5.919402531360026
2024-09-17 10:00:00+00:00,7.48,1.9354071617126465,-1.7976216271793743,1.4890785217285156,-6.165236827716819
2024-09-17 11:00:00+00:00,-4.37,1.891310214996338,-1.1012493215893957,1.4411640167236328,-9.571667843540514
2024-09-17 12:00:00+00:00,-2.67,1.8448381423950195,-4.954322457038434,1.357970952987671,-11.314531250001952
2024-09-17 13:00:00+00:00,-8.57,1.7939047813415527,-5.761925108045109,1.3046813011169434,-5.1800901385242435
2024-09-17 14:00:00+00:00,11.22,1.7466442584991455,-5.361029768757921,1.2363442182540894,-6.34146987537389
2024-09-17 15:00:00+00:00,7.94,1.7024281024932861,-7.644882935021141,1.2106873989105225,-5.109080461505618
2024-09-17 16:00:00+00:00,20.67,1.6587724685668945,-6.082172667759204,1.1880555152893066,-2.80696349759331
2024-09-17 17:00:00+00:00,0.3,1.654932975769043,-6.249031719576702,1.1860250234603882,-5.218496775482534
2024-09-17 18:00:00+00:00,0.35,1.6346023082733154,-4.662912975966055,1.1699795722961426,-4.33470878480835
2024-09-18 10:00:00+00:00,-9.33,1.62894868850708,-0.7895447469201867,1.157981276512146,-5.753449149284094
2024-09-18 11:00:00+00:00,-2.51,1.6497936248779297,-3.741575692256338,1.1740020513534546,-5.704763583207183
2024-09-18 12:00:00+00:00,-7.32,1.6670939922332764,-5.074830731465708,1.1879371404647827,-5.040164520610815
2024-09-18 13:00:00+00:00,-11.35,1.672116994857788,-3.75802780090219,1.1856054067611694,-5.012974996243571
2024-09-18 14:00:00+00:00,4.8,1.6698729991912842,-5.251485862563138,1.1620324850082397,-3.9994626883484115
2024-09-18 15:00:00+00:00,10.39,1.6909570693969727,-6.553611785837237,1.154442310333252,-6.639052921386508
2024-09-18 16:00:00+00:00,-1.08,1.7214491367340088,-9.013415852766151,1.1357518434524536,-5.257464275165483
2024-09-18 17:00:00+00:00,-6.26,1.726653814315796,-7.3220716176164595,1.173496127128601,-6.75631853653597
2024-09-18 18:00:00+00:00,-5.46,1.7224509716033936,-8.555678472570925,1.1597363948822021,2.4281566863463984
2024-09-19 10:00:00+00:00,12.26,1.7134568691253662,-4.999475171646647,1.1222082376480103,0.7359602285900005
2024-09-19 11:00:00+00:00,18.82,1.7018136978149414,-6.113038236567372,1.0821248292922974,1.0860130831202492
2024-09-19 12:00:00+00:00,-13.58,1.6841864585876465,-4.679304633886592,1.0350611209869385,-1.580325388761803
2024-09-19 13:00:00+00:00,6.79,1.6574511528015137,-8.43578672560637,0.9732644557952881,1.2093456748583202
2024-09-19 14:00:00+00:00,-16.86,1.6339012384414673,-8.588910707158549,0.8979310989379883,2.4978192071083516
2024-09-19 15:00:00+00:00,4.63,1.6050888299942017,-4.169166980407984,0.8530756235122681,-6.729936299983447
2024-09-19 16:00:00+00:00,5.56,1.5763370990753174,-6.142037579978431,0.7900245189666748,2.857966666778205
2024-09-19 17:00:00+00:00,-4.98,1.5543057918548584,-5.737660136011005,0.7597174644470215,-2.36418820379447
2024-09-19 18:00:00+00:00,17.8,1.5269279479980469,-4.641553647648394,0.7201237678527832,-5.815096227208911
2024-09-20 10:00:00+00:00,8.49,1.502058982849121,0.3438129331952292,0.6901007890701294,-1.4610304259369589
2024-09-20 11:00:00+00:00,2.0,1.4826183319091797,-1.848244219950298,0.6408588886260986,0.6329622496303448
2024-09-20 12:00:00+00:00,-0.28,1.4589393138885498,-3.5550422332814513,0.5979981422424316,0.185969439040929
2024-09-20 13:00:00+00:00,3.86,1.4473575353622437,-4.6340895982928725,0.5610345602035522,0.7102538321312049
2024-09-20 14:00:00+00:00,-5.8,1.4332550764083862,-1.696124583930217,0.5244486927986145,-0.6733863792179385
2024-09-20 15:00:00+00:00,-3.75,1.4219191074371338,-5.106092354867101,0.49146321415901184,-3.0055069032831376
2024-09-20 16:00:00+00:00,-1.46,1.4157052040100098,-4.536318820166477,0.4461190402507782,-4.077391490421778
2024-09-20 17:00:00+00:00,2.58,1.3967537879943848,-5.845877451928347,0.41706517338752747,-1.0111677465706577
2024-09-20 18:00:00+00:00,29.52,1.3730816841125488,-7.697591472665259,0.3874669373035431,-0.08160640361337515
2024-09-23 10:00:00+00:00,2.15,1.3505607843399048,-3.523691510615449,0.34563180804252625,2.8007256824535216
2024-09-23 11:00:00+00:00,-3.6,1.3251979351043701,-4.222435966908136,0.28939422965049744,-3.39819376587936
2024-09-23 12:00:00+00:00,9.29,1.2933099269866943,-8.219792171087263,0.2309485375881195,-4.209192562543034
2024-09-23 13:00:00+00:00,2.7,1.2654041051864624,-6.4140960271870835,0.18014302849769592,-4.863854882545321
2024-09-23 14:00:00+00:00,-1.22,1.238478183746338,-5.691222534144334,0.12032163888216019,0.2792520804070777
2024-09-23 15:00:00+00:00,6.64,1.215894341468811,-5.064389316875215,0.05826342850923538,-2.0090200851621156
2024-09-23 16:00:00+00:00,3.97,1.1959139108657837,-5.8882206382732925,-0.012274853885173798,0.7989204933331666
2024-09-23 17:00:00+00:00,-11.93,1.1834628582000732,-6.323314628764529,-0.07905691117048264,-4.218298113725701
2024-09-23 18:00:00+00:00,16.75,1.1751607656478882,-4.094859012691511,-0.17448057234287262,-4.472159737187757
2024-09-24 10:00:00+00:00,11.61,1.166987419128418,-0.11779203387178161,-0.28631874918937683,-1.326520024909881
2024-09-24 11:00:00+00:00,9.14,1.141411304473877,-0.718720567723923,-0.35724735260009766,-5.609914555287399
2024-09-24 12:00:00+00:00,-0.94,1.1017554998397827,-1.140392214344764,-0.4610171318054199,-0.7755996429398171
2024-09-24 13:00:00+00:00,-2.64,1.0693788528442383,-1.900826749622728,-0.5750634074211121,-3.092891347801551
2024-09-24 14:00:00+00:00,-1.97,1.0527312755584717,-0.21922336480789367,-0.6457569003105164,-1.8693105639859775
2024-09-24 15:00:00+00:00,5.67,1.0374633073806763,-4.147926394300817,-0.7236961722373962,-4.34741700101102
2024-09-24 16:00:00+00:00,10.67,1.0225307941436768,-1.9423949676992391,-0.7947512865066528,-0.16245175414991392
2024-09-24 17:00:00+00:00,3.8,1.012229561805725,-1.6006100678495367,-0.8303024172782898,-2.6223938642083695
2024-09-24 18:00:00+00:00,-15.22,1.0063278675079346,-0.8312331701949258,-0.8658299446105957,-4.565204382354342
2024-09-25 10:00:00+00:00,8.37,1.0023789405822754,0.5944353214753622,-0.8888578414916992,-3.619876626267408
2024-09-25 11:00:00+00:00,17.57,0.9902395009994507,-1.4662972646264445,-0.9186084270477295,-2.1668140677994354
2024-09-25 12:00:00+00:00,-3.58,0.9794999361038208,-1.9767199238883069,-0.9667712450027466,-8.481415230308327
2024-09-25 13:00:00+00:00,-13.14,0.9871052503585815,-3.4608797970316645,-1.0096561908721924,-2.0020863083872866
2024-09-25 14:00:00+00:00,-1.6,0.9938029050827026,-3.599242558956661,-1.026013731956482,-4.91810351674968
2024-09-25 15:00:00+00:00,-18.47,1.0041579008102417,-2.785434611714358,-1.0406376123428345,-3.0599778103847095
2024-09-25 16:00:00+00:00,-7.4,1.0199627876281738,-3.7631271481079023,-1.0588773488998413,-11.993621868073419
2024-09-25 17:00:00+00:00,-8.38,1.035348653793335,-4.094991755974342,-1.0601236820220947,-4.634367629217493
2024-09-25 18:00:00+00:00,-17.81,1.0545153617858887,-11.40082505721896,-1.0621811151504517,-2.558981282989136
2024-09-26 10:00:00+00:00,16.92,1.0704728364944458,-6.914874070340738,-1.0638632774353027,-4.230534619313315
2024-09-26 11:00:00+00:00,7.89,1.0700112581253052,-3.931556062677297,-1.0862312316894531,-6.0299610577332805
2024-09-26 12:00:00+00:00,-8.16,1.0667942762374878,-5.688948546993225,-1.1030930280685425,-2.9756765166875128
2024-09-26 13:00:00+00:00,9.22,1.057739019393921,-8.595577887268021,-1.1097092628479004,-10.117187595618697
2024-09-26 14:00:00+00:00,-12.56,1.0462359189987183,-7.265419610568038,-1.1138898134231567,-1.731645438428072
2024-09-26 15:00:00+00:00,-10.35,1.0427401065826416,-8.5517752175996,-1.0966613292694092,-0.7194845187004721
2024-09-26 16:00:00+00:00,7.52,1.039907693862915,-9.13368690439405,-1.0763944387435913,-3.5803531761595893
2024-09-26 17:00:00+00:00,6.87,1.0499439239501953,-7.004955404365226,-1.0274262428283691,-4.651748292906718
2024-09-26 18:00:00+00:00,2.56,1.0517617464065552,-6.318272662288364,-1.0076849460601807,-0.27026257818403354
2024-09-27 10:00:00+00:00,7.89,1.049206018447876,-3.4905567150133563,-1.0028420686721802,-7.139457052392574
2024-09-27 11:00:00+00:00,5.68,1.043906807899475,-5.526210747716813,-0.9951467514038086,-6.480909742892
2024-09-27 12:00:00+00:00,0.34,1.0386106967926025,-4.9309826923890085,-0.9948426485061646,1.6799359740359388
2024-09-27 13:00:00+00:00,-5.01,1.0372258424758911,-5.234397696545666,-0.9907563924789429,-3.182935446604901
2024-09-27 14:00:00+00:00,-0.11,1.0343565940856934,-2.440088387028217,-0.985537052154541,-0.5298803766419962
2024-09-27 15:00:00+00:00,4.2,1.0297616720199585,-3.420183775599974,-0.973249614238739,0.12831007879912976
2024-09-27 16:00:00+00:00,8.85,1.0156630277633667,-5.054292049478882,-0.9785321354866028,0.7519444434389149
2024-09-27 17:00:00+00:00,4.51,1.0012775659561157,-2.666353765401654,-0.9612064361572266,-3.5496721005086327
2024-09-27 18:00:00+00:00,19.37,0.9987615346908569,-4.264076715782476,-0.9574041962623596,-2.4876779800069344
2024-09-30 10:00:00+00:00,1.81,1.0115635395050049,-0.24180528747278132,-0.9373437762260437,-6.0883219639499675
2024-09-30 11:00:00+00:00,-21.28,1.0273988246917725,-0.4478775399510867,-0.9634300470352173,-0.05612892020750698
2024-09-30 12:00:00+00:00,1.99,1.0418243408203125,-1.1143980093673225,-0.9945580959320068,-5.769462795352649
2024-09-30 13:00:00+00:00,-15.48,1.0519764423370361,-5.2074677149876605,-1.008596658706665,-0.8569315798196184
2024-09-30 14:00:00+00:00,11.6,1.053971767425537,-7.31431964648338,-1.0669187307357788,0.4403423832624675
2024-09-30 15:00:00+00:00,2.34,1.0552716255187988,-2.036858846836001,-1.101853609085083,-3.131994121473383
2024-09-30 16:00:00+00:00,-9.48,1.045072078704834,-6.387172717938425,-1.1459980010986328,0.08900902296485413
2024-09-30 17:00:00+00:00,8.13,1.0324865579605103,-5.145724861218203,-1.1589218378067017,-4.895273101358869
2024-09-30 18:00:00+00:00,-42.74,1.0110421180725098,-3.282411327397978,-1.190075159072876,-12.812684694420557
2024-10-01 10:00:00+00:00,-8.91,0.9884364604949951,-6.913117265330962,-1.2133508920669556,-3.614952457264534
2024-10-01 11:00:00+00:00,13.51,0.9653489589691162,-6.068202689554287,-1.2153807878494263,-5.529355314655392
2024-10-01 12:00:00+00:00,-2.15,0.9318249225616455,-6.602563435918182,-1.2230795621871948,-3.5951029113424204
2024-10-01 13:00:00+00:00,-1.4,0.894935131072998,-9.739006535770926,-1.2265104055404663,-0.6853548045034162
2024-10-01 14:00:00+00:00,-7.53,0.8567502498626709,-10.305877372423677,-1.2427939176559448,-4.186900103996394
2024-10-01 15:00:00+00:00,5.15,0.8119064569473267,-10.221146714296975,-1.2665036916732788,1.1299704294185537
2024-10-01 16:00:00+00:00,8.73,0.7657091617584229,-7.480179859209214,-1.2867203950881958,-2.3751745602926997
2024-10-01 17:00:00+00:00,-8.03,0.7409738302230835,-10.527419071440768,-1.2882651090621948,-3.4914323314697033
2024-10-01 18:00:00+00:00,22.68,0.7172031402587891,-7.268318990713707,-1.291845440864563,-0.7372648721198019
2024-10-02 10:00:00+00:00,-3.73,0.6780165433883667,-4.707994480838611,-1.3146934509277344,1.3783904927407122
2024-10-02 11:00:00+00:00,-7.11,0.6354285478591919,-5.438716581265393,-1.3316340446472168,-5.1781465416842325
2024-10-02 12:00:00+00:00,3.64,0.5964505672454834,-5.237495151644017,-1.3495259284973145,-1.600418354681855
2024-10-02 13:00:00+00:00,-4.39,0.557661771774292,-4.377083524876104,-1.3560962677001953,0.5961457276153868
2024-10-02 14:00:00+00:00,-14.88,0.5261569023132324,-4.2255408279375475,-1.3467350006103516,-1.1296417149660904
2024-10-02 15:00:00+00:00,-1.7,0.5094888806343079,-5.88518275695163,-1.3375719785690308,1.0329245079805804
2024-10-02 16:00:00+00:00,-21.21,0.48761609196662903,-4.769599844443862,-1.3357001543045044,0.9415981847634065
2024-10-02 17:00:00+00:00,-20.7,0.5123017430305481,-6.200361903558069,-1.321230411529541,-5.944036181161911
2024-10-02 18:00:00+00:00,-0.66,0.5060232281684875,-6.132277118784562,-1.31589674949646,-2.4747684057623256
2024-10-03 10:00:00+00:00,-8.53,0.5008808970451355,-6.888685158814517,-1.312012791633606,-2.255954431980614
2024-10-03 11:00:00+00:00,-0.18,0.4787236154079437,-11.325574434446128,-1.3284486532211304,0.07156973772794795
2024-10-03 12:00:00+00:00,-11.36,0.4614301025867462,-9.037552992690664,-1.3415875434875488,-2.5570412582842907
2024-10-03 13:00:00+00:00,-1.38,0.42818596959114075,-6.4967851587487795,-1.350891351699829,3.63288196028384
2024-10-03 14:00:00+00:00,28.8,0.3960513174533844,-5.596586353110957,-1.361861228942871,3.8539506531000547
2024-10-03 15:00:00+00:00,10.64,0.3704674541950226,-4.396737197661102,-1.3612926006317139,1.0836307387796666
2024-10-03 16:00:00+00:00,-0.3,0.34291377663612366,-0.8156890084833797,-1.3703291416168213,-2.9314840827148263
2024-10-03 17:00:00+00:00,-1.43,0.3395949900150299,-2.471122395583344,-1.3718135356903076,2.5169816145132025
2024-10-03 18:00:00+00:00,29.09,0.31728824973106384,-3.5697986024874666,-1.3778111934661865,-4.009904049369346
2024-10-04 10:00:00+00:00,3.76,0.30447593331336975,-0.2742311664490508,-1.361284613609314,0.1314431024592546
2024-10-04 11:00:00+00:00,-7.46,0.3182086646556854,-2.5875099040390204,-1.357873797416687,0.9314220475349215
2024-10-04 12:00:00+00:00,6.16,0.3217596709728241,-3.0167974097300547,-1.3449862003326416,0.8266582364403088
2024-10-04 13:00:00+00:00,-4.22,0.3299318850040436,-2.6725926836065463,-1.3339381217956543,-3.3783107938487404
2024-10-04 14:00:00+00:00,-11.8,0.353253573179245,-1.1669519705600067,-1.324139952659607,-1.6887512633350101
2024-10-04 15:00:00+00:00,-1.98,0.36507341265678406,-2.861727056564668,-1.3276426792144775,-5.712610169774836
2024-10-04 16:00:00+00:00,5.16,0.3724829852581024,-2.5155192851941783,-1.369013786315918,-1.5282397000837529
2024-10-04 17:00:00+00:00,3.52,0.3889975845813751,-2.5433829332700855,-1.3866528272628784,0.4874768748984064
2024-10-04 18:00:00+00:00,-7.96,0.3978714048862457,-2.2590259520105835,-1.409627914428711,-2.580441538239307
2024-10-07 10:00:00+00:00,2.76,0.41648200154304504,-3.341266350583838,-1.4608255624771118,3.9974514918325648
2024-10-07 11:00:00+00:00,-11.85,0.43452027440071106,-4.379001431721067,-1.5079840421676636,-1.823329826014398
2024-10-07 12:00:00+00:00,-4.25,0.44931015372276306,-5.198857509907963,-1.550792932510376,-0.9510336892479434
2024-10-07 13:00:00+00:00,3.63,0.4639603793621063,-3.808441672675152,-1.613139271736145,0.9850569826003439
2024-10-07 14:00:00+00:00,-4.95,0.483627051115036,-3.1433923091390534,-1.6687605381011963,-1.0034898619570538
2024-10-07 15:00:00+00:00,13.1,0.49268826842308044,-4.18497457775786,-1.7283077239990234,-1.3934798082656308
2024-10-07 16:00:00+00:00,-5.56,0.4990366995334625,-4.877925090750275,-1.795983076095581,-2.8648398115376983
2024-10-07 17:00:00+00:00,4.3,0.5120574235916138,-2.123508131487196,-1.846506953239441,1.181082066005497
2024-10-07 18:00:00+00:00,-14.34,0.5130637884140015,-3.133586214406551,-1.8989226818084717,1.57577746990162
2024-10-08 10:00:00+00:00,0.32,0.5114164352416992,-5.825958075574452,-1.9523347616195679,-2.923496356610118
2024-10-08 11:00:00+00:00,16.59,0.4994753301143646,-7.612780464499609,-2.00801420211792,-0.41064425992576814
2024-10-08 12:00:00+00:00,1.3,0.48698750138282776,-5.482697339490569,-2.0643415451049805,-6.4924075378865105
2024-10-08 13:00:00+00:00,-9.5,0.4753645956516266,-1.3282098147036718,-2.1362318992614746,-3.5360935605590127
2024-10-08 14:00:00+00:00,-2.11,0.4468241035938263,-4.212947902037233,-2.2039594650268555,-2.5865786992023985
2024-10-08 15:00:00+00:00,1.15,0.4202376902103424,-5.330836478107748,-2.268038511276245,1.2316526404682353
2024-10-08 16:00:00+00:00,0.68,0.4045262038707733,-5.143678960906927,-2.326702117919922,-5.801647227947396
2024-10-08 17:00:00+00:00,0.44,0.4079817831516266,-4.010896059433092,-2.359741449356079,-3.986393954718732
2024-10-08 18:00:00+00:00,-11.79,0.41335979104042053,-3.6327254523447436,-2.4075944423675537,-1.0022611787647362
2024-10-09 10:00:00+00:00,-0.22,0.433781236410141,-7.554773641272295,-2.4550678730010986,-3.116900078862412
2024-10-09 11:00:00+00:00,-5.51,0.4487459361553192,-3.920749441790636,-2.5294137001037598,-2.176662715089911
2024-10-09 12:00:00+00:00,-8.19,0.46944794058799744,-3.324527381719743,-2.6181130409240723,-2.8488057971105887
2024-10-09 13:00:00+00:00,3.5,0.48523929715156555,-5.06516873941148,-2.6889071464538574,-1.8146216326417401
2024-10-09 14:00:00+00:00,-2.34,0.5000648498535156,-7.833585864466456,-2.7813754081726074,-0.010939132004568697
2024-10-09 15:00:00+00:00,-11.91,0.5154986381530762,-7.023576519890215,-2.8783023357391357,0.9517374778083558
2024-10-09 16:00:00+00:00,0.99,0.5273377299308777,-8.228252246226463,-2.9696645736694336,0.27127681552888094
2024-10-09 17:00:00+00:00,-4.09,0.518080472946167,-2.852811100392828,-3.025665283203125,0.4576150025068799
2024-10-09 18:00:00+00:00,14.82,0.4953669011592865,-2.0992924565164777,-3.0846657752990723,-0.2889760417967957
2024-10-10 10:00:00+00:00,9.82,0.4635680615901947,-4.082091474031482,-3.133232593536377,-0.5101060091309791
2024-10-10 11:00:00+00:00,-5.24,0.4218151271343231,-5.936252395539359,-3.2047131061553955,1.273145012310645
2024-10-10 12:00:00+00:00,-8.3,0.3900950253009796,-5.320606806371802,-3.265296697616577,3.6970160440818285
2024-10-10 13:00:00+00:00,-6.23,0.35707393288612366,-6.298715652243901,-3.3176848888397217,-1.157195958818829
2024-10-10 14:00:00+00:00,6.22,0.3177585303783417,-5.9717030185884905,-3.3502583503723145,-3.4877278221666312
2024-10-10 15:00:00+00:00,3.55,0.2862321436405182,-3.227514801904095,-3.397224187850952,0.11019410610843683
2024-10-10 16:00:00+00:00,-0.68,0.25251147150993347,-3.5781237767597136,-3.432046890258789,3.0733578660529215
2024-10-10 17:00:00+00:00,-1.23,0.2138180434703827,-4.3013881011544495,-3.467477321624756,4.093349126699273
2024-10-10 18:00:00+00:00,-8.24,0.18456241488456726,-1.0509777147405868,-3.5321707725524902,1.45245603888322
2024-10-11 10:00:00+00:00,0.05,0.16029450297355652,-7.273186760588025,-3.5909969806671143,-1.9925090614287642
2024-10-11 11:00:00+00:00,-10.16,0.15284404158592224,-6.98575838108351,-3.6758365631103516,-0.7322873041717208
2024-10-11 12:00:00+00:00,-2.6,0.1488388478755951,-6.992815479394799,-3.74346661567688,-5.310009989948783
2024-10-11 13:00:00+00:00,1.33,0.12661632895469666,-4.281146284289753,-3.8086819648742676,-1.1157562460244352
2024-10-11 14:00:00+00:00,-0.83,0.10089046508073807,-5.517561483883065,-3.870701789855957,1.867232933129005
2024-10-11 15:00:00+00:00,-1.17,0.07063285261392593,-3.5420595901121534,-3.9174118041992188,3.8272144781405606
2024-10-11 16:00:00+00:00,4.68,0.03381410986185074,-6.848835499095388,-3.935790777206421,-4.108827573100389
2024-10-11 17:00:00+00:00,9.92,0.0035823655780404806,-3.5740658265685847,-3.941117525100708,-1.1547053970806302
2024-10-11 18:00:00+00:00,-24.94,-0.015039138495922089,-2.810367427658422,-3.9733855724334717,-1.7026359471955095
2024-10-14 10:00:00+00:00,-3.54,-0.01887529343366623,-4.289683888034857,-4.001230716705322,2.8111225793269794
2024-10-14 11:00:00+00:00,9.84,-0.0031627046409994364,-6.861075366004808,-4.039554119110107,1.4062240883384778
2024-10-14 12:00:00+00:00,23.34,0.017439819872379303,-8.642901195718148,-4.073534965515137,-0.7000729345189025
2024-10-14 13:00:00+00:00,7.04,0.035450227558612823,-4.31619633919405,-4.084867000579834,-2.231599541027003
2024-10-14 14:00:00+00:00,-0.64,0.0517101064324379,-4.214089310679941,-4.10710334777832,0.7080389820246558
2024-10-14 15:00:00+00:00,16.23,0.06593204289674759,-4.258324793878904,-4.139887809753418,-0.5775867113776758
2024-10-14 16:00:00+00:00,-2.37,0.08932159096002579,-2.514175003231273,-4.169548988342285,-1.1584278962222534
2024-10-14 17:00:00+00:00,-6.12,0.07035518437623978,-4.177301050335888,-4.201359272003174,-1.1702793079042617
2024-10-14 18:00:00+00:00,6.94,0.054074592888355255,-5.261289626743084,-4.232211112976074,2.1077779517299335
2024-10-15 10:00:00+00:00,14.61,0.04509899765253067,-3.6768318211622635,-4.259495258331299,0.8415096876940533
2024-10-15 11:00:00+00:00,6.32,0.02285001426935196,-3.5244515592713626,-4.298247814178467,-5.920087150609367
2024-10-15 12:00:00+00:00,-4.86,-0.02066662162542343,-5.451848697043345,-4.339211940765381,-7.495294982121012
2024-10-15 13:00:00+00:00,12.0,-0.04893746227025986,-2.7531906020425385,-4.361356258392334,-5.25044763626685
2024-10-15 14:00:00+00:00,-9.63,-0.07285704463720322,-2.287705549664378,-4.371894836425781,-2.4640604391679917
2024-10-15 15:00:00+00:00,-3.84,-0.10246046632528305,-6.276883242091532,-4.377527713775635,-2.6469859569911947
2024-10-15 16:00:00+00:00,6.57,-0.12866808474063873,-5.158056099326035,-4.379943370819092,-0.8265627537455176
2024-10-15 17:00:00+00:00,4.32,-0.16518844664096832,-4.538401822868653,-4.372878074645996,-7.076199631089167
2024-10-15 18:00:00+00:00,11.17,-0.18068835139274597,-2.173328851015068,-4.379420757293701,3.9327024296679234
2024-10-16 10:00:00+00:00,8.71,-0.16871705651283264,-2.9261397166204706,-4.370569229125977,-4.903196145230637
2024-10-16 11:00:00+00:00,-23.44,-0.15498490631580353,-4.030595588101263,-4.383546352386475,-1.7971138038607908
2024-10-16 12:00:00+00:00,-0.84,-0.14297108352184296,-4.959750909477649,-4.407350540161133,-4.440741253963779
2024-10-16 13:00:00+00:00,-8.79,-0.10247599333524704,-6.843844325811597,-4.429437160491943,-0.1357624539665495
2024-10-16 14:00:00+00:00,-0.4,-0.0915883406996727,-7.384429722796996,-4.4463090896606445,-1.408378871284292
2024-10-16 15:00:00+00:00,-3.64,-0.0726972445845604,-3.707772404495014,-4.466357231140137,-3.465914990853121
2024-10-16 16:00:00+00:00,-5.85,-0.08043914288282394,-5.752297348591258,-4.478609561920166,0.38186370964082905
2024-10-16 17:00:00+00:00,0.75,-0.0631663128733635,-7.580302536175423,-4.483689785003662,-4.655152424415509
2024-10-16 18:00:00+00:00,3.1,-0.053741179406642914,-7.24694510264658,-4.484589576721191,-7.012712434621353
2024-10-17 10:00:00+00:00,-3.14,-0.08638110011816025,-7.83605836489649,-4.492733955383301,-7.037424524892297
2024-10-17 11:00:00+00:00,-9.64,-0.1398201733827591,-7.807621953172545,-4.503202438354492,-2.7259534660058407
2024-10-17 12:00:00+00:00,-4.06,-0.19484762847423553,-9.635055711810361,-4.508430480957031,-0.050596452133872816
2024-10-17 13:00:00+00:00,2.21,-0.24225161969661713,-8.913442192315177,-4.502987861633301,2.5883439553696768
2024-10-17 14:00:00+00:00,0.54,-0.2905673384666443,-10.282614159189919,-4.506264686584473,-2.5267119015332797
2024-10-17 15:00:00+00:00,1.53,-0.34587764739990234,-10.280994148087586,-4.506984233856201,-0.5529467840141338
2024-10-17 16:00:00+00:00,0.44,-0.38826867938041687,-10.595614066473033,-4.500931739807129,3.1500523484563745
2024-10-17 17:00:00+00:00,-10.91,-0.4132471978664398,-11.104666208130912,-4.486056804656982,-1.1634156486361702
2024-10-17 18:00:00+00:00,-4.03,-0.42058438062667847,-12.933535958911815,-4.471551895141602,-1.6451291093035698
2024-10-18 10:00:00+00:00,0.79,-0.4186389744281769,-10.261885499507331,-4.464523792266846,0.3037103707883404
2024-10-18 11:00:00+00:00,-1.48,-0.4046803414821625,-11.419716501767239,-4.453566074371338,0.38053432574265256
2024-10-18 12:00:00+00:00,-10.95,-0.40813305974006653,-11.5080093846965,-4.441610813140869,-1.5995114625051035
2024-10-18 13:00:00+00:00,3.78,-0.38378578424453735,-11.354918703281962,-4.431586265563965,1.8041973630967376
2024-10-18 14:00:00+00:00,0.35,-0.3675779104232788,-11.629031391832502,-4.423097610473633,-0.05848650594099625
2024-10-18 15:00:00+00:00,-4.97,-0.33966779708862305,-12.032073010660856,-4.416635513305664,-0.5947708491723303
2024-10-18 16:00:00+00:00,7.88,-0.31106552481651306,-11.401709776448406,-4.408010959625244,-2.5102752532203834
2024-10-18 17:00:00+00:00,-3.0,-0.2969381511211395,-11.024585796146056,-4.398076057434082,-2.553191638761602
2024-10-18 18:00:00+00:00,18.82,-0.29315659403800964,-11.045512176405804,-4.390435218811035,2.7260364389805947
2024-10-21 10:00:00+00:00,-2.88,-0.28494301438331604,-5.463260694566967,-4.37302827835083,3.7095708686483544
2024-10-21 11:00:00+00:00,8.05,-0.28226351737976074,-8.810471208146794,-4.355742454528809,-0.8051626549557869
2024-10-21 12:00:00+00:00,1.91,-0.2747941017150879,-8.139746434733674,-4.341174602508545,0.9677585871805174
2024-10-21 13:00:00+00:00,-6.61,-0.2787642180919647,-6.67511478543218,-4.333137035369873,1.5267059773041554
2024-10-21 14:00:00+00:00,4.4,-0.29749032855033875,-5.3365281145572,-4.32092809677124,-1.3448717264749617
2024-10-21 15:00:00+00:00,2.59,-0.3206369876861572,-5.742530180791358,-4.304929733276367,0.41237923694644607
2024-10-21 16:00:00+00:00,-4.27,-0.3358845114707947,-5.913736938917796,-4.285911560058594,-1.2978420452988466
2024-10-21 17:00:00+00:00,-6.2,-0.3396637737751007,-6.593731964849581,-4.269050598144531,1.0807586961965523
2024-10-21 18:00:00+00:00,-5.38,-0.32387012243270874,-6.6231961635533905,-4.256694793701172,0.7041495784608041
2024-10-22 10:00:00+00:00,-0.89,-0.3048732280731201,-5.188128210238388,-4.2496161460876465,-3.901852281644434
2024-10-22 11:00:00+00:00,13.54,-0.2887800633907318,-9.062179587164295,-4.253920078277588,-2.6638043935659015
2024-10-22 12:00:00+00:00,-4.08,-0.27479955554008484,-6.129905371694506,-4.256556510925293,2.7707626580093487
2024-10-22 13:00:00+00:00,-1.2,-0.2589021325111389,-7.081505435608857,-4.257983684539795,-2.8254488853508475
2024-10-22 14:00:00+00:00,-5.96,-0.22952263057231903,-7.690215406414055,-4.251040458679199,-4.989900244391226
2024-10-22 15:00:00+00:00,-1.08,-0.20527911186218262,-8.362607809069296,-4.245112895965576,1.1381904827644282
2024-10-22 16:00:00+00:00,-3.6,-0.19253861904144287,-8.255712509885324,-4.2448906898498535,-2.041077911077276
2024-10-22 17:00:00+00:00,-3.87,-0.20063379406929016,-8.998445525060049,-4.24534797668457,-1.2349586617326564
2024-10-22 18:00:00+00:00,-22.55,-0.18541212379932404,-10.42818914915529,-4.23861837387085,-2.4335482354802744
2024-10-23 10:00:00+00:00,6.87,-0.17273804545402527,-5.925049582944045,-4.226203918457031,0.9940904264456483
2024-10-23 11:00:00+00:00,1.7,-0.19609971344470978,-8.102095170518647,-4.208959579467773,-2.1104786552706463
2024-10-23 12:00:00+00:00,6.93,-0.23257553577423096,-5.850343147319221,-4.198734760284424,-3.7093629389590292
2024-10-23 13:00:00+00:00,-7.1,-0.26651784777641296,-9.91823597948304,-4.189745903015137,-5.2539841689781985
2024-10-23 14:00:00+00:00,7.11,-0.29865762591362,-10.064753180711357,-4.182483196258545,-2.129537930231483
2024-10-23 15:00:00+00:00,-1.32,-0.31736305356025696,-8.825119112148109,-4.176187038421631,-1.1992637532644155
2024-10-23 16:00:00+00:00,-4.63,-0.3217361569404602,-6.85164245451525,-4.165640354156494,-2.1088132507587383
2024-10-23 17:00:00+00:00,-7.27,-0.3403090834617615,-7.075520098547732,-4.1514434814453125,-3.7238175192147143
2024-10-23 18:00:00+00:00,-28.41,-0.36576616764068604,-9.209184698902014,-4.147900581359863,1.030127039745722
2024-10-24 10:00:00+00:00,3.12,-0.41648751497268677,-7.293380108300192,-4.15308952331543,0.3013980777126294
2024-10-24 11:00:00+00:00,-13.55,-0.45957010984420776,-7.785422747836009,-4.161852836608887,-0.395009336233371
2024-10-24 12:00:00+00:00,5.1,-0.4964914619922638,-7.544615180878532,-4.164426803588867,-1.154718955146008
2024-10-24 13:00:00+00:00,7.33,-0.5268542766571045,-8.43857281708432,-4.165613174438477,-2.3639277963795315
2024-10-24 14:00:00+00:00,-7.88,-0.5568299293518066,-7.666149239289449,-4.158278465270996,0.39636287225963507
2024-10-24 15:00:00+00:00,16.36,-0.5842599868774414,-7.687793250647796,-4.160946369171143,-3.48152941405662
2024-10-24 16:00:00+00:00,11.67,-0.6000697612762451,-2.321782921968765,-4.1558685302734375,-3.811631191119818
2024-10-24 17:00:00+00:00,-10.25,-0.615356981754303,-4.008652083465548,-4.150206565856934,-1.020869823822577
2024-10-24 18:00:00+00:00,5.63,-0.6305142045021057,-3.9416004571680654,-4.139174938201904,-3.6788138735394273
2024-10-25 10:00:00+00:00,1.0,-0.6481797099113464,-4.919758850857063,-4.137966156005859,-0.6768200773496229
2024-10-25 11:00:00+00:00,0.9,-0.6543124914169312,-3.7312007594899974,-4.130557060241699,1.9789221223119406
2024-10-25 12:00:00+00:00,12.48,-0.6457680463790894,-5.370324213958969,-4.121866703033447,-3.0105874489308384
2024-10-25 13:00:00+00:00,-22.91,-0.6311385631561279,-2.292220000881239,-4.1174726486206055,0.05343181003418257
2024-10-25 14:00:00+00:00,-10.15,-0.6002686619758606,-3.411830270789987,-4.1184258460998535,-1.8397174928047502
2024-10-25 15:00:00+00:00,-32.69,-0.5721513032913208,-3.7748455220900468,-4.124757289886475,0.4089563319612878
2024-10-25 16:00:00+00:00,-14.05,-0.5424536466598511,-4.9730104998318945,-4.1339030265808105,-1.3550940739658808
2024-10-25 17:00:00+00:00,1.73,-0.5216573476791382,-4.078206430544411,-4.1472930908203125,3.8113895897150503
2024-10-25 18:00:00+00:00,-27.9,-0.503657877445221,-8.080769596490821,-4.15688943862915,-1.4694505746024535
2024-10-28 10:00:00+00:00,10.01,-0.49858230352401733,-4.598483836528125,-4.157255172729492,-0.9909059977947835
2024-10-28 11:00:00+00:00,-9.92,-0.5078953504562378,1.1444437032382322,-4.165027618408203,1.124638529982046
2024-10-28 12:00:00+00:00,-2.35,-0.5185984373092651,-1.7838535273765603,-4.1715168952941895,-8.993698233661899
2024-10-28 13:00:00+00:00,-23.65,-0.5390779376029968,-4.187336591308145,-4.186322212219238,-1.099278022538741
2024-10-28 14:00:00+00:00,4.13,-0.5666307806968689,0.04722004430345729,-4.19364070892334,-3.578003039725121
2024-10-28 15:00:00+00:00,-16.06,-0.5989458560943604,0.00834017682604089,-4.203713417053223,9.446639414177573
2024-10-28 16:00:00+00:00,5.7,-0.6236191391944885,1.5880568556982488,-4.212217807769775,3.394356678122798
2024-10-28 17:00:00+00:00,-25.26,-0.6541498303413391,1.013586925796611,-4.212946891784668,1.329622739302618
2024-10-28 18:00:00+00:00,25.62,-0.6783286929130554,1.517251810788683,-4.222626209259033,1.0536779968839511
2024-10-29 10:00:00+00:00,-32.97,-0.7101390361785889,-2.913017421554088,-4.232692718505859,1.6892016919782111
2024-10-29 11:00:00+00:00,8.54,-0.7393302917480469,-0.08447661831193683,-4.245973587036133,-4.382401502331476
2024-10-29 12:00:00+00:00,1.35,-0.7645019292831421,-0.5890749858507744,-4.259461879730225,0.07675204633991495
2024-10-29 13:00:00+00:00,12.34,-0.7955368161201477,-6.1769784088005695,-4.27033805847168,2.095969748954623
2024-10-29 14:00:00+00:00,3.79,-0.819149374961853,-4.0195221895629905,-4.279523849487305,-0.6580352634736374
2024-10-29 15:00:00+00:00,2.22,-0.851544976234436,-1.0737770428628817,-4.2817792892456055,0.6408849510943812
2024-10-29 16:00:00+00:00,1.84,-0.8760779500007629,-2.9736876822044005,-4.288369178771973,5.018165455876798
2024-10-29 17:00:00+00:00,1.87,-0.9202666282653809,-3.3874794948889457,-4.279490947723389,-0.27124992008513144
2024-10-29 18:00:00+00:00,20.95,-0.9607916474342346,-1.2701195782300985,-4.272212505340576,3.9562989482968955
2024-10-30 10:00:00+00:00,-0.28,-1.0043197870254517,0.0555262161104452,-4.253715991973877,-1.4668864383664726
2024-10-30 11:00:00+00:00,2.3,-1.0481113195419312,-0.659156878205185,-4.235743999481201,-2.1016410432110266
2024-10-30 12:00:00+00:00,-5.5,-1.0850588083267212,-0.2360886209946143,-4.229494571685791,0.4185171408455456
2024-10-30 13:00:00+00:00,-20.4,-1.125246286392212,-1.6559248002011155,-4.218174457550049,2.2200280327134223
2024-10-30 14:00:00+00:00,8.36,-1.1601392030715942,-4.022059187021041,-4.211278438568115,-1.1600530664377404
2024-10-30 15:00:00+00:00,-2.13,-1.2017017602920532,-4.22327654665793,-4.2062225341796875,1.1277222048914404
2024-10-30 16:00:00+00:00,15.8,-1.242575764656067,-2.8927281327789025,-4.200080871582031,-2.16062476166215
2024-10-30 17:00:00+00:00,-3.38,-1.2824746370315552,-5.57877833840012,-4.186540126800537,-0.3375010568630074
2024-10-30 18:00:00+00:00,-32.29,-1.3058768510818481,-4.1848761945269075,-4.18303108215332,-4.433842636732634
2024-10-31 10:00:00+00:00,-8.35,-1.3448623418807983,-5.373479908644546,-4.169376850128174,-5.66269542657508
2024-10-31 11:00:00+00:00,-8.18,-1.3803685903549194,-11.3332990030877,-4.179593086242676,0.05547664589871265
2024-10-31 12:00:00+00:00,12.73,-1.4219427108764648,-6.8845989737783135,-4.18506383895874,2.761852668668616
2024-10-31 13:00:00+00:00,10.94,-1.4545705318450928,-9.208589355407668,-4.195514678955078,-0.8422809194759836
2024-10-31 14:00:00+00:00,-11.86,-1.4661204814910889,-8.997122880848076,-4.208483695983887,-1.7831119833183973
2024-10-31 15:00:00+00:00,-10.52,-1.4773513078689575,-6.483435359424863,-4.219763278961182,-2.527162023519092
2024-10-31 16:00:00+00:00,-10.66,-1.47422456741333,-9.958721153735663,-4.23543643951416,-4.1479318087825146
2024-10-31 17:00:00+00:00,3.01,-1.4734363555908203,-11.385601248498638,-4.239702224731445,-0.5444165054181527
2024-10-31 18:00:00+00:00,-2.14,-1.4789355993270874,-10.238345139048532,-4.246944427490234,-0.8418703874913015
2024-11-01 10:00:00+00:00,-2.93,-1.4883159399032593,-7.632921468635763,-4.254065990447998,6.291612438105797
2024-11-01 11:00:00+00:00,-6.77,-1.508652925491333,-7.047484986909598,-4.266419410705566,-1.0568196866610071
2024-11-01 12:00:00+00:00,3.05,-1.5233852863311768,-11.835805897463931,-4.2789082527160645,2.682795997562682
2024-11-01 13:00:00+00:00,8.26,-1.5354658365249634,-10.168950173685495,-4.279590129852295,-3.030663107082857
2024-11-01 14:00:00+00:00,-7.52,-1.535108208656311,-8.491566863418605,-4.27987003326416,2.5681851539897087
2024-11-01 15:00:00+00:00,13.84,-1.5357199907302856,-9.840413160786586,-4.278064250946045,2.505721901176332
2024-11-01 16:00:00+00:00,7.76,-1.520276427268982,-8.27044569245271,-4.278059005737305,3.8314283629086274
2024-11-01 17:00:00+00:00,0.96,-1.4962533712387085,-5.75744327550406,-4.269407272338867,0.7319509746525137
2024-11-01 18:00:00+00:00,13.95,-1.4744515419006348,-7.091412039001078,-4.2715373039245605,0.5887491892884933
2024-11-02 10:00:00+00:00,-3.75,-1.4537427425384521,-6.57173952978599,-4.267205238342285,-3.939317144604736
2024-11-02 11:00:00+00:00,0.01,-1.4309953451156616,-6.61357868168013,-4.263425350189209,1.9397686224111899
2024-11-02 12:00:00+00:00,3.73,-1.4011354446411133,-7.2361976419544245,-4.248758792877197,1.7239738739898278
2024-11-02 13:00:00+00:00,6.81,-1.3624639511108398,-6.923470862727159,-4.232358932495117,2.2075460919743257
2024-11-02 14:00:00+00:00,0.08,-1.3262063264846802,-6.190284891263152,-4.206758499145508,0.9503813554343787
2024-11-02 15:00:00+00:00,6.25,-1.290071725845337,-6.580963068991332,-4.183207035064697,-2.131595705467622
2024-11-02 16:00:00+00:00,-2.26,-1.2445993423461914,-5.310018860027458,-4.15809965133667,-0.9785347895849775
2024-11-02 17:00:00+00:00,-5.15,-1.1888141632080078,-6.867336128216566,-4.129644870758057,-0.233909174018413
2024-11-02 18:00:00+00:00,19.1,-1.1461656093597412,-6.9214211301624005,-4.103334426879883,-0.08435466724675184
2024-11-05 10:00:00+00:00,-2.09,-1.0979429483413696,-5.164170938286839,-4.078739643096924,4.279258362600423
2024-11-05 11:00:00+00:00,9.27,-1.07779061794281,-8.023352223253914,-4.048335552215576,1.8122744148810692
2024-11-05 12:00:00+00:00,-2.13,-1.0321848392486572,-6.596365122284572,-4.020227909088135,-1.7145064143517155
2024-11-05 13:00:00+00:00,-5.79,-0.9962714910507202,-6.130038083447689,-3.9939053058624268,1.0841675585797328
2024-11-05 14:00:00+00:00,0.2,-0.9788882732391357,-5.6942148445056855,-3.9764013290405273,-6.710905725239746
2024-11-05 15:00:00+00:00,-4.42,-0.9554407000541687,-6.638008635806031,-3.965162992477417,1.9453539245349105
2024-11-05 16:00:00+00:00,1.65,-0.887209951877594,-6.783147922237729,-3.9581375122070312,0.36181396641481556
2024-11-05 17:00:00+00:00,6.34,-0.827229917049408,-8.434535405548132,-3.94929575920105,3.6027768057347096
2024-11-05 18:00:00+00:00,76.79,-0.757824718952179,-6.711277706524088,-3.9442338943481445,-5.939480099766999
2024-11-06 10:00:00+00:00,4.33,-0.6894744038581848,-4.654314257157775,-3.9446146488189697,0.26407877497168464
2024-11-06 11:00:00+00:00,-3.57,-0.617569088935852,-4.444225109124897,-3.950263261795044,-10.805783434181999
2024-11-06 12:00:00+00:00,-11.85,-0.5250721573829651,-4.266428217243685,-3.9541897773742676,-3.2529805012875936
2024-11-06 13:00:00+00:00,-6.39,-0.4442998766899109,-3.810047927355599,-3.9432365894317627,2.733170409683277
2024-11-06 14:00:00+00:00,-10.76,-0.365292489528656,-5.451554479657512,-3.9483213424682617,-0.8335791118837252
2024-11-06 15:00:00+00:00,-4.72,-0.30845242738723755,-5.098121701674912,-3.9592349529266357,-2.2747182994017394
2024-11-06 16:00:00+00:00,-0.16,-0.2624172270298004,-3.1296927473373106,-3.978548049926758,2.6113998410891703
2024-11-06 17:00:00+00:00,2.69,-0.22403080761432648,-6.157852084299658,-3.996849298477173,2.276102039234237
2024-11-06 18:00:00+00:00,0.0,-0.18665213882923126,-6.087422422881924,-4.003720760345459,0.40401791070296433
2024-11-07 11:00:00+00:00,-12.34,-0.1428733468055725,-7.220692487653397,-4.016629219055176,0.06547526901153244
2024-11-07 12:00:00+00:00,-15.74,-0.08974700421094894,-8.178610952994738,-4.021579742431641,-6.804961033372603
2024-11-07 13:00:00+00:00,16.28,-0.03277357667684555,-7.865711183432827,-4.043012619018555,-0.4786386794834358
2024-11-07 14:00:00+00:00,7.57,0.004276223015040159,-8.694175478816101,-4.069889545440674,0.5839319175836063
2024-11-07 15:00:00+00:00,0.77,0.03060457855463028,-11.211980915940329,-4.093018054962158,-0.9118336976590768
2024-11-07 16:00:00+00:00,33.72,0.054598309099674225,-10.49285364237513,-4.118958950042725,1.798621091986765
2024-11-07 17:00:00+00:00,-2.5,0.0758889690041542,-5.765661929254662,-4.142806053161621,2.274682402959299
2024-11-07 18:00:00+00:00,47.61,0.08047131448984146,-4.276875385841982,-4.170832633972168,-2.8730366831945116
2024-11-08 10:00:00+00:00,-9.49,0.0918683186173439,-2.9755451648274485,-4.195822238922119,1.6068882070951005
2024-11-08 11:00:00+00:00,1.72,0.10862431675195694,-3.8367648772177367,-4.222080707550049,-3.2391845009961733
2024-11-08 12:00:00+00:00,-12.51,0.14044848084449768,-6.734835423389306,-4.245694160461426,-4.741824042627506
2024-11-08 13:00:00+00:00,1.96,0.18172135949134827,-4.8189649445243266,-4.2629218101501465,0.5370646544984098
2024-11-08 14:00:00+00:00,8.42,0.22402045130729675,-7.123884724860931,-4.282137393951416,-1.6789608028002707
2024-11-08 15:00:00+00:00,-3.04,0.2642171084880829,-8.675444869848786,-4.303886890411377,-2.5875586374904254
2024-11-08 16:00:00+00:00,3.17,0.29539111256599426,-7.412874471255813,-4.327760219573975,-1.2609828169408979
2024-11-08 17:00:00+00:00,6.09,0.34298136830329895,-8.675608130662894,-4.347403526306152,-6.190366317638795
2024-11-08 18:00:00+00:00,42.77,0.37521883845329285,-6.924052675016695,-4.35923433303833,-4.535762934681302
2024-11-11 10:00:00+00:00,15.82,0.4227614104747772,-3.6718405968201666,-4.373479843139648,-2.557961989943025
2024-11-11 11:00:00+00:00,-11.04,0.47200438380241394,-3.831747434036928,-4.390201091766357,-8.035583703935403
2024-11-11 12:00:00+00:00,6.42,0.521651566028595,-4.153021826893576,-4.411268711090088,-3.737982036251041
2024-11-11 13:00:00+00:00,-16.96,0.5768888592720032,-6.244816933022392,-4.434286117553711,5.098424572285
2024-11-11 14:00:00+00:00,3.57,0.6204912066459656,-4.266358129339201,-4.44795036315918,-1.0662734140987271
2024-11-11 15:00:00+00:00,10.24,0.658543586730957,-5.935072394836357,-4.458972930908203,2.3606084428136196
2024-11-11 16:00:00+00:00,-5.83,0.6984931230545044,-4.884536970522963,-4.460465431213379,-3.29784057835042
2024-11-11 17:00:00+00:00,5.76,0.7417142391204834,-5.83451869945225,-4.464654445648193,-5.640421760033574
2024-11-11 18:00:00+00:00,-26.12,0.7833861112594604,-4.848692039983572,-4.4611310958862305,-3.715689330573854
2024-11-12 10:00:00+00:00,4.07,0.8172125816345215,-3.6979809447752117,-4.46713399887085,-9.74711026219623
2024-11-12 11:00:00+00:00,8.01,0.8353207111358643,-4.227768756704669,-4.488025188446045,-11.264121691574887
2024-11-12 12:00:00+00:00,-4.16,0.8419991731643677,-8.045565212922195,-4.514056205749512,0.278813875034984
2024-11-12 13:00:00+00:00,-5.26,0.8489465713500977,-8.5617531908844,-4.530762672424316,1.1842331802721786
2024-11-12 14:00:00+00:00,-6.53,0.8501462936401367,-9.29984024202212,-4.539105415344238,-4.445339070039278
2024-11-12 15:00:00+00:00,-6.91,0.8419537544250488,-10.066311496301525,-4.551087856292725,-2.734783188304248
2024-11-12 16:00:00+00:00,13.71,0.8199352025985718,-10.09275881917135,-4.570005893707275,-0.48549050540841554
2024-11-12 17:00:00+00:00,-5.36,0.792915940284729,-11.265640618819967,-4.591032981872559,-0.5969544986768476
2024-11-12 18:00:00+00:00,-7.42,0.7586967945098877,-11.112068836459038,-4.606190204620361,1.9743202133289393
2024-11-13 10:00:00+00:00,8.05,0.7120764255523682,-10.861643739781606,-4.617523670196533,-6.570611665628689
2024-11-13 11:00:00+00:00,4.63,0.6509402990341187,-9.052422988129548,-4.634524822235107,-8.231720005874282
2024-11-13 12:00:00+00:00,-1.18,0.5932631492614746,-7.706009366713583,-4.649356842041016,2.0385600218528976
2024-11-13 13:00:00+00:00,-6.56,0.5348218083381653,-9.00134426320576,-4.659997463226318,-1.4679166747281254
2024-11-13 14:00:00+00:00,7.23,0.4809759557247162,-9.404660154487518,-4.670687198638916,1.9896926017520953
2024-11-13 15:00:00+00:00,2.36,0.42388930916786194,-9.207238316182787,-4.6818084716796875,-2.0891720950137103
2024-11-13 16:00:00+00:00,-0.14,0.37372419238090515,-7.583621963106962,-4.68766450881958,-1.3801346897553233
2024-11-13 17:00:00+00:00,0.26,0.32093730568885803,-9.207382871837456,-4.692190647125244,-4.118045075350811
2024-11-13 18:00:00+00:00,-30.34,0.28580614924430847,-9.733676445687943,-4.695886611938477,1.0365371913801844
2024-11-14 10:00:00+00:00,-7.48,0.2547580301761627,-5.605393971739138,-4.703365325927734,-4.748582788688989
2024-11-14 11:00:00+00:00,1.26,0.21909776329994202,-7.698468178003536,-4.715126037597656,3.2869174811200645
2024-11-14 12:00:00+00:00,0.34,0.184424489736557,-9.624781867304346,-4.721128940582275,-1.5296193045604234
2024-11-14 13:00:00+00:00,-6.37,0.15031859278678894,-14.346632730775614,-4.721634387969971,-1.6367994975763613
2024-11-14 14:00:00+00:00,-3.04,0.11807361990213394,-14.1286714443832,-4.720215797424316,0.17407367614794927
2024-11-14 15:00:00+00:00,-0.55,0.07729799300432205,-14.81374557793599,-4.713308334350586,3.070595337122146
2024-11-14 16:00:00+00:00,-16.17,0.05117461830377579,-15.014960310905568,-4.700643539428711,-9.912530330119315
2024-11-14 17:00:00+00:00,-4.17,0.024508245289325714,-14.125313140042126,-4.684758186340332,-2.803691674158584
2024-11-14 18:00:00+00:00,8.83,-0.013578943908214569,-12.013002050936244,-4.688570976257324,-2.7878936709612505
2024-11-15 10:00:00+00:00,9.51,-0.08235695213079453,-9.296738149321445,-4.68779182434082,-1.8508333227938538
2024-11-15 11:00:00+00:00,-3.47,-0.1680237501859665,-10.388924737603206,-4.690487861633301,-0.6243955756469928
2024-11-15 12:00:00+00:00,-4.28,-0.25385668873786926,-10.69554164678199,-4.68406867980957,-5.394340118156081
2024-11-15 13:00:00+00:00,1.97,-0.3356057107448578,-9.704990829746091,-4.675892353057861,-2.901055792744982
2024-11-15 14:00:00+00:00,15.03,-0.42100977897644043,-8.469747229382342,-4.67011022567749,-3.6952868672729533
2024-11-15 15:00:00+00:00,0.19,-0.4908622205257416,-4.977949021029615,-4.671661853790283,0.16134079375666788
2024-11-15 16:00:00+00:00,0.74,-0.5506376028060913,-8.956868260716908,-4.66829252243042,-3.297453614502585
2024-11-15 17:00:00+00:00,13.22,-0.5905072093009949,-8.071983276150858,-4.663437843322754,2.3788345421738786
2024-11-15 18:00:00+00:00,-27.29,-0.6147584915161133,-4.058805361991626,-4.653957843780518,-9.799159737783977
2024-11-18 10:00:00+00:00,4.52,-0.6345728635787964,-4.490995870820169,-4.641427516937256,-6.984589661164994
2024-11-18 11:00:00+00:00,-17.92,-0.657474935054779,-5.153849589134345,-4.647254943847656,-6.048394035882743
2024-11-18 12:00:00+00:00,5.41,-0.6830883622169495,-6.965074880363764,-4.642174243927002,-1.5235007911730623
2024-11-18 13:00:00+00:00,6.59,-0.721205472946167,-9.465909030821198,-4.643492698669434,0.9665554348983789
2024-11-18 14:00:00+00:00,-4.63,-0.7582593560218811,-10.010648092860684,-4.635517120361328,-1.8660886139113366
2024-11-18 15:00:00+00:00,14.06,-0.8114497661590576,-7.458653944433614,-4.621399879455566,-4.988384253610145
2024-11-18 16:00:00+00:00,4.45,-0.856076180934906,-9.403624770069014,-4.605923175811768,-3.156005365091051
2024-11-18 17:00:00+00:00,-3.63,-0.9198958277702332,-6.151716580707243,-4.597711563110352,-5.068628555453399
2024-11-18 18:00:00+00:00,-19.71,-0.9687974452972412,-8.181085799636652,-4.5932512283325195,-1.2977166859368674
2024-11-19 10:00:00+00:00,-17.15,-0.9989504218101501,-9.56805212854967,-4.5837907791137695,-1.305152613921935
2024-11-19 11:00:00+00:00,5.21,-1.0308806896209717,-7.834460352716364,-4.5889081954956055,-3.427665545368522
2024-11-19 12:00:00+00:00,-2.03,-1.0582423210144043,-9.034817740790778,-4.5937604904174805,-5.7920371193017495
2024-11-19 13:00:00+00:00,-5.24,-1.096060872077942,-10.473792029291245,-4.5977349281311035,-2.3766442296141204
2024-11-19 14:00:00+00:00,-9.87,-1.1291531324386597,-11.584057754650631,-4.59860897064209,-3.848282831233117
2024-11-19 15:00:00+00:00,-23.07,-1.167919635772705,-12.49882613347024,-4.593398094177246,-3.132588032468627
2024-11-19 16:00:00+00:00,-12.45,-1.2001887559890747,-6.939645493253422,-4.59044885635376,-3.368063997677888
2024-11-19 17:00:00+00:00,-5.95,-1.264177918434143,-6.818724087501939,-4.603087425231934,-2.913249501234425
2024-11-19 18:00:00+00:00,2.0,-1.337623953819275,-12.937817100957094,-4.623032569885254,-1.4810075687623625
2024-11-20 10:00:00+00:00,4.55,-1.415185809135437,-5.454162021758111,-4.646137237548828,3.3130446049245776
2024-11-20 11:00:00+00:00,5.15,-1.4823150634765625,-5.452438059257341,-4.674294471740723,3.508047391520595
2024-11-20 12:00:00+00:00,1.09,-1.5434739589691162,-8.86694625197083,-4.702261447906494,-3.5827994167483874
2024-11-20 13:00:00+00:00,3.09,-1.6057822704315186,-6.085993696614995,-4.724149227142334,0.9467532029559764
2024-11-20 14:00:00+00:00,-8.5,-1.6763995885849,-5.124925689193228,-4.749067306518555,-3.2006707805255354
2024-11-20 15:00:00+00:00,-18.33,-1.7435877323150635,-5.6616694147621205,-4.776957035064697,-0.5491687935236471
2024-11-20 16:00:00+00:00,-12.83,-1.805190920829773,-12.50890165751093,-4.802429676055908,-3.8760020861525115
2024-11-20 17:00:00+00:00,-9.84,-1.8517351150512695,-6.750883350120037,-4.837400913238525,3.6273346892964815
2024-11-20 18:00:00+00:00,-14.48,-1.895432949066162,-4.79504357555479,-4.869281768798828,1.755819949604671
2024-11-21 10:00:00+00:00,-7.99,-1.9439682960510254,-5.346708336288408,-4.896005153656006,-2.177546906190858
2024-11-21 11:00:00+00:00,4.31,-1.9833486080169678,-2.4140642148023574,-4.920486927032471,1.8502859922459465
2024-11-21 12:00:00+00:00,12.82,-2.0120456218719482,-4.538422007248492,-4.950117111206055,-0.6362830357497704
2024-11-21 13:00:00+00:00,-5.04,-2.05137300491333,-8.84138381757506,-4.9812469482421875,-1.8076591734525729
2024-11-21 14:00:00+00:00,-9.95,-2.093553066253662,-8.73153869529218,-5.012469291687012,-2.7491186176675164
2024-11-21 15:00:00+00:00,8.39,-2.1450648307800293,-5.7634110472696465,-5.048691749572754,1.1988593916027708
2024-11-21 16:00:00+00:00,-24.08,-2.189976453781128,-9.088906022990106,-5.080753803253174,2.6800652812773293
2024-11-21 17:00:00+00:00,7.73,-2.2322161197662354,-4.999805304887117,-5.10054349899292,5.022431919409056
2024-11-21 18:00:00+00:00,45.77,-2.285818099975586,-5.200754386877692,-5.128081798553467,5.472897272539336
2024-11-22 10:00:00+00:00,-15.76,-2.3453874588012695,-1.2509957266700584,-5.157425403594971,3.9101321294414877
2024-11-22 11:00:00+00:00,11.69,-2.399292469024658,-1.975815505357663,-5.1758928298950195,-2.2487446401104028
2024-11-22 12:00:00+00:00,-3.31,-2.445500612258911,-1.5496169802416515,-5.189239501953125,0.3795771572679042
2024-11-22 13:00:00+00:00,-8.07,-2.495792865753174,-2.6911604899806454,-5.196236610412598,-3.476632588653703
2024-11-22 14:00:00+00:00,-7.19,-2.5510635375976562,-6.272892791832579,-5.205657005310059,-9.084762972059737
2024-11-22 15:00:00+00:00,-7.03,-2.6024868488311768,-6.901376683883845,-5.216403007507324,3.111153220010485
2024-11-22 16:00:00+00:00,-6.16,-2.633293390274048,-6.528060826737104,-5.225697040557861,5.797361962444766
2024-11-22 17:00:00+00:00,2.51,-2.6641783714294434,-3.5917934205181554,-5.240113735198975,0.03974693752445546
2024-11-22 18:00:00+00:00,-21.4,-2.6910293102264404,-2.965887333838146,-5.268604278564453,2.7668138674968796
2024-11-25 10:00:00+00:00,2.62,-2.7058985233306885,-4.65456980623128,-5.297696113586426,1.6230498007661749
2024-11-25 11:00:00+00:00,3.56,-2.7178306579589844,-5.852708873155537,-5.3242597579956055,1.36311672907056
2024-11-25 12:00:00+00:00,-1.79,-2.7227485179901123,-10.213150233021368,-5.343596935272217,-3.56089774226891
2024-11-25 13:00:00+00:00,-2.51,-2.7318835258483887,-9.420037278580082,-5.355790138244629,4.195361362248169
2024-11-25 14:00:00+00:00,-17.15,-2.741969347000122,-8.771775768397744,-5.381532669067383,-2.196287399129587
2024-11-25 15:00:00+00:00,-1.87,-2.745081663131714,-13.110750059285447,-5.4052934646606445,-3.7573744823661377
2024-11-25 16:00:00+00:00,-18.73,-2.7418415546417236,-7.293338155710765,-5.431519985198975,0.5202820486612951
2024-11-25 17:00:00+00:00,6.91,-2.736215591430664,1.873921911001919,-5.455948352813721,-0.26883713179983293
2024-11-25 18:00:00+00:00,-10.03,-2.749124526977539,-7.703167797689277,-5.48020076751709,1.891809262457372
2024-11-26 10:00:00+00:00,7.46,-2.7519497871398926,-6.15721760483735,-5.511203289031982,-0.336213416281452
2024-11-26 11:00:00+00:00,-6.86,-2.7648377418518066,-4.302862576225746,-5.543357849121094,-0.15549423302620122
2024-11-26 12:00:00+00:00,-5.22,-2.7959392070770264,-9.668815437127865,-5.569868564605713,0.5945970057944503
2024-11-26 13:00:00+00:00,-23.99,-2.868772506713867,-11.410415673019955,-5.5873517990112305,-1.0545595071622493
2024-11-26 14:00:00+00:00,-13.65,-2.966905117034912,-1.9711495284045815,-5.609871864318848,2.315681118683891
2024-11-26 15:00:00+00:00,-3.93,-3.089268684387207,-2.0690300622693854,-5.629031181335449,9.895330928645267
2024-11-26 16:00:00+00:00,-17.27,-3.2298007011413574,2.0198339971596004,-5.652345180511475,7.466392526614018
2024-11-26 17:00:00+00:00,7.15,-3.314422845840454,-1.5031571144987803,-5.66115665435791,7.906567031481054
2024-11-26 18:00:00+00:00,-31.58,-3.3872172832489014,-3.268083710299641,-5.683790683746338,4.847755662745463
2024-11-27 10:00:00+00:00,15.15,-3.4199931621551514,1.544317765735648,-5.703808307647705,-4.314481084283357
2024-11-27 11:00:00+00:00,39.16,-3.4655847549438477,2.3149087003162645,-5.7300004959106445,2.4706799738762903
2024-11-27 12:00:00+00:00,-2.33,-3.52343487739563,-3.9169349562734768,-5.7546210289001465,7.238861602043661
2024-11-27 13:00:00+00:00,21.16,-3.576726198196411,-5.470455947804521,-5.781679630279541,1.734767564353499
2024-11-27 14:00:00+00:00,-39.49,-3.667769193649292,-3.773950490228078,-5.797268867492676,5.688700121893997
2024-11-27 15:00:00+00:00,24.37,-3.771901845932007,-5.077177153867502,-5.806115627288818,7.559948846021926
2024-11-27 16:00:00+00:00,-4.82,-3.8679847717285156,-3.3582425654205044,-5.822096347808838,2.8955400115638286
2024-11-27 17:00:00+00:00,5.91,-3.937819480895996,-3.687774719252779,-5.8296051025390625,11.05708861407602
2024-11-27 18:00:00+00:00,50.93,-3.9745497703552246,-2.4951071764634785,-5.837405204772949,17.037549332036605
2024-11-28 10:00:00+00:00,1.19,-4.019923686981201,-2.3445749459608294,-5.8405985832214355,-4.594812275669707
2024-11-28 11:00:00+00:00,-8.23,-4.065812587738037,-2.779190650537352,-5.846686363220215,1.3961017514405216
2024-11-28 12:00:00+00:00,-8.35,-4.101629257202148,-3.885396603239716,-5.848196506500244,-20.223044110224944
2024-11-28 13:00:00+00:00,-17.2,-4.133632183074951,-3.352145016269284,-5.847395420074463,-2.8791858777757975
2024-11-28 14:00:00+00:00,-3.16,-4.14675760269165,-4.944804503234612,-5.85876989364624,0.1935137448082338
2024-11-28 15:00:00+00:00,9.41,-4.1347150802612305,-7.224055367272403,-5.8817033767700195,3.770286500833829
2024-11-28 16:00:00+00:00,17.52,-4.092698574066162,-7.718189722323517,-5.911953449249268,3.3892286352953693
2024-11-28 17:00:00+00:00,13.89,-4.060389041900635,-6.351307068374554,-5.935958385467529,-12.858967555438666
2024-11-28 18:00:00+00:00,5.7,-4.017888069152832,-5.630125137864776,-5.956448078155518,-16.405722279985188
2024-11-29 10:00:00+00:00,18.32,-3.9683847427368164,-5.174934260555186,-5.984860420227051,-9.077834315962436
2024-11-29 11:00:00+00:00,3.81,-3.9245848655700684,-3.607029815907553,-6.007856369018555,-3.33304747175223
2024-11-29 12:00:00+00:00,-6.44,-3.862154960632324,-4.822357446902792,-6.030163288116455,-5.61799062859045
2024-11-29 13:00:00+00:00,5.28,-3.8020737171173096,-4.559290301004251,-6.043067455291748,2.9756097298880446
2024-11-29 14:00:00+00:00,-0.58,-3.746215581893921,-4.611706647262417,-6.062468528747559,3.725256337963997
2024-11-29 15:00:00+00:00,-10.93,-3.697206974029541,-5.580120961639659,-6.07830286026001,-2.0106953812973836
2024-11-29 16:00:00+00:00,7.09,-3.641084671020508,-5.648141185268693,-6.09933614730835,-1.388848722582529
2024-11-29 17:00:00+00:00,7.87,-3.590327501296997,-7.784550414951783,-6.120136260986328,-1.120271729084088
2024-11-29 18:00:00+00:00,16.02,-3.5259385108947754,-7.484363112102529,-6.140296459197998,-3.678312627713992
2024-12-02 10:00:00+00:00,-4.68,-3.4575459957122803,-4.873823893899892,-6.156678676605225,-3.965360327104933
2024-12-02 11:00:00+00:00,-2.87,-3.3787569999694824,-5.423543513635049,-6.1756486892700195,-4.246260639834138
2024-12-02 12:00:00+00:00,-1.62,-3.2862486839294434,-6.5437088026981876,-6.197203636169434,-5.616728057210963
2024-12-02 13:00:00+00:00,2.85,-3.1845791339874268,-9.208395060607511,-6.2159423828125,-3.0538635492343777
2024-12-02 14:00:00+00:00,-5.58,-3.0774054527282715,-9.262026907466272,-6.233283996582031,4.762006698553799
2024-12-02 15:00:00+00:00,2.2,-2.9508216381073,-9.156386561907977,-6.244128227233887,0.23927032454085895
2024-12-02 16:00:00+00:00,1.59,-2.846126079559326,-9.020055553007925,-6.254621982574463,3.3982782008539223
2024-12-02 17:00:00+00:00,0.83,-2.812567710876465,-9.296885717199324,-6.268959045410156,-2.1023490500773985
2024-12-02 18:00:00+00:00,-19.32,-2.797442674636841,-9.004549711176917,-6.2877326011657715,-2.4939132693777424
2024-12-03 10:00:00+00:00,-13.83,-2.826281785964966,-7.988491219433982,-6.30458927154541,-7.795636475184736
2024-12-03 11:00:00+00:00,-0.04,-2.854229688644409,-8.53963339362677,-6.322547912597656,4.724255109584211
2024-12-03 12:00:00+00:00,5.14,-2.864335775375366,-14.418385637690456,-6.347047805786133,2.634394036100235
2024-12-03 13:00:00+00:00,-0.03,-2.8844549655914307,-12.210054557552425,-6.363251209259033,3.5402192581053935
2024-12-03 14:00:00+00:00,-19.05,-2.8841516971588135,-12.943933448528792,-6.372018814086914,1.6765049131287222
2024-12-03 15:00:00+00:00,-2.03,-2.874575138092041,-9.937192136817666,-6.380104064941406,0.9748795828347119
2024-12-03 16:00:00+00:00,2.22,-2.8762447834014893,-10.364074979704041,-6.384298801422119,-0.30293435091872783
2024-12-03 17:00:00+00:00,-0.16,-2.85294508934021,-13.895772487681684,-6.394041061401367,-3.5351980630284237
2024-12-03 18:00:00+00:00,-11.4,-2.818106174468994,-14.275118116901137,-6.400165557861328,11.710682612329542
2024-12-04 10:00:00+00:00,24.06,-2.7774627208709717,-9.644619613461101,-6.407029628753662,1.4645928921254463
2024-12-04 11:00:00+00:00,-2.1,-2.716529369354248,-7.9649678952241985,-6.405404090881348,3.2301905282704606
2024-12-04 12:00:00+00:00,-3.47,-2.6603260040283203,-11.15550645472769,-6.401941299438477,-0.35288886805040404
2024-12-04 13:00:00+00:00,7.15,-2.6003689765930176,-10.17374058399334,-6.399399280548096,2.0935788031988043
2024-12-04 14:00:00+00:00,-17.38,-2.5448532104492188,-9.536638850314734,-6.386847019195557,0.8924205530622369
2024-12-04 15:00:00+00:00,-14.57,-2.4838225841522217,-12.634829441492679,-6.376191139221191,0.3862928127060429
2024-12-04 16:00:00+00:00,-16.07,-2.4105029106140137,-10.059650260009239,-6.359297275543213,2.7555355205442913
2024-12-04 17:00:00+00:00,-20.24,-2.3393635749816895,-9.490555834564265,-6.355776309967041,-2.0774393582351545
2024-12-04 18:00:00+00:00,-7.4,-2.2802469730377197,-7.296927700197166,-6.340305328369141,-3.1852346676238747
2024-12-05 10:00:00+00:00,-11.05,-2.208991050720215,-9.30211902456487,-6.326391220092773,3.9931989129019794
2024-12-05 11:00:00+00:00,3.14,-2.110806465148926,-8.772483322946087,-6.299770832061768,7.714988060203367
2024-12-05 12:00:00+00:00,-8.63,-2.0133464336395264,-8.405883072525361,-6.286854267120361,4.371361732753986
2024-12-05 13:00:00+00:00,-10.92,-1.9105486869812012,-14.02358159751845,-6.297921180725098,-0.6380723204250465
2024-12-05 14:00:00+00:00,-5.41,-1.8065022230148315,-13.942879372780267,-6.292638778686523,1.5485450281612483
2024-12-05 15:00:00+00:00,29.56,-1.6955182552337646,-1.200449840945361,-6.2799835205078125,-2.423709633733087
2024-12-05 16:00:00+00:00,42.24,-1.5844064950942993,-2.906183672187777,-6.263436794281006,6.293437082438497
2024-12-05 17:00:00+00:00,-6.32,-1.4627331495285034,-4.610837771257748,-6.2779998779296875,1.3293356114854231
2024-12-05 18:00:00+00:00,34.35,-1.3519036769866943,-7.7567292499939455,-6.279349327087402,1.218613770784208
2024-12-06 10:00:00+00:00,-15.95,-1.2892297506332397,-4.2811905898074905,-6.278095722198486,-2.9303895306826355
2024-12-06 11:00:00+00:00,-15.74,-1.2382762432098389,-4.448441118441734,-6.265389919281006,-3.8904663288434786
2024-12-06 12:00:00+00:00,2.35,-1.2172517776489258,-4.535610900520762,-6.258683204650879,-7.4091531668636055
2024-12-06 13:00:00+00:00,22.99,-1.2023950815200806,-7.119565117154758,-6.23745059967041,-2.3174191198904386
2024-12-06 14:00:00+00:00,4.79,-1.1882789134979248,-7.768590978279183,-6.218013763427734,-3.3042013132769883
2024-12-06 15:00:00+00:00,-3.51,-1.1755523681640625,-5.145423696550027,-6.195234298706055,-9.453731551680226
2024-12-06 16:00:00+00:00,-2.35,-1.145704746246338,-4.827891785412502,-6.165388584136963,-4.113370497960389
2024-12-06 17:00:00+00:00,-1.53,-1.1161612272262573,-6.923405927388902,-6.132831573486328,-8.896334841609043
2024-12-06 18:00:00+00:00,24.94,-1.0947513580322266,-6.381274940008648,-6.07952880859375,-9.33509645464666
2024-12-09 10:00:00+00:00,-8.49,-1.0574381351470947,-4.4199656927298,-6.034556865692139,0.28110689627109353
2024-12-09 11:00:00+00:00,-5.11,-1.0072205066680908,-6.384043363958755,-5.974672317504883,-0.9867944870387934
2024-12-09 12:00:00+00:00,0.95,-0.9563430547714233,-7.598239336059713,-5.901389122009277,-1.5191055443744972
2024-12-09 13:00:00+00:00,5.55,-0.8691941499710083,-7.015745906759438,-5.818782329559326,1.0508004972899327
2024-12-09 14:00:00+00:00,16.2,-0.7232387065887451,-6.643699545207593,-5.713918209075928,-5.971989851235989
2024-12-09 15:00:00+00:00,14.23,-0.6084787845611572,-6.25156376095721,-5.592221736907959,-3.993627721313092
2024-12-09 16:00:00+00:00,-9.03,-0.5599642992019653,-4.062083773771778,-5.458539009094238,-5.349017817328217
2024-12-09 17:00:00+00:00,-2.58,-0.5441707372665405,-6.794367054037145,-5.36334228515625,-6.1691257085505296
2024-12-09 18:00:00+00:00,-30.73,-0.5448973774909973,-7.119315722714205,-5.293155193328857,-5.877868698163575
2024-12-10 10:00:00+00:00,1.05,-0.5525004267692566,-7.083810127049809,-5.2459025382995605,-2.9203902547409575
2024-12-10 11:00:00+00:00,-10.79,-0.5546475052833557,-8.034417985680381,-5.212563514709473,-10.410758848107058
2024-12-10 12:00:00+00:00,1.91,-0.5778748393058777,-9.478359079501512,-5.185043811798096,-5.616691740117971
2024-12-10 13:00:00+00:00,-10.75,-0.6169476509094238,-12.40791407379471,-5.143194675445557,-3.1796491583262068
2024-12-10 14:00:00+00:00,-2.03,-0.6512056589126587,-14.539985640039442,-5.138490676879883,-5.535385556500997
2024-12-10 15:00:00+00:00,6.49,-0.6943448781967163,-13.298913443682341,-5.139206886291504,-4.996120508386482
2024-12-10 16:00:00+00:00,-5.05,-0.7339328527450562,-15.174080225327307,-5.170680999755859,1.2621097527699559
2024-12-10 17:00:00+00:00,-0.24,-0.7823063731193542,-16.085362544721722,-5.216548442840576,-3.48444905213357
2024-12-10 18:00:00+00:00,-14.43,-0.8316361308097839,-14.900356819304353,-5.25098991394043,3.946851905620913
2024-12-11 10:00:00+00:00,1.43,-0.8652678728103638,-9.433314983489014,-5.255934238433838,1.9040679349176812
2024-12-11 11:00:00+00:00,9.42,-0.9107032418251038,-14.588282080336937,-5.264739513397217,-4.317334234474338
2024-12-11 12:00:00+00:00,-12.46,-0.9576200246810913,-11.672392763000234,-5.268791198730469,4.393232046828869
2024-12-11 13:00:00+00:00,4.78,-1.0045756101608276,-14.36869734698362,-5.261515140533447,-5.913243035765459
2024-12-11 14:00:00+00:00,1.16,-1.0539780855178833,-12.268281307162244,-5.255490303039551,-1.4180004100762815
2024-12-11 15:00:00+00:00,9.54,-1.103458046913147,-10.622537007709575,-5.240901470184326,3.19134349711897
2024-12-11 16:00:00+00:00,-0.99,-1.1680330038070679,-9.707580288174814,-5.205188751220703,3.089237938816817
2024-12-11 17:00:00+00:00,-8.66,-1.2449523210525513,-10.715994907436801,-5.194599628448486,0.33769781819394074
2024-12-11 18:00:00+00:00,33.66,-1.3089851140975952,-9.620826252585466,-5.206270694732666,11.598005200771828
2024-12-12 10:00:00+00:00,-12.12,-1.3353885412216187,-5.432462396360065,-5.195230007171631,-3.282400504360524
2024-12-12 11:00:00+00:00,-1.51,-1.3549154996871948,-6.461799172915946,-5.180172920227051,2.694475611354977
2024-12-12 12:00:00+00:00,-9.22,-1.3793985843658447,-8.617962805651954,-5.172654628753662,2.652204314042283
2024-12-12 13:00:00+00:00,-7.4,-1.391562581062317,-11.429024244653405,-5.159670352935791,-0.3194455106907186
2024-12-12 14:00:00+00:00,8.62,-1.4152135848999023,-9.985434713607596,-5.152798175811768,-0.34132218512302437
2024-12-12 15:00:00+00:00,-13.87,-1.4333937168121338,-10.778720080586623,-5.1537065505981445,-3.478352930983868
2024-12-12 16:00:00+00:00,-15.35,-1.4697399139404297,-9.594427626571456,-5.151633262634277,-6.565923130217367
2024-12-12 17:00:00+00:00,-2.72,-1.5004781484603882,-12.610962826018586,-5.1668806076049805,-6.763919471592878
2024-12-12 18:00:00+00:00,-12.66,-1.5824265480041504,-11.676534445401785,-5.183751106262207,-3.490488925414965
2024-12-13 10:00:00+00:00,-6.2,-1.6273382902145386,-9.302458896249838,-5.185092926025391,2.0290436148792867
2024-12-13 11:00:00+00:00,-3.04,-1.6433515548706055,-14.77770418412821,-5.184446811676025,7.415642435739255
2024-12-13 12:00:00+00:00,10.43,-1.6927216053009033,-13.491217399518444,-5.1828813552856445,-0.2791153702695348
2024-12-13 13:00:00+00:00,-4.84,-1.731918215751648,-13.14161914991763,-5.185140609741211,-4.042151486678229
2024-12-13 14:00:00+00:00,8.23,-1.7309561967849731,-13.593886179297382,-5.180943965911865,1.180101116941202
2024-12-13 15:00:00+00:00,-9.8,-1.7286962270736694,-12.783238881441584,-5.181148052215576,-1.6514130099663105
2024-12-13 16:00:00+00:00,5.83,-1.7033671140670776,-13.080788484306634,-5.1896138191223145,1.8533867426930983
2024-12-13 17:00:00+00:00,4.62,-1.7000752687454224,-9.111640588442079,-5.20693302154541,6.02674750520246
2024-12-13 18:00:00+00:00,-22.24,-1.6711724996566772,-7.92702625588272,-5.224759101867676,-2.1815868486267105
2024-12-16 10:00:00+00:00,-12.57,-1.6270021200180054,-8.382968889665486,-5.243434906005859,0.6394727792260609
2024-12-16 11:00:00+00:00,-7.72,-1.562957763671875,-6.535785548018803,-5.26447868347168,-0.08105306376669844
2024-12-16 12:00:00+00:00,-3.52,-1.4848344326019287,-10.321499536837432,-5.287846565246582,3.903275899501838
2024-12-16 13:00:00+00:00,-7.87,-1.3999460935592651,-10.157880456751279,-5.304037094116211,-5.227332425948078
2024-12-16 14:00:00+00:00,-3.76,-1.3446208238601685,-9.454119192548928,-5.311834812164307,1.1824622554585242
2024-12-16 15:00:00+00:00,7.77,-1.3308067321777344,-10.39409167830409,-5.317767143249512,-1.304771167390087
2024-12-16 16:00:00+00:00,-9.71,-1.30626380443573,-12.470816393115602,-5.3226637840271,-2.230603957596724
2024-12-16 17:00:00+00:00,-5.28,-1.3271143436431885,-10.459999269843081,-5.329984188079834,0.999897502740744
2024-12-16 18:00:00+00:00,-17.1,-1.3576666116714478,-10.694000196441994,-5.348473072052002,7.053486721047754
2024-12-17 10:00:00+00:00,-8.62,-1.3836385011672974,-6.200212561626346,-5.362620830535889,5.861560940960411
2024-12-17 11:00:00+00:00,13.7,-1.4116629362106323,-10.944846560431209,-5.387032985687256,1.6389624906893554
2024-12-17 12:00:00+00:00,-8.88,-1.4472986459732056,-8.706291142320858,-5.408982276916504,3.2093691669582283
2024-12-17 13:00:00+00:00,-13.41,-1.4962682723999023,-11.507155914250275,-5.42207670211792,-1.744591057614323
2024-12-17 14:00:00+00:00,-2.21,-1.5368834733963013,-8.819716275409279,-5.441596984863281,-0.19758710843996025
2024-12-17 15:00:00+00:00,-7.94,-1.5861518383026123,-7.838273223365989,-5.455204010009766,-2.1312875276133627
2024-12-17 16:00:00+00:00,7.04,-1.6282315254211426,-7.984658580817764,-5.466463565826416,-3.1906036792422183
2024-12-17 17:00:00+00:00,-5.73,-1.704046368598938,-8.767267928255041,-5.494687557220459,-2.6645635274441695
2024-12-17 18:00:00+00:00,14.45,-1.7816412448883057,-7.836643898781652,-5.5240349769592285,4.11523948837399
2024-12-18 10:00:00+00:00,-7.18,-1.8563287258148193,-4.260416763121403,-5.547767162322998,-0.4506907568663329
2024-12-18 11:00:00+00:00,4.08,-1.9349719285964966,-7.087994293391604,-5.573935031890869,2.123782232450722
2024-12-18 12:00:00+00:00,-1.74,-2.003549337387085,-4.975944044040599,-5.596595287322998,0.33160548096130815
2024-12-18 13:00:00+00:00,1.68,-2.0862932205200195,-4.927522214451189,-5.6228203773498535,-0.3265536459405205
2024-12-18 14:00:00+00:00,-0.36,-2.182100296020508,-4.142760604889276,-5.645257472991943,0.33905482233607986
2024-12-18 15:00:00+00:00,-0.19,-2.273900032043457,-7.5179102104544135,-5.663006782531738,2.066434013667296
2024-12-18 16:00:00+00:00,15.71,-2.3668127059936523,-6.376026971681427,-5.678173542022705,-0.8874128510540658
2024-12-18 17:00:00+00:00,5.75,-2.451336622238159,-6.371370078608766,-5.692412853240967,1.5610118207960868
2024-12-18 18:00:00+00:00,13.06,-2.546806573867798,-5.219664846961031,-5.705358028411865,-4.631262586432788
2024-12-19 10:00:00+00:00,22.28,-2.6247828006744385,-3.603180614670796,-5.719454765319824,-1.1291030459753117
2024-12-19 11:00:00+00:00,7.32,-2.6859426498413086,-2.441048533671021,-5.73960542678833,-2.473577169807635
2024-12-19 12:00:00+00:00,-6.19,-2.7282607555389404,-3.7634240408190123,-5.76177453994751,-3.7159985018484063
2024-12-19 13:00:00+00:00,-7.0,-2.7619550228118896,-4.666700173089625,-5.786384105682373,-6.724863721908321
2024-12-19 14:00:00+00:00,9.78,-2.7879221439361572,-6.541683219544973,-5.809471607208252,-5.79224466335232
2024-12-19 15:00:00+00:00,-16.07,-2.7889654636383057,-5.096003956281159,-5.831089019775391,1.2877275193817739
2024-12-19 16:00:00+00:00,-10.3,-2.794504165649414,-5.632194861222329,-5.860208988189697,-3.5895741306710187
2024-12-19 17:00:00+00:00,-5.78,-2.7920475006103516,-5.894447877358959,-5.882502555847168,-1.9613134743082319
2024-12-19 18:00:00+00:00,5.54,-2.7756760120391846,-9.124472428731373,-5.906360149383545,-6.33774355859742
2024-12-20 10:00:00+00:00,8.79,-2.7528011798858643,-7.285621231472687,-5.929222106933594,2.419923067255718
2024-12-20 11:00:00+00:00,14.79,-2.7013063430786133,-9.618721178131661,-5.955008029937744,-3.3834949557383798
2024-12-20 12:00:00+00:00,99.66,-2.6413447856903076,-8.04778667004943,-5.975093364715576,-8.944065268919568
2024-12-20 13:00:00+00:00,24.93,-2.6083948612213135,-4.282744982295111,-5.993175983428955,-14.240786986958764
2024-12-20 14:00:00+00:00,24.58,-2.594757556915283,-3.985833701180131,-6.0174455642700195,-6.128359527196631
2024-12-20 15:00:00+00:00,18.88,-2.601484537124634,-3.680974846694696,-6.038227558135986,-16.491240778844595
2024-12-20 16:00:00+00:00,14.03,-2.6145403385162354,-2.188228463967461,-6.048251152038574,-8.82402734728435
2024-12-20 17:00:00+00:00,10.77,-2.6620354652404785,-2.0228851240790884,-6.058945178985596,-9.865366687514163
2024-12-20 18:00:00+00:00,75.8,-2.7025766372680664,-1.9296566398623316,-6.064237594604492,-4.006418154172664
2024-12-23 10:00:00+00:00,-0.64,-2.732365846633911,-2.1863376061305266,-6.057032585144043,-7.552166111597958
2024-12-23 11:00:00+00:00,-18.9,-2.7499959468841553,-1.793816373782275,-6.0458903312683105,-16.020509450990932
2024-12-23 12:00:00+00:00,6.52,-2.7882816791534424,-1.8854448297732516,-6.0304412841796875,-20.486493536884876
2024-12-23 13:00:00+00:00,0.23,-2.887857437133789,-2.312923660295969,-6.022160530090332,-17.90178740693521
2024-12-23 14:00:00+00:00,5.25,-2.938453197479248,-3.3584918708615383,-6.00510311126709,-16.34382195744952
2024-12-23 15:00:00+00:00,11.73,-2.929014205932617,-3.0229146550188823,-6.001780986785889,-21.217975186296766
2024-12-23 16:00:00+00:00,-6.85,-2.9187698364257812,-1.6863466419779853,-6.006412506103516,-3.2457285729639365
2024-12-23 17:00:00+00:00,-9.08,-2.938072681427002,-2.674538546802745,-6.0118536949157715,-11.453790517432616
2024-12-23 18:00:00+00:00,-13.93,-2.8893227577209473,-5.415421486717392,-6.018127918243408,-12.520674808306628
2024-12-24 10:00:00+00:00,19.34,-2.851393461227417,-3.480143687303441,-6.0155158042907715,-2.893089292755046
2024-12-24 11:00:00+00:00,-3.32,-2.777395248413086,-4.375493916066257,-6.022322654724121,-1.8792443408007984
2024-12-24 12:00:00+00:00,0.96,-2.706968307495117,-4.76227855830791,-6.021694183349609,-0.08674578259767529
2024-12-24 13:00:00+00:00,6.48,-2.6579504013061523,-4.1931121832758915,-6.019176006317139,1.025251146754354
2024-12-24 14:00:00+00:00,-5.88,-2.586366891860962,-4.962167680274849,-6.021151542663574,-6.992280297957749
2024-12-24 15:00:00+00:00,-16.48,-2.5468099117279053,-5.018244912437535,-6.012116432189941,-7.588236215967276
2024-12-24 16:00:00+00:00,6.97,-2.6433265209198,-5.157801097717415,-6.010166645050049,-6.6191601356237815
2024-12-24 17:00:00+00:00,-5.66,-2.684468984603882,-6.0131062868304355,-6.0180559158325195,1.478325557795723
2024-12-24 18:00:00+00:00,-17.89,-2.6925718784332275,-10.597399493435754,-6.026100158691406,-3.7046640488789615
2024-12-25 10:00:00+00:00,14.14,-2.627107858657837,-6.293569029555273,-6.0194411277771,0.5921907064821331
2024-12-25 11:00:00+00:00,16.45,-2.5926990509033203,-4.896421244610306,-6.03060245513916,-5.9808968779797675
2024-12-25 12:00:00+00:00,15.22,-2.5216004848480225,-2.699257156246434,-6.037980556488037,2.2453913409589177
2024-12-25 13:00:00+00:00,-2.52,-2.446835994720459,-2.4343788185785944,-6.030369758605957,-4.705184600999016
2024-12-25 14:00:00+00:00,11.59,-2.355915069580078,-2.1565453177990466,-6.010152816772461,-2.9347605892081656
2024-12-25 15:00:00+00:00,18.05,-2.258931875228882,-1.2901388292756915,-5.98622989654541,5.650986413879648
2024-12-25 16:00:00+00:00,-12.33,-2.132704734802246,-0.9122577809040511,-5.958092212677002,0.3064406759637712
2024-12-25 17:00:00+00:00,-0.84,-2.0374464988708496,-0.8515100324099365,-5.936319351196289,4.694989544424165
2024-12-25 18:00:00+00:00,33.52,-1.9320412874221802,-4.33416480218444,-5.911368370056152,-0.759530504853396
2024-12-26 10:00:00+00:00,-22.02,-1.8446730375289917,-0.932218603459635,-5.883396148681641,0.6661359677859031
2024-12-26 11:00:00+00:00,17.12,-1.7387449741363525,-1.8133857667391706,-5.862753868103027,-5.5014977600571
2024-12-26 12:00:00+00:00,-1.48,-1.6351022720336914,-2.0026934042831552,-5.842555522918701,5.289389728573183
2024-12-26 13:00:00+00:00,1.18,-1.5146517753601074,-3.6773759998825257,-5.810270309448242,-6.413149589103994
2024-12-26 14:00:00+00:00,7.06,-1.3947473764419556,-3.120349067738519,-5.777167320251465,-1.300446780628716
2024-12-26 15:00:00+00:00,-3.31,-1.2717316150665283,-2.244685400183908,-5.74530029296875,3.4974220864349155
2024-12-26 16:00:00+00:00,-0.96,-1.1445280313491821,-6.25638922419837,-5.711587905883789,-1.6053419006293448
2024-12-26 17:00:00+00:00,2.63,-1.0520212650299072,-7.3790085568154336,-5.676476955413818,2.4035876156427927
2024-12-26 18:00:00+00:00,-6.96,-0.9605536460876465,-6.4788233214790445,-5.644713878631592,9.346316594282769
2024-12-27 10:00:00+00:00,0.14,-0.8732420802116394,-5.1291361087781,-5.609668731689453,-1.5324033510932933
2024-12-27 11:00:00+00:00,2.99,-0.7967377305030823,-6.285367029051622,-5.586856842041016,-6.5787741350454
2024-12-27 12:00:00+00:00,-12.75,-0.7299074530601501,-6.71407653334802,-5.554498195648193,-3.4937994750601833
2024-12-27 13:00:00+00:00,6.27,-0.6635746955871582,-4.986433096614583,-5.516511917114258,-4.761156624355875
2024-12-27 14:00:00+00:00,4.64,-0.5901648998260498,-9.105051431034974,-5.473112106323242,-2.457341437585618
2024-12-27 15:00:00+00:00,-1.83,-0.5444783568382263,-7.956761333812646,-5.427233695983887,7.031167854807697
2024-12-27 16:00:00+00:00,-2.51,-0.5076484084129333,-8.734452297835348,-5.383471488952637,-0.29042227314123936
2024-12-27 17:00:00+00:00,0.89,-0.48416978120803833,-8.62919970089307,-5.3336639404296875,-2.0764871159854064
2024-12-27 18:00:00+00:00,25.23,-0.46248388290405273,-9.258686027449052,-5.279815673828125,-0.014243984368153717
2024-12-28 10:00:00+00:00,10.41,-0.4579075574874878,-3.877089219774036,-5.217115879058838,-2.3631467665312877
2024-12-28 11:00:00+00:00,1.67,-0.4630372226238251,-3.1009904598356393,-5.15779447555542,-6.284560010901631
2024-12-28 12:00:00+00:00,-5.07,-0.4662229120731354,-6.021800198188313,-5.084733963012695,-2.1946139766810937
2024-12-28 13:00:00+00:00,-1.24,-0.49341699481010437,-7.665469389283089,-5.01272439956665,2.6111422991785966
2024-12-28 14:00:00+00:00,0.2,-0.4967912435531616,-7.12816092306101,-4.942834377288818,-10.300971577972227
2024-12-28 15:00:00+00:00,-7.85,-0.489450603723526,-4.43885946293028,-4.873893737792969,-3.0522021134822035
2024-12-28 16:00:00+00:00,2.88,-0.47220394015312195,-3.7892935463351827,-4.807533264160156,-5.798455014077521
2024-12-28 17:00:00+00:00,2.99,-0.4658426344394684,-6.8915150062243615,-4.754034519195557,-1.8077441030084316
2024-12-28 18:00:00+00:00,53.24,-0.447066068649292,-8.890493524135442,-4.687024116516113,-9.421657864709275
2024-12-30 10:00:00+00:00,13.54,-0.41545888781547546,-2.9990688009095225,-4.606276035308838,-5.910116148986983
2024-12-30 11:00:00+00:00,2.54,-0.42021358013153076,-3.3874920519041307,-4.546581268310547,-11.813312208133869
2024-12-30 12:00:00+00:00,2.07,-0.41071972250938416,-5.135117223839606,-4.487123012542725,-12.618002800026744
2024-12-30 13:00:00+00:00,15.51,-0.3976091742515564,-5.068247161639796,-4.4040913581848145,-7.689991042136283
2024-12-30 14:00:00+00:00,-8.59,-0.3791479170322418,-4.156979901817486,-4.335792064666748,4.522886653001535
2024-12-30 15:00:00+00:00,-3.06,-0.36130425333976746,-5.596596626716687,-4.286507606506348,-12.606823520710511
2024-12-30 16:00:00+00:00,10.85,-0.3211084008216858,-4.710240228759427,-4.249610424041748,-2.9974459806221914
2024-12-30 17:00:00+00:00,10.27,-0.2934049665927887,-5.4758320111835275,-4.218704700469971,-2.7047784855906274
2024-12-30 18:00:00+00:00,-33.86,-0.264207124710083,-5.068105390115795,-4.165672302246094,-7.63719531295891
2025-01-03 10:00:00+00:00,-2.26,-0.23688611388206482,-1.9008490026984983,-4.095869541168213,-9.243103090753907
2025-01-03 11:00:00+00:00,-23.03,-0.19474630057811737,-3.9201106516355093,-4.068668365478516,-3.7099398557033103
2025-01-03 12:00:00+00:00,1.82,-0.16224592924118042,-6.3493330281640485,-4.041331768035889,-5.918902170987802
2025-01-03 13:00:00+00:00,1.83,-0.14592345058918,-7.051344487538087,-4.025036334991455,-0.22476253063218513
2025-01-03 14:00:00+00:00,-3.1,-0.1139766052365303,-6.017000818487251,-4.011563301086426,-5.33657149688294
2025-01-03 15:00:00+00:00,1.67,-0.09279128164052963,-7.077621798563682,-4.002054214477539,-8.027784166611408
2025-01-03 16:00:00+00:00,3.22,-0.05848606675863266,-7.486445088324237,-3.998667001724243,-5.032604661169246
2025-01-03 17:00:00+00:00,-0.83,-0.059314630925655365,-7.663137856850836,-4.005884647369385,-0.8462210351158787
2025-01-03 18:00:00+00:00,-22.21,-0.06758474558591843,-7.708865520926296,-4.022987365722656,-11.405151510455598
2025-01-06 10:00:00+00:00,13.18,-0.08543642610311508,-6.1456367037011805,-4.035284042358398,-4.387666606416279
2025-01-06 11:00:00+00:00,-15.03,-0.08695005625486374,-7.8541277209383535,-4.0561137199401855,2.767960034712905
2025-01-06 12:00:00+00:00,1.82,-0.07354887574911118,-10.388279973068975,-4.084772109985352,-9.27869186892527
2025-01-06 13:00:00+00:00,8.59,-0.051802270114421844,-10.561555473486106,-4.106348037719727,-7.557393999377703
2025-01-06 14:00:00+00:00,-3.1,-0.01353859156370163,-8.519762812936186,-4.134737491607666,-6.135400708835767
2025-01-06 15:00:00+00:00,1.86,0.034826941788196564,-7.555405316203599,-4.160867691040039,-8.059352382729704
2025-01-06 16:00:00+00:00,5.89,0.08784157782793045,-7.717094966505449,-4.176660537719727,-12.951576193993775
2025-01-06 17:00:00+00:00,-3.24,0.10763976722955704,-7.163408116817282,-4.208492279052734,-5.376861981171316
2025-01-06 18:00:00+00:00,8.11,0.12185732275247574,-8.255139367445835,-4.245700359344482,-3.58515686223099
2025-01-08 10:00:00+00:00,2.9,0.11638841778039932,-2.0468069176975296,-4.309228897094727,1.5938195575562544
2025-01-08 11:00:00+00:00,1.77,0.13100165128707886,-3.721656427464697,-4.359662055969238,2.843168963125219
2025-01-08 12:00:00+00:00,5.91,0.15388229489326477,-3.314055215852008,-4.41748046875,2.56332353099714
2025-01-08 13:00:00+00:00,1.07,0.17068400979042053,-1.4485953522224828,-4.464720726013184,-2.474790450216819
2025-01-08 14:00:00+00:00,3.75,0.1858569085597992,-2.0977796353588247,-4.4958930015563965,2.5117073020863554
2025-01-08 15:00:00+00:00,7.09,0.2011442482471466,-2.3349111088801546,-4.506559371948242,-5.95384501337455
2025-01-08 16:00:00+00:00,-2.77,0.22759917378425598,-1.104586708572835,-4.500174522399902,-2.768461660239687
2025-01-08 17:00:00+00:00,-3.3,0.22078517079353333,-2.0176193055349154,-4.510496139526367,-2.7118428593228083
2025-01-08 18:00:00+00:00,-26.02,0.2206617295742035,0.019498047284971093,-4.5391645431518555,-3.6908249319347535
2025-01-09 10:00:00+00:00,-9.95,0.2171434462070465,-0.5870671404573033,-4.574166297912598,-4.403685261329355
2025-01-09 11:00:00+00:00,-14.79,0.22195032238960266,-1.7283360317361813,-4.634435176849365,-1.6850059275401268
2025-01-09 12:00:00+00:00,-1.7,0.2256591022014618,-4.444838804354133,-4.699302673339844,-1.253921485849645
2025-01-09 13:00:00+00:00,-12.36,0.21763667464256287,-7.740824496824256,-4.776566982269287,-4.0322876373804535
2025-01-09 14:00:00+00:00,-4.2,0.21499887108802795,-6.88166098179048,-4.846439838409424,-5.996971693518072
2025-01-09 15:00:00+00:00,19.26,0.2096366584300995,-3.2248779095977635,-4.918577671051025,-0.0924269233045929
2025-01-09 16:00:00+00:00,-7.03,0.20730754733085632,-4.444945335690761,-5.014038562774658,-4.403130841368224
2025-01-09 17:00:00+00:00,-10.88,0.20304593443870544,-8.977782437857508,-5.113558769226074,-6.432257834839849
2025-01-09 18:00:00+00:00,-0.42,0.19747421145439148,-10.989943617740526,-5.228086471557617,-7.016143177852581
2025-01-10 10:00:00+00:00,-10.9,0.16496047377586365,-5.692091404766993,-5.297905445098877,5.626948303287463
2025-01-10 11:00:00+00:00,-15.45,0.11593563109636307,-5.7187086927053565,-5.353290557861328,-3.9143677365881704
2025-01-10 12:00:00+00:00,59.39,0.06792918592691422,0.5100532426080535,-5.3925862312316895,1.7825373901511885
2025-01-10 13:00:00+00:00,-0.66,0.006948001217097044,-2.218411330099075,-5.444356441497803,0.22038614444222548
2025-01-10 14:00:00+00:00,9.19,-0.030746571719646454,-1.1853460364634998,-5.471835136413574,-8.757152697725095
2025-01-10 15:00:00+00:00,4.12,-0.05105360597372055,-2.6601861347313327,-5.514895439147949,0.19050031528256728
2025-01-10 16:00:00+00:00,22.27,-0.054438792169094086,-2.063348267994844,-5.534686088562012,-4.2847772316401285
2025-01-10 17:00:00+00:00,-16.07,-0.06329163163900375,-2.3049491705232774,-5.50449275970459,-6.213449065496031
2025-01-10 18:00:00+00:00,34.39,-0.06503411382436752,-2.6145580433785844,-5.479018688201904,0.8999618995066776
2025-01-13 10:00:00+00:00,13.47,-0.06676476448774338,-1.3493697525311075,-5.463954925537109,12.827516023357571
2025-01-13 11:00:00+00:00,5.72,-0.05656009167432785,0.31495735732092506,-5.444970607757568,-7.672837738407834
2025-01-13 12:00:00+00:00,-20.33,-0.047366343438625336,1.3302785250727354,-5.376098155975342,-1.9564852675323277
2025-01-13 13:00:00+00:00,-12.93,-0.045967064797878265,-0.5056685380735663,-5.315399169921875,-3.1688393479548784
2025-01-13 14:00:00+00:00,4.99,-0.0634663924574852,-1.1080863083123311,-5.217245578765869,-3.711926244832445
2025-01-13 15:00:00+00:00,2.47,-0.057209424674510956,-1.7729835185339333,-5.132577419281006,-4.857691286925135
2025-01-13 16:00:00+00:00,14.24,-0.04850401729345322,-3.540207271249397,-5.023921489715576,1.4606877482707676
2025-01-13 17:00:00+00:00,-0.5,-0.07855122536420822,-2.9902834724128367,-4.9331488609313965,-1.3414011798845185
2025-01-13 18:00:00+00:00,-28.62,-0.07482027262449265,-2.715570876510366,-4.82823371887207,-1.4949891762023497
2025-01-14 10:00:00+00:00,23.86,-0.09254323691129684,-4.0648691037509,-4.75755500793457,-5.4944746554413495
2025-01-14 11:00:00+00:00,-0.25,-0.13222946226596832,-3.50900076912637,-4.688007354736328,0.15941635680475086
2025-01-14 12:00:00+00:00,13.63,-0.16515453159809113,-2.3266002593635866,-4.637154579162598,-7.269883005755519
2025-01-14 13:00:00+00:00,-9.63,-0.21753467619419098,-4.015865854181401,-4.606740951538086,1.103826772128036
2025-01-14 14:00:00+00:00,4.43,-0.2286626100540161,-4.451206245354906,-4.62363862991333,-5.397940025141743
2025-01-14 15:00:00+00:00,0.75,-0.27560898661613464,-3.76146532970465,-4.6290388107299805,-2.2462961119490914
2025-01-14 16:00:00+00:00,-1.72,-0.31722164154052734,-3.2337919261651646,-4.657942295074463,-11.716960872547052
2025-01-14 17:00:00+00:00,-9.05,-0.37505507469177246,-2.277086127658621,-4.705893039703369,-0.1539423527184904
2025-01-14 18:00:00+00:00,-1.49,-0.409498393535614,-2.2109648138255116,-4.757832050323486,-2.83250684739697
2025-01-15 10:00:00+00:00,-5.74,-0.39452221989631653,-1.7679796303110207,-4.8314056396484375,0.18773192967980512
2025-01-15 11:00:00+00:00,-10.11,-0.36533787846565247,-1.7200242972143152,-4.920158386230469,-0.25125630913626595
2025-01-15 12:00:00+00:00,4.86,-0.32473933696746826,-5.204099772346193,-4.951996803283691,-4.433524645773873
2025-01-15 13:00:00+00:00,-0.08,-0.2683620750904083,-4.4460101172165505,-4.9827399253845215,-7.730133998604135
2025-01-15 14:00:00+00:00,7.8,-0.20291376113891602,-3.376128397942003,-4.991713047027588,-5.835276159386709
2025-01-15 15:00:00+00:00,-4.77,-0.14780870079994202,-5.100009683725933,-4.959136009216309,3.9048229080644896
2025-01-15 16:00:00+00:00,-2.11,-0.09359123557806015,-2.4253206551060034,-4.914531707763672,-4.590032706216537
2025-01-15 17:00:00+00:00,-4.91,-0.06344052404165268,-2.7059808318429477,-4.8924880027771,1.0700899738126903
2025-01-15 18:00:00+00:00,58.61,-0.03610386699438095,-1.4062817316327905,-4.822203636169434,2.2323053009840557
2025-01-16 10:00:00+00:00,12.2,0.007023579906672239,0.3549671700823445,-4.757789134979248,3.4448710402930542
2025-01-16 11:00:00+00:00,2.59,0.06526807695627213,0.9267762907395075,-4.686153411865234,-1.9348015894473731
2025-01-16 12:00:00+00:00,2.62,0.11917854100465775,0.07965704915550048,-4.6035685539245605,3.4893641827513884
2025-01-16 13:00:00+00:00,6.79,0.19434574246406555,-2.614947877741004,-4.515753269195557,-4.299467336584985
2025-01-16 14:00:00+00:00,-5.21,0.25275173783302307,-1.8912058466559933,-4.430222511291504,1.0242782131565473
2025-01-16 15:00:00+00:00,-13.07,0.2907368838787079,-1.621744653209104,-4.339908599853516,-1.5870622356755684
2025-01-16 16:00:00+00:00,6.14,0.34973040223121643,0.5120677116936477,-4.26344108581543,-0.4227116819699801
2025-01-16 17:00:00+00:00,-2.34,0.3413343131542206,-1.914584956019882,-4.232327461242676,0.3056871415329766
2025-01-16 18:00:00+00:00,-0.52,0.3588555157184601,-1.3260112145799856,-4.205451965332031,-0.7167839418066051
2025-01-17 10:00:00+00:00,10.68,0.3726663887500763,1.0362071558383048,-4.186341285705566,0.4686533711628339
2025-01-17 11:00:00+00:00,0.27,0.41344258189201355,-0.2989532387378427,-4.210936069488525,-1.081335540925188
2025-01-17 12:00:00+00:00,6.84,0.47080692648887634,-1.9652907862870286,-4.239420413970947,-3.617679428936171
2025-01-17 13:00:00+00:00,2.43,0.5215314626693726,-1.6653479807629668,-4.274463653564453,2.3702726227498054
2025-01-17 14:00:00+00:00,1.64,0.5807141065597534,-1.8976341386215967,-4.333597660064697,-2.7368588194918058
2025-01-17 15:00:00+00:00,13.67,0.6335783004760742,-3.167714786829439,-4.371229648590088,0.8149598775542712
2025-01-17 16:00:00+00:00,2.15,0.7040119171142578,-1.4292291573830813,-4.409427165985107,0.8862807524928518
2025-01-17 17:00:00+00:00,-2.93,0.7433067560195923,-1.040340405635324,-4.420731544494629,0.6743758923600093
2025-01-17 18:00:00+00:00,30.04,0.7797563076019287,-3.872722787535707,-4.43049955368042,-6.410071535216518
2025-01-20 10:00:00+00:00,-9.85,0.8179570436477661,-1.1914141152545483,-4.412970542907715,-2.3576447997304353
2025-01-20 11:00:00+00:00,-32.11,0.8789644241333008,-0.1715109469455802,-4.43101692199707,-6.360645983371956
2025-01-20 12:00:00+00:00,2.94,0.9376860857009888,-1.9358561192229622,-4.428224563598633,-4.0888417914919994
2025-01-20 13:00:00+00:00,12.36,1.0005606412887573,-1.414162831342716,-4.422673225402832,4.266895829968241
2025-01-20 14:00:00+00:00,-0.33,1.0661360025405884,-3.24960013906907,-4.430610656738281,-3.375164809559249
2025-01-20 15:00:00+00:00,4.96,1.1337682008743286,-2.3224504794497376,-4.436121940612793,-5.893590681496271
2025-01-20 16:00:00+00:00,-20.64,1.2034603357315063,-2.5993980730644033,-4.434200763702393,-7.08877665740236
2025-01-20 17:00:00+00:00,-3.34,1.2409510612487793,-5.026759869655813,-4.416048049926758,0.4811613723051261
2025-01-20 18:00:00+00:00,-5.12,1.2745217084884644,-3.8631346859448072,-4.436794757843018,-7.614888960543556
2025-01-21 10:00:00+00:00,-11.18,1.3160544633865356,-2.9778768937556706,-4.431381702423096,3.231887020766025
2025-01-21 11:00:00+00:00,-10.09,1.3334733247756958,-4.771692972449568,-4.4590253829956055,-4.08780704417106
2025-01-21 12:00:00+00:00,2.32,1.3807307481765747,-4.9889610774388,-4.504048824310303,-1.0591102957920389
2025-01-21 13:00:00+00:00,-18.66,1.4179667234420776,-4.360548443870657,-4.5325398445129395,-4.36077862298815
2025-01-21 14:00:00+00:00,7.95,1.4392402172088623,-3.437817491473016,-4.574108123779297,-0.16697366362580945
2025-01-21 15:00:00+00:00,12.09,1.4279776811599731,-4.330666479010999,-4.618868350982666,-6.919707455224808
2025-01-21 16:00:00+00:00,18.95,1.4196316003799438,-6.957254594715745,-4.664619445800781,-1.6634489095991618
2025-01-21 17:00:00+00:00,8.9,1.3929376602172852,-2.388566242264071,-4.711489200592041,-5.271110733696664
2025-01-21 18:00:00+00:00,-6.51,1.3817447423934937,-2.445385395842366,-4.7556962966918945,-1.6443858991887117
2025-01-22 10:00:00+00:00,15.78,1.3855596780776978,-0.949491029332389,-4.79421329498291,-4.908666612423507
2025-01-22 11:00:00+00:00,10.59,1.3920207023620605,-1.111778404623766,-4.821307182312012,0.5250367775807347
2025-01-22 12:00:00+00:00,-1.25,1.4005824327468872,-0.12328074119735447,-4.854774475097656,3.4238279535283347
2025-01-22 13:00:00+00:00,11.57,1.399898886680603,-2.679821855267895,-4.872713565826416,-3.1574196235680443
2025-01-22 14:00:00+00:00,-13.15,1.389290690422058,-1.0894807456511943,-4.840719699859619,-5.957047697362506
2025-01-22 15:00:00+00:00,2.43,1.3602925539016724,-0.656876594758222,-4.80010461807251,3.4592372827824027
2025-01-22 16:00:00+00:00,7.52,1.3406023979187012,-1.566868021793805,-4.775586128234863,-1.3427230649740909
2025-01-22 17:00:00+00:00,10.93,1.296245813369751,-2.0715701918038656,-4.743812561035156,-5.244217942550729
2025-01-22 18:00:00+00:00,-30.75,1.2512017488479614,-2.0322835040399094,-4.730908393859863,-5.266051653616169
2025-01-23 10:00:00+00:00,-8.52,1.221203327178955,0.3440325808830732,-4.717236042022705,-7.770623798668257
2025-01-23 11:00:00+00:00,-14.68,1.169702172279358,-1.621241784401653,-4.7139153480529785,-4.5100643619636
2025-01-23 12:00:00+00:00,7.45,1.146958827972412,-2.475974419687799,-4.6848907470703125,-3.218159115919671
2025-01-23 13:00:00+00:00,10.52,1.1030725240707397,-4.268673276361229,-4.671691417694092,-0.004399880945842483
2025-01-23 14:00:00+00:00,-9.1,1.0616168975830078,-2.632043642559169,-4.647940635681152,-3.395896493231792
2025-01-23 15:00:00+00:00,3.96,1.0597237348556519,-5.104943627221379,-4.615911960601807,-2.0958117137505585
2025-01-23 16:00:00+00:00,-3.25,1.0662193298339844,-2.3840671409744196,-4.588135719299316,-8.61906918280965
2025-01-23 17:00:00+00:00,-2.15,1.0194649696350098,-3.0500094578656487,-4.576711177825928,-0.8048369240947851
2025-01-23 18:00:00+00:00,25.19,1.0172051191329956,-3.514361235008614,-4.534428596496582,-2.7934787821823237
2025-01-24 10:00:00+00:00,3.88,1.0364738702774048,-0.9535040020645398,-4.509244918823242,-1.4337954891591398
2025-01-24 11:00:00+00:00,5.9,1.0854662656784058,-1.058310738473361,-4.470927715301514,-0.802123748533454
2025-01-24 12:00:00+00:00,-0.69,1.130556344985962,-0.5002516234312006,-4.435333251953125,-3.8155924528758858
2025-01-24 13:00:00+00:00,7.35,1.1743369102478027,-1.1430695728700395,-4.388302326202393,-7.3810056806418345
2025-01-24 14:00:00+00:00,-2.39,1.2268774509429932,-1.155727436302314,-4.358413219451904,-2.5220382402015566
2025-01-24 15:00:00+00:00,-24.26,1.3047902584075928,-1.4387306381719704,-4.3248066902160645,-4.398423847842543
2025-01-24 16:00:00+00:00,6.02,1.4242030382156372,-1.1466135575785479,-4.28499698638916,-5.2408114098984395
2025-01-24 17:00:00+00:00,0.84,1.3787145614624023,-2.1817111746748736,-4.270758152008057,-4.175946587835043
2025-01-24 18:00:00+00:00,-1.78,1.3306403160095215,-0.9524098524770913,-4.279237270355225,-5.637800117337295
2025-01-27 09:00:00+00:00,-10.5,1.285996913909912,-0.6145233315305216,-4.274163246154785,-3.0182909509264046
2025-01-27 10:00:00+00:00,-24.23,1.2595001459121704,-2.8145306493031716,-4.281575679779053,1.689455112698785
2025-01-27 11:00:00+00:00,8.33,1.2382830381393433,-3.0225832434239295,-4.283611297607422,-4.388117601480117
2025-01-27 12:00:00+00:00,1.42,1.1961092948913574,-5.700383236701043,-4.289618968963623,-9.729403122546932
2025-01-27 13:00:00+00:00,-11.14,1.1361182928085327,-5.4206099025188195,-4.282665252685547,-7.6179454123282335
2025-01-27 14:00:00+00:00,11.07,1.09401535987854,-5.187268858160419,-4.257627964019775,-7.9123599891752505
2025-01-27 15:00:00+00:00,-20.48,1.0763211250305176,-5.122453828391173,-4.238930702209473,0.19007946161143519
2025-01-27 16:00:00+00:00,-9.33,1.0036965608596802,-4.4866705721523505,-4.2111992835998535,-1.5354658300496016
2025-01-27 17:00:00+00:00,0.09,0.9194687604904175,-3.836272831486891,-4.20256233215332,-4.268099375540087
2025-01-27 18:00:00+00:00,-8.02,0.857182502746582,-4.695061804332537,-4.1915764808654785,-1.1566006430631472
2025-01-28 09:00:00+00:00,-1.02,0.7881958484649658,-4.090436924821931,-4.1662678718566895,-2.371497300297542
2025-01-28 10:00:00+00:00,-3.81,0.7242839336395264,-1.6491964591484594,-4.155672073364258,-1.5840147653124441
2025-01-28 11:00:00+00:00,-2.56,0.6779595613479614,-6.388398288651494,-4.141115188598633,3.771334748994305
2025-01-28 12:00:00+00:00,11.16,0.5899070501327515,-7.617938941640585,-4.123983383178711,-6.617419357391637
2025-01-28 13:00:00+00:00,21.49,0.5129007697105408,-6.14603532954802,-4.0943803787231445,-3.4571615580835147
2025-01-28 14:00:00+00:00,11.76,0.4764097034931183,0.20013857600676316,-4.095242977142334,-3.490670431230864
2025-01-28 15:00:00+00:00,0.75,0.3025963604450226,-2.798339854666394,-4.0784220695495605,-2.604008357358498
2025-01-28 16:00:00+00:00,4.61,0.18493494391441345,-2.0266492713353053,-4.083005905151367,3.2448368276689346
2025-01-28 17:00:00+00:00,6.22,0.1482645571231842,-2.393928281237479,-4.063907146453857,1.4522240245773337
2025-01-28 18:00:00+00:00,3.11,0.12796038389205933,-2.9934211544580775,-3.990495204925537,-4.4511900340949
2025-01-29 09:00:00+00:00,-3.45,0.1324513554573059,1.0536650199702717,-3.9479763507843018,-3.249770237247369
2025-01-29 10:00:00+00:00,14.38,0.1339767873287201,-2.2863190257144685,-3.913234233856201,3.6494491285700317
2025-01-29 11:00:00+00:00,6.12,0.16663911938667297,-3.1146004757904997,-3.89163875579834,-2.406749478369674
2025-01-29 12:00:00+00:00,-3.52,0.20055446028709412,-1.2363970465425447,-3.8382439613342285,-5.640088377827981
2025-01-29 13:00:00+00:00,-8.67,0.2352639138698578,-3.8243921316424725,-3.8129661083221436,-2.0473760986967307
2025-01-29 14:00:00+00:00,-3.59,0.2258094847202301,-3.6372030552835324,-3.7472872734069824,-9.275173801603682
2025-01-29 15:00:00+00:00,-6.3,0.24381986260414124,-4.258291135065651,-3.7232141494750977,-0.9500714575453768
2025-01-29 16:00:00+00:00,14.29,0.2729739844799042,-4.094566362357072,-3.6638612747192383,0.3386850842767479
2025-01-29 17:00:00+00:00,6.34,0.3210497200489044,-4.367710508978118,-3.611722707748413,1.0207448778308232
2025-01-29 18:00:00+00:00,-0.36,0.3687123954296112,-2.8139910867829983,-3.532820463180542,2.0122976604534983
2025-01-30 09:00:00+00:00,0.22,0.4325670897960663,-3.158407328105792,-3.460129737854004,-7.5671199628724555
2025-01-30 10:00:00+00:00,-2.31,0.4865235388278961,-0.9343114453805011,-3.369821310043335,-2.007763459562825
2025-01-30 11:00:00+00:00,-0.59,0.5214607119560242,-2.928770056537607,-3.323437213897705,-7.498181338389037
2025-01-30 12:00:00+00:00,2.79,0.5561104416847229,-6.672750026122448,-3.287907361984253,1.9748674588941337
2025-01-30 13:00:00+00:00,0.63,0.5512150526046753,-5.17411372753939,-3.2875382900238037,-2.0949414539217903
2025-01-30 14:00:00+00:00,1.07,0.5475746393203735,-3.9525315729211616,-3.2895238399505615,-0.24620705759045272
2025-01-30 15:00:00+00:00,2.43,0.5389928221702576,-3.7934215269754725,-3.2804131507873535,-9.044638243940163
2025-01-30 16:00:00+00:00,7.87,0.5328539609909058,-3.781864434227437,-3.3120787143707275,-4.24129993318658
2025-01-30 17:00:00+00:00,5.04,0.4899877607822418,-2.2542713034656883,-3.3668010234832764,0.6713605437138734
2025-01-30 18:00:00+00:00,17.92,0.48488113284111023,-3.716511326115528,-3.388352632522583,-4.382295807527501
2025-01-31 09:00:00+00:00,0.13,0.49251237511634827,-3.798430292476568,-3.441453695297241,-2.5850180090485333
2025-01-31 10:00:00+00:00,-13.2,0.4792955815792084,-0.9813126599057153,-3.520322561264038,2.51182453455733
2025-01-31 11:00:00+00:00,5.1,0.4739282429218292,-1.007717729729075,-3.6173770427703857,-9.553327133134713
2025-01-31 12:00:00+00:00,-1.63,0.4553922712802887,-2.243832522618373,-3.688521385192871,-0.8337239108032093
2025-01-31 13:00:00+00:00,4.48,0.4476618468761444,-2.550472296588886,-3.7438406944274902,-1.1911327375331537
2025-01-31 14:00:00+00:00,-21.07,0.4415561854839325,-3.361867396121977,-3.7676281929016113,2.3815601791458265
2025-01-31 15:00:00+00:00,-5.08,0.4511388838291168,-3.4240131904787026,-3.7787652015686035,-0.59483851478613
2025-01-31 16:00:00+00:00,-6.72,0.4628070294857025,-1.8349045016047776,-3.8015966415405273,-1.0383711496907604
2025-01-31 17:00:00+00:00,0.7,0.4806137979030609,-5.096233667328667,-3.8288533687591553,-4.887996636533912
2025-01-31 18:00:00+00:00,-17.22,0.5002531409263611,-7.105790989914369,-3.8569390773773193,-3.3626283504963315
2025-02-03 09:00:00+00:00,9.08,0.5296379923820496,-6.56344568201657,-3.8621463775634766,-4.75695528851202
2025-02-03 10:00:00+00:00,-7.92,0.5596081614494324,-3.907811586587459,-3.8523781299591064,1.9235823606089701
2025-02-03 11:00:00+00:00,-0.19,0.5471768379211426,-3.3050711701734974,-3.8647592067718506,1.9329054712520997
2025-02-03 12:00:00+00:00,1.5,0.5323396325111389,-2.094482312414316,-3.8797147274017334,0.7877215059840166
2025-02-03 13:00:00+00:00,-4.99,0.5188816785812378,-7.292137216408699,-3.883925676345825,-0.030621798853228965
2025-02-03 14:00:00+00:00,-8.84,0.5151678323745728,-9.452964107299398,-3.890843152999878,-0.2630276723032459
2025-02-03 15:00:00+00:00,7.28,0.5015823841094971,-7.345543182300828,-3.859562397003174,0.1514647779332663
2025-02-03 16:00:00+00:00,-5.77,0.5038349032402039,-5.985620748322171,-3.8415002822875977,2.6011125663030628
2025-02-03 17:00:00+00:00,5.14,0.49319300055503845,-6.65266493961532,-3.8138985633850098,-1.9163348034248444
2025-02-03 18:00:00+00:00,17.56,0.4734584391117096,-6.645437993442429,-3.7940995693206787,-5.951415921489497
2025-02-04 09:00:00+00:00,0.35,0.46732231974601746,-4.9360213497021235,-3.7969510555267334,2.022086541121654
2025-02-04 10:00:00+00:00,-12.07,0.4535829722881317,-4.045759809662224,-3.801231622695923,-1.4102183119944265
2025-02-04 11:00:00+00:00,-3.21,0.4028157889842987,-4.602954128352484,-3.805110216140747,-2.4527555927526796
2025-02-04 12:00:00+00:00,-3.15,0.3680715262889862,-4.518160444145396,-3.8082072734832764,3.28219990143507
2025-02-04 13:00:00+00:00,0.17,0.34531161189079285,-6.359233420322182,-3.8352649211883545,-0.19516977072284705
2025-02-04 14:00:00+00:00,-0.92,0.3247247636318207,-4.3007352725998755,-3.867095470428467,-1.259581007012687
2025-02-04 15:00:00+00:00,-3.79,0.3427979648113251,-6.2048730938893195,-3.8867645263671875,0.7060714955451566
2025-02-04 16:00:00+00:00,-5.75,0.3600746691226959,-6.525491074927729,-3.8901383876800537,-0.5429171844363634
2025-02-04 17:00:00+00:00,2.35,0.3896205723285675,-4.77357191972706,-3.898165464401245,-2.401356658889643
2025-02-04 18:00:00+00:00,-11.82,0.4196140468120575,-5.108661997382858,-3.920686960220337,3.8313058792788537
2025-02-05 09:00:00+00:00,5.27,0.45480719208717346,-6.998487960017091,-3.9337010383605957,-3.3140661286679594
2025-02-05 10:00:00+00:00,-18.8,0.4828889071941376,-4.502807589950591,-3.9474940299987793,2.8690258331048115
2025-02-05 11:00:00+00:00,26.05,0.4970546066761017,-5.799544051986628,-3.951115846633911,-1.4084399674040606
2025-02-05 12:00:00+00:00,-9.61,0.5104349851608276,-3.771565509720706,-3.9418280124664307,-3.93813049142242
2025-02-05 13:00:00+00:00,-1.88,0.544072151184082,-4.5860407020660166,-3.9658420085906982,-4.753918831534416
2025-02-05 14:00:00+00:00,1.75,0.5688380002975464,-5.362193999673115,-3.978579044342041,-2.67328079583599
2025-02-05 15:00:00+00:00,1.27,0.5786944627761841,-5.710630398616988,-3.976081132888794,-0.5029232261235093
2025-02-05 16:00:00+00:00,19.23,0.5827428698539734,-7.650804768031131,-3.982480764389038,-1.3271645703152954
2025-02-05 17:00:00+00:00,1.39,0.5797125697135925,-1.8697989821338412,-3.9701075553894043,-1.2841597094932644
2025-02-05 18:00:00+00:00,30.92,0.572536051273346,-5.421561954024194,-3.973337173461914,-3.171658542028557
2025-02-06 09:00:00+00:00,8.66,0.568398654460907,-3.7336679071718333,-3.9971964359283447,2.2954593635707816
2025-02-06 10:00:00+00:00,-9.38,0.5601459741592407,-1.2974001904266577,-4.016122817993164,-3.682431525494799
2025-02-06 11:00:00+00:00,3.53,0.5311508774757385,-1.496545974333015,-4.001656532287598,-6.153681948172952
2025-02-06 12:00:00+00:00,-8.62,0.4935402572154999,-2.5514460821133955,-4.024353981018066,1.2928799757882508
2025-02-06 13:00:00+00:00,0.46,0.47089675068855286,-2.094759629639923,-4.062197208404541,-3.5962692314307443
2025-02-06 14:00:00+00:00,9.91,0.4590359628200531,-1.9926616914731046,-4.085821151733398,-2.58036437251069
2025-02-06 15:00:00+00:00,1.77,0.4459454119205475,-1.7392385649494713,-4.117275714874268,1.5064764784838627
2025-02-06 16:00:00+00:00,9.19,0.43434807658195496,-2.9003276185227778,-4.114972114562988,-5.927540961764946
2025-02-06 17:00:00+00:00,-6.88,0.4246414005756378,-2.0059661759235055,-4.100343227386475,-4.582022999782882
2025-02-06 18:00:00+00:00,14.24,0.41316911578178406,-3.10378714847898,-4.0919508934021,-4.62938640348127
2025-02-07 09:00:00+00:00,-1.6,0.39947184920310974,-3.804467174493668,-4.089930057525635,-3.994853437890325
2025-02-07 10:00:00+00:00,-15.43,0.40467479825019836,-1.890660154410651,-4.102266311645508,-4.546401113054402
2025-02-07 11:00:00+00:00,-2.5,0.39218541979789734,-4.195213274036612,-4.10468053817749,-0.7947894586690519
2025-02-07 12:00:00+00:00,7.89,0.3828187882900238,-5.834639767146874,-4.133224964141846,-2.5620950852252298
2025-02-07 13:00:00+00:00,-7.79,0.38409098982810974,-3.765261031535138,-4.120858192443848,-1.070060250920351
2025-02-07 14:00:00+00:00,0.59,0.39423099160194397,-3.7625851474645033,-4.111278533935547,-5.188982884463226
2025-02-07 15:00:00+00:00,1.98,0.3945148289203644,-4.720601877998198,-4.095761775970459,-3.426104630205093
2025-02-07 16:00:00+00:00,-4.78,0.4041362702846527,-5.139271963830591,-4.08565616607666,-1.062921625494161
2025-02-07 17:00:00+00:00,3.81,0.40659305453300476,-5.521514389581712,-4.086421966552734,-5.158566620783771
2025-02-07 18:00:00+00:00,27.34,0.4116062819957733,-5.8696448274718565,-4.074100494384766,-4.750103687182585
2025-02-10 09:00:00+00:00,-2.02,0.4058597981929779,-3.7818386131216783,-4.0937180519104,1.1365178726396092
2025-02-10 10:00:00+00:00,-9.26,0.4255546033382416,-3.3055784629415044,-4.113323211669922,-5.42924866543924
2025-02-10 11:00:00+00:00,6.47,0.39589181542396545,-3.538710436321832,-4.124043941497803,2.5972746209992543
2025-02-10 12:00:00+00:00,3.51,0.37651392817497253,-4.41852834259759,-4.15497350692749,0.2151686390508959
2025-02-10 13:00:00+00:00,14.45,0.3582933843135834,-5.660591501625669,-4.16541051864624,-3.277731731301394
2025-02-10 14:00:00+00:00,-1.6,0.3510138690471649,-1.0755299768346833,-4.177567481994629,-1.0124466812340636
2025-02-10 15:00:00+00:00,8.95,0.3423813283443451,-1.8653120171554975,-4.188225746154785,1.1135581932392293
2025-02-10 16:00:00+00:00,1.4,0.3206010162830353,-1.0727828420582017,-4.2056474685668945,0.34541504083846464
2025-02-10 17:00:00+00:00,-3.38,0.3006272614002228,-0.6381601208085327,-4.214315891265869,-1.2000689868206669
2025-02-10 18:00:00+00:00,-11.5,0.29794785380363464,-1.6154293529873907,-4.212850093841553,1.968515967142211
2025-02-11 09:00:00+00:00,-1.18,0.289623886346817,-4.016105503717854,-4.220871448516846,-3.0987322645649815
2025-02-11 10:00:00+00:00,-13.4,0.31545206904411316,-1.4559017047797136,-4.2120184898376465,0.5430880350381595
2025-02-11 11:00:00+00:00,12.66,0.29512837529182434,-2.562674373656737,-4.189822673797607,-1.1193303335376024
2025-02-11 12:00:00+00:00,11.84,0.2852385938167572,-2.7560556993073275,-4.1811089515686035,-1.558699105920271
2025-02-11 13:00:00+00:00,-3.4,0.27752718329429626,-1.3221119870098725,-4.158809661865234,-1.3690711464273049
2025-02-11 14:00:00+00:00,4.53,0.2856277525424957,-2.094368101000173,-4.137296676635742,-2.496063877618252
2025-02-11 15:00:00+00:00,1.61,0.29753366112709045,-3.8165028380298147,-4.110593318939209,-0.3531717288052472
2025-02-11 16:00:00+00:00,4.38,0.31827089190483093,-3.831593545424703,-4.080801486968994,1.8880975508299571
2025-02-11 17:00:00+00:00,0.09,0.3394274413585663,-4.646214155254595,-4.0522613525390625,1.240553305889146
2025-02-11 18:00:00+00:00,24.68,0.3711108863353729,-2.1347216934653104,-4.020108222961426,2.240931990515664
2025-02-12 09:00:00+00:00,1.67,0.4038422405719757,-1.858371718032017,-3.9849514961242676,1.9696590419280506
2025-02-12 10:00:00+00:00,7.45,0.4199834167957306,-1.823043021314735,-3.914294958114624,-0.2717409600407808
2025-02-12 11:00:00+00:00,-3.61,0.40726611018180847,-1.7523990034231316,-3.887692928314209,-6.892547025636118
2025-02-12 12:00:00+00:00,2.58,0.3962955176830292,-2.6439703333903832,-3.8562073707580566,0.2015771936996944
2025-02-12 13:00:00+00:00,-8.09,0.39900174736976624,-3.0539225174635893,-3.820404291152954,-5.238654851602668
2025-02-12 14:00:00+00:00,-7.51,0.4031960666179657,-1.4713582119517334,-3.7886815071105957,0.7974325905405673
2025-02-12 15:00:00+00:00,9.36,0.4097096025943756,-2.9722269921596953,-3.754215717315674,-0.7212356393341361
2025-02-12 16:00:00+00:00,-21.37,0.4004806578159332,-2.7429112303508743,-3.710773229598999,-0.6107961757849942
2025-02-12 17:00:00+00:00,2.45,0.3803304135799408,-3.08800059083706,-3.672147512435913,-4.208059041699779
2025-02-12 18:00:00+00:00,220.03,0.35321465134620667,-3.8251468206875043,-3.6504619121551514,1.299847229183034
2025-02-13 09:00:00+00:00,-63.31,0.3298901617527008,-2.158988419605493,-3.6140716075897217,-2.7838828764690176
2025-02-13 10:00:00+00:00,27.8,0.2925886809825897,-0.620282432616487,-3.599682331085205,-19.490116165001748
2025-02-13 11:00:00+00:00,10.62,0.2364632785320282,-2.258127840979315,-3.5814907550811768,-18.53068393343581
2025-02-13 12:00:00+00:00,-21.19,0.18958213925361633,-2.0017211935676675,-3.577099323272705,-3.157729686340609
2025-02-13 13:00:00+00:00,-11.3,0.14104220271110535,-0.7737922860998118,-3.5791590213775635,-5.856437904341711
2025-02-13 14:00:00+00:00,23.13,0.12286064773797989,-0.46306521955626845,-3.5932724475860596,-6.182557075101723
2025-02-13 15:00:00+00:00,-9.65,0.10571513324975967,-0.6129439298692676,-3.598034143447876,7.493599543699583
2025-02-13 16:00:00+00:00,13.62,0.08634991198778152,-1.8628285044477577,-3.587829351425171,-9.357374590704351
2025-02-13 17:00:00+00:00,-8.41,0.062323398888111115,0.45012685402050456,-3.5818593502044678,-11.073571666148148
2025-02-13 18:00:00+00:00,58.75,0.02933380752801895,0.04041196823764581,-3.5758609771728516,-14.558205362966419
2025-02-14 09:00:00+00:00,7.39,-0.004016541410237551,-2.636423186224654,-3.5763370990753174,-18.045889289873724
2025-02-14 10:00:00+00:00,1.85,-0.005884312558919191,-1.404557454099788,-3.5806877613067627,-13.722130069883683
2025-02-14 11:00:00+00:00,-1.74,-0.03132589906454086,-0.46243506323447925,-3.5817179679870605,1.5752048563036607
2025-02-14 12:00:00+00:00,-61.07,-0.04704519361257553,-2.344840267135228,-3.592432975769043,-14.022581034325745
2025-02-14 13:00:00+00:00,10.65,-0.07764767855405807,2.193960418177399,-3.5978996753692627,-8.90418355044132
2025-02-14 14:00:00+00:00,-10.12,-0.0981055423617363,-1.1883714758850887,-3.6067821979522705,6.1919512327144695
2025-02-14 15:00:00+00:00,-51.94,-0.10955757647752762,0.7350917692582145,-3.6145453453063965,1.7083166394608746
2025-02-14 16:00:00+00:00,14.17,-0.10277514904737473,-1.1241734364466183,-3.6191999912261963,-5.339902611580402
2025-02-14 17:00:00+00:00,10.09,-0.08282365649938583,2.220816060635067,-3.6272225379943848,3.646687986319799
2025-02-14 18:00:00+00:00,76.5,-0.06723891943693161,0.9341097534191705,-3.6235852241516113,-18.654726012783577
2025-02-17 09:00:00+00:00,-3.3,-0.056490324437618256,0.2282219351230057,-3.6317708492279053,-10.150880690085085
2025-02-17 10:00:00+00:00,-4.27,-0.04668649286031723,-0.12092417829255768,-3.6287481784820557,-18.19541103256547
2025-02-17 11:00:00+00:00,19.33,-0.04496058076620102,-2.65310464407591,-3.620710849761963,-2.4034043638386544
2025-02-17 12:00:00+00:00,5.27,-0.0428217276930809,-2.9472533355809905,-3.6126699447631836,-6.924020315001067
2025-02-17 13:00:00+00:00,-9.61,-0.03272264450788498,-2.7710302600601264,-3.6080243587493896,-1.804772919412564
2025-02-17 14:00:00+00:00,20.17,-0.019224517047405243,0.30503377312176805,-3.6122353076934814,-3.573100173352035
2025-02-17 15:00:00+00:00,4.98,-0.006122433114796877,-3.1039305369114123,-3.625011444091797,4.424261028234313
2025-02-17 16:00:00+00:00,7.19,0.008922316133975983,-2.5822055623400573,-3.6446280479431152,-9.351701163654866
2025-02-17 17:00:00+00:00,7.15,0.022036142647266388,-3.455905821213186,-3.6547930240631104,-10.35044699059442
2025-02-17 18:00:00+00:00,-0.87,0.03125012665987015,-0.8791226327847184,-3.6737544536590576,6.735052738189787
2025-02-18 09:00:00+00:00,5.06,0.04352698475122452,-5.592290392652275,-3.6767852306365967,-18.164874534736484
2025-02-18 10:00:00+00:00,-42.76,0.055461443960666656,-3.2437855988094144,-3.693995952606201,4.537592468209384
2025-02-18 11:00:00+00:00,21.44,0.0636875107884407,-1.8629620898048176,-3.7134721279144287,-7.3941172147701435
2025-02-18 12:00:00+00:00,7.27,0.05530906468629837,-1.9883572791295128,-3.7155964374542236,-8.493224755961883
2025-02-18 13:00:00+00:00,26.96,0.05382931977510452,0.041167463482074486,-3.728227138519287,-7.732101265942485
2025-02-18 14:00:00+00:00,-56.81,0.056602396070957184,0.5068452996826185,-3.7422897815704346,3.815520357075733
2025-02-18 15:00:00+00:00,2.26,0.05425281077623367,0.11489351156243291,-3.753922462463379,-22.81685353661163
2025-02-18 16:00:00+00:00,-10.01,0.05806771665811539,0.9171987914893913,-3.764549732208252,8.26482163028593
2025-02-18 17:00:00+00:00,-2.19,0.06367207318544388,0.9024875932806502,-3.7734906673431396,0.11825179019115123
2025-02-18 18:00:00+00:00,13.61,0.062377847731113434,-2.289428339222556,-3.785139560699463,-8.773078366719414
2025-02-19 09:00:00+00:00,-25.19,0.054513223469257355,-0.9187683036258044,-3.7751545906066895,4.90894333286163
2025-02-19 10:00:00+00:00,-16.34,0.053902335464954376,-0.04493481137298186,-3.7658329010009766,2.470523240230886
2025-02-19 11:00:00+00:00,8.64,0.049448974430561066,1.8370091222099783,-3.7351772785186768,-3.9881388215235702
2025-02-19 12:00:00+00:00,14.0,0.04650617390871048,-0.6743950080206481,-3.706590414047241,-12.677779148689241
2025-02-19 13:00:00+00:00,5.67,0.047563858330249786,-1.9436889398552957,-3.6716761589050293,-20.416540605782462
2025-02-19 14:00:00+00:00,2.44,0.03755874186754227,-0.7016887997247728,-3.6297078132629395,-11.61900145354889
2025-02-19 15:00:00+00:00,8.63,0.033534593880176544,-0.7351227016949938,-3.5918667316436768,-5.066635304472795
2025-02-19 16:00:00+00:00,14.82,0.02577141672372818,0.90472071057251,-3.5513768196105957,-2.5734146510919427
2025-02-19 17:00:00+00:00,-14.4,0.020798571407794952,-0.7634408581439116,-3.5046916007995605,-8.074241030580081
2025-02-19 18:00:00+00:00,26.32,0.01820743829011917,-0.8334920785908592,-3.458332061767578,1.6944409534138154
2025-02-20 09:00:00+00:00,-6.39,0.011156119406223297,-2.570662892294462,-3.4160077571868896,3.038049172449184
2025-02-20 10:00:00+00:00,-3.96,0.021352894604206085,1.088317378739419,-3.383613348007202,-8.072783487907596
2025-02-20 11:00:00+00:00,19.74,0.0230775848031044,-0.37012540498584545,-3.3238425254821777,-7.5703740681082525
2025-02-20 12:00:00+00:00,-5.73,0.02545423060655594,-2.041887121879864,-3.28019642829895,-5.001897318967055
2025-02-20 13:00:00+00:00,4.61,0.02509290724992752,-2.9265097868783774,-3.2164206504821777,-6.203318601763099
2025-02-20 14:00:00+00:00,8.68,0.022320635616779327,-0.9559967810282199,-3.147768974304199,-18.282652346613908
2025-02-20 15:00:00+00:00,5.49,0.016338922083377838,-0.12793698627540195,-3.0543782711029053,-6.7405828119686895
2025-02-20 16:00:00+00:00,-2.37,0.026164330542087555,-0.9814393025591968,-2.947824239730835,-2.230724154538172
2025-02-20 17:00:00+00:00,-24.41,0.03469885140657425,-1.1685247566738437,-2.8373162746429443,5.735738330754698
2025-02-20 18:00:00+00:00,19.76,0.0569101944565773,-1.6710001559436662,-2.698561668395996,-13.914596998219013
2025-02-21 09:00:00+00:00,0.92,0.08849326521158218,-0.9774350669484191,-2.5344295501708984,6.978186183068109
2025-02-21 10:00:00+00:00,1.2,0.1676466166973114,-1.3564345725594908,-2.524343252182007,-6.046033796670527
2025-02-21 11:00:00+00:00,-8.93,0.16014686226844788,-1.5682634938074733,-2.4231488704681396,-8.999069574356424
2025-02-21 12:00:00+00:00,-27.64,0.19948384165763855,-2.768188860938889,-2.3528590202331543,-10.96674370339943
2025-02-21 13:00:00+00:00,-0.95,0.22670558094978333,0.1515914149758554,-2.3078742027282715,-8.595683668008148
2025-02-21 14:00:00+00:00,-11.25,0.22804531455039978,1.2993365973670976,-2.2622873783111572,-16.994493757731984
2025-02-21 15:00:00+00:00,3.87,0.22347143292427063,-2.018007604633148,-2.2571628093719482,-7.363189990542034
2025-02-21 16:00:00+00:00,13.39,0.23796793818473816,-3.0184622233868033,-2.2284207344055176,-16.5635418343452
2025-02-21 17:00:00+00:00,0.3,0.26130029559135437,-4.140986657608146,-2.2374980449676514,-3.0570124644247283
2025-02-21 18:00:00+00:00,27.49,0.2951013147830963,1.4547672047812759,-2.256760597229004,-6.442424250687436
2025-02-24 09:00:00+00:00,-15.24,0.30679014325141907,-1.335358011789872,-2.3092901706695557,-7.017426235869578
2025-02-24 10:00:00+00:00,0.43,0.28181734681129456,-0.565852291965737,-2.374525547027588,-16.624043287991526
2025-02-24 11:00:00+00:00,1.25,0.2363746464252472,-2.355472091840381,-2.401705265045166,-5.7392290583708805
2025-02-24 12:00:00+00:00,-3.6,0.18538007140159607,-2.220577437871401,-2.3981246948242188,-3.417203201410647
2025-02-24 13:00:00+00:00,-0.78,0.1328890323638916,-2.057207605286378,-2.448847770690918,-6.9195502546661665
2025-02-24 14:00:00+00:00,-13.26,0.0851903036236763,-2.5670104597264074,-2.4115874767303467,-9.379329195019105
2025-02-24 15:00:00+00:00,0.37,0.013751156628131866,-3.1180538743909874,-2.4117016792297363,-5.406430614357627
2025-02-24 16:00:00+00:00,9.56,-0.06565814465284348,-1.3891198996043779,-2.424201726913452,-8.122899280817975
2025-02-24 17:00:00+00:00,14.12,-0.12223223596811295,-2.6958833337951122,-2.418208122253418,-9.929561824686886
2025-02-24 18:00:00+00:00,61.95,-0.1977720409631729,-3.198535697216275,-2.4348976612091064,-12.61683596690739
2025-02-25 09:00:00+00:00,-7.92,-0.26307108998298645,-4.973098746750795,-2.412686347961426,-2.4733228408789287
2025-02-25 10:00:00+00:00,-7.82,-0.3192516267299652,-8.20260905665041,-2.4316799640655518,-4.048003409790992
2025-02-25 11:00:00+00:00,3.31,-0.36823955178260803,-4.975983702294271,-2.3780477046966553,-5.226617777867263
2025-02-25 12:00:00+00:00,-12.44,-0.4192509353160858,-6.490465557362124,-2.2783422470092773,-2.4598986934997074
2025-02-25 13:00:00+00:00,13.88,-0.45756345987319946,-3.334045137575318,-2.148052453994751,-7.184931662608786
2025-02-25 14:00:00+00:00,-6.68,-0.48308685421943665,-3.2599810748672375,-2.015881299972534,0.6674301512120273
2025-02-25 15:00:00+00:00,0.13,-0.5150625705718994,-3.9861413469207414,-1.9206218719482422,-2.4768501506832896
2025-02-25 16:00:00+00:00,-4.23,-0.5398280024528503,-4.229990600647277,-1.8443479537963867,-1.849917691756113
2025-02-25 17:00:00+00:00,-17.67,-0.5582658648490906,-3.752832565602431,-1.8117715120315552,-13.93181408337465
2025-02-25 18:00:00+00:00,7.97,-0.5924596190452576,-2.6683749102221155,-1.767552137374878,-10.885914308547953
2025-02-26 09:00:00+00:00,-5.08,-0.6342530846595764,-2.8830395015633434,-1.6980730295181274,-13.064927353114907
2025-02-26 10:00:00+00:00,-8.77,-0.6675015091896057,-1.4867493555291766,-1.68030846118927,0.0954256682847543
2025-02-26 11:00:00+00:00,-14.1,-0.7080413103103638,0.4281732125153999,-1.526284098625183,-8.056861514153587
2025-02-26 12:00:00+00:00,-35.08,-0.7436293363571167,0.8605773248245848,-1.402636170387268,-9.078391415696228
2025-02-26 13:00:00+00:00,9.61,-0.774773120880127,0.8662261409844589,-1.2899739742279053,-7.8250965112247055
2025-02-26 14:00:00+00:00,-31.97,-0.8287043571472168,-0.19118178731571436,-1.2455470561981201,-5.239670327891727
2025-02-26 15:00:00+00:00,11.71,-0.8926275968551636,1.1144160586299114,-1.1784424781799316,-6.202943288024317
2025-02-26 16:00:00+00:00,14.78,-0.9713581800460815,1.288172308884816,-1.0360509157180786,-1.1411071945901994
2025-02-26 17:00:00+00:00,0.79,-1.0473792552947998,-0.004166301360023314,-1.0258373022079468,-4.334473171245147
2025-02-26 18:00:00+00:00,-33.16,-1.1078717708587646,-2.5975127653360244,-1.063644528388977,-11.18293170675913
2025-02-27 09:00:00+00:00,-6.42,-1.1653059720993042,-2.9092134399129055,-1.087644338607788,-6.958282879680433
2025-02-27 10:00:00+00:00,-15.2,-1.2147504091262817,3.0856662870763594,-1.1304316520690918,-3.024071918006136
2025-02-27 11:00:00+00:00,-22.45,-1.2569128274917603,0.8810533067834272,-1.1365725994110107,-5.037237560629654
2025-02-27 12:00:00+00:00,18.89,-1.2736660242080688,2.890683665835839,-1.1070269346237183,4.1382227719867855
2025-02-27 13:00:00+00:00,-12.28,-1.2804255485534668,-0.785397792604144,-1.0735076665878296,-1.4015325656440745
2025-02-27 14:00:00+00:00,32.56,-1.284620761871338,3.4949002298884295,-1.0149295330047607,-4.73266754807182
2025-02-27 15:00:00+00:00,-2.35,-1.2943135499954224,-2.6832215086547904,-0.9618984460830688,-4.202926905767774
2025-02-27 16:00:00+00:00,1.62,-1.2872211933135986,-1.8964246657190642,-0.9574188590049744,2.598002132967049
2025-02-27 17:00:00+00:00,-4.56,-1.2853847742080688,-1.6872368911754103,-0.9582134485244751,-0.8810128264713681
2025-02-27 18:00:00+00:00,-32.85,-1.2752666473388672,-0.9377785746794575,-0.9552406072616577,-0.40838644021092596
2025-02-28 09:00:00+00:00,-36.64,-1.2525420188903809,-2.0144642654214175,-0.943716824054718,6.768559393802744
2025-02-28 10:00:00+00:00,7.4,-1.2372766733169556,1.7136414208689517,-0.9367342591285706,-0.6526593379903207
2025-02-28 11:00:00+00:00,-14.14,-1.2283449172973633,-0.18374261682142154,-0.8642268776893616,-4.792005740707719
2025-02-28 12:00:00+00:00,19.39,-1.2048101425170898,1.7156654676614904,-0.8016154766082764,-2.051583110997961
2025-02-28 13:00:00+00:00,2.47,-1.178580403327942,-1.1139420725666522,-0.7244104146957397,-1.0985542856916397
2025-02-28 14:00:00+00:00,-14.78,-1.1620389223098755,0.049406773746503166,-0.6451735496520996,-0.9873323159251484
2025-02-28 15:00:00+00:00,10.59,-1.144072413444519,0.9967230184283897,-0.5364022254943848,-8.374333430096833
2025-02-28 16:00:00+00:00,16.13,-1.1271847486495972,0.019571449987738035,-0.424722820520401,-1.7925165899037319
2025-02-28 17:00:00+00:00,10.26,-1.1135963201522827,-2.485191337466746,-0.3563457429409027,2.3893722919434817
2025-02-28 18:00:00+00:00,-12.95,-1.0881743431091309,0.3265964418673806,-0.2881334125995636,1.1328612776993547
2025-03-03 09:00:00+00:00,-32.3,-1.0593353509902954,-0.321018388538385,-0.18963977694511414,4.576562165617129
2025-03-03 10:00:00+00:00,-7.54,-1.0380781888961792,2.488989381847295,-0.12975846230983734,4.150490053271787
2025-03-03 11:00:00+00:00,-9.73,-1.000321865081787,0.3226649221686201,-0.04794325679540634,-3.5148610568172636
2025-03-03 12:00:00+00:00,3.99,-0.9658044576644897,-0.34087333500753997,0.01854921132326126,-9.32303737896967
2025-03-03 13:00:00+00:00,9.56,-0.9311062693595886,1.6649037811402025,0.0848594680428505,-4.606323599328797
2025-03-03 14:00:00+00:00,-4.53,-0.8546280860900879,4.039469529544989,0.16490253806114197,-9.579790910016849
2025-03-03 15:00:00+00:00,17.27,-0.7742580771446228,3.673180084056616,0.23971477150917053,-4.088410359185969
2025-03-03 16:00:00+00:00,-13.31,-0.6972404718399048,-0.22366889093618472,0.2949364483356476,-6.929883993960384
2025-03-03 17:00:00+00:00,-5.21,-0.6370913982391357,-1.7778613861941124,0.3189360201358795,-0.9653551057906771
2025-03-03 18:00:00+00:00,58.95,-0.6030533909797668,0.44094797847300277,0.3657027781009674,-6.810786707949262
2025-03-04 09:00:00+00:00,28.47,-0.5835232734680176,-0.2288210530966422,0.3775798976421356,6.752829567940815
2025-03-04 10:00:00+00:00,8.6,-0.5373216867446899,1.501293892951885,0.39730480313301086,-10.859976608351012
2025-03-04 11:00:00+00:00,-8.53,-0.4371325671672821,-0.28982074163789207,0.43725624680519104,-5.818436287687951
2025-03-04 12:00:00+00:00,-7.53,-0.3745632767677307,0.29821663666450826,0.4646565616130829,-2.7508605156839874
2025-03-04 13:00:00+00:00,3.68,-0.3248712718486786,-0.7657661997242178,0.47092512249946594,-8.946104273925524
2025-03-04 14:00:00+00:00,-8.24,-0.27879583835601807,1.9602771355698472,0.4510750472545624,-1.7981201317369715
2025-03-04 15:00:00+00:00,11.25,-0.23462381958961487,1.8528645398781274,0.42243024706840515,-3.910728903789482
2025-03-04 16:00:00+00:00,-3.73,-0.1835719347000122,1.0948689956411093,0.4181589186191559,-3.35310539593695
2025-03-04 17:00:00+00:00,12.98,-0.14026542007923126,-2.974873230590879,0.3988288938999176,-4.157942530508936
2025-03-04 18:00:00+00:00,1.31,-0.09515460580587387,-1.6320761401717734,0.38516029715538025,-6.9460307333463485
2025-03-05 09:00:00+00:00,-6.43,-0.06022896617650986,-0.035707115359154024,0.34905532002449036,-11.159430566687679
2025-03-05 10:00:00+00:00,30.47,-0.04171641916036606,1.8844019581579576,0.2996189296245575,-5.169845565367212
2025-03-05 11:00:00+00:00,3.82,0.03856030851602554,1.7298411568501375,0.30479535460472107,-8.647150445416754
2025-03-05 12:00:00+00:00,-8.93,0.08895883709192276,-1.2338941611557177,0.3329576551914215,-2.3304544426625533
2025-03-05 13:00:00+00:00,-3.05,0.12862896919250488,-0.9805766816728211,0.34130939841270447,-3.069952990315765
2025-03-05 14:00:00+00:00,-5.9,0.16843822598457336,0.8479328037925618,0.3215484917163849,-2.317865840949869
2025-03-05 15:00:00+00:00,9.48,0.18747738003730774,0.47083848835637965,0.3037354648113251,-3.420244688292449
2025-03-05 16:00:00+00:00,-5.75,0.20987263321876526,0.14358187425327057,0.30366018414497375,-4.428255190107285
2025-03-05 17:00:00+00:00,6.97,0.2208016812801361,-1.579305488475478,0.3046034276485443,-9.288765945098518
2025-03-05 18:00:00+00:00,-34.74,0.24133536219596863,0.07818975530386306,0.28995129466056824,-4.875728170535963
2025-03-06 09:00:00+00:00,-4.37,0.26893141865730286,-2.0479885652073313,0.28774020075798035,-12.793902573029651
2025-03-06 10:00:00+00:00,-11.86,0.2720213830471039,1.507378793386115,0.26222988963127136,-8.441961256130567
2025-03-06 11:00:00+00:00,-7.14,0.30738380551338196,2.0898599059262417,0.2548372447490692,-9.379463401671659
2025-03-06 12:00:00+00:00,-10.66,0.3237999379634857,-1.1965221022962576,0.21847310662269592,-1.383943311293227
2025-03-06 13:00:00+00:00,-2.42,0.34797361493110657,-0.009512173113172442,0.16836616396903992,-2.647089777732803
2025-03-06 14:00:00+00:00,14.29,0.40229639410972595,-3.6106776538909298,0.10874772816896439,4.304772984932585
2025-03-06 15:00:00+00:00,15.49,0.4348783791065216,-0.7596982128561648,0.06767217069864273,-2.51054852838688
2025-03-06 16:00:00+00:00,0.01,0.47762617468833923,-1.3521591341141874,0.020703382790088654,-4.591666326939203
2025-03-06 17:00:00+00:00,-14.52,0.5323250889778137,-1.5121917514713032,-0.030544690787792206,-7.093773718418822
2025-03-06 18:00:00+00:00,19.22,0.5796820521354675,-2.433242463552728,-0.08423685282468796,-2.0781567413233137
2025-03-07 09:00:00+00:00,10.3,0.6045207381248474,-3.141228707509247,-0.13865666091442108,6.127248360121536
2025-03-07 10:00:00+00:00,9.44,0.6118678450584412,-3.104611358119884,-0.17932680249214172,-0.5054904795667057
2025-03-07 11:00:00+00:00,-13.55,0.6442082524299622,-2.7748262896674127,-0.21844042837619781,2.372721347125349
2025-03-07 12:00:00+00:00,6.27,0.6697348356246948,-1.0666540920570367,-0.2634761929512024,-5.156945733482855
2025-03-07 13:00:00+00:00,0.14,0.7018684148788452,-0.6247417954037452,-0.30841395258903503,4.629122401260839
2025-03-07 14:00:00+00:00,-5.67,0.7299304008483887,-1.4850267870538856,-0.3701065480709076,2.2460679072641945
2025-03-07 15:00:00+00:00,8.03,0.7401084899902344,-2.865073776982236,-0.4371050000190735,4.4959180623653765
2025-03-07 16:00:00+00:00,-61.86,0.7693382501602173,-4.398356013167876,-0.49668407440185547,7.266684678018518
2025-03-07 17:00:00+00:00,-13.14,0.7845096588134766,-1.5170565405654608,-0.5125596523284912,-0.9501519250392712
2025-03-07 18:00:00+00:00,56.8,0.7779303789138794,-1.2339878723596125,-0.5258330702781677,-0.709258201004416
2025-03-10 09:00:00+00:00,-19.15,0.749466061592102,-1.7089696859228414,-0.535198986530304,0.8766325064023992
2025-03-10 10:00:00+00:00,-2.0,0.7152975797653198,-1.556853074198247,-0.52296382188797,-2.8662726960033122
2025-03-10 11:00:00+00:00,7.84,0.7316819429397583,-1.8211672717806398,-0.5425706505775452,2.4833961329424623
2025-03-10 12:00:00+00:00,5.05,0.7333531379699707,-1.6235320005160716,-0.5598368644714355,-1.228641083686814
2025-03-10 13:00:00+00:00,5.55,0.7158088684082031,-2.2166674582489416,-0.5721278190612793,-10.446894825549036
2025-03-10 14:00:00+00:00,-3.87,0.6970964670181274,-4.220067877316155,-0.57769376039505,-6.758882937443363
2025-03-10 15:00:00+00:00,-1.17,0.6822350025177002,-4.532127443485913,-0.5873258709907532,4.332369364871683
2025-03-10 16:00:00+00:00,-11.41,0.6683993339538574,-0.8134520837177677,-0.6210480332374573,6.705529744324072
2025-03-10 17:00:00+00:00,-3.71,0.6437387466430664,-1.2094297141124106,-0.6339747905731201,6.1474093481183285
2025-03-10 18:00:00+00:00,-11.1,0.6311227083206177,-2.814220013755842,-0.6450119018554688,-0.34244832328309993
2025-03-11 09:00:00+00:00,11.24,0.6171101927757263,-2.683269889873734,-0.6536571979522705,-6.125172800524274
2025-03-11 10:00:00+00:00,3.54,0.593989372253418,-0.8848684170097726,-0.6466525793075562,-8.503278028083825
2025-03-11 11:00:00+00:00,-0.84,0.6175470948219299,-0.6141474043005425,-0.6430572867393494,2.8709718240107938
2025-03-11 12:00:00+00:00,1.21,0.6274703741073608,-0.17820868014248337,-0.6480935215950012,-6.111836264476416
2025-03-11 13:00:00+00:00,-16.32,0.6353012323379517,-1.6185120390273426,-0.6660369038581848,-3.9134521813474175
2025-03-11 14:00:00+00:00,8.68,0.6287041902542114,-2.3730611871816456,-0.6756333708763123,-2.502591732924725
2025-03-11 15:00:00+00:00,3.79,0.6239069700241089,-1.6730287554324663,-0.6808412075042725,-6.392808461002409
2025-03-11 16:00:00+00:00,0.61,0.6272034645080566,-0.7378423704062815,-0.6727641820907593,-4.90701263877388
2025-03-11 17:00:00+00:00,-0.67,0.6301947236061096,-0.24458507930356538,-0.6522725820541382,-1.304467430306431
2025-03-11 18:00:00+00:00,-14.96,0.6340979933738708,-2.0292739798896284,-0.621833860874176,-2.6786581516714083
2025-03-12 09:00:00+00:00,-16.89,0.6333310008049011,-1.2145350215622281,-0.6039706468582153,-3.1637561308153535
2025-03-12 10:00:00+00:00,-3.6,0.6345112323760986,3.573307060023178,-0.5944178700447083,-4.77323989599593
2025-03-12 11:00:00+00:00,11.38,0.6707158088684082,4.345237983232139,-0.6030859351158142,-4.81319161390712
2025-03-12 12:00:00+00:00,-5.62,0.6931716203689575,-1.0650357499575405,-0.5842407941818237,1.014663855569978
2025-03-12 13:00:00+00:00,11.01,0.7141225337982178,1.2544619567714115,-0.5513852834701538,-3.5865152390477544
2025-03-12 14:00:00+00:00,6.9,0.7285829782485962,0.6979496627795947,-0.507887601852417,-0.6471047300087729
2025-03-12 15:00:00+00:00,-11.15,0.7476415634155273,-0.9930805073662979,-0.4565957188606262,1.6871261124531969
2025-03-12 16:00:00+00:00,1.86,0.7749602794647217,-2.256047644376109,-0.40935730934143066,-4.976365120153676
2025-03-12 17:00:00+00:00,4.09,0.8113596439361572,-7.049981271341673,-0.3482188880443573,-2.321944486456305
2025-03-12 18:00:00+00:00,-34.81,0.8519148826599121,-4.896663570849376,-0.2795736789703369,2.0850241130714675
2025-03-13 09:00:00+00:00,-7.34,0.9023953676223755,-1.7752239919594772,-0.19695834815502167,-4.904160486662515
2025-03-13 10:00:00+00:00,-13.87,0.9534276723861694,-1.2620938525928502,-0.13865983486175537,2.274216056037976
2025-03-13 11:00:00+00:00,21.61,1.0093883275985718,4.695387862189937,-0.07105746120214462,-3.371880609303668
2025-03-13 12:00:00+00:00,-11.03,1.0654398202896118,-1.6745289176460438,-0.000922136299777776,-10.01118849064614
2025-03-13 13:00:00+00:00,-21.42,1.1275986433029175,-0.9769755415275271,0.0883290246129036,-3.757970536850996
2025-03-13 14:00:00+00:00,-11.56,1.189613938331604,-0.5135380207078111,0.18356385827064514,-3.734616110781957
2025-03-13 15:00:00+00:00,12.73,1.2476431131362915,-3.6395588343515852,0.2919004261493683,-12.035780042876153
2025-03-13 16:00:00+00:00,-0.95,1.3056319952011108,-2.6253891126837314,0.3947106897830963,-0.025944236612659488
2025-03-13 17:00:00+00:00,4.24,1.3658009767532349,-0.28636108782451936,0.4996132552623749,-4.593290599286868
2025-03-13 18:00:00+00:00,38.39,1.434137225151062,-0.19129067011382117,0.5865365266799927,-5.235081042379093
2025-03-14 09:00:00+00:00,-4.05,1.505262851715088,-1.2426390267505676,0.6861608028411865,1.9611017778821076
2025-03-14 10:00:00+00:00,-19.99,1.5775572061538696,-4.022361311543746,0.7496901750564575,-0.45812804933709506
2025-03-14 11:00:00+00:00,14.41,1.6405794620513916,-3.4434721198811062,0.8354129791259766,0.44361559594240974
2025-03-14 12:00:00+00:00,8.64,1.687056303024292,-1.7046825728606776,0.9088231325149536,0.4479057314239415
2025-03-14 13:00:00+00:00,2.71,1.7310450077056885,-0.925116053900097,0.9438502788543701,-2.471783237498829
2025-03-14 14:00:00+00:00,7.8,1.7857041358947754,-1.1839637078511847,0.9615663290023804,0.38321029387519034
2025-03-14 15:00:00+00:00,29.9,1.8340466022491455,-5.130524763896051,0.9554176330566406,-2.9250792347371597
2025-03-14 16:00:00+00:00,-10.1,1.888357162475586,-3.0477601563983656,0.9473782777786255,-5.785876371191506
2025-03-14 17:00:00+00:00,5.8,1.9581260681152344,-6.037207943631365,0.9704746007919312,-8.624830614405578
2025-03-14 18:00:00+00:00,58.16,2.0215137004852295,-7.374282833084501,0.9829531908035278,-2.461191046543867
2025-03-17 09:00:00+00:00,-3.05,2.0793824195861816,-7.1320282948082045,0.9806772470474243,-5.984808105715003
2025-03-17 10:00:00+00:00,6.54,2.1217563152313232,-5.679396673507598,0.9833458662033081,-6.407473218315813
2025-03-17 11:00:00+00:00,-6.39,2.172358989715576,-4.541173493042599,1.036054015159607,-0.663522593505345
2025-03-17 12:00:00+00:00,-3.76,2.2307515144348145,-4.184858763351284,1.0932409763336182,0.08200723080609329
2025-03-17 13:00:00+00:00,-17.73,2.2775115966796875,-2.5721870822510176,1.1353768110275269,0.8820515159378648
2025-03-17 14:00:00+00:00,12.87,2.3173162937164307,-3.4843194315830184,1.1869442462921143,-6.944683022387207
2025-03-17 15:00:00+00:00,4.83,2.3471484184265137,-2.908338855614535,1.2322821617126465,-4.489985833499653
2025-03-17 16:00:00+00:00,-1.99,2.375227451324463,-0.6597760255620175,1.2622781991958618,-4.940419228912979
2025-03-17 17:00:00+00:00,0.63,2.404472589492798,-0.1853141209595302,1.2932257652282715,-5.8103835310682825
2025-03-17 18:00:00+00:00,18.23,2.466334819793701,-1.4241500237243416,1.3082406520843506,-6.451035391475643
2025-03-18 09:00:00+00:00,-8.66,2.515674352645874,-1.6161080719723193,1.2934530973434448,-5.973239183174767
2025-03-18 10:00:00+00:00,-6.87,2.5383036136627197,-5.747451313347981,1.299932837486267,-9.479319162967451
2025-03-18 11:00:00+00:00,2.71,2.5644636154174805,-4.9042671669898645,1.2903823852539062,-4.491405466715093
2025-03-18 12:00:00+00:00,4.58,2.581339120864868,2.0440961827521886,1.2944990396499634,3.6416596202437805
2025-03-18 13:00:00+00:00,1.24,2.596022129058838,0.9618956717402345,1.3023144006729126,-4.032145671268324
2025-03-18 14:00:00+00:00,-0.47,2.6086432933807373,1.0100051525671194,1.3017847537994385,-3.6073217797330157
2025-03-18 15:00:00+00:00,6.06,2.6215908527374268,0.2734055307584391,1.29232919216156,-0.6356663746956932
2025-03-18 16:00:00+00:00,9.16,2.617788553237915,-0.798500743419335,1.3038780689239502,-6.013552155850125
2025-03-18 17:00:00+00:00,-13.68,2.611953020095825,0.8208896015824858,1.3235965967178345,-6.432097578619826
2025-03-18 18:00:00+00:00,-42.41,2.605487823486328,-2.074143690590311,1.3502116203308105,-8.274425548009205
2025-03-19 09:00:00+00:00,-13.8,2.586873769760132,-0.07914474135269327,1.3630155324935913,-5.668148192416598
2025-03-19 10:00:00+00:00,9.65,2.5703930854797363,-0.19490977962714645,1.3338837623596191,-5.869356725080678
2025-03-19 11:00:00+00:00,-3.72,2.5579891204833984,-2.964727632849827,1.3034197092056274,-2.682720557776868
2025-03-19 12:00:00+00:00,-7.69,2.542612075805664,-1.6906477569724996,1.2900190353393555,-7.624486297497437
2025-03-19 13:00:00+00:00,16.83,2.529019594192505,-1.4841199444688071,1.254796028137207,1.852982688571901
2025-03-19 14:00:00+00:00,16.3,2.509852647781372,-0.7283900674693041,1.234553337097168,0.9146693863336635
2025-03-19 15:00:00+00:00,-0.41,2.495694875717163,-0.35228740098917133,1.1951178312301636,1.7150971922595544
2025-03-19 16:00:00+00:00,-1.51,2.4741945266723633,-1.1416064207343717,1.1546961069107056,-7.969853868457855
2025-03-19 17:00:00+00:00,-0.94,2.45699143409729,-1.5492864549274707,1.1183092594146729,7.483600293528249
2025-03-19 18:00:00+00:00,10.5,2.4460110664367676,0.12637518301910688,1.0956600904464722,4.133693549417831
2025-03-20 09:00:00+00:00,-16.25,2.4274485111236572,-4.461490189221292,1.0794965028762817,3.672498264439249
2025-03-20 10:00:00+00:00,-1.29,2.4103915691375732,-3.7735704340630756,1.0595712661743164,0.6405362351152831
2025-03-20 11:00:00+00:00,3.29,2.4049060344696045,-2.7610531066607975,1.0391526222229004,-2.379846351628829
2025-03-20 12:00:00+00:00,-8.22,2.406299352645874,-1.5283761238137403,1.0095056295394897,-3.2420204369582777
2025-03-20 13:00:00+00:00,-6.95,2.4053261280059814,-1.6249071032612679,0.962313175201416,-6.440191381175568
2025-03-20 14:00:00+00:00,-13.55,2.4117026329040527,-1.9589452470111266,0.9216933250427246,2.68479535487334
2025-03-20 15:00:00+00:00,21.57,2.429487943649292,-2.644960210244728,0.8922295570373535,-3.727125200295423
2025-03-20 16:00:00+00:00,11.09,2.4314255714416504,-3.5543825890506064,0.8683507442474365,7.678823563126779
2025-03-20 17:00:00+00:00,-6.84,2.4449009895324707,-0.9476831427636567,0.8484643697738647,-0.35568014110119317
2025-03-20 18:00:00+00:00,-1.44,2.45475697517395,-1.070618615751044,0.8446881771087646,-2.4901532944038722
2025-03-21 09:00:00+00:00,6.65,2.4619600772857666,-1.9935782544968688,0.8466708660125732,-0.5385774505537213
2025-03-21 10:00:00+00:00,5.23,2.47210431098938,-1.1396799366761297,0.849419116973877,6.553447204614922
2025-03-21 11:00:00+00:00,2.26,2.4910945892333984,-2.3703050633406577,0.8634191751480103,1.2525337100689555
2025-03-21 12:00:00+00:00,-17.73,2.502084970474243,-1.7040262816530847,0.8636032342910767,-4.325609669669366
2025-03-21 13:00:00+00:00,-2.26,2.5068256855010986,-3.926674162019237,0.8765466213226318,-0.8505528951334511
2025-03-21 14:00:00+00:00,-8.16,2.4972517490386963,0.4219273980035306,0.8943688869476318,1.6497883620342961
2025-03-21 15:00:00+00:00,-9.09,2.4910385608673096,-2.2511120490578125,0.9033002853393555,-6.801088077858158
2025-03-21 16:00:00+00:00,-3.59,2.491825819015503,0.8041337087155823,0.8835635185241699,0.9359909565994073
2025-03-21 17:00:00+00:00,-3.4,2.4819042682647705,-0.35431975574963653,0.8771320581436157,1.8320939508359786
2025-03-21 18:00:00+00:00,7.87,2.462043046951294,0.6437550311920665,0.8542243242263794,-1.7802553846538742
2025-03-24 09:00:00+00:00,-12.37,2.445941209793091,0.04071864399850848,0.83226478099823,-8.262200061724588
2025-03-24 10:00:00+00:00,-2.8,2.427147626876831,0.6403496537561155,0.8344250917434692,-2.8446083055730655
2025-03-24 11:00:00+00:00,2.2,2.4267141819000244,2.711269995167407,0.8099625110626221,-2.531061766405192
2025-03-24 12:00:00+00:00,-8.22,2.4218978881835938,2.0876296353659383,0.7681212425231934,-1.0692554661925626
2025-03-24 13:00:00+00:00,-0.72,2.414982795715332,1.6902861293934113,0.73389732837677,-0.798452447020982
2025-03-24 14:00:00+00:00,2.47,2.398350477218628,0.9472886685457287,0.7079633474349976,-4.851211257364203
2025-03-24 15:00:00+00:00,-6.67,2.37750506401062,0.04030676901537163,0.6721515655517578,2.8872740349345163
2025-03-24 16:00:00+00:00,4.94,2.3672924041748047,2.1860032573378465,0.6497820019721985,-2.9197085966277614
2025-03-24 17:00:00+00:00,0.35,2.38391375541687,0.3636763764601437,0.6067666411399841,-4.028008377264787
2025-03-24 18:00:00+00:00,10.49,2.370244026184082,0.2526054740221168,0.5843522548675537,-4.5938286630823955
2025-03-25 09:00:00+00:00,-7.5,2.36230206489563,-1.0838548434175936,0.5646175146102905,-2.3433778638407334
2025-03-25 10:00:00+00:00,2.57,2.3590686321258545,1.0246028491415817,0.5520250797271729,-6.040667471328352
2025-03-25 11:00:00+00:00,-33.41,2.3706395626068115,0.43009352460571587,0.541598916053772,-4.774186510677983
2025-03-25 12:00:00+00:00,4.47,2.3836658000946045,0.32258451838144453,0.5522838830947876,-1.9031696280851704
2025-03-25 13:00:00+00:00,1.46,2.3692262172698975,-1.199021909313413,0.5573254227638245,1.763512456238668
2025-03-25 14:00:00+00:00,-2.45,2.3718678951263428,-0.18584470032836453,0.5450162887573242,-0.8168252982120705
2025-03-25 15:00:00+00:00,-8.31,2.4199512004852295,1.1549339295049637,0.5134679079055786,-3.241643808401723
2025-03-25 16:00:00+00:00,9.04,2.4467079639434814,0.6961463331322727,0.5040436387062073,-2.5993717588405802
2025-03-25 17:00:00+00:00,9.6,2.4827303886413574,-1.360980235103676,0.48763564229011536,-2.757493283684899
2025-03-25 18:00:00+00:00,34.55,2.5163447856903076,-4.4286416851922406,0.4805689752101898,-7.602807867891689
2025-03-26 09:00:00+00:00,-17.31,2.5523252487182617,-0.3831571425183486,0.4870849549770355,-3.2248992534275844
2025-03-26 10:00:00+00:00,-3.09,2.586245536804199,-1.9967791079117276,0.49733099341392517,-4.43594754682069
2025-03-26 11:00:00+00:00,8.78,2.6379587650299072,-5.83237314638564,0.5025325417518616,3.085985930784072
2025-03-26 12:00:00+00:00,-11.3,2.695357084274292,-3.2208363608588884,0.5020950436592102,-1.9328248506333423
2025-03-26 13:00:00+00:00,-8.25,2.7479372024536133,-4.735073390246314,0.49950549006462097,-3.705126958751653
2025-03-26 14:00:00+00:00,-2.67,2.7948880195617676,-1.1566060973903745,0.4965026080608368,-0.9962032712917519
2025-03-26 15:00:00+00:00,-6.3,2.8477118015289307,-0.960765935297143,0.504301130771637,5.55341463993157
2025-03-26 16:00:00+00:00,-9.03,2.9148471355438232,-0.6403902338603593,0.5025874376296997,-5.6566354004587724
2025-03-26 17:00:00+00:00,-3.69,2.9853391647338867,1.1229196056010649,0.4748917520046234,-7.338901365959619
2025-03-26 18:00:00+00:00,-27.24,3.043715715408325,0.04682001965010926,0.46572211384773254,-1.8263161912016315
2025-03-27 09:00:00+00:00,-2.43,3.142754554748535,-5.184075808136729,0.4338367283344269,-3.562849330102627
2025-03-27 10:00:00+00:00,-12.7,3.18232798576355,-1.945688587107057,0.4459652602672577,-8.311604103857253
2025-03-27 11:00:00+00:00,5.57,3.2326745986938477,-3.150092227362814,0.4372529685497284,-1.5586377653214825
2025-03-27 12:00:00+00:00,4.03,3.2704315185546875,-1.8877413230754032,0.42847052216529846,-3.3607953277803704
2025-03-27 13:00:00+00:00,-0.3,3.292149305343628,-4.143940658777344,0.413351446390152,-1.689495653464992
2025-03-27 14:00:00+00:00,-29.13,3.3483595848083496,1.0593890117480682,0.4136851727962494,-2.340618080544819
2025-03-27 15:00:00+00:00,3.14,3.408001661300659,4.121484295575372,0.4093247354030609,-3.6668257220569744
2025-03-27 16:00:00+00:00,-4.19,3.4555418491363525,3.0275641947665575,0.4013853371143341,0.44267451987455364
2025-03-27 17:00:00+00:00,0.93,3.4855539798736572,2.99413321808058,0.3781984746456146,1.7585113313127565
2025-03-27 18:00:00+00:00,-30.29,3.509671211242676,3.2394334684877055,0.3824773132801056,-1.7317521335478616
2025-03-28 09:00:00+00:00,23.01,3.5273354053497314,0.30584470675626524,0.38880613446235657,4.848347955763738
2025-03-28 10:00:00+00:00,-18.63,3.526773452758789,1.9408511023766557,0.4060300886631012,3.801662275482367
2025-03-28 11:00:00+00:00,-17.17,3.5734312534332275,2.167971551895369,0.38290300965309143,-8.370486972473163
2025-03-28 12:00:00+00:00,-3.87,3.608504056930542,0.7358996487679893,0.36093828082084656,-1.9283910073261452
2025-03-28 13:00:00+00:00,-29.08,3.616896152496338,1.1233130862915066,0.35560426115989685,-2.574025245934327
2025-03-28 14:00:00+00:00,6.34,3.631105661392212,-1.0254465606220227,0.34521934390068054,1.976067738056581
2025-03-28 15:00:00+00:00,0.53,3.6286122798919678,-0.5664225929538328,0.36439844965934753,1.3952348189506936
2025-03-28 16:00:00+00:00,3.84,3.702338695526123,-0.5416056942343607,0.3094305098056793,1.4697620611716318
2025-03-28 17:00:00+00:00,6.98,3.722330093383789,2.0693846115934247,0.315186470746994,-2.594336831561823
2025-03-28 18:00:00+00:00,-15.31,3.7508506774902344,-0.04240115716002325,0.2950165569782257,7.291369782209794
2025-03-31 09:00:00+00:00,-26.57,3.796593189239502,-0.9147036952297717,0.28989383578300476,2.3051566615779207
2025-03-31 10:00:00+00:00,-5.33,3.843484878540039,-0.3718042502506655,0.3017512857913971,0.27502855137775417
2025-03-31 11:00:00+00:00,21.16,3.901172637939453,-0.31576411424992573,0.3102540075778961,2.329093069218497
2025-03-31 12:00:00+00:00,9.15,3.965363025665283,0.8313021714003768,0.3056601583957672,1.1330728553314018
2025-03-31 13:00:00+00:00,2.76,4.048847675323486,2.530369687005145,0.2956940829753876,0.6358537910584616
2025-03-31 14:00:00+00:00,-9.52,4.1445536613464355,1.8274884341499882,0.2892588675022125,-0.5795146278958512
2025-03-31 15:00:00+00:00,5.61,4.2214035987854,2.4738609763701187,0.31071045994758606,-0.09091651494761233
2025-03-31 16:00:00+00:00,6.77,4.301948547363281,0.714812830295695,0.3194679319858551,2.233911223158638
2025-03-31 17:00:00+00:00,-1.01,4.379436016082764,3.119786126515708,0.35983046889305115,2.867412434339921
2025-03-31 18:00:00+00:00,20.58,4.450825214385986,-0.5516056027017918,0.4059731662273407,0.12889244724849935
2025-04-01 09:00:00+00:00,-3.66,4.513940811157227,-0.26592817804455215,0.4453621804714203,6.082789658017854
2025-04-01 10:00:00+00:00,-1.15,4.572285175323486,1.7079604652052884,0.4661009609699249,0.14564120435009476
2025-04-01 11:00:00+00:00,7.68,4.643327236175537,1.3511730087940261,0.4759466350078583,-0.862163136332829
2025-04-01 12:00:00+00:00,-18.94,4.710180759429932,-1.7855387428580523,0.4902723729610443,-3.4236751930709675
2025-04-01 13:00:00+00:00,-31.19,4.758563995361328,1.3732076981206145,0.5010545253753662,0.13936159192438002
2025-04-01 14:00:00+00:00,-7.56,4.800788402557373,-1.1479460486344133,0.5289450883865356,-4.530580586373408
2025-04-01 15:00:00+00:00,-11.61,4.841007232666016,1.6118460839135709,0.5345243215560913,3.8359208259810016
2025-04-01 16:00:00+00:00,20.58,4.875295162200928,0.4936517070059242,0.5593731999397278,-8.495955168820519
2025-04-01 17:00:00+00:00,-23.66,4.9066057205200195,-2.910885273993559,0.5659512281417847,2.127728376917939
