Datetime,y_true,LSTM_att,CatBoost,Hybrid,SARIMAX
2023-11-10 13:00:00+00:00,0.25,,0.6814603687085975,,1.3776355869013648
2023-11-10 14:00:00+00:00,1.37,,1.3076336444119485,,1.1392169880942793
2023-11-10 15:00:00+00:00,-0.05,,0.7319668890922199,,-0.8504320160650745
2023-11-10 16:00:00+00:00,2.83,,1.395793383924733,,-0.4134642216358819
2023-11-10 17:00:00+00:00,3.72,,1.4428573139979113,,0.46477458458998516
2023-11-10 18:00:00+00:00,2.69,,1.2110942578834007,,2.325250427418307
2023-11-13 10:00:00+00:00,3.94,,1.14207794945467,,2.570579180471106
2023-11-13 11:00:00+00:00,-1.88,,-0.4857388234615139,,1.0602010590994841
2023-11-13 12:00:00+00:00,0.07,,-0.051623878716808874,,0.3142656763436641
2023-11-13 13:00:00+00:00,1.19,,0.24250686989235776,,0.3982465122102715
2023-11-13 14:00:00+00:00,-1.32,,0.4071611996433652,,1.2711252222319493
2023-11-13 15:00:00+00:00,0.98,,1.0896307692621903,,-0.17955547223251656
2023-11-13 16:00:00+00:00,0.77,,0.7243393533700798,,0.6620914135182783
2023-11-13 17:00:00+00:00,-0.23,,0.2722855645898597,,-0.6218274013902235
2023-11-13 18:00:00+00:00,-29.12,,-0.051407645160803817,,0.2718071317777957
2023-11-14 10:00:00+00:00,3.95,,3.7430689584152943,,-7.194250183390407
2023-11-14 11:00:00+00:00,-5.57,,-0.5462920853175756,,0.22176964732666932
2023-11-14 12:00:00+00:00,-4.95,,-0.7590316675936247,,-2.088366171433977
2023-11-14 13:00:00+00:00,-14.26,,-0.9097940919785193,,-4.264517615912203
2023-11-14 14:00:00+00:00,8.39,,4.8627895464605135,,-3.1088455237940344
2023-11-14 15:00:00+00:00,3.73,,2.0323124026653954,,1.094857323427751
2023-11-14 16:00:00+00:00,-0.92,,1.2713317947928553,,-0.005265340138233265
2023-11-14 17:00:00+00:00,2.87,,1.579207283026614,,0.07169134553619727
2023-11-14 18:00:00+00:00,-28.68,,-1.508448909224399,,-2.261595237185201
2023-11-15 10:00:00+00:00,4.22,,2.1961843156758376,,-6.6693181205825685
2023-11-15 11:00:00+00:00,2.17,,1.542538901268865,,-0.45598509353988304
2023-11-15 12:00:00+00:00,-0.08,,0.3536791271858005,,-0.7637239923236729
2023-11-15 13:00:00+00:00,6.61,,2.6407857135160278,,0.6650470614632775
2023-11-15 14:00:00+00:00,1.72,,2.331042706401042,,-2.554431276939371
2023-11-15 15:00:00+00:00,15.29,,3.6891325440000617,,-3.778271583297368
2023-11-15 16:00:00+00:00,4.76,,3.2842959796148348,,1.215375822873509
2023-11-15 17:00:00+00:00,-3.29,,-1.1467711154008806,,-2.3039083384149883
2023-11-15 18:00:00+00:00,-9.11,,-2.725843119424495,,0.5910868778845617
2023-11-16 10:00:00+00:00,-1.65,,-2.086870486839243,,1.561006008222904
2023-11-16 11:00:00+00:00,-1.86,,-1.2775192573349152,,0.26490391995437806
2023-11-16 12:00:00+00:00,-3.43,,-1.600202149973789,,-0.11734656211709336
2023-11-16 13:00:00+00:00,7.62,,-0.7788601547241961,,-0.5318581148314511
2023-11-16 14:00:00+00:00,-5.67,,-2.350244990184217,,-2.5214201519089823
2023-11-16 15:00:00+00:00,3.61,,-0.6254091406740617,,-0.3948348617952455
2023-11-16 16:00:00+00:00,-8.9,,-4.291067884941984,,-6.210911649641223
2023-11-16 17:00:00+00:00,-6.64,,-3.492898856186982,,-6.835146895088954
2023-11-16 18:00:00+00:00,-11.76,,-5.128010179563662,,-4.615031553402496
2023-11-17 10:00:00+00:00,-18.01,,-4.3325099450114655,,-5.724159308473097
2023-11-17 11:00:00+00:00,9.88,,4.236874351259691,,0.9012294820061952
2023-11-17 12:00:00+00:00,0.05,,0.22414329169709118,,0.49322381326972276
2023-11-17 13:00:00+00:00,17.15,,3.5095979310836163,,1.2540656812593318
2023-11-17 14:00:00+00:00,5.36,,2.2760806922028514,,1.5661461404923231
2023-11-17 15:00:00+00:00,4.53,,3.025549751146887,,-4.2182289707316745
2023-11-17 16:00:00+00:00,9.51,,2.024700401058061,,0.29289242541603694
2023-11-17 17:00:00+00:00,0.55,,0.525979512452453,,0.6021240769163324
2023-11-17 18:00:00+00:00,-1.72,,-1.6919441270549547,,0.7419029150721611
2023-11-20 10:00:00+00:00,1.42,,0.057257696270141295,,1.7229743241621405
2023-11-20 11:00:00+00:00,-1.67,,-0.9430799836951754,,-0.5041284108862572
2023-11-20 12:00:00+00:00,-3.7,,-0.40374895907375175,,3.5826964304855764
2023-11-20 13:00:00+00:00,1.05,,0.8688187066764849,,0.8994765394589153
2023-11-20 14:00:00+00:00,4.57,,0.5734906003758135,,-5.846978677505705
2023-11-20 15:00:00+00:00,-0.95,,-0.8034439852336159,,1.2051860782911878
2023-11-20 16:00:00+00:00,1.02,,0.15044852308994908,,-0.028875841975520317
2023-11-20 17:00:00+00:00,1.0,,-0.13856130293426028,,-5.308283380374906
2023-11-20 18:00:00+00:00,-4.19,,-1.8676491594536733,,-0.8233578038735039
2023-11-21 10:00:00+00:00,-5.22,-0.34110593795776367,-2.0686473839117223,-0.9241715669631958,1.1048697467912978
2023-11-21 11:00:00+00:00,-2.37,-0.36127474904060364,-1.47953425248353,-0.8976435661315918,0.7595806910369577
2023-11-21 12:00:00+00:00,1.44,-0.37698227167129517,0.6467576282748757,-0.875261664390564,-2.5988453248386705
2023-11-21 13:00:00+00:00,6.77,-0.3910307288169861,1.4511670668926824,-0.8566526770591736,-2.547750487313867
2023-11-21 14:00:00+00:00,1.19,-0.4007072150707245,1.0883261055428293,-0.8435006737709045,1.5856246096803024
2023-11-21 15:00:00+00:00,4.13,-0.41254115104675293,1.3164432187771855,-0.8365601301193237,-1.5263346931762904
2023-11-21 16:00:00+00:00,7.02,-0.42610979080200195,2.296015268190321,-0.8353831171989441,1.015952895491417
2023-11-21 17:00:00+00:00,2.35,-0.4469431936740875,1.9952995524621322,-0.8433010578155518,3.9309050218552986
2023-11-21 18:00:00+00:00,17.69,-0.4638894200325012,5.280610547635753,-0.8555433750152588,0.23542952160839842
2023-11-22 10:00:00+00:00,-4.61,-0.4819379448890686,-2.2825105920685744,-0.8609001040458679,-0.31876568316511344
2023-11-22 11:00:00+00:00,1.85,-0.5008469820022583,0.3107767053591872,-0.8650436401367188,5.265805904387748
2023-11-22 12:00:00+00:00,-0.67,-0.516280472278595,-0.4682700199209282,-0.8640184998512268,0.9433872901843143
2023-11-22 13:00:00+00:00,-2.73,-0.5298677086830139,-1.4982150300694945,-0.8616714477539062,-2.0739516910258042
2023-11-22 14:00:00+00:00,-3.16,-0.5435255765914917,-1.688299447999925,-0.8649630546569824,-1.2418667632795097
2023-11-22 15:00:00+00:00,0.31,-0.552117109298706,-0.36559166070335564,-0.8697251677513123,-2.777797266336702
2023-11-22 16:00:00+00:00,4.59,-0.5553372502326965,-0.4979374420320078,-0.8776692748069763,-1.294212907144463
2023-11-22 17:00:00+00:00,-1.1,-0.5638183951377869,-0.7590301225174454,-0.8915804624557495,-1.0915306614198967
2023-11-22 18:00:00+00:00,0.06,-0.5634476542472839,-0.15638871349446734,-0.9070255756378174,0.6477510263755416
2023-11-23 10:00:00+00:00,2.28,-0.5670422315597534,0.6175268950600519,-0.9111390709877014,1.8180602325526467
2023-11-23 11:00:00+00:00,-2.49,-0.5778619050979614,-1.9665462369907951,-0.8993366956710815,2.1014790283863403
2023-11-23 12:00:00+00:00,-5.73,-0.5905712842941284,-1.7116867767644184,-0.8967822790145874,0.7414530216715018
2023-11-23 13:00:00+00:00,-1.11,-0.596369206905365,-1.1134518291333915,-0.8998303413391113,-1.3678517583915482
2023-11-23 14:00:00+00:00,0.44,-0.5952892303466797,-1.017861991228778,-0.9048733711242676,-5.417463022299086
2023-11-23 15:00:00+00:00,-0.09,-0.5927510857582092,-0.04431087732356252,-0.9166663885116577,-0.4230477124545277
2023-11-23 16:00:00+00:00,-5.15,-0.5901384949684143,-0.9828036467050688,-0.921686589717865,-0.7429915875229633
2023-11-23 17:00:00+00:00,2.19,-0.5935198068618774,0.998394484820047,-0.9241751432418823,-2.7352151725585814
2023-11-23 18:00:00+00:00,1.34,-0.5835854411125183,0.9216121215361173,-0.9298938512802124,2.1140996239654815
2023-11-24 10:00:00+00:00,5.36,-0.583134114742279,1.964700868164286,-0.933211624622345,4.878152107400762
2023-11-24 11:00:00+00:00,-4.28,-0.5959364771842957,-2.2229866184520097,-0.9363356828689575,-1.1059119139263829
2023-11-24 12:00:00+00:00,-1.6,-0.605549693107605,-0.9221887233104674,-0.930449366569519,-1.2209436850249462
2023-11-24 13:00:00+00:00,-6.89,-0.6052137017250061,-2.0158152358724157,-0.9218127131462097,-2.8929747954338856
2023-11-24 14:00:00+00:00,-9.51,-0.5956897139549255,-2.576570770549333,-0.9310486912727356,-3.6546934333090415
2023-11-24 15:00:00+00:00,6.1,-0.5870213508605957,4.100519949790301,-0.9477525949478149,-0.7478605778862866
2023-11-24 16:00:00+00:00,6.36,-0.5853226184844971,1.8190538858368686,-0.9556447863578796,-0.5105917359244294
2023-11-24 17:00:00+00:00,-0.17,-0.5832680463790894,-0.09047011429873772,-0.9605115056037903,4.151574687616724
2023-11-24 18:00:00+00:00,0.19,-0.5824496746063232,-0.0919524904511249,-0.9609836339950562,3.9235874968581093
2023-11-27 10:00:00+00:00,2.58,-0.5870461463928223,0.5540295379481867,-0.9619839191436768,-3.1483152686614955
2023-11-27 11:00:00+00:00,-6.69,-0.5970288515090942,-1.820376341660148,-0.961324155330658,1.963141420374957
2023-11-27 12:00:00+00:00,-3.3,-0.6066383719444275,-1.9075228329561271,-0.9661691784858704,-3.7634281907808935
2023-11-27 13:00:00+00:00,-0.1,-0.6174171566963196,-0.9142889291927836,-0.9635581970214844,-4.225715452561295
2023-11-27 14:00:00+00:00,-5.97,-0.6227240562438965,-1.9581968451414655,-0.9610180258750916,-1.0259108648374742
2023-11-27 15:00:00+00:00,-12.75,-0.6364898085594177,-3.5646706967212487,-0.9410231113433838,-3.8014488377119227
2023-11-27 16:00:00+00:00,-5.42,-0.6473119854927063,-1.0110643413117049,-0.9134523272514343,-0.8439864895673636
2023-11-27 17:00:00+00:00,4.75,-0.6540895104408264,4.529576517150381,-0.8912665843963623,-2.4074144108536566
2023-11-27 18:00:00+00:00,-26.95,-0.6553356647491455,-1.2140069443959085,-0.8844779133796692,-1.120430057265108
2023-11-28 10:00:00+00:00,6.54,-0.6559878587722778,4.22241346080718,-0.8796387910842896,-0.8935893543382067
2023-11-28 11:00:00+00:00,4.34,-0.6566264033317566,2.4369881091008097,-0.8789609670639038,1.6010139154248475
2023-11-28 12:00:00+00:00,-3.41,-0.648553192615509,-0.8853112330248795,-0.8782742023468018,2.597664203663287
2023-11-28 13:00:00+00:00,0.34,-0.6501973271369934,0.17033189896910134,-0.8917484879493713,-3.389894826733114
2023-11-28 14:00:00+00:00,7.98,-0.6489102840423584,3.0265625393918327,-0.918887734413147,-2.43851365612642
2023-11-28 15:00:00+00:00,3.95,-0.6550789475440979,2.455943612211154,-0.9535940885543823,0.05833875610409206
2023-11-28 16:00:00+00:00,9.27,-0.6735155582427979,2.0254886808846853,-0.9972663521766663,0.08597327129612611
2023-11-28 17:00:00+00:00,3.25,-0.6939460039138794,2.3694637344061165,-1.0516177415847778,2.3264191026315935
2023-11-28 18:00:00+00:00,-11.38,-0.7052963972091675,-0.06363362963565743,-1.0959115028381348,1.3362113366323596
2023-11-29 10:00:00+00:00,-4.25,-0.7190943956375122,-0.6792908460139411,-1.1422183513641357,-0.13475193906609012
2023-11-29 11:00:00+00:00,-3.0,-0.7341398000717163,0.4278472091639062,-1.1871788501739502,-0.527062296682512
2023-11-29 12:00:00+00:00,4.15,-0.7472385168075562,0.4027292221228817,-1.2240321636199951,1.6540832538353984
2023-11-29 13:00:00+00:00,-0.27,-0.7506520748138428,-0.27278146562664485,-1.2703900337219238,2.311999731410774
2023-11-29 14:00:00+00:00,5.55,-0.7526037096977234,0.40495819727749344,-1.3196691274642944,-0.9812993864010697
2023-11-29 15:00:00+00:00,-2.85,-0.7622789144515991,-2.4798475204672688,-1.3602705001831055,-4.060227970989373
2023-11-29 16:00:00+00:00,-2.64,-0.7638164758682251,-1.837066556801003,-1.4112094640731812,-2.6171801714713534
2023-11-29 17:00:00+00:00,-8.15,-0.7648468613624573,-2.9127467763561667,-1.458292841911316,-5.988778990405333
2023-11-29 18:00:00+00:00,-17.19,-0.7683930397033691,-2.554435497393654,-1.4750120639801025,-1.5528811429870915
2023-11-30 10:00:00+00:00,3.2,-0.7791532278060913,3.1723783398873104,-1.475092887878418,1.7372033095703647
2023-11-30 11:00:00+00:00,-2.01,-0.7879356741905212,0.6286108391575324,-1.4725069999694824,-0.7810981048813357
2023-11-30 12:00:00+00:00,14.54,-0.7872822284698486,2.45926966584052,-1.4788836240768433,2.44387884608135
2023-11-30 13:00:00+00:00,-5.94,-0.7827775478363037,-2.21345902592287,-1.4996281862258911,1.0939866728609515
2023-11-30 14:00:00+00:00,-0.97,-0.7885432839393616,-2.3185378643567174,-1.5355908870697021,-1.2949343422824224
2023-11-30 15:00:00+00:00,-14.74,-0.7997894883155823,-3.5836324709970127,-1.576282024383545,1.07271253569143
2023-11-30 16:00:00+00:00,12.14,-0.813069224357605,1.8390609482504716,-1.6087466478347778,-2.3431414593568194
2023-11-30 17:00:00+00:00,3.24,-0.8360985517501831,1.7244986862071183,-1.646296739578247,-1.4246132888406915
2023-11-30 18:00:00+00:00,-15.8,-0.850298285484314,-2.2696487574304682,-1.6677767038345337,-1.7091599751515134
2023-12-01 10:00:00+00:00,7.59,-0.8634862899780273,1.5952433692948425,-1.6894888877868652,0.9499958612393387
2023-12-01 11:00:00+00:00,0.55,-0.8752111196517944,0.7842642855782852,-1.7045987844467163,2.3052189569961192
2023-12-01 12:00:00+00:00,-0.31,-0.891090989112854,-0.48763400258541817,-1.7208185195922852,-1.65815644233357
2023-12-01 13:00:00+00:00,-7.87,-0.9051494002342224,-2.2324569591764867,-1.7275447845458984,1.6059708120032814
2023-12-01 14:00:00+00:00,-5.34,-0.9196169972419739,-3.0310586893875437,-1.744978904724121,-6.101838409433664
2023-12-01 15:00:00+00:00,1.69,-0.9270169138908386,0.39639689971949604,-1.7660902738571167,1.0404842343918024
2023-12-01 16:00:00+00:00,-5.46,-0.9255438446998596,-3.036241935387452,-1.7861664295196533,-4.33348990422905
2023-12-01 17:00:00+00:00,1.45,-0.926328718662262,-0.5968844810766123,-1.8117001056671143,-1.7685032883851022
2023-12-01 18:00:00+00:00,-25.07,-0.915047824382782,-3.7275067418810894,-1.8356235027313232,-2.970060653733685
2023-12-04 10:00:00+00:00,-1.86,-0.8994146585464478,-1.0145034486033624,-1.853852391242981,-2.084078859078999
2023-12-04 11:00:00+00:00,7.77,-0.8849458694458008,0.7835960819413363,-1.8506478071212769,0.23477843734302414
2023-12-04 12:00:00+00:00,-5.39,-0.88484787940979,-2.4229232599505823,-1.8382648229599,-11.9375012681551
2023-12-04 13:00:00+00:00,4.08,-0.8871616125106812,-0.6022045725792335,-1.8363550901412964,2.103436554606641
2023-12-04 14:00:00+00:00,-0.18,-0.891859769821167,-1.188282895312523,-1.8386231660842896,-2.5156510732135615
2023-12-04 15:00:00+00:00,-3.02,-0.9105294942855835,-2.316099240908798,-1.82399320602417,-0.7386517843038662
2023-12-04 16:00:00+00:00,-4.59,-0.9248557090759277,-2.6884021916417637,-1.820821762084961,-4.106659202946162
2023-12-04 17:00:00+00:00,0.38,-0.9348979592323303,-0.8603948293145831,-1.8230483531951904,-2.588726673014668
2023-12-04 18:00:00+00:00,-4.91,-0.9360882639884949,-2.659464959819246,-1.8290101289749146,1.6940015030989324
2023-12-05 10:00:00+00:00,-11.02,-0.9452998042106628,-3.6467909393355904,-1.8269063234329224,-1.7288355103180995
2023-12-05 11:00:00+00:00,3.52,-0.9532032012939453,1.1935051689991854,-1.8194825649261475,-2.271769070274924
2023-12-05 12:00:00+00:00,15.11,-0.9640997648239136,4.430425049747883,-1.799250602722168,1.3717403692415133
2023-12-05 13:00:00+00:00,9.06,-0.9673681855201721,2.957013011475901,-1.7977488040924072,-0.9852558802900089
2023-12-05 14:00:00+00:00,-6.57,-0.9661939740180969,-2.1553846197425113,-1.7990127801895142,-0.5747348202055993
2023-12-05 15:00:00+00:00,3.17,-0.9588039517402649,1.8847160997907526,-1.8034744262695312,1.1492854342111425
2023-12-05 16:00:00+00:00,7.76,-0.9457908272743225,1.8608789556940033,-1.8054128885269165,3.285539783436129
2023-12-05 17:00:00+00:00,-1.2,-0.9210726618766785,-2.089892689704195,-1.7944165468215942,-2.2657596047446233
2023-12-05 18:00:00+00:00,-9.11,-0.8989534378051758,-4.982020195474649,-1.7919762134552002,5.5139548886332275
2023-12-06 10:00:00+00:00,-5.57,-0.8797132968902588,-3.711135475061625,-1.772679328918457,-3.7212922494972185
2023-12-06 11:00:00+00:00,-12.13,-0.8610448241233826,-5.1737232629225245,-1.738714337348938,-3.204695423189267
2023-12-06 12:00:00+00:00,-5.16,-0.8410335183143616,-3.9789072425776215,-1.7129744291305542,-4.017960352841467
2023-12-06 13:00:00+00:00,-2.06,-0.8313508629798889,-0.8782737037485813,-1.6761116981506348,-3.4785096717538453
2023-12-06 14:00:00+00:00,-0.44,-0.815927267074585,-1.3510239525448928,-1.6488534212112427,-7.764620073271374
2023-12-06 15:00:00+00:00,-10.41,-0.7945805191993713,-3.8601298668769117,-1.6189543008804321,-4.772701968426318
2023-12-06 16:00:00+00:00,4.32,-0.7572013735771179,0.4975461785106502,-1.586588978767395,-3.3177479352563886
2023-12-06 17:00:00+00:00,-9.27,-0.7235532402992249,-3.7263205389607337,-1.5709670782089233,-4.906284664576322
2023-12-06 18:00:00+00:00,-21.35,-0.6844245791435242,-4.891582780221063,-1.5690799951553345,-4.325217220876038
2023-12-07 10:00:00+00:00,-3.88,-0.6466659903526306,-3.1686639590967474,-1.5713939666748047,4.801771493872452
2023-12-07 11:00:00+00:00,1.37,-0.6128516793251038,2.063992370031908,-1.5556278228759766,1.3555955728667097
2023-12-07 12:00:00+00:00,8.42,-0.5883034467697144,3.364152272867111,-1.5444239377975464,-0.8092630341507188
2023-12-07 13:00:00+00:00,-14.31,-0.5642449259757996,0.08424553723348732,-1.5318270921707153,0.8817582640055797
2023-12-07 14:00:00+00:00,16.56,-0.5419124364852905,3.045528554566879,-1.5191152095794678,-0.3533212449512477
2023-12-07 15:00:00+00:00,6.25,-0.5181800723075867,2.7732431268110203,-1.5227340459823608,1.1272389638728288
2023-12-07 16:00:00+00:00,4.2,-0.4852932095527649,2.34896012926323,-1.531599760055542,-1.220213783260357
2023-12-07 17:00:00+00:00,-3.13,-0.4727611541748047,0.8547238463273701,-1.5372060537338257,-0.5177528318991873
2023-12-07 18:00:00+00:00,14.15,-0.43570318818092346,3.806216506248554,-1.5438220500946045,-2.658521002598079
2023-12-08 10:00:00+00:00,4.15,-0.4004170596599579,1.1078968977653492,-1.556107997894287,-2.374994168832097
2023-12-08 11:00:00+00:00,1.01,-0.37052589654922485,0.14610857214394798,-1.5694319009780884,5.597871213764638
2023-12-08 12:00:00+00:00,-8.24,-0.3487017750740051,-3.677417835170614,-1.5943807363510132,0.5738557026673938
2023-12-08 13:00:00+00:00,-3.78,-0.31643614172935486,-2.489353999725881,-1.6028850078582764,-1.9180791628924911
2023-12-08 14:00:00+00:00,-8.46,-0.28273218870162964,-3.773525644889347,-1.6075077056884766,-3.503479099773834
2023-12-08 15:00:00+00:00,1.14,-0.23840321600437164,-0.11285932298707015,-1.5949174165725708,-1.0132622493188044
2023-12-08 16:00:00+00:00,-0.21,-0.22244027256965637,-0.4195019393599471,-1.583961009979248,-3.2866444950210485
2023-12-08 17:00:00+00:00,6.6,-0.2170676290988922,0.27305819814251847,-1.573290228843689,2.50783590318237
2023-12-08 18:00:00+00:00,-23.24,-0.18189062178134918,-2.837745605753069,-1.56950044631958,-2.3068449120023646
2023-12-11 10:00:00+00:00,2.47,-0.13884249329566956,1.1464459297075758,-1.554452657699585,-4.0527099003474625
2023-12-11 11:00:00+00:00,-0.49,-0.06053676828742027,-0.8276503334935533,-1.554956078529358,-0.6017563092893361
2023-12-11 12:00:00+00:00,-2.27,0.015622620470821857,-2.3821848870814755,-1.5378347635269165,-3.816842077133695
2023-12-11 13:00:00+00:00,-10.7,0.10859183222055435,-5.108621474915234,-1.529292345046997,5.227596869231871
2023-12-11 14:00:00+00:00,-12.55,0.17304497957229614,-5.993288406164597,-1.5022835731506348,-2.628859255752804
2023-12-11 15:00:00+00:00,-0.25,0.26453372836112976,-0.6191786276573531,-1.466701865196228,1.2647014022041065
2023-12-11 16:00:00+00:00,4.6,0.3551507890224457,3.165906649831587,-1.4203283786773682,-1.425730754370378
2023-12-11 17:00:00+00:00,-11.39,0.423477441072464,-4.421648171657677,-1.362644076347351,0.8503423546813571
2023-12-11 18:00:00+00:00,-4.38,0.5053480267524719,-3.7243794922048017,-1.293818712234497,-2.284346143231664
2023-12-12 10:00:00+00:00,-16.07,0.6032968163490295,-4.5786857995410255,-1.2177934646606445,-1.2198034404369122
2023-12-12 11:00:00+00:00,5.58,0.7005252242088318,1.6033027111049591,-1.1541717052459717,-0.9217987244911992
2023-12-12 12:00:00+00:00,11.62,0.7903362512588501,4.433903728475757,-1.0444490909576416,-2.078152438179598
2023-12-12 13:00:00+00:00,18.8,0.8735249042510986,3.614358787862358,-0.9551785588264465,-0.22355425624295655
2023-12-12 14:00:00+00:00,3.14,0.972759485244751,1.469604593946658,-0.86001056432724,-0.5232735817544993
2023-12-12 15:00:00+00:00,-11.51,1.0426658391952515,-2.2694188943884748,-0.7734841108322144,-4.317374573170591
2023-12-12 16:00:00+00:00,-0.92,1.100870966911316,-0.9235671252043604,-0.6672112941741943,0.01507512705489314
2023-12-12 17:00:00+00:00,-12.54,1.1600544452667236,-1.4412851693772062,-0.612765371799469,-5.131555360340147
2023-12-12 18:00:00+00:00,-2.91,1.2236297130584717,-1.9664023639383776,-0.5269341468811035,1.521596863481729
2023-12-13 10:00:00+00:00,10.36,1.3083631992340088,3.7949253418215756,-0.3925792872905731,2.2629354018208354
2023-12-13 11:00:00+00:00,9.36,1.341870665550232,2.6531228022724824,-0.2833978831768036,2.622977790041615
2023-12-13 12:00:00+00:00,2.73,1.3809138536453247,2.6377165549833306,-0.15533475577831268,1.9063929168634663
2023-12-13 13:00:00+00:00,0.51,1.414886236190796,0.5314600787581347,-0.03536653146147728,-3.709296417319952
2023-12-13 14:00:00+00:00,-8.25,1.4424084424972534,-2.7205736688676567,0.06292606145143509,-2.9062685763726224
2023-12-13 15:00:00+00:00,-5.53,1.4722079038619995,-3.370668777529826,0.14776656031608582,-3.122294009558012
2023-12-13 16:00:00+00:00,6.51,1.5234507322311401,-0.015189084451941712,0.2231757938861847,-0.30199894793673476
2023-12-13 17:00:00+00:00,-0.45,1.5451843738555908,-0.11439744019336198,0.27598652243614197,2.695100520341965
2023-12-13 18:00:00+00:00,9.0,1.5391154289245605,2.5872729554260836,0.3065856993198395,4.682497115807086
2023-12-14 10:00:00+00:00,4.74,1.5022056102752686,0.9425623497678475,0.3801991641521454,2.206333378365492
2023-12-14 11:00:00+00:00,-3.36,1.480725646018982,-2.397204822633582,0.4546523988246918,-0.34007218478839896
2023-12-14 12:00:00+00:00,-3.69,1.4979037046432495,-3.1724882394000526,0.45064833760261536,7.197947458802183
2023-12-14 13:00:00+00:00,-7.52,1.484136700630188,-4.9348402431196,0.4896877110004425,-4.51109704901101
2023-12-14 14:00:00+00:00,-3.12,1.4630608558654785,-3.9655757281813875,0.5143429636955261,-2.137886791013069
2023-12-14 15:00:00+00:00,-10.77,1.487715721130371,-6.277963850552516,0.508087158203125,0.11942096169963895
2023-12-14 16:00:00+00:00,-3.72,1.5191612243652344,-4.64094927216569,0.5022879838943481,-4.51185645034848
2023-12-14 17:00:00+00:00,-4.94,1.4940671920776367,-3.422704557630107,0.4576890170574188,-0.9357803338522914
2023-12-14 18:00:00+00:00,-35.05,1.49239182472229,-8.550240984944114,0.4648505747318268,-5.159068214723592
2023-12-15 10:00:00+00:00,1.28,1.468747854232788,1.6860072515502165,0.4735998809337616,1.300994131163178
2023-12-15 11:00:00+00:00,-1.47,1.449844241142273,-0.972500485095289,0.5024662613868713,1.2211295078228983
2023-12-15 12:00:00+00:00,21.3,1.4107656478881836,4.1936839281947815,0.5598917603492737,-0.47091831617974245
2023-12-15 13:00:00+00:00,13.33,1.3418433666229248,4.881722395611646,0.6394321322441101,0.47394979104283874
2023-12-15 14:00:00+00:00,2.54,1.2780430316925049,4.250468971150129,0.7286955118179321,-2.0529823525198143
2023-12-15 15:00:00+00:00,22.13,1.2017467021942139,3.1100400769743586,0.8232753276824951,0.7798798670832134
2023-12-15 16:00:00+00:00,2.41,1.1207265853881836,2.552064804436765,0.8792898654937744,-3.286886899503158
2023-12-15 17:00:00+00:00,-1.42,1.040526032447815,0.7944024487603804,0.8974703550338745,2.331104430300152
2023-12-15 18:00:00+00:00,26.65,0.9879839420318604,1.127103009873764,0.8904843330383301,0.853396140493293
2023-12-18 10:00:00+00:00,11.44,0.9581688642501831,4.960636165537414,0.8898389339447021,7.954302192019587
2023-12-18 11:00:00+00:00,-6.62,0.908902645111084,-1.640789735227392,0.8710092306137085,1.554123025742305
2023-12-18 12:00:00+00:00,-2.14,0.863680362701416,-0.358082125480488,0.8625807762145996,-1.2332504669652977
2023-12-18 13:00:00+00:00,12.0,0.8406884670257568,0.46267301078361067,0.8484485149383545,5.92070140722785
2023-12-18 14:00:00+00:00,-2.43,0.7997651100158691,-2.372504415629405,0.828558087348938,2.6584729060549566
2023-12-18 15:00:00+00:00,8.56,0.7549556493759155,1.7443534639629086,0.8330652713775635,1.7089750276874454
2023-12-18 16:00:00+00:00,2.57,0.6910290122032166,1.5096831614945807,0.8422646522521973,3.3010089324142466
2023-12-18 17:00:00+00:00,-7.66,0.6613959074020386,0.018249442356023216,0.8500245809555054,-0.21348227899945202
2023-12-18 18:00:00+00:00,8.24,0.6419995427131653,2.595430622815376,0.8616880178451538,0.5806699817746979
2023-12-19 10:00:00+00:00,4.96,0.6454168558120728,0.840996784991846,0.865268349647522,0.9386402518297883
2023-12-19 11:00:00+00:00,-5.55,0.6151109337806702,-1.3376079904318379,0.8297640085220337,5.2462475922538285
2023-12-19 12:00:00+00:00,1.79,0.6158462166786194,0.12385276240482201,0.8118540048599243,1.866313900967304
2023-12-19 13:00:00+00:00,-8.72,0.6366046071052551,-1.5521777293191958,0.7859188318252563,-1.372052134170057
2023-12-19 14:00:00+00:00,-8.54,0.6452085375785828,-1.3895031870038514,0.7526662349700928,-3.3048464112993274
2023-12-19 15:00:00+00:00,9.25,0.6570350527763367,1.493328207436629,0.7077938914299011,0.3201745483141867
2023-12-19 16:00:00+00:00,4.84,0.6801285743713379,1.5931858768746054,0.6222856640815735,4.638404778042591
2023-12-19 17:00:00+00:00,1.11,0.6417509913444519,1.4368826380574873,0.5621428489685059,3.436402909228122
2023-12-19 18:00:00+00:00,12.49,0.588569164276123,1.455385390909223,0.5082569122314453,0.2612748054837387
2023-12-20 10:00:00+00:00,9.74,0.5189287066459656,1.4859858351237265,0.4681493937969208,-2.3928903722915313
2023-12-20 11:00:00+00:00,-1.93,0.4259176552295685,0.2865431671173604,0.4243001639842987,-0.02894262404760392
2023-12-20 12:00:00+00:00,5.66,0.34264323115348816,-0.0741975111455537,0.40160635113716125,1.5652580081159355
2023-12-20 13:00:00+00:00,0.88,0.27520057559013367,0.2578757646872992,0.37760069966316223,2.1219673844034825
2023-12-20 14:00:00+00:00,0.48,0.22617283463478088,0.18332703946317175,0.3540010154247284,2.0601480242716317
2023-12-20 15:00:00+00:00,-2.53,0.1839691400527954,-0.8090136886085967,0.32731136679649353,-0.22287016794593928
2023-12-20 16:00:00+00:00,1.92,0.1324494481086731,0.17383354860636724,0.3425327241420746,2.4393860594538475
2023-12-20 17:00:00+00:00,-5.69,0.08864808827638626,-0.8925033422206964,0.3284609615802765,1.8956903785436636
2023-12-20 18:00:00+00:00,-24.32,0.04780766740441322,-3.010347842268094,0.3090379536151886,-2.87602224575666
2023-12-21 10:00:00+00:00,3.33,0.019480053335428238,0.10906539428206455,0.30728843808174133,-1.084548852982423
2023-12-21 11:00:00+00:00,-1.0,0.011202548630535603,0.2810268153255672,0.28525492548942566,-2.9677087155432513
2023-12-21 12:00:00+00:00,-2.38,0.0273747481405735,-1.7145234319132,0.24792101979255676,-3.355578764553378
2023-12-21 13:00:00+00:00,-3.3,0.04960090294480324,-1.0500589903251147,0.18574240803718567,-2.240873765231779
2023-12-21 14:00:00+00:00,-24.02,0.07286710292100906,-2.2660402840678464,0.12367180734872818,-0.18862308401853603
2023-12-21 15:00:00+00:00,10.68,0.09860662370920181,3.1279106807217127,0.052742306143045425,0.7323218028466837
2023-12-21 16:00:00+00:00,4.93,0.11598373204469681,1.8100226778282256,0.025680992752313614,-1.9183069658108514
2023-12-21 17:00:00+00:00,4.99,0.13410881161689758,1.8336642605261022,-0.013176764361560345,5.666989074844286
2023-12-21 18:00:00+00:00,25.65,0.1755731999874115,0.43029191600806294,-0.03727462515234947,5.429254412565317
2023-12-22 10:00:00+00:00,-2.72,0.21408995985984802,-0.7985328922038991,-0.08158453553915024,1.5246564436350398
2023-12-22 11:00:00+00:00,0.77,0.2303663194179535,0.4659213829012804,-0.12451425939798355,-2.359779174469828
2023-12-22 12:00:00+00:00,2.56,0.2299031913280487,0.6054966507394356,-0.17656463384628296,3.182614494514932
2023-12-22 13:00:00+00:00,-5.17,0.22156742215156555,-1.2489864307543197,-0.21554328501224518,0.9383797302400134
2023-12-22 14:00:00+00:00,-5.34,0.19163349270820618,-1.2913606377284637,-0.23152002692222595,0.38303303678328915
2023-12-22 15:00:00+00:00,7.38,0.16832858324050903,0.7580778866345317,-0.24786625802516937,5.65782066005679
2023-12-22 16:00:00+00:00,0.82,0.13604339957237244,0.5269548872047424,-0.2695426940917969,3.019581004664149
2023-12-22 17:00:00+00:00,-4.94,0.09514472633600235,-1.7698868408625,-0.30148422718048096,-2.596074196163693
2023-12-22 18:00:00+00:00,14.24,0.06807706505060196,0.2829468628958945,-0.31253793835639954,-2.165922835330327
2023-12-25 10:00:00+00:00,-1.4,0.011705492623150349,-1.4334351574285624,-0.32711124420166016,1.4897952729469661
2023-12-25 11:00:00+00:00,-2.3,-0.06294984370470047,-2.165468476291843,-0.33785465359687805,5.871895658373031
2023-12-25 12:00:00+00:00,-3.06,-0.13207073509693146,-2.1503813355175883,-0.3565259575843811,-1.1541850232116406
2023-12-25 13:00:00+00:00,-4.56,-0.18955357372760773,-1.5418567180589922,-0.3455258309841156,-2.9497136358442937
2023-12-25 14:00:00+00:00,-7.73,-0.2578850984573364,-2.2213187153694065,-0.30011191964149475,0.5973420584265473
2023-12-25 15:00:00+00:00,4.32,-0.3078271150588989,1.9060628194328364,-0.2923809289932251,-3.3784675532009047
2023-12-25 16:00:00+00:00,4.38,-0.3493935167789459,0.7719333450603997,-0.26561036705970764,-2.8898096039906376
2023-12-25 17:00:00+00:00,2.55,-0.34475722908973694,1.013500783100401,-0.24285072088241577,0.1969496659124132
2023-12-25 18:00:00+00:00,-11.76,-0.31411296129226685,-1.5264819349126855,-0.19645662605762482,-0.8262018192499382
2023-12-26 10:00:00+00:00,0.3,-0.2689688801765442,1.0190189138554908,-0.11675161868333817,-3.917037053563516
2023-12-26 11:00:00+00:00,-5.03,-0.2141750007867813,-0.3772031692481691,-0.1172717735171318,-4.905550397201288
2023-12-26 12:00:00+00:00,2.96,-0.14572197198867798,2.0598388801683334,-0.11964625865221024,-1.2004387471190654
2023-12-26 13:00:00+00:00,3.7,-0.05329972133040428,1.9751165540667768,-0.12393736094236374,-0.5170728356040707
2023-12-26 14:00:00+00:00,6.12,0.04589677229523659,2.547024444771726,-0.15531955659389496,1.5622065053103311
2023-12-26 15:00:00+00:00,-0.7,0.1443336308002472,0.2362645887812821,-0.19476287066936493,2.974548486431313
2023-12-26 16:00:00+00:00,3.42,0.23253127932548523,0.8835437058458014,-0.17991524934768677,1.191306201758843
2023-12-26 17:00:00+00:00,-3.31,0.2880394756793976,0.2110186742799729,-0.18023081123828888,-2.2943885212948145
2023-12-26 18:00:00+00:00,14.58,0.31271377205848694,1.9926946721487955,-0.12940798699855804,-1.1070043784191326
2023-12-27 10:00:00+00:00,-0.33,0.3190251886844635,-0.25436410943086674,-0.044975411146879196,2.5751519861374965
2023-12-27 11:00:00+00:00,-0.41,0.31160977482795715,-1.392143364000275,0.05223158374428749,-0.39104271660371104
2023-12-27 12:00:00+00:00,-3.22,0.32898905873298645,-1.2575977172268762,0.15705552697181702,1.831838485379957
2023-12-27 13:00:00+00:00,3.17,0.3284316956996918,-0.09022417846177296,0.2278379499912262,-3.0618402196650973
2023-12-27 14:00:00+00:00,-0.01,0.32277944684028625,-0.2094573962927584,0.2874473035335541,2.139064836571835
2023-12-27 15:00:00+00:00,-3.55,0.29861941933631897,-1.0542470009879314,0.3553592264652252,-0.32464979831743573
2023-12-27 16:00:00+00:00,-3.05,0.2885276973247528,-1.3201470754381381,0.4260796010494232,-1.9125658500747036
2023-12-27 17:00:00+00:00,-4.41,0.2991972267627716,-1.7907420510798522,0.4512695372104645,-0.543046507258065
2023-12-27 18:00:00+00:00,-7.0,0.30842795968055725,-1.4349592411372183,0.4621828496456146,-1.2209936535690478
2023-12-28 10:00:00+00:00,-6.82,0.2865610420703888,-0.6969018393991633,0.47101739048957825,-5.26621974736567
2023-12-28 11:00:00+00:00,-0.61,0.28408345580101013,-0.30330370312472177,0.47507569193840027,-5.155530277025619
2023-12-28 12:00:00+00:00,5.41,0.3186399042606354,1.4144424224094108,0.5159986019134521,-3.3570077128581284
2023-12-28 13:00:00+00:00,-0.09,0.36714884638786316,0.42476033482112063,0.5904636383056641,-2.096324982625248
2023-12-28 14:00:00+00:00,0.0,0.4811374247074127,0.33549267380302644,0.5815081596374512,-1.7460998651649478
2023-12-28 15:00:00+00:00,3.44,0.6102666258811951,1.5827087924852787,0.5194790959358215,-2.5665011171496324
2023-12-28 16:00:00+00:00,2.78,0.7534903287887573,2.0845579891487214,0.4936288893222809,-2.59838154519965
2023-12-28 17:00:00+00:00,7.39,0.885343074798584,1.7098285454911144,0.433888703584671,-2.5657611976022343
2023-12-28 18:00:00+00:00,-13.87,1.0030651092529297,-0.7959615833577647,0.3854251801967621,-2.192427156352249
2023-12-29 10:00:00+00:00,4.49,1.0829380750656128,1.9844198606239938,0.37179145216941833,-3.8114749017492073
2023-12-29 11:00:00+00:00,1.9,1.1415960788726807,1.8690851277104832,0.33578869700431824,-0.374324902539888
2023-12-29 12:00:00+00:00,4.61,1.1744060516357422,2.339529789609363,0.30732932686805725,0.7073103431304377
2023-12-29 13:00:00+00:00,0.14,1.230602502822876,0.22315816178852282,0.3241196572780609,-0.20214656691924676
2023-12-29 14:00:00+00:00,-3.56,1.2874597311019897,0.15578181797291543,0.3799809515476227,-0.893544520651663
2023-12-29 15:00:00+00:00,0.31,1.3396034240722656,0.3325522830927302,0.4410800635814667,-0.8392186914158853
2023-12-29 16:00:00+00:00,2.37,1.3628932237625122,1.3292720078393963,0.5299844741821289,-1.2778857606758225
2023-12-29 17:00:00+00:00,0.73,1.3356660604476929,1.3373775113379163,0.6731435060501099,-1.7420835404828894
2023-12-29 18:00:00+00:00,20.85,1.3321136236190796,1.0189388607680208,0.8511500358581543,1.2927699473733503
2024-01-03 10:00:00+00:00,3.28,1.2890394926071167,0.9583051320873412,1.0473437309265137,1.2411551855297331
2024-01-03 11:00:00+00:00,-0.61,1.2232403755187988,-0.3682520504823197,1.2455469369888306,-4.274572582286279
2024-01-03 12:00:00+00:00,1.66,1.1458516120910645,1.4456322609870906,1.3997681140899658,-4.649379417704974
2024-01-03 13:00:00+00:00,0.23,1.0800772905349731,0.48068230490323394,1.499272108078003,0.002712703711644615
2024-01-03 14:00:00+00:00,3.0,1.0401227474212646,1.5569820081951262,1.6047677993774414,5.906384553949796
2024-01-03 15:00:00+00:00,0.02,1.0182534456253052,0.062284504033819466,1.6268901824951172,-0.34046462143921685
2024-01-03 16:00:00+00:00,3.94,1.0074907541275024,0.8501799214452358,1.6420117616653442,5.87345834558415
2024-01-03 17:00:00+00:00,-1.25,1.0057951211929321,-0.3187030876545165,1.6043951511383057,1.2511381723277246
2024-01-03 18:00:00+00:00,9.28,1.0039141178131104,0.550571339594477,1.5793497562408447,1.8577437878399157
2024-01-04 10:00:00+00:00,2.95,0.9901626110076904,1.1820117679332334,1.5506489276885986,0.6623436119664632
2024-01-04 11:00:00+00:00,-5.27,0.9524847269058228,-0.9809230309660656,1.5032504796981812,-3.6970823916921827
2024-01-04 12:00:00+00:00,0.84,0.9554989337921143,0.765213731073379,1.4962286949157715,3.4217725299459256
2024-01-04 13:00:00+00:00,2.54,0.9712046384811401,0.47599815927108424,1.4795751571655273,1.3704967769352427
2024-01-04 14:00:00+00:00,-1.86,1.0211021900177002,-1.3933073769637951,1.4629426002502441,-0.15529699616293607
2024-01-04 15:00:00+00:00,-2.48,1.0568023920059204,-0.978460435006963,1.4257699251174927,1.7673709116657885
2024-01-04 16:00:00+00:00,-0.85,1.0950582027435303,-0.30923699305673136,1.4192180633544922,-0.5480816032854007
2024-01-04 17:00:00+00:00,0.69,1.1423605680465698,0.32739592492637837,1.3104923963546753,-3.9876041217825016
2024-01-04 18:00:00+00:00,0.42,1.1843013763427734,0.21321688128984706,1.2146254777908325,-3.8944770869435033
2024-01-05 10:00:00+00:00,-3.12,1.234818935394287,-0.9574000995022899,1.0852714776992798,-2.2727500484024556
2024-01-05 11:00:00+00:00,-2.49,1.282410740852356,-0.2786793181120677,0.9827560186386108,-1.229894427369163
2024-01-05 12:00:00+00:00,-0.24,1.3387255668640137,-0.22850499663077187,0.8705374002456665,-3.082409200663807
2024-01-05 13:00:00+00:00,0.4,1.3302146196365356,0.42144310005123775,0.8535776138305664,-1.4828080631993321
2024-01-05 14:00:00+00:00,1.49,1.3466978073120117,1.4126496493687466,0.8542855978012085,0.52528568429191
2024-01-05 15:00:00+00:00,0.69,1.3564213514328003,0.6723023398342564,0.786787748336792,-1.751092484455364
2024-01-05 16:00:00+00:00,2.1,1.3783055543899536,1.5965527279277882,0.7309924364089966,0.7767263411398766
2024-01-05 17:00:00+00:00,1.05,1.368821382522583,0.6748148863723539,0.7838906049728394,1.785715049297306
2024-01-05 18:00:00+00:00,15.54,1.3687915802001953,1.7758658793267041,0.8578931093215942,-0.5343205405279849
2024-01-08 10:00:00+00:00,-1.18,1.3340169191360474,-0.4066653825410219,0.9234448671340942,2.6989618456351105
2024-01-08 11:00:00+00:00,-1.94,1.3043427467346191,0.2208212187816675,0.9875489473342896,2.1337842006247305
2024-01-08 12:00:00+00:00,3.22,1.2750883102416992,1.6920422101657049,0.9947566986083984,-2.675949335239178
2024-01-08 13:00:00+00:00,4.51,1.2826476097106934,1.1442495835813682,0.9370092153549194,-3.876670558585676
2024-01-08 14:00:00+00:00,0.32,1.2984827756881714,0.20591166237157565,0.8471342325210571,4.98698682809162
2024-01-08 15:00:00+00:00,-0.9,1.3376332521438599,0.005172217975739718,0.7502319812774658,-0.11507142477432862
2024-01-08 16:00:00+00:00,-1.52,1.3588348627090454,-0.6203651283557391,0.6549880504608154,-2.3722495920009843
2024-01-08 17:00:00+00:00,4.16,1.3746174573898315,0.47570641705365246,0.5057467818260193,2.1148915122639087
2024-01-08 18:00:00+00:00,-9.99,1.3846639394760132,-3.577922652892182,0.38103148341178894,1.7240489594218698
2024-01-09 10:00:00+00:00,4.4,1.3936213254928589,2.1301837535264965,0.2698792517185211,0.8972713944857962
2024-01-09 11:00:00+00:00,-2.0,1.4070324897766113,-0.22363807582324602,0.20029336214065552,1.557131121929836
2024-01-09 12:00:00+00:00,-0.9,1.4284734725952148,-0.017079944450289333,0.10436505824327469,6.10978853586984
2024-01-09 13:00:00+00:00,-0.1,1.45534348487854,0.26715711782679036,0.011902336962521076,3.0717492256486487
2024-01-09 14:00:00+00:00,-1.97,1.469922661781311,0.8660531701843776,-0.05881867930293083,-2.6123330705674057
2024-01-09 15:00:00+00:00,2.64,1.4907430410385132,1.2539320822137576,-0.12047267705202103,-3.383589010817677
2024-01-09 16:00:00+00:00,3.58,1.5182808637619019,1.899277350775751,-0.13229858875274658,1.0711311626854227
2024-01-09 17:00:00+00:00,1.31,1.5356330871582031,1.51660416630895,-0.07556837052106857,0.5846971211049619
2024-01-09 18:00:00+00:00,12.36,1.5162324905395508,1.558616444579227,0.031344566494226456,1.0979602173171588
2024-01-10 10:00:00+00:00,1.77,1.478592872619629,1.474776057520016,0.14140132069587708,-0.35812156986348453
2024-01-10 11:00:00+00:00,-0.69,1.4422677755355835,0.32765770536654626,0.23028680682182312,0.21741580497511637
2024-01-10 12:00:00+00:00,0.74,1.413667917251587,0.6617083489571137,0.2996637523174286,-2.348925095859664
2024-01-10 13:00:00+00:00,1.66,1.3867911100387573,0.5988733034905785,0.35035982728004456,1.0518953294471287
2024-01-10 14:00:00+00:00,1.82,1.3704952001571655,1.3274266708972695,0.38271716237068176,6.215134952099581
2024-01-10 15:00:00+00:00,-2.61,1.3494590520858765,-0.02548380190141883,0.3827314078807831,2.3489656724237755
2024-01-10 16:00:00+00:00,0.55,1.3546327352523804,0.39620839969580046,0.35158422589302063,-0.42328886613965594
2024-01-10 17:00:00+00:00,-6.45,1.3234241008758545,-1.2832258169399178,0.38494715094566345,-1.155539877464031
2024-01-10 18:00:00+00:00,-12.1,1.2983494997024536,-2.4813742777411427,0.3791399300098419,-2.1907141977057965
2024-01-11 10:00:00+00:00,3.58,1.2757306098937988,3.4360179037134837,0.3397602140903473,-1.6755269372563686
2024-01-11 11:00:00+00:00,7.18,1.2903053760528564,2.099514499796917,0.2722530663013458,-0.703173291521767
2024-01-11 12:00:00+00:00,8.37,1.3061604499816895,1.715894605720852,0.19455990195274353,5.1223641711841585
2024-01-11 13:00:00+00:00,0.72,1.30494225025177,1.381402808577948,0.17318958044052124,0.3853088070573088
2024-01-11 14:00:00+00:00,-3.61,1.2917214632034302,-0.020104309037572085,0.14362576603889465,-0.3088790197798398
2024-01-11 15:00:00+00:00,-3.92,1.2888398170471191,0.8839015354475286,0.10363660007715225,-0.6759450247531197
2024-01-11 16:00:00+00:00,4.01,1.2756946086883545,1.6801929033172718,0.02312934771180153,0.8734704232576749
2024-01-11 17:00:00+00:00,12.32,1.260907769203186,1.4927788378116604,-0.05615530535578728,4.209973404798563
2024-01-11 18:00:00+00:00,-1.57,1.2468562126159668,-0.1977548308425312,-0.08157647401094437,1.209760122854618
2024-01-12 10:00:00+00:00,6.63,1.2315994501113892,2.1983739963659295,-0.07359624654054642,-0.01595223051708089
2024-01-12 11:00:00+00:00,2.47,1.2242354154586792,1.810480778642788,-0.05789121612906456,0.06436958492477951
2024-01-12 12:00:00+00:00,2.53,1.1840137243270874,2.1239507963751607,-0.06468171626329422,6.8878357611780885
2024-01-12 13:00:00+00:00,3.42,1.1499371528625488,1.36446153180724,-0.06258746236562729,2.1336519528960576
2024-01-12 14:00:00+00:00,-1.57,1.1144055128097534,-0.7311777989982516,-0.07575621455907822,0.1306567734624134
2024-01-12 15:00:00+00:00,-1.33,1.0866334438323975,-0.6281586246892169,-0.06490739434957504,0.16370091046499854
2024-01-12 16:00:00+00:00,1.91,1.0735304355621338,-0.6992150322331903,-0.07062102109193802,-0.7581576182885144
2024-01-12 17:00:00+00:00,-8.52,1.0609407424926758,-2.1076609647026467,-0.09047611802816391,1.7825652982560833
2024-01-12 18:00:00+00:00,9.11,1.0224425792694092,1.6932686351747983,-0.12698669731616974,-3.5273865143894376
2024-01-15 10:00:00+00:00,1.24,0.989958643913269,1.1910460386773352,-0.16027279198169708,4.442435152342528
2024-01-15 11:00:00+00:00,-1.52,0.9542063474655151,-0.933519473406165,-0.19053220748901367,4.156966734675651
2024-01-15 12:00:00+00:00,-11.76,0.928492546081543,-2.003784829018546,-0.21568742394447327,-0.45791072658625687
2024-01-15 13:00:00+00:00,2.26,0.8941078186035156,0.9861695819159446,-0.22996777296066284,-3.2605668097132785
2024-01-15 14:00:00+00:00,0.87,0.8645899295806885,0.6277186557035013,-0.21833345293998718,0.5385666752231459
2024-01-15 15:00:00+00:00,-0.7,0.8284209966659546,-0.40465209703801824,-0.1988627314567566,0.4892589118107533
2024-01-15 16:00:00+00:00,-5.2,0.7974411249160767,-1.0442042896331867,-0.17845647037029266,-4.580273042052047
2024-01-15 17:00:00+00:00,5.36,0.7676770687103271,0.5723946832457757,-0.17486126720905304,-2.3700937376777533
2024-01-15 18:00:00+00:00,-15.01,0.7399811744689941,0.16308225725053133,-0.170975923538208,-1.1207163632094752
2024-01-16 10:00:00+00:00,0.78,0.7042766213417053,0.991624654471301,-0.17048987746238708,0.7426286279101127
2024-01-16 11:00:00+00:00,2.03,0.6639222502708435,1.8130729354535668,-0.17133799195289612,-3.0248679574056214
2024-01-16 12:00:00+00:00,5.86,0.6350651979446411,0.8074558918105444,-0.17588545382022858,-0.7879000255317437
2024-01-16 13:00:00+00:00,-0.49,0.6103954315185547,0.14817231551153934,-0.17658601701259613,1.7332117572648362
2024-01-16 14:00:00+00:00,-3.49,0.5832637548446655,0.22130342544406784,-0.17462877929210663,-3.057731673304609
2024-01-16 15:00:00+00:00,-0.56,0.5566925406455994,0.09964439551436063,-0.20192785561084747,0.6055653970878871
2024-01-16 16:00:00+00:00,4.07,0.5337623953819275,0.9028114469702252,-0.22378234565258026,-3.3091860573132896
2024-01-16 17:00:00+00:00,1.38,0.5189965963363647,0.9243988125056839,-0.28401848673820496,-1.304666347782315
2024-01-16 18:00:00+00:00,4.76,0.49164727330207825,0.9036217110390808,-0.31824567914009094,1.0162017124178222
2024-01-17 10:00:00+00:00,3.89,0.4575750529766083,2.1646807093143305,-0.32379069924354553,2.5760158924939076
2024-01-17 11:00:00+00:00,-6.11,0.4244166910648346,-0.3656572796382099,-0.3113510310649872,-0.010124726995283745
2024-01-17 12:00:00+00:00,-0.39,0.3927691876888275,-0.2766635802882589,-0.30996599793434143,-1.2546652053521232
2024-01-17 13:00:00+00:00,2.62,0.37274792790412903,0.563234932830362,-0.3062288463115692,-0.1805665745953939
2024-01-17 14:00:00+00:00,-3.17,0.34961941838264465,-0.6732829550522107,-0.31746017932891846,-0.7412403534172616
2024-01-17 15:00:00+00:00,-1.23,0.33046236634254456,-0.3915446756372071,-0.3276003897190094,-0.8097915047760863
2024-01-17 16:00:00+00:00,0.62,0.32879838347435,0.36685424492526764,-0.34218451380729675,0.9178576944346608
2024-01-17 17:00:00+00:00,4.79,0.3052110970020294,0.6796031925754459,-0.3558945059776306,-1.7263171849965695
2024-01-17 18:00:00+00:00,4.4,0.2934478223323822,1.1357207177958328,-0.38550543785095215,-1.1582209543396336
2024-01-18 10:00:00+00:00,-0.78,0.26770487427711487,-0.19772051267034518,-0.40700873732566833,1.6993901714034103
2024-01-18 11:00:00+00:00,0.12,0.24658313393592834,0.27333504519892626,-0.4156687557697296,0.07355542659648229
2024-01-18 12:00:00+00:00,1.56,0.22413721680641174,-0.02353204424013948,-0.41611233353614807,2.5235136296865766
2024-01-18 13:00:00+00:00,-2.92,0.19425594806671143,-0.7346576220196348,-0.3923923671245575,0.22057801091174262
2024-01-18 14:00:00+00:00,-2.78,0.16854897141456604,-1.58684472347876,-0.3757427930831909,-0.7038177582787131
2024-01-18 15:00:00+00:00,-5.96,0.1606815755367279,-1.2256013276670978,-0.36791011691093445,-2.36583062679657
2024-01-18 16:00:00+00:00,0.39,0.1550435721874237,0.19572928348807644,-0.36734282970428467,0.855226406697219
2024-01-18 17:00:00+00:00,-0.41,0.15450173616409302,-0.48291279929568803,-0.3750276565551758,-0.08653923992704526
2024-01-18 18:00:00+00:00,-16.54,0.15708079934120178,-2.659396571046615,-0.3628090023994446,-1.956936544496313
2024-01-19 10:00:00+00:00,2.16,0.1611378788948059,3.7038608540855713,-0.35434582829475403,-1.1888258726409358
2024-01-19 11:00:00+00:00,4.61,0.16799843311309814,2.1647605640158996,-0.35140499472618103,0.3007740265377313
2024-01-19 12:00:00+00:00,-2.4,0.1824970245361328,-1.003588122446864,-0.35206061601638794,-1.2737972962964452
2024-01-19 13:00:00+00:00,-0.56,0.19416481256484985,-0.6922491803852918,-0.33566588163375854,-2.99156403674987
2024-01-19 14:00:00+00:00,-4.92,0.20795664191246033,-1.6652522615743846,-0.3173110783100128,-1.9042720744887547
2024-01-19 15:00:00+00:00,-0.29,0.22146329283714294,-0.013829650418127767,-0.3009473383426666,-0.34524264920556097
2024-01-19 16:00:00+00:00,6.35,0.22607460618019104,0.594126646185347,-0.2773119807243347,-1.416266201115426
2024-01-19 17:00:00+00:00,-0.89,0.21163925528526306,-0.48045347749136785,-0.2494322955608368,-0.43183060967099307
2024-01-19 18:00:00+00:00,-1.32,0.19848227500915527,-0.5914958270165614,-0.20257198810577393,-3.3361138700624986
2024-01-22 10:00:00+00:00,6.12,0.18328437209129333,2.3497456635566847,-0.19589927792549133,-2.863318185783845
2024-01-22 11:00:00+00:00,2.09,0.1801324486732483,0.8442440356519637,-0.1961711347103119,1.0292312994490729
2024-01-22 12:00:00+00:00,-0.16,0.1722067892551422,0.376434440379015,-0.18773429095745087,1.4224999858547105
2024-01-22 13:00:00+00:00,0.07,0.16560658812522888,0.19388776613235076,-0.17987433075904846,-1.6154456027707547
2024-01-22 14:00:00+00:00,4.15,0.15317252278327942,0.2847581467326143,-0.18335174024105072,0.02294584547762396
2024-01-22 15:00:00+00:00,-4.15,0.1421271562576294,-1.2136211341619794,-0.2030264288187027,2.623534763788194
2024-01-22 16:00:00+00:00,-0.3,0.1192292645573616,-0.6143047537198,-0.21804764866828918,1.9421208363512408
2024-01-22 17:00:00+00:00,-0.72,0.08912978321313858,-0.5592036571795841,-0.22227458655834198,2.334669903398875
2024-01-22 18:00:00+00:00,-0.57,0.07722020894289017,-0.3151879709529234,-0.21729996800422668,4.8465176254103435
2024-01-23 10:00:00+00:00,5.39,0.06526348739862442,1.5584288417855288,-0.2292827069759369,2.2883718705973157
2024-01-23 11:00:00+00:00,-1.8,0.04897815361618996,-0.4155602122154616,-0.23179295659065247,0.9979095732065304
2024-01-23 12:00:00+00:00,-7.43,0.024509254842996597,-1.1094857267675602,-0.2224704921245575,-0.5949227987923504
2024-01-23 13:00:00+00:00,4.76,0.011751537211239338,0.540073190070994,-0.2126963883638382,-2.6764468930071956
2024-01-23 14:00:00+00:00,0.1,0.01952967420220375,0.013498538424152093,-0.20101432502269745,1.7978155232608668
2024-01-23 15:00:00+00:00,3.97,0.03250560536980629,0.3488249437735469,-0.21335169672966003,-0.5018107448827585
2024-01-23 16:00:00+00:00,-1.84,0.03492594137787819,0.0634223800026017,-0.2098640650510788,2.255909488965426
2024-01-23 17:00:00+00:00,1.01,0.026619616895914078,-0.35492397084389976,-0.25140380859375,-2.2137291525429426
2024-01-23 18:00:00+00:00,-0.91,0.029015187174081802,-0.39076393827208417,-0.2712099254131317,0.25144109229061107
2024-01-24 10:00:00+00:00,1.14,0.040695372968912125,-0.08914713349805445,-0.28279343247413635,-0.6669120079219111
2024-01-24 11:00:00+00:00,-8.87,0.03435063734650612,-1.090973715355665,-0.27701282501220703,-0.6165169225967181
2024-01-24 12:00:00+00:00,-2.04,0.03758809342980385,-1.8158253254837338,-0.268232524394989,-0.8914099269635176
2024-01-24 13:00:00+00:00,-7.1,0.04418579116463661,-0.20286250861165406,-0.25438955426216125,-0.3325761921217603
2024-01-24 14:00:00+00:00,5.61,0.05214494839310646,4.802816202419779,-0.2239956259727478,-1.7505914561587375
2024-01-24 15:00:00+00:00,1.61,0.03818574920296669,1.5691092188667073,-0.19952547550201416,-0.7371925871878146
2024-01-24 16:00:00+00:00,-2.59,0.030986670404672623,-0.2358056643087034,-0.18933318555355072,-0.36983861197440193
2024-01-24 17:00:00+00:00,-0.18,0.028296027332544327,-0.21835361677233714,-0.17884208261966705,-1.0958195479020505
2024-01-24 18:00:00+00:00,-12.85,0.020450923591852188,-1.8883407209836125,-0.1472739279270172,-2.8743453738366243
2024-01-25 10:00:00+00:00,0.8,0.006794278044253588,0.977543308154641,-0.12148787826299667,-1.533436536684325
2024-01-25 11:00:00+00:00,2.08,0.001285229460336268,0.40910981453074,-0.11234892159700394,-1.978825246204194
2024-01-25 12:00:00+00:00,-0.44,-0.0025709825567901134,0.4886195561867852,-0.07999927550554276,0.9187748224851363
2024-01-25 13:00:00+00:00,1.25,-0.004391189198940992,0.4590181823386318,-0.06132645532488823,-0.3726335007010105
2024-01-25 14:00:00+00:00,4.79,-0.016952987760305405,0.5711923062086407,-0.03588729724287987,0.8767043589163215
2024-01-25 15:00:00+00:00,1.09,-0.028843995183706284,0.17023885288669532,-0.022647883743047714,0.18138495520270934
2024-01-25 16:00:00+00:00,-0.85,-0.042334508150815964,-0.013176688588383043,-0.022329207509756088,-0.10291489085707327
2024-01-25 17:00:00+00:00,-0.54,-0.045416977256536484,-0.08982006064892216,-0.039241012185811996,1.2092085148019687
2024-01-25 18:00:00+00:00,10.07,-0.049288060516119,0.5266732308998973,-0.046556632965803146,1.16981192926182
2024-01-26 10:00:00+00:00,2.2,-0.0609075091779232,1.0445440218809243,-0.03816660866141319,0.50033072408905
2024-01-26 11:00:00+00:00,-0.06,-0.08251339942216873,0.04462084832015964,-0.02518167719244957,3.656677289591902
2024-01-26 12:00:00+00:00,-5.17,-0.09777454286813736,-0.30230521155717,-0.018052365630865097,0.5189168700587148
2024-01-26 13:00:00+00:00,2.31,-0.12082869559526443,-0.20670781566998286,-0.00986411701887846,-0.9009175471626434
2024-01-26 14:00:00+00:00,-3.71,-0.14168691635131836,-0.5573466706662578,-0.004524643998593092,1.3070405872599289
2024-01-26 15:00:00+00:00,2.76,-0.16195490956306458,0.2348127302340327,0.010831956751644611,2.291366769028628
2024-01-26 16:00:00+00:00,-4.6,-0.17435304820537567,-0.13071052898684213,0.013583694584667683,2.0138017829424197
2024-01-26 17:00:00+00:00,1.67,-0.1868937611579895,0.41548190600063417,0.005304012913256884,-1.0081506716730035
2024-01-26 18:00:00+00:00,12.43,-0.19480207562446594,1.5273009914227031,-0.0014927046140655875,-0.7379727398794181
2024-01-29 10:00:00+00:00,-2.09,-0.20813016593456268,0.7226679371025669,-0.02222287282347679,1.1741355775177933
2024-01-29 11:00:00+00:00,3.57,-0.21737140417099,1.4609660895048766,-0.046764012426137924,3.6106491780020686
2024-01-29 12:00:00+00:00,3.81,-0.22472050786018372,1.1096286524908754,-0.06726513057947159,2.2399005108175167
2024-01-29 13:00:00+00:00,1.91,-0.24228917062282562,1.2523266171071517,-0.07584703713655472,3.7856098935322695
2024-01-29 14:00:00+00:00,-0.47,-0.2753632366657257,0.055462544757460486,-0.07782938331365585,0.3753403399114114
2024-01-29 15:00:00+00:00,-1.89,-0.3145093023777008,-0.23228614802464978,-0.07504511624574661,-1.773614007019745
2024-01-29 16:00:00+00:00,-2.38,-0.353450745344162,-0.8921158265692146,-0.06390861421823502,1.2121373081245947
2024-01-29 17:00:00+00:00,-1.49,-0.3822532296180725,-1.0537890659193216,-0.06769414991140366,1.7975791856813892
2024-01-29 18:00:00+00:00,11.63,-0.40071094036102295,1.2763955154487487,-0.07108970731496811,0.9125925212390118
2024-01-30 10:00:00+00:00,3.5,-0.41201046109199524,1.860419211045231,-0.08419211953878403,1.633915916172203
2024-01-30 11:00:00+00:00,-1.84,-0.4276721179485321,-0.11007138839271016,-0.08745966106653214,-0.06607847495575303
2024-01-30 12:00:00+00:00,2.59,-0.4366641342639923,0.3078018592870667,-0.08415400236845016,0.25682010644255987
2024-01-30 13:00:00+00:00,-2.48,-0.448574960231781,-0.7487450572040525,-0.08275503665208817,-0.47241257680953624
2024-01-30 14:00:00+00:00,-5.11,-0.45974183082580566,-0.3345417136207786,-0.07073261588811874,1.2794438646703978
2024-01-30 15:00:00+00:00,6.96,-0.4647028148174286,1.6297854271846344,-0.06483485549688339,2.123491665297621
2024-01-30 16:00:00+00:00,2.14,-0.4665267765522003,1.5952582914866866,-0.041087906807661057,5.331747943536275
2024-01-30 17:00:00+00:00,2.08,-0.4721660017967224,1.583211046817728,-0.025967802852392197,3.0189277764123523
2024-01-30 18:00:00+00:00,8.6,-0.4623841345310211,2.4578658245364293,-0.013487841002643108,2.9599116733312396
2024-01-31 10:00:00+00:00,3.58,-0.45591291785240173,1.6087532458321119,-0.007596577983349562,4.84268644556026
2024-01-31 11:00:00+00:00,-3.93,-0.45730286836624146,-0.9569451776293254,0.0015873058000579476,1.4808668249406383
2024-01-31 12:00:00+00:00,2.14,-0.4546940326690674,0.8255400485583088,0.00436383904889226,0.09645746181649012
2024-01-31 13:00:00+00:00,3.9,-0.440613329410553,2.105184874618067,-0.007808293681591749,0.17091302869271288
2024-01-31 14:00:00+00:00,3.68,-0.4285958707332611,1.7724512098702845,-0.02459331974387169,3.348041451511913
2024-01-31 15:00:00+00:00,1.78,-0.4166230261325836,1.6711615162356668,-0.04422835633158684,2.3204284065351586
2024-01-31 16:00:00+00:00,1.25,-0.4107816815376282,0.9225575055590141,-0.06657014042139053,-0.19066248430352575
2024-01-31 17:00:00+00:00,-2.89,-0.40702468156814575,0.2042607388422623,-0.09127587825059891,2.4599846579957236
2024-01-31 18:00:00+00:00,15.68,-0.395132452249527,2.2008687925332295,-0.11329778283834457,0.6907863027898885
2024-02-01 10:00:00+00:00,1.1,-0.384352445602417,0.7019277442470044,-0.12685495615005493,3.5147188802197338
2024-02-01 11:00:00+00:00,-1.42,-0.38639089465141296,-0.8376034930660528,-0.12089952081441879,2.4292839773069117
2024-02-01 12:00:00+00:00,-0.81,-0.38828426599502563,-0.2522226419895006,-0.13158778846263885,1.8048608056949165
2024-02-01 13:00:00+00:00,0.53,-0.39406734704971313,0.0023051844756487305,-0.12828893959522247,1.2192589634630382
2024-02-01 14:00:00+00:00,-0.11,-0.39263150095939636,-0.46054424795745946,-0.153548002243042,4.592923539380165
2024-02-01 15:00:00+00:00,-2.72,-0.3912960886955261,-1.133586887971716,-0.1702294796705246,2.7494739547557727
2024-02-01 16:00:00+00:00,-2.97,-0.38230159878730774,-1.1874633193390975,-0.19992348551750183,2.8637136835384833
2024-02-01 17:00:00+00:00,6.42,-0.3747057318687439,0.46019555035201887,-0.22721759974956512,1.905038073138021
2024-02-01 18:00:00+00:00,-9.83,-0.36338263750076294,-1.1041972585446198,-0.26836490631103516,2.352992641584129
2024-02-02 10:00:00+00:00,5.01,-0.37557244300842285,2.4864595139267553,-0.279269814491272,-2.5305690769693374
2024-02-02 11:00:00+00:00,0.49,-0.37540382146835327,0.9214781389394138,-0.2910882830619812,0.6509936010819237
2024-02-02 12:00:00+00:00,-1.57,-0.3650082051753998,0.545652538007332,-0.3131098747253418,-2.9621660755565857
2024-02-02 13:00:00+00:00,5.57,-0.3454444706439972,0.6834843905973546,-0.33915629982948303,-2.043109544059715
2024-02-02 14:00:00+00:00,-2.54,-0.32534635066986084,-0.39749974983938874,-0.3686562478542328,-0.3286478803821856
2024-02-02 15:00:00+00:00,1.61,-0.31274858117103577,0.647904911937667,-0.38686656951904297,2.7899043246451414
2024-02-02 16:00:00+00:00,-1.74,-0.298020601272583,-0.791852539170518,-0.3986837863922119,-2.673353567375088
2024-02-02 17:00:00+00:00,-0.54,-0.2909170091152191,-0.5265065051550721,-0.4086717963218689,-2.9234793469804434
2024-02-02 18:00:00+00:00,-2.31,-0.27406007051467896,-0.7691801009911343,-0.4141095280647278,2.4725199670783184
2024-02-05 10:00:00+00:00,0.52,-0.2611052095890045,0.9957685092526365,-0.43795228004455566,2.179312357086715
2024-02-05 11:00:00+00:00,3.32,-0.25154778361320496,1.9048670877490779,-0.4550010859966278,-1.1988524996504553
2024-02-05 12:00:00+00:00,1.27,-0.2386152446269989,1.0494138774372648,-0.4684860110282898,1.6621112634929915
2024-02-05 13:00:00+00:00,-1.08,-0.2212015688419342,-0.2136901282535496,-0.4916548430919647,0.9118609309101958
2024-02-05 14:00:00+00:00,-0.28,-0.20768006145954132,-0.2724145954877387,-0.5032643675804138,0.13091716630616923
2024-02-05 15:00:00+00:00,-1.59,-0.19228872656822205,-0.5304536280687677,-0.518869936466217,0.4158476974748344
2024-02-05 16:00:00+00:00,5.65,-0.17612987756729126,1.3274680333112079,-0.5399463772773743,1.6916349599039322
2024-02-05 17:00:00+00:00,-5.06,-0.14931128919124603,-0.7939298972399871,-0.5854969620704651,0.7407632354979818
2024-02-05 18:00:00+00:00,7.0,-0.12426207214593887,1.6100390922462389,-0.617054283618927,0.8941950092536332
2024-02-06 10:00:00+00:00,0.73,-0.09845650941133499,0.7607351391627709,-0.6487845778465271,-1.741574553101076
2024-02-06 11:00:00+00:00,-2.88,-0.08092256635427475,-0.7045483315024677,-0.6582508683204651,-0.09574780344847544
2024-02-06 12:00:00+00:00,-0.9,-0.06260374933481216,-0.09894153484099819,-0.6706468462944031,-2.6222417307053134
2024-02-06 13:00:00+00:00,4.42,-0.04582492634654045,0.5526668234774391,-0.6686524152755737,1.77389998392167
2024-02-06 14:00:00+00:00,-2.25,-0.0303170345723629,-0.04522459317739344,-0.6786859631538391,4.581287317853505
2024-02-06 15:00:00+00:00,1.88,-0.023127879947423935,0.9882726946085627,-0.6581085920333862,-2.990460743671191
2024-02-06 16:00:00+00:00,1.5,-0.0070421951822936535,0.7602607480991435,-0.6370959877967834,3.054939072878237
2024-02-06 17:00:00+00:00,2.11,0.005901519674807787,1.5116438004960833,-0.6402246952056885,0.7630412371577056
2024-02-06 18:00:00+00:00,9.8,0.011606459505856037,3.2537896238917385,-0.6396756768226624,2.8602483392768425
2024-02-07 10:00:00+00:00,2.88,0.02110934630036354,2.132194351104086,-0.6434993743896484,-0.026968448349875856
2024-02-07 11:00:00+00:00,0.1,0.028020743280649185,0.9409085268307731,-0.6568271517753601,3.3749187851872127
2024-02-07 12:00:00+00:00,3.66,0.03574926033616066,1.6586745905987292,-0.6638268828392029,0.2966576156193404
2024-02-07 13:00:00+00:00,2.25,0.04861858859658241,2.096885098778457,-0.6617332696914673,1.515813008987538
2024-02-07 14:00:00+00:00,-1.79,0.054905060678720474,-0.46822228070339156,-0.6657335758209229,2.9045181559674873
2024-02-07 15:00:00+00:00,3.19,0.0561586357653141,0.5981158586721967,-0.6661065220832825,0.4810207036394732
2024-02-07 16:00:00+00:00,-1.53,0.05154729261994362,-1.0725859007527752,-0.6612921357154846,1.9995589857816716
2024-02-07 17:00:00+00:00,-0.38,0.05363038554787636,-0.5987386380340075,-0.6682618260383606,0.8011166440230544
2024-02-07 18:00:00+00:00,-13.66,0.049252185970544815,-4.07344461357892,-0.6810018420219421,1.561217148687212
2024-02-08 10:00:00+00:00,2.83,0.05079466477036476,1.8644118236104048,-0.6856438517570496,-0.933925971917956
2024-02-08 11:00:00+00:00,-0.42,0.052592579275369644,1.2477667922709643,-0.6929067969322205,-2.8380847661161597
2024-02-08 12:00:00+00:00,2.72,0.0595436729490757,1.9656362818861988,-0.6925615072250366,2.097710995495443
2024-02-08 13:00:00+00:00,1.68,0.057992491871118546,1.6564543244274517,-0.6848369836807251,0.4151967073330687
2024-02-08 14:00:00+00:00,-0.27,0.05946553125977516,0.32665976681461867,-0.6930456757545471,-0.2398720103864704
2024-02-08 15:00:00+00:00,-3.87,0.06200120225548744,-0.6193916489243163,-0.7135740518569946,-1.1963020405469096
2024-02-08 16:00:00+00:00,2.07,0.0696578398346901,0.9004315377409025,-0.7315832376480103,2.234384163410779
2024-02-08 17:00:00+00:00,-5.85,0.07429269701242447,-1.4579157373893536,-0.7452888488769531,-1.4431921368509042
2024-02-08 18:00:00+00:00,-18.62,0.07449481636285782,-2.450326930914962,-0.749168336391449,-0.1633547956598031
2024-02-09 10:00:00+00:00,9.19,0.074849434196949,7.259032175806497,-0.7471518516540527,0.12350831117493005
2024-02-09 11:00:00+00:00,7.27,0.08001626282930374,3.590376310092779,-0.7487569451332092,-1.174843188368432
2024-02-09 12:00:00+00:00,-2.32,0.08222085982561111,-0.10975441264203248,-0.7494984269142151,1.0028361529910865
2024-02-09 13:00:00+00:00,1.78,0.08303425461053848,0.9317495615177547,-0.7479872703552246,-3.443238453850692
2024-02-09 14:00:00+00:00,-3.87,0.08657676726579666,0.18521692816027158,-0.7536618113517761,-1.496583620349991
2024-02-09 15:00:00+00:00,-1.99,0.0894596055150032,0.844546480537634,-0.7533025741577148,-2.0228177002281758
2024-02-09 16:00:00+00:00,5.5,0.09093264490365982,0.8433231312392147,-0.7455681562423706,-1.0205476241267428
2024-02-09 17:00:00+00:00,3.63,0.08885947614908218,1.0041889144871732,-0.7492067217826843,0.4818200779203482
2024-02-09 18:00:00+00:00,-6.42,0.08653707057237625,0.3359461626877591,-0.7511364221572876,2.5086926121294395
2024-02-12 10:00:00+00:00,-1.24,0.07736403495073318,0.1456453417791907,-0.7475191950798035,0.2009077942928456
2024-02-12 11:00:00+00:00,-0.61,0.07128215581178665,0.8051253010374688,-0.7398402690887451,0.5776655383509469
2024-02-12 12:00:00+00:00,2.47,0.06405828148126602,1.1146588068014753,-0.7325742244720459,-1.9313287431618429
2024-02-12 13:00:00+00:00,-7.86,0.05752629414200783,-0.04306000029766312,-0.724182665348053,-1.2368784542313709
2024-02-12 14:00:00+00:00,6.37,0.04722985997796059,1.043909031305867,-0.7143592834472656,1.3801265838440506
2024-02-12 15:00:00+00:00,0.25,0.0381324328482151,0.65678389983816,-0.7012224197387695,-1.516065620274931
2024-02-12 16:00:00+00:00,6.84,0.03968358412384987,1.779018925387592,-0.6953994035720825,-0.28753539513692394
2024-02-12 17:00:00+00:00,6.32,0.02669898048043251,1.2530187362929013,-0.678382158279419,2.240952815005176
2024-02-12 18:00:00+00:00,7.9,0.011967276223003864,1.9069061863473749,-0.6672531366348267,1.2374866965665325
2024-02-13 10:00:00+00:00,-4.37,-0.005505915265530348,-0.8291197681284045,-0.6410830020904541,1.4874757358688198
2024-02-13 11:00:00+00:00,3.27,-0.02875223383307457,0.05065916455985295,-0.6055616140365601,0.251588635772601
2024-02-13 12:00:00+00:00,-0.47,-0.04278459772467613,-0.02909336797028049,-0.5794575810432434,4.6049563804175255
2024-02-13 13:00:00+00:00,-6.54,-0.06322618573904037,-0.17700097202997067,-0.5509839653968811,1.135345089957831
2024-02-13 15:00:00+00:00,2.23,-0.07468321174383163,0.572703747565315,-0.5247323513031006,0.9302823666375095
2024-02-13 16:00:00+00:00,1.02,-0.08841054886579514,1.1638246684701508,-0.48791271448135376,1.632564790709942
2024-02-13 17:00:00+00:00,3.06,-0.0934508815407753,1.0950173760339934,-0.45026081800460815,1.4016629479026101
2024-02-13 18:00:00+00:00,9.56,-0.10178201645612717,1.8850339029313294,-0.42761677503585815,0.5255670068699388
2024-02-14 10:00:00+00:00,0.66,-0.10910385102033615,0.6668122545055923,-0.40649476647377014,1.343941567954389
2024-02-14 11:00:00+00:00,-5.31,-0.11898613721132278,-1.091424728809421,-0.39029592275619507,-0.357403166053496
2024-02-14 12:00:00+00:00,0.12,-0.12227321416139603,0.09468790674094915,-0.37161505222320557,-2.277574038030317
2024-02-14 13:00:00+00:00,-0.38,-0.12791121006011963,-0.2635085973587121,-0.3612690269947052,-0.12898474201209273
2024-02-14 14:00:00+00:00,-5.09,-0.14234532415866852,-0.31428463754306285,-0.35417038202285767,1.2310071430973972
2024-02-14 15:00:00+00:00,4.22,-0.15922705829143524,1.1178487421921177,-0.34415292739868164,1.4027915494507286
2024-02-14 16:00:00+00:00,-1.95,-0.1694813370704651,0.07500646683864273,-0.34826424717903137,1.36355058130156
2024-02-14 17:00:00+00:00,1.71,-0.18276725709438324,0.7325541026139426,-0.3471885919570923,-1.9092850105677477
2024-02-14 18:00:00+00:00,-13.13,-0.19061976671218872,-1.3258148607933198,-0.356137216091156,-2.614389502017955
2024-02-15 10:00:00+00:00,-0.93,-0.1966458559036255,0.4508229546183069,-0.37691640853881836,-5.0585092600418955
2024-02-15 11:00:00+00:00,2.67,-0.20201726257801056,1.4902399342785115,-0.40016862750053406,0.14896291105557338
2024-02-15 12:00:00+00:00,3.85,-0.20925354957580566,1.7217626705153035,-0.4280547797679901,-2.6357007843470153
2024-02-15 13:00:00+00:00,9.85,-0.2092709094285965,1.4527979663568813,-0.4709795415401459,-1.9157278692436255
2024-02-15 14:00:00+00:00,-0.96,-0.21664108335971832,0.6627871539152516,-0.49230706691741943,0.4617113900348053
2024-02-15 15:00:00+00:00,2.58,-0.22025178372859955,1.4746672770206943,-0.519692599773407,-1.9566748130188332
2024-02-15 16:00:00+00:00,1.28,-0.2201129049062729,1.2063796903972623,-0.539242684841156,1.114635525666603
2024-02-15 17:00:00+00:00,2.28,-0.2218054234981537,1.4822018568793933,-0.5646892786026001,3.656749336709559
2024-02-15 18:00:00+00:00,7.42,-0.22300444543361664,0.32940941757726255,-0.5861305594444275,7.014450929716365
2024-02-16 10:00:00+00:00,-4.21,-0.22292260825634003,-2.119738822841486,-0.6112492084503174,1.9597012757361223
2024-02-16 11:00:00+00:00,1.93,-0.2178363800048828,-0.2115424821249106,-0.6257423758506775,-1.1616908775573638
2024-02-16 12:00:00+00:00,-2.99,-0.20586231350898743,-1.152306891686766,-0.6432667374610901,0.8565228979294246
2024-02-16 13:00:00+00:00,-16.21,-0.19732162356376648,-1.0576572659524384,-0.6621384024620056,0.6724557316000372
2024-02-16 14:00:00+00:00,-6.66,-0.18717770278453827,-1.6572397698402164,-0.6715073585510254,-1.0585876662098999
2024-02-16 15:00:00+00:00,-1.22,-0.16620169579982758,0.03198256307594301,-0.6864907741546631,-3.276819878933072
2024-02-16 16:00:00+00:00,2.53,-0.14562742412090302,0.8315082747921294,-0.6903100609779358,-0.8425106720480879
2024-02-16 17:00:00+00:00,-3.74,-0.12675932049751282,-0.3985611120329382,-0.6980866193771362,-3.10703137256726
2024-02-16 18:00:00+00:00,-0.78,-0.12826335430145264,0.32125958151408984,-0.7048932909965515,-0.5925216087724676
2024-02-19 10:00:00+00:00,-0.24,-0.12419139593839645,-0.23767398532761422,-0.6900714039802551,-2.657769206353118
2024-02-19 11:00:00+00:00,6.09,-0.12443938106298447,1.7859339060713109,-0.6795833706855774,0.004176952932420042
2024-02-19 12:00:00+00:00,-1.59,-0.12181072682142258,0.9605804062555985,-0.6726995706558228,-0.8459187921702961
2024-02-19 13:00:00+00:00,2.99,-0.12241580337285995,1.2739173684792486,-0.6688374876976013,-3.452831579408433
2024-02-19 14:00:00+00:00,3.43,-0.11664514988660812,0.7945906420582558,-0.664457380771637,3.002152096702996
2024-02-19 15:00:00+00:00,-1.73,-0.11552300304174423,-0.8465112058717411,-0.6672379374504089,-2.0426117515222697
2024-02-19 16:00:00+00:00,-0.76,-0.11155024915933609,-1.5841532512627874,-0.6574889421463013,-1.5025199549827213
2024-02-19 17:00:00+00:00,-5.33,-0.12024716287851334,-1.8753114045737003,-0.6497960686683655,-1.4412311183195685
2024-02-19 18:00:00+00:00,-16.6,-0.12656092643737793,-3.03133211617712,-0.6460272669792175,0.3929027070781542
2024-02-20 10:00:00+00:00,-11.73,-0.12127382308244705,-4.1234418823826635,-0.6337416768074036,-4.458482756264413
2024-02-20 11:00:00+00:00,0.56,-0.10643178969621658,0.6031345970138625,-0.6289341449737549,-5.480703972935923
2024-02-20 12:00:00+00:00,7.0,-0.0960783138871193,3.8721151228238413,-0.6157030463218689,-2.171304253511536
2024-02-20 13:00:00+00:00,-0.81,-0.08664611726999283,-0.7921982298117648,-0.6010346412658691,1.331316570795129
2024-02-20 14:00:00+00:00,-0.81,-0.07452449947595596,-0.3757556504077039,-0.5851848125457764,-0.7311767004372658
2024-02-20 15:00:00+00:00,-0.38,-0.06806937605142593,-0.9008850603975807,-0.5707606673240662,-2.0191649269798178
2024-02-20 16:00:00+00:00,-3.44,-0.04804317280650139,-2.670657071200428,-0.5628169775009155,1.0400678692389795
2024-02-20 17:00:00+00:00,-10.86,-0.027156438678503036,-3.1497093267613856,-0.5643960237503052,-5.286813316895604
2024-02-20 18:00:00+00:00,-27.7,-0.010352815501391888,-2.8791578455110955,-0.5654549598693848,-2.725283044265512
2024-02-21 10:00:00+00:00,-13.5,0.01662573590874672,-6.226388900512552,-0.5588433146476746,3.3673280876107707
2024-02-21 11:00:00+00:00,-7.6,0.038837943226099014,-4.650851845751619,-0.5450446605682373,-0.47862200065561994
2024-02-21 12:00:00+00:00,-6.85,0.052990589290857315,-5.914166556880015,-0.5312572121620178,-2.401552602913936
2024-02-21 13:00:00+00:00,-10.37,0.057166699320077896,-5.977972077464175,-0.5125893354415894,-0.9021905990132184
2024-02-21 14:00:00+00:00,18.59,0.0689411535859108,2.821405228762959,-0.4931108355522156,-0.36188001569586314
2024-02-21 15:00:00+00:00,8.74,0.0711742714047432,1.2828349558081242,-0.4768828749656677,-0.6751051705734692
2024-02-21 16:00:00+00:00,-14.48,0.08206958323717117,-4.091028813322955,-0.4680160880088806,-1.5552899974995382
2024-02-21 17:00:00+00:00,-14.82,0.09117693454027176,-5.111374170704015,-0.46810629963874817,-1.016467474529995
2024-02-21 18:00:00+00:00,12.47,0.09909392148256302,-0.4438549496924165,-0.4688279330730438,1.6304658606196853
2024-02-22 10:00:00+00:00,4.42,0.10588256269693375,2.02415781039888,-0.4633130133152008,2.595865037750924
2024-02-22 11:00:00+00:00,-1.7,0.11981574445962906,0.10788380110511275,-0.45227354764938354,2.526806950937001
2024-02-22 12:00:00+00:00,6.69,0.13165464997291565,1.3241766742447778,-0.43997523188591003,1.4799648699370902
2024-02-22 13:00:00+00:00,1.77,0.13490206003189087,1.1392241144251094,-0.42219671607017517,-0.9832957734731235
2024-02-22 14:00:00+00:00,-8.85,0.14578744769096375,-1.7641862378101463,-0.409776896238327,0.024985475239874988
2024-02-22 15:00:00+00:00,-8.0,0.15471994876861572,-2.1550322948459066,-0.39950400590896606,-4.99376741058775
2024-02-22 16:00:00+00:00,1.95,0.16914165019989014,-0.8916718323964002,-0.39352846145629883,-0.8939376974081925
2024-02-22 17:00:00+00:00,-5.95,0.18302273750305176,-1.7407543342672782,-0.39309850335121155,0.9314709957864032
2024-02-22 18:00:00+00:00,55.64,0.19611400365829468,9.671202839751963,-0.39597856998443604,2.0961480236734418
2024-02-26 10:00:00+00:00,3.62,0.20553132891654968,3.05102458117195,-0.39391064643859863,0.2653643056921796
2024-02-26 11:00:00+00:00,10.17,0.22806963324546814,2.722345115789247,-0.3838652968406677,-2.814340083579686
2024-02-26 12:00:00+00:00,-3.79,0.24048760533332825,-2.7414749621982537,-0.37023624777793884,-4.796606194343081
2024-02-26 13:00:00+00:00,-3.16,0.2506650388240814,-1.4005560340128185,-0.34438788890838623,-0.46725531216448307
2024-02-26 14:00:00+00:00,1.91,0.2643848955631256,0.936525814677057,-0.3265306353569031,2.848234463040411
2024-02-26 15:00:00+00:00,-5.37,0.2790087163448334,-1.0274271805992523,-0.302723228931427,-1.3196998409461966
2024-02-26 16:00:00+00:00,6.24,0.29846706986427307,2.922460130438559,-0.2781461477279663,2.8677455954525497
2024-02-26 17:00:00+00:00,5.61,0.3117678463459015,2.7888237691821463,-0.24595427513122559,-1.193170834652379
2024-02-26 18:00:00+00:00,10.22,0.31890740990638733,3.554742588839397,-0.21681731939315796,-4.179505953769333
2024-02-27 10:00:00+00:00,-9.76,0.321113258600235,-7.141720121117549,-0.18096083402633667,-0.8841644232708171
2024-02-27 11:00:00+00:00,-3.88,0.32398244738578796,-2.4552105325503293,-0.15213602781295776,-3.1487779056343044
2024-02-27 12:00:00+00:00,2.13,0.3304140269756317,-1.6057740380485717,-0.13393808901309967,-2.457362120780061
2024-02-27 13:00:00+00:00,-7.23,0.34050461649894714,-2.5789618223366557,-0.11544101685285568,-1.9611559141340358
2024-02-27 14:00:00+00:00,6.35,0.3595438301563263,0.5713869977402114,-0.10129085928201675,-0.8810863143193695
2024-02-27 15:00:00+00:00,-1.85,0.3828025758266449,-0.6296298623926112,-0.09548360854387283,1.816037067478348
2024-02-27 16:00:00+00:00,-1.53,0.4105399549007416,-1.0543592390473753,-0.09277404099702835,1.9490338596716443
2024-02-27 17:00:00+00:00,1.37,0.4390423595905304,1.2107766720291162,-0.08994171768426895,3.303452660770595
2024-02-27 18:00:00+00:00,23.23,0.4680246412754059,1.9737067709507636,-0.08275287598371506,-2.7984260569355532
2024-02-28 10:00:00+00:00,3.92,0.4984563887119293,1.1356583823519062,-0.07291210442781448,-0.4095185678942418
2024-02-28 11:00:00+00:00,-5.0,0.5217226147651672,-1.6269269359940097,-0.051008325070142746,-5.020653064118457
2024-02-28 12:00:00+00:00,-6.41,0.5291188359260559,-2.9065027346470402,-0.027439918369054794,-3.9091374795151475
2024-02-28 13:00:00+00:00,1.03,0.5303848385810852,-0.16236110580061686,-0.0019031123956665397,-6.257462139896828
2024-02-28 14:00:00+00:00,4.27,0.5325323939323425,1.5497371132819069,0.017124656587839127,-0.8561412284652824
2024-02-28 15:00:00+00:00,-4.07,0.5384741425514221,-0.6757189718682666,0.035614583641290665,2.7215440689656263
2024-02-28 16:00:00+00:00,-1.54,0.548438310623169,-0.2796658566602386,0.049252960830926895,-0.12412159354104689
2024-02-28 17:00:00+00:00,2.63,0.5610781908035278,0.8410288370589039,0.05957511439919472,-0.4181499918630772
2024-02-28 18:00:00+00:00,-2.32,0.5681098699569702,0.04893629813263825,0.061131540685892105,-2.0389948001915483
2024-02-29 10:00:00+00:00,5.86,0.5783033967018127,2.43192475132021,0.062373969703912735,0.1304535464602659
2024-02-29 11:00:00+00:00,3.55,0.5849246382713318,1.7546569714661708,0.0746561661362648,-0.22112853862227405
2024-02-29 12:00:00+00:00,10.48,0.5861943364143372,3.1735566505010198,0.07732418924570084,4.55386323456769
2024-02-29 13:00:00+00:00,-3.82,0.5839649438858032,-1.7536380936415574,0.09095979481935501,2.1315675374877783
2024-02-29 14:00:00+00:00,0.14,0.5763654112815857,0.13092556136003694,0.11510691791772842,-2.7295005910987915
2024-02-29 15:00:00+00:00,0.78,0.5714676380157471,0.7324363552146796,0.14242181181907654,0.4469613999242689
2024-02-29 16:00:00+00:00,5.43,0.5599833130836487,2.6522876766554475,0.16439750790596008,0.11258881719863081
2024-02-29 17:00:00+00:00,9.65,0.549487292766571,2.4370527018778803,0.18554586172103882,5.068283213047389
2024-02-29 18:00:00+00:00,0.68,0.5407469868659973,0.6199377904235344,0.20122548937797546,2.8295636647216194
2024-03-01 10:00:00+00:00,-1.8,0.5344195365905762,-0.07771192930545645,0.20375341176986694,2.3708419623074155
2024-03-01 11:00:00+00:00,-0.45,0.5363861322402954,-0.10235482723292584,0.2108074128627777,2.066532460615128
2024-03-01 12:00:00+00:00,0.84,0.5373334288597107,1.2445589833658512,0.21904554963111877,2.0391840033767306
2024-03-01 13:00:00+00:00,1.63,0.5373768210411072,1.6816293885283737,0.23428747057914734,0.9783571389216958
2024-03-01 14:00:00+00:00,4.02,0.5372404456138611,2.222399885726895,0.2546555697917938,2.361200255009441
2024-03-01 15:00:00+00:00,4.83,0.5321542024612427,2.07107828509099,0.2961820065975189,3.5640112095431498
2024-03-01 16:00:00+00:00,0.23,0.5203140377998352,0.6902475494480241,0.33559462428092957,1.2942283974113706
2024-03-01 17:00:00+00:00,-0.12,0.5182879567146301,0.8687450420803491,0.32063665986061096,-0.2020389026957823
2024-03-01 18:00:00+00:00,14.24,0.5205744504928589,2.7035916913597444,0.31467631459236145,-1.0950355552512656
2024-03-04 10:00:00+00:00,7.5,0.5204628109931946,3.939886751736122,0.30154475569725037,4.608673607285748
2024-03-04 11:00:00+00:00,3.61,0.524462878704071,2.2253418820024105,0.28409698605537415,2.043960759315332
2024-03-04 12:00:00+00:00,1.1,0.5257933139801025,1.106614725898227,0.24245676398277283,0.7730405855941592
2024-03-04 13:00:00+00:00,2.13,0.5328212976455688,1.840586027646931,0.21003615856170654,2.8126063941993578
2024-03-04 14:00:00+00:00,1.0,0.5398802161216736,1.1245387289677804,0.18406260013580322,3.222669366931149
2024-03-04 15:00:00+00:00,-0.46,0.5330048203468323,0.2647332879396952,0.15827810764312744,1.3706219966638615
2024-03-04 16:00:00+00:00,0.59,0.5129178166389465,0.23015218853514874,0.12628093361854553,1.5068170470692979
2024-03-04 17:00:00+00:00,0.38,0.48810914158821106,0.32649727038279475,0.08342934399843216,1.1901636956912003
2024-03-04 18:00:00+00:00,-9.69,0.4719701111316681,-1.5688573408290556,0.0603472925722599,-1.4155689750254894
2024-03-05 10:00:00+00:00,10.73,0.45240268111228943,3.138560165764507,0.04302475228905678,0.26361173199914595
2024-03-05 11:00:00+00:00,3.16,0.4437832534313202,2.5416297727720463,0.03632226958870888,-0.5690830742659836
2024-03-05 12:00:00+00:00,3.91,0.439113050699234,2.2390473142162834,0.02284601703286171,0.5300040013701912
2024-03-05 13:00:00+00:00,-4.95,0.42295292019844055,0.4981151803945939,0.009555135853588581,0.5749723416709673
2024-03-05 14:00:00+00:00,3.52,0.39845553040504456,1.9692242273797498,-0.005151118617504835,2.1784501192494536
2024-03-05 15:00:00+00:00,4.38,0.3779488503932953,2.021323162182522,-0.025048401206731796,2.0975352939829146
2024-03-05 16:00:00+00:00,-2.58,0.3437792956829071,-1.5406855319271162,-0.04128102585673332,3.8734318885729584
2024-03-05 17:00:00+00:00,-4.34,0.3328021466732025,-0.5191339622002624,-0.08605947345495224,4.253286442562566
2024-03-05 18:00:00+00:00,-3.27,0.323795884847641,0.5419814667765432,-0.12382670491933823,-1.9160871377977566
2024-03-06 10:00:00+00:00,1.01,0.3154504597187042,1.0759967974958315,-0.16323748230934143,-1.681412371708294
2024-03-06 11:00:00+00:00,3.21,0.3029420077800751,2.018448899881279,-0.19818447530269623,-0.6249090662211483
2024-03-06 12:00:00+00:00,8.24,0.2851836383342743,2.8100329586126973,-0.2326832413673401,1.6251106341478891
2024-03-06 13:00:00+00:00,3.46,0.26839980483055115,1.5403927617628783,-0.27549266815185547,1.4521491456646656
2024-03-06 14:00:00+00:00,-0.68,0.24981072545051575,-0.6699257161308075,-0.31247687339782715,3.098519411888722
2024-03-06 15:00:00+00:00,-1.94,0.23845413327217102,-0.09030140534398189,-0.3501195013523102,0.6028790498019648
2024-03-06 16:00:00+00:00,0.63,0.23217013478279114,0.6950620777562773,-0.3857825696468353,0.06737412120280872
2024-03-06 17:00:00+00:00,-0.97,0.23140385746955872,0.9002886696806005,-0.4305548071861267,1.3208468425660536
2024-03-06 18:00:00+00:00,3.87,0.21387979388237,1.7271358239361416,-0.4804697036743164,0.9783309490370062
2024-03-07 10:00:00+00:00,-8.25,0.19105753302574158,-1.296885581595504,-0.5246015191078186,3.5356610382569955
2024-03-07 11:00:00+00:00,-0.3,0.170547753572464,0.9223665520320805,-0.5685237646102905,-0.79126125045583
2024-03-07 12:00:00+00:00,2.38,0.14175641536712646,1.3150047270653091,-0.6057020425796509,-4.523144389848712
2024-03-07 13:00:00+00:00,3.12,0.11063028126955032,1.8671623293180024,-0.6414624452590942,-1.3508419873518203
2024-03-07 14:00:00+00:00,1.86,0.07075516134500504,0.8744592294293545,-0.6703399419784546,2.9761485624837847
2024-03-07 15:00:00+00:00,2.68,0.030029449611902237,2.052610648982272,-0.7004722952842712,1.1285665689269235
2024-03-07 16:00:00+00:00,-2.2,-0.005610044579952955,0.2955769913562196,-0.7216014266014099,-1.3852162079485308
2024-03-07 17:00:00+00:00,1.94,-0.017947431653738022,1.318667167146412,-0.7651467323303223,0.09400136002798512
2024-03-07 18:00:00+00:00,18.88,-0.040880050510168076,2.864264504569823,-0.8091403245925903,1.6846644496594758
2024-03-11 10:00:00+00:00,-7.26,-0.06336506456136703,-2.634314269072389,-0.8475795984268188,2.0604036760259747
2024-03-11 11:00:00+00:00,2.16,-0.09873674064874649,0.9050195176717497,-0.8749890327453613,0.8698443802880138
2024-03-11 12:00:00+00:00,0.14,-0.12787525355815887,-0.08314792573821186,-0.9010165333747864,-3.780193724910217
2024-03-11 13:00:00+00:00,2.4,-0.15446694195270538,0.2305017492030103,-0.9295945763587952,-0.928552360039278
2024-03-11 14:00:00+00:00,-3.14,-0.17242494225502014,-0.6784620210326882,-0.9583939909934998,-0.7793920193202077
2024-03-11 15:00:00+00:00,-2.96,-0.19500666856765747,-1.0313773927526295,-0.9895536303520203,0.47177269252569776
2024-03-11 16:00:00+00:00,-2.79,-0.20626777410507202,-0.20235045362608933,-1.0156723260879517,1.484361315518251
2024-03-11 17:00:00+00:00,-2.8,-0.21248482167720795,-0.7954682902291784,-1.0481202602386475,-0.6751331627972534
2024-03-11 18:00:00+00:00,-7.84,-0.21970993280410767,-1.7881167665982767,-1.086348056793213,-2.6161230449646524
2024-03-12 10:00:00+00:00,6.13,-0.23116198182106018,2.033459816901706,-1.1337966918945312,-4.495364915640316
2024-03-12 11:00:00+00:00,-3.1,-0.23546332120895386,-0.09075806919436569,-1.1808139085769653,-1.680956723646641
2024-03-12 12:00:00+00:00,3.86,-0.24417884647846222,1.6075689559697672,-1.2216376066207886,-0.6421240144777441
2024-03-12 13:00:00+00:00,3.79,-0.24918445944786072,1.4634966408273646,-1.26345694065094,1.2241456038363898
2024-03-12 14:00:00+00:00,2.43,-0.2539904713630676,1.6644666965053112,-1.3046215772628784,-3.1755568373336587
2024-03-12 15:00:00+00:00,0.35,-0.2611039876937866,1.1470271401643615,-1.3427706956863403,1.416830024303334
2024-03-12 16:00:00+00:00,3.72,-0.26457828283309937,0.18214761973720944,-1.3753232955932617,4.347384098723256
2024-03-12 17:00:00+00:00,2.95,-0.2758096158504486,1.3282658581836428,-1.4066051244735718,-0.4903095881230749
2024-03-12 18:00:00+00:00,3.23,-0.2865685522556305,0.808305096018509,-1.4307764768600464,2.2695086094048764
2024-03-13 10:00:00+00:00,-1.41,-0.30105969309806824,-0.12518591186796546,-1.4512836933135986,0.4089426271238538
2024-03-13 11:00:00+00:00,-5.22,-0.31320735812187195,-1.1518266185090862,-1.4627711772918701,-1.669195097339853
2024-03-13 12:00:00+00:00,0.03,-0.3282254636287689,0.08468862217051962,-1.4747681617736816,1.173895778215344
2024-03-13 13:00:00+00:00,0.46,-0.3415498435497284,-0.11144690789212261,-1.4912066459655762,-2.526953508824694
2024-03-13 14:00:00+00:00,-0.67,-0.34829631447792053,-0.1768579465507757,-1.5055650472640991,0.14423283159056477
2024-03-13 15:00:00+00:00,-2.25,-0.3532436788082123,-0.5899255291406582,-1.5207493305206299,-0.6318199044731594
2024-03-13 16:00:00+00:00,-0.8,-0.35785746574401855,-0.8960499821176252,-1.534563422203064,-3.017551918028512
2024-03-13 17:00:00+00:00,-5.29,-0.37575969099998474,-1.593582553444122,-1.5503429174423218,-0.3849949788309308
2024-03-13 18:00:00+00:00,-21.97,-0.3922409117221832,-2.0187766174043276,-1.5626908540725708,-1.3445724474818395
2024-03-14 10:00:00+00:00,2.25,-0.40944626927375793,2.2571621396962813,-1.5765223503112793,-2.3692710137495565
2024-03-14 11:00:00+00:00,5.68,-0.41824981570243835,3.972089798229349,-1.58192777633667,-1.3508363258944343
2024-03-14 12:00:00+00:00,-5.73,-0.4340205788612366,-0.5498116543065752,-1.5866197347640991,-1.122480960875719
2024-03-14 13:00:00+00:00,2.25,-0.4461161494255066,0.5354477715562577,-1.5875037908554077,-1.5179618435763356
2024-03-14 14:00:00+00:00,-13.62,-0.45372068881988525,-0.16517452181773737,-1.5881596803665161,-2.4543958598268536
2024-03-14 15:00:00+00:00,5.42,-0.4680246114730835,1.7403867413385985,-1.5976489782333374,-1.4505167911075039
2024-03-14 16:00:00+00:00,2.38,-0.4739961326122284,1.2797529121827624,-1.5984270572662354,-2.4250087099463853
2024-03-14 17:00:00+00:00,-0.34,-0.4869968891143799,0.02904725656916217,-1.6063731908798218,0.258705798301569
2024-03-14 18:00:00+00:00,-0.7,-0.4985221028327942,0.3964145079987535,-1.6073031425476074,-1.6325903944445896
2024-03-15 10:00:00+00:00,2.42,-0.5124391317367554,1.969567136273565,-1.6060272455215454,0.8361826524341782
2024-03-15 11:00:00+00:00,1.61,-0.5242433547973633,1.0007431423737687,-1.605480432510376,-1.3820350007770221
2024-03-15 12:00:00+00:00,4.63,-0.5364344120025635,1.3313020590220996,-1.599829077720642,-2.602435495873923
2024-03-15 13:00:00+00:00,7.35,-0.5429601669311523,0.952710222229944,-1.5965144634246826,-1.4174442511150858
2024-03-15 14:00:00+00:00,-2.5,-0.5408423542976379,0.5063393175834248,-1.595907211303711,0.10625740678329187
2024-03-15 15:00:00+00:00,-7.75,-0.5459335446357727,-0.6429505056829151,-1.590112566947937,-0.27460018901533356
2024-03-15 16:00:00+00:00,6.72,-0.5501530170440674,0.2130083669970239,-1.5807737112045288,-0.8380281773202383
2024-03-15 17:00:00+00:00,-8.71,-0.5592789649963379,-0.8549925035798154,-1.573505163192749,0.9683783953620624
2024-03-15 18:00:00+00:00,-2.28,-0.5651513338088989,-0.3690802987669802,-1.5570255517959595,-1.5421556975506499
2024-03-18 10:00:00+00:00,-3.41,-0.5692741274833679,-1.362921027570357,-1.54171884059906,1.6943491026955393
2024-03-18 11:00:00+00:00,3.67,-0.5670012831687927,0.5095278814152893,-1.526945948600769,-4.923252324154485
2024-03-18 12:00:00+00:00,2.6,-0.5663180947303772,1.133400416873436,-1.5154460668563843,-0.06260353604688768
2024-03-18 13:00:00+00:00,2.87,-0.56025230884552,-0.3751233060439916,-1.5008620023727417,-0.6106583909909498
2024-03-18 14:00:00+00:00,-1.91,-0.5516273379325867,-0.1786714261813142,-1.485585331916809,0.9508983349963265
2024-03-18 15:00:00+00:00,-2.0,-0.5412267446517944,-0.048033490958645585,-1.4701493978500366,-4.371919231040899
2024-03-18 16:00:00+00:00,1.54,-0.5296568870544434,0.6262217562697454,-1.4538968801498413,-2.3826197785999357
2024-03-18 17:00:00+00:00,-4.85,-0.5151607990264893,0.15956028754145535,-1.4422014951705933,0.9698995070915861
2024-03-18 18:00:00+00:00,1.59,-0.501557469367981,0.5501408982912692,-1.4236260652542114,-3.2989810038866767
2024-03-19 10:00:00+00:00,4.31,-0.4876590073108673,1.7284354741368244,-1.4053534269332886,-1.15400015182765
2024-03-19 11:00:00+00:00,-3.55,-0.47231975197792053,-0.1377528508245325,-1.3830444812774658,0.17565136249306573
2024-03-19 12:00:00+00:00,3.69,-0.46217459440231323,1.6308321863220325,-1.3592543601989746,-2.8020481840344993
2024-03-19 13:00:00+00:00,-10.55,-0.4464385509490967,0.16693199364298417,-1.3358227014541626,-3.571938509350698
2024-03-19 14:00:00+00:00,0.32,-0.4266330301761627,0.25722081646234285,-1.3136987686157227,-3.111933395657476
2024-03-19 15:00:00+00:00,-4.39,-0.4094066023826599,-0.2670072472175618,-1.2949810028076172,1.518470401900533
2024-03-19 16:00:00+00:00,-23.54,-0.3856159448623657,-0.7930875921653483,-1.2763181924819946,-2.804070526401594
2024-03-19 17:00:00+00:00,0.79,-0.37199896574020386,1.3673884164674432,-1.257611870765686,-2.166134414712982
2024-03-19 18:00:00+00:00,10.72,-0.36757734417915344,4.328375818256776,-1.2362685203552246,0.09512154044359047
2024-03-20 10:00:00+00:00,-1.17,-0.36820846796035767,-0.15907655687463718,-1.2113080024719238,3.050165409401939
2024-03-20 11:00:00+00:00,6.31,-0.3660360872745514,1.3579952833954583,-1.1782047748565674,-3.6128513948640153
2024-03-20 12:00:00+00:00,1.98,-0.36195793747901917,1.2540872772120955,-1.1433801651000977,-2.9140708867410954
2024-03-20 13:00:00+00:00,-12.71,-0.3576355278491974,-1.0931198048907385,-1.1056408882141113,-0.7839286284984681
2024-03-20 14:00:00+00:00,-3.82,-0.3528654873371124,-0.01943138643390513,-1.0680912733078003,-3.685073778855534
2024-03-20 15:00:00+00:00,5.91,-0.3430774211883545,1.5220940361516695,-1.031666874885559,-2.077338222345454
2024-03-20 16:00:00+00:00,1.22,-0.33542579412460327,1.3430230447201799,-0.9922740459442139,0.277357937285755
2024-03-20 17:00:00+00:00,-6.31,-0.324875146150589,0.15007140206839364,-0.9556788802146912,-1.0391331906375885
2024-03-20 18:00:00+00:00,24.09,-0.3165849447250366,1.1335066693924536,-0.9232953786849976,-1.9423758213401983
2024-03-21 10:00:00+00:00,-7.08,-0.3124745488166809,-0.506465074866944,-0.8876373171806335,-0.7095080539075814
2024-03-21 11:00:00+00:00,-0.69,-0.30046454071998596,-0.07394457120411194,-0.8500826954841614,-0.8584777465568758
2024-03-21 12:00:00+00:00,-3.48,-0.29167088866233826,0.32626983898233625,-0.8153486847877502,-2.059558418817037
2024-03-21 13:00:00+00:00,-0.25,-0.28184810280799866,-0.36123738317986565,-0.781376302242279,-1.2640360276906835
2024-03-21 14:00:00+00:00,-12.88,-0.26634642481803894,-0.13388493393421788,-0.7477312088012695,1.7086035849605679
2024-03-21 15:00:00+00:00,5.46,-0.24639460444450378,3.012682995550741,-0.7168487310409546,-4.085780613105033
2024-03-21 16:00:00+00:00,7.75,-0.2275574952363968,2.500625075815255,-0.69097501039505,0.3502913750671619
2024-03-21 17:00:00+00:00,6.67,-0.20906011760234833,1.5818869197007295,-0.6677531599998474,0.026097812183459912
2024-03-21 18:00:00+00:00,3.49,-0.18456515669822693,1.3944782342390747,-0.6414076089859009,-0.5776380742983107
2024-03-22 10:00:00+00:00,6.24,-0.16007764637470245,1.616051645477151,-0.6153484582901001,0.6475217002537981
2024-03-22 11:00:00+00:00,-11.76,-0.13221503794193268,-1.0629648226396413,-0.5947041511535645,2.138265368785288
2024-03-22 12:00:00+00:00,4.14,-0.10826440900564194,1.3070733168853297,-0.5714990496635437,-2.502056586083612
2024-03-22 13:00:00+00:00,-9.66,-0.08478992432355881,-1.8443262948637908,-0.5479969382286072,-0.39589325699010924
2024-03-22 14:00:00+00:00,-4.44,-0.0628393366932869,-1.409070467916657,-0.5205094218254089,0.17323522323119622
2024-03-22 15:00:00+00:00,-4.83,-0.039001550525426865,-1.9251384955748942,-0.4953570067882538,-2.787883639712883
2024-03-22 16:00:00+00:00,-4.14,-0.024894800037145615,-1.031248293096629,-0.4687349200248718,-2.6105501417126646
2024-03-22 17:00:00+00:00,7.76,-0.007391836028546095,2.114439723121045,-0.45574286580085754,2.3308924585213773
2024-03-22 18:00:00+00:00,-20.67,0.013737921603024006,-2.1918699380442557,-0.4455295205116272,-2.69533298773189
2024-03-25 10:00:00+00:00,-0.96,0.03603074327111244,0.017778436521037666,-0.43264907598495483,-4.779695704621059
2024-03-25 11:00:00+00:00,-12.24,0.05696955695748329,0.597810737143488,-0.42159348726272583,-6.503564904516597
2024-03-25 12:00:00+00:00,6.12,0.07561943680047989,4.705408147417518,-0.40657442808151245,0.3015097648269538
2024-03-25 13:00:00+00:00,3.42,0.09054950624704361,2.922831194726806,-0.4008849859237671,-2.480973251246082
2024-03-25 14:00:00+00:00,5.16,0.10505924373865128,4.18199721042576,-0.38860777020454407,-3.006663756079544
2024-03-25 15:00:00+00:00,15.19,0.11867005378007889,2.284810412098165,-0.37744027376174927,3.111108647303443
2024-03-25 16:00:00+00:00,5.3,0.1293347179889679,1.3032233601553231,-0.3615380823612213,-0.7103393231342483
2024-03-25 17:00:00+00:00,6.82,0.13775017857551575,1.4275650708023944,-0.3495224714279175,0.8668021071437746
2024-03-25 18:00:00+00:00,0.29,0.1458953320980072,0.3518963573743768,-0.33000028133392334,0.7460386181102484
2024-03-26 10:00:00+00:00,2.72,0.153236985206604,0.8707503645499398,-0.30775704979896545,2.8545666637262164
2024-03-26 11:00:00+00:00,1.48,0.16427117586135864,1.196650198626951,-0.2855367660522461,1.3795142186353968
2024-03-26 12:00:00+00:00,-7.17,0.18026885390281677,-0.7000021821912551,-0.26628056168556213,-1.3181500200963503
2024-03-26 13:00:00+00:00,1.12,0.19913572072982788,0.2033759070853987,-0.24513281881809235,3.155714062952442
2024-03-26 14:00:00+00:00,3.97,0.2156144678592682,1.2902202382064798,-0.2252008318901062,0.05978774544770346
2024-03-26 15:00:00+00:00,-2.33,0.23915842175483704,0.7204440028878073,-0.20823541283607483,-1.0374105859266904
2024-03-26 16:00:00+00:00,4.79,0.2529093325138092,2.061853941588824,-0.18217317759990692,-2.174807687952949
2024-03-26 17:00:00+00:00,-0.96,0.26926156878471375,0.9057622580004,-0.1789468675851822,-1.2498716010728608
2024-03-26 18:00:00+00:00,5.64,0.27630069851875305,2.5688898839761953,-0.15807190537452698,0.4140266977410273
2024-03-27 10:00:00+00:00,-3.49,0.2818705141544342,-0.7377265238367136,-0.13788016140460968,-1.8302923514307277
2024-03-27 11:00:00+00:00,-2.24,0.2895221412181854,0.10471188176786755,-0.12003312259912491,1.5362332041848543
2024-03-27 12:00:00+00:00,-1.53,0.29902753233909607,-0.48887299771742493,-0.1056523248553276,-2.59236571473913
2024-03-27 13:00:00+00:00,-1.62,0.3070586025714874,-0.25084865533520107,-0.08789458125829697,2.6729775625698347
2024-03-27 14:00:00+00:00,0.42,0.3178695738315582,0.5951654211232988,-0.07258941978216171,-2.071721582397254
2024-03-27 15:00:00+00:00,8.11,0.33052685856819153,1.369938922212492,-0.06595823913812637,-0.04795965651255346
2024-03-27 16:00:00+00:00,4.67,0.3424191176891327,1.2166980257054607,-0.0542786531150341,1.6508904148356636
2024-03-27 17:00:00+00:00,8.59,0.3592034876346588,2.666990671250139,-0.05125940963625908,-1.644055419766412
2024-03-27 18:00:00+00:00,1.28,0.3775700032711029,0.5811374854303111,-0.04434676095843315,0.2804308932260411
2024-03-28 10:00:00+00:00,3.37,0.3953358232975006,0.3459498947450989,-0.03134169802069664,-1.1645977069853453
2024-03-28 11:00:00+00:00,-1.78,0.415913850069046,-0.11428128906873873,-0.020148780196905136,0.6488911615739021
2024-03-28 12:00:00+00:00,-1.88,0.42876264452934265,0.526701030258069,-0.008883948437869549,1.7771377342738104
2024-03-28 13:00:00+00:00,2.21,0.44704118371009827,1.4958786615590287,-0.01432355772703886,1.7833604306828985
2024-03-28 14:00:00+00:00,-1.7,0.46067431569099426,0.8019160837555956,-0.0054053026251494884,2.540920157616351
2024-03-28 15:00:00+00:00,0.42,0.48184934258461,1.114727831069992,-0.012270207516849041,1.7662352160150354
2024-03-28 16:00:00+00:00,1.3,0.5039387941360474,1.2502912217664268,-0.021713580936193466,1.8169704224309078
2024-03-28 17:00:00+00:00,5.46,0.5297028422355652,1.7382093926285038,-0.0340726338326931,-0.3172501558398442
2024-03-28 18:00:00+00:00,-4.51,0.5417947173118591,-0.4617765348747253,-0.03220715746283531,0.13142087197061048
2024-03-29 10:00:00+00:00,0.91,0.5547334551811218,1.671444032438207,-0.02550467476248741,-0.11646896873040363
2024-03-29 11:00:00+00:00,3.87,0.56972736120224,1.7204242045295413,-0.02026161178946495,-0.3826257293804288
2024-03-29 12:00:00+00:00,2.73,0.5790399312973022,1.7295802999258008,-0.014491553418338299,2.5026350935817523
2024-03-29 13:00:00+00:00,1.52,0.5860834121704102,1.3101316284894653,-0.010573352687060833,1.7922693802413023
2024-03-29 14:00:00+00:00,5.0,0.585825502872467,2.2843881113209936,-0.007288153748959303,4.223327963998721
2024-03-29 15:00:00+00:00,0.19,0.5820505023002625,0.1459770191487807,-0.0018045263132080436,1.5881508493016632
2024-03-29 16:00:00+00:00,1.62,0.5749059915542603,1.698685989065549,0.007017616648226976,2.944577413626604
2024-03-29 17:00:00+00:00,8.43,0.5800442695617676,1.255871265747073,0.008644406683743,1.5258118745672595
2024-03-29 18:00:00+00:00,27.13,0.5754590034484863,1.618098353785079,0.0083486782386899,2.0097247574023323
2024-04-01 10:00:00+00:00,-1.67,0.570123553276062,-1.3298172912477193,0.011998449452221394,2.133565447021305
2024-04-01 11:00:00+00:00,0.62,0.5664570331573486,-0.17355365362330005,0.019061747938394547,2.9500754005360794
2024-04-01 12:00:00+00:00,-2.78,0.5574867129325867,-0.20227753062539605,0.017739955335855484,1.085084433357641
2024-04-01 13:00:00+00:00,-2.35,0.5472541451454163,0.11133863571326263,0.0248454250395298,1.9328399638004583
2024-04-01 14:00:00+00:00,7.0,0.5347382426261902,1.6275896787084132,0.02742016687989235,2.3575453600687553
2024-04-01 15:00:00+00:00,2.8,0.5236327052116394,1.4483679321803133,0.029146138578653336,1.5285440391791894
2024-04-01 16:00:00+00:00,2.69,0.5106871724128723,0.5190066607227715,0.03334394469857216,3.6054675608979188
2024-04-01 17:00:00+00:00,-2.68,0.5040690302848816,-0.9575056694881785,0.034596893936395645,2.1928181173160817
2024-04-01 18:00:00+00:00,2.87,0.49970313906669617,0.37028319004857313,0.034425172954797745,2.3346278065711945
2024-04-02 10:00:00+00:00,-1.39,0.4908171594142914,-0.388391498130049,0.03448096290230751,0.4548480149264319
2024-04-02 11:00:00+00:00,-2.19,0.49281343817710876,0.133914841796411,0.04040229693055153,3.9680888460825283
2024-04-02 12:00:00+00:00,0.68,0.48514196276664734,0.8314073382537162,0.03794536367058754,4.395455936784007
2024-04-02 13:00:00+00:00,2.7,0.47378912568092346,1.0078477732945013,0.03811833634972572,3.244383378023647
2024-04-02 14:00:00+00:00,-0.52,0.46506741642951965,0.36559556451792896,0.044190291315317154,-1.4507349124542097
2024-04-02 15:00:00+00:00,-2.55,0.45679453015327454,0.308609092030681,0.04324299469590187,0.35539384240688365
2024-04-02 16:00:00+00:00,5.62,0.449075311422348,1.5446405822704643,0.04541844502091408,-1.2810369883548898
2024-04-02 17:00:00+00:00,2.78,0.44450244307518005,1.744884938523564,0.05332675948739052,3.6505489626383594
2024-04-02 18:00:00+00:00,18.91,0.4397974908351898,1.6592858377933357,0.059829000383615494,1.2276212418330577
2024-04-03 10:00:00+00:00,-4.22,0.43738827109336853,-1.6130242125455985,0.06063184514641762,4.260910258364957
2024-04-03 11:00:00+00:00,0.76,0.43692824244499207,0.5762828825801043,0.06357858330011368,1.6459411981771352
2024-04-03 12:00:00+00:00,-3.66,0.43337830901145935,0.07209834881554042,0.06693632155656815,1.6545626880694233
2024-04-03 13:00:00+00:00,-1.69,0.4225493371486664,0.3820627698258186,0.05966842547059059,2.079954280746449
2024-04-03 14:00:00+00:00,-0.12,0.41240665316581726,0.7666448051131599,0.056868020445108414,3.1453685796674193
2024-04-03 15:00:00+00:00,8.05,0.3982732594013214,1.4260727612389483,0.04756850376725197,-0.18792700582374683
2024-04-03 16:00:00+00:00,5.76,0.3864169418811798,1.8553523504609695,0.041733358055353165,3.1867374361339005
2024-04-03 17:00:00+00:00,0.51,0.36662450432777405,0.4914245598356285,0.03066692128777504,1.9260370616655238
2024-04-03 18:00:00+00:00,4.12,0.3506968915462494,1.0645604945197509,0.026164714246988297,-0.3213435619643883
2024-04-04 10:00:00+00:00,1.29,0.3382963240146637,1.1124599087265037,0.020720157772302628,3.6961220342023005
2024-04-04 11:00:00+00:00,3.1,0.32588765025138855,0.9354483659874511,0.009128605015575886,2.5005330967531836
2024-04-04 12:00:00+00:00,-2.19,0.31602081656455994,-0.7490441545366257,6.095001663197763e-05,1.7417440732787213
2024-04-04 13:00:00+00:00,-1.14,0.30372312664985657,-0.3930278668202777,-0.007763679604977369,1.9639542043072402
2024-04-04 14:00:00+00:00,0.77,0.293317586183548,0.7774509461598726,-0.014220024459064007,2.3021229441629005
2024-04-04 15:00:00+00:00,-0.37,0.2811128795146942,-0.044280143778277624,-0.02508002147078514,1.833342839962397
2024-04-04 16:00:00+00:00,4.6,0.26547113060951233,0.8306397801043917,-0.036184873431921005,-1.0468568879123814
2024-04-04 17:00:00+00:00,1.8,0.2514709532260895,0.7000221351267454,-0.04353026673197746,1.3196154947159155
2024-04-04 18:00:00+00:00,-9.97,0.23710569739341736,-1.2007202431273292,-0.055182572454214096,2.658042469724748
2024-04-05 10:00:00+00:00,-0.25,0.21979555487632751,-0.08400419177073502,-0.06272200495004654,1.0509716592185658
2024-04-05 11:00:00+00:00,-7.29,0.20264288783073425,-0.014381999051291741,-0.06912317126989365,2.1580022350921726
2024-04-05 12:00:00+00:00,-2.46,0.17879953980445862,0.19770645071339416,-0.0740550234913826,1.2694600537244183
2024-04-05 13:00:00+00:00,5.02,0.15316632390022278,1.1108790374338406,-0.08366205543279648,-3.5340756696138635
2024-04-05 14:00:00+00:00,0.57,0.13537445664405823,0.5902541509090959,-0.09911910444498062,0.7440321437144053
2024-04-05 15:00:00+00:00,-2.52,0.12105319648981094,-0.9475924313858537,-0.11389728635549545,2.5620255980520334
2024-04-05 16:00:00+00:00,5.89,0.11366815119981766,2.695606228528857,-0.12812991440296173,-1.3154165304083505
2024-04-05 17:00:00+00:00,-1.19,0.09982547909021378,0.026823034139983715,-0.13852183520793915,0.5709687365035119
2024-04-05 18:00:00+00:00,20.62,0.09025440365076065,2.72317851822648,-0.1478046178817749,0.8868770669446207
2024-04-08 10:00:00+00:00,3.47,0.08027539402246475,2.8078002253764422,-0.15661436319351196,3.2817609216405934
2024-04-08 11:00:00+00:00,2.28,0.0791018083691597,2.0918167813262714,-0.1580185890197754,0.05485969969302845
2024-04-08 12:00:00+00:00,-2.99,0.0746411457657814,-2.25147424346658,-0.16338565945625305,0.9270586651889464
2024-04-08 13:00:00+00:00,-4.34,0.06827840954065323,-1.0532973134405856,-0.16909804940223694,1.5070357950016136
2024-04-08 14:00:00+00:00,3.61,0.06462553888559341,1.1157734045708894,-0.1779319792985916,1.8049370142785903
2024-04-08 15:00:00+00:00,-0.83,0.06144014373421669,-0.5970651754045679,-0.18729473650455475,-0.36981099326043687
2024-04-08 16:00:00+00:00,4.7,0.060052040964365005,1.7004078999616088,-0.19428859651088715,0.9963190092201241
2024-04-08 17:00:00+00:00,-4.51,0.0517146922647953,-2.0526340971990797,-0.20124773681163788,0.29165167014343596
2024-04-08 18:00:00+00:00,14.38,0.04726952686905861,1.7782161590817567,-0.20610395073890686,1.3116035546837326
2024-04-09 10:00:00+00:00,6.54,0.04227754846215248,0.898620295525935,-0.2147655338048935,1.4653071222386276
2024-04-09 11:00:00+00:00,-3.38,0.040068600326776505,-1.6146630908698745,-0.21889513731002808,1.5565494036275644
2024-04-09 12:00:00+00:00,1.38,0.040991101413965225,0.247241430966533,-0.22218778729438782,0.5821561376132744
2024-04-09 13:00:00+00:00,-10.81,0.04412195459008217,-4.3113334664856735,-0.22742466628551483,-0.5349284526101027
2024-04-09 14:00:00+00:00,-5.15,0.044889453798532486,-1.8099290983498586,-0.2311965525150299,2.717884611977695
2024-04-09 15:00:00+00:00,4.42,0.05015486851334572,3.440528128083758,-0.24280856549739838,0.3065484703246999
2024-04-09 16:00:00+00:00,-3.62,0.05944446101784706,-0.08896219323494706,-0.25355634093284607,-1.0177037975160688
2024-04-09 17:00:00+00:00,-6.88,0.05939549580216408,-0.9310654755027832,-0.26367855072021484,1.0534654107617278
2024-04-09 18:00:00+00:00,1.09,0.06397519260644913,1.226461994685841,-0.268242746591568,-6.285487236789674
2024-04-10 10:00:00+00:00,5.73,0.06531495600938797,4.173080913692529,-0.2743283808231354,-2.3228364079513
2024-04-10 11:00:00+00:00,6.13,0.06718478351831436,3.2299904453715826,-0.28290191292762756,-1.1786515582157817
2024-04-10 12:00:00+00:00,9.46,0.06417853385210037,2.4354702824759626,-0.2933093309402466,0.5570484020263979
2024-04-10 13:00:00+00:00,-0.89,0.06863177567720413,-0.4548343065812597,-0.3001643121242523,2.1431259549107615
2024-04-10 14:00:00+00:00,-0.02,0.07291389256715775,0.05256545234779775,-0.3033955991268158,-0.6130037188234003
2024-04-10 15:00:00+00:00,-3.94,0.08019606024026871,-1.2462184177452997,-0.30402547121047974,-2.118901065744911
2024-04-10 16:00:00+00:00,4.81,0.0915265753865242,1.444829932143485,-0.2992219626903534,-1.123893292444934
2024-04-10 17:00:00+00:00,2.48,0.09524143487215042,1.479248433342657,-0.3046696186065674,2.951307494980931
2024-04-10 18:00:00+00:00,5.64,0.10120678693056107,1.139348987731472,-0.30441606044769287,0.015984705865891513
2024-04-11 10:00:00+00:00,-4.05,0.10701588541269302,-1.224941716460097,-0.3015623390674591,3.78718498656881
2024-04-11 11:00:00+00:00,-2.51,0.11787525564432144,-0.8197482372156433,-0.2999262511730194,-2.7948578386553917
2024-04-11 12:00:00+00:00,-0.16,0.12651944160461426,-0.1663095137976947,-0.3019089102745056,-3.663520410848879
2024-04-11 13:00:00+00:00,-3.18,0.1339224874973297,-0.14580541429168026,-0.3031674325466156,-0.2323475265298872
2024-04-11 14:00:00+00:00,1.99,0.13498201966285706,2.0271972580864506,-0.30893996357917786,-1.758732376000066
2024-04-11 15:00:00+00:00,2.89,0.14257726073265076,2.642250144836271,-0.31435972452163696,-0.2618075754080509
2024-04-11 16:00:00+00:00,2.09,0.1479523777961731,1.9826346475416,-0.32347387075424194,-1.6058274414417468
2024-04-11 17:00:00+00:00,-2.29,0.15628600120544434,0.7873832136477757,-0.32704055309295654,-1.7732345670031344
2024-04-11 18:00:00+00:00,12.5,0.16825014352798462,3.7274692709155093,-0.3258936107158661,-1.1022188089718659
2024-04-12 10:00:00+00:00,2.05,0.18511638045310974,2.084619057041047,-0.32654333114624023,0.45732711012970373
2024-04-12 11:00:00+00:00,2.92,0.20011278986930847,1.9939104663101763,-0.3238396644592285,1.3712733723575394
2024-04-12 12:00:00+00:00,1.65,0.21372976899147034,1.0696776778212331,-0.3213033676147461,4.82167631763884
2024-04-12 13:00:00+00:00,-1.3,0.22244837880134583,-0.4896466905293843,-0.323661744594574,1.8202246876015942
2024-04-12 14:00:00+00:00,-4.82,0.23815962672233582,-0.23876137639435016,-0.3236325979232788,-0.04759015080220777
2024-04-12 15:00:00+00:00,6.96,0.2479638159275055,2.798304607314181,-0.32622280716896057,1.0649296319163026
2024-04-12 16:00:00+00:00,4.3,0.2598101794719696,2.2045436469046007,-0.32633504271507263,1.1328030357330288
2024-04-12 17:00:00+00:00,-7.55,0.26605138182640076,-1.9059695386590907,-0.3257249891757965,0.8768852149836508
2024-04-12 18:00:00+00:00,1.61,0.273319274187088,1.372593773416021,-0.3206406235694885,-1.6709474621243503
2024-04-15 10:00:00+00:00,9.33,0.2835363447666168,4.261342409490598,-0.3157261312007904,1.5435958975518445
2024-04-15 11:00:00+00:00,2.76,0.2982029616832733,1.9402354383573694,-0.31147998571395874,1.3576670103055624
2024-04-15 12:00:00+00:00,1.89,0.30617204308509827,0.35602591841707665,-0.30793190002441406,-1.0758540490254647
2024-04-15 13:00:00+00:00,-2.68,0.31915661692619324,-1.651622370830687,-0.30204591155052185,1.69481144694001
2024-04-15 14:00:00+00:00,1.21,0.32778969407081604,1.181340596929621,-0.3006497323513031,1.043944249400898
2024-04-15 15:00:00+00:00,4.19,0.3371810019016266,2.125579763577819,-0.2988983392715454,1.1670396417204971
2024-04-15 16:00:00+00:00,1.57,0.3523236811161041,1.5729626198854885,-0.29538559913635254,-1.4759550765766507
2024-04-15 17:00:00+00:00,-3.93,0.3582729399204254,-3.38511456951459,-0.2904456853866577,1.5200489877739725
2024-04-15 18:00:00+00:00,-3.42,0.3688916862010956,-1.6247135425248693,-0.28109532594680786,-0.6377729814311499
2024-04-16 10:00:00+00:00,0.67,0.3702971637248993,0.4951774367562968,-0.26873934268951416,0.8413007750900439
2024-04-16 11:00:00+00:00,1.86,0.37505045533180237,0.41732051175845786,-0.2575204074382782,-0.5827542788604081
2024-04-16 12:00:00+00:00,-2.07,0.37721601128578186,-1.5744451729861189,-0.251689612865448,0.4255226326853127
2024-04-16 13:00:00+00:00,-7.3,0.3808384835720062,-2.2854485644958116,-0.2472444325685501,0.015949663384575263
2024-04-16 14:00:00+00:00,0.56,0.38075169920921326,0.31440699412280093,-0.24543598294258118,-0.9325246089367986
2024-04-16 15:00:00+00:00,4.09,0.3825471103191376,1.5562389103651126,-0.2507416605949402,1.3981254322993215
2024-04-16 16:00:00+00:00,-4.92,0.3798341453075409,-1.005245984463066,-0.2613418996334076,-1.1448059871989273
2024-04-16 17:00:00+00:00,1.28,0.3786208927631378,0.8404835605318648,-0.2689513862133026,-2.890410211782826
2024-04-16 18:00:00+00:00,5.29,0.3855031430721283,1.3180682590639718,-0.2773810923099518,-0.7829943848408902
2024-04-17 10:00:00+00:00,-8.72,0.39336684346199036,-4.2471590898754386,-0.28637248277664185,0.42023220888725754
2024-04-17 11:00:00+00:00,-8.78,0.40671536326408386,-3.6625463087598114,-0.29086601734161377,-5.0918542039669346
2024-04-17 12:00:00+00:00,4.96,0.41473588347435,1.4142601950575355,-0.30185869336128235,-4.02889312133653
2024-04-17 13:00:00+00:00,-8.12,0.4194960296154022,-2.1001519700956246,-0.3159983158111572,-1.4740743991826202
2024-04-17 14:00:00+00:00,4.59,0.4234495460987091,1.3247584170903042,-0.33198481798171997,-1.7674970547605384
2024-04-17 15:00:00+00:00,1.97,0.42765477299690247,0.9141266156973198,-0.3516359329223633,-1.1739155234215912
2024-04-17 16:00:00+00:00,2.94,0.4296739995479584,-0.10225589478512515,-0.36690762639045715,0.6035203748656497
2024-04-17 17:00:00+00:00,-3.0,0.43147751688957214,-1.975902391490225,-0.3808451294898987,-2.3965512612479962
2024-04-17 18:00:00+00:00,-7.53,0.4329245388507843,-1.4352236912435075,-0.38993698358535767,-3.6579697584365536
2024-04-18 10:00:00+00:00,-1.47,0.4350323975086212,-1.0721371576824987,-0.40000030398368835,-4.339650379710088
2024-04-18 11:00:00+00:00,1.24,0.44049927592277527,1.1657882941664426,-0.41145482659339905,-1.8742866510007432
2024-04-18 12:00:00+00:00,-5.66,0.43909505009651184,-1.2092559528475002,-0.42677363753318787,-3.321563724932261
2024-04-18 13:00:00+00:00,0.11,0.433087557554245,-0.07775788434256244,-0.4392510950565338,-3.054656026164984
2024-04-18 14:00:00+00:00,7.49,0.4277050197124481,2.5198654418788937,-0.4510490894317627,0.08966209581422238
2024-04-18 15:00:00+00:00,1.23,0.421124666929245,1.1856497241418416,-0.46104732155799866,-1.8320071440109351
2024-04-18 16:00:00+00:00,1.19,0.4157768189907074,0.963104745014048,-0.46158918738365173,-3.3184319683604455
2024-04-18 17:00:00+00:00,5.15,0.4122975766658783,2.348079132031673,-0.4626598656177521,-0.6212840778479853
2024-04-18 18:00:00+00:00,5.69,0.4095591604709625,2.654675938391196,-0.4684348702430725,2.0482322939039994
2024-04-19 10:00:00+00:00,-1.15,0.40633466839790344,-0.9286418291248909,-0.475618451833725,-0.7501216126982124
2024-04-19 11:00:00+00:00,-5.72,0.41103407740592957,-0.3994786548655443,-0.4787021577358246,-1.7714346300875266
2024-04-19 12:00:00+00:00,3.64,0.41373899579048157,1.773565238336386,-0.4830115735530853,0.6255956292692897
2024-04-19 13:00:00+00:00,2.7,0.41906699538230896,3.0233976168712795,-0.48708537220954895,1.3860125738941702
2024-04-19 14:00:00+00:00,6.26,0.4240918457508087,3.1342411873071616,-0.49398747086524963,1.2781189206432093
2024-04-19 15:00:00+00:00,1.97,0.42619970440864563,0.8950845446156941,-0.5016775727272034,1.765785182064737
2024-04-19 16:00:00+00:00,5.5,0.4312245547771454,1.525629429626123,-0.5047693252563477,1.06750944451806
2024-04-19 17:00:00+00:00,-3.83,0.43380364775657654,-1.2840431641809904,-0.5029435753822327,-3.370427856922775
2024-04-19 18:00:00+00:00,2.11,0.4391874372959137,1.4915420472570091,-0.497616171836853,-2.8357185841802774
2024-04-22 10:00:00+00:00,-1.0,0.4419828951358795,-0.21439723239219138,-0.494333416223526,1.0753530018873987
2024-04-22 11:00:00+00:00,1.12,0.44722411036491394,1.1150097597401307,-0.4941207766532898,0.10320680656898559
2024-04-22 12:00:00+00:00,1.57,0.44981369376182556,0.973722659624717,-0.496141254901886,-0.2667337255282978
2024-04-22 13:00:00+00:00,-6.24,0.4501918852329254,-1.6546942883244216,-0.5010793209075928,-1.0054549918596045
2024-04-22 14:00:00+00:00,0.56,0.4498421847820282,0.5548284131749686,-0.5022243857383728,-1.648411630754077
2024-04-22 15:00:00+00:00,-0.29,0.4491850435733795,0.05644132714515801,-0.5076739192008972,-1.778830394873046
2024-04-22 16:00:00+00:00,9.27,0.4456852972507477,0.7538044327317107,-0.5153472423553467,0.5270636307706436
2024-04-22 17:00:00+00:00,1.19,0.444257527589798,-0.15698104414686964,-0.5275333523750305,4.99755989754695
2024-04-22 18:00:00+00:00,-0.96,0.44623711705207825,-0.9736926931357673,-0.5377349257469177,-0.8993521003662764
2024-04-23 10:00:00+00:00,4.6,0.44731953740119934,-0.7712313617497584,-0.5461770296096802,-4.367935282552386
2024-04-23 11:00:00+00:00,-12.04,0.4555955231189728,-2.771249704241272,-0.554908037185669,2.842673097187636
2024-04-23 12:00:00+00:00,-1.4,0.4595471918582916,-2.2927822971586185,-0.5668368339538574,-2.248165191565186
2024-04-23 13:00:00+00:00,-5.86,0.46559253334999084,-2.705866222125803,-0.5843720436096191,-6.32499411079234
2024-04-23 14:00:00+00:00,-9.69,0.4685330092906952,-3.63239558389859,-0.6039487719535828,-1.4691221058512247
2024-04-23 15:00:00+00:00,-2.41,0.4695442020893097,-2.396978223489729,-0.6262980103492737,-0.3345278149045516
2024-04-23 16:00:00+00:00,2.52,0.4642118513584137,1.2024084174186425,-0.6514296531677246,-1.763711863456595
2024-04-23 17:00:00+00:00,-14.51,0.4532991349697113,-3.2891156562334753,-0.6770845651626587,-3.0836305127832055
2024-04-23 18:00:00+00:00,1.35,0.4434143602848053,1.415105477059445,-0.6994765996932983,-2.3503171807261563
2024-04-24 10:00:00+00:00,-9.3,0.4306783974170685,-2.8892801494500344,-0.7210217714309692,-3.485387818674483
2024-04-24 11:00:00+00:00,1.76,0.4180496037006378,1.1765974283326133,-0.7397900223731995,-1.7303571987438597
2024-04-24 12:00:00+00:00,-4.5,0.4004288613796234,-1.542658577827062,-0.7575013041496277,-4.4764856659043675
2024-04-24 13:00:00+00:00,10.55,0.3815043270587921,1.376677733840519,-0.773533046245575,0.1474241392677308
2024-04-24 14:00:00+00:00,-8.38,0.3649226725101471,-2.9998264983575456,-0.787949800491333,1.7391476709743214
2024-04-24 15:00:00+00:00,6.12,0.3483608663082123,1.088867987356288,-0.8014973402023315,-4.770029469854411
2024-04-24 16:00:00+00:00,-3.86,0.3322571814060211,-2.683518640970845,-0.8133319020271301,1.2189448300712007
2024-04-24 17:00:00+00:00,-4.23,0.31672510504722595,-2.4185676338894484,-0.8232272267341614,-3.5018915341717123
2024-04-24 18:00:00+00:00,-1.79,0.3032532036304474,-0.8313647532226265,-0.8300822377204895,-2.0344031710634103
2024-04-25 10:00:00+00:00,7.02,0.2889399826526642,2.4030775518019234,-0.8363228440284729,-1.2121762255365323
2024-04-25 11:00:00+00:00,0.5,0.27471795678138733,0.3641793871476612,-0.8437302112579346,1.2001034274732618
2024-04-25 12:00:00+00:00,-0.45,0.2589651644229889,-0.47118059352191866,-0.8437041640281677,-1.6009188101029597
2024-04-25 13:00:00+00:00,-1.59,0.24579456448554993,-0.7610675918728291,-0.8446948528289795,-1.3809790810456741
2024-04-25 14:00:00+00:00,0.29,0.2343939244747162,0.38844201232524056,-0.8435380458831787,-0.7275473059984634
2024-04-25 15:00:00+00:00,4.32,0.2248842418193817,1.238605088796413,-0.84003084897995,-1.7802440036142597
2024-04-25 16:00:00+00:00,3.52,0.21620967984199524,1.7258593382136989,-0.8400240540504456,0.8589236670733367
2024-04-25 17:00:00+00:00,-0.99,0.2144024670124054,-0.4230897511026576,-0.8326302766799927,1.1306614700907263
2024-04-25 18:00:00+00:00,11.42,0.21551033854484558,0.7088860410469948,-0.8168198466300964,0.5626127514411771
2024-04-26 10:00:00+00:00,6.59,0.21897223591804504,-0.5667975820440327,-0.810431718826294,3.2057631949718113
2024-04-26 11:00:00+00:00,-5.32,0.22100761532783508,-3.108459722686647,-0.8095383048057556,0.52289657550791
2024-04-26 12:00:00+00:00,-3.21,0.22361454367637634,-1.5126105190692536,-0.8059332370758057,3.7180466382627455
2024-04-26 13:00:00+00:00,-8.7,0.22240129113197327,-1.298371352436188,-0.8083318471908569,-1.508879848900556
2024-04-26 14:00:00+00:00,1.15,0.22015389800071716,0.3236807921283449,-0.8115755319595337,-1.9493184663531125
2024-04-26 15:00:00+00:00,5.18,0.21636775135993958,0.481840177429099,-0.8141515254974365,-1.971144599284691
2024-04-26 16:00:00+00:00,3.47,0.21122139692306519,1.1748581746849165,-0.8113920092582703,-0.3684112494707883
2024-04-26 17:00:00+00:00,-0.57,0.2112313210964203,0.23232227905832087,-0.8028972148895264,-3.200121166270702
2024-04-26 18:00:00+00:00,8.81,0.2115679681301117,3.396669178760113,-0.7988054156303406,-0.681113983057679
2024-04-27 10:00:00+00:00,-2.14,0.20906388759613037,-0.9071895969021333,-0.7967310547828674,3.3621765807794004
2024-04-27 11:00:00+00:00,-1.15,0.2063961923122406,-0.6898205064247508,-0.7935499548912048,-3.137097542131831
2024-04-27 12:00:00+00:00,-0.1,0.20322194695472717,0.5754402091021698,-0.7970924973487854,0.5544171614495977
2024-04-27 13:00:00+00:00,2.72,0.19806689023971558,1.6034794222777078,-0.7960193157196045,1.918037880902902
2024-04-27 14:00:00+00:00,0.7,0.1898510754108429,0.7874051233434527,-0.7964068055152893,0.5775614604590882
2024-04-27 15:00:00+00:00,-2.14,0.17671892046928406,0.34090061699661645,-0.8014991879463196,-1.6270604821179844
2024-04-27 16:00:00+00:00,9.31,0.16359108686447144,1.2922167014961405,-0.8070597052574158,0.976488558228571
2024-04-27 17:00:00+00:00,0.07,0.15061265230178833,-0.0669913848148194,-0.8088985085487366,1.403880360268888
2024-04-27 18:00:00+00:00,9.7,0.13912278413772583,0.7827416640740157,-0.8134031891822815,-0.9355430597756085
2024-04-29 10:00:00+00:00,-3.64,0.1220073476433754,-2.224224423932916,-0.8222489356994629,0.9233882618008069
2024-04-29 11:00:00+00:00,2.98,0.10848147422075272,1.3986503318028212,-0.8262303471565247,2.603363163460879
2024-04-29 12:00:00+00:00,3.75,0.09648261219263077,1.0685440156389656,-0.8342192769050598,-0.15380261945074944
2024-04-29 13:00:00+00:00,-3.8,0.08252713829278946,-1.0910053849931098,-0.838636577129364,-1.6366601964707892
2024-04-29 14:00:00+00:00,1.96,0.06968573480844498,1.7411902933975736,-0.8421666622161865,1.6448219982124794
2024-04-29 15:00:00+00:00,2.13,0.05857527628540993,1.0476172691831729,-0.8429050445556641,4.101521522266816
2024-04-29 16:00:00+00:00,-2.05,0.04713684692978859,-0.04278482641539997,-0.8452776670455933,-3.618773748086643
2024-04-29 17:00:00+00:00,1.2,0.04012129083275795,0.9312914641158887,-0.8469316959381104,1.5414051872947812
2024-04-29 18:00:00+00:00,-4.63,0.02746400609612465,-1.6973190173412136,-0.8488269448280334,0.49766220507614056
2024-04-30 10:00:00+00:00,-2.4,0.015341167338192463,-1.4073308433377234,-0.8473731279373169,-1.9910452690258533
2024-04-30 11:00:00+00:00,1.37,0.0067985993809998035,0.12319820298667392,-0.843010425567627,-2.745028650589379
2024-04-30 12:00:00+00:00,-1.93,-0.0029466706328094006,-0.7361469431417887,-0.8370004296302795,0.6817256198736886
2024-04-30 13:00:00+00:00,-0.71,-0.012496675364673138,-0.8115651373684218,-0.8322756886482239,-0.9026598189037268
2024-04-30 14:00:00+00:00,-1.49,-0.022693898528814316,-1.4620299303906197,-0.8311436176300049,-3.642149762684918
2024-04-30 15:00:00+00:00,-2.19,-0.0247819684445858,-0.8509899476529814,-0.8353717923164368,-4.964054996909637
2024-04-30 16:00:00+00:00,3.97,-0.024738546460866928,0.4297219002086785,-0.8321603536605835,-2.4059739243832046
2024-04-30 17:00:00+00:00,-0.24,-0.020882990211248398,-0.21994259786030212,-0.827719509601593,0.5375837832119876
2024-04-30 18:00:00+00:00,5.67,-0.017445262521505356,-0.3797229339213155,-0.8218701481819153,-2.9500687288520018
2024-05-02 10:00:00+00:00,-5.11,-0.008347834460437298,-3.4583195635556274,-0.8192185163497925,-0.0265390574261527
2024-05-02 11:00:00+00:00,-3.95,5.707571472157724e-05,-2.410221184204593,-0.8063740134239197,-2.1245664209527755
2024-05-02 12:00:00+00:00,-2.51,0.006943677086383104,-2.509834871501751,-0.8014316558837891,-12.346027168090647
2024-05-02 13:00:00+00:00,2.02,0.02000269666314125,-2.5005797539996113,-0.803685188293457,-5.759821395059273
2024-05-02 14:00:00+00:00,-8.4,0.03675610199570656,-5.137643528319919,-0.8101186156272888,1.5292130283801009
2024-05-02 15:00:00+00:00,-10.3,0.052676890045404434,-7.655513424748506,-0.8101198673248291,-5.426848856906526
2024-05-02 16:00:00+00:00,-0.09,0.07199261337518692,-0.1967293483430119,-0.8199079036712646,-1.1507245503996395
2024-05-02 17:00:00+00:00,-4.33,0.09734312444925308,-3.072883944474281,-0.828115701675415,-5.954336819139989
2024-05-02 18:00:00+00:00,-9.62,0.11449826508760452,-4.379735964265197,-0.8372645378112793,-2.1944325245939647
2024-05-03 10:00:00+00:00,-7.35,0.1237054243683815,-2.108610623401364,-0.8483340740203857,-1.717515598370841
2024-05-03 11:00:00+00:00,5.31,0.12951019406318665,4.101317768038341,-0.861924409866333,-0.3527201216405701
2024-05-03 12:00:00+00:00,4.96,0.128228098154068,2.917923850709613,-0.8755159974098206,4.533662902904308
2024-05-03 13:00:00+00:00,2.88,0.1217835322022438,2.8253064261722987,-0.8807547092437744,-4.47302846831649
2024-05-03 14:00:00+00:00,5.55,0.11372331529855728,3.1232807147221218,-0.8897064328193665,-2.9823683272597643
2024-05-03 15:00:00+00:00,4.41,0.10786957293748856,0.7796316071274855,-0.8953580856323242,0.3521013420539162
2024-05-03 16:00:00+00:00,-1.17,0.10207102447748184,-0.45563359741738574,-0.9032570719718933,2.985168020030852
2024-05-03 17:00:00+00:00,-6.03,0.10651866346597672,-1.9725246026989844,-0.9087339043617249,-3.383775439962132
2024-05-03 18:00:00+00:00,-2.5,0.11400166898965836,-1.7799470510153483,-0.9185876846313477,0.2848115702140669
2024-05-06 10:00:00+00:00,-9.17,0.11384422332048416,-3.5132400472714376,-0.925605058670044,-0.06026610092174134
2024-05-06 11:00:00+00:00,-5.02,0.11662910133600235,-2.151822477747357,-0.9305914640426636,-4.79647862031545
2024-05-06 12:00:00+00:00,6.91,0.11014050990343094,2.6384194126941463,-0.9437236785888672,-0.44797317747649534
2024-05-06 13:00:00+00:00,5.82,0.0983177199959755,-0.443220613954372,-0.9600704312324524,-2.0365142221210824
2024-05-06 14:00:00+00:00,-0.84,0.08803493529558182,-0.7166647873405592,-0.9783191680908203,2.7163130011575474
2024-05-06 15:00:00+00:00,-1.12,0.07752025872468948,-0.8713826429272163,-0.9937947988510132,-2.4609450583370736
2024-05-06 16:00:00+00:00,5.28,0.0692591741681099,1.72086809083228,-1.0081669092178345,-4.199174713928354
2024-05-06 17:00:00+00:00,-5.08,0.06331617385149002,-1.3040170129360726,-1.0180480480194092,1.5002609475941073
2024-05-06 18:00:00+00:00,-15.92,0.05970362201333046,-2.351115601015591,-1.0219426155090332,-3.4121763975311454
2024-05-07 10:00:00+00:00,4.48,0.05071282759308815,3.0953863453932025,-1.0264033079147339,1.1466461442207099
2024-05-07 11:00:00+00:00,-2.98,0.03745541349053383,-0.357171939654498,-1.0307493209838867,2.768825373271704
2024-05-07 12:00:00+00:00,-0.79,0.01985824480652809,-0.5254523817705696,-1.0374152660369873,0.3681798983999731
2024-05-07 13:00:00+00:00,-1.79,0.0005772156291641295,-0.07074499273640815,-1.0471796989440918,-2.701056354436652
2024-05-07 14:00:00+00:00,0.73,-0.014822776429355145,0.6269428909366145,-1.0579373836517334,-3.8607168411361443
2024-05-07 15:00:00+00:00,2.87,-0.03235795721411705,1.6457321666520788,-1.069779396057129,-2.9491167222409533
2024-05-07 16:00:00+00:00,4.59,-0.05240402743220329,1.9210949279150507,-1.0819202661514282,-4.249592971968793
2024-05-07 17:00:00+00:00,0.37,-0.06551387161016464,0.26470796342423636,-1.096084713935852,-0.4450159177362567
2024-05-07 18:00:00+00:00,8.5,-0.07844021171331406,2.179264659781937,-1.105453610420227,-0.4637381808199226
2024-05-08 10:00:00+00:00,-1.95,-0.09283588081598282,-1.583312913557279,-1.118900179862976,1.0206576976763924
2024-05-08 11:00:00+00:00,-2.08,-0.10481490939855576,-1.0181673284721693,-1.1316150426864624,-0.6367668982324832
2024-05-08 12:00:00+00:00,3.17,-0.11416279524564743,1.0720947794373166,-1.140700101852417,-2.0227801083997576
2024-05-08 13:00:00+00:00,-1.08,-0.12435507029294968,-0.5569347212556219,-1.1521992683410645,-1.1991304445190312
2024-05-08 14:00:00+00:00,0.31,-0.13476930558681488,0.04341707391961028,-1.1643500328063965,-0.6216566654653894
2024-05-08 15:00:00+00:00,-0.55,-0.14601925015449524,-0.16460666062561283,-1.1777704954147339,1.4360687628964746
2024-05-08 16:00:00+00:00,0.14,-0.158939391374588,0.03970780089389245,-1.1895753145217896,-1.483409889796511
2024-05-08 17:00:00+00:00,-1.53,-0.1738719493150711,-0.21115469213571672,-1.1986044645309448,-1.6237037637119462
2024-05-08 18:00:00+00:00,15.74,-0.18705123662948608,2.053468739079205,-1.2076715230941772,0.03287664225995651
2024-05-10 10:00:00+00:00,-2.37,-0.19804079830646515,-1.3345509051909217,-1.216354250907898,-0.9358859338747193
2024-05-10 11:00:00+00:00,3.43,-0.20997022092342377,1.401308434754095,-1.220167636871338,1.086159930968541
2024-05-10 12:00:00+00:00,1.76,-0.2231941521167755,0.8335472581188829,-1.2283679246902466,1.2694805657336525
2024-05-10 13:00:00+00:00,-1.2,-0.24006225168704987,-0.7177457911641524,-1.240394115447998,0.7448533431072586
2024-05-10 14:00:00+00:00,-0.13,-0.2554560601711273,-0.30736900917896265,-1.2468913793563843,-0.6705025557127263
2024-05-10 15:00:00+00:00,0.27,-0.2679521441459656,0.35458376832246075,-1.2553818225860596,0.5731407148415084
2024-05-10 16:00:00+00:00,0.86,-0.2784147262573242,0.2779596762343936,-1.2658859491348267,2.0390979017212745
2024-05-10 17:00:00+00:00,-1.12,-0.29184943437576294,-0.47164110090606415,-1.269827127456665,0.6081135532809978
2024-05-10 18:00:00+00:00,13.48,-0.3045749068260193,2.3665149186856564,-1.2755165100097656,-2.165855657542668
2024-05-13 10:00:00+00:00,1.03,-0.31476348638534546,-0.9242971123396342,-1.2827751636505127,-0.642710820408868
2024-05-13 11:00:00+00:00,-3.81,-0.3252669870853424,-1.6561784114167957,-1.2811018228530884,-2.49884216184869
2024-05-13 12:00:00+00:00,0.29,-0.33542948961257935,0.05911358087959648,-1.2760224342346191,-2.6052686658560757
2024-05-13 13:00:00+00:00,-3.0,-0.34631863236427307,-0.3552128135202386,-1.2718580961227417,1.4253073477857514
2024-05-13 14:00:00+00:00,-3.77,-0.36092135310173035,-0.8314565920955901,-1.2710850238800049,0.056823969344789005
2024-05-13 15:00:00+00:00,1.58,-0.37372371554374695,0.9926147324781374,-1.271120309829712,-2.382352082496813
2024-05-13 16:00:00+00:00,6.37,-0.38940271735191345,1.294437919461184,-1.271818995475769,-0.7416066573186739
2024-05-13 17:00:00+00:00,-4.84,-0.40428441762924194,0.11280951234834657,-1.2743417024612427,1.4499959069816126
2024-05-13 18:00:00+00:00,5.89,-0.41783320903778076,1.3919736423134716,-1.277477502822876,-3.477321057322761
2024-05-14 10:00:00+00:00,-4.67,-0.4273720383644104,-1.0153547210301395,-1.2687321901321411,1.2202259167682499
2024-05-14 11:00:00+00:00,2.41,-0.43827977776527405,1.6201978181923513,-1.2677061557769775,1.6734740482927193
2024-05-14 12:00:00+00:00,-1.44,-0.44556066393852234,0.7338853516761933,-1.2725735902786255,-0.9828119620840958
2024-05-14 13:00:00+00:00,2.53,-0.4485948085784912,1.776649977546101,-1.2656069993972778,-3.86329371714657
2024-05-14 14:00:00+00:00,1.28,-0.4397776126861572,1.3718327375807184,-1.2732486724853516,-1.4522340317722753
2024-05-14 15:00:00+00:00,3.13,-0.43881914019584656,1.4730037586452165,-1.2742183208465576,-0.07288596485857957
2024-05-14 16:00:00+00:00,-4.33,-0.4359176754951477,-0.15190998905529055,-1.2708866596221924,-1.6642686366484094
2024-05-14 17:00:00+00:00,2.02,-0.4231947064399719,1.455239380373239,-1.267074465751648,-0.4627395871478063
2024-05-14 18:00:00+00:00,7.21,-0.4085845351219177,2.1528853131524994,-1.2711408138275146,2.5705326872455787
2024-05-15 10:00:00+00:00,-4.4,-0.4064791202545166,-0.596775765920663,-1.2766715288162231,2.4839600871382426
2024-05-15 11:00:00+00:00,2.71,-0.4076235592365265,0.9388404398003671,-1.271737813949585,0.13509048568674786
2024-05-15 12:00:00+00:00,-3.13,-0.41549965739250183,-0.440538202278641,-1.2738983631134033,2.8046366501954774
2024-05-15 13:00:00+00:00,1.18,-0.4288562536239624,1.073566247470976,-1.2796027660369873,-1.322114412747123
2024-05-15 14:00:00+00:00,2.31,-0.4454366862773895,2.373068976968749,-1.2889270782470703,-1.2660492858923214
2024-05-15 15:00:00+00:00,2.98,-0.4579414427280426,1.8148435013878694,-1.2895525693893433,-2.087626464577778
2024-05-15 16:00:00+00:00,2.8,-0.47013869881629944,1.6823515026223714,-1.2872785329818726,1.9548940817948794
2024-05-15 17:00:00+00:00,-4.87,-0.47169730067253113,-0.7529560512735369,-1.2945092916488647,4.19292425794409
2024-05-15 18:00:00+00:00,7.8,-0.4727202355861664,2.533402365942437,-1.2960015535354614,1.0762842295157835
2024-05-16 10:00:00+00:00,1.51,-0.476162314414978,1.447460551666217,-1.304375410079956,1.1549257051085484
2024-05-16 11:00:00+00:00,1.38,-0.47714805603027344,1.7371642997366286,-1.3088868856430054,1.0871268309736677
2024-05-16 12:00:00+00:00,1.15,-0.4801139831542969,1.1100984326890548,-1.315875768661499,1.4373735803788183
2024-05-16 13:00:00+00:00,1.27,-0.483466774225235,1.4385520936573026,-1.3240432739257812,1.582826495592572
2024-05-16 14:00:00+00:00,2.02,-0.4814630448818207,2.02517429178236,-1.3298368453979492,1.2578451741358534
2024-05-16 15:00:00+00:00,3.53,-0.4825504720211029,1.5842747859045934,-1.3343347311019897,-0.2421742303190348
2024-05-16 16:00:00+00:00,-0.01,-0.4811270236968994,0.04600681600736781,-1.3309335708618164,1.348617337356002
2024-05-16 17:00:00+00:00,-3.11,-0.47154974937438965,-0.7920046803338916,-1.3586480617523193,0.5064549085596999
2024-05-16 18:00:00+00:00,10.52,-0.4721572995185852,2.982298926658097,-1.3612984418869019,0.6693848579812407
2024-05-17 10:00:00+00:00,-3.11,-0.47307735681533813,-2.2442575788549592,-1.364264965057373,3.52931026556249
2024-05-17 11:00:00+00:00,0.55,-0.4766855537891388,0.5943617661342603,-1.3672680854797363,0.13276631283559848
2024-05-17 12:00:00+00:00,0.54,-0.47858762741088867,0.7482382548827545,-1.370257019996643,1.9769356383388597
2024-05-17 13:00:00+00:00,2.6,-0.48397019505500793,1.4723053361910625,-1.3792043924331665,-0.501746188713303
2024-05-17 14:00:00+00:00,3.27,-0.48762428760528564,0.7442389583728863,-1.3876644372940063,4.989131465631691
2024-05-17 15:00:00+00:00,-1.25,-0.4963943660259247,-1.2970818316244839,-1.4002857208251953,2.775293235814052
2024-05-17 16:00:00+00:00,7.06,-0.5064651370048523,1.2872609403331432,-1.4136937856674194,1.8589770284321623
2024-05-17 17:00:00+00:00,-4.55,-0.5126771926879883,-4.180733173309777,-1.4284323453903198,3.5063879683088786
2024-05-17 18:00:00+00:00,-0.86,-0.5231695771217346,-0.9729784273455159,-1.4459997415542603,-0.06016491206162064
2024-05-20 10:00:00+00:00,-8.57,-0.5330121517181396,-6.205148463858737,-1.4619086980819702,0.14108959040008529
2024-05-20 11:00:00+00:00,-13.32,-0.5412143468856812,-5.6913811147019295,-1.4736559391021729,-2.559009698502798
2024-05-20 12:00:00+00:00,-2.37,-0.5504258275032043,-2.4730039225054683,-1.4885673522949219,-2.0724589282475505
2024-05-20 13:00:00+00:00,8.24,-0.556625485420227,1.9273584718658778,-1.5050604343414307,-0.3886735018845259
2024-05-20 14:00:00+00:00,-7.16,-0.5664383769035339,-3.312919249096006,-1.526383638381958,1.5679465062633011
2024-05-20 15:00:00+00:00,3.17,-0.5745004415512085,-0.36016331095128445,-1.5455678701400757,-2.1869366633992025
2024-05-20 16:00:00+00:00,-1.44,-0.5858743786811829,-1.5578886998373245,-1.565294623374939,-2.4598822402532567
2024-05-20 17:00:00+00:00,-11.49,-0.5980927348136902,-6.724719788491827,-1.5875552892684937,-2.4056982548151082
2024-05-20 18:00:00+00:00,-33.84,-0.6107599139213562,-11.222824283739351,-1.6037439107894897,-3.719524499689396
2024-05-21 10:00:00+00:00,2.08,-0.6244661808013916,2.1235781230010424,-1.6233404874801636,0.7741110862459273
2024-05-21 11:00:00+00:00,2.3,-0.6381972432136536,2.351940882818484,-1.6391750574111938,1.2929238268498153
2024-05-21 12:00:00+00:00,-3.02,-0.6592191457748413,-2.29590977399649,-1.6547064781188965,-3.3348748748630515
2024-05-21 13:00:00+00:00,-2.62,-0.680713415145874,-3.4767359501601875,-1.6682528257369995,-2.946515941865242
2024-05-21 14:00:00+00:00,-9.68,-0.7013633251190186,-5.999635978882684,-1.6784290075302124,-0.9415212090699724
2024-05-21 15:00:00+00:00,-10.25,-0.717114269733429,-7.463242270873604,-1.6918246746063232,-1.6910121871378636
2024-05-21 16:00:00+00:00,19.87,-0.7340716123580933,3.562451977434911,-1.7088446617126465,-3.410107981818773
2024-05-21 17:00:00+00:00,-4.55,-0.743232250213623,-3.7858951743579623,-1.7286328077316284,-0.6679182123946936
2024-05-21 18:00:00+00:00,12.99,-0.7592200040817261,1.6172738227704846,-1.7473763227462769,2.843663228371936
2024-05-22 10:00:00+00:00,5.19,-0.7743794918060303,2.1037009671082285,-1.7685097455978394,2.170468433231187
2024-05-22 11:00:00+00:00,-2.24,-0.7910318374633789,-1.4953268463386482,-1.7897858619689941,-2.279353674845574
2024-05-22 12:00:00+00:00,-0.93,-0.8005235195159912,-0.9163243074666576,-1.8125758171081543,0.6310691521104217
2024-05-22 13:00:00+00:00,-0.3,-0.8139731287956238,-0.34172232155679266,-1.83046293258667,-3.407012609119537
2024-05-22 14:00:00+00:00,0.43,-0.8260748982429504,0.4472315377656906,-1.841168761253357,2.948732398320321
2024-05-22 15:00:00+00:00,-0.06,-0.8352752327919006,0.029623548751468415,-1.8514357805252075,2.2803658840337966
2024-05-22 16:00:00+00:00,1.23,-0.8498890995979309,0.44755276594694904,-1.8560394048690796,0.5104281035223102
2024-05-22 17:00:00+00:00,-0.05,-0.8560441732406616,-2.1074664908157987,-1.8630952835083008,-3.303955615667846
2024-05-22 18:00:00+00:00,-24.35,-0.8703344464302063,-7.998926862055244,-1.865374207496643,0.48166935697789864
2024-05-23 10:00:00+00:00,-0.2,-0.8842415809631348,-0.33005502955451926,-1.870227336883545,-3.44937425901103
2024-05-23 11:00:00+00:00,-1.15,-0.8981425166130066,-0.6842074876028884,-1.8770244121551514,-5.500401118503752
2024-05-23 12:00:00+00:00,4.47,-0.9121153354644775,2.2984069215933935,-1.8857345581054688,0.6563347392902713
2024-05-23 13:00:00+00:00,0.97,-0.9254670143127441,1.0468447936858691,-1.89775550365448,-0.17425341857061158
2024-05-23 14:00:00+00:00,5.56,-0.9360858201980591,2.849782545528536,-1.9121347665786743,0.24471261737391586
2024-05-23 15:00:00+00:00,10.54,-0.9504058957099915,4.009038096887306,-1.9275819063186646,-2.296353008854206
2024-05-23 16:00:00+00:00,3.22,-0.9614648818969727,0.06416567150642224,-1.9392961263656616,-1.8525995907113306
2024-05-23 17:00:00+00:00,-0.91,-0.9660364985466003,-0.9679533828538034,-1.9479347467422485,1.7474242136092577
2024-05-23 18:00:00+00:00,-17.24,-0.9744792580604553,-6.432861103174502,-1.953527569770813,-2.4959404015121973
2024-05-24 10:00:00+00:00,-4.6,-0.9837961196899414,-3.694333917967642,-1.951899766921997,-0.4517985339917068
2024-05-24 11:00:00+00:00,0.81,-0.993751585483551,-0.7992213800054438,-1.9531357288360596,-3.486047064586061
2024-05-24 12:00:00+00:00,-8.54,-1.0010039806365967,-3.448715843133399,-1.964586853981018,-5.182622235573601
2024-05-24 13:00:00+00:00,-29.57,-1.0119104385375977,-5.576967300070237,-1.9726542234420776,-4.49071041987189
2024-05-24 14:00:00+00:00,1.28,-1.0230636596679688,1.5689411049170354,-1.9817298650741577,-2.6570981424414213
2024-05-24 15:00:00+00:00,16.38,-1.033471703529358,5.479692820392816,-1.9851502180099487,-1.3761287991273887
2024-05-24 16:00:00+00:00,4.7,-1.0462331771850586,0.3446994262311197,-1.9919776916503906,-1.270205655851534
2024-05-24 17:00:00+00:00,-9.51,-1.0616158246994019,-5.129750032403301,-2.0002992153167725,-5.154035156832228
2024-05-24 18:00:00+00:00,-47.02,-1.0801255702972412,-13.815588780136517,-2.0027995109558105,-6.103659048514256
2024-05-27 10:00:00+00:00,3.44,-1.0981630086898804,2.276490161686243,-2.0062570571899414,3.380104843602991
2024-05-27 11:00:00+00:00,-5.36,-1.112176775932312,-2.094036561962108,-2.0063979625701904,-1.4101922705073429
2024-05-27 12:00:00+00:00,3.21,-1.1301074028015137,-0.38562511738346594,-2.005220890045166,1.2525437867618172
2024-05-27 13:00:00+00:00,-2.68,-1.1475186347961426,-2.9153272808688104,-2.007901191711426,1.586816549848684
2024-05-27 14:00:00+00:00,-4.78,-1.1605503559112549,-5.619727646754056,-2.0046780109405518,-2.9476611586251487
2024-05-27 15:00:00+00:00,-13.8,-1.174896478652954,-6.61102532213059,-2.006308078765869,-5.244501103666436
2024-05-27 16:00:00+00:00,-21.67,-1.18674898147583,-7.918808272548713,-2.010158061981201,-5.073457523477203
2024-05-27 17:00:00+00:00,-8.62,-1.1966065168380737,-3.6983881930760725,-2.014775276184082,-2.594703332258672
2024-05-27 18:00:00+00:00,39.96,-1.2088396549224854,9.769509083306733,-2.0186212062835693,5.3673996867343785
2024-05-28 10:00:00+00:00,-9.37,-1.221287488937378,-5.554030817187194,-2.016601085662842,0.025377625221989386
2024-05-28 11:00:00+00:00,9.98,-1.235516905784607,3.3532233383769263,-2.013521909713745,0.9883475798478243
2024-05-28 12:00:00+00:00,3.2,-1.2519733905792236,-0.04131532226859518,-2.0076849460601807,0.15326693839437422
2024-05-28 13:00:00+00:00,2.03,-1.269952416419983,-1.4793511515254172,-2.0064032077789307,-2.539056875940916
2024-05-28 14:00:00+00:00,-9.86,-1.2869073152542114,-5.903177025466332,-2.004728078842163,0.7845362775906901
2024-05-28 15:00:00+00:00,-12.83,-1.3003383874893188,-5.460143078333297,-2.0011305809020996,1.435497976186123
2024-05-28 16:00:00+00:00,-4.41,-1.3150650262832642,-4.867986507709891,-1.9961633682250977,5.343765275726185
2024-05-28 17:00:00+00:00,-15.01,-1.3320608139038086,-4.751660895575634,-1.994964361190796,-0.09388346236028323
2024-05-28 18:00:00+00:00,-0.56,-1.3532551527023315,-1.6529725359397411,-1.9888505935668945,0.23152983458318832
2024-05-29 10:00:00+00:00,-0.28,-1.3751846551895142,-0.12297106713320495,-1.989917516708374,-3.490187545160163
2024-05-29 11:00:00+00:00,-1.38,-1.3935754299163818,-1.2935724874424686,-1.990006446838379,3.4207991909011612
2024-05-29 12:00:00+00:00,0.08,-1.4106405973434448,-2.2168234345465496,-1.9900188446044922,-2.9437651422936604
2024-05-29 13:00:00+00:00,-7.17,-1.4283047914505005,-2.6149735035061417,-1.9910762310028076,-1.7557940902788933
2024-05-29 14:00:00+00:00,-6.56,-1.4441871643066406,-2.263390812899541,-1.9917194843292236,-3.74928720588689
2024-05-29 15:00:00+00:00,7.74,-1.4590216875076294,4.364092752056855,-1.9905173778533936,-2.0854022736556157
2024-05-29 16:00:00+00:00,8.33,-1.4750913381576538,2.6948377897162556,-1.9855988025665283,-2.816196704453934
2024-05-29 17:00:00+00:00,14.92,-1.4815154075622559,3.7797168696912715,-2.00765323638916,4.105857090204351
2024-05-29 18:00:00+00:00,14.12,-1.4853839874267578,2.976781785601423,-2.0287115573883057,1.9959932367799171
2024-05-30 10:00:00+00:00,-12.58,-1.4903053045272827,-2.4510554202442236,-2.0340471267700195,2.8772425602217444
2024-05-30 11:00:00+00:00,-0.04,-1.4939619302749634,-2.254667850656462,-2.037731409072876,-2.981896285295803
2024-05-30 12:00:00+00:00,-6.89,-1.4959841966629028,-4.703830964411267,-2.035644769668579,-4.007455590520454
2024-05-30 13:00:00+00:00,-9.94,-1.497794508934021,-5.83152358765501,-2.0337631702423096,-3.8150362146496684
2024-05-30 14:00:00+00:00,-3.32,-1.494565725326538,-3.961136930581678,-2.040125608444214,-2.215075420498373
2024-05-30 15:00:00+00:00,2.02,-1.4932538270950317,-4.908008397883011,-2.0456926822662354,-0.8000873906672379
2024-05-30 16:00:00+00:00,-6.21,-1.4952936172485352,-5.025478757122764,-2.0520973205566406,-2.852258661643884
2024-05-30 17:00:00+00:00,-13.01,-1.4927021265029907,-6.9616166293383195,-2.0620172023773193,-4.444353110857393
2024-05-30 18:00:00+00:00,-52.61,-1.4912389516830444,-5.119009636929489,-2.0703752040863037,-6.995714667154211
2024-05-31 10:00:00+00:00,32.66,-1.4943437576293945,8.257796348828478,-2.0777852535247803,0.9873510711125959
2024-05-31 11:00:00+00:00,-16.87,-1.5021814107894897,-4.265201567687636,-2.081144332885742,2.3814476158896762
2024-05-31 12:00:00+00:00,-11.55,-1.5134028196334839,-5.4032157527364735,-2.080615520477295,1.058799013063047
2024-05-31 13:00:00+00:00,16.25,-1.518904447555542,-2.741701605706076,-2.0801310539245605,-1.2552851455494778
2024-05-31 14:00:00+00:00,-0.45,-1.5203849077224731,-3.8181942611161634,-2.0834505558013916,-2.960003868968797
2024-05-31 15:00:00+00:00,-11.55,-1.5192863941192627,-8.153643468776153,-2.0873630046844482,-2.1342877635566473
2024-05-31 16:00:00+00:00,-2.43,-1.5148040056228638,-5.251746965039039,-2.0825259685516357,-7.667043780763427
2024-05-31 17:00:00+00:00,-18.44,-1.5067133903503418,-8.745758686501759,-2.0960490703582764,-0.6544199942452606
2024-05-31 18:00:00+00:00,-25.56,-1.4950741529464722,-8.215271238755784,-2.1018214225769043,2.561762140431314
2024-06-03 10:00:00+00:00,-23.21,-1.48758864402771,-10.511477613701825,-2.1032609939575195,3.870783865229799
2024-06-03 11:00:00+00:00,-3.7,-1.4755984544754028,-5.627064395691961,-2.093920946121216,4.893344039340285
2024-06-03 12:00:00+00:00,-34.54,-1.470415472984314,-7.480889590468279,-2.0819077491760254,0.9029443269848869
2024-06-03 13:00:00+00:00,-35.31,-1.4647650718688965,-7.23316059056517,-2.0683391094207764,0.35272193434284926
2024-06-03 14:00:00+00:00,26.73,-1.4550514221191406,13.384006669484128,-2.0509989261627197,3.6551201524240593
2024-06-03 15:00:00+00:00,11.94,-1.4437804222106934,8.491550853861686,-2.023076295852661,2.8627143346906614
2024-06-03 16:00:00+00:00,20.84,-1.4308689832687378,10.023121213215012,-1.9855782985687256,3.6580326402067005
2024-06-03 17:00:00+00:00,-12.96,-1.424500584602356,2.9344972607342967,-1.9567451477050781,-4.482533936843515
2024-06-03 18:00:00+00:00,25.35,-1.4187746047973633,14.865030073705945,-1.9263192415237427,-0.961561721229454
2024-06-04 10:00:00+00:00,-18.67,-1.4104695320129395,-2.2269730094654268,-1.8931714296340942,-3.529211076068614
2024-06-04 11:00:00+00:00,18.39,-1.399957299232483,11.109690392964453,-1.8623751401901245,3.3260254255091892
2024-06-04 12:00:00+00:00,9.71,-1.385363221168518,9.934504965423816,-1.8436964750289917,4.139146719675082
2024-06-04 13:00:00+00:00,9.97,-1.3642855882644653,9.370504389784506,-1.8408746719360352,4.705087362465331
2024-06-04 14:00:00+00:00,8.7,-1.3361352682113647,7.680702436875804,-1.830179214477539,1.8454146804405198
2024-06-04 15:00:00+00:00,-5.37,-1.3065441846847534,1.8532042227229546,-1.8165154457092285,-6.473765417272715
2024-06-04 16:00:00+00:00,8.65,-1.2910164594650269,5.083589858613883,-1.7942759990692139,2.6349155749830326
2024-06-04 17:00:00+00:00,-11.22,-1.2865452766418457,-2.4884651608969173,-1.8288273811340332,-3.790830185729734
2024-06-04 18:00:00+00:00,22.25,-1.2856252193450928,6.394983155135542,-1.8330543041229248,1.1213486497736644
2024-06-05 10:00:00+00:00,16.42,-1.2812408208847046,8.363031097890122,-1.8282362222671509,5.428595069675319
2024-06-05 11:00:00+00:00,8.29,-1.2713524103164673,2.680035441964244,-1.8222700357437134,-3.7195401354937268
2024-06-05 12:00:00+00:00,-5.85,-1.2578717470169067,-5.357491809689753,-1.797738790512085,-3.1209899659028504
2024-06-05 13:00:00+00:00,-11.75,-1.2367990016937256,-5.024055789961814,-1.7584830522537231,0.9528112744645264
2024-06-05 14:00:00+00:00,-5.35,-1.2125756740570068,-2.824020845117576,-1.7254579067230225,3.8577178902646683
2024-06-05 15:00:00+00:00,3.47,-1.182721734046936,0.17819172045644333,-1.706187129020691,0.5276663031798193
2024-06-05 16:00:00+00:00,10.15,-1.1461807489395142,2.950447071676081,-1.7035212516784668,3.631071873696643
2024-06-05 17:00:00+00:00,-12.32,-1.0945038795471191,-3.7822382662419973,-1.6977304220199585,-1.2483696328857172
2024-06-05 18:00:00+00:00,-7.97,-1.0454829931259155,-3.342238215384215,-1.6680926084518433,-4.794795874165634
2024-06-06 10:00:00+00:00,5.12,-1.0025626420974731,1.8149705087255397,-1.6318433284759521,-5.106833027281568
2024-06-06 11:00:00+00:00,-7.7,-0.9645907282829285,-2.5127474349292966,-1.5951014757156372,-6.4855904295731195
2024-06-06 12:00:00+00:00,-14.36,-0.9326127171516418,-4.449390310287559,-1.5568078756332397,1.005188448277397
2024-06-06 13:00:00+00:00,1.03,-0.8939093351364136,0.3594705070352046,-1.5178723335266113,-3.939792301309482
2024-06-06 14:00:00+00:00,6.11,-0.849287748336792,1.7519729612687112,-1.4876681566238403,-4.698058072850067
2024-06-06 15:00:00+00:00,1.25,-0.802056074142456,1.1290782450005215,-1.4521303176879883,-2.6005226680201585
2024-06-06 16:00:00+00:00,-4.32,-0.7556155323982239,0.30819650888994804,-1.4128000736236572,-1.5600151182162778
2024-06-06 17:00:00+00:00,0.98,-0.7094477415084839,2.7232357073426745,-1.3821563720703125,0.6609109841864862
2024-06-06 18:00:00+00:00,8.11,-0.6664504408836365,4.629135418418743,-1.3486849069595337,-3.658248085950264
2024-06-07 10:00:00+00:00,9.68,-0.6223359704017639,5.989934759707526,-1.311907410621643,2.2782886729944822
2024-06-07 11:00:00+00:00,12.47,-0.5770100951194763,4.692370339901731,-1.270263910293579,-1.6210311084142517
2024-06-07 12:00:00+00:00,33.31,-0.5408782958984375,3.469838935519525,-1.2253198623657227,-1.0745053360207621
2024-06-07 13:00:00+00:00,-23.39,-0.5191372632980347,-10.541069023996451,-1.181535243988037,-1.485720488284048
2024-06-07 14:00:00+00:00,-2.32,-0.5036082863807678,-2.8417304740748826,-1.137318730354309,-1.8780256864500005
2024-06-07 15:00:00+00:00,-0.15,-0.48317041993141174,-0.33676037335072184,-1.092594861984253,-1.9504955682563954
2024-06-07 16:00:00+00:00,-2.52,-0.4647102653980255,-1.6124780696087906,-1.0571521520614624,-3.5015973105605913
2024-06-07 17:00:00+00:00,5.65,-0.43836408853530884,-0.02985713234502578,-1.022132396697998,2.2716588375921556
2024-06-07 18:00:00+00:00,20.27,-0.417008638381958,-0.0581593462930924,-0.9889835715293884,2.3190975365303297
2024-06-10 10:00:00+00:00,-8.64,-0.3953581154346466,-8.003974114921704,-0.9509379863739014,-0.3112660407110043
2024-06-10 11:00:00+00:00,-14.76,-0.386638879776001,-5.895904404652827,-0.9100323915481567,2.320744700894286
2024-06-10 12:00:00+00:00,-4.52,-0.3802730441093445,-3.009459398848419,-0.8632892966270447,-1.4117003725857846
2024-06-10 13:00:00+00:00,-12.51,-0.3704254627227783,-4.732396111791422,-0.8151986598968506,1.3087999919545277
2024-06-10 14:00:00+00:00,-5.12,-0.35434722900390625,-2.979765621480967,-0.7667670249938965,-0.1161551035293215
2024-06-10 15:00:00+00:00,8.16,-0.33820199966430664,-1.7847787660463268,-0.7091484069824219,0.5943458819083672
2024-06-10 16:00:00+00:00,-9.76,-0.3243221342563629,-4.398850813668643,-0.646824836730957,-0.9535775311696483
2024-06-10 17:00:00+00:00,-25.4,-0.31248942017555237,-3.7009176869084106,-0.6337863206863403,0.4974091080955747
2024-06-10 18:00:00+00:00,-1.6,-0.28622013330459595,-0.6864342785694705,-0.6119832396507263,2.703956222685032
2024-06-11 10:00:00+00:00,1.03,-0.2596520185470581,0.519170962305155,-0.5833075642585754,1.8567798849253294
2024-06-11 11:00:00+00:00,-12.25,-0.24248383939266205,-3.4975699556485864,-0.5510927438735962,6.549615411069556
2024-06-11 12:00:00+00:00,-5.19,-0.2109212577342987,-2.1689362909412697,-0.5129529237747192,2.080614430056311
2024-06-11 13:00:00+00:00,6.1,-0.1784101128578186,0.8464656036222257,-0.46796369552612305,-0.594568248622928
2024-06-11 14:00:00+00:00,-5.34,-0.1587434858083725,-2.0241833285370756,-0.4238011837005615,-2.2282769769001405
2024-06-11 15:00:00+00:00,9.37,-0.1472591906785965,-0.5641699084709977,-0.39960598945617676,-0.4920970424061495
2024-06-11 16:00:00+00:00,2.49,-0.14345629513263702,-0.18298321454187372,-0.40523669123649597,0.22677635332232715
2024-06-11 17:00:00+00:00,-4.45,-0.14677932858467102,-0.5915876211191019,-0.45206955075263977,2.058727867091309
2024-06-11 18:00:00+00:00,-61.02,-0.13894665241241455,-6.930449628751293,-0.4929397404193878,-2.1255103622262173
2024-06-13 10:00:00+00:00,19.44,-0.1326180100440979,6.51890598729545,-0.5440711379051208,7.175137310528496
2024-06-13 11:00:00+00:00,-5.36,-0.12153669446706772,0.004470099406002459,-0.5933566093444824,-0.04974770360988323
2024-06-13 12:00:00+00:00,-4.81,-0.1105520948767662,-0.9454836681250778,-0.6605640053749084,4.970544013500634
2024-06-13 13:00:00+00:00,12.93,-0.08062250167131424,2.3816831131964786,-0.7169296741485596,6.194893543538219
2024-06-13 14:00:00+00:00,32.73,-0.04782865568995476,3.054590538471338,-0.7565680742263794,1.9986438034226481
2024-06-13 15:00:00+00:00,4.49,-0.010434652678668499,2.643592928355795,-0.7745538353919983,2.4876295629035337
2024-06-13 16:00:00+00:00,5.47,-0.004510219674557447,3.990179843096196,-0.783557653427124,-0.8011865055392982
2024-06-13 17:00:00+00:00,-3.28,-0.015094335190951824,-0.5561161621514027,-0.7909262776374817,-0.7004879617911048
2024-06-13 18:00:00+00:00,-2.92,-0.048761095851659775,-2.7904989710002672,-0.7803874611854553,0.044311941268835614
2024-06-14 10:00:00+00:00,-0.71,-0.09110864251852036,-0.5549928271990452,-0.7639928460121155,4.815960231381237
2024-06-14 11:00:00+00:00,11.36,-0.13844695687294006,3.9688574941377173,-0.7451902627944946,8.484745231960185
2024-06-14 12:00:00+00:00,5.17,-0.18167486786842346,4.16393719392156,-0.7553642988204956,6.741004949022658
2024-06-14 13:00:00+00:00,5.51,-0.20867572724819183,4.2000399064043705,-0.7837877869606018,-3.7883365132736184
2024-06-14 14:00:00+00:00,3.34,-0.23822838068008423,3.2201800671209706,-0.7819693088531494,3.228587949360133
2024-06-14 15:00:00+00:00,22.42,-0.26426830887794495,4.726101697293254,-0.8050545454025269,1.67675397824283
2024-06-14 16:00:00+00:00,-3.28,-0.3019673228263855,-0.8814633594252145,-0.8179162740707397,-3.6958485583505025
2024-06-14 17:00:00+00:00,3.33,-0.3375436067581177,1.8252058063778807,-0.832658052444458,-2.5983686068782585
2024-06-14 18:00:00+00:00,-0.67,-0.3769500255584717,-1.7745938250212632,-0.8674083352088928,5.247628732461594
2024-06-17 10:00:00+00:00,-20.0,-0.4158802926540375,-8.416104753005934,-0.9051729440689087,-4.353678627518145
2024-06-17 11:00:00+00:00,8.47,-0.44735485315322876,2.1945955120263787,-0.9367820620536804,-0.18089253464033234
2024-06-17 12:00:00+00:00,5.35,-0.48642775416374207,0.5729346320800115,-0.9678093194961548,-0.8813859305585314
2024-06-17 13:00:00+00:00,-6.85,-0.5143808722496033,-4.463767862961863,-0.9969504475593567,5.418404239220697
2024-06-17 14:00:00+00:00,-6.06,-0.5287653803825378,-3.772437724872582,-1.035470724105835,-1.2712758139963751
2024-06-17 15:00:00+00:00,-4.5,-0.5330345034599304,-3.8671002964681938,-1.082970142364502,-3.835875374518341
2024-06-17 16:00:00+00:00,2.49,-0.547494649887085,-1.8401963674488804,-1.1271858215332031,-1.6842796903255906
2024-06-17 17:00:00+00:00,-10.46,-0.5740565657615662,-4.871527991261374,-1.18655264377594,-10.370438289637042
2024-06-17 18:00:00+00:00,-13.86,-0.5931676626205444,-10.156985604328913,-1.236833930015564,-9.134898353498162
2024-06-18 10:00:00+00:00,-8.86,-0.6194010376930237,-6.6373737054339985,-1.2757772207260132,-2.280076092110275
2024-06-18 11:00:00+00:00,-6.59,-0.6635415554046631,-6.717687260230393,-1.2945222854614258,-3.3587343031125116
2024-06-18 12:00:00+00:00,3.62,-0.6821492910385132,-3.1660993151701327,-1.2968459129333496,-5.473396113895887
2024-06-18 13:00:00+00:00,-7.6,-0.6941022276878357,-5.823785674394025,-1.3059026002883911,-0.4780204829592971
2024-06-18 14:00:00+00:00,-18.13,-0.7020031213760376,-9.310772452038439,-1.3063747882843018,-6.055474766134452
2024-06-18 15:00:00+00:00,0.28,-0.7113857269287109,-5.621394911011845,-1.3047730922698975,-3.167417759465838
2024-06-18 16:00:00+00:00,-9.1,-0.7175060510635376,-8.911772015531724,-1.2900865077972412,2.6150832406817925
2024-06-18 17:00:00+00:00,-9.29,-0.714236319065094,-9.570507544063927,-1.2927920818328857,-3.1010281407245643
2024-06-18 18:00:00+00:00,-24.98,-0.7024916410446167,-12.400416244179953,-1.2941737174987793,-5.147547730048579
2024-06-19 10:00:00+00:00,-7.27,-0.6853458285331726,-7.371575479362684,-1.3129799365997314,0.9067575016391636
2024-06-19 11:00:00+00:00,-7.91,-0.6719632148742676,-7.6629826402660255,-1.3696964979171753,1.8745040675500846
2024-06-19 12:00:00+00:00,-13.63,-0.6781033277511597,-8.510631829577706,-1.3847873210906982,-3.3407673030677123
2024-06-19 13:00:00+00:00,10.18,-0.685835599899292,-2.7095090543145663,-1.397863745689392,2.4629339573507525
2024-06-19 14:00:00+00:00,5.93,-0.6957154273986816,1.255874286067791,-1.4025119543075562,2.1141351456856805
2024-06-19 15:00:00+00:00,-16.66,-0.7076436281204224,-14.28696564142107,-1.3987033367156982,-5.838033683337941
2024-06-19 16:00:00+00:00,-31.4,-0.7183219194412231,-14.892200509782231,-1.398083209991455,-0.12481902405359098
2024-06-19 17:00:00+00:00,-0.94,-0.7184285521507263,0.2923543257017718,-1.4181022644042969,1.9525258294443821
2024-06-19 18:00:00+00:00,48.0,-0.723606526851654,6.984671524025395,-1.4052274227142334,3.368048272158781
2024-06-20 10:00:00+00:00,8.16,-0.7386370897293091,2.723907129339088,-1.3849552869796753,4.120544204828381
2024-06-20 11:00:00+00:00,-6.9,-0.7628294825553894,-6.995797993535754,-1.3568389415740967,8.881493603249448
2024-06-20 12:00:00+00:00,-28.66,-0.8074200749397278,-8.204647082235859,-1.3294881582260132,-0.5596903049753668
2024-06-20 13:00:00+00:00,-33.46,-0.8501582145690918,-9.275156879841218,-1.2963182926177979,-7.622740683407068
2024-06-20 14:00:00+00:00,60.64,-0.8829011917114258,18.529613430173544,-1.256677269935608,-0.6059429094999931
2024-06-20 15:00:00+00:00,5.4,-0.9189226031303406,5.519420662816961,-1.204796314239502,12.853622732958907
2024-06-20 16:00:00+00:00,30.41,-0.9510642886161804,7.942446139490141,-1.162374496459961,6.008416934698344
2024-06-20 17:00:00+00:00,12.37,-0.986066460609436,3.6497651805332914,-1.1460161209106445,1.2523593881212762
2024-06-20 18:00:00+00:00,-4.92,-1.0254356861114502,-4.930325021514609,-1.15067458152771,4.9599444648109206
2024-06-21 10:00:00+00:00,-2.04,-1.07868230342865,-2.357190666865825,-1.1463700532913208,0.08450218469186782
2024-06-21 11:00:00+00:00,-19.37,-1.116556167602539,-7.421802693138883,-1.1392558813095093,-5.317386279561493
2024-06-21 12:00:00+00:00,16.94,-1.1493562459945679,6.187565223538739,-1.127358317375183,8.400598085021826
2024-06-21 13:00:00+00:00,7.73,-1.1799218654632568,4.502056939843056,-1.1074450016021729,3.559718840428467
2024-06-21 14:00:00+00:00,1.32,-1.1992141008377075,1.5976224729260344,-1.0874327421188354,-3.4880671570209785
2024-06-21 15:00:00+00:00,-2.13,-1.2170257568359375,-1.5150439387510264,-1.0689127445220947,-3.216484212742472
2024-06-21 16:00:00+00:00,-5.79,-1.2415107488632202,-4.786988504124606,-1.0427978038787842,-5.308012868334098
2024-06-21 17:00:00+00:00,-0.82,-1.2453868389129639,-0.9754641969235559,-1.092155933380127,-3.1532830656637465
2024-06-21 18:00:00+00:00,10.79,-1.223339557647705,-2.3335495774222186,-1.0992043018341064,-3.9127353121794837
2024-06-24 10:00:00+00:00,-12.75,-1.1889995336532593,-8.369604841542817,-1.1057350635528564,-0.6587347017331919
2024-06-24 11:00:00+00:00,-9.1,-1.148330807685852,-6.528068050208909,-1.1151509284973145,-2.5222998504070615
2024-06-24 12:00:00+00:00,5.43,-1.0880438089370728,-1.0907359772467702,-1.115004539489746,-1.3346557365350082
2024-06-24 13:00:00+00:00,0.95,-1.0280941724777222,0.8159050766563857,-1.1297510862350464,-0.9422341159007961
2024-06-24 14:00:00+00:00,-6.3,-0.985944926738739,-2.7316284132335773,-1.1383228302001953,-2.80205287317834
2024-06-24 15:00:00+00:00,5.94,-0.9605454802513123,-0.33601136340133275,-1.1489993333816528,-5.125257660871129
2024-06-24 16:00:00+00:00,-8.41,-0.9389990568161011,-4.26406903390046,-1.1564271450042725,-2.19480078010566
2024-06-24 17:00:00+00:00,-2.85,-0.9241495728492737,-3.9975485241579496,-1.1810767650604248,-3.2908997480515385
2024-06-24 18:00:00+00:00,-10.22,-0.8829067945480347,-6.440887695621977,-1.1947085857391357,-11.946220181921474
2024-06-25 10:00:00+00:00,-9.79,-0.8532958626747131,-8.1867721902162,-1.2265374660491943,-4.4710658224898205
2024-06-25 11:00:00+00:00,5.85,-0.8286570906639099,0.23442796199000865,-1.257068395614624,0.989574357828173
2024-06-25 12:00:00+00:00,14.5,-0.8016766905784607,0.6753632947476295,-1.2843807935714722,-2.3975098179130727
2024-06-25 13:00:00+00:00,-6.92,-0.777599573135376,-1.9554719903770783,-1.3038301467895508,-1.4079816940064294
2024-06-25 14:00:00+00:00,0.69,-0.7777923941612244,0.655368899799705,-1.3274463415145874,-0.22790635581991783
2024-06-25 15:00:00+00:00,7.17,-0.7784445881843567,1.3182490450340718,-1.342292070388794,-5.322657312251807
2024-06-25 16:00:00+00:00,-2.75,-0.7650861740112305,0.051178092180524104,-1.3545844554901123,-4.062916339436155
2024-06-25 17:00:00+00:00,14.81,-0.7541021704673767,0.08352752732634297,-1.3683130741119385,3.1290586205093462
2024-06-25 18:00:00+00:00,30.52,-0.7510110139846802,5.662796691396067,-1.365989089012146,1.3680828559745422
2024-06-26 10:00:00+00:00,0.31,-0.7355731725692749,0.513051982228735,-1.3593659400939941,4.398928119744303
2024-06-26 11:00:00+00:00,4.81,-0.7142332196235657,2.32074769310721,-1.3561142683029175,0.11532320673310403
2024-06-26 12:00:00+00:00,3.4,-0.7022666335105896,1.4838185713366874,-1.349372148513794,-3.0105750561650355
2024-06-26 13:00:00+00:00,-5.74,-0.6769458651542664,-1.2825551548703575,-1.3348658084869385,-2.8678818308641953
2024-06-26 14:00:00+00:00,-4.74,-0.6515116691589355,-3.396929817292694,-1.3176544904708862,-1.5610336391231583
2024-06-26 15:00:00+00:00,7.22,-0.6365543007850647,0.8511687991788918,-1.282070517539978,1.5474058466403247
2024-06-26 16:00:00+00:00,-2.11,-0.6664460897445679,-0.7559783135560537,-1.2309597730636597,2.6232290492543275
2024-06-26 17:00:00+00:00,6.64,-0.67876797914505,0.09906177709672612,-1.1985691785812378,-1.777434099573849
2024-06-26 18:00:00+00:00,-16.38,-0.7051935195922852,-1.9991183198218805,-1.1740168333053589,-1.5334465988556014
2024-06-27 10:00:00+00:00,-2.56,-0.738556444644928,-2.284521474616325,-1.1440705060958862,-0.5874633801739224
2024-06-27 11:00:00+00:00,-5.47,-0.7538076639175415,-1.538106283528537,-1.1245052814483643,-2.250582393632826
2024-06-27 12:00:00+00:00,9.65,-0.7709225416183472,1.0518292061003611,-1.1109912395477295,0.5812519514342305
2024-06-27 13:00:00+00:00,-4.89,-0.7780391573905945,-0.21657459575197366,-1.1206741333007812,5.153679047677506
2024-06-27 14:00:00+00:00,18.3,-0.7831445932388306,0.19973387307128737,-1.1418311595916748,-1.5526448141404157
2024-06-27 15:00:00+00:00,-0.42,-0.7903932332992554,-0.377891930393166,-1.1589940786361694,0.36050371055908903
2024-06-27 16:00:00+00:00,2.38,-0.8036673665046692,0.21703213961193912,-1.1752276420593262,-2.9430046645304504
2024-06-27 17:00:00+00:00,-1.99,-0.8097802996635437,-0.32370213023219474,-1.21559476852417,-3.204872888600721
2024-06-27 18:00:00+00:00,10.77,-0.8120518326759338,0.8940278933713934,-1.2537531852722168,-0.06488539876933808
2024-06-28 10:00:00+00:00,-2.66,-0.8057374358177185,-3.12753657824704,-1.2899980545043945,4.759278539330273
2024-06-28 11:00:00+00:00,3.12,-0.8272342681884766,1.3629901137797837,-1.3375787734985352,1.4546356382377263
2024-06-28 12:00:00+00:00,-5.2,-0.8211765289306641,-2.0351916066407303,-1.386724829673767,4.800086981212282
2024-06-28 13:00:00+00:00,-11.99,-0.8080896139144897,-3.069273605851779,-1.4386519193649292,-4.702819404492221
2024-06-28 14:00:00+00:00,8.38,-0.8071587681770325,0.5955049858600711,-1.4978011846542358,-1.8149211958516003
2024-06-28 15:00:00+00:00,-0.52,-0.8068044185638428,-0.06354932310188417,-1.554491400718689,5.717222620487121
2024-06-28 16:00:00+00:00,-1.2,-0.8071491122245789,-0.6935664675958984,-1.6010857820510864,-0.8592939813615816
2024-06-28 17:00:00+00:00,3.34,-0.7924732565879822,2.3062135980369742,-1.6434178352355957,-1.242775977791787
2024-06-28 18:00:00+00:00,7.69,-0.7661868929862976,3.3944641918193863,-1.6650705337524414,0.042118187795889134
2024-07-01 10:00:00+00:00,-3.98,-0.7835395336151123,-4.434182861340259,-1.697943091392517,3.6510546111445303
2024-07-01 11:00:00+00:00,-3.81,-0.8138627409934998,-1.1592656748908052,-1.72776198387146,0.746241735512537
2024-07-01 12:00:00+00:00,11.9,-0.8828912973403931,2.7690943221057887,-1.7639799118041992,2.47654797405101
2024-07-01 13:00:00+00:00,5.13,-0.908891499042511,3.3083135166831044,-1.8263121843338013,7.160313522981942
2024-07-01 14:00:00+00:00,3.2,-0.9711937308311462,3.2603146808796466,-1.848420262336731,2.547887614068612
2024-07-01 15:00:00+00:00,5.49,-1.0151703357696533,4.206132651394961,-1.856778621673584,-0.8779656529540841
2024-07-01 16:00:00+00:00,5.25,-1.0259933471679688,3.7326937631771484,-1.8485699892044067,-0.6724413478928859
2024-07-01 17:00:00+00:00,0.96,-1.0441828966140747,1.8153405010946821,-1.854109764099121,5.668934799549862
2024-07-01 18:00:00+00:00,19.76,-1.078955054283142,2.287217262132567,-1.8623416423797607,3.084194682977925
2024-07-02 10:00:00+00:00,-4.38,-1.1128754615783691,-2.979627594677407,-1.851395845413208,1.28955387400317
2024-07-02 11:00:00+00:00,6.55,-1.1228104829788208,2.7521799255572605,-1.8392555713653564,-0.15874029276791038
2024-07-02 12:00:00+00:00,-1.34,-1.1288737058639526,0.3912702631852409,-1.829882025718689,1.2105691049909884
2024-07-02 13:00:00+00:00,5.67,-1.1116317510604858,2.5592887458929554,-1.8172972202301025,1.4748553280272394
2024-07-02 14:00:00+00:00,3.36,-1.1383248567581177,2.483382436487146,-1.799486517906189,1.5531064994879489
2024-07-02 15:00:00+00:00,-1.76,-1.1735963821411133,-1.0248521636689478,-1.7776833772659302,1.0842068279533
2024-07-02 16:00:00+00:00,6.43,-1.235914945602417,1.1821541992818223,-1.7710129022598267,1.6268253828916144
2024-07-02 17:00:00+00:00,-3.19,-1.2809175252914429,-2.395979178605145,-1.7616398334503174,1.4125321056589786
2024-07-02 18:00:00+00:00,-6.91,-1.3355814218521118,-3.480734759878923,-1.7560335397720337,1.2398649165951265
2024-07-03 10:00:00+00:00,-2.12,-1.3904743194580078,-2.118264303166385,-1.7453573942184448,-2.0507343477973445
2024-07-03 11:00:00+00:00,13.66,-1.4480222463607788,0.9552025048864508,-1.7421067953109741,-2.5037151625270013
2024-07-03 12:00:00+00:00,-4.14,-1.490717887878418,-1.9317343459687972,-1.731067419052124,-0.7453175209167787
2024-07-03 13:00:00+00:00,2.15,-1.543014407157898,0.29931737091191446,-1.7254635095596313,2.6087742598801213
2024-07-03 14:00:00+00:00,-0.99,-1.5737403631210327,-0.9718400471171206,-1.7304896116256714,-0.09238174639552113
2024-07-03 15:00:00+00:00,-10.58,-1.6339055299758911,-3.965982453882752,-1.7368559837341309,-3.8069296196843068
2024-07-03 16:00:00+00:00,-11.01,-1.701593041419983,-4.39909687143356,-1.7317924499511719,-4.249102983246258
2024-07-03 17:00:00+00:00,5.72,-1.7478444576263428,-0.34749316639568056,-1.7513806819915771,-5.6247076285328665
2024-07-03 18:00:00+00:00,-15.36,-1.8070725202560425,-4.705778143778016,-1.7828936576843262,-3.2459086533680606
2024-07-04 10:00:00+00:00,0.14,-1.877951741218567,-1.7175541380888082,-1.8217321634292603,-0.12048153229605722
2024-07-04 11:00:00+00:00,-2.07,-1.931835651397705,-2.7716150909654655,-1.8565312623977661,1.3578729932228917
2024-07-04 12:00:00+00:00,-11.83,-2.009016752243042,-5.728884498547874,-1.8855036497116089,-4.095022841003976
2024-07-04 13:00:00+00:00,-4.16,-2.0941503047943115,-3.732262281806478,-1.901531457901001,-3.2104492367211055
2024-07-04 14:00:00+00:00,-3.84,-2.166750907897949,-5.2880852421805775,-1.9267098903656006,-1.5569397599239463
2024-07-04 15:00:00+00:00,-25.87,-2.241647481918335,-8.201146478220291,-1.947356939315796,1.0848629959791312
2024-07-04 16:00:00+00:00,3.66,-2.2763824462890625,-2.3721977350763224,-1.9725372791290283,-0.29584704816739094
2024-07-04 17:00:00+00:00,-9.93,-2.339198350906372,-5.947524851693073,-1.993131399154663,0.7208101098777207
2024-07-04 18:00:00+00:00,-9.71,-2.406217575073242,-6.583593864224009,-2.008730888366699,0.7755090832891268
2024-07-05 10:00:00+00:00,-3.82,-2.4433040618896484,-3.56005096621129,-2.006044864654541,-1.5249723269334141
2024-07-05 11:00:00+00:00,24.88,-2.472775459289551,1.150294542857775,-2.003030776977539,-3.7759603891058453
2024-07-05 12:00:00+00:00,5.1,-2.508155107498169,-0.4032185805690067,-1.997261643409729,7.30562949220022
2024-07-05 13:00:00+00:00,-10.96,-2.5343339443206787,-3.6574474935196517,-1.9869732856750488,1.128084382934794
2024-07-05 14:00:00+00:00,-3.46,-2.5569610595703125,-3.069041995967751,-1.9821304082870483,0.7561130495570189
2024-07-05 15:00:00+00:00,1.16,-2.5521724224090576,-0.5773233935788902,-1.9627681970596313,-0.8519617643614259
2024-07-05 16:00:00+00:00,5.72,-2.54263973236084,0.5164928257156087,-1.939251184463501,-0.9189399720458222
2024-07-05 17:00:00+00:00,6.57,-2.544466733932495,1.7321646923828318,-1.909995198249817,-1.8739630255531827
2024-07-05 18:00:00+00:00,15.52,-2.5617904663085938,2.1244556614376573,-1.8862435817718506,1.6229765437499812
2024-07-08 10:00:00+00:00,-7.6,-2.5740368366241455,-3.985500190729963,-1.8679436445236206,2.094841814158958
2024-07-08 11:00:00+00:00,-15.91,-2.577559471130371,-5.960802199264799,-1.8725941181182861,0.8853105505014929
2024-07-08 12:00:00+00:00,-0.16,-2.595094680786133,-2.857841191252279,-1.8522913455963135,-5.523167556441757
2024-07-08 13:00:00+00:00,-7.88,-2.584031343460083,-2.4585299823745856,-1.8508381843566895,-2.1648391047510422
2024-07-08 14:00:00+00:00,0.06,-2.552992582321167,-0.8963499047688123,-1.8408138751983643,1.4344085929245853
2024-07-08 15:00:00+00:00,4.61,-2.5427370071411133,-0.15180831772836495,-1.839221477508545,0.9190467470809123
2024-07-08 16:00:00+00:00,-1.38,-2.5453755855560303,-1.2581548023527211,-1.8329591751098633,-2.472199316302108
2024-07-08 17:00:00+00:00,-3.97,-2.5353829860687256,-3.5412238524357567,-1.837340235710144,-2.602465893270274
2024-07-08 18:00:00+00:00,-22.51,-2.5104639530181885,-7.836291715225908,-1.8250027894973755,-7.463763552201423
2024-07-09 10:00:00+00:00,-10.0,-2.4704506397247314,-6.9978727512856205,-1.8179724216461182,2.633244966840638
2024-07-09 11:00:00+00:00,-3.01,-2.4227700233459473,-3.1845655695420154,-1.806485891342163,-4.857414990224191
2024-07-09 12:00:00+00:00,6.62,-2.394582509994507,0.2796347141226889,-1.7885684967041016,-0.18924361634602455
2024-07-09 13:00:00+00:00,-12.47,-2.3578457832336426,-9.165946130619595,-1.7840337753295898,0.8869333088421143
2024-07-09 14:00:00+00:00,-7.41,-2.3287405967712402,-7.4223425366027005,-1.7778964042663574,-2.084543112765677
2024-07-09 15:00:00+00:00,-4.54,-2.299360990524292,-6.106447863893357,-1.7674434185028076,-3.0748500719156504
2024-07-09 16:00:00+00:00,-18.53,-2.252553939819336,-9.84368002876243,-1.7548651695251465,-4.399721077901293
2024-07-09 17:00:00+00:00,-6.66,-2.224486827850342,-8.215931839762975,-1.7419804334640503,-0.7163460873999992
2024-07-09 18:00:00+00:00,-18.76,-2.1968753337860107,-11.300850178949034,-1.7116633653640747,-6.066348394831468
2024-07-10 10:00:00+00:00,-8.82,-2.17069149017334,-7.715574446803473,-1.680035948753357,0.6267613208322098
2024-07-10 11:00:00+00:00,14.7,-2.1138577461242676,-4.7105434306320335,-1.6519745588302612,-0.2750349093480216
2024-07-10 12:00:00+00:00,-3.32,-2.078727960586548,-6.2479512770884496,-1.627908706665039,-0.5720027639386619
2024-07-10 13:00:00+00:00,-12.94,-2.048319101333618,-9.363142838918026,-1.5938931703567505,-3.439471104117555
2024-07-10 14:00:00+00:00,-22.06,-2.025782585144043,-12.85909260343069,-1.557476282119751,-2.1357150048097426
2024-07-10 15:00:00+00:00,-9.78,-1.996403455734253,-10.03709130336095,-1.517885684967041,-0.16669215200041299
2024-07-10 16:00:00+00:00,-18.55,-1.9657416343688965,-11.625731830141573,-1.4767671823501587,0.25039771743613004
2024-07-10 17:00:00+00:00,1.21,-1.918774127960205,-3.1585277533387335,-1.425516963005066,5.238159295035478
2024-07-10 18:00:00+00:00,-16.61,-1.8724079132080078,-10.288706206455746,-1.365857720375061,2.371498085415224
2024-07-11 10:00:00+00:00,-7.4,-1.8325780630111694,-6.389742514862667,-1.3097127676010132,2.680604492220911
2024-07-11 11:00:00+00:00,22.38,-1.764604091644287,4.767142333164735,-1.247502326965332,4.976444445501839
2024-07-11 12:00:00+00:00,-1.59,-1.7164151668548584,-1.4984672752277308,-1.1813318729400635,-1.6265709046944579
2024-07-11 13:00:00+00:00,17.57,-1.6770193576812744,0.9436473174148827,-1.120947003364563,1.4592223601830647
2024-07-11 14:00:00+00:00,-10.84,-1.6387325525283813,-4.593820572681011,-1.0572092533111572,-2.2786892843842725
2024-07-11 15:00:00+00:00,0.63,-1.5837581157684326,0.2819866285472422,-0.9959607124328613,0.40816450003696036
2024-07-11 16:00:00+00:00,3.65,-1.5358729362487793,3.4615323443314283,-0.9430767893791199,2.5732180374673357
2024-07-11 17:00:00+00:00,8.67,-1.485658049583435,3.287793147454593,-0.8826192617416382,-0.7902656914764197
2024-07-11 18:00:00+00:00,-7.99,-1.4557576179504395,-2.4613920741464157,-0.8273208737373352,3.7641954164872393
2024-07-12 10:00:00+00:00,-3.9,-1.4083380699157715,-2.2806768697257542,-0.7821633219718933,3.900412309014789
2024-07-12 11:00:00+00:00,1.31,-1.354428768157959,-0.33983511086597096,-0.7339406609535217,-0.6464753779502531
2024-07-12 12:00:00+00:00,-0.02,-1.2821496725082397,-0.7971439366882174,-0.6766369938850403,-3.3437597900988796
2024-07-12 13:00:00+00:00,-12.17,-1.2160437107086182,-5.045998380567707,-0.6099854111671448,-1.794358013182089
2024-07-12 14:00:00+00:00,-1.49,-1.1660469770431519,-1.8643327241893068,-0.5149977207183838,-0.5224429620792133
2024-07-12 15:00:00+00:00,29.76,-1.1306158304214478,2.1433024957037956,-0.4075600206851959,-4.224321829612131
2024-07-12 16:00:00+00:00,-16.16,-1.0822006464004517,-3.689074520752567,-0.3057561218738556,-0.4099240702202419
2024-07-12 17:00:00+00:00,-8.34,-1.03446364402771,-5.501784896728954,-0.2322407364845276,-1.9723812168704065
2024-07-12 18:00:00+00:00,-22.19,-0.9862865209579468,-8.569429886598815,-0.16397012770175934,-2.4610362632287224
2024-07-15 10:00:00+00:00,13.34,-0.9297590255737305,-3.3118115279435596,-0.08964598923921585,0.09738924235559371
2024-07-15 11:00:00+00:00,-6.87,-0.8666952252388,-3.893732162012321,-0.02459796890616417,-1.8363815000530503
2024-07-15 12:00:00+00:00,0.89,-0.8079885840415955,-1.990751344703942,0.029815081506967545,-1.4734695373868878
2024-07-15 13:00:00+00:00,-11.93,-0.7592677474021912,-4.303418577667824,0.0712311640381813,-4.151459503987165
2024-07-15 14:00:00+00:00,-1.47,-0.7031184434890747,-4.0402760181438735,0.09601996093988419,-4.126373313315555
2024-07-15 15:00:00+00:00,-12.75,-0.6301760673522949,-5.155986726056206,0.11759919673204422,-7.497893746427911
2024-07-15 16:00:00+00:00,-11.54,-0.5522007942199707,-6.612504730667845,0.1313079297542572,-2.4927733712851277
2024-07-15 17:00:00+00:00,-7.21,-0.47852376103401184,-6.640255500819483,0.1502513885498047,-3.254054522320026
2024-07-15 18:00:00+00:00,-4.0,-0.3938261866569519,-5.601408325442472,0.1783483326435089,-0.7553357068374479
2024-07-16 10:00:00+00:00,-22.59,-0.30012601613998413,-12.807638039967573,0.20068767666816711,4.808220005807315
2024-07-16 11:00:00+00:00,24.24,-0.20720145106315613,1.437706645353648,0.2314721643924713,-1.3083591414671114
2024-07-16 12:00:00+00:00,-11.82,-0.11738353222608566,-3.811834624743752,0.2667277753353119,-2.2072717277763747
2024-07-16 13:00:00+00:00,5.3,-0.02791404351592064,-1.0274051409720664,0.30207356810569763,-0.43152185686896866
2024-07-16 14:00:00+00:00,-6.13,0.051929209381341934,-3.1713742117936086,0.3422410190105438,-0.65591416644927
2024-07-16 15:00:00+00:00,-3.88,0.13305702805519104,-3.239026775690977,0.3921577036380768,-3.1206007560159468
2024-07-16 16:00:00+00:00,41.6,0.2125803530216217,-1.9621216008996492,0.44477471709251404,2.56410741694776
2024-07-16 17:00:00+00:00,8.66,0.2982686460018158,0.6102219461060054,0.508836567401886,-2.7572569730885714
2024-07-16 18:00:00+00:00,-3.01,0.3842191994190216,-0.8804929601998271,0.578106701374054,1.0395354218963146
2024-07-17 10:00:00+00:00,25.33,0.4664970338344574,0.28998691294848056,0.6615461111068726,-0.9335260785516629
2024-07-17 11:00:00+00:00,0.36,0.5504835844039917,0.5227536649073704,0.7363982200622559,2.1146576356922213
2024-07-17 12:00:00+00:00,-7.82,0.6190824508666992,-1.8690974535972742,0.8083220720291138,3.3976804254376836
2024-07-17 13:00:00+00:00,-1.78,0.6987793445587158,0.33156846740038803,0.8821514844894409,-0.05077989975607847
2024-07-17 14:00:00+00:00,7.7,0.7972842454910278,2.2101245609105327,0.9694714546203613,-0.2424286652376152
2024-07-17 15:00:00+00:00,4.7,0.8892002105712891,1.403344338401957,1.0621647834777832,5.975743798068073
2024-07-17 16:00:00+00:00,-8.6,0.9609497785568237,-0.6873342362559085,1.1555520296096802,0.8504441257300834
2024-07-17 17:00:00+00:00,-14.5,0.9933393001556396,-0.6644137645311079,1.2301522493362427,2.7239308990619238
2024-07-17 18:00:00+00:00,-25.48,1.0447988510131836,0.5191260404153005,1.298458456993103,1.8782583072367725
2024-07-18 10:00:00+00:00,7.39,1.1193293333053589,2.619509303260397,1.3639287948608398,-2.2370733019151823
2024-07-18 11:00:00+00:00,7.07,1.2649638652801514,2.4583573279195683,1.4411386251449585,-1.7666939260054213
2024-07-18 12:00:00+00:00,0.27,1.342980146408081,1.2330550431686331,1.5107402801513672,0.6371486459980272
2024-07-18 13:00:00+00:00,-0.65,1.4313873052597046,0.521020596621545,1.578342080116272,-3.465384808098226
2024-07-18 14:00:00+00:00,3.6,1.5138201713562012,1.9972473977157983,1.6323599815368652,-0.23901081898165932
2024-07-18 15:00:00+00:00,12.61,1.5538283586502075,4.063311399330513,1.6697319746017456,0.17807588700662896
2024-07-18 16:00:00+00:00,15.15,1.5929222106933594,4.594452268864625,1.7043876647949219,0.5585211016606686
2024-07-18 17:00:00+00:00,13.42,1.5505216121673584,3.885466374996809,1.7150143384933472,6.298853542912115
2024-07-18 18:00:00+00:00,-1.32,1.5038981437683105,0.3180653304572469,1.704792857170105,2.9889742050778763
2024-07-19 10:00:00+00:00,-1.58,1.459147334098816,-1.4967754243019888,1.6807665824890137,1.6374381710270427
2024-07-19 11:00:00+00:00,18.62,1.3898862600326538,1.9091239102960211,1.645500898361206,-3.093123337347989
2024-07-19 12:00:00+00:00,20.43,1.2832378149032593,1.7541038652210894,1.5937519073486328,1.0821707315459304
2024-07-19 13:00:00+00:00,-3.51,1.1263641119003296,-3.2424990670662104,1.5280039310455322,2.7671185461227976
2024-07-19 14:00:00+00:00,1.46,0.9796606302261353,-0.2561604703998061,1.4375940561294556,-0.8497199923675173
2024-07-19 15:00:00+00:00,-5.52,0.8125016689300537,-0.6866486980396762,1.3120969533920288,-4.466842413394214
2024-07-19 16:00:00+00:00,1.68,0.6494196653366089,0.07041467309013594,1.2008980512619019,2.5708843514569937
2024-07-19 17:00:00+00:00,-2.64,0.4606172740459442,-0.4679202081688601,1.083910346031189,-2.0893585393703233
2024-07-19 18:00:00+00:00,22.84,0.2660848796367645,1.3173231595039379,0.9465582370758057,0.5502502412121557
2024-07-22 10:00:00+00:00,4.11,0.10538319498300552,-1.8115647274285036,0.8156125545501709,3.7039395700353714
2024-07-22 11:00:00+00:00,-10.37,-0.08271954208612442,-3.212627764141794,0.6859973073005676,4.048142340877482
2024-07-22 12:00:00+00:00,-0.43,-0.25561508536338806,-0.9893663151178778,0.5569602251052856,-1.6645818810035926
2024-07-22 13:00:00+00:00,6.88,-0.41908368468284607,0.09476409980306136,0.43297985196113586,0.5966790238614288
2024-07-22 14:00:00+00:00,-6.05,-0.529834508895874,-1.9493550011299303,0.31159254908561707,-0.32018484947693415
2024-07-22 15:00:00+00:00,-6.64,-0.6235566735267639,-2.5350157398362363,0.1773746907711029,2.381763260664318
2024-07-22 16:00:00+00:00,6.04,-0.6986733078956604,0.13634283216962753,0.0630134716629982,4.394679422539048
2024-07-22 17:00:00+00:00,-0.08,-0.8028824925422668,-0.05331508147077126,-0.03925340995192528,-0.2903441408666913
2024-07-22 18:00:00+00:00,-1.72,-0.888911783695221,-1.6529880620549935,-0.17070066928863525,3.130825603418626
2024-07-23 10:00:00+00:00,-4.7,-0.9352742433547974,-3.173581475988413,-0.32644909620285034,-0.0288049761032525
2024-07-23 11:00:00+00:00,-10.28,-0.9691084623336792,-1.735948218088379,-0.4819396436214447,-1.085415945542981
2024-07-23 12:00:00+00:00,8.15,-1.0085254907608032,1.4650819999286606,-0.6307345032691956,-2.734103197654072
2024-07-23 13:00:00+00:00,-4.91,-1.070934534072876,-1.4299647769206485,-0.7554541826248169,0.5661269499979519
2024-07-23 14:00:00+00:00,1.98,-1.0733108520507812,-0.04943362173557402,-0.8960822224617004,-2.983893034909001
2024-07-23 15:00:00+00:00,-0.13,-1.102115273475647,0.6821486036250454,-1.0241199731826782,-1.7612632426036046
2024-07-23 16:00:00+00:00,14.79,-1.1536879539489746,2.1104553316296695,-1.1125751733779907,-1.9475163557122217
2024-07-23 17:00:00+00:00,0.29,-1.2700213193893433,0.4965891570099238,-1.2012988328933716,2.4002473296753273
2024-07-23 18:00:00+00:00,8.18,-1.366957664489746,1.2480142392502238,-1.2891179323196411,-1.943607026124284
2024-07-24 10:00:00+00:00,5.22,-1.4712276458740234,1.1689170593356841,-1.3606195449829102,-0.14777248674812693
2024-07-24 11:00:00+00:00,-1.0,-1.580080509185791,-0.5979751121156804,-1.4237639904022217,1.1342347515203501
2024-07-24 12:00:00+00:00,-2.27,-1.7271003723144531,-0.23304173507565729,-1.4802008867263794,3.557081822985785
2024-07-24 13:00:00+00:00,7.01,-1.858289361000061,0.9530787197078263,-1.5379422903060913,-3.700892351358501
2024-07-24 14:00:00+00:00,-0.95,-2.0104451179504395,-0.25256694420302683,-1.5994877815246582,5.5422429202278645
2024-07-24 15:00:00+00:00,6.71,-2.190685510635376,0.4570086110348762,-1.6737240552902222,-0.6468429054134279
2024-07-24 16:00:00+00:00,1.81,-2.378925323486328,-0.272988201173632,-1.7399230003356934,-0.7011571697805546
2024-07-24 17:00:00+00:00,-0.96,-2.5687551498413086,-0.9934540997944857,-1.8212727308273315,2.551273301895367
2024-07-24 18:00:00+00:00,-17.2,-2.755751371383667,-4.120099913584944,-1.8876087665557861,-1.4543722838866069
2024-07-25 10:00:00+00:00,-13.69,-2.9161911010742188,-1.614381393594748,-1.9528288841247559,-3.8680176904269246
2024-07-25 11:00:00+00:00,6.33,-3.044886589050293,0.05112850974170738,-2.004840850830078,-0.9064698747131364
2024-07-25 12:00:00+00:00,11.32,-3.155256509780884,-2.042822128552709,-2.058678150177002,1.157750170217385
2024-07-25 13:00:00+00:00,-6.65,-3.254838228225708,-0.41406695726936626,-2.0936214923858643,-0.3975585584808722
2024-07-25 14:00:00+00:00,-1.9,-3.366088390350342,0.6500491773278391,-2.1306192874908447,0.40247563846128465
2024-07-25 15:00:00+00:00,3.95,-3.4411797523498535,1.5141446093951534,-2.155402660369873,-1.5455244480609105
2024-07-25 16:00:00+00:00,7.82,-3.5248734951019287,2.267737520764773,-2.2090115547180176,1.0069444487540773
2024-07-25 17:00:00+00:00,-0.37,-3.589594602584839,0.4930877495048893,-2.2485692501068115,0.49755694379118803
2024-07-25 18:00:00+00:00,4.41,-3.6364753246307373,2.2942156756189482,-2.301417589187622,1.1852058271256007
2024-07-26 10:00:00+00:00,3.01,-3.6720993518829346,0.8513932482948833,-2.352834463119507,6.435695458605141
2024-07-26 11:00:00+00:00,8.66,-3.721456289291382,-0.1366426361977362,-2.385716199874878,4.257953738286703
2024-07-26 12:00:00+00:00,-35.19,-3.763702154159546,-11.163800518103317,-2.4365620613098145,2.716910288002496
2024-07-26 13:00:00+00:00,-27.81,-3.787100315093994,-12.563891433823501,-2.503648281097412,-5.523938205847767
2024-07-26 14:00:00+00:00,-0.85,-3.7821481227874756,-0.915899065618864,-2.589963674545288,-7.20570328040754
2024-07-26 15:00:00+00:00,12.66,-3.7634739875793457,0.32690076012378866,-2.677701473236084,0.5161990557105314
2024-07-26 16:00:00+00:00,-0.78,-3.7779011726379395,-0.902087100725856,-2.7642600536346436,2.8173587842670647
2024-07-26 17:00:00+00:00,-12.25,-3.829530954360962,-7.178393122855245,-2.84617018699646,-4.617408721752483
2024-07-26 18:00:00+00:00,-40.72,-3.862478494644165,-9.752099875406778,-2.9262871742248535,-0.023298968259629516
2024-07-29 10:00:00+00:00,-18.39,-3.886955499649048,-12.270525151139834,-2.9884183406829834,-3.663920306027732
2024-07-29 11:00:00+00:00,-4.84,-3.911054849624634,-4.983108351955045,-3.0296757221221924,-5.664515569988083
2024-07-29 12:00:00+00:00,-3.81,-3.923478364944458,-3.236885335031685,-3.0476512908935547,1.6121967316984256
2024-07-29 13:00:00+00:00,13.41,-3.912442922592163,7.247564139171902,-3.0529415607452393,4.476711035367447
2024-07-29 14:00:00+00:00,3.1,-3.8887743949890137,1.9079238936930782,-3.0457446575164795,1.8644205796283986
2024-07-29 15:00:00+00:00,3.38,-3.849848508834839,1.7205162259749278,-3.055685520172119,-0.8770676324488095
2024-07-29 16:00:00+00:00,-23.61,-3.799179792404175,-5.253992307528123,-3.0640511512756348,-7.787258293579061
2024-07-29 17:00:00+00:00,-14.8,-3.746119260787964,-3.227722032667971,-3.049156665802002,0.3493364741343915
2024-07-29 18:00:00+00:00,17.69,-3.673246145248413,3.047544682219037,-3.0015389919281006,1.1727840720435954
2024-07-30 10:00:00+00:00,-4.53,-3.590451955795288,-3.018205156140625,-2.968984842300415,2.0815271678837393
2024-07-30 11:00:00+00:00,12.61,-3.515933036804199,3.0420737809860965,-2.943464994430542,1.2075259239354137
2024-07-30 12:00:00+00:00,6.57,-3.451024055480957,4.150133826559221,-2.921311616897583,-6.356217888449639
2024-07-30 13:00:00+00:00,5.31,-3.389162540435791,2.7383335740165706,-2.90887713432312,-3.5270087573115236
2024-07-30 14:00:00+00:00,4.0,-3.3331849575042725,2.452267585335474,-2.885200262069702,0.971777249001497
2024-07-30 15:00:00+00:00,-1.63,-3.2785942554473877,-0.3222097386017665,-2.862086296081543,-4.386718846923929
2024-07-30 16:00:00+00:00,1.47,-3.2339322566986084,-0.10985799154890291,-2.8257012367248535,1.987079997863469
2024-07-30 17:00:00+00:00,-3.66,-3.19535231590271,-0.9359214731957405,-2.8243675231933594,-1.0767409029682855
2024-07-30 18:00:00+00:00,1.35,-3.163393020629883,0.9857867442337975,-2.8012447357177734,-3.441808746598447
2024-07-31 10:00:00+00:00,8.12,-3.1310131549835205,-0.3109280610723254,-2.7533910274505615,-1.7089203709868674
2024-07-31 11:00:00+00:00,-23.38,-3.1036131381988525,-2.0463998615731165,-2.7055411338806152,0.032476616558885174
2024-07-31 12:00:00+00:00,1.8,-3.087226629257202,0.7112551402491422,-2.6839778423309326,2.9110544263734455
2024-07-31 13:00:00+00:00,14.05,-3.065096855163574,1.344328365241791,-2.655691623687744,1.887528182888568
2024-07-31 14:00:00+00:00,2.77,-3.0478830337524414,1.364439483242633,-2.6231298446655273,-3.401211001532344
2024-07-31 15:00:00+00:00,6.62,-3.026346445083618,1.1675505778513289,-2.5877251625061035,-5.663574707217701
2024-07-31 16:00:00+00:00,-8.85,-3.015322208404541,-1.8507712997787726,-2.5562877655029297,-6.3865049583766975
2024-07-31 17:00:00+00:00,-4.58,-3.008991003036499,-1.2805995627997322,-2.532623767852783,0.21119372429989636
2024-07-31 18:00:00+00:00,21.35,-3.0119612216949463,2.4534140096814645,-2.4999070167541504,-2.027847677787419
2024-08-01 10:00:00+00:00,-9.17,-3.0311529636383057,-2.1216644723812124,-2.4444386959075928,0.8879625450856281
2024-08-01 11:00:00+00:00,-1.13,-3.0515358448028564,-1.4003236185547643,-2.4064064025878906,0.4569448237693501
2024-08-01 12:00:00+00:00,0.78,-3.07269024848938,-1.9455270367330195,-2.3338937759399414,-2.849314817723162
2024-08-01 13:00:00+00:00,-5.99,-3.0789339542388916,-3.065019138995465,-2.2499160766601562,-4.992455985720507
2024-08-01 14:00:00+00:00,-3.02,-3.104283332824707,-2.496607932464985,-2.1553235054016113,-3.4662870284319207
2024-08-01 15:00:00+00:00,5.5,-3.0913310050964355,-0.8046034342453331,-2.107264757156372,-3.7200510537579294
2024-08-01 16:00:00+00:00,-7.53,-3.0783846378326416,-2.2717967447087566,-2.035935401916504,-3.512398141449689
2024-08-01 17:00:00+00:00,-7.78,-3.068570137023926,-4.401623816891178,-2.0013339519500732,-2.367472436761329
2024-08-01 18:00:00+00:00,-10.88,-3.053493022918701,-6.4477013488279775,-1.9678726196289062,-3.8387344784093433
2024-08-02 10:00:00+00:00,-11.72,-3.0388009548187256,-7.079712579571634,-1.9431511163711548,-5.236319103056805
2024-08-02 11:00:00+00:00,-4.18,-3.01703143119812,-4.30692637734619,-1.8999722003936768,-3.7292997974072004
2024-08-02 12:00:00+00:00,-0.82,-2.960475444793701,-2.2385507797951854,-1.8733991384506226,-2.1753691720443875
2024-08-02 13:00:00+00:00,-11.37,-2.903764486312866,-6.371955808436853,-1.8396594524383545,0.39819459464322166
2024-08-02 14:00:00+00:00,-4.12,-2.8542394638061523,-4.094162828472857,-1.8036231994628906,-8.465421175094392
2024-08-02 15:00:00+00:00,8.63,-2.7986135482788086,-2.0396407449968117,-1.7875062227249146,-6.400812410885256
2024-08-02 16:00:00+00:00,6.46,-2.7471399307250977,0.353814092803683,-1.753632664680481,-3.1335386880993816
2024-08-02 17:00:00+00:00,-8.69,-2.71779203414917,-3.4431271694538923,-1.7027419805526733,-0.3122009806495898
2024-08-02 18:00:00+00:00,-50.02,-2.7053651809692383,-4.240430470920033,-1.6362190246582031,-5.2796354649192505
2024-08-05 10:00:00+00:00,-12.7,-2.677178382873535,-6.383622948247194,-1.5789128541946411,0.6883535973902098
2024-08-05 11:00:00+00:00,-1.93,-2.626487970352173,-1.7778869925298972,-1.523538589477539,3.305878561298768
2024-08-05 12:00:00+00:00,2.66,-2.576215982437134,0.05638039446049539,-1.4644116163253784,0.437137160894859
2024-08-05 13:00:00+00:00,-11.04,-2.528204917907715,-5.575303204088767,-1.3775930404663086,-3.507586250553489
2024-08-05 14:00:00+00:00,-14.41,-2.4669148921966553,-6.4892794012941275,-1.3151631355285645,0.9525358407025983
2024-08-05 15:00:00+00:00,1.85,-2.3897109031677246,1.9947287388489814,-1.2823234796524048,0.16176125670967967
2024-08-05 16:00:00+00:00,15.43,-2.3148248195648193,4.9981391492453335,-1.232668399810791,-0.19851645596987952
2024-08-05 17:00:00+00:00,-0.12,-2.215308666229248,0.28292012981977677,-1.21269953250885,-3.6792588845959875
2024-08-05 18:00:00+00:00,33.44,-2.110938549041748,3.04410804654403,-1.183510184288025,2.366848673394
2024-08-06 10:00:00+00:00,-22.66,-1.9953079223632812,-5.325598772298721,-1.162494421005249,3.251175601880116
2024-08-06 11:00:00+00:00,1.08,-1.9350545406341553,1.099363957245581,-1.080655574798584,2.497223912695104
2024-08-06 12:00:00+00:00,6.29,-1.9256415367126465,0.4755588939465569,-0.9920483827590942,0.970074315465741
2024-08-06 13:00:00+00:00,-9.84,-1.894718050956726,-4.892990934840587,-0.9631181955337524,-3.393664701491269
2024-08-06 14:00:00+00:00,-14.91,-1.8592438697814941,-4.973035935775299,-0.9477342963218689,1.4058108995617593
2024-08-06 15:00:00+00:00,1.04,-1.8351980447769165,0.8789771606426602,-0.8980934023857117,-1.0121198097384803
2024-08-06 16:00:00+00:00,7.0,-1.8125931024551392,3.966544412348357,-0.8589646816253662,1.4156856201899806
2024-08-06 17:00:00+00:00,0.59,-1.803476095199585,1.3439316114400304,-0.805027425289154,-3.692612978694863
2024-08-06 18:00:00+00:00,0.98,-1.7918018102645874,1.0587747371162917,-0.7515186071395874,1.5804779212302473
2024-08-07 10:00:00+00:00,-16.89,-1.7739129066467285,-2.834380809998964,-0.7277530431747437,1.490415520965372
2024-08-07 11:00:00+00:00,13.32,-1.7733509540557861,5.767063334392003,-0.7194557189941406,-2.881357342755461
2024-08-07 12:00:00+00:00,-10.65,-1.7579574584960938,-0.0438883196213195,-0.6977307796478271,-2.390790282424223
2024-08-07 13:00:00+00:00,11.92,-1.7589056491851807,7.549079591449112,-0.6780446171760559,2.687887085397907
2024-08-07 14:00:00+00:00,15.64,-1.7693415880203247,6.11554592004484,-0.6391933560371399,1.4808430192487503
2024-08-07 15:00:00+00:00,1.12,-1.803411602973938,2.0851861758415593,-0.6048576831817627,0.6937592932159505
2024-08-07 16:00:00+00:00,19.02,-1.8513916730880737,3.6974240219119303,-0.5796063542366028,3.42887380510459
2024-08-07 17:00:00+00:00,9.73,-1.8957180976867676,4.264716368168402,-0.5527666807174683,2.5783503820612945
2024-08-07 18:00:00+00:00,1.54,-1.9473633766174316,1.5925747344028607,-0.5274543166160583,-1.5926018558007513
2024-08-08 10:00:00+00:00,4.22,-1.995666265487671,2.371846568434384,-0.49963322281837463,-0.42136207516733615
2024-08-08 11:00:00+00:00,-7.03,-2.037170886993408,-3.1112614250798565,-0.47744083404541016,0.7355028067082754
2024-08-08 12:00:00+00:00,-10.04,-2.065830707550049,-5.738178715027644,-0.48097464442253113,-1.2988665792809022
2024-08-08 13:00:00+00:00,3.43,-2.0919394493103027,0.5939016029805867,-0.5090136528015137,-0.6960381816505151
2024-08-08 14:00:00+00:00,-5.42,-2.1179916858673096,-2.9915486994345493,-0.5462117791175842,1.624278985414118
2024-08-08 15:00:00+00:00,-7.02,-2.14955735206604,-4.044200894933881,-0.5809432864189148,4.213634893655486
2024-08-08 16:00:00+00:00,4.87,-2.1688787937164307,-1.6135054830881914,-0.6026158332824707,-3.037439327824483
2024-08-08 17:00:00+00:00,-6.98,-2.1857175827026367,-2.8960537504552732,-0.6299028396606445,-1.7643380855640607
2024-08-08 18:00:00+00:00,11.6,-2.182384729385376,-0.8541780855468253,-0.6711589097976685,-1.3319994376289719
2024-08-09 10:00:00+00:00,-5.53,-2.1916656494140625,-2.291942251610913,-0.695177435874939,1.8623282420972311
2024-08-09 11:00:00+00:00,-8.31,-2.2081122398376465,-3.2531410781357284,-0.7150443196296692,-4.573537918449004
2024-08-09 12:00:00+00:00,-0.15,-2.197984457015991,-0.43861669725385527,-0.7412534952163696,2.9806914695082867
2024-08-09 13:00:00+00:00,1.5,-2.191373109817505,1.464058584297628,-0.7491869330406189,-0.04918791968588304
2024-08-09 14:00:00+00:00,2.66,-2.176363706588745,1.3853610023273457,-0.7639632225036621,-1.2759429093064778
2024-08-09 15:00:00+00:00,-9.25,-2.1702098846435547,-2.232762272378932,-0.7686715722084045,-0.31884003557309165
2024-08-09 16:00:00+00:00,1.69,-2.1763548851013184,1.167834362656116,-0.7631231546401978,-1.9814642104034679
2024-08-09 17:00:00+00:00,1.57,-2.1469578742980957,1.4563937412652472,-0.7952065467834473,1.616068393659223
2024-08-09 18:00:00+00:00,-17.14,-2.1095478534698486,-1.275985827541786,-0.8129041194915771,-0.35361514759611556
2024-08-12 10:00:00+00:00,-11.85,-2.067748785018921,-3.6547743646621225,-0.8263723254203796,-3.4008264825229437
2024-08-12 11:00:00+00:00,5.74,-2.0068554878234863,2.487244195001025,-0.8486220836639404,0.613569182170333
2024-08-12 12:00:00+00:00,8.32,-1.948345422744751,3.922058409888617,-0.8603962063789368,3.007162827526614
2024-08-12 13:00:00+00:00,8.13,-1.9014335870742798,3.3572674039813553,-0.8686219453811646,0.3333226380506021
2024-08-12 14:00:00+00:00,11.61,-1.8599416017532349,1.8429541227258008,-0.8843623399734497,0.43875493810532185
2024-08-12 15:00:00+00:00,-8.38,-1.845146656036377,-0.21875046447406143,-0.8984842896461487,2.3453909136954567
2024-08-12 16:00:00+00:00,5.4,-1.8420164585113525,1.1266220301425631,-0.909843921661377,-1.5900692902771834
2024-08-12 17:00:00+00:00,-5.35,-1.8354746103286743,-0.805647877228292,-0.9297309517860413,3.598073022627242
2024-08-12 18:00:00+00:00,25.14,-1.8433419466018677,1.9657919113576199,-0.9524267911911011,1.2641230701478188
2024-08-13 10:00:00+00:00,4.23,-1.8407684564590454,2.395999464862536,-0.9837498068809509,7.21438994177986
2024-08-13 11:00:00+00:00,9.49,-1.8596285581588745,1.7164415960901849,-1.025766372680664,5.989006503312145
2024-08-13 12:00:00+00:00,-1.45,-1.8868749141693115,-0.4826300557852248,-1.0578413009643555,1.0879505884541563
2024-08-13 13:00:00+00:00,-1.46,-1.929037094116211,-0.7976425575499878,-1.0956934690475464,1.1145722814182257
2024-08-13 14:00:00+00:00,4.48,-1.9811559915542603,0.649713791867441,-1.1315174102783203,-0.6351023137055618
2024-08-13 15:00:00+00:00,7.0,-2.037468910217285,0.7262392287790859,-1.176564335823059,-0.23978251588148727
2024-08-13 16:00:00+00:00,-4.01,-2.1019468307495117,-2.543270951031059,-1.2157493829727173,-0.6582235741715259
2024-08-13 17:00:00+00:00,-3.59,-2.1807332038879395,-3.009113024672052,-1.2532358169555664,0.9290253624690161
2024-08-13 18:00:00+00:00,14.0,-2.244296073913574,1.9523359594281362,-1.3015815019607544,-2.374646538323405
2024-08-14 10:00:00+00:00,7.39,-2.302274227142334,0.7058269877063555,-1.3436191082000732,1.9005332998995743
2024-08-14 11:00:00+00:00,-3.11,-2.3587515354156494,-2.2382586812395435,-1.3917515277862549,-3.051681049054941
2024-08-14 12:00:00+00:00,-12.78,-2.414762020111084,-4.844285824565485,-1.4449098110198975,1.2928828187950463
2024-08-14 13:00:00+00:00,-0.07,-2.4833757877349854,-1.386800024598737,-1.4910391569137573,4.230563529681683
2024-08-14 14:00:00+00:00,-0.28,-2.552253007888794,-1.0018861028270516,-1.5204508304595947,1.2230693310872562
2024-08-14 15:00:00+00:00,-1.46,-2.604379892349243,-2.0415014961721525,-1.5589359998703003,-1.0113439568716571
2024-08-14 16:00:00+00:00,-8.62,-2.6545825004577637,-4.759050164675954,-1.591082215309143,-3.334796128219484
2024-08-14 17:00:00+00:00,-8.56,-2.699659824371338,-4.949860010291308,-1.643631100654602,1.4445549626586687
2024-08-14 18:00:00+00:00,-18.96,-2.7244937419891357,-4.375399976087259,-1.68098783493042,-3.6326853127174137
2024-08-15 10:00:00+00:00,-6.09,-2.7328639030456543,-4.430882050563551,-1.7160993814468384,-0.9099111314372071
2024-08-15 11:00:00+00:00,15.5,-2.7237720489501953,3.821211350256365,-1.7371923923492432,1.1255462106795182
2024-08-15 12:00:00+00:00,-7.9,-2.708026885986328,-5.241895491564934,-1.7783558368682861,3.5178713760201763
2024-08-15 13:00:00+00:00,-4.02,-2.712559938430786,-4.776609911800004,-1.7937778234481812,-2.645245504769454
2024-08-15 14:00:00+00:00,-8.28,-2.7101967334747314,-5.84543713981936,-1.8141447305679321,-1.3283072056584775
2024-08-15 15:00:00+00:00,2.17,-2.7035834789276123,-1.0841835755191696,-1.8259714841842651,0.13536885546738625
2024-08-15 16:00:00+00:00,-4.78,-2.6903297901153564,-3.4751102760336168,-1.8433560132980347,0.7196918946760652
2024-08-15 17:00:00+00:00,-0.64,-2.6750259399414062,-1.0597182077670793,-1.8635921478271484,-0.42721485595535547
2024-08-15 18:00:00+00:00,-2.49,-2.6731505393981934,-2.0508108925051673,-1.8382248878479004,-1.6914826307540916
2024-08-16 10:00:00+00:00,-3.36,-2.658445358276367,-1.9659935648871958,-1.823093056678772,0.5824845872416808
2024-08-16 11:00:00+00:00,-0.32,-2.6487905979156494,-0.5103688045467669,-1.7729800939559937,-1.500858219362442
2024-08-16 12:00:00+00:00,-2.32,-2.6315109729766846,-0.8634774376232947,-1.699947476387024,-2.3870959702455816
2024-08-16 13:00:00+00:00,-0.34,-2.607296943664551,-2.4453997553719553,-1.6773850917816162,-1.6280288462992398
2024-08-16 14:00:00+00:00,5.22,-2.5677130222320557,-0.7350082132392319,-1.6915724277496338,1.4429179016840223
2024-08-16 15:00:00+00:00,6.03,-2.517889976501465,-0.8148229470562753,-1.723251461982727,0.16253000118792202
2024-08-16 16:00:00+00:00,-5.18,-2.4780068397521973,-1.6674945815950701,-1.7432489395141602,1.8791129223731737
2024-08-16 17:00:00+00:00,-7.15,-2.4476940631866455,-2.5389701267081453,-1.7654147148132324,-0.8350642204438159
2024-08-16 18:00:00+00:00,-18.97,-2.4049651622772217,-3.843606875197543,-1.7873694896697998,-1.4230041936656395
2024-08-19 10:00:00+00:00,3.33,-2.3639450073242188,-0.13549044252695125,-1.7893046140670776,3.8185997519658983
2024-08-19 11:00:00+00:00,-14.19,-2.322565793991089,-2.3166305822530364,-1.7729111909866333,0.8285387963176184
2024-08-19 12:00:00+00:00,-3.4,-2.287050247192383,-2.3111802181587335,-1.7758718729019165,-0.8742933546790653
2024-08-19 13:00:00+00:00,-8.13,-2.252356767654419,-1.0683838347153354,-1.7749221324920654,2.033676998052421
2024-08-19 14:00:00+00:00,-5.47,-2.2149503231048584,-1.7331864953127942,-1.7479007244110107,-0.6798949053988704
2024-08-19 15:00:00+00:00,12.08,-2.1818342208862305,1.6025963592931607,-1.7348977327346802,-2.370312110279614
2024-08-19 16:00:00+00:00,-0.92,-2.146745204925537,-0.7804550491593535,-1.7159626483917236,0.08514330602365738
2024-08-19 17:00:00+00:00,-16.89,-2.1087429523468018,-3.5880651312413465,-1.729706883430481,-1.4206946310120674
2024-08-19 18:00:00+00:00,-10.47,-2.0779919624328613,-4.327603918076496,-1.7018249034881592,-1.5837468814337918
2024-08-20 10:00:00+00:00,4.49,-2.048265218734741,2.2489840756973822,-1.691467523574829,-0.6522767592015045
2024-08-20 11:00:00+00:00,14.98,-2.0232772827148438,3.93293704994559,-1.6646053791046143,-0.3396876762659775
2024-08-20 12:00:00+00:00,8.29,-2.0161712169647217,1.3496715188324693,-1.6355561017990112,1.6282079095081818
2024-08-20 13:00:00+00:00,-0.79,-2.0154836177825928,-0.6588846723365259,-1.6237971782684326,-1.0989514432378273
2024-08-20 14:00:00+00:00,-10.02,-2.0287926197052,-0.9968921788536178,-1.5994590520858765,-0.3834406010548369
2024-08-20 15:00:00+00:00,10.22,-2.0472335815429688,1.114320226101698,-1.5924334526062012,0.6912630018081505
2024-08-20 16:00:00+00:00,-13.78,-2.0471863746643066,-2.2902599647443296,-1.594486951828003,-2.316349034561041
2024-08-20 17:00:00+00:00,-10.14,-2.0584375858306885,-3.9512951032249854,-1.5894911289215088,-0.6281712684071186
2024-08-20 18:00:00+00:00,3.97,-2.066249132156372,-0.5396890000273633,-1.5737665891647339,-0.2729509642825988
2024-08-21 10:00:00+00:00,-13.21,-2.048339605331421,-2.0973736251842565,-1.5634112358093262,0.6152373184918172
2024-08-21 11:00:00+00:00,-5.82,-2.020936965942383,-1.4362924769637533,-1.5292413234710693,-1.498922812366844
2024-08-21 12:00:00+00:00,1.54,-1.9852930307388306,-0.2783020750476902,-1.4930872917175293,-6.131282367336249
2024-08-21 13:00:00+00:00,5.17,-1.952763319015503,0.8963022609183032,-1.4906740188598633,-2.231328363994453
2024-08-21 14:00:00+00:00,0.7,-1.9146922826766968,0.7497184505787693,-1.431205153465271,0.9206939798505555
2024-08-21 15:00:00+00:00,14.49,-1.8686397075653076,1.5620791437592558,-1.4015387296676636,-1.054876182212544
2024-08-21 16:00:00+00:00,-1.68,-1.8187756538391113,-0.9406877346060817,-1.358477234840393,-2.040461065211647
2024-08-21 17:00:00+00:00,-5.44,-1.760465145111084,-1.4956861103156776,-1.3704224824905396,-3.146705077449189
2024-08-21 18:00:00+00:00,4.45,-1.6970306634902954,-2.7563331957193347,-1.3884520530700684,-2.2103265424761602
2024-08-22 10:00:00+00:00,8.73,-1.6196926832199097,0.1753957168659871,-1.3984885215759277,0.4061887005749978
2024-08-22 11:00:00+00:00,-2.46,-1.554612159729004,-1.336232275346131,-1.406528115272522,3.1943647622862645
2024-08-22 12:00:00+00:00,-6.2,-1.5024827718734741,-3.8448736230401055,-1.427051305770874,-3.768170197719479
2024-08-22 13:00:00+00:00,-14.34,-1.4652442932128906,-5.298408141714883,-1.434606909751892,2.1789973899671353
2024-08-22 14:00:00+00:00,-8.41,-1.428044319152832,-2.7176709563956543,-1.4385849237442017,-2.484476156880678
2024-08-22 15:00:00+00:00,-7.86,-1.3985568284988403,-4.376482891373707,-1.4156420230865479,-5.75546483879814
2024-08-22 16:00:00+00:00,0.85,-1.3469921350479126,-0.23382945953024817,-1.3849520683288574,1.7879164914882035
2024-08-22 17:00:00+00:00,-17.15,-1.2847504615783691,-4.294667811975218,-1.368774652481079,-1.7570365008167506
2024-08-22 18:00:00+00:00,-28.15,-1.23080575466156,-6.336856563816837,-1.3567484617233276,-3.0839130979097193
2024-08-23 10:00:00+00:00,4.29,-1.161401629447937,3.1863975015648114,-1.340079426765442,0.8860233689199519
2024-08-23 11:00:00+00:00,9.44,-1.1135022640228271,2.7983645252692244,-1.326628565788269,1.8797056664375116
2024-08-23 12:00:00+00:00,-10.55,-1.0538618564605713,-5.330110266619475,-1.308970332145691,3.189593835939246
2024-08-23 13:00:00+00:00,-12.18,-0.9994714260101318,-4.1677560851184685,-1.2987720966339111,-4.119923171038907
2024-08-23 14:00:00+00:00,3.38,-0.9739752411842346,-1.4086878371124527,-1.2680400609970093,-3.5205705037296258
2024-08-23 15:00:00+00:00,-2.21,-0.9742926359176636,-1.5282632098588604,-1.244185209274292,-3.422061007868287
2024-08-23 16:00:00+00:00,-24.31,-0.989155113697052,-3.4393405627477307,-1.222472071647644,-2.040107690645526
2024-08-23 17:00:00+00:00,-2.99,-0.9977993369102478,-1.241590765296539,-1.1972200870513916,1.2607533656027048
2024-08-23 18:00:00+00:00,82.81,-1.004268765449524,6.839517741583069,-1.1933695077896118,2.943058464841749
2024-08-26 10:00:00+00:00,4.06,-0.990209698677063,2.9070145748860368,-1.207568883895874,0.6686408676086776
2024-08-26 11:00:00+00:00,4.04,-1.0144753456115723,3.830756854312674,-1.224694013595581,-1.206251048433438
2024-08-26 12:00:00+00:00,13.57,-1.0395145416259766,5.1893620361111825,-1.238371729850769,1.4680443167725528
2024-08-26 13:00:00+00:00,8.6,-1.0833543539047241,3.482344222884243,-1.2586770057678223,-0.7451439439342693
2024-08-26 14:00:00+00:00,2.71,-1.135708212852478,1.8718089667498075,-1.2729567289352417,5.384704855582869
2024-08-26 15:00:00+00:00,-0.73,-1.1938327550888062,-1.4866413984360929,-1.300014853477478,2.8874536170524223
2024-08-26 16:00:00+00:00,-6.83,-1.255951166152954,-5.427959405725604,-1.3285787105560303,5.093191257408979
2024-08-26 17:00:00+00:00,-6.95,-1.3251656293869019,-4.163171421931041,-1.362390160560608,5.167394207034415
2024-08-26 18:00:00+00:00,16.02,-1.3778505325317383,1.1553981173854644,-1.3729798793792725,3.051919012761797
2024-08-27 10:00:00+00:00,-17.6,-1.4236500263214111,-6.782763875395015,-1.3685389757156372,2.842440842379431
2024-08-27 11:00:00+00:00,3.16,-1.4835550785064697,-1.8282322909041628,-1.3645464181900024,3.0237974710900946
2024-08-27 12:00:00+00:00,-10.55,-1.521378755569458,-3.6663879525478698,-1.3649810552597046,-4.661518108885304
2024-08-27 13:00:00+00:00,4.49,-1.5430454015731812,-4.563182243799925,-1.3631291389465332,5.182520188705135
2024-08-27 14:00:00+00:00,-16.01,-1.546667218208313,-7.166523251379236,-1.3730614185333252,-5.533570051779062
2024-08-27 15:00:00+00:00,-12.51,-1.56320059299469,-7.574385015788857,-1.3844515085220337,-1.5704352628457394
2024-08-27 16:00:00+00:00,2.51,-1.5809601545333862,-1.2382121712517744,-1.3957916498184204,3.9977367644268087
2024-08-27 17:00:00+00:00,-2.88,-1.5835634469985962,-4.670608632387917,-1.4399797916412354,0.5748200206405102
2024-08-27 18:00:00+00:00,-13.24,-1.5738157033920288,-9.367426606402786,-1.486213207244873,-2.4666818701733875
2024-08-28 10:00:00+00:00,-12.56,-1.5724951028823853,-7.542281735332444,-1.5240014791488647,-0.6512337977011023
2024-08-28 11:00:00+00:00,-9.31,-1.5650405883789062,-9.349902635744947,-1.5571088790893555,1.1828276365156085
2024-08-28 12:00:00+00:00,-11.91,-1.5557410717010498,-9.494701581512544,-1.5794209241867065,-4.187612342001304
2024-08-28 13:00:00+00:00,-18.85,-1.5507856607437134,-9.181724107194524,-1.5897564888000488,-6.028741733620838
2024-08-28 14:00:00+00:00,22.4,-1.5492569208145142,8.948931339340435,-1.5910780429840088,0.567787725483347
2024-08-28 15:00:00+00:00,19.41,-1.55379319190979,3.700601499207213,-1.5643107891082764,1.2657821940758098
2024-08-28 16:00:00+00:00,-0.24,-1.5648720264434814,-0.22077785231981342,-1.5215398073196411,2.734631197063521
2024-08-28 17:00:00+00:00,-6.1,-1.5748032331466675,-2.836716090204372,-1.4898626804351807,-0.5936626142822344
2024-08-28 18:00:00+00:00,7.26,-1.572761058807373,1.4145828880063187,-1.448065996170044,1.143008097506331
2024-08-29 10:00:00+00:00,6.72,-1.567518711090088,2.3999261062546475,-1.3958311080932617,0.44837828878439207
2024-08-29 11:00:00+00:00,-28.21,-1.5631589889526367,-5.075388950398151,-1.326934814453125,1.713585979218342
2024-08-29 12:00:00+00:00,11.5,-1.562203049659729,3.3430192442699997,-1.2656153440475464,9.400647655921908
2024-08-29 13:00:00+00:00,-0.57,-1.5683692693710327,-0.8138827531082636,-1.1997255086898804,-0.4725640582287106
2024-08-29 14:00:00+00:00,-3.76,-1.564376711845398,-0.9139173252870433,-1.1425176858901978,4.692444890136909
2024-08-29 15:00:00+00:00,0.87,-1.5727028846740723,0.3434913167482029,-1.0933059453964233,-0.33710518808169077
2024-08-29 16:00:00+00:00,12.83,-1.5783259868621826,0.6741327146537212,-1.054404616355896,-3.8355334529234497
2024-08-29 17:00:00+00:00,1.65,-1.5905095338821411,1.368458433143859,-1.0353615283966064,-1.8901930392612973
2024-08-29 18:00:00+00:00,-9.34,-1.612316370010376,-4.470288520070819,-0.98159259557724,-1.6011510071880475
2024-08-30 10:00:00+00:00,2.02,-1.6344523429870605,-3.0026676732664184,-0.8783915638923645,-0.2982913665565449
2024-08-30 11:00:00+00:00,-25.77,-1.6543278694152832,-8.557645981692165,-0.7964041233062744,0.6898874189984734
2024-08-30 12:00:00+00:00,-7.42,-1.664709210395813,-6.566675058597531,-0.7559904456138611,1.9047269762589418
2024-08-30 13:00:00+00:00,-15.09,-1.667229413986206,-6.731251943849076,-0.7079574465751648,-1.7574892361859002
2024-08-30 14:00:00+00:00,5.86,-1.6562398672103882,0.78580414272764,-0.6901417374610901,6.803836772232786
2024-08-30 15:00:00+00:00,-0.51,-1.6477587223052979,-1.5088687119688333,-0.656355619430542,-1.9913319003076786
2024-08-30 16:00:00+00:00,-10.93,-1.6435750722885132,-8.117683835536406,-0.6276293992996216,-0.7211878134332702
2024-08-30 17:00:00+00:00,3.23,-1.6332861185073853,-6.100312756261834,-0.6264880299568176,0.794828200621356
2024-08-30 18:00:00+00:00,-59.75,-1.6284453868865967,-27.7805518779558,-0.678309977054596,-10.961128012940033
2024-09-02 10:00:00+00:00,-17.21,-1.627327561378479,-12.536405752151307,-0.6721979975700378,-0.2634911581828204
2024-09-02 11:00:00+00:00,1.39,-1.6165705919265747,1.0247379507548278,-0.68975830078125,3.4690215026275677
2024-09-02 12:00:00+00:00,11.93,-1.5966435670852661,7.922494571044741,-0.6722336411476135,2.705201651749527
2024-09-02 13:00:00+00:00,-17.13,-1.5861592292785645,-11.602991681722084,-0.6214414834976196,4.47771410980584
2024-09-02 14:00:00+00:00,-20.92,-1.574195146560669,-14.398928415832662,-0.6302307844161987,-2.816853837433732
2024-09-02 15:00:00+00:00,2.82,-1.5675458908081055,2.867659317973362,-0.625845730304718,1.4040937031863483
2024-09-02 16:00:00+00:00,8.47,-1.5739092826843262,3.6126625722962107,-0.5857378244400024,-3.0949397443639235
2024-09-02 17:00:00+00:00,-14.85,-1.5701237916946411,-10.872867674980897,-0.6147523522377014,-1.1728377711220963
2024-09-02 18:00:00+00:00,-19.52,-1.5494403839111328,-12.71386351499293,-0.6084110140800476,3.4794074008645994
2024-09-03 10:00:00+00:00,63.82,-1.5264941453933716,14.043690302591123,-0.5971824526786804,9.646343351477475
2024-09-03 11:00:00+00:00,-3.96,-1.5134425163269043,-3.797558185442738,-0.5452219843864441,0.7516472027800147
2024-09-03 12:00:00+00:00,1.93,-1.5174859762191772,-3.637816213382215,-0.49890103936195374,-5.765565863097092
2024-09-03 13:00:00+00:00,-29.24,-1.5111597776412964,-11.214308443364148,-0.47177308797836304,-1.052716720837798
2024-09-03 14:00:00+00:00,-5.83,-1.4999085664749146,-5.350541841011636,-0.4081798493862152,0.6688956411235111
2024-09-03 15:00:00+00:00,1.07,-1.4737918376922607,-1.7745323890086746,-0.3615263104438782,3.260535644987819
2024-09-03 16:00:00+00:00,-27.88,-1.4313240051269531,-10.106720305108164,-0.3203969895839691,-1.378802137726076
2024-09-03 17:00:00+00:00,-1.08,-1.3680940866470337,-1.3089711555137973,-0.346670925617218,1.2732666600499074
2024-09-03 18:00:00+00:00,31.1,-1.3045293092727661,6.923890893185314,-0.31224098801612854,0.3274767665860303
2024-09-04 10:00:00+00:00,1.77,-1.2438920736312866,2.1133661824075434,-0.27500319480895996,0.023198536115410118
2024-09-04 11:00:00+00:00,3.86,-1.1971818208694458,3.8379277909113485,-0.26165685057640076,1.349104339366598
2024-09-04 12:00:00+00:00,18.26,-1.1772449016571045,5.867430845825459,-0.25016385316848755,0.30819372417090496
2024-09-04 13:00:00+00:00,3.5,-1.1467256546020508,3.5190933129560094,-0.2306894212961197,-1.505368129698454
2024-09-04 14:00:00+00:00,-4.76,-1.1187167167663574,-2.040655149308639,-0.22543735802173615,-2.9521866628859543
2024-09-04 15:00:00+00:00,-0.5,-1.0898609161376953,0.197751842721702,-0.21230705082416534,0.30583033536180415
2024-09-04 16:00:00+00:00,14.31,-1.0549945831298828,10.044855213544347,-0.1963270604610443,5.115084477109336
2024-09-04 17:00:00+00:00,13.23,-1.0121746063232422,12.378686880819346,-0.19049160182476044,3.3641663517677647
2024-09-04 18:00:00+00:00,16.99,-0.9876238107681274,15.539793938073366,-0.1975821852684021,7.619609610776615
2024-09-05 10:00:00+00:00,1.47,-0.961744487285614,1.679227086256227,-0.22041313350200653,-2.802951133757113
2024-09-05 11:00:00+00:00,19.4,-0.9557599425315857,12.288131719023864,-0.2419830709695816,-4.3131397744489535
2024-09-05 12:00:00+00:00,1.14,-0.9452359676361084,1.847553235292607,-0.2635784447193146,-7.288079137705434
2024-09-05 13:00:00+00:00,9.43,-0.9625603556632996,5.1820803067263785,-0.2795875668525696,1.9879950513106501
2024-09-05 14:00:00+00:00,-4.12,-0.980404257774353,-3.177156799672103,-0.2880863845348358,-4.329472580665104
2024-09-05 15:00:00+00:00,-1.05,-1.0023623704910278,-1.0970220842519978,-0.30811572074890137,-1.6642923823445148
2024-09-05 16:00:00+00:00,-10.23,-1.0285367965698242,-8.772603640295406,-0.3345917761325836,0.33345935052748576
2024-09-05 17:00:00+00:00,-16.56,-1.0342882871627808,-9.498234697775846,-0.37956613302230835,-0.5471899213743414
2024-09-05 18:00:00+00:00,1.44,-1.033384919166565,0.8085327262939938,-0.4217509627342224,-3.5843583170462203
2024-09-06 10:00:00+00:00,-9.57,-1.0358580350875854,-5.012597288575233,-0.46478697657585144,-1.2874262442138533
2024-09-06 11:00:00+00:00,4.6,-1.0312237739562988,4.103908607994082,-0.5220664739608765,5.507395292276449
2024-09-06 12:00:00+00:00,-3.95,-1.0192750692367554,-0.027286604730477587,-0.552219569683075,-6.197922490989065
2024-09-06 13:00:00+00:00,6.37,-0.9990349411964417,6.383282857572234,-0.5515822172164917,-0.008573575324284127
2024-09-06 14:00:00+00:00,21.65,-0.9847694635391235,13.365426986547517,-0.5342764258384705,-2.4745202759302334
2024-09-06 15:00:00+00:00,2.13,-0.971297562122345,1.8896261655832949,-0.5003092885017395,-1.9104930263384508
2024-09-06 16:00:00+00:00,-19.53,-0.9610872864723206,-12.581633821808381,-0.43319061398506165,-11.936299548880525
2024-09-06 17:00:00+00:00,-1.39,-0.9333003163337708,-1.466101808216296,-0.3963365852832794,-1.6562111417382863
2024-09-06 18:00:00+00:00,48.41,-0.9035238027572632,10.336332003239143,-0.335471510887146,3.2050341481758933
2024-09-09 10:00:00+00:00,3.08,-0.8732303380966187,3.020261113393765,-0.2600517272949219,3.861372557080422
2024-09-09 11:00:00+00:00,9.84,-0.8462034463882446,8.61230566643588,-0.19346001744270325,1.963568238342191
2024-09-09 12:00:00+00:00,7.53,-0.8083810210227966,6.197785495842881,-0.14474382996559143,2.498585582779889
2024-09-09 13:00:00+00:00,-6.25,-0.7781674861907959,-3.6309637241465067,-0.10592945665121078,0.8385485471396481
2024-09-09 14:00:00+00:00,-2.04,-0.748002290725708,-2.1994640679001725,-0.05781463906168938,-1.579874081430514
2024-09-09 15:00:00+00:00,-0.38,-0.7178947925567627,-0.21485361136509246,-0.06245293840765953,-4.72743616700088
2024-09-09 16:00:00+00:00,10.21,-0.6820748448371887,5.874324075788445,-0.04359101876616478,4.681940203685979
2024-09-09 17:00:00+00:00,9.4,-0.6466034054756165,6.7886464044296675,-0.020314153283834457,4.030560707552921
2024-09-09 18:00:00+00:00,4.01,-0.631510853767395,3.629193133879084,0.011492227204144001,0.5656624352232114
2024-09-10 10:00:00+00:00,-10.8,-0.6175218820571899,-7.655119545506386,0.030065719038248062,-0.9912263099080174
2024-09-10 11:00:00+00:00,1.11,-0.6003066301345825,0.9772142417028176,0.05308249965310097,3.1287885061020546
2024-09-10 12:00:00+00:00,-2.68,-0.5713256001472473,-2.4121440077596072,0.0741666927933693,0.30344527581184194
2024-09-10 13:00:00+00:00,-3.28,-0.5333822965621948,-3.3820271146285017,0.09216020256280899,-0.23632217434165673
2024-09-10 14:00:00+00:00,-6.13,-0.49760082364082336,-5.741695614283316,0.12510111927986145,0.10478116016602679
2024-09-10 15:00:00+00:00,8.75,-0.46567678451538086,1.207254500721896,0.16588696837425232,1.2641819826931615
2024-09-10 16:00:00+00:00,-18.68,-0.4412810206413269,-9.468861240491279,0.20548096299171448,-1.1042229547668465
2024-09-10 17:00:00+00:00,-4.09,-0.4158678948879242,-4.13160862936356,0.19870221614837646,-3.0129530937195987
2024-09-10 18:00:00+00:00,1.35,-0.3837653398513794,0.7429316525307224,0.1924053430557251,-4.7097448687918115
2024-09-11 10:00:00+00:00,-8.47,-0.3407066762447357,-5.578579638664153,0.20288607478141785,-0.6059839185324805
2024-09-11 11:00:00+00:00,3.26,-0.2972865700721741,2.073502312982272,0.22757259011268616,-1.7703275082130103
2024-09-11 12:00:00+00:00,-1.01,-0.24484220147132874,-0.952379815197141,0.2630316913127899,-3.5947821075609534
2024-09-11 13:00:00+00:00,11.11,-0.18624651432037354,8.371277744945099,0.2837679088115692,-0.5487310981315865
2024-09-11 14:00:00+00:00,1.11,-0.12563344836235046,0.504657550489797,0.30988457798957825,0.30769064809149793
2024-09-11 15:00:00+00:00,-2.16,-0.07982397824525833,-2.1688441854135516,0.34075817465782166,2.8258171092800755
2024-09-11 16:00:00+00:00,-11.49,-0.04035618528723717,-8.467867827027447,0.41614028811454773,3.865007055390398
2024-09-11 17:00:00+00:00,2.95,0.014364694245159626,0.5917489063418452,0.45536938309669495,4.450686954187982
2024-09-11 18:00:00+00:00,-41.29,0.06973842531442642,-8.88041395147714,0.5141498446464539,-0.9308850071149328
2024-09-12 10:00:00+00:00,-2.34,0.11323107033967972,-2.815688375812953,0.6255330443382263,0.7967783840632393
2024-09-12 11:00:00+00:00,-2.38,0.14976704120635986,-2.3505063516605467,0.7401305437088013,-2.9789769337419076
2024-09-12 12:00:00+00:00,-1.16,0.18901535868644714,-1.0229373398371802,0.8718750476837158,0.6574474191519665
2024-09-12 13:00:00+00:00,2.96,0.2319711148738861,2.408995915107851,0.9498933553695679,-0.7204527019822831
2024-09-12 14:00:00+00:00,-16.22,0.27175137400627136,-6.848131535049842,1.049181342124939,-1.9703429424966483
2024-09-12 15:00:00+00:00,6.82,0.314351886510849,4.414302761695686,1.1634055376052856,-1.1364956242281778
2024-09-12 16:00:00+00:00,3.31,0.35649731755256653,2.368214214872749,1.3060731887817383,-1.788130719313332
2024-09-12 17:00:00+00:00,-2.73,0.4088827669620514,-1.0502411483799494,1.3771734237670898,3.1822329135995027
2024-09-12 18:00:00+00:00,19.71,0.4483288824558258,4.170269356041054,1.4634289741516113,3.3110547849779817
2024-09-13 10:00:00+00:00,-1.82,0.49218854308128357,-0.6991785969322931,1.5691323280334473,2.176675898819429
2024-09-13 11:00:00+00:00,0.64,0.5363402366638184,-0.022734520361978733,1.650937795639038,4.338037831135655
2024-09-13 12:00:00+00:00,-29.44,0.559339165687561,-6.286621579186459,1.7109873294830322,0.6317542746840883
2024-09-13 13:00:00+00:00,-3.29,0.5812792778015137,0.7689927716449843,1.7646344900131226,-2.4757630737552243
2024-09-13 14:00:00+00:00,27.59,0.5975366830825806,12.983913058596778,1.8084110021591187,2.132083457678484
2024-09-13 15:00:00+00:00,18.72,0.6197656393051147,13.30495427752079,1.8498135805130005,2.4305090966094474
2024-09-13 16:00:00+00:00,17.1,0.6284439563751221,15.333640666378272,1.8866111040115356,3.8149893159779813
2024-09-13 17:00:00+00:00,14.78,0.6237421035766602,13.840853959594845,1.886315941810608,-1.2906257310313511
2024-09-13 18:00:00+00:00,9.98,0.6293038725852966,10.311196477195798,1.897727608680725,0.0355136172467696
2024-09-16 10:00:00+00:00,20.55,0.639458954334259,16.760427010347403,1.8955813646316528,1.4141969001381742
2024-09-16 11:00:00+00:00,21.02,0.6433504819869995,13.068326293780801,1.899103045463562,0.3041302962454322
2024-09-16 12:00:00+00:00,-0.39,0.6401824355125427,2.3554884596311214,1.897678256034851,1.279395972165488
2024-09-16 13:00:00+00:00,6.38,0.6324923634529114,5.948635886256233,1.8845335245132446,0.9900148479329725
2024-09-16 14:00:00+00:00,4.47,0.6393138766288757,3.7046878507290595,1.8759092092514038,5.455134764599919
2024-09-16 15:00:00+00:00,-0.31,0.6472048163414001,-0.23828155665663034,1.8533087968826294,1.2767129827540762
2024-09-16 16:00:00+00:00,3.72,0.6587145328521729,2.971388269411095,1.8362807035446167,-2.030084035011352
2024-09-16 17:00:00+00:00,-0.21,0.6841840744018555,-0.05380779706730242,1.8096109628677368,-4.297303462433977
2024-09-16 18:00:00+00:00,-2.16,0.7182011604309082,-2.1225992172319716,1.7851961851119995,-3.1808454422255608
2024-09-17 10:00:00+00:00,7.48,0.7651420831680298,5.52892130474113,1.7788406610488892,0.1494004652026633
2024-09-17 11:00:00+00:00,-4.37,0.7986569404602051,-3.7270872112773934,1.7536147832870483,-7.781794278885214
2024-09-17 12:00:00+00:00,-2.67,0.8370732069015503,-1.66583586511986,1.735923409461975,-2.2336708182889855
2024-09-17 13:00:00+00:00,-8.57,0.8732149600982666,-3.5337474406440736,1.6929917335510254,-0.3303745945526414
2024-09-17 14:00:00+00:00,11.22,0.9002058506011963,4.070819253358586,1.6608761548995972,0.9244730734036773
2024-09-17 15:00:00+00:00,7.94,0.9200596809387207,5.423693008112928,1.6465100049972534,0.6567026231645232
2024-09-17 16:00:00+00:00,20.67,0.9435422420501709,4.33555007507041,1.638670802116394,1.810854113834564
2024-09-17 17:00:00+00:00,0.3,0.9485664367675781,0.33999222055527667,1.6268361806869507,-1.0837108371000077
2024-09-17 18:00:00+00:00,0.35,0.9391063451766968,-0.4453398927596679,1.6111863851547241,-2.40693447146093
2024-09-18 10:00:00+00:00,-9.33,0.9272029399871826,-6.020429691410428,1.5941232442855835,-4.268464493034198
2024-09-18 11:00:00+00:00,-2.51,0.9075071811676025,-3.199446409784609,1.5735461711883545,-5.111242143212084
2024-09-18 12:00:00+00:00,-7.32,0.8992294073104858,-4.637413799846409,1.551937222480774,-3.204633493274467
2024-09-18 13:00:00+00:00,-11.35,0.8861151933670044,-4.935655565035268,1.5354020595550537,-3.1699143596475396
2024-09-18 14:00:00+00:00,4.8,0.8690264225006104,3.4093504172362126,1.5162523984909058,-3.228000572608172
2024-09-18 15:00:00+00:00,10.39,0.872840404510498,3.5563573390226657,1.4985135793685913,-3.838871430145055
2024-09-18 16:00:00+00:00,-1.08,0.8749842643737793,-1.1406983542068931,1.481047511100769,-1.3948454143982407
2024-09-18 17:00:00+00:00,-6.26,0.8861790895462036,-3.298119628160398,1.455163836479187,-4.129301821551415
2024-09-18 18:00:00+00:00,-5.46,0.8795348405838013,-2.3241039696516457,1.432042121887207,1.5034290112523798
2024-09-19 10:00:00+00:00,12.26,0.8863793611526489,5.796130288051769,1.411513090133667,-1.389631848778841
2024-09-19 11:00:00+00:00,18.82,0.891427755355835,5.863770010104949,1.3876781463623047,-1.9953329768703558
2024-09-19 12:00:00+00:00,-13.58,0.8992244005203247,-5.655650373088791,1.3638895750045776,-0.7155138257223093
2024-09-19 13:00:00+00:00,6.79,0.8852361440658569,0.6720732201060166,1.3369513750076294,2.6828594012467093
2024-09-19 14:00:00+00:00,-16.86,0.8735806941986084,-2.3921977119381976,1.3083702325820923,-2.340958670249156
2024-09-19 15:00:00+00:00,4.63,0.855902910232544,4.484526092813987,1.2764896154403687,-3.4735860501141174
2024-09-19 16:00:00+00:00,5.56,0.8279441595077515,3.9015952543616645,1.2666432857513428,2.208975632755185
2024-09-19 17:00:00+00:00,-4.98,0.8030896186828613,0.2360939811903685,1.245781660079956,1.892835121036129
2024-09-19 18:00:00+00:00,17.8,0.773125410079956,7.217303218746084,1.2322916984558105,-4.0890261180011676
2024-09-20 10:00:00+00:00,8.49,0.7439639568328857,4.997573112572368,1.2183061838150024,-1.7902408499598081
2024-09-20 11:00:00+00:00,2.0,0.7028488516807556,1.7858396558245404,1.1906846761703491,4.639791237415771
2024-09-20 12:00:00+00:00,-0.28,0.6690016984939575,-0.10045371505116915,1.1480659246444702,-0.06467914028170896
2024-09-20 13:00:00+00:00,3.86,0.6445637345314026,0.3752851358942717,1.0972825288772583,-0.9413339204943265
2024-09-20 14:00:00+00:00,-5.8,0.6210266351699829,-4.099879641206872,1.0390253067016602,2.214676134475302
2024-09-20 15:00:00+00:00,-3.75,0.5921919345855713,-2.902224361796351,0.976418137550354,-1.1438139764215252
2024-09-20 16:00:00+00:00,-1.46,0.5627149343490601,0.30733614838497647,0.9194306135177612,-2.3201027552484352
2024-09-20 17:00:00+00:00,2.58,0.560910165309906,1.6484039765888374,0.8497790098190308,-1.883044781505642
2024-09-20 18:00:00+00:00,29.52,0.5511742234230042,6.652348847046469,0.789778470993042,1.7887534650615913
2024-09-23 10:00:00+00:00,2.15,0.5422906875610352,2.1907905563905743,0.7217570543289185,4.201743936668057
2024-09-23 11:00:00+00:00,-3.6,0.5235050320625305,0.0313370870369019,0.6602897047996521,-1.9088422400683052
2024-09-23 12:00:00+00:00,9.29,0.5116320252418518,3.552600624321788,0.6147952079772949,-0.14208769809346627
2024-09-23 13:00:00+00:00,2.7,0.5050460696220398,1.5528250995623796,0.5707387328147888,-3.149304700491576
2024-09-23 14:00:00+00:00,-1.22,0.49128028750419617,0.5603717712711901,0.5327616333961487,1.7113931909623163
2024-09-23 15:00:00+00:00,6.64,0.48058149218559265,3.0344239482192066,0.48397842049598694,1.1871394882401873
2024-09-23 16:00:00+00:00,3.97,0.4615143835544586,-0.9019051556590393,0.44576790928840637,2.8147167699488778
2024-09-23 17:00:00+00:00,-11.93,0.457398384809494,-3.680916405144634,0.4047473967075348,-0.5284054950618449
2024-09-23 18:00:00+00:00,16.75,0.4476809799671173,5.560886982756571,0.3723813593387604,-1.968302797033908
2024-09-24 10:00:00+00:00,11.61,0.44297853112220764,5.874251824623131,0.35078975558280945,-0.7618436084409848
2024-09-24 11:00:00+00:00,9.14,0.4739812910556793,1.8642882887709447,0.3382558524608612,-1.6045788276280608
2024-09-24 12:00:00+00:00,-0.94,0.5054062604904175,0.2698209335890376,0.3181062638759613,4.6726278456917045
2024-09-24 13:00:00+00:00,-2.64,0.5356099009513855,-2.663527963704714,0.29356637597084045,-3.43748771104867
2024-09-24 14:00:00+00:00,-1.97,0.5641445517539978,-0.3335963222146036,0.27384671568870544,0.7080768242016
2024-09-24 15:00:00+00:00,5.67,0.56700199842453,2.114755237880603,0.25110843777656555,1.2712172770303625
2024-09-24 16:00:00+00:00,10.67,0.5526577830314636,4.614726794124601,0.23946234583854675,2.5266982840794308
2024-09-24 17:00:00+00:00,3.8,0.5323457717895508,1.0016092477309413,0.22709307074546814,4.0976238250975685
2024-09-24 18:00:00+00:00,-15.22,0.4975016415119171,-8.237806312063949,0.22233697772026062,-2.119405764237678
2024-09-25 10:00:00+00:00,8.37,0.44784775376319885,1.71819638043808,0.21332570910453796,-0.2656822275490364
2024-09-25 11:00:00+00:00,17.57,0.38753727078437805,1.0520675687596406,0.1962527334690094,1.5457188065366643
2024-09-25 12:00:00+00:00,-3.58,0.33580276370048523,-3.246779666834357,0.17821413278579712,-2.0886780757730277
2024-09-25 13:00:00+00:00,-13.14,0.2867955267429352,-4.5246640161741345,0.15810048580169678,-0.42164539886869223
2024-09-25 14:00:00+00:00,-1.6,0.24204930663108826,-1.6638053124912489,0.14340722560882568,-2.3963663208822426
2024-09-25 15:00:00+00:00,-18.47,0.1949807107448578,-5.37600123357063,0.12260419875383377,-1.9966636285838197
2024-09-25 16:00:00+00:00,-7.4,0.15801694989204407,-5.561827416656163,0.10493851453065872,-10.748290766450983
2024-09-25 17:00:00+00:00,-8.38,0.15501010417938232,-7.064862365130946,0.0849907174706459,-4.65992434447684
2024-09-25 18:00:00+00:00,-17.81,0.1339448094367981,-8.104176320716439,0.06147128716111183,-3.755801837236616
2024-09-26 10:00:00+00:00,16.92,0.10565567761659622,8.868182677737492,0.04988190904259682,0.23918539470232003
2024-09-26 11:00:00+00:00,7.89,0.0822841003537178,5.26463180014607,0.042041484266519547,-1.5774445069841212
2024-09-26 12:00:00+00:00,-8.16,0.06784192472696304,-4.955923890296327,0.03929967060685158,-1.3452169570477466
2024-09-26 13:00:00+00:00,9.22,0.06411469727754593,1.6776539093316902,0.034493688493967056,-5.7479746297263645
2024-09-26 14:00:00+00:00,-12.56,0.06549907475709915,-6.453124516360379,0.03404760733246803,-2.883909765783129
2024-09-26 15:00:00+00:00,-10.35,0.0712827518582344,-4.658369198643907,0.032775137573480606,2.9320530852903186
2024-09-26 16:00:00+00:00,7.52,0.07260391861200333,3.474503974659501,0.03511396422982216,-2.2711510048895653
2024-09-26 17:00:00+00:00,6.87,0.08885017782449722,4.449700783995713,0.021155986934900284,-4.05942167372451
2024-09-26 18:00:00+00:00,2.56,0.0834483876824379,3.0767628598153003,0.011454408057034016,2.209034402918881
2024-09-27 10:00:00+00:00,7.89,0.08060894161462784,4.575056944035452,0.0021781367249786854,-4.552498258611941
2024-09-27 11:00:00+00:00,5.68,0.08283091336488724,4.68492088447849,-0.008541102521121502,-4.489250161217395
2024-09-27 12:00:00+00:00,0.34,0.08982104808092117,0.3994119254720695,-0.014915312640368938,-0.08679914838765027
2024-09-27 13:00:00+00:00,-5.01,0.09970397502183914,-2.347493161980994,-0.023277129977941513,-0.28103496295983965
2024-09-27 14:00:00+00:00,-0.11,0.11480889469385147,-0.2112532193257688,-0.03964244946837425,-2.24522432332408
2024-09-27 15:00:00+00:00,4.2,0.12530678510665894,3.887331186568014,-0.05433104559779167,-0.4703280661824941
2024-09-27 16:00:00+00:00,8.85,0.13968077301979065,6.740817635211835,-0.06088503822684288,4.81134400871899
2024-09-27 17:00:00+00:00,4.51,0.16545718908309937,4.407394179037256,-0.07442639023065567,-1.1941717846079392
2024-09-27 18:00:00+00:00,19.37,0.18827077746391296,8.742738562800882,-0.0873958095908165,1.2454975498887688
2024-09-30 10:00:00+00:00,1.81,0.20785310864448547,1.1722685938230144,-0.10295113176107407,-2.0979438345525154
2024-09-30 11:00:00+00:00,-21.28,0.2102610468864441,-12.056023596684197,-0.11633995920419693,-0.7503775090031969
2024-09-30 12:00:00+00:00,1.99,0.22679993510246277,1.488077536658272,-0.13573414087295532,-3.32780525293646
2024-09-30 13:00:00+00:00,-15.48,0.2425738275051117,-7.84639646070935,-0.17350849509239197,-1.6819147582316254
2024-09-30 14:00:00+00:00,11.6,0.2649998962879181,2.321163732925671,-0.19621360301971436,4.452649961927669
2024-09-30 15:00:00+00:00,2.34,0.29365798830986023,2.2391974745856587,-0.2224339246749878,-0.4657048615113001
2024-09-30 16:00:00+00:00,-9.48,0.3090536296367645,-7.282208468191973,-0.24828195571899414,2.884501607366919
2024-09-30 17:00:00+00:00,8.13,0.33485546708106995,2.681236645235147,-0.27895861864089966,-2.0530638867087587
2024-09-30 18:00:00+00:00,-42.74,0.35147127509117126,-16.05248834734501,-0.2858802378177643,-11.969280892995409
2024-10-01 10:00:00+00:00,-8.91,0.3628334105014801,-8.553918399829872,-0.2838076949119568,-2.7629877272226424
2024-10-01 11:00:00+00:00,13.51,0.36173173785209656,7.248226494531918,-0.2908644676208496,-3.577884879964972
2024-10-01 12:00:00+00:00,-2.15,0.36214151978492737,-1.4331985736023387,-0.29130712151527405,-2.606619435392197
2024-10-01 13:00:00+00:00,-1.4,0.35629644989967346,-1.411999013761319,-0.2839248478412628,0.6726502407436734
2024-10-01 14:00:00+00:00,-7.53,0.3621564209461212,-4.4864359034698165,-0.2639823257923126,-5.920319856590891
2024-10-01 15:00:00+00:00,5.15,0.3672674000263214,2.551369262117996,-0.24580734968185425,3.0736507240778006
2024-10-01 16:00:00+00:00,8.73,0.37273362278938293,5.917372629405149,-0.21655258536338806,-0.04416833702581921
2024-10-01 17:00:00+00:00,-8.03,0.3714100420475006,-5.622330343595314,-0.2238273024559021,-5.2701303300325195
2024-10-01 18:00:00+00:00,22.68,0.3692215383052826,6.580359189275605,-0.2084108591079712,1.4787793049892723
2024-10-02 10:00:00+00:00,-3.73,0.3691309988498688,-2.690408721320527,-0.18197788298130035,-1.5806680200661714
2024-10-02 11:00:00+00:00,-7.11,0.3583194315433502,-6.230472495180477,-0.1533595323562622,-5.072110480498367
2024-10-02 12:00:00+00:00,3.64,0.3469107449054718,-0.32386452078755734,-0.12008208781480789,2.5929439741130738
2024-10-02 13:00:00+00:00,-4.39,0.3392888605594635,-4.834912533823651,-0.08115582913160324,-2.5399488612019074
2024-10-02 14:00:00+00:00,-14.88,0.3284381926059723,-9.957763814057236,-0.044065605849027634,0.3141326405403677
2024-10-02 15:00:00+00:00,-1.7,0.31543806195259094,-4.239602720051948,-0.006763662677258253,1.55655246663386
2024-10-02 16:00:00+00:00,-21.21,0.29772183299064636,-10.049358563420276,0.04016206040978432,-3.443317560531043
2024-10-02 17:00:00+00:00,-20.7,0.2833063304424286,-14.348673932751717,0.03199336305260658,-3.2079650290245176
2024-10-02 18:00:00+00:00,-0.66,0.25545427203178406,-2.79100348102986,0.05028054490685463,-3.295013981052551
2024-10-03 10:00:00+00:00,-8.53,0.22341617941856384,-6.037852171690603,0.07216326147317886,-4.084665583161593
2024-10-03 11:00:00+00:00,-0.18,0.19059503078460693,-0.3682314119739446,0.09938950091600418,3.2045862490623027
2024-10-03 12:00:00+00:00,-11.36,0.17744365334510803,-4.054953126482884,0.13285383582115173,-4.7132206616720085
2024-10-03 13:00:00+00:00,-1.38,0.17765381932258606,-1.2954022453272902,0.1635168492794037,1.1352968099242253
2024-10-03 14:00:00+00:00,28.8,0.18344557285308838,5.230212525952063,0.19982591271400452,3.864545901051925
2024-10-03 15:00:00+00:00,10.64,0.19346362352371216,6.6754277804371505,0.2247021496295929,0.016064607465789332
2024-10-03 16:00:00+00:00,-0.3,0.20477929711341858,0.3244051017384021,0.24331918358802795,4.2974037258688895
2024-10-03 17:00:00+00:00,-1.43,0.2207868993282318,-1.125430896789188,0.23940560221672058,2.977876014416597
2024-10-03 18:00:00+00:00,29.09,0.2372458279132843,4.504119204706208,0.2448120415210724,-1.8833435613953249
2024-10-04 10:00:00+00:00,3.76,0.2544337809085846,0.7438206985976051,0.24324849247932434,1.434837090177334
2024-10-04 11:00:00+00:00,-7.46,0.2530066668987274,-4.416802609115911,0.2325456440448761,0.9709440034596128
2024-10-04 12:00:00+00:00,6.16,0.2556594908237457,-0.4086213176876078,0.23060736060142517,2.263486487249129
2024-10-04 13:00:00+00:00,-4.22,0.2562856376171112,-3.062951482604712,0.20718151330947876,-2.063077183628914
2024-10-04 14:00:00+00:00,-11.8,0.22884336113929749,-4.487842755866439,0.2270192801952362,-2.518522253003244
2024-10-04 15:00:00+00:00,-1.98,0.20550838112831116,-1.9382861924626058,0.19572356343269348,-3.4309999223979517
2024-10-04 16:00:00+00:00,5.16,0.17121854424476624,0.3470617695646401,0.18252909183502197,-0.8728914127387544
2024-10-04 17:00:00+00:00,3.52,0.16646897792816162,-0.19094615971942897,0.12628835439682007,0.554720037284487
2024-10-04 18:00:00+00:00,-7.96,0.17053845524787903,-2.6891374854657024,0.07665557414293289,-2.109870685733216
2024-10-07 10:00:00+00:00,2.76,0.14967340230941772,0.26894049265910996,0.05398145690560341,3.066188271262521
2024-10-07 11:00:00+00:00,-11.85,0.12003273516893387,-5.085676394223578,0.06749490648508072,-1.670918325717072
2024-10-07 12:00:00+00:00,-4.25,0.10540581494569778,-2.6847982724542434,0.05942634120583534,1.8103235636424
2024-10-07 13:00:00+00:00,3.63,0.0817447379231453,0.2297340904727569,0.030921105295419693,-1.2057181496345974
2024-10-07 14:00:00+00:00,-4.95,0.04452059045433998,-1.145944019212557,0.016962531954050064,-2.243789369222189
2024-10-07 15:00:00+00:00,13.1,0.01624569669365883,0.4284128248510498,0.01532891858369112,2.0384307757893563
2024-10-07 16:00:00+00:00,-5.56,-0.006484206300228834,-1.411055374251151,-0.005516912322491407,-2.1883578249956646
2024-10-07 17:00:00+00:00,4.3,-0.008969034068286419,-0.04316427307478668,-0.014277364127337933,2.8758944616234894
2024-10-07 18:00:00+00:00,-14.34,-0.023456450551748276,-1.1392981419191388,-0.02488812431693077,-2.491999952067958
2024-10-08 10:00:00+00:00,0.32,-0.03949318453669548,0.3578626305245032,-0.04057085141539574,-2.6631199139116233
2024-10-08 11:00:00+00:00,16.59,-0.04381188377737999,0.10667465335858073,-0.05498170480132103,-0.9490243360046312
2024-10-08 12:00:00+00:00,1.3,-0.05824537202715874,0.02362102487166652,-0.05467357859015465,-3.815916757291699
2024-10-08 13:00:00+00:00,-9.5,-0.09002617746591568,-1.0480746203024665,-0.05566893145442009,-0.8140112813674468
2024-10-08 14:00:00+00:00,-2.11,-0.12129614502191544,-0.9833434567958853,-0.0638456866145134,-3.871830566268121
2024-10-08 15:00:00+00:00,1.15,-0.1405300498008728,-1.3339622318776139,-0.047284793108701706,0.19955130098784585
2024-10-08 16:00:00+00:00,0.68,-0.16118305921554565,-0.284768597587274,-0.029918547719717026,-4.38216233400122
2024-10-08 17:00:00+00:00,0.44,-0.15469323098659515,-0.5604407336232584,-0.007006074767559767,-3.05797096701898
2024-10-08 18:00:00+00:00,-11.79,-0.17325817048549652,-3.223254731269144,0.027421388775110245,-1.3019286600371596
2024-10-09 10:00:00+00:00,-0.22,-0.18545357882976532,-2.001841358830635,0.047298822551965714,-0.9534997778635979
2024-10-09 11:00:00+00:00,-5.51,-0.21417051553726196,-3.6398135486613046,0.055388156324625015,-3.1470527422920864
2024-10-09 12:00:00+00:00,-8.19,-0.2510090172290802,-4.253670299804033,0.04246709123253822,-5.140335878298944
2024-10-09 13:00:00+00:00,3.5,-0.25809773802757263,1.2387994695439066,0.05372944846749306,1.1693933296783212
2024-10-09 14:00:00+00:00,-2.34,-0.28464293479919434,-1.7263503998812197,0.06019354239106178,-3.9679676259980416
2024-10-09 15:00:00+00:00,-11.91,-0.3071744441986084,-2.495912704472045,0.07227052003145218,-2.288610448445097
2024-10-09 16:00:00+00:00,0.99,-0.3395460844039917,0.6807891435934159,0.12417242676019669,0.844552845216957
2024-10-09 17:00:00+00:00,-4.09,-0.35149845480918884,-1.3656797708404351,0.1270267367362976,-3.8831032922972755
2024-10-09 18:00:00+00:00,14.82,-0.35091322660446167,5.738103896932141,0.13468396663665771,1.4480862840903297
2024-10-10 10:00:00+00:00,9.82,-0.35511288046836853,2.3781082717024233,0.1286095380783081,0.7696596412637813
2024-10-10 11:00:00+00:00,-5.24,-0.35958966612815857,-1.4136195787663086,0.10723239928483963,2.027980893044945
2024-10-10 12:00:00+00:00,-8.3,-0.3665147125720978,-1.3345496884724395,0.13077011704444885,2.0631379228895543
2024-10-10 13:00:00+00:00,-6.23,-0.38697242736816406,-1.437947343916997,0.13318365812301636,-4.327069955392403
2024-10-10 14:00:00+00:00,6.22,-0.38906171917915344,-0.633280882722736,0.13719111680984497,-2.4579588768286427
2024-10-10 15:00:00+00:00,3.55,-0.40593352913856506,0.15643470673603832,0.17028626799583435,0.09947210155527603
2024-10-10 16:00:00+00:00,-0.68,-0.41431301832199097,-0.39202317660922864,0.17138826847076416,3.414320793842178
2024-10-10 17:00:00+00:00,-1.23,-0.4171450436115265,-1.2443139072240819,0.17300668358802795,3.7835475858282286
2024-10-10 18:00:00+00:00,-8.24,-0.4231537878513336,-1.4444149310448842,0.17820978164672852,0.9562240141271328
2024-10-11 10:00:00+00:00,0.05,-0.4359275996685028,-0.63862515431161,0.1591193974018097,-2.487545632742624
2024-10-11 11:00:00+00:00,-10.16,-0.45133504271507263,-1.9573618274862745,0.1622035801410675,-3.9048664142054412
2024-10-11 12:00:00+00:00,-2.6,-0.4534069895744324,-1.2913525780937058,0.14676156640052795,-5.236639422229927
2024-10-11 13:00:00+00:00,1.33,-0.44788432121276855,-0.27690125615169925,0.11652881652116776,-3.0168588961615765
2024-10-11 14:00:00+00:00,-0.83,-0.4419499635696411,-0.6811396315493902,0.10245553404092789,0.19343295478011927
2024-10-11 15:00:00+00:00,-1.17,-0.43707701563835144,-0.41140214087230215,0.11284217983484268,-1.0498896253735068
2024-10-11 16:00:00+00:00,4.68,-0.4291587769985199,0.5099754616309058,0.1183231845498085,-4.748814491885851
2024-10-11 17:00:00+00:00,9.92,-0.41165709495544434,2.9688650113381843,0.12140781432390213,-2.1297435482529625
2024-10-11 18:00:00+00:00,-24.94,-0.4072478711605072,-4.242488679427295,0.1066993847489357,-2.842194014229881
2024-10-14 10:00:00+00:00,-3.54,-0.4044642150402069,-1.418696173715345,0.12853682041168213,1.020677881651693
2024-10-14 11:00:00+00:00,9.84,-0.40629684925079346,3.3344326248235294,0.11637181788682938,-2.1045853060638438
2024-10-14 12:00:00+00:00,23.34,-0.40146109461784363,2.5169706330975012,0.12523409724235535,1.809326813358673
2024-10-14 13:00:00+00:00,7.04,-0.3831881284713745,3.71470090570386,0.12715137004852295,3.2069031750001296
2024-10-14 14:00:00+00:00,-0.64,-0.3739158809185028,0.6071744736445204,0.1254163682460785,1.3732556294162181
2024-10-14 15:00:00+00:00,16.23,-0.3657360374927521,0.3529212314512171,0.12766268849372864,5.374338681267554
2024-10-14 16:00:00+00:00,-2.37,-0.35091260075569153,-2.8790279791801527,0.15419888496398926,0.9143279781711215
2024-10-14 17:00:00+00:00,-6.12,-0.3348095417022705,-2.107424025124655,0.15120038390159607,1.511162625719607
2024-10-14 18:00:00+00:00,6.94,-0.3087175488471985,0.9944408512684222,0.15098977088928223,3.7792164692569563
2024-10-15 10:00:00+00:00,14.61,-0.28548237681388855,1.3776105338421505,0.15428009629249573,2.255141745673311
2024-10-15 11:00:00+00:00,6.32,-0.2634970545768738,2.0032698371987396,0.1506848931312561,0.6138066797096156
2024-10-15 12:00:00+00:00,-4.86,-0.23055937886238098,-1.658913705433465,0.15095412731170654,-4.73926452732931
2024-10-15 13:00:00+00:00,12.0,-0.1919502168893814,1.6450038402464255,0.16099265217781067,-2.1905580587723605
2024-10-15 14:00:00+00:00,-9.63,-0.1516002118587494,-3.9364704717093932,0.14519894123077393,1.2579291401047368
2024-10-15 15:00:00+00:00,-3.84,-0.0998787209391594,-1.7311115698117243,0.10688010603189468,0.04059015153433351
2024-10-15 16:00:00+00:00,6.57,-0.04209147021174431,1.5007222112515664,0.07188505679368973,1.9900090872683815
2024-10-15 17:00:00+00:00,4.32,-0.0012318448862060905,0.9312312581160485,0.0008038324886001647,-3.7057866043181336
2024-10-15 18:00:00+00:00,11.17,0.052354518324136734,3.82997609905224,-0.03285067901015282,7.550260156578771
2024-10-16 10:00:00+00:00,8.71,0.07587859779596329,1.5462076231208286,-0.07824508100748062,-1.7515396998106438
2024-10-16 11:00:00+00:00,-23.44,0.08892891556024551,-7.024984493974231,-0.07602792233228683,-0.19010762270668108
2024-10-16 12:00:00+00:00,-0.84,0.08674166351556778,-1.0824900366847396,-0.0633377805352211,-1.7025482152794054
2024-10-16 13:00:00+00:00,-8.79,0.0842258408665657,-1.8418593437658715,-0.05450029298663139,-0.9126325506648402
2024-10-16 14:00:00+00:00,-0.4,0.10190857201814651,-0.39342131521992835,-0.0764143094420433,1.9390300735880879
2024-10-16 15:00:00+00:00,-3.64,0.11024592071771622,-1.938546151203777,-0.09226814657449722,-2.618367955756495
2024-10-16 16:00:00+00:00,-5.85,0.12609601020812988,-2.0574258014129456,-0.1112373098731041,0.0515628068042015
2024-10-16 17:00:00+00:00,0.75,0.12991875410079956,0.717117849715428,-0.1525915414094925,-1.8598332211006774
2024-10-16 18:00:00+00:00,3.1,0.14521336555480957,2.8232097232936613,-0.19124284386634827,-4.072024644308618
2024-10-17 10:00:00+00:00,-3.14,0.1830376386642456,-2.115212220231715,-0.23626494407653809,-4.263788634257949
2024-10-17 11:00:00+00:00,-9.64,0.2132040560245514,-3.228002807151842,-0.29965269565582275,-2.7759682331346016
2024-10-17 12:00:00+00:00,-4.06,0.23387131094932556,-3.4891207132197235,-0.322893887758255,-1.6352280880008414
2024-10-17 13:00:00+00:00,2.21,0.250822514295578,-0.8717579392573539,-0.362107515335083,-2.964621655386914
2024-10-17 14:00:00+00:00,0.54,0.26793983578681946,0.271232103960977,-0.37398502230644226,1.2668693822699197
2024-10-17 15:00:00+00:00,1.53,0.27714261412620544,-0.807691683832894,-0.3951214551925659,-1.1120895331689327
2024-10-17 16:00:00+00:00,0.44,0.29480674862861633,0.44211779726886924,-0.3854741156101227,1.7893596883307763
2024-10-17 17:00:00+00:00,-10.91,0.2946145832538605,-1.6405655073217074,-0.38621482253074646,-2.815081269239158
2024-10-17 18:00:00+00:00,-4.03,0.2979165017604828,-1.8722581608618405,-0.37879085540771484,-2.8330545355654073
2024-10-18 10:00:00+00:00,0.79,0.30126312375068665,0.019528231392293094,-0.37114354968070984,-2.0663664600233544
2024-10-18 11:00:00+00:00,-1.48,0.3072817623615265,-1.422765794397145,-0.3861692547798157,-1.6035282300488098
2024-10-18 12:00:00+00:00,-10.95,0.30891475081443787,-1.2013313015297502,-0.40585216879844666,0.6812253358908651
2024-10-18 13:00:00+00:00,3.78,0.3147883713245392,-0.22090282070775652,-0.38800638914108276,1.1905975995068256
2024-10-18 14:00:00+00:00,0.35,0.29892709851264954,-0.08211690181672293,-0.3630337417125702,0.20051814103596782
2024-10-18 15:00:00+00:00,-4.97,0.28552958369255066,-1.0728645546034716,-0.3206883668899536,-1.1752607650868767
2024-10-18 16:00:00+00:00,7.88,0.26940789818763733,-0.8689403431742362,-0.25316017866134644,-2.7574298071780117
2024-10-18 17:00:00+00:00,-3.0,0.25797197222709656,-0.6175470474570046,-0.24327415227890015,-0.9762741435147427
2024-10-18 18:00:00+00:00,18.82,0.27073588967323303,1.2648224883834938,-0.23415426909923553,1.362431702110798
2024-10-21 10:00:00+00:00,-2.88,0.2860651910305023,-0.19549091187832046,-0.2068677544593811,2.633669251962187
2024-10-21 11:00:00+00:00,8.05,0.30538591742515564,1.3671531622709268,-0.18538740277290344,1.4529385241503612
2024-10-21 12:00:00+00:00,1.91,0.3139718472957611,-0.529885232270192,-0.17748869955539703,4.960547990033272
2024-10-21 13:00:00+00:00,-6.61,0.32551130652427673,-2.9774902685310964,-0.18948911130428314,0.8666998626131912
2024-10-21 14:00:00+00:00,4.4,0.3520744740962982,0.23214135165142602,-0.18826188147068024,-0.8327963214837216
2024-10-21 15:00:00+00:00,2.59,0.3848781883716583,1.0063907217104149,-0.22686080634593964,1.9265397219711806
2024-10-21 16:00:00+00:00,-4.27,0.40215054154396057,-2.251959137383458,-0.2837202847003937,-1.239893830959319
2024-10-21 17:00:00+00:00,-6.2,0.40209099650382996,-2.7685302190368235,-0.337461918592453,4.105420174569196
2024-10-21 18:00:00+00:00,-5.38,0.4043879806995392,-2.531812554873103,-0.37072476744651794,-1.3475649384964206
2024-10-22 10:00:00+00:00,-0.89,0.39713743329048157,-0.8797504459682883,-0.39939364790916443,-2.2975801273747356
2024-10-22 11:00:00+00:00,13.54,0.38914361596107483,-0.9286809387632559,-0.44564080238342285,0.5525225514395071
2024-10-22 12:00:00+00:00,-4.08,0.38545355200767517,-2.9891229423403405,-0.47940459847450256,2.4193391128623687
2024-10-22 13:00:00+00:00,-1.2,0.3739946782588959,-1.8712829958142945,-0.5212037563323975,-2.793123676005866
2024-10-22 14:00:00+00:00,-5.96,0.36186376214027405,-2.479292396955634,-0.5528392195701599,-4.8242681116121995
2024-10-22 15:00:00+00:00,-1.08,0.34484443068504333,-1.1192408905603453,-0.5928910374641418,0.4458281508797176
2024-10-22 16:00:00+00:00,-3.6,0.3367575705051422,-2.1633231369135584,-0.6265661716461182,-2.063959858900281
2024-10-22 17:00:00+00:00,-3.87,0.30779388546943665,-3.9797165550170566,-0.6709226965904236,-1.6438591412752024
2024-10-22 18:00:00+00:00,-22.55,0.28869572281837463,-2.9078959038950303,-0.6652618050575256,-1.3215177996275749
2024-10-23 10:00:00+00:00,6.87,0.2701704800128937,3.2420313457536545,-0.6682841181755066,-0.15285518491889805
2024-10-23 11:00:00+00:00,1.7,0.2702355682849884,0.8572644208543333,-0.6807777285575867,-3.4519914527023077
2024-10-23 12:00:00+00:00,6.93,0.28464236855506897,1.4559078713313007,-0.6600754261016846,-4.745824134121943
2024-10-23 13:00:00+00:00,-7.1,0.3047374188899994,-2.118789669638202,-0.6094314455986023,-2.1436724914024845
2024-10-23 14:00:00+00:00,7.11,0.31312867999076843,-0.34009005544054066,-0.5918005108833313,-2.757129708708236
2024-10-23 15:00:00+00:00,-1.32,0.31341204047203064,-1.3054101418336947,-0.5656217336654663,1.312889103745305
2024-10-23 16:00:00+00:00,-4.63,0.3129606544971466,-1.8167673931502044,-0.522806704044342,-2.107935623971488
2024-10-23 17:00:00+00:00,-7.27,0.31580260396003723,-1.4973649869969923,-0.5053189396858215,-3.1257258633584444
2024-10-23 18:00:00+00:00,-28.41,0.3232930600643158,-4.366165861890371,-0.4789182245731354,-2.489133256065512
2024-10-24 10:00:00+00:00,3.12,0.33506378531455994,2.640274480312683,-0.45110487937927246,2.863928476308973
2024-10-24 11:00:00+00:00,-13.55,0.34442904591560364,-3.0951632922367733,-0.3888377547264099,-1.7802054540488381
2024-10-24 12:00:00+00:00,5.1,0.3525177538394928,0.6961770551707936,-0.32311493158340454,-1.3472945045860274
2024-10-24 13:00:00+00:00,7.33,0.33983877301216125,0.6755061413071132,-0.2676104009151459,-0.6592226768282553
2024-10-24 14:00:00+00:00,-7.88,0.3271263539791107,-0.37345805439341356,-0.21888522803783417,-1.4449113169079353
2024-10-24 15:00:00+00:00,16.36,0.3209936320781708,1.8295965682594078,-0.17567715048789978,-2.1539975669701787
2024-10-24 16:00:00+00:00,11.67,0.333605021238327,0.9618074974125459,-0.09138313680887222,-4.954654790535903
2024-10-24 17:00:00+00:00,-10.25,0.34659770131111145,-1.314026303844031,-0.05718475207686424,-1.0083774094860833
2024-10-24 18:00:00+00:00,5.63,0.34542903304100037,0.5833127630375863,-0.04135015234351158,0.3753672565535927
2024-10-25 10:00:00+00:00,1.0,0.3331579864025116,0.35852023190215926,-0.013790692202746868,-0.7556022671355339
2024-10-25 11:00:00+00:00,0.9,0.3347984254360199,0.9244701409307663,0.035965804010629654,5.9298123704807635
2024-10-25 12:00:00+00:00,12.48,0.32773759961128235,2.680972734526977,0.06437677890062332,-2.9118945511612377
2024-10-25 13:00:00+00:00,-22.91,0.29814592003822327,-2.0969967441045982,0.0877753272652626,2.083550683501459
2024-10-25 14:00:00+00:00,-10.15,0.2530023157596588,-1.4456698525799574,0.11323059350252151,0.23748182399639456
2024-10-25 15:00:00+00:00,-32.69,0.2223721444606781,-3.9983015087695066,0.15657630562782288,-1.1134122791013912
2024-10-25 16:00:00+00:00,-14.05,0.20526659488677979,-4.149737548980488,0.19080257415771484,-3.138340255624523
2024-10-25 17:00:00+00:00,1.73,0.17919257283210754,0.838525686295344,0.21164467930793762,2.5836195194166147
2024-10-25 18:00:00+00:00,-27.9,0.15696239471435547,-4.484294785415935,0.23583802580833435,-1.067899451871404
2024-10-28 10:00:00+00:00,10.01,0.14511415362358093,4.016135435468219,0.24007675051689148,-1.9548661689990636
2024-10-28 11:00:00+00:00,-9.92,0.1376720666885376,-4.103161971397303,0.24541839957237244,-0.06189637443934706
2024-10-28 12:00:00+00:00,-2.35,0.13577869534492493,-3.6530317235118637,0.2548812925815582,-9.068363974637268
2024-10-28 13:00:00+00:00,-23.65,0.11972276121377945,-12.209512250555845,0.2739313542842865,0.44900210281614383
2024-10-28 14:00:00+00:00,4.13,0.1163848415017128,2.284002676474916,0.2944687306880951,-3.091001237905711
2024-10-28 15:00:00+00:00,-16.06,0.11462972313165665,-8.360861086946686,0.3222641050815582,5.727012833108875
2024-10-28 16:00:00+00:00,5.7,0.10747960954904556,5.642009053064657,0.3508470952510834,1.6089715187404277
2024-10-28 17:00:00+00:00,-25.26,0.10033384710550308,-11.769581466236414,0.36141911149024963,-4.600926068869553
2024-10-28 18:00:00+00:00,25.62,0.0958564355969429,9.315929720161844,0.37031903862953186,2.234529730606929
2024-10-29 10:00:00+00:00,-32.97,0.09236416965723038,-17.837131823021075,0.3875051438808441,-0.8457759041697851
2024-10-29 11:00:00+00:00,8.54,0.07881353050470352,5.168705926080525,0.38567039370536804,-5.758218254215743
2024-10-29 12:00:00+00:00,1.35,0.07129824906587601,2.0071125113440824,0.37729552388191223,1.1778641672354448
2024-10-29 13:00:00+00:00,12.34,0.06143457069993019,8.600985373236039,0.3820565640926361,-1.0842703436763543
2024-10-29 14:00:00+00:00,3.79,0.042456094175577164,4.377622322791231,0.3985539376735687,2.716022167671901
2024-10-29 15:00:00+00:00,2.22,0.024583641439676285,2.4677048941825457,0.419842392206192,-0.011778550396812415
2024-10-29 16:00:00+00:00,1.84,-0.0003614084853325039,1.7623571229052994,0.46289488673210144,6.382956860413844
2024-10-29 17:00:00+00:00,1.87,-0.020131584256887436,1.5523741049021496,0.49264779686927795,-0.9209178054352358
2024-10-29 18:00:00+00:00,20.95,-0.045031365007162094,6.252725630226663,0.5367917418479919,5.4444329144984245
2024-10-30 10:00:00+00:00,-0.28,-0.07019028812646866,-0.7963861695743738,0.568162739276886,-3.228643411818438
2024-10-30 11:00:00+00:00,2.3,-0.09258230775594711,2.0572798366951686,0.6013579964637756,2.8886996882936957
2024-10-30 12:00:00+00:00,-5.5,-0.11071453243494034,-5.8987204408757465,0.6593842506408691,-1.9885128425211152
2024-10-30 13:00:00+00:00,-20.4,-0.1211126372218132,-11.004182395224376,0.7042346000671387,0.15647402641199254
2024-10-30 14:00:00+00:00,8.36,-0.12164395302534103,0.6193181747678734,0.7607772350311279,0.8225513632271313
2024-10-30 15:00:00+00:00,-2.13,-0.1295863687992096,-2.032134809285999,0.8010153770446777,-1.6837967923771182
2024-10-30 16:00:00+00:00,15.8,-0.1369646191596985,2.6136264143237287,0.8446558713912964,-1.7361805225777425
2024-10-30 17:00:00+00:00,-3.38,-0.16423577070236206,-4.111833359626416,0.8815561532974243,4.553829593110939
2024-10-30 18:00:00+00:00,-32.29,-0.19336622953414917,-17.66509101583057,0.9066809415817261,-5.373235961769961
2024-10-31 10:00:00+00:00,-8.35,-0.2090272605419159,-6.1392524835658495,0.9236336946487427,-3.8414354271941793
2024-10-31 11:00:00+00:00,-8.18,-0.23094622790813446,-7.292465826719471,0.9504817724227905,-2.279373534818624
2024-10-31 12:00:00+00:00,12.73,-0.24686454236507416,2.344738275551544,0.9806112051010132,3.63495695873237
2024-10-31 13:00:00+00:00,10.94,-0.2732020318508148,3.9829870387379174,0.9900799989700317,-0.49908565131187044
2024-10-31 14:00:00+00:00,-11.86,-0.3081527650356293,-8.999461947149946,0.9946185350418091,-3.4342167205624414
2024-10-31 15:00:00+00:00,-10.52,-0.3575158715248108,-9.791577770223576,0.9956767559051514,-2.4748006809435794
2024-10-31 16:00:00+00:00,-10.66,-0.4148710072040558,-7.468993914373104,0.9916849136352539,-5.143883348554451
2024-10-31 17:00:00+00:00,3.01,-0.47132408618927,0.2486550802304397,0.9433838129043579,-1.832646608434536
2024-10-31 18:00:00+00:00,-2.14,-0.5136654376983643,-2.5694342317720182,0.9227869510650635,-1.0081784137061258
2024-11-01 10:00:00+00:00,-2.93,-0.5528821349143982,-1.0462661040367016,0.9209083318710327,5.003371390499156
2024-11-01 11:00:00+00:00,-6.77,-0.586759090423584,-3.8156741565077295,0.9233764410018921,1.5017094303412133
2024-11-01 12:00:00+00:00,3.05,-0.6169719696044922,1.9040171639800922,0.9420229196548462,-0.5934752169099244
2024-11-01 13:00:00+00:00,8.26,-0.633852481842041,3.447496229899076,0.9359622001647949,-1.8957450357585115
2024-11-01 14:00:00+00:00,-7.52,-0.6664442420005798,-1.0644251547202335,0.9321581125259399,-1.796762221890139
2024-11-01 15:00:00+00:00,13.84,-0.7051079273223877,5.19002592885441,0.9207922220230103,-0.20029064318663403
2024-11-01 16:00:00+00:00,7.76,-0.7491901516914368,4.067743220935956,0.920053243637085,-1.0632144268128108
2024-11-01 17:00:00+00:00,0.96,-0.8040623068809509,1.0690730038752634,0.8648054599761963,1.6824825703570245
2024-11-01 18:00:00+00:00,13.95,-0.8463546633720398,5.601045484730733,0.8420407772064209,-2.3725736377709308
2024-11-02 10:00:00+00:00,-3.75,-0.8944034576416016,-2.930141173028149,0.7998286485671997,-2.3910018116619938
2024-11-02 11:00:00+00:00,0.01,-0.9357801675796509,-0.021828686128596578,0.7709228992462158,1.6688796717161583
2024-11-02 12:00:00+00:00,3.73,-0.9656137228012085,3.18129272541562,0.7489056587219238,0.9830020385753699
2024-11-02 13:00:00+00:00,6.81,-0.9947026371955872,3.208031699986686,0.7376954555511475,3.5602361495092154
2024-11-02 14:00:00+00:00,0.08,-1.0200562477111816,-0.9597323588474669,0.7424404621124268,1.859798702130825
2024-11-02 15:00:00+00:00,6.25,-1.037817120552063,2.0976536121242435,0.749624490737915,2.665849224016352
2024-11-02 16:00:00+00:00,-2.26,-1.056443452835083,-2.178506605970757,0.7597576379776001,0.6248113332553706
2024-11-02 17:00:00+00:00,-5.15,-1.0696568489074707,-2.351878991865132,0.7669188976287842,2.409553348965188
2024-11-02 18:00:00+00:00,19.1,-1.0738056898117065,7.08973240684786,0.7597345113754272,2.5656209456247074
2024-11-05 10:00:00+00:00,-2.09,-1.0638507604599,-2.0515906422670804,0.753692626953125,4.617872229706034
2024-11-05 11:00:00+00:00,9.27,-1.0465326309204102,3.7382455769944403,0.6792548894882202,3.0610000652846994
2024-11-05 12:00:00+00:00,-2.13,-1.0486268997192383,-1.9886340611236026,0.6240925788879395,1.835238857662389
2024-11-05 13:00:00+00:00,-5.79,-1.0749326944351196,-4.194729616988369,0.5577641725540161,2.0523122389202535
2024-11-05 14:00:00+00:00,0.2,-1.10855233669281,0.08477654283301977,0.49026551842689514,-0.6164968733349394
2024-11-05 15:00:00+00:00,-4.42,-1.1442923545837402,-0.12256988788359138,0.4096774160861969,0.8758101073910258
2024-11-05 16:00:00+00:00,1.65,-1.1686930656433105,2.0046710023444625,0.35627618432044983,3.8724794662240294
2024-11-05 17:00:00+00:00,6.34,-1.1906839609146118,2.7551141555158787,0.2489422857761383,1.52319345230394
2024-11-05 18:00:00+00:00,76.79,-1.2072259187698364,3.3554820989400405,0.17452344298362732,-2.257246016377411
2024-11-06 10:00:00+00:00,4.33,-1.2034571170806885,0.551458945149424,0.17675814032554626,0.7897789089741101
2024-11-06 11:00:00+00:00,-3.57,-1.2041614055633545,-3.8639860583667285,0.14114436507225037,-2.4828935099224174
2024-11-06 12:00:00+00:00,-11.85,-1.1835660934448242,-8.552850068726649,0.10983673483133316,-0.2761298334834352
2024-11-06 13:00:00+00:00,-6.39,-1.1692869663238525,-6.281576948755157,0.08201844245195389,0.7378914745855395
2024-11-06 14:00:00+00:00,-10.76,-1.1700619459152222,-4.509881404187144,0.035686198621988297,5.237072373893725
2024-11-06 15:00:00+00:00,-4.72,-1.1611659526824951,-4.080371767395112,0.004964266438037157,-1.3990978764403952
2024-11-06 16:00:00+00:00,-0.16,-1.1436277627944946,-1.0495454115701932,-0.02132144197821617,5.519319005928695
2024-11-06 17:00:00+00:00,2.69,-1.1106789112091064,0.8937940699427572,-0.05395735427737236,6.010297306850302
2024-11-06 18:00:00+00:00,0.0,-1.0767492055892944,-0.5529498582423493,-0.07145657390356064,-1.5610256291509192
2024-11-07 11:00:00+00:00,-12.34,-1.039819598197937,-4.113125331712644,-0.0759584829211235,-1.1047410299416822
2024-11-07 12:00:00+00:00,-15.74,-0.9908749461174011,-4.209031736342694,-0.06690121442079544,-5.132080068049798
2024-11-07 13:00:00+00:00,16.28,-0.9419246912002563,5.18907097385046,-0.06896879523992538,1.6588796449363645
2024-11-07 14:00:00+00:00,7.57,-0.8847276568412781,2.8116585619994896,-0.07937931269407272,2.4186283039285916
2024-11-07 15:00:00+00:00,0.77,-0.838071882724762,1.9630690377197406,-0.07534331828355789,0.38691271146325645
2024-11-07 16:00:00+00:00,33.72,-0.7846920490264893,4.060134513812064,-0.06588352471590042,5.666594839682643
2024-11-07 17:00:00+00:00,-2.5,-0.7358378767967224,1.2282956564614969,-0.05285985395312309,3.242224273776286
2024-11-07 18:00:00+00:00,47.61,-0.6889639496803284,8.072402532490395,-0.062487345188856125,5.119331377758473
2024-11-08 10:00:00+00:00,-9.49,-0.6437503099441528,-7.192368433473521,-0.06332337111234665,3.93305312787555
2024-11-08 11:00:00+00:00,1.72,-0.6027697324752808,-0.7557892696956278,-0.07087551802396774,3.532483627332665
2024-11-08 12:00:00+00:00,-12.51,-0.563856840133667,-4.035662615956353,-0.08572220057249069,-3.1471345950874303
2024-11-08 13:00:00+00:00,1.96,-0.5284913778305054,1.8216137303838822,-0.0836673155426979,-0.11734487598715798
2024-11-08 14:00:00+00:00,8.42,-0.4983770251274109,2.8329383824004584,-0.0816902443766594,2.821335277862577
2024-11-08 15:00:00+00:00,-3.04,-0.4611293077468872,1.1177273365714597,-0.07794562727212906,-0.774542456592075
2024-11-08 16:00:00+00:00,3.17,-0.4091009497642517,2.990595845653022,-0.08607683330774307,1.9732373208413654
2024-11-08 17:00:00+00:00,6.09,-0.3551717698574066,2.9642481365583246,-0.07367094606161118,-2.7014482517937597
2024-11-08 18:00:00+00:00,42.77,-0.3140430748462677,5.083379561837378,-0.07425961643457413,2.7264665682623885
2024-11-11 10:00:00+00:00,15.82,-0.2953832745552063,6.195858532584969,-0.0764487162232399,0.9641357134203103
2024-11-11 11:00:00+00:00,-11.04,-0.2782200574874878,-6.837686172908138,-0.10986346751451492,-2.0999835741772648
2024-11-11 12:00:00+00:00,6.42,-0.2522874176502228,-0.3204899187784845,-0.1266857087612152,3.127140389252735
2024-11-11 13:00:00+00:00,-16.96,-0.2094048112630844,-10.235466044974684,-0.15038089454174042,3.495061416666874
2024-11-11 14:00:00+00:00,3.57,-0.16826556622982025,3.496627312257003,-0.17324315011501312,2.7495123699525257
2024-11-11 15:00:00+00:00,10.24,-0.13193419575691223,4.119176528134233,-0.1959095001220703,5.91982588406217
2024-11-11 16:00:00+00:00,-5.83,-0.10238400846719742,-0.1748522295105463,-0.23430724442005157,0.8306948870949804
2024-11-11 17:00:00+00:00,5.76,-0.0843956246972084,3.595587383473211,-0.2763231098651886,0.7217978230933577
2024-11-11 18:00:00+00:00,-26.12,-0.06489638239145279,-5.30053079114852,-0.3299699127674103,-2.9404080246103765
2024-11-12 10:00:00+00:00,4.07,-0.0380839966237545,0.8543014348334067,-0.3793575167655945,-3.1818493080463908
2024-11-12 11:00:00+00:00,8.01,-0.012625004164874554,4.613525257710875,-0.4321552515029907,-2.9236542970822788
2024-11-12 12:00:00+00:00,-4.16,0.023733053356409073,-2.8775124632842437,-0.48390743136405945,3.46014159476803
2024-11-12 13:00:00+00:00,-5.26,0.06826476007699966,-5.2409976896367185,-0.5595125555992126,-0.6920372235875073
2024-11-12 14:00:00+00:00,-6.53,0.10746411234140396,-6.6991190355902175,-0.6433697938919067,-3.781928802728907
2024-11-12 15:00:00+00:00,-6.91,0.15499645471572876,-4.639896502620728,-0.7244938611984253,1.021668958865566
2024-11-12 16:00:00+00:00,13.71,0.20285430550575256,0.8105127413397152,-0.7849869728088379,-1.8947030328424295
2024-11-12 17:00:00+00:00,-5.36,0.2474585473537445,-4.542701613978209,-0.8631243705749512,0.5757488108755799
2024-11-12 18:00:00+00:00,-7.42,0.2915494740009308,-2.9085319535774103,-0.9243484139442444,4.283902602156911
2024-11-13 10:00:00+00:00,8.05,0.3256669342517853,4.465876445413136,-0.9514903426170349,-3.6908694111362204
2024-11-13 11:00:00+00:00,4.63,0.35210612416267395,1.8626038745084565,-0.978492796421051,-8.828053470979135
2024-11-13 12:00:00+00:00,-1.18,0.3784206211566925,-1.0063892538074515,-0.9857519865036011,-1.6946873862587082
2024-11-13 13:00:00+00:00,-6.56,0.40646490454673767,-0.771759682645219,-1.004305124282837,-1.4728257898876909
2024-11-13 14:00:00+00:00,7.23,0.42879554629325867,2.771132207955822,-1.013120174407959,0.6154173116137278
2024-11-13 15:00:00+00:00,2.36,0.4544268548488617,2.0246819728379393,-1.0334120988845825,1.3889944974015154
2024-11-13 16:00:00+00:00,-0.14,0.4761412441730499,0.1862985410339134,-1.030728816986084,-2.2814173545605896
2024-11-13 17:00:00+00:00,0.26,0.4928140938282013,-4.26022410515737,-1.0241435766220093,2.332559838962987
2024-11-13 18:00:00+00:00,-30.34,0.502086341381073,-11.1676726206924,-0.9852842092514038,-1.5020912125754904
2024-11-14 10:00:00+00:00,-7.48,0.513597309589386,-5.024088390733312,-0.966336727142334,-4.535764573640563
2024-11-14 11:00:00+00:00,1.26,0.5320351719856262,0.4866201683465633,-0.9458569884300232,1.1654080881769264
2024-11-14 12:00:00+00:00,0.34,0.5546441674232483,-0.7768296704716708,-0.933651328086853,-7.808121156928764
2024-11-14 13:00:00+00:00,-6.37,0.5740324258804321,-3.618951821541784,-0.9323593378067017,1.0664161203615827
2024-11-14 14:00:00+00:00,-3.04,0.5974529981613159,-1.9532343997103598,-0.9370332956314087,-0.2580570548289177
2024-11-14 15:00:00+00:00,-0.55,0.6158164739608765,-2.086052104418285,-0.9347180128097534,1.9823684621960336
2024-11-14 16:00:00+00:00,-16.17,0.6361427307128906,-8.38913645251326,-0.9381080269813538,-4.567461217512721
2024-11-14 17:00:00+00:00,-4.17,0.6580114960670471,-3.242336634181143,-0.931566059589386,-2.075607094511894
2024-11-14 18:00:00+00:00,8.83,0.6387056708335876,3.2844078886278254,-0.9302542209625244,-0.45489239767854805
2024-11-15 10:00:00+00:00,9.51,0.6274768114089966,5.034604526332927,-0.9214860200881958,0.9351083315378149
2024-11-15 11:00:00+00:00,-3.47,0.6351365447044373,-2.657336537724064,-0.9052456617355347,-0.7930507506304388
2024-11-15 12:00:00+00:00,-4.28,0.6298587322235107,-2.2474578773389773,-0.9098795652389526,-5.923976545276602
2024-11-15 13:00:00+00:00,1.97,0.6171413064002991,-0.3507580235180676,-0.907717764377594,-0.9157196114702666
2024-11-15 14:00:00+00:00,15.03,0.5924919843673706,4.557423492347334,-0.9549928903579712,-1.304137547129934
2024-11-15 15:00:00+00:00,0.19,0.5762153267860413,0.3917375029879653,-0.9536227583885193,-2.1019444358290076
2024-11-15 16:00:00+00:00,0.74,0.5625078678131104,0.8011733739995182,-0.9445628523826599,-1.6740087040379226
2024-11-15 17:00:00+00:00,13.22,0.558457612991333,2.5239503601854976,-0.9626209735870361,-1.5633717629623238
2024-11-15 18:00:00+00:00,-27.29,0.5552684664726257,-15.633597295202236,-0.9870554804801941,-4.966774083557053
2024-11-18 10:00:00+00:00,4.52,0.5268621444702148,2.112153850148119,-1.0830495357513428,-5.671565980440198
2024-11-18 11:00:00+00:00,-17.92,0.48181769251823425,-8.436636589378104,-1.1825820207595825,-4.722435274060866
2024-11-18 12:00:00+00:00,5.41,0.45075419545173645,2.9047102285270263,-1.2638059854507446,1.8453968254618587
2024-11-18 13:00:00+00:00,6.59,0.4076806604862213,2.114068344917424,-1.3368053436279297,1.5984680428325657
2024-11-18 14:00:00+00:00,-4.63,0.3704856336116791,-1.328010071014015,-1.312968134880066,-0.969669144160141
2024-11-18 15:00:00+00:00,14.06,0.33367446064949036,2.9554214237201455,-1.3535845279693604,-1.1653293247490941
2024-11-18 16:00:00+00:00,4.45,0.31248947978019714,2.1335424668215057,-1.3779587745666504,-1.0313750141539326
2024-11-18 17:00:00+00:00,-3.63,0.27187415957450867,-3.808819197382684,-1.4623913764953613,-4.196501299766908
2024-11-18 18:00:00+00:00,-19.71,0.24229606986045837,-10.643520400581528,-1.516941785812378,-4.0923631482836935
2024-11-19 10:00:00+00:00,-17.15,0.23332884907722473,-11.184446962195398,-1.5227583646774292,-3.638764161825162
2024-11-19 11:00:00+00:00,5.21,0.20419219136238098,-5.802132307588502,-1.5404571294784546,-2.3121990515727457
2024-11-19 12:00:00+00:00,-2.03,0.18318146467208862,-2.078419258582879,-1.5222772359848022,-4.473743856020422
2024-11-19 13:00:00+00:00,-5.24,0.158750981092453,-5.8638862747722,-1.4950748682022095,-2.606533439552306
2024-11-19 14:00:00+00:00,-9.87,0.1363949179649353,-9.628398567679962,-1.464615821838379,-3.3596506658367282
2024-11-19 15:00:00+00:00,-23.07,0.10948086529970169,-13.193533749018643,-1.4458413124084473,-1.9705820874051314
2024-11-19 16:00:00+00:00,-12.45,0.0782046988606453,-11.428913055051032,-1.4118698835372925,-1.9769855533817386
2024-11-19 17:00:00+00:00,-5.95,0.0223083533346653,-6.140887764768671,-1.4768353700637817,-4.903632660700566
2024-11-19 18:00:00+00:00,2.0,-0.024898525327444077,1.724606575643093,-1.4959468841552734,-2.9229518981998615
2024-11-20 10:00:00+00:00,4.55,-0.06801978498697281,3.947554963839604,-1.4528634548187256,0.3364364706051849
2024-11-20 11:00:00+00:00,5.15,-0.10438712686300278,3.200711606828403,-1.3705805540084839,1.938687958880008
2024-11-20 12:00:00+00:00,1.09,-0.14243397116661072,0.5086013144139552,-1.3085505962371826,-2.1433136594764157
2024-11-20 13:00:00+00:00,3.09,-0.17430903017520905,1.1291999803806818,-1.181550145149231,2.322941856499124
2024-11-20 14:00:00+00:00,-8.5,-0.2131766974925995,-9.566277383298537,-1.1247894763946533,-3.3234666459935838
2024-11-20 15:00:00+00:00,-18.33,-0.24005356431007385,-12.248165530495477,-1.0420584678649902,-2.2056463907327872
2024-11-20 16:00:00+00:00,-12.83,-0.2599923610687256,-9.509038734847769,-0.9908822178840637,-3.935661425917656
2024-11-20 17:00:00+00:00,-9.84,-0.2972264289855957,-9.849898597047071,-1.0023247003555298,-0.8550184009466228
2024-11-20 18:00:00+00:00,-14.48,-0.33250758051872253,-9.391290781677826,-0.9949318766593933,-1.155866665744516
2024-11-21 10:00:00+00:00,-7.99,-0.3558742105960846,-5.617388968310044,-0.9189286231994629,-4.072462460646179
2024-11-21 11:00:00+00:00,4.31,-0.3730975389480591,4.830906858711527,-0.8692648410797119,0.37992277126498614
2024-11-21 12:00:00+00:00,12.82,-0.4009942412376404,2.734142316480905,-0.833153247833252,-0.04613928666130698
2024-11-21 13:00:00+00:00,-5.04,-0.435491144657135,-4.892184149355091,-0.7901878952980042,-4.628466736729244
2024-11-21 14:00:00+00:00,-9.95,-0.4775559902191162,-5.847965855793963,-0.7752751708030701,-2.19160270310249
2024-11-21 15:00:00+00:00,8.39,-0.5083833336830139,-0.2967599883052914,-0.738612711429596,-1.5415154074638713
2024-11-21 16:00:00+00:00,-24.08,-0.5308175086975098,-7.981416649837178,-0.6739243268966675,-1.872045594723114
2024-11-21 17:00:00+00:00,7.73,-0.5652021765708923,4.25189081144777,-0.6729035377502441,3.7198068653975302
2024-11-21 18:00:00+00:00,45.77,-0.5908198952674866,6.8255483576434575,-0.6754866242408752,7.8070780873878425
2024-11-22 10:00:00+00:00,-15.76,-0.608055591583252,-5.766362942891931,-0.662432849407196,5.1427708116263755
2024-11-22 11:00:00+00:00,11.69,-0.6196372509002686,-0.6514704239517536,-0.6322261691093445,1.2220451355766202
2024-11-22 12:00:00+00:00,-3.31,-0.6283639073371887,-3.4852920029658385,-0.5884514451026917,-2.3179057612843046
2024-11-22 13:00:00+00:00,-8.07,-0.6495624780654907,-6.26330196991126,-0.5629884004592896,-2.556547299956094
2024-11-22 14:00:00+00:00,-7.19,-0.6776526570320129,-6.767501882349616,-0.5365845561027527,-4.638657530553281
2024-11-22 15:00:00+00:00,-7.03,-0.6974295973777771,-7.059916447923654,-0.5110021829605103,0.1513663102392862
2024-11-22 16:00:00+00:00,-6.16,-0.7088785767555237,-4.881252788458976,-0.500540554523468,4.164765658187981
2024-11-22 17:00:00+00:00,2.51,-0.7423655390739441,-2.9803701689428705,-0.5150859355926514,-0.20351125470094789
2024-11-22 18:00:00+00:00,-21.4,-0.7826064825057983,-3.730900909231882,-0.5085564255714417,1.384556830710011
2024-11-25 10:00:00+00:00,2.62,-0.8131305575370789,0.5883353244428352,-0.49259039759635925,2.081524649847341
2024-11-25 11:00:00+00:00,3.56,-0.8461940884590149,0.7282587866458653,-0.5079866647720337,-2.6262903465740663
2024-11-25 12:00:00+00:00,-1.79,-0.8738980293273926,-2.0101353569046116,-0.5129156112670898,-4.0061329240841355
2024-11-25 13:00:00+00:00,-2.51,-0.9032033085823059,-2.5911110613194865,-0.5155744552612305,2.871279925235578
2024-11-25 14:00:00+00:00,-17.15,-0.9373350739479065,-5.946309593530308,-0.48931726813316345,-6.482971292326843
2024-11-25 15:00:00+00:00,-1.87,-0.9735939502716064,-2.0363239427829773,-0.4788971543312073,-4.739254313768809
2024-11-25 16:00:00+00:00,-18.73,-1.0038013458251953,-11.875281306567581,-0.4847952127456665,-5.3480102220096395
2024-11-25 17:00:00+00:00,6.91,-1.0312398672103882,2.4431491984337588,-0.5003482103347778,0.8724361700209764
2024-11-25 18:00:00+00:00,-10.03,-1.0477328300476074,-7.249004638515464,-0.5081089735031128,-1.875869605612879
2024-11-26 10:00:00+00:00,7.46,-1.0545754432678223,0.7761448930328092,-0.4723730683326721,-0.044812486465261925
2024-11-26 11:00:00+00:00,-6.86,-1.0638067722320557,-4.596481404829476,-0.45007869601249695,3.1684480133843107
2024-11-26 12:00:00+00:00,-5.22,-1.0671075582504272,-5.640923129128989,-0.43527647852897644,-0.7083469450047276
2024-11-26 13:00:00+00:00,-23.99,-1.0668439865112305,-13.199164543681883,-0.4349517822265625,-3.1503300501291225
2024-11-26 14:00:00+00:00,-13.65,-1.0684144496917725,-7.70658141130375,-0.4224323034286499,-3.427654733789772
2024-11-26 15:00:00+00:00,-3.93,-1.0680863857269287,-4.954858045140479,-0.40366819500923157,2.5544081101043274
2024-11-26 16:00:00+00:00,-17.27,-1.0543931722640991,-6.720125974232331,-0.38345474004745483,1.9600146923577895
2024-11-26 17:00:00+00:00,7.15,-1.0492188930511475,7.137907277603198,-0.3954382538795471,4.012093399824647
2024-11-26 18:00:00+00:00,-31.58,-1.0365406274795532,-18.77003474756426,-0.3679181635379791,1.009700293752468
2024-11-27 10:00:00+00:00,15.15,-1.0394023656845093,13.810710368153064,-0.3635377883911133,-2.744547856651495
2024-11-27 11:00:00+00:00,39.16,-1.0386850833892822,14.330351915676747,-0.36936455965042114,3.659108688154922
2024-11-27 12:00:00+00:00,-2.33,-1.0364606380462646,1.0452684042293663,-0.3780227303504944,6.509462319523025
2024-11-27 13:00:00+00:00,21.16,-1.0409988164901733,6.584238449018759,-0.37747684121131897,2.560601622139427
2024-11-27 14:00:00+00:00,-39.49,-1.037936806678772,-10.722141139490285,-0.3744816184043884,0.15866796942491823
2024-11-27 15:00:00+00:00,24.37,-1.042463779449463,7.711887894587331,-0.3793710172176361,3.7700892168383024
2024-11-27 16:00:00+00:00,-4.82,-1.0520962476730347,-2.6409753102139457,-0.38082653284072876,-0.07854149704255353
2024-11-27 17:00:00+00:00,5.91,-1.0821764469146729,4.730665215063524,-0.3943643271923065,7.229507711208528
2024-11-27 18:00:00+00:00,50.93,-1.1270484924316406,12.95493796450926,-0.4216664731502533,18.80150148221533
2024-11-28 10:00:00+00:00,1.19,-1.1738487482070923,0.9100774493778634,-0.47256261110305786,-0.59627298228403
2024-11-28 11:00:00+00:00,-8.23,-1.2283612489700317,-6.636475603649012,-0.5134526491165161,2.3067443817155007
2024-11-28 12:00:00+00:00,-8.35,-1.2717429399490356,-8.07833410616809,-0.551824152469635,-18.12615242847015
2024-11-28 13:00:00+00:00,-17.2,-1.3283727169036865,-5.481397703720578,-0.5684495568275452,-4.284113541088252
2024-11-28 14:00:00+00:00,-3.16,-1.3771394491195679,-0.14060118717337183,-0.6131880283355713,3.758710567395939
2024-11-28 15:00:00+00:00,9.41,-1.426565170288086,6.621094537707711,-0.6710101366043091,1.3747030009820678
2024-11-28 16:00:00+00:00,17.52,-1.4781626462936401,10.625019902983064,-0.7044327855110168,6.560235722911252
2024-11-28 17:00:00+00:00,13.89,-1.521177887916565,10.899085667159316,-0.7555674910545349,-7.12969322579271
2024-11-28 18:00:00+00:00,5.7,-1.5529438257217407,5.951686684127904,-0.7760228514671326,-9.498224563957692
2024-11-29 10:00:00+00:00,18.32,-1.5781009197235107,6.736842173831062,-0.7764796018600464,-2.802879774218746
2024-11-29 11:00:00+00:00,3.81,-1.592952847480774,0.7199988729646402,-0.7986014485359192,1.063619484115314
2024-11-29 12:00:00+00:00,-6.44,-1.603375792503357,-2.8456980287015,-0.8158301115036011,-3.9314421165415583
2024-11-29 13:00:00+00:00,5.28,-1.6136808395385742,3.3153376359356708,-0.8459718823432922,2.327461582672004
2024-11-29 14:00:00+00:00,-0.58,-1.6372867822647095,-0.41838745983939946,-0.8869979381561279,6.01647075956445
2024-11-29 15:00:00+00:00,-10.93,-1.6750688552856445,-3.7422036084209043,-0.9351027011871338,-1.1075258959068097
2024-11-29 16:00:00+00:00,7.09,-1.7162781953811646,5.517709269582632,-0.9712954163551331,6.179234213298389
2024-11-29 17:00:00+00:00,7.87,-1.7587193250656128,5.561324106968195,-1.0225740671157837,-2.344452759998662
2024-11-29 18:00:00+00:00,16.02,-1.7981853485107422,6.4434147924973155,-1.0719243288040161,2.251219113134314
2024-12-02 10:00:00+00:00,-4.68,-1.8231570720672607,-3.2563721471111657,-1.1318213939666748,-1.5520083305312673
2024-12-02 11:00:00+00:00,-2.87,-1.8351056575775146,-3.3880150018662434,-1.1711649894714355,-6.841817833924079
2024-12-02 12:00:00+00:00,-1.62,-1.8459954261779785,-1.39533009736125,-1.1948273181915283,0.36647071035269957
2024-12-02 13:00:00+00:00,2.85,-1.8533879518508911,2.2391630915381255,-1.218149185180664,-3.0944153480880567
2024-12-02 14:00:00+00:00,-5.58,-1.847178339958191,-0.7544028602125394,-1.2282283306121826,6.016533926843493
2024-12-02 15:00:00+00:00,2.2,-1.8575336933135986,-0.015678495295196715,-1.2609822750091553,1.1422790381324885
2024-12-02 16:00:00+00:00,1.59,-1.86564040184021,1.5760761904131932,-1.3025562763214111,2.3294512367293927
2024-12-02 17:00:00+00:00,0.83,-1.8444132804870605,0.18351589382045952,-1.3603423833847046,3.878413672733233
2024-12-02 18:00:00+00:00,-19.32,-1.8299096822738647,-4.0775622426657705,-1.3896514177322388,-3.141936682198101
2024-12-03 10:00:00+00:00,-13.83,-1.7880878448486328,-5.317677181789483,-1.4013478755950928,-7.923200435134988
2024-12-03 11:00:00+00:00,-0.04,-1.7469176054000854,-1.1916263532950597,-1.4131871461868286,3.3361647364237017
2024-12-03 12:00:00+00:00,5.14,-1.7163655757904053,2.5868282082297562,-1.4045807123184204,0.37169509017890545
2024-12-03 13:00:00+00:00,-0.03,-1.6799368858337402,0.1568777616602013,-1.4057345390319824,0.3434936789310795
2024-12-03 14:00:00+00:00,-19.05,-1.6502565145492554,-5.934019540855297,-1.4123133420944214,-1.1828083285978708
2024-12-03 15:00:00+00:00,-2.03,-1.6366705894470215,-2.013466719743574,-1.4130326509475708,3.0865701202553417
2024-12-03 16:00:00+00:00,2.22,-1.619253158569336,1.8851544194455938,-1.4317468404769897,-2.446194706528832
2024-12-03 17:00:00+00:00,-0.16,-1.6290132999420166,-0.4292652405086321,-1.4891467094421387,-2.9497089088842805
2024-12-03 18:00:00+00:00,-11.4,-1.6575113534927368,-7.714264960757949,-1.5134145021438599,5.860631940234934
2024-12-04 10:00:00+00:00,24.06,-1.6659467220306396,6.080932827947783,-1.5340843200683594,1.50209686373175
2024-12-04 11:00:00+00:00,-2.1,-1.6910101175308228,-2.1052629832080605,-1.5967363119125366,0.0472491662863086
2024-12-04 12:00:00+00:00,-3.47,-1.7069060802459717,-3.4554691902993273,-1.5918389558792114,-0.4365888057195504
2024-12-04 13:00:00+00:00,7.15,-1.737870454788208,-2.059844585729585,-1.5926810503005981,4.2520585928697034
2024-12-04 14:00:00+00:00,-17.38,-1.7732080221176147,-10.824443482674095,-1.6066304445266724,-2.7766666412556518
2024-12-04 15:00:00+00:00,-14.57,-1.8190237283706665,-12.258120358826337,-1.6525481939315796,3.4659176087294985
2024-12-04 16:00:00+00:00,-16.07,-1.8509247303009033,-15.653928444458304,-1.677990198135376,3.672104497408357
2024-12-04 17:00:00+00:00,-20.24,-1.8848891258239746,-15.523159830156574,-1.7467830181121826,-3.2151154727974287
2024-12-04 18:00:00+00:00,-7.4,-1.8924211263656616,-8.065240824908615,-1.8008912801742554,-1.5394339376190231
2024-12-05 10:00:00+00:00,-11.05,-1.8927769660949707,-10.799601137939764,-1.852205753326416,-0.47093537468902924
2024-12-05 11:00:00+00:00,3.14,-1.8858376741409302,-3.475214457873642,-1.927764892578125,6.223556330700964
2024-12-05 12:00:00+00:00,-8.63,-1.8851637840270996,-6.816190130735306,-2.1066529750823975,-1.0421504218261886
2024-12-05 13:00:00+00:00,-10.92,-1.8774755001068115,-10.713782457511867,-2.322336196899414,-2.705271829087395
2024-12-05 14:00:00+00:00,-5.41,-1.8598436117172241,-5.355723019469574,-2.490187644958496,1.4791377872414615
2024-12-05 15:00:00+00:00,29.56,-1.838768482208252,15.87621828461719,-2.6412196159362793,-0.8048308357279739
2024-12-05 16:00:00+00:00,42.24,-1.7988009452819824,13.34140256508482,-2.7613377571105957,8.247398239369613
2024-12-05 17:00:00+00:00,-6.32,-1.7786246538162231,-5.923116903337511,-2.8618764877319336,3.848938732792676
2024-12-05 18:00:00+00:00,34.35,-1.736763834953308,6.8205851907556685,-3.0268020629882812,4.138847860737425
2024-12-06 10:00:00+00:00,-15.95,-1.658530592918396,-11.659894275321422,-3.185149908065796,0.8622428575819541
2024-12-06 11:00:00+00:00,-15.74,-1.5880290269851685,-6.223601177614278,-3.231157064437866,0.053190217366753556
2024-12-06 12:00:00+00:00,2.35,-1.5059508085250854,2.0137632771723224,-3.2078473567962646,-0.8494602696405895
2024-12-06 13:00:00+00:00,22.99,-1.4462441205978394,8.241704205150977,-3.1855075359344482,3.5014940536021375
2024-12-06 14:00:00+00:00,4.79,-1.3796595335006714,3.2098995555293794,-3.0922982692718506,9.32074733606586
2024-12-06 15:00:00+00:00,-3.51,-1.3237371444702148,-3.1936086284417873,-2.9798107147216797,-1.507282350097046
2024-12-06 16:00:00+00:00,-2.35,-1.2631736993789673,-2.4008370924143834,-2.945371389389038,-1.1742716502275181
2024-12-06 17:00:00+00:00,-1.53,-1.2331697940826416,-1.2413048979322072,-2.8788881301879883,-3.363856541731002
2024-12-06 18:00:00+00:00,24.94,-1.1919771432876587,10.231586181775565,-2.8042967319488525,-3.9468422688170186
2024-12-09 10:00:00+00:00,-8.49,-1.1084513664245605,-6.239399296548562,-2.515019416809082,1.9581464928717889
2024-12-09 11:00:00+00:00,-5.11,-1.0272572040557861,-3.619697782967844,-2.198906421661377,-1.2794130171466696
2024-12-09 12:00:00+00:00,0.95,-0.9430065751075745,0.7661295700916912,-2.15378999710083,6.0672400138531755
2024-12-09 13:00:00+00:00,5.55,-0.8826532363891602,5.668682452886302,-2.138378381729126,5.196036139841091
2024-12-09 14:00:00+00:00,16.2,-0.8421605825424194,6.831499343289998,-2.2712655067443848,1.3047537655043595
2024-12-09 15:00:00+00:00,14.23,-0.8336763381958008,5.0030687178034485,-2.2097671031951904,3.304226192528345
2024-12-09 16:00:00+00:00,-9.03,-0.8253786563873291,-7.871599117997627,-2.188345193862915,1.3349535013722615
2024-12-09 17:00:00+00:00,-2.58,-0.8043747544288635,-2.7880285936463105,-2.184566020965576,-3.0328039485835285
2024-12-09 18:00:00+00:00,-30.73,-0.7772846221923828,-11.830727403565893,-2.135596752166748,-6.838218030759942
2024-12-10 10:00:00+00:00,1.05,-0.7338025569915771,0.5119269676328152,-2.0055878162384033,-1.6347769711169584
2024-12-10 11:00:00+00:00,-10.79,-0.6990489959716797,-6.035937881746785,-1.9855313301086426,-6.018950151171682
2024-12-10 12:00:00+00:00,1.91,-0.6535848379135132,-0.199369712744278,-2.0773239135742188,-2.3123017809233444
2024-12-10 13:00:00+00:00,-10.75,-0.5986779928207397,-4.893594141264903,-2.0465497970581055,-1.071379957625273
2024-12-10 14:00:00+00:00,-2.03,-0.5466886758804321,-2.2872445034340085,-2.036613941192627,-6.11175983703484
2024-12-10 15:00:00+00:00,6.49,-0.49619099497795105,-3.24251772692481,-1.9415043592453003,-4.483295935341221
2024-12-10 16:00:00+00:00,-5.05,-0.4638720452785492,-2.6311897919087963,-1.8693026304244995,-1.5643310027410402
2024-12-10 17:00:00+00:00,-0.24,-0.4337459206581116,-0.15186589959557079,-1.7726432085037231,-1.4914511233160064
2024-12-10 18:00:00+00:00,-14.43,-0.3939049243927002,-3.841084989474766,-1.6692065000534058,-0.6612739749521023
2024-12-11 10:00:00+00:00,1.43,-0.35535094141960144,0.7184719095497895,-1.5851857662200928,0.1381804279689281
2024-12-11 11:00:00+00:00,9.42,-0.32228368520736694,-4.066674980937593,-1.4870506525039673,-4.1477232811651845
2024-12-11 12:00:00+00:00,-12.46,-0.2864036560058594,-3.16670814573078,-1.4165782928466797,2.718850868124995
2024-12-11 13:00:00+00:00,4.78,-0.2692081928253174,-7.052323887629876,-1.3395975828170776,-2.8648872965006875
2024-12-11 14:00:00+00:00,1.16,-0.25133514404296875,-4.689224446968068,-1.2441412210464478,-2.7031935671345
2024-12-11 15:00:00+00:00,9.54,-0.2217477709054947,-3.7477524300868015,-1.1538909673690796,1.79925779589692
2024-12-11 16:00:00+00:00,-0.99,-0.19916728138923645,-1.3245752068338934,-1.0582454204559326,-1.058308490098713
2024-12-11 17:00:00+00:00,-8.66,-0.2191203385591507,-1.5421644290605838,-0.9986808896064758,-0.27830961260597664
2024-12-11 18:00:00+00:00,33.66,-0.26038357615470886,-2.6147881025373008,-0.945469856262207,6.9023488290465185
2024-12-12 10:00:00+00:00,-12.12,-0.3008482754230499,-3.449413304916209,-0.9407466053962708,-4.169461055987774
2024-12-12 11:00:00+00:00,-1.51,-0.33600980043411255,-5.571959676964986,-0.9245672821998596,0.5564703083261051
2024-12-12 12:00:00+00:00,-9.22,-0.3662853240966797,-3.501127433651614,-0.9130127429962158,1.9468652628993994
2024-12-12 13:00:00+00:00,-7.4,-0.4059583246707916,-1.469410254925824,-0.9280451536178589,-1.0550319717571246
2024-12-12 14:00:00+00:00,8.62,-0.4460771083831787,-6.425035419960837,-0.959862232208252,-0.7459743038197142
2024-12-12 15:00:00+00:00,-13.87,-0.47882506251335144,-6.572472777103406,-1.0074909925460815,-3.25605103816692
2024-12-12 16:00:00+00:00,-15.35,-0.5164682865142822,-7.49272613079651,-0.9916828870773315,0.6212989936185056
2024-12-12 17:00:00+00:00,-2.72,-0.5746089220046997,-6.265366451163924,-0.9940969347953796,-6.192397710982143
2024-12-12 18:00:00+00:00,-12.66,-0.604185163974762,-6.852053963288808,-1.0115089416503906,-6.890581723172087
2024-12-13 10:00:00+00:00,-6.2,-0.6236329078674316,-7.007434111111088,-0.989798367023468,0.6587813386000758
2024-12-13 11:00:00+00:00,-3.04,-0.6292300224304199,-7.520458651143242,-0.9411576390266418,5.9174699084630324
2024-12-13 12:00:00+00:00,10.43,-0.6146408915519714,-4.569327546681307,-0.9273265600204468,-2.4110072171122896
2024-12-13 13:00:00+00:00,-4.84,-0.609539806842804,-5.8927541916275965,-0.9203505516052246,-1.4066118979362752
2024-12-13 14:00:00+00:00,8.23,-0.6157667636871338,-0.2180343702378184,-0.9266602993011475,2.372810216694883
2024-12-13 15:00:00+00:00,-9.8,-0.6320359706878662,-2.9510754347639203,-0.9919665455818176,-7.153190925182865
2024-12-13 16:00:00+00:00,5.83,-0.6724851727485657,-1.8421689673024242,-1.0605812072753906,0.01477951795132365
2024-12-13 17:00:00+00:00,4.62,-0.7215408086776733,-2.695196280701492,-1.1474379301071167,3.646153646390773
2024-12-13 18:00:00+00:00,-22.24,-0.7599131464958191,-2.669932896713001,-1.2001770734786987,-3.566833763400456
2024-12-16 10:00:00+00:00,-12.57,-0.7986121773719788,-5.048118903383327,-1.2521090507507324,-0.9166008446738958
2024-12-16 11:00:00+00:00,-7.72,-0.825428307056427,-2.9987345222710187,-1.2795506715774536,-3.7745525820081403
2024-12-16 12:00:00+00:00,-3.52,-0.8490757346153259,-4.723358402614508,-1.3023648262023926,6.544029842255755
2024-12-16 13:00:00+00:00,-7.87,-0.8655569553375244,-2.090899963662674,-1.325339674949646,-4.114777758213997
2024-12-16 14:00:00+00:00,-3.76,-0.866571843624115,-1.4732409665148252,-1.3310201168060303,0.09252321571708627
2024-12-16 15:00:00+00:00,7.77,-0.8459089398384094,-1.6375242779782824,-1.3489536046981812,-0.42549568601412335
2024-12-16 16:00:00+00:00,-9.71,-0.8136494755744934,-0.061741513962075376,-1.3412935733795166,-2.2951956648547194
2024-12-16 17:00:00+00:00,-5.28,-0.7836833596229553,0.16295417626571973,-1.3379154205322266,-1.8270679854160858
2024-12-16 18:00:00+00:00,-17.1,-0.7451491951942444,-5.457461746902551,-1.3139997720718384,-1.0656824456099352
2024-12-17 10:00:00+00:00,-8.62,-0.7157930731773376,3.660572027411934,-1.2790549993515015,3.4583482855979506
2024-12-17 11:00:00+00:00,13.7,-0.6925411820411682,-1.1032836443861243,-1.2063363790512085,0.31688736260759526
2024-12-17 12:00:00+00:00,-8.88,-0.6650710105895996,-1.9139270771833308,-1.121399164199829,1.9569322368989899
2024-12-17 13:00:00+00:00,-13.41,-0.6467490792274475,-3.799163100876932,-1.1047862768173218,-0.16350663091686457
2024-12-17 14:00:00+00:00,-2.21,-0.6241487264633179,0.1446168924601633,-1.0978466272354126,-5.17453752184693
2024-12-17 15:00:00+00:00,-7.94,-0.5923592448234558,-3.270020642380987,-1.0911298990249634,-1.803376678488508
2024-12-17 16:00:00+00:00,7.04,-0.5576069355010986,-2.8202428755433027,-1.0726343393325806,-3.2797592327120175
2024-12-17 17:00:00+00:00,-5.73,-0.5426390171051025,-4.278218841330599,-1.0476006269454956,-3.538085441382839
2024-12-17 18:00:00+00:00,14.45,-0.5239996910095215,-0.8742547166748533,-1.0159038305282593,-0.09005129294717101
2024-12-18 10:00:00+00:00,-7.18,-0.507409930229187,5.2970226684165,-0.9656823873519897,3.644896894106177
2024-12-18 11:00:00+00:00,4.08,-0.4826843738555908,4.650055574407715,-0.9356842041015625,1.4793646021070974
2024-12-18 12:00:00+00:00,-1.74,-0.4487733542919159,3.2651210869727216,-0.9162184596061707,0.6247872207953232
2024-12-18 13:00:00+00:00,1.68,-0.4123179614543915,2.858673573195742,-0.8964014649391174,-0.46728873741449256
2024-12-18 14:00:00+00:00,-0.36,-0.3768942356109619,2.860174007111045,-0.8725382685661316,0.5540138245737085
2024-12-18 15:00:00+00:00,-0.19,-0.3363978862762451,4.846598077447235,-0.8408458232879639,0.7081970218360318
2024-12-18 16:00:00+00:00,15.71,-0.2991780936717987,4.321323519066155,-0.8128663301467896,-1.6840801594851298
2024-12-18 17:00:00+00:00,5.75,-0.2959660291671753,1.618253923388736,-0.7788421511650085,0.6924256315623771
2024-12-18 18:00:00+00:00,13.06,-0.2937217652797699,-1.3445283374841692,-0.7559377551078796,-0.8992096574450246
2024-12-19 10:00:00+00:00,22.28,-0.3066827952861786,-5.858455602331342,-0.7427643537521362,-2.135855061833504
2024-12-19 11:00:00+00:00,7.32,-0.31737664341926575,-7.923642740853384,-0.7303175330162048,-0.4746424964287436
2024-12-19 12:00:00+00:00,-6.19,-0.3438883423805237,-5.435515197532461,-0.7075445652008057,1.0030950585279652
2024-12-19 13:00:00+00:00,-7.0,-0.37701696157455444,-4.557244557550547,-0.6674599051475525,-1.0774451923853476
2024-12-19 14:00:00+00:00,9.78,-0.4132435917854309,-1.1947183287823369,-0.6330913305282593,-1.0244868255384618
2024-12-19 15:00:00+00:00,-16.07,-0.45360663533210754,-1.508498058336277,-0.6105734705924988,4.06062912868523
2024-12-19 16:00:00+00:00,-10.3,-0.5071191787719727,-0.39650989511668844,-0.5947149991989136,3.6819014964795898
2024-12-19 17:00:00+00:00,-5.78,-0.5673949718475342,-0.0033680937964209456,-0.5978180766105652,-1.7912302330016283
2024-12-19 18:00:00+00:00,5.54,-0.6064728498458862,4.403601680057895,-0.5945088267326355,-6.162622163345125
2024-12-20 10:00:00+00:00,8.79,-0.6243613958358765,0.44712365178734215,-0.576301634311676,3.342099396449118
2024-12-20 11:00:00+00:00,14.79,-0.6318772435188293,2.9731735658277545,-0.5185624361038208,-2.927833091518485
2024-12-20 12:00:00+00:00,99.66,-0.6288803219795227,2.2247266730319977,-0.4465062916278839,-2.2544228660733974
2024-12-20 13:00:00+00:00,24.93,-0.6178393363952637,-3.375374844021611,-0.39878779649734497,-1.6326150352405688
2024-12-20 14:00:00+00:00,24.58,-0.6105441451072693,-6.566719910516407,-0.37599945068359375,5.458409231946013
2024-12-20 15:00:00+00:00,18.88,-0.5985130667686462,-3.476281189271698,-0.3099168837070465,-3.102906580082612
2024-12-20 16:00:00+00:00,14.03,-0.5779741406440735,-3.9472584092441183,-0.21124906837940216,1.056600557854579
2024-12-20 17:00:00+00:00,10.77,-0.5304684638977051,-7.801993638700227,-0.13862505555152893,8.482777947055604
2024-12-20 18:00:00+00:00,75.8,-0.4772379696369171,-5.688135363878821,-0.04181496426463127,7.202062176863095
2024-12-23 10:00:00+00:00,-0.64,-0.41989707946777344,-7.2731845722472634,0.04154149070382118,8.207521361287517
2024-12-23 11:00:00+00:00,-18.9,-0.3669772148132324,-4.495061427500066,0.07530123740434647,0.5856028881681368
2024-12-23 12:00:00+00:00,6.52,-0.3148106038570404,-3.3109731931104847,0.11446184664964676,-5.614291960872347
2024-12-23 13:00:00+00:00,0.23,-0.24719373881816864,-5.206348052841193,0.1525065004825592,-7.480017520763627
2024-12-23 14:00:00+00:00,5.25,-0.2034624218940735,-6.372760431374558,0.19120895862579346,-0.5865765705932795
2024-12-23 15:00:00+00:00,11.73,-0.18727317452430725,-5.052534202230657,0.18572783470153809,-8.667240980000804
2024-12-23 16:00:00+00:00,-6.85,-0.17961780726909637,-6.018078671173881,0.15237972140312195,4.000091713148906
2024-12-23 17:00:00+00:00,-9.08,-0.1872738003730774,-6.3278029979950094,0.16118916869163513,-0.5650217487111489
2024-12-23 18:00:00+00:00,-13.93,-0.1990426629781723,-1.5409400664875514,0.19746878743171692,-5.3846603459833275
2024-12-24 10:00:00+00:00,19.34,-0.21241414546966553,1.1810098025819014,0.20031288266181946,4.886944270490243
2024-12-24 11:00:00+00:00,-3.32,-0.21567021310329437,-3.2920782429941338,0.19903576374053955,9.475334237481718
2024-12-24 12:00:00+00:00,0.96,-0.2168264538049698,-5.50745372793566,0.18691164255142212,6.412470780425577
2024-12-24 13:00:00+00:00,6.48,-0.19760805368423462,-4.548402026339352,0.15548700094223022,1.3386860980933803
2024-12-24 14:00:00+00:00,-5.88,-0.18551309406757355,-6.2266722052816625,0.12075547128915787,-5.333054799775025
2024-12-24 15:00:00+00:00,-16.48,-0.16797295212745667,-4.3727037004528,0.11495194584131241,-0.6419196708804544
2024-12-24 16:00:00+00:00,6.97,-0.14148542284965515,-2.0690448333529745,0.09095514565706253,-5.328710045282784
2024-12-24 17:00:00+00:00,-5.66,-0.13119518756866455,-7.541510779258472,0.03396639600396156,3.681143590800948
2024-12-24 18:00:00+00:00,-17.89,-0.12057884782552719,-8.538364538700616,-0.02913057431578636,-0.12068819016068351
2024-12-25 10:00:00+00:00,14.14,-0.11107658594846725,-6.427182643820908,-0.0012645380338653922,0.08561155320531882
2024-12-25 11:00:00+00:00,16.45,-0.09926619380712509,-5.001509242187375,-0.02322816476225853,-4.924643846575181
2024-12-25 12:00:00+00:00,15.22,-0.09246141463518143,-3.2299562496964684,-0.03398832306265831,7.105529345124354
2024-12-25 13:00:00+00:00,-2.52,-0.08433114737272263,-2.3062496041506315,-0.043258097022771835,-1.4172152722316318
2024-12-25 14:00:00+00:00,11.59,-0.06757960468530655,-5.607407861741736,-0.07224439829587936,-1.0763336338776737
2024-12-25 15:00:00+00:00,18.05,-0.05791119858622551,-6.079540809646842,-0.11075032502412796,3.9221969061655084
2024-12-25 16:00:00+00:00,-12.33,-0.05660679563879967,-5.635163223717912,-0.1501660794019699,2.172704748211892
2024-12-25 17:00:00+00:00,-0.84,-0.07171789556741714,-3.9445538831621825,-0.22708740830421448,2.5667394400735635
2024-12-25 18:00:00+00:00,33.52,-0.07348170131444931,-3.6696075481932655,-0.2636835277080536,0.6251495732798965
2024-12-26 10:00:00+00:00,-22.02,-0.07333043962717056,-5.6451714381181874,-0.28657087683677673,4.12922498977787
2024-12-26 11:00:00+00:00,17.12,-0.06706380099058151,-4.328813946359796,-0.3099839985370636,3.0195740125021224
2024-12-26 12:00:00+00:00,-1.48,-0.060986872762441635,-4.120468303107168,-0.39604923129081726,5.249638481169896
2024-12-26 13:00:00+00:00,1.18,-0.048620980232954025,-3.1161720961274004,-0.456838995218277,-2.1715985017285244
2024-12-26 14:00:00+00:00,7.06,-0.03889678046107292,-1.599515372691425,-0.5426010489463806,1.3082495050341398
2024-12-26 15:00:00+00:00,-3.31,-0.01834171637892723,-4.539381450987501,-0.639746367931366,1.8115768902672187
2024-12-26 16:00:00+00:00,-0.96,0.0034297150559723377,-3.59921083327835,-0.7008789777755737,4.671199086829043
2024-12-26 17:00:00+00:00,2.63,0.03928929939866066,-6.3433295038908275,-0.752811849117279,2.881095490210189
2024-12-26 18:00:00+00:00,-6.96,0.07414082437753677,-6.3041124588817175,-0.8432763814926147,8.135779369455637
2024-12-27 10:00:00+00:00,0.14,0.11592606455087662,-3.1657990532900606,-0.9231419563293457,1.7368645136647787
2024-12-27 11:00:00+00:00,2.99,0.16160717606544495,-2.0389168265899933,-1.0222519636154175,-0.9382349901699372
2024-12-27 12:00:00+00:00,-12.75,0.22469452023506165,-3.9311932605164595,-1.1144071817398071,-1.658673180084139
2024-12-27 13:00:00+00:00,6.27,0.2911650836467743,-3.9423621764612897,-1.2126232385635376,-0.9457630710535259
2024-12-27 14:00:00+00:00,4.64,0.3609772026538849,-3.804174053656071,-1.318940281867981,-3.1529392558415283
2024-12-27 15:00:00+00:00,-1.83,0.44351544976234436,-4.571354808715203,-1.4286078214645386,6.471979400003828
2024-12-27 16:00:00+00:00,-2.51,0.5202297568321228,-3.0406576076707625,-1.523192048072815,1.9869552203496341
2024-12-27 17:00:00+00:00,0.89,0.578171968460083,-2.859200177380407,-1.5579913854599,0.8025824626946618
2024-12-27 18:00:00+00:00,25.23,0.6260273456573486,-2.712584220648934,-1.6194260120391846,4.2329342938697225
2024-12-28 10:00:00+00:00,10.41,0.6608682870864868,0.8368109972980962,-1.7003014087677002,3.9816850889830513
2024-12-28 11:00:00+00:00,1.67,0.7123926281929016,-0.6794331558540365,-1.7693064212799072,-10.110286586471775
2024-12-28 12:00:00+00:00,-5.07,0.7759369611740112,-0.9768449361192794,-1.8366721868515015,-3.528610382542426
2024-12-28 13:00:00+00:00,-1.24,0.8096222877502441,1.162554208521273,-2.012730121612549,-0.6918835222399949
2024-12-28 14:00:00+00:00,0.2,0.8706252574920654,-0.005072189635144428,-2.167802333831787,-5.887817673726276
2024-12-28 15:00:00+00:00,-7.85,0.928162693977356,-0.5468989180235581,-2.2918951511383057,-6.784773363356162
2024-12-28 16:00:00+00:00,2.88,0.9717427492141724,-0.4462514296261423,-2.4029252529144287,-5.699446696300919
2024-12-28 17:00:00+00:00,2.99,1.0098187923431396,-2.846039252209931,-2.567657232284546,-2.2168245970850835
2024-12-28 18:00:00+00:00,53.24,1.052936315536499,-3.9560129807941293,-2.6632277965545654,-9.092548320064873
2024-12-30 10:00:00+00:00,13.54,1.077092170715332,-2.662596870058597,-2.7373554706573486,-0.3665647257265723
2024-12-30 11:00:00+00:00,2.54,1.0231176614761353,-8.382931071993672,-2.8627119064331055,-2.2906828314132395
2024-12-30 12:00:00+00:00,2.07,0.9720613956451416,-6.309001082089613,-2.9762532711029053,-9.71435209786959
2024-12-30 13:00:00+00:00,15.51,0.946304202079773,-7.647442447944485,-3.086137056350708,-5.020926747662613
2024-12-30 14:00:00+00:00,-8.59,0.918939471244812,-7.371930784855735,-3.2121407985687256,9.154370822500251
2024-12-30 15:00:00+00:00,-3.06,0.9258396625518799,-4.183890413049706,-3.3067116737365723,-1.332508935283571
2024-12-30 16:00:00+00:00,10.85,0.9112308025360107,-4.592358215546318,-3.3643136024475098,-0.09047517217636564
2024-12-30 17:00:00+00:00,10.27,0.8261152505874634,-4.490852661580313,-3.4650321006774902,3.640629988830813
2024-12-30 18:00:00+00:00,-33.86,0.7491164207458496,-7.382727249903132,-3.588773488998413,-3.0309988344294183
2025-01-03 10:00:00+00:00,-2.26,0.7305483818054199,-1.750093765774145,-3.6687235832214355,-4.170927598791557
2025-01-03 11:00:00+00:00,-23.03,0.7273308038711548,-2.8978131362906363,-3.7474751472473145,-5.168346642095512
2025-01-03 12:00:00+00:00,1.82,0.7347524166107178,-2.669595926111001,-3.8478012084960938,-0.9138358842745573
2025-01-03 13:00:00+00:00,1.83,0.7484214305877686,-4.125813400344805,-3.9606211185455322,2.31823749395725
2025-01-03 14:00:00+00:00,-3.1,0.7305415868759155,-4.47805411265532,-4.065947532653809,-9.608023655776643
2025-01-03 15:00:00+00:00,1.67,0.7154384851455688,-3.784231227873411,-4.1653923988342285,-4.3180908180022595
2025-01-03 16:00:00+00:00,3.22,0.6852330565452576,-4.661478280290503,-4.2766242027282715,-3.6477978803791093
2025-01-03 17:00:00+00:00,-0.83,0.601284384727478,-5.401721901781304,-4.378847122192383,2.0606911016453346
2025-01-03 18:00:00+00:00,-22.21,0.5245186686515808,-4.372245122806895,-4.487794399261475,-11.538969676538047
2025-01-06 10:00:00+00:00,13.18,0.43909570574760437,1.1459587222114023,-4.580141544342041,-5.308469689201391
2025-01-06 11:00:00+00:00,-15.03,0.3677274286746979,-1.5783468484044154,-4.675337791442871,-5.124110755126409
2025-01-06 12:00:00+00:00,1.82,0.3052687346935272,-1.1612916898404606,-4.770689964294434,-7.705125668910473
2025-01-06 13:00:00+00:00,8.59,0.24137601256370544,-0.7614996130798621,-4.853119850158691,-9.559856114992861
2025-01-06 14:00:00+00:00,-3.1,0.17920809984207153,1.5415710513949996,-4.923246383666992,-6.790403067038794
2025-01-06 15:00:00+00:00,1.86,0.12429315596818924,-0.2728084088578859,-4.993317127227783,-7.628085296361569
2025-01-06 16:00:00+00:00,5.89,0.06251019984483719,-0.5869595135618219,-5.056151866912842,-11.463615918240624
2025-01-06 17:00:00+00:00,-3.24,-0.028810497373342514,-0.09271238797630205,-5.124495506286621,-6.856335989389359
2025-01-06 18:00:00+00:00,8.11,-0.10414967685937881,1.2628783468775269,-5.215522766113281,-3.4643686289497135
2025-01-08 10:00:00+00:00,2.9,-0.20241901278495789,2.16972778719009,-5.324816703796387,-0.9220847628148916
2025-01-08 11:00:00+00:00,1.77,-0.2823527753353119,-0.2290455331412024,-5.387631893157959,4.545348321602333
2025-01-08 12:00:00+00:00,5.91,-0.35029447078704834,0.5256386657786059,-5.45117712020874,4.169516329834675
2025-01-08 13:00:00+00:00,1.07,-0.40892860293388367,-1.946700808386386,-5.522053241729736,-2.135549342015583
2025-01-08 14:00:00+00:00,3.75,-0.4690147042274475,-2.9638588421080265,-5.5916595458984375,0.925580915918089
2025-01-08 15:00:00+00:00,7.09,-0.5171911716461182,-1.7074580538330486,-5.653037071228027,-1.6574489546750222
2025-01-08 16:00:00+00:00,-2.77,-0.5599287152290344,-2.0442844400442306,-5.692718982696533,0.014626520306406154
2025-01-08 17:00:00+00:00,-3.3,-0.6286292672157288,-1.3143664780065638,-5.751163005828857,-3.8874021577571303
2025-01-08 18:00:00+00:00,-26.02,-0.6877444982528687,0.8180054823343919,-5.7938032150268555,-1.6857340929181728
2025-01-09 10:00:00+00:00,-9.95,-0.7161303758621216,-0.5072894742771075,-5.805148601531982,-0.9671781875842516
2025-01-09 11:00:00+00:00,-14.79,-0.7474889755249023,-1.42395502670943,-5.804121494293213,-0.6091505590952848
2025-01-09 12:00:00+00:00,-1.7,-0.7855835556983948,-0.5331509464607449,-5.781065464019775,0.565002434973531
2025-01-09 13:00:00+00:00,-12.36,-0.8253799080848694,0.030905492747962934,-5.757023334503174,-1.002563266023095
2025-01-09 14:00:00+00:00,-4.2,-0.8552301526069641,-0.6470941197296389,-5.726424217224121,-1.8955357838080267
2025-01-09 15:00:00+00:00,19.26,-0.8816352486610413,2.543289703829063,-5.686206817626953,0.6733529450705711
2025-01-09 16:00:00+00:00,-7.03,-0.8963253498077393,1.4777167773375246,-5.615113735198975,-1.8460285832958603
2025-01-09 17:00:00+00:00,-10.88,-0.9215667843818665,-2.0957763034124786,-5.545061111450195,-5.643664760592069
2025-01-09 18:00:00+00:00,-0.42,-0.9462831020355225,-5.761817773647496,-5.456905364990234,-6.425960740304713
2025-01-10 10:00:00+00:00,-10.9,-0.9348154664039612,0.6643592811766562,-5.348425388336182,2.6799006773048832
2025-01-10 11:00:00+00:00,-15.45,-0.9358904957771301,1.5572457125858712,-5.2235565185546875,-2.4474677495649613
2025-01-10 12:00:00+00:00,59.39,-0.9378639459609985,1.3084238573834153,-5.07972526550293,4.246033086219353
2025-01-10 13:00:00+00:00,-0.66,-0.9340944886207581,-1.8537676699641024,-4.896917343139648,4.317630782923943
2025-01-10 14:00:00+00:00,9.19,-0.9156429767608643,-0.8713252341378536,-4.785033226013184,-2.0107828020162954
2025-01-10 15:00:00+00:00,4.12,-0.8734323978424072,-1.8097450369855201,-4.660345554351807,1.2482936040840509
2025-01-10 16:00:00+00:00,22.27,-0.8076289892196655,0.6437011337651485,-4.468225955963135,-1.8707940518037416
2025-01-10 17:00:00+00:00,-16.07,-0.7669169306755066,-0.07858837571858718,-4.315017223358154,-3.8029430547748597
2025-01-10 18:00:00+00:00,34.39,-0.7648170590400696,-1.6326923855626374,-4.282826900482178,-1.2462044061861124
2025-01-13 10:00:00+00:00,13.47,-0.7405639290809631,-3.314030247839488,-4.191469192504883,7.242969122783612
2025-01-13 11:00:00+00:00,5.72,-0.7025772333145142,-4.859730094333684,-4.076080322265625,-4.012311513765271
2025-01-13 12:00:00+00:00,-20.33,-0.6402815580368042,-5.525773947878499,-3.956116199493408,2.666229172599739
2025-01-13 13:00:00+00:00,-12.93,-0.5829288959503174,-4.750286666582289,-3.825026273727417,-1.9438148747852204
2025-01-13 14:00:00+00:00,4.99,-0.5600260496139526,-1.5815568289945532,-3.6837120056152344,-0.4730286518618734
2025-01-13 15:00:00+00:00,2.47,-0.5439310669898987,-1.8257955157496846,-3.553317070007324,-1.138351436585107
2025-01-13 16:00:00+00:00,14.24,-0.5074533820152283,-1.640964251244242,-3.4443655014038086,0.7296985945663507
2025-01-13 17:00:00+00:00,-0.5,-0.5022536516189575,-0.1905068377079149,-3.337956190109253,2.029021264328201
2025-01-13 18:00:00+00:00,-28.62,-0.4957229197025299,0.0783074643659038,-3.2416512966156006,1.8612256676026202
2025-01-14 10:00:00+00:00,23.86,-0.473411500453949,-1.079462532574087,-3.2008063793182373,-3.0145318859179144
2025-01-14 11:00:00+00:00,-0.25,-0.4511149823665619,0.4320878681787722,-3.136383295059204,2.991946705497416
2025-01-14 12:00:00+00:00,13.63,-0.4219702482223511,0.010010088005384943,-3.0239908695220947,-2.1781758377108043
2025-01-14 13:00:00+00:00,-9.63,-0.38316211104393005,-1.7391331863081922,-2.937269926071167,8.298956990227385
2025-01-14 14:00:00+00:00,4.43,-0.32702645659446716,-2.0810263347609705,-2.8371384143829346,-3.404046258143834
2025-01-14 15:00:00+00:00,0.75,-0.2765263020992279,-3.1469292412467555,-2.7134268283843994,-1.5354305994685504
2025-01-14 16:00:00+00:00,-1.72,-0.2177433967590332,-2.446617645411978,-2.610506534576416,-11.170286658993607
2025-01-14 17:00:00+00:00,-9.05,-0.19511206448078156,-1.810365840150241,-2.5213749408721924,2.1620440796834153
2025-01-14 18:00:00+00:00,-1.49,-0.1452808678150177,-3.0423465014406528,-2.435006856918335,-3.723326670516565
2025-01-15 10:00:00+00:00,-5.74,-0.11290673166513443,-0.4689500402752864,-2.3243463039398193,0.40253885396601624
2025-01-15 11:00:00+00:00,-10.11,-0.07970681041479111,-0.707863803692329,-2.1941118240356445,-1.992223384173303
2025-01-15 12:00:00+00:00,4.86,-0.06328695267438889,-1.7268635210573433,-2.1699435710906982,-3.1181615632474737
2025-01-15 13:00:00+00:00,-0.08,-0.055865924805402756,-3.439019921625663,-2.1592371463775635,-7.286203610525221
2025-01-15 14:00:00+00:00,7.8,-0.03082665428519249,-2.8272428894930006,-2.158055543899536,-4.080536272260124
2025-01-15 15:00:00+00:00,-4.77,-0.0063416319899261,-2.314107245295378,-2.1393961906433105,1.5585972510724548
2025-01-15 16:00:00+00:00,-2.11,0.00820655096322298,-2.855381400515755,-2.136977195739746,-3.3880431682450696
2025-01-15 17:00:00+00:00,-4.91,-0.02072363719344139,-1.9889933920868235,-2.0559463500976562,-3.5573032266490854
2025-01-15 18:00:00+00:00,58.61,-0.025829698890447617,-4.3035652461474765,-1.9881186485290527,-0.32378482000519127
2025-01-16 10:00:00+00:00,12.2,-0.035528477281332016,-1.6493810632470596,-1.9245989322662354,1.7330803414631926
2025-01-16 11:00:00+00:00,2.59,-0.018024291843175888,-1.5604883623306383,-1.8447484970092773,1.2636909753583105
2025-01-16 12:00:00+00:00,2.62,0.015895400196313858,-2.9818835104857535,-1.7416871786117554,-0.12955478063087494
2025-01-16 13:00:00+00:00,6.79,0.07079485803842545,-2.544906712929127,-1.604630470275879,-1.8768035202862787
2025-01-16 14:00:00+00:00,-5.21,0.12651759386062622,-3.266957936136225,-1.5316656827926636,1.0448195131991425
2025-01-16 15:00:00+00:00,-13.07,0.1680585741996765,-1.70725737868154,-1.5109442472457886,0.16811759821164124
2025-01-16 16:00:00+00:00,6.14,0.2059566080570221,-3.0868701488331736,-1.4996498823165894,1.2999139694216322
2025-01-16 17:00:00+00:00,-2.34,0.23776409029960632,-1.6079671181359627,-1.4588513374328613,0.00022764201706965137
2025-01-16 18:00:00+00:00,-0.52,0.2800961434841156,-1.4862241301559325,-1.4245612621307373,1.2445074010237562
2025-01-17 10:00:00+00:00,10.68,0.3020988404750824,-1.2766731047035464,-1.4145900011062622,0.674564333959544
2025-01-17 11:00:00+00:00,0.27,0.33045247197151184,-1.681021263930667,-1.3763837814331055,2.9015974439207426
2025-01-17 12:00:00+00:00,6.84,0.35584142804145813,-1.5346811240648457,-1.3694311380386353,-0.0876950624909601
2025-01-17 13:00:00+00:00,2.43,0.3914424479007721,-2.0844102036044214,-1.3338921070098877,3.198387378019655
2025-01-17 14:00:00+00:00,1.64,0.44640013575553894,-1.9019928071775873,-1.2924261093139648,-2.6620142367355077
2025-01-17 15:00:00+00:00,13.67,0.4835684597492218,-3.3122631802252216,-1.2299473285675049,1.4074607123741187
2025-01-17 16:00:00+00:00,2.15,0.5173437595367432,-2.09230428470413,-1.154359221458435,2.96050227625531
2025-01-17 17:00:00+00:00,-2.93,0.4934464395046234,-3.499403125545765,-1.1185635328292847,4.38073151759881
2025-01-17 18:00:00+00:00,30.04,0.46503207087516785,-2.916825515987414,-1.1020044088363647,-3.6761537306502863
2025-01-20 10:00:00+00:00,-9.85,0.41367200016975403,-3.7209175854027654,-1.096243977546692,0.23283500655010714
2025-01-20 11:00:00+00:00,-32.11,0.3755042850971222,-2.8637959042006114,-1.0849865674972534,-4.467109930741815
2025-01-20 12:00:00+00:00,2.94,0.3265206515789032,0.19850003041247088,-1.1017667055130005,-2.0028255606754097
2025-01-20 13:00:00+00:00,12.36,0.2913523018360138,-1.2309302544237517,-1.1528737545013428,-2.0787100818637327
2025-01-20 14:00:00+00:00,-0.33,0.2844223082065582,-1.7456601894459893,-1.2173585891723633,0.349939553526408
2025-01-20 15:00:00+00:00,4.96,0.2685684859752655,-1.6372381607328252,-1.2690765857696533,-3.8209745186431565
2025-01-20 16:00:00+00:00,-20.64,0.23155388236045837,-1.5185213021847408,-1.3124340772628784,-5.527604542141341
2025-01-20 17:00:00+00:00,-3.34,0.17933392524719238,-1.5217644910957575,-1.3591855764389038,1.0372178472327103
2025-01-20 18:00:00+00:00,-5.12,0.13922321796417236,-0.9085367402815688,-1.423919916152954,-9.892856294766826
2025-01-21 10:00:00+00:00,-11.18,0.10408467799425125,0.07248881117250947,-1.4547195434570312,-0.43504623861190644
2025-01-21 11:00:00+00:00,-10.09,0.11055216938257217,-0.19806450762636127,-1.5042058229446411,1.0088085165368326
2025-01-21 12:00:00+00:00,2.32,0.1255244016647339,0.03496056316887006,-1.5519678592681885,-3.3470582107641764
2025-01-21 13:00:00+00:00,-18.66,0.18843507766723633,0.3750493267145285,-1.587670922279358,-2.8350160761319376
2025-01-21 14:00:00+00:00,7.95,0.273957222700119,4.698565973325348,-1.6370755434036255,0.9042945255075607
2025-01-21 15:00:00+00:00,12.09,0.35555991530418396,-3.421394459145767,-1.6656396389007568,-3.188317308138653
2025-01-21 16:00:00+00:00,18.95,0.4042645990848541,-0.2560772937244049,-1.6679084300994873,-0.9454294620211874
2025-01-21 17:00:00+00:00,8.9,0.43825623393058777,-0.1745445715841577,-1.7005078792572021,-0.36321861104400677
2025-01-21 18:00:00+00:00,-6.51,0.49517926573753357,-0.3991195437816703,-1.6806590557098389,-4.0544876275129
2025-01-22 10:00:00+00:00,15.78,0.5678048729896545,0.31122342743989123,-1.621573567390442,-1.3301463154903754
2025-01-22 11:00:00+00:00,10.59,0.6453046202659607,0.41662776207941143,-1.592199444770813,0.43922544143518866
2025-01-22 12:00:00+00:00,-1.25,0.7043863534927368,-0.010436511655656844,-1.5322271585464478,6.836569146856408
2025-01-22 13:00:00+00:00,11.57,0.7774261236190796,-0.0881621779221611,-1.5290836095809937,-1.4968087646547008
2025-01-22 14:00:00+00:00,-13.15,0.8580293655395508,-2.1167526799718854,-1.5017913579940796,-4.36941492563657
2025-01-22 15:00:00+00:00,2.43,0.954805850982666,-0.3308101223780025,-1.4570051431655884,5.276688597704952
2025-01-22 16:00:00+00:00,7.52,1.0411326885223389,1.2435204725548972,-1.374150037765503,0.9772085589495916
2025-01-22 17:00:00+00:00,10.93,1.0831336975097656,0.8078646087664584,-1.34950852394104,-3.2780123971327835
2025-01-22 18:00:00+00:00,-30.75,1.103894591331482,-1.7635175534739544,-1.3198370933532715,0.6211664448065477
2025-01-23 10:00:00+00:00,-8.52,1.108491063117981,-0.28294415874077417,-1.2746975421905518,-7.520993033838783
2025-01-23 11:00:00+00:00,-14.68,1.1076372861862183,-0.29679180853350706,-1.2366544008255005,-1.5283546973754125
2025-01-23 12:00:00+00:00,7.45,1.1180460453033447,-0.616923504566782,-1.175801157951355,-3.43920040832271
2025-01-23 13:00:00+00:00,10.52,1.1380529403686523,-2.2473361277074018,-1.1222866773605347,-0.3875973768990385
2025-01-23 14:00:00+00:00,-9.1,1.1459897756576538,-1.4569850396625637,-1.0794382095336914,1.3340531072845465
2025-01-23 15:00:00+00:00,3.96,1.1662981510162354,-1.3377154148716284,-1.0191515684127808,-0.6828490087806682
2025-01-23 16:00:00+00:00,-3.25,1.1664116382598877,-1.3768903999789444,-0.9815473556518555,-5.085187164817507
2025-01-23 17:00:00+00:00,-2.15,1.129704475402832,-1.2933296009171826,-1.0116137266159058,-2.2356681132858367
2025-01-23 18:00:00+00:00,25.19,1.1118500232696533,-1.6783489480682805,-1.0541819334030151,-5.402860843916919
2025-01-24 10:00:00+00:00,3.88,1.0827728509902954,-0.19267334450176546,-1.0747190713882446,-0.23595088594529287
2025-01-24 11:00:00+00:00,5.9,1.0653362274169922,-0.07301327949396297,-1.092450737953186,-2.843379326908869
2025-01-24 12:00:00+00:00,-0.69,1.0318139791488647,1.004739376291605,-1.1387993097305298,-4.584270557726877
2025-01-24 13:00:00+00:00,7.35,1.0220290422439575,-0.43959504767821944,-1.186466097831726,-3.8359593866503823
2025-01-24 14:00:00+00:00,-2.39,0.9830212593078613,-2.0570511548846744,-1.201935887336731,1.6379424212616471
2025-01-24 15:00:00+00:00,-24.26,0.9445000886917114,-1.3131790641278234,-1.2195569276809692,-0.02940818804515774
2025-01-24 16:00:00+00:00,6.02,0.8977383375167847,0.1850914255642373,-1.2512211799621582,-0.21909119748632358
2025-01-24 17:00:00+00:00,0.84,0.8911858797073364,-1.035144285165394,-1.2731547355651855,-6.538127646028325
2025-01-24 18:00:00+00:00,-1.78,0.8976478576660156,-0.17688163643420185,-1.2635517120361328,-1.1827334985811928
2025-01-27 09:00:00+00:00,-10.5,0.9154695272445679,-1.1203737686373891,-1.2234138250350952,-3.641130776677822
2025-01-27 10:00:00+00:00,-24.23,0.9544028043746948,0.6485285523093524,-1.1434992551803589,-2.1388637638145096
2025-01-27 11:00:00+00:00,8.33,0.9991533756256104,-0.22462405099146393,-1.065848469734192,-1.9073334359550642
2025-01-27 12:00:00+00:00,1.42,1.0364792346954346,0.07467199522107199,-1.0063470602035522,-9.269416528467538
2025-01-27 13:00:00+00:00,-11.14,1.0628868341445923,-0.2920384160051803,-0.9851654767990112,-5.012430999158174
2025-01-27 14:00:00+00:00,11.07,1.0867010354995728,-0.5631751046040188,-0.9545871019363403,-4.401292904401255
2025-01-27 15:00:00+00:00,-20.48,1.1165177822113037,-1.574076917290129,-0.924109697341919,0.6386638570501413
2025-01-27 16:00:00+00:00,-9.33,1.16026771068573,-1.2655089691793566,-1.0226739645004272,-1.9548263467957134
2025-01-27 17:00:00+00:00,0.09,1.1763248443603516,1.3701196156349533,-1.0569839477539062,-7.4066185733800145
2025-01-27 18:00:00+00:00,-8.02,1.1784712076187134,-0.9560290242066927,-1.051851749420166,-2.6271644532445046
2025-01-28 09:00:00+00:00,-1.02,1.1947336196899414,-2.2075603251793776,-1.0240062475204468,1.5500190642389
2025-01-28 10:00:00+00:00,-3.81,1.200791358947754,2.265956035003182,-0.9587188959121704,-1.3285989120383195
2025-01-28 11:00:00+00:00,-2.56,1.2117944955825806,-0.6496613091104089,-0.8723154067993164,2.3997333787172392
2025-01-28 12:00:00+00:00,11.16,1.2249304056167603,-0.8583768160579601,-0.8066945672035217,-3.7281460721247326
2025-01-28 13:00:00+00:00,21.49,1.24985933303833,-1.999264063087838,-0.7086688876152039,-1.0795478653091102
2025-01-28 14:00:00+00:00,11.76,1.2629220485687256,-0.272235531814049,-0.6043186187744141,-1.286393616535291
2025-01-28 15:00:00+00:00,0.75,1.2736729383468628,-0.9266986389874113,-0.576030969619751,-0.9149090419636627
2025-01-28 16:00:00+00:00,4.61,1.2505921125411987,-1.3373059601121378,-0.5225503444671631,3.9891272223517142
2025-01-28 17:00:00+00:00,6.22,1.2034410238265991,-2.2295840210213367,-0.4400251507759094,1.019650692385588
2025-01-28 18:00:00+00:00,3.11,1.1543457508087158,-1.2517211511469413,-0.3890029788017273,-1.7907492497045163
2025-01-29 09:00:00+00:00,-3.45,1.1192059516906738,-2.8017863053692884,-0.3060462474822998,0.23774243368101772
2025-01-29 10:00:00+00:00,14.38,1.0820797681808472,-1.395853396787319,-0.25000080466270447,3.8666829112328442
2025-01-29 11:00:00+00:00,6.12,1.0414836406707764,-1.4212499980552658,-0.1858297437429428,-3.2733837082051966
2025-01-29 12:00:00+00:00,-3.52,0.9887112379074097,-2.2589245406674703,-0.10583212226629257,-5.121292758682964
2025-01-29 13:00:00+00:00,-8.67,0.9296810626983643,-1.4972603431092797,-0.03849085792899132,-1.797873080662632
2025-01-29 14:00:00+00:00,-3.59,0.8648496866226196,0.028642561066823016,-0.04022986814379692,-7.139540109551907
2025-01-29 15:00:00+00:00,-6.3,0.7832649946212769,0.4100123205602525,-0.0033727544359862804,-3.494532326878157
2025-01-29 16:00:00+00:00,14.29,0.7056908011436462,0.0909319233480396,0.013518904335796833,0.4744876642185905
2025-01-29 17:00:00+00:00,6.34,0.6427615284919739,0.06575713705528119,0.016079697757959366,1.40625217617259
2025-01-29 18:00:00+00:00,-0.36,0.5799636840820312,-1.6605575761299416,-0.03846171125769615,1.9674169387043146
2025-01-30 09:00:00+00:00,0.22,0.5306662917137146,-1.3325313521338267,-0.08273985236883163,-5.650274812861119
2025-01-30 10:00:00+00:00,-2.31,0.48978307843208313,-0.04763147809445999,-0.14942769706249237,0.5895025483905181
2025-01-30 11:00:00+00:00,-0.59,0.4452321231365204,0.6972448841892734,-0.2427815943956375,-4.153951874029863
2025-01-30 12:00:00+00:00,2.79,0.42122945189476013,-0.3971102866966964,-0.31302618980407715,-0.39585399310253466
2025-01-30 13:00:00+00:00,0.63,0.40833160281181335,-2.2139099457982647,-0.40837112069129944,1.6730604510985918
2025-01-30 14:00:00+00:00,1.07,0.41433045268058777,-0.5375265293240388,-0.45738330483436584,2.07576158282332
2025-01-30 15:00:00+00:00,2.43,0.4162287414073944,-1.931536799342325,-0.4865782558917999,-5.975913033784006
2025-01-30 16:00:00+00:00,7.87,0.4235915243625641,-1.5450277098592393,-0.4938579201698303,-1.7112936604974998
2025-01-30 17:00:00+00:00,5.04,0.43869391083717346,-2.559574813224661,-0.5495142936706543,1.4567982023012467
2025-01-30 18:00:00+00:00,17.92,0.4585106074810028,-3.3789085989824006,-0.6034500002861023,-3.626625940686219
2025-01-31 09:00:00+00:00,0.13,0.4888109266757965,-4.131589940225052,-0.6395516991615295,0.28299364611345573
2025-01-31 10:00:00+00:00,-13.2,0.5239284634590149,-0.9956645215628595,-0.6860731840133667,-2.0777668468549755
2025-01-31 11:00:00+00:00,5.1,0.5370097756385803,-0.27030634500017464,-0.7320612072944641,-3.880974186602155
2025-01-31 12:00:00+00:00,-1.63,0.536016583442688,-0.15932440604646586,-0.7725692987442017,-2.14608397369547
2025-01-31 13:00:00+00:00,4.48,0.5425522923469543,-2.1364773429259634,-0.800603985786438,0.17809783175562915
2025-01-31 14:00:00+00:00,-21.07,0.5189240574836731,-1.7897877770531618,-0.8034164309501648,1.9346333813936172
2025-01-31 15:00:00+00:00,-5.08,0.49015626311302185,-0.33019295030035617,-0.7835381031036377,-3.924479160483389
2025-01-31 16:00:00+00:00,-6.72,0.46285536885261536,-0.9694922537921086,-0.7762091755867004,-0.18401723092788513
2025-01-31 17:00:00+00:00,0.7,0.4277130663394928,-0.7946512464835808,-0.7635196447372437,-5.191911149413609
2025-01-31 18:00:00+00:00,-17.22,0.4205499589443207,-1.3546603303433393,-0.7463136911392212,-2.4826697932606874
2025-02-03 09:00:00+00:00,9.08,0.40506187081336975,-2.083955668863342,-0.723572313785553,-4.195579062764895
2025-02-03 10:00:00+00:00,-7.92,0.37401261925697327,1.4697000435791239,-0.6856701970100403,1.4832243135103709
2025-02-03 11:00:00+00:00,-0.19,0.33790698647499084,1.4846972501166005,-0.6875924468040466,1.9538955837857113
2025-02-03 12:00:00+00:00,1.5,0.31205180287361145,0.4100290594932563,-0.6831044554710388,-2.542339327094007
2025-02-03 13:00:00+00:00,-4.99,0.2966976463794708,-1.0997712853816455,-0.6884207129478455,0.7685491142078897
2025-02-03 14:00:00+00:00,-8.84,0.2930534780025482,-1.3266685897054806,-0.698645830154419,1.046298707882674
2025-02-03 15:00:00+00:00,7.28,0.3028775155544281,-0.21432328217787866,-0.7227557897567749,-2.029198370008731
2025-02-03 16:00:00+00:00,-5.77,0.3184238374233246,-1.2955550932614623,-0.7519606351852417,0.9459614922885662
2025-02-03 17:00:00+00:00,5.14,0.3061484396457672,-0.8780696043756662,-0.8177281022071838,-2.2425880224468586
2025-02-03 18:00:00+00:00,17.56,0.29878321290016174,-0.6903731640410999,-0.8924448490142822,-4.365380378189076
2025-02-04 09:00:00+00:00,0.35,0.2966146171092987,-0.8276729395333104,-0.9430237412452698,-0.5537507805056125
2025-02-04 10:00:00+00:00,-12.07,0.30647334456443787,-0.8214288967993644,-0.9610034823417664,-1.473311533830991
2025-02-04 11:00:00+00:00,-3.21,0.27995482087135315,-1.309384292986193,-1.0087627172470093,-2.1580019036421305
2025-02-04 12:00:00+00:00,-3.15,0.22501441836357117,-1.9518499004164664,-1.0549689531326294,2.640580773580658
2025-02-04 13:00:00+00:00,0.17,0.17845606803894043,-0.6337341340881935,-1.0704880952835083,0.6981497540086474
2025-02-04 14:00:00+00:00,-0.92,0.139437735080719,-0.9446455048900086,-1.0959662199020386,-2.010983851668411
2025-02-04 15:00:00+00:00,-3.79,0.09766180068254471,-0.6545857431837759,-1.1162912845611572,-2.6273556657039068
2025-02-04 16:00:00+00:00,-5.75,0.06970245391130447,-1.1877287666367657,-1.1766172647476196,1.0497548511242778
2025-02-04 17:00:00+00:00,2.35,0.029072199016809464,-1.19566368942176,-1.2382198572158813,-5.273053217302596
2025-02-04 18:00:00+00:00,-11.82,-0.03650059923529625,-1.2103772530385364,-1.260136365890503,-1.2791683996059384
2025-02-05 09:00:00+00:00,5.27,-0.08450474590063095,-0.49357147228374537,-1.2935327291488647,-3.5411569775863043
2025-02-05 10:00:00+00:00,-18.8,-0.13972657918930054,-0.8541245236696322,-1.3233749866485596,0.16445362197017604
2025-02-05 11:00:00+00:00,26.05,-0.1991790533065796,1.4166434600149482,-1.3268269300460815,-1.535947184443662
2025-02-05 12:00:00+00:00,-9.61,-0.24371634423732758,0.15985839448921663,-1.3193061351776123,-0.7494828385320917
2025-02-05 13:00:00+00:00,-1.88,-0.2842027544975281,-0.6872190383241283,-1.2716975212097168,-0.7545521684448118
2025-02-05 14:00:00+00:00,1.75,-0.3119847774505615,-1.8946076663417224,-1.226654291152954,-1.0673198069108307
2025-02-05 15:00:00+00:00,1.27,-0.31710943579673767,-1.5938896886201406,-1.2273672819137573,-2.2386582573911866
2025-02-05 16:00:00+00:00,19.23,-0.3117814362049103,-1.0731361636721757,-1.2356841564178467,2.532568275959164
2025-02-05 17:00:00+00:00,1.39,-0.3180604577064514,-0.7540821838893912,-1.2266103029251099,-3.3226846165940005
2025-02-05 18:00:00+00:00,30.92,-0.311093270778656,-1.586969428634556,-1.196394920349121,0.22133431235776319
2025-02-06 09:00:00+00:00,8.66,-0.31843990087509155,-4.395180158891936,-1.1848585605621338,3.0199607485582605
2025-02-06 10:00:00+00:00,-9.38,-0.30830588936805725,-1.720871526669528,-1.1710896492004395,-1.520940192337767
2025-02-06 11:00:00+00:00,3.53,-0.32634323835372925,-2.470344480425,-1.1434483528137207,-3.3980753509084773
2025-02-06 12:00:00+00:00,-8.62,-0.3204919695854187,-1.9485315944728105,-1.1596016883850098,2.605406115670589
2025-02-06 13:00:00+00:00,0.46,-0.30023637413978577,-1.1923617112423728,-1.1824140548706055,-0.2004507390873697
2025-02-06 14:00:00+00:00,9.91,-0.2926020920276642,-1.676304592753511,-1.1824623346328735,1.070603835752671
2025-02-06 15:00:00+00:00,1.77,-0.28455737233161926,-0.09709684817158487,-1.1805212497711182,3.49175962499911
2025-02-06 16:00:00+00:00,9.19,-0.26877546310424805,-1.4078268172925699,-1.1635273694992065,-1.9529273931217221
2025-02-06 17:00:00+00:00,-6.88,-0.26280394196510315,-2.714469069499397,-1.1299962997436523,-0.5343202733695686
2025-02-06 18:00:00+00:00,14.24,-0.2654338479042053,-1.6250876818045634,-1.0801446437835693,-1.6790215998871287
2025-02-07 09:00:00+00:00,-1.6,-0.27600181102752686,-4.249568182777101,-1.035376787185669,-1.8169581773102181
2025-02-07 10:00:00+00:00,-15.43,-0.26863163709640503,-1.939712858903003,-1.0142035484313965,-3.819832456044997
2025-02-07 11:00:00+00:00,-2.5,-0.28437262773513794,-0.7642217308603281,-0.9855132699012756,0.2663344527489016
2025-02-07 12:00:00+00:00,7.89,-0.3074491024017334,-0.9590359022854212,-0.9827377200126648,-1.688125768599076
2025-02-07 13:00:00+00:00,-7.79,-0.32493963837623596,-2.8847560095954266,-0.9687623381614685,1.504162881232975
2025-02-07 14:00:00+00:00,0.59,-0.32024770975112915,-2.7779446974317303,-0.9496133923530579,-4.718386010698103
2025-02-07 15:00:00+00:00,1.98,-0.3351455628871918,-2.7173690874074956,-0.9214909672737122,-0.1423654211421773
2025-02-07 16:00:00+00:00,-4.78,-0.33390313386917114,-0.1231670914328725,-0.9312517642974854,-0.8296277378547472
2025-02-07 17:00:00+00:00,3.81,-0.329482764005661,-1.1105873312143433,-0.9130197167396545,-4.535600309682374
2025-02-07 18:00:00+00:00,27.34,-0.3340916037559509,-3.1796875815989787,-0.8892773985862732,-5.325718673243628
2025-02-10 09:00:00+00:00,-2.02,-0.3468276262283325,-3.439370653614673,-0.8706678152084351,3.854580650101527
2025-02-10 10:00:00+00:00,-9.26,-0.3444178104400635,-0.14320152152616888,-0.842560350894928,-2.1731705566757062
2025-02-10 11:00:00+00:00,6.47,-0.3601873219013214,-0.9313691274810256,-0.8421213626861572,2.0383538716052385
2025-02-10 12:00:00+00:00,3.51,-0.3649889826774597,-3.131171689694148,-0.8377729058265686,1.5850002603563067
2025-02-10 13:00:00+00:00,14.45,-0.35753509402275085,-3.6185478985110526,-0.8232545256614685,-1.0384579948618184
2025-02-10 14:00:00+00:00,-1.6,-0.34505388140678406,-1.7380840722971618,-0.7940676212310791,0.13201782039199939
2025-02-10 15:00:00+00:00,8.95,-0.3325732946395874,-2.139035236503858,-0.7595236301422119,-0.3496241337333884
2025-02-10 16:00:00+00:00,1.4,-0.3356130123138428,-2.874338285598225,-0.7363386750221252,-0.39339101488932127
2025-02-10 17:00:00+00:00,-3.38,-0.3445548117160797,-3.098058830295502,-0.7253212332725525,-0.9522310860750451
2025-02-10 18:00:00+00:00,-11.5,-0.36004409193992615,-2.125080358908181,-0.7432507276535034,0.2452019160771267
2025-02-11 09:00:00+00:00,-1.18,-0.3761267066001892,-3.0195961221369427,-0.7494547367095947,-0.3243141078338891
2025-02-11 10:00:00+00:00,-13.4,-0.39395883679389954,-0.48061076933204233,-0.7499997019767761,-2.916159243466656
2025-02-11 11:00:00+00:00,12.66,-0.4226057231426239,-0.24757250589541513,-0.7438812255859375,-0.05196819575934897
2025-02-11 12:00:00+00:00,11.84,-0.4470498263835907,-0.24624720126734034,-0.7465433478355408,-0.7963348619693547
2025-02-11 13:00:00+00:00,-3.4,-0.4739285707473755,0.02845763614316313,-0.746366024017334,0.8593748693406547
2025-02-11 14:00:00+00:00,4.53,-0.4856589734554291,-0.20474639714665366,-0.7460796236991882,-0.3562888237306888
2025-02-11 15:00:00+00:00,1.61,-0.5099995732307434,-0.9261892009738466,-0.7619805932044983,0.11672507669302301
2025-02-11 16:00:00+00:00,4.38,-0.5377189517021179,0.42854933299816245,-0.7737804055213928,2.3027144935784754
2025-02-11 17:00:00+00:00,0.09,-0.5483160614967346,-0.9391816902405261,-0.75788813829422,-0.331698531041015
2025-02-11 18:00:00+00:00,24.68,-0.5514084696769714,-1.3889558668762008,-0.7358476519584656,2.145403980826399
2025-02-12 09:00:00+00:00,1.67,-0.5493049025535583,-2.1466830136173285,-0.7079063057899475,3.3441840884959406
2025-02-12 10:00:00+00:00,7.45,-0.5109785199165344,-0.3526516671169415,-0.6677373051643372,0.2259604783271988
2025-02-12 11:00:00+00:00,-3.61,-0.49056169390678406,-3.004563320677143,-0.6146897077560425,-2.487733112241276
2025-02-12 12:00:00+00:00,2.58,-0.4669954478740692,-1.1942628804618176,-0.5604015588760376,0.3998432884145379
2025-02-12 13:00:00+00:00,-8.09,-0.4317948818206787,-0.505491646770132,-0.5050898790359497,0.8618498845090734
2025-02-12 14:00:00+00:00,-7.51,-0.40327388048171997,0.32983537889831427,-0.4690684676170349,0.6176725745659772
2025-02-12 15:00:00+00:00,9.36,-0.3784007430076599,0.2496080017177102,-0.4389485716819763,0.026121226464189434
2025-02-12 16:00:00+00:00,-21.37,-0.3520272970199585,-0.06941291077990602,-0.42218276858329773,1.839190112082404
2025-02-12 17:00:00+00:00,2.45,-0.33083802461624146,0.1966907591031104,-0.39226245880126953,-2.448315179923518
2025-02-12 18:00:00+00:00,220.03,-0.30651605129241943,-0.32779615890325237,-0.37776264548301697,-0.3588028768476841
2025-02-13 09:00:00+00:00,-63.31,-0.2746862471103668,-5.848233268710165,-0.3729225695133209,0.11459423744400377
2025-02-13 10:00:00+00:00,27.8,-0.21329139173030853,-0.558446554948579,-0.33952176570892334,-5.988527112458888
2025-02-13 11:00:00+00:00,10.62,-0.20973588526248932,-1.8443715111508985,-0.2875027060508728,-13.63231325181816
2025-02-13 12:00:00+00:00,-21.19,-0.17482607066631317,-1.8821355981948107,-0.24043841660022736,-4.692319304587097
2025-02-13 13:00:00+00:00,-11.3,-0.12236311286687851,-2.0715274862724335,-0.19225385785102844,16.793481543052746
2025-02-13 14:00:00+00:00,23.13,-0.07211282104253769,-0.07228790352909414,-0.12793277204036713,-5.747058265478793
2025-02-13 15:00:00+00:00,-9.65,-0.004585857968777418,-1.5765983608154888,-0.07066380232572556,16.441922663866336
2025-02-13 16:00:00+00:00,13.62,0.056961480528116226,-1.3852868925746993,-0.006804581265896559,2.4049212674727047
2025-02-13 17:00:00+00:00,-8.41,0.09560535103082657,-2.323440255091435,0.04304707422852516,-9.82778679703309
2025-02-13 18:00:00+00:00,58.75,0.12959015369415283,-3.779360825616521,0.07812241464853287,-7.89443534030669
2025-02-14 09:00:00+00:00,7.39,0.16285207867622375,-7.231805221139909,0.12376943975687027,-1.5447242532967034
2025-02-14 10:00:00+00:00,1.85,0.19349896907806396,-5.143505756245414,0.1607951819896698,-6.131736479123581
2025-02-14 11:00:00+00:00,-1.74,0.19562235474586487,-2.1962286057267493,0.13398528099060059,3.9063250969904026
2025-02-14 12:00:00+00:00,-61.07,0.19113874435424805,-2.045435751482221,0.1183459535241127,-9.386259172389073
2025-02-14 13:00:00+00:00,10.65,0.19763603806495667,0.7054560437034239,0.13788238167762756,10.224823972460555
2025-02-14 14:00:00+00:00,-10.12,0.23580685257911682,-0.9361743949074516,0.16787150502204895,8.804142146647939
2025-02-14 15:00:00+00:00,-51.94,0.27674707770347595,0.8131336301624817,0.17121809720993042,12.305881286240929
2025-02-14 16:00:00+00:00,14.17,0.31487640738487244,0.34272688392539963,0.15962344408035278,1.0097790391786858
2025-02-14 17:00:00+00:00,10.09,0.3636554777622223,0.290991732224014,0.12980669736862183,5.7811279982509856
2025-02-14 18:00:00+00:00,76.5,0.4036012589931488,1.1866861141712781,0.07272497564554214,-15.7245431101055
2025-02-17 09:00:00+00:00,-3.3,0.4383790194988251,-1.2934658160600248,0.036441925913095474,-3.495270256032614
2025-02-17 10:00:00+00:00,-4.27,0.4620165526866913,-0.3855155555445074,0.031368110328912735,-21.9724356551409
2025-02-17 11:00:00+00:00,19.33,0.4642620384693146,-0.9009569560704244,0.024285588413476944,1.3126282314619673
2025-02-17 12:00:00+00:00,5.27,0.46360549330711365,-0.3736030966102923,0.03727642074227333,-5.0267794614699355
2025-02-17 13:00:00+00:00,-9.61,0.44491222500801086,-1.9526599947328613,0.07883039861917496,-0.40774916813412654
2025-02-17 14:00:00+00:00,20.17,0.42666158080101013,-1.422107936670036,0.1349499523639679,3.7079176453808236
2025-02-17 15:00:00+00:00,4.98,0.3958999812602997,-1.2854816351314675,0.17090067267417908,5.450810968315724
2025-02-17 16:00:00+00:00,7.19,0.35285934805870056,-2.6394851716827787,0.22909340262413025,-6.671594684133722
2025-02-17 17:00:00+00:00,7.15,0.30138275027275085,-2.9441695103082544,0.26681968569755554,-5.852129462067279
2025-02-17 18:00:00+00:00,-0.87,0.22437092661857605,-0.9334648551696889,0.322782963514328,0.35198758607633324
2025-02-18 09:00:00+00:00,5.06,0.1464625895023346,-3.9478976944353956,0.40468451380729675,-13.889733452027182
2025-02-18 10:00:00+00:00,-42.76,0.07872239500284195,-3.8534867498442953,0.4619174897670746,-4.980122561293101
2025-02-18 11:00:00+00:00,21.44,0.002029810566455126,-2.222096378855668,0.4996512234210968,0.039751146160947326
2025-02-18 12:00:00+00:00,7.27,-0.06579161435365677,-1.230734968908824,0.5671868920326233,-3.440719338866407
2025-02-18 13:00:00+00:00,26.96,-0.11924033612012863,-1.0309000872582064,0.6454504728317261,1.8935549484786944
2025-02-18 14:00:00+00:00,-56.81,-0.16892646253108978,-2.458711170641116,0.7112725377082825,8.5295289332646
2025-02-18 15:00:00+00:00,2.26,-0.20672035217285156,0.14377370242415485,0.7777392864227295,-3.527144047822383
2025-02-18 16:00:00+00:00,-10.01,-0.2474256157875061,-0.8552457262472392,0.8476680517196655,3.9499408378366296
2025-02-18 17:00:00+00:00,-2.19,-0.2798449993133545,0.9161156586002248,0.875022292137146,-2.455742872690101
2025-02-18 18:00:00+00:00,13.61,-0.3057441711425781,-0.1881420243757408,0.8878457546234131,-3.822833748536934
2025-02-19 09:00:00+00:00,-25.19,-0.3164169192314148,-2.9830747998314306,0.8890620470046997,-1.9571491803461958
2025-02-19 10:00:00+00:00,-16.34,-0.3353947699069977,1.0140111442866642,0.9179836511611938,0.8347732578284957
2025-02-19 11:00:00+00:00,8.64,-0.32697996497154236,0.8327338753118854,0.8943442106246948,-6.154766287260692
2025-02-19 12:00:00+00:00,14.0,-0.3244473934173584,-1.1467401578230363,0.8710904121398926,-8.575000295687058
2025-02-19 13:00:00+00:00,5.67,-0.33276641368865967,1.147079794782832,0.8366796970367432,-7.811672987345241
2025-02-19 14:00:00+00:00,2.44,-0.3401431143283844,1.848511831447551,0.788098931312561,-3.515188716035842
2025-02-19 15:00:00+00:00,8.63,-0.3523673415184021,0.40255303335398407,0.7395628690719604,-8.456309130861472
2025-02-19 16:00:00+00:00,14.82,-0.35693806409835815,-0.03632176315051662,0.6985755562782288,-2.485342973708881
2025-02-19 17:00:00+00:00,-14.4,-0.37934526801109314,0.8690335402680125,0.6509000062942505,-5.378421574729799
2025-02-19 18:00:00+00:00,26.32,-0.40656715631484985,-0.42430740762399766,0.6251514554023743,6.490626033201957
2025-02-20 09:00:00+00:00,-6.39,-0.42802268266677856,-3.0820213205534475,0.600409746170044,-4.437610189267973
2025-02-20 10:00:00+00:00,-3.96,-0.4529517889022827,-1.4743925405697798,0.6288973093032837,0.670030498284254
2025-02-20 11:00:00+00:00,19.74,-0.47962406277656555,-3.0300446005247745,0.5997724533081055,-13.516905359589694
2025-02-20 12:00:00+00:00,-5.73,-0.5227028727531433,-2.379039908431528,0.5684553384780884,-9.030172637114966
2025-02-20 13:00:00+00:00,4.61,-0.5790730118751526,-1.0788513214397644,0.5556889772415161,-5.173355126075499
2025-02-20 14:00:00+00:00,8.68,-0.6125155091285706,-0.3764853674054031,0.5923762321472168,-15.690975385272854
2025-02-20 15:00:00+00:00,5.49,-0.6222068667411804,-2.539690286892901,0.6171675324440002,-5.194425300968484
2025-02-20 16:00:00+00:00,-2.37,-0.6164875626564026,-0.8981555137470455,0.6933008432388306,0.7748736261184634
2025-02-20 17:00:00+00:00,-24.41,-0.6176824569702148,-1.467036362190036,0.768897294998169,4.485117132863847
2025-02-20 18:00:00+00:00,19.76,-0.6254784464836121,-0.5948596227401175,0.8443834781646729,-2.172796169437809
2025-02-21 09:00:00+00:00,0.92,-0.5832838416099548,-2.6010560036076864,0.9010138511657715,7.071030475696965
2025-02-21 10:00:00+00:00,1.2,-0.6562958359718323,1.4655157205734983,0.9029431343078613,-3.472396763341036
2025-02-21 11:00:00+00:00,-8.93,-0.7195358276367188,2.2485354651814133,0.6747117638587952,-6.77044368077671
2025-02-21 12:00:00+00:00,-27.64,-0.8439034819602966,1.8545547289201738,0.5881554484367371,-7.479683593666463
2025-02-21 13:00:00+00:00,-0.95,-0.9174460172653198,0.13763888711760283,0.42720916867256165,-5.150047983838052
2025-02-21 14:00:00+00:00,-11.25,-0.9379060864448547,2.9638108436367947,0.19923198223114014,-14.041489720979083
2025-02-21 15:00:00+00:00,3.87,-0.9527822136878967,0.34853881248403584,0.05680665746331215,-4.967699053940241
2025-02-21 16:00:00+00:00,13.39,-0.9496448636054993,1.297961411594566,-0.10651036351919174,-8.02877724290795
2025-02-21 17:00:00+00:00,0.3,-0.9610959887504578,0.3055593352194229,-0.27495330572128296,-1.385628922147824
2025-02-21 18:00:00+00:00,27.49,-0.9308901429176331,-3.5164781835816035,-0.3975693881511688,0.7099534529515574
2025-02-24 09:00:00+00:00,-15.24,-0.8923888802528381,-3.437432466670648,-0.5403245091438293,-3.153173919465706
2025-02-24 10:00:00+00:00,0.43,-0.9283839464187622,-3.0289978979611316,-0.6299632787704468,-7.597517327780607
2025-02-24 11:00:00+00:00,1.25,-1.0052849054336548,-1.42606386202829,-0.8225576877593994,-8.02774774171268
2025-02-24 12:00:00+00:00,-3.6,-1.0317202806472778,-1.087061656236839,-0.9734418988227844,-7.346766059725074
2025-02-24 13:00:00+00:00,-0.78,-1.0391654968261719,-2.3722065134782087,-1.1333670616149902,-5.161943855684195
2025-02-24 14:00:00+00:00,-13.26,-1.1062052249908447,-2.3120318682261782,-1.2124372720718384,-12.479477833968135
2025-02-24 15:00:00+00:00,0.37,-1.073266863822937,0.3005143391370466,-1.259752631187439,-5.731933171981938
2025-02-24 16:00:00+00:00,9.56,-1.0683120489120483,-1.3892162637199756,-1.2954720258712769,-9.574367539506596
2025-02-24 17:00:00+00:00,14.12,-1.097994327545166,-1.564559342680208,-1.3284934759140015,-8.07948160207649
2025-02-24 18:00:00+00:00,61.95,-1.04999577999115,-0.7455002992423033,-1.3342374563217163,-7.719917465847154
2025-02-25 09:00:00+00:00,-7.92,-0.9587072730064392,-3.989146240468831,-1.3020219802856445,-3.0153329202869483
2025-02-25 10:00:00+00:00,-7.82,-0.916500985622406,-7.657795958321684,-1.3096327781677246,-7.661474195020302
2025-02-25 11:00:00+00:00,3.31,-0.8897214531898499,-6.013361343389562,-1.3577299118041992,-4.255150301976594
2025-02-25 12:00:00+00:00,-12.44,-0.8830512166023254,-5.438347633493058,-1.3535717725753784,-2.8055750562598223
2025-02-25 13:00:00+00:00,13.88,-0.8271164298057556,-3.616238658910314,-1.3637789487838745,2.1297284139559935
2025-02-25 14:00:00+00:00,-6.68,-0.7597922682762146,-2.5964350072744447,-1.374313473701477,-2.1473507828352703
2025-02-25 15:00:00+00:00,0.13,-0.7221136689186096,-0.6170467999769408,-1.3469672203063965,0.2548714076837112
2025-02-25 16:00:00+00:00,-4.23,-0.6687089800834656,-1.6351552906381646,-1.338243007659912,-3.469214487511829
2025-02-25 17:00:00+00:00,-17.67,-0.6014665961265564,-2.883186324286588,-1.375619649887085,-14.758935318352407
2025-02-25 18:00:00+00:00,7.97,-0.5398702621459961,-2.719548278352252,-1.4139765501022339,-7.758068212350695
2025-02-26 09:00:00+00:00,-5.08,-0.48176309466362,-2.8325993924011827,-1.466144323348999,-7.20245408578974
2025-02-26 10:00:00+00:00,-8.77,-0.45106786489486694,-0.6274155061228148,-1.5206023454666138,-0.678322841103313
2025-02-26 11:00:00+00:00,-14.1,-0.39674872159957886,2.2295228094428943,-1.5780715942382812,-3.5232899029358724
2025-02-26 12:00:00+00:00,-35.08,-0.3593621551990509,0.7200268711977483,-1.6142027378082275,-5.050760500155938
2025-02-26 13:00:00+00:00,9.61,-0.30527299642562866,1.4032431333104898,-1.644195556640625,-0.4479615800038259
2025-02-26 14:00:00+00:00,-31.97,-0.26690998673439026,4.411945944864324,-1.6814767122268677,-0.6181386518931347
2025-02-26 15:00:00+00:00,11.71,-0.21403783559799194,4.14994585018584,-1.7078806161880493,0.236732277149023
2025-02-26 16:00:00+00:00,14.78,-0.21477560698986053,4.52902820209981,-1.7170484066009521,0.6033451754192956
2025-02-26 17:00:00+00:00,0.79,-0.22665418684482574,4.309984982610121,-1.701387643814087,-7.04944109964018
2025-02-26 18:00:00+00:00,-33.16,-0.22784949839115143,3.0373669809228803,-1.6553137302398682,-10.748533836807823
2025-02-27 09:00:00+00:00,-6.42,-0.22843660414218903,0.15028310562412417,-1.5878485441207886,-8.590753494227865
2025-02-27 10:00:00+00:00,-15.2,-0.22486186027526855,2.1758655435470766,-1.542670726776123,-0.9541792217490084
2025-02-27 11:00:00+00:00,-22.45,-0.21630196273326874,2.615134810216607,-1.4970190525054932,-3.0010637609889352
2025-02-27 12:00:00+00:00,18.89,-0.1775582730770111,3.3307677078787234,-1.4533196687698364,5.19194082649253
2025-02-27 13:00:00+00:00,-12.28,-0.13997642695903778,2.8367568532994483,-1.3926626443862915,-1.213915813986315
2025-02-27 14:00:00+00:00,32.56,-0.1010982021689415,0.12868401899662416,-1.343461036682129,-1.2088282973221798
2025-02-27 15:00:00+00:00,-2.35,-0.05997259542346001,1.9588579129519559,-1.2901272773742676,-1.6453759546681601
2025-02-27 16:00:00+00:00,1.62,-0.013448948971927166,4.115856080918419,-1.2430338859558105,0.3899292438732233
2025-02-27 17:00:00+00:00,-4.56,0.0181124247610569,-0.09011900022045087,-1.197982668876648,-1.4826535074200715
2025-02-27 18:00:00+00:00,-32.85,0.065525121986866,-0.4484884214193321,-1.1715909242630005,-5.997959121518978
2025-02-28 09:00:00+00:00,-36.64,0.10101024061441422,-0.3082912584669142,-1.110662579536438,0.4578035041529451
2025-02-28 10:00:00+00:00,7.4,0.14805778861045837,5.384820078034198,-1.0893505811691284,1.826742506197444
2025-02-28 11:00:00+00:00,-14.14,0.20441165566444397,3.033045148568622,-1.1022682189941406,-5.7888436041932785
2025-02-28 12:00:00+00:00,19.39,0.2488478720188141,2.943383349723959,-1.123595118522644,1.1407327089298283
2025-02-28 13:00:00+00:00,2.47,0.29840198159217834,3.271975314776695,-1.1506586074829102,0.24566457754259446
2025-02-28 14:00:00+00:00,-14.78,0.33443203568458557,0.5477690869793362,-1.1774340867996216,-3.05498962981368
2025-02-28 15:00:00+00:00,10.59,0.3673870265483856,3.4070903696413923,-1.1987923383712769,-6.308848757685372
2025-02-28 16:00:00+00:00,16.13,0.39888450503349304,2.858519171042779,-1.2596038579940796,-2.646526193634817
2025-02-28 17:00:00+00:00,10.26,0.4257868230342865,4.738556878356662,-1.3132880926132202,2.9710934018555792
2025-02-28 18:00:00+00:00,-12.95,0.4525037109851837,2.8891490676819473,-1.3485890626907349,3.561246847345284
2025-03-03 09:00:00+00:00,-32.3,0.4846137464046478,-0.8655340742522035,-1.3784079551696777,0.13499360772108177
2025-03-03 10:00:00+00:00,-7.54,0.5315540432929993,2.6689920357830865,-1.4043700695037842,2.638182595914951
2025-03-03 11:00:00+00:00,-9.73,0.5665891170501709,2.9922437736214276,-1.4493964910507202,-4.288129141942807
2025-03-03 12:00:00+00:00,3.99,0.6074196100234985,0.8558545150671275,-1.49599027633667,-7.355710331739136
2025-03-03 13:00:00+00:00,9.56,0.6323212385177612,0.8471950702353026,-1.5342817306518555,-2.742636875638017
2025-03-03 14:00:00+00:00,-4.53,0.6474050879478455,2.8789735575705673,-1.5452120304107666,-11.723381519706198
2025-03-03 15:00:00+00:00,17.27,0.6727679967880249,2.3474077785839693,-1.5625388622283936,-6.511657446080097
2025-03-03 16:00:00+00:00,-13.31,0.6865907907485962,0.993347835111569,-1.5521342754364014,-7.932806075939187
2025-03-03 17:00:00+00:00,-5.21,0.6966913342475891,3.53120254174673,-1.52786123752594,-1.7579177705731477
2025-03-03 18:00:00+00:00,58.95,0.7294907569885254,3.100425272029718,-1.5051162242889404,-1.0480922678645934
2025-03-04 09:00:00+00:00,28.47,0.783812403678894,-1.1157660718661961,-1.478370189666748,0.8095622412699972
2025-03-04 10:00:00+00:00,8.6,0.8408240079879761,0.3669776053386487,-1.4563723802566528,-2.6529188942324606
2025-03-04 11:00:00+00:00,-8.53,0.8701683282852173,-2.9874635492189787,-1.4585011005401611,-6.961271366493055
2025-03-04 12:00:00+00:00,-7.53,0.8958449363708496,-3.5237831173492724,-1.4593188762664795,-6.917708619886287
2025-03-04 13:00:00+00:00,3.68,0.930320143699646,-5.143158823828468,-1.4541316032409668,-4.476863304075994
2025-03-04 14:00:00+00:00,-8.24,0.9718748331069946,-4.307959480566054,-1.4485081434249878,-3.8010938381005315
2025-03-04 15:00:00+00:00,11.25,1.01108717918396,-3.718381975263212,-1.449981451034546,-3.699421159613156
2025-03-04 16:00:00+00:00,-3.73,1.039631724357605,-3.7996977112478545,-1.4409538507461548,-4.02188400462477
2025-03-04 17:00:00+00:00,12.98,1.0647677183151245,-2.434982367885255,-1.4256105422973633,-3.7728351105863465
2025-03-04 18:00:00+00:00,1.31,1.0932304859161377,-1.5029661731223516,-1.4107619524002075,-5.2127083983898395
2025-03-05 09:00:00+00:00,-6.43,1.1315358877182007,-4.358105511808228,-1.405884027481079,-6.381533391813026
2025-03-05 10:00:00+00:00,30.47,1.1460517644882202,-3.6173261050655983,-1.3997588157653809,-0.09315766980147472
2025-03-05 11:00:00+00:00,3.82,1.1745951175689697,-2.493455249463107,-1.4823395013809204,-4.117438597527542
2025-03-05 12:00:00+00:00,-8.93,1.1833255290985107,-5.076017493793636,-1.5287103652954102,0.6966773100036894
2025-03-05 13:00:00+00:00,-3.05,1.2023983001708984,-3.800399002613956,-1.579205870628357,-1.5675919027228142
2025-03-05 14:00:00+00:00,-5.9,1.2273904085159302,-4.8709454994865125,-1.6218234300613403,-3.3699042083855955
2025-03-05 15:00:00+00:00,9.48,1.2702209949493408,-7.352397741230291,-1.6616557836532593,1.7355978308085118
2025-03-05 16:00:00+00:00,-5.75,1.324187994003296,-8.39334739507797,-1.7043020725250244,-4.297917001803615
2025-03-05 17:00:00+00:00,6.97,1.3749831914901733,-8.101860938924721,-1.7341238260269165,-6.466849820145615
2025-03-05 18:00:00+00:00,-34.74,1.42636239528656,-8.057868699160407,-1.730857491493225,-3.8099634953934935
2025-03-06 09:00:00+00:00,-4.37,1.4714806079864502,-5.229021438260049,-1.7533955574035645,-11.703753459190228
2025-03-06 10:00:00+00:00,-11.86,1.5199236869812012,-2.662688565240126,-1.76980459690094,-11.738403452948877
2025-03-06 11:00:00+00:00,-7.14,1.5610201358795166,-1.3490801193620001,-1.8175675868988037,-10.046703310140618
2025-03-06 12:00:00+00:00,-10.66,1.6017229557037354,-2.05109058823372,-1.8614529371261597,0.023032206653407605
2025-03-06 13:00:00+00:00,-2.42,1.6205365657806396,-4.948847668234651,-1.8811306953430176,-3.773222857077816
2025-03-06 14:00:00+00:00,14.29,1.6435515880584717,0.0626597331389285,-1.900006890296936,5.104766254856042
2025-03-06 15:00:00+00:00,15.49,1.684819221496582,-0.6762573899253989,-1.9168157577514648,-4.394110154050612
2025-03-06 16:00:00+00:00,0.01,1.714483380317688,0.02343081513469461,-1.9102692604064941,-0.8099932552242886
2025-03-06 17:00:00+00:00,-14.52,1.7447205781936646,-1.1906369076292491,-1.9028209447860718,-7.326653656530869
2025-03-06 18:00:00+00:00,19.22,1.78292977809906,-2.93693926126965,-1.895506501197815,-4.7619390437132445
2025-03-07 09:00:00+00:00,10.3,1.8265923261642456,-2.4596351993663905,-1.9011805057525635,0.7682068872789036
2025-03-07 10:00:00+00:00,9.44,1.8391534090042114,-1.1848511028762225,-1.8613221645355225,-4.052547955721128
2025-03-07 11:00:00+00:00,-13.55,1.8436278104782104,-2.360180199994116,-1.8330416679382324,1.6906009712081518
2025-03-07 12:00:00+00:00,6.27,1.8434871435165405,-3.4223239011523945,-1.8155944347381592,-0.9703155780182338
2025-03-07 13:00:00+00:00,0.14,1.8368545770645142,-8.434152329532814,-1.801058053970337,2.0173900605630126
2025-03-07 14:00:00+00:00,-5.67,1.8445614576339722,-3.497216984073591,-1.8093483448028564,1.4512622846275567
2025-03-07 15:00:00+00:00,8.03,1.8405557870864868,-5.706113574829933,-1.8070358037948608,3.3564921081022123
2025-03-07 16:00:00+00:00,-61.86,1.8619056940078735,-3.2199180743982274,-1.834685206413269,7.387657670090231
2025-03-07 17:00:00+00:00,-13.14,1.868181586265564,-0.82974238407471,-1.833483099937439,-0.7351778186086799
2025-03-07 18:00:00+00:00,56.8,1.858023762702942,0.7056736102934636,-1.8384757041931152,-7.705195231955475
2025-03-10 09:00:00+00:00,-19.15,1.8496991395950317,-3.0857038612855767,-1.8558943271636963,-0.8398766800921644
2025-03-10 10:00:00+00:00,-2.0,1.8220027685165405,0.5275941186325129,-1.8133682012557983,4.5541408800825245
2025-03-10 11:00:00+00:00,7.84,1.8052040338516235,0.16000629047350168,-1.8118951320648193,-2.5875787716752154
2025-03-10 12:00:00+00:00,5.05,1.800571084022522,0.5116895347125106,-1.8232827186584473,-3.0427896579887954
2025-03-10 13:00:00+00:00,5.55,1.7833448648452759,0.5717445289807427,-1.8090134859085083,-3.2373162388496337
2025-03-10 14:00:00+00:00,-3.87,1.7750002145767212,0.7960461914846716,-1.7987611293792725,-4.499022389335767
2025-03-10 15:00:00+00:00,-1.17,1.7724350690841675,-2.2973017812455634,-1.7966036796569824,5.650553924341477
2025-03-10 16:00:00+00:00,-11.41,1.7505649328231812,0.6306073548956618,-1.7789344787597656,3.6945189282603326
2025-03-10 17:00:00+00:00,-3.71,1.7390044927597046,0.034958612609751416,-1.754709243774414,6.054492124549835
2025-03-10 18:00:00+00:00,-11.1,1.7333539724349976,-3.7940819075502583,-1.7310171127319336,0.043527731050527485
2025-03-11 09:00:00+00:00,11.24,1.737559199333191,-3.6719927244493644,-1.7062456607818604,-5.242650100767822
2025-03-11 10:00:00+00:00,3.54,1.7279776334762573,-1.0105227165566506,-1.6815927028656006,-3.6462667171538112
2025-03-11 11:00:00+00:00,-0.84,1.7007709741592407,0.7601713399632208,-1.6771531105041504,-0.4662561862889912
2025-03-11 12:00:00+00:00,1.21,1.676153302192688,-2.384151290773439,-1.6625392436981201,-3.500249904736155
2025-03-11 13:00:00+00:00,-16.32,1.6516152620315552,-2.050761991265161,-1.6415631771087646,-7.125543200333812
2025-03-11 14:00:00+00:00,8.68,1.62909734249115,-0.02932451720796629,-1.5998318195343018,-2.3457971465934304
2025-03-11 15:00:00+00:00,3.79,1.6108306646347046,-3.2343709044396345,-1.5729196071624756,-2.5127539964553205
2025-03-11 16:00:00+00:00,0.61,1.5896614789962769,-2.424879542018105,-1.521602988243103,-5.990509851758578
2025-03-11 17:00:00+00:00,-0.67,1.5860910415649414,0.1807970505105509,-1.5011037588119507,2.8079281878497215
2025-03-11 18:00:00+00:00,-14.96,1.568134069442749,-3.7860762206543708,-1.4390021562576294,-1.0252170473497595
2025-03-12 09:00:00+00:00,-16.89,1.5621941089630127,-2.769263768102463,-1.337554931640625,-0.3365229898292806
2025-03-12 10:00:00+00:00,-3.6,1.604400873184204,0.5112489009316751,-1.270246148109436,-3.72147080480794
2025-03-12 11:00:00+00:00,11.38,1.6585462093353271,2.9842944574757495,-1.2826449871063232,-4.763355876707681
2025-03-12 12:00:00+00:00,-5.62,1.699374794960022,1.0026264779888225,-1.2890708446502686,2.763980377076915
2025-03-12 13:00:00+00:00,11.01,1.7254856824874878,-2.1732021930365306,-1.2876083850860596,-3.7451407578002898
2025-03-12 14:00:00+00:00,6.9,1.7557052373886108,-2.899679030101254,-1.2769083976745605,-2.607775549327233
2025-03-12 15:00:00+00:00,-11.15,1.7781749963760376,1.2861878583908741,-1.2730973958969116,0.27146259982397297
2025-03-12 16:00:00+00:00,1.86,1.7993043661117554,0.2887940219761525,-1.2460116147994995,-0.489335840723687
2025-03-12 17:00:00+00:00,4.09,1.8521360158920288,-2.4656463293862285,-1.2268192768096924,-0.7210582421787317
2025-03-12 18:00:00+00:00,-34.81,1.9015315771102905,-2.808292418240021,-1.1942594051361084,0.6921859144538407
2025-03-13 09:00:00+00:00,-7.34,1.9674309492111206,-0.1288620323523898,-1.185958981513977,-3.5232149848409233
2025-03-13 10:00:00+00:00,-13.87,2.0151174068450928,1.7765976828056878,-1.1781114339828491,-0.9447064850639786
2025-03-13 11:00:00+00:00,21.61,2.0587472915649414,1.7786571757243068,-1.1742401123046875,-1.8107041888099398
2025-03-13 12:00:00+00:00,-11.03,2.118631601333618,2.1001728852532406,-1.185577392578125,-6.819073771049478
2025-03-13 13:00:00+00:00,-21.42,2.1713762283325195,1.1042110940830485,-1.18263840675354,-0.9312567295667018
2025-03-13 14:00:00+00:00,-11.56,2.2058639526367188,3.675136242459127,-1.171147346496582,-2.8384823155749825
2025-03-13 15:00:00+00:00,12.73,2.22538685798645,4.7748723344154165,-1.1604841947555542,-5.704993040689477
2025-03-13 16:00:00+00:00,-0.95,2.2355072498321533,1.1621949931788342,-1.1361135244369507,0.4394831863071535
2025-03-13 17:00:00+00:00,4.24,2.25665545463562,2.131914638411277,-1.116247296333313,-6.649770552681037
2025-03-13 18:00:00+00:00,38.39,2.279942274093628,-2.885277660437907,-1.0943986177444458,-0.47470753166566154
2025-03-14 09:00:00+00:00,-4.05,2.3056461811065674,-0.5493248872393104,-1.075286626815796,-1.7568873562079157
2025-03-14 10:00:00+00:00,-19.99,2.2753632068634033,-1.1111596816345473,-1.041433572769165,2.9795553307819875
2025-03-14 11:00:00+00:00,14.41,2.261528491973877,1.2777204732024505,-1.0093551874160767,-0.42335909457618853
2025-03-14 12:00:00+00:00,8.64,2.2387726306915283,1.9340503918331327,-0.9794282913208008,-3.1193193294268338
2025-03-14 13:00:00+00:00,2.71,2.205854654312134,-2.749117400819307,-0.9352734684944153,-1.7371882432300831
2025-03-14 14:00:00+00:00,7.8,2.2049593925476074,-2.01321575755387,-0.8903611302375793,3.359495509492955
2025-03-14 15:00:00+00:00,29.9,2.193243980407715,-2.4443900557423226,-0.8561273813247681,-5.501635993288108
2025-03-14 16:00:00+00:00,-10.1,2.185666799545288,0.3456112675087493,-0.8414099812507629,-5.289116428622254
2025-03-14 17:00:00+00:00,5.8,2.179447889328003,-0.3124547958925928,-0.8338739275932312,-5.3563484457947546
2025-03-14 18:00:00+00:00,58.16,2.167515993118286,-6.75500387280718,-0.8111979961395264,-2.85946721994991
2025-03-17 09:00:00+00:00,-3.05,2.1284778118133545,-4.99492452754699,-0.7733762264251709,-2.3521946175417168
2025-03-17 10:00:00+00:00,6.54,2.0906758308410645,-4.591323666174933,-0.7494441866874695,0.7767354207651456
2025-03-17 11:00:00+00:00,-6.39,2.0714914798736572,-3.6078755355979033,-0.750859260559082,-2.7596421410955725
2025-03-17 12:00:00+00:00,-3.76,2.050973653793335,-1.9813412571170539,-0.7515152096748352,3.4439649291641774
2025-03-17 13:00:00+00:00,-17.73,2.0340352058410645,-2.6920103414487326,-0.7457324266433716,2.224911724294326
2025-03-17 14:00:00+00:00,12.87,2.006899356842041,-5.865573253162233,-0.7453373670578003,-3.7493748803783444
2025-03-17 15:00:00+00:00,4.83,1.9827617406845093,-4.695765531565163,-0.7588298916816711,-1.153691556227603
2025-03-17 16:00:00+00:00,-1.99,1.9615191221237183,-5.328668000959368,-0.7712520360946655,-5.918735890572169
2025-03-17 17:00:00+00:00,0.63,1.9462937116622925,-7.961385899818535,-0.7979526519775391,-3.7775418510820953
2025-03-17 18:00:00+00:00,18.23,1.943665862083435,-7.4994728551697225,-0.799370527267456,-7.764532212090888
2025-03-18 09:00:00+00:00,-8.66,1.8998502492904663,-4.339083382633696,-0.7537890672683716,0.1849001707348738
2025-03-18 10:00:00+00:00,-6.87,1.8768950700759888,-1.4500310055747212,-0.7440659999847412,-4.5102137852620565
2025-03-18 11:00:00+00:00,2.71,1.84455406665802,-1.8973716804662777,-0.729297399520874,-0.4018573895257201
2025-03-18 12:00:00+00:00,4.58,1.819161295890808,-1.270401499777365,-0.6966497302055359,5.057587928681425
2025-03-18 13:00:00+00:00,1.24,1.8134499788284302,-5.657748585263811,-0.6729015111923218,-1.049980172344693
2025-03-18 14:00:00+00:00,-0.47,1.814581274986267,-4.202302103250931,-0.6503552794456482,-1.7207479788150872
2025-03-18 15:00:00+00:00,6.06,1.8203648328781128,-3.4842748882501686,-0.633309543132782,-1.5047712516200031
2025-03-18 16:00:00+00:00,9.16,1.8188949823379517,-3.8178920772008214,-0.6196950674057007,-2.6900982152831046
2025-03-18 17:00:00+00:00,-13.68,1.8073848485946655,-5.080211052097365,-0.609503984451294,-5.415902391464659
2025-03-18 18:00:00+00:00,-42.41,1.7870575189590454,-1.8108052982672767,-0.5903193950653076,-9.723719461278268
2025-03-19 09:00:00+00:00,-13.8,1.752714991569519,-2.01375984707453,-0.5790120959281921,-2.31206777637566
2025-03-19 10:00:00+00:00,9.65,1.7446116209030151,2.3272080090453082,-0.5475953817367554,-8.322153155614831
2025-03-19 11:00:00+00:00,-3.72,1.7638484239578247,-0.9620436005930473,-0.5340972542762756,-1.1896817376066233
2025-03-19 12:00:00+00:00,-7.69,1.7933627367019653,-4.763470171453549,-0.5286726951599121,-4.521863522862294
2025-03-19 13:00:00+00:00,16.83,1.8111032247543335,-2.5097505866145866,-0.5262078642845154,1.7409056672665988
2025-03-19 14:00:00+00:00,16.3,1.833914875984192,-1.9524080390475096,-0.5378076434135437,1.7125050449583445
2025-03-19 15:00:00+00:00,-0.41,1.8280326128005981,0.33737977859328294,-0.5124887228012085,0.325794278953946
2025-03-19 16:00:00+00:00,-1.51,1.8220247030258179,-1.419350945982359,-0.4964791238307953,-6.072385837014043
2025-03-19 17:00:00+00:00,-0.94,1.8266798257827759,-1.0629412809225438,-0.488267183303833,4.1362078074205435
2025-03-19 18:00:00+00:00,10.5,1.8309985399246216,-3.7391906410014766,-0.4858134984970093,2.5177946280061962
2025-03-20 09:00:00+00:00,-16.25,1.8258150815963745,-4.912854288288531,-0.4921221435070038,-0.7878474200072001
2025-03-20 10:00:00+00:00,-1.29,1.7949970960617065,1.0642206503096232,-0.4833119511604309,0.6978026778276776
2025-03-20 11:00:00+00:00,3.29,1.7634474039077759,-2.696691158784242,-0.49118971824645996,-1.7109131787831198
2025-03-20 12:00:00+00:00,-8.22,1.733371376991272,-5.8304531261444685,-0.499131977558136,0.43018799469133356
2025-03-20 13:00:00+00:00,-6.95,1.7071423530578613,-3.980827187531488,-0.5078313946723938,-3.231107421491505
2025-03-20 14:00:00+00:00,-13.55,1.6743584871292114,-10.043942348965146,-0.5058037638664246,-0.5545344059748809
2025-03-20 15:00:00+00:00,21.57,1.657752275466919,-0.7446268087854965,-0.5192316770553589,-0.26493434798179677
2025-03-20 16:00:00+00:00,11.09,1.6451127529144287,1.0177482673277733,-0.5529898405075073,5.7858908051464475
2025-03-20 17:00:00+00:00,-6.84,1.6209478378295898,0.34213101914360866,-0.5511640310287476,0.920145859378646
2025-03-20 18:00:00+00:00,-1.44,1.5804221630096436,-2.8534483577411454,-0.551326334476471,-0.13997213342667109
2025-03-21 09:00:00+00:00,6.65,1.5576051473617554,-4.512051492111348,-0.5613070726394653,-4.460844197349832
2025-03-21 10:00:00+00:00,5.23,1.506874918937683,0.7826701001615608,-0.540210485458374,5.672382460227492
2025-03-21 11:00:00+00:00,2.26,1.4695048332214355,-0.586512103834355,-0.5287291407585144,2.7022378466397288
2025-03-21 12:00:00+00:00,-17.73,1.4166525602340698,-4.141022439386722,-0.5091903209686279,-6.652442367786751
2025-03-21 13:00:00+00:00,-2.26,1.385443925857544,-0.4339424359349656,-0.5157584547996521,-0.49417901427226624
2025-03-21 14:00:00+00:00,-8.16,1.3439085483551025,0.14925426694968202,-0.5272718667984009,0.74108239946214
2025-03-21 15:00:00+00:00,-9.09,1.3031902313232422,-1.2231878279676804,-0.5177880525588989,-4.140889907178678
2025-03-21 16:00:00+00:00,-3.59,1.2743022441864014,0.4709676880714244,-0.5206488966941833,-1.3412667975455757
2025-03-21 17:00:00+00:00,-3.4,1.2434228658676147,-2.5614894630766365,-0.5346476435661316,1.2313751218214397
2025-03-21 18:00:00+00:00,7.87,1.2129848003387451,-3.2622511031598544,-0.5268290638923645,-0.11176299424117914
2025-03-24 09:00:00+00:00,-12.37,1.191168189048767,-4.651090118358188,-0.5047293901443481,-8.657077701452398
2025-03-24 10:00:00+00:00,-2.8,1.2076586484909058,0.31805395133630765,-0.500331461429596,-1.8727230154138292
2025-03-24 11:00:00+00:00,2.2,1.226212501525879,2.1141401059640406,-0.509417712688446,-2.107500450142869
2025-03-24 12:00:00+00:00,-8.22,1.2390576601028442,-2.9851018138169194,-0.49589791893959045,-1.1570880742904033
2025-03-24 13:00:00+00:00,-0.72,1.2583342790603638,3.763080167353549,-0.48386433720588684,-1.9152203809164698
2025-03-24 14:00:00+00:00,2.47,1.2930742502212524,1.1129938372351413,-0.4676143527030945,-2.2460899128739027
2025-03-24 15:00:00+00:00,-6.67,1.34536612033844,-3.2128632279300033,-0.44253554940223694,0.9334323649134253
2025-03-24 16:00:00+00:00,4.94,1.4038463830947876,0.048990060081295195,-0.4243830144405365,-1.591779805177101
2025-03-24 17:00:00+00:00,0.35,1.483048677444458,-0.9644384174261923,-0.42831283807754517,-1.693693050571927
2025-03-24 18:00:00+00:00,10.49,1.543548822402954,-1.2518642529022757,-0.4204082489013672,-2.969565817077854
2025-03-25 09:00:00+00:00,-7.5,1.604551911354065,-4.140188805342653,-0.4171989858150482,-0.05661499259735009
2025-03-25 10:00:00+00:00,2.57,1.6743311882019043,-2.134253215075501,-0.40488550066947937,-3.200514593550214
2025-03-25 11:00:00+00:00,-33.41,1.7480312585830688,1.0195192507722637,-0.41918134689331055,-3.240801688206592
2025-03-25 12:00:00+00:00,4.47,1.8215686082839966,-0.4343368070025443,-0.45229336619377136,-2.954223188494542
2025-03-25 13:00:00+00:00,1.46,1.891018271446228,2.8811454209186746,-0.47911569476127625,-3.6770408054974166
2025-03-25 14:00:00+00:00,-2.45,1.9534403085708618,-1.065729202640732,-0.49692675471305847,0.8585683559838448
2025-03-25 15:00:00+00:00,-8.31,2.0061089992523193,4.893212475031183,-0.5138183832168579,-0.23129600325340888
2025-03-25 16:00:00+00:00,9.04,2.0596301555633545,4.77176301289941,-0.525706946849823,-4.827931556773581
2025-03-25 17:00:00+00:00,9.6,2.0982015132904053,1.5330605243538589,-0.5494830012321472,-2.901132748850831
2025-03-25 18:00:00+00:00,34.55,2.1292953491210938,0.3435946479789268,-0.568220317363739,-5.20920184153805
2025-03-26 09:00:00+00:00,-17.31,2.160076856613159,-3.485990265953831,-0.5868453979492188,-2.1484868223008005
2025-03-26 10:00:00+00:00,-3.09,2.183724880218506,0.8457773556204233,-0.6037935018539429,-4.642941898589232
2025-03-26 11:00:00+00:00,8.78,2.187685966491699,-1.1357016239146636,-0.637124240398407,2.9065793394881996
2025-03-26 12:00:00+00:00,-11.3,2.201568365097046,-3.605431290015175,-0.6728740930557251,0.24249869173651079
2025-03-26 13:00:00+00:00,-8.25,2.2041869163513184,-2.865473393358514,-0.7072516083717346,1.0307107698943232
2025-03-26 14:00:00+00:00,-2.67,2.221694231033325,-2.9338197379389603,-0.7416707277297974,-0.6011564754110064
2025-03-26 15:00:00+00:00,-6.3,2.254101276397705,-1.1918024491120514,-0.7863729000091553,7.079631125631533
2025-03-26 16:00:00+00:00,-9.03,2.285313606262207,1.4289078441698637,-0.8319551348686218,-5.175672272143164
2025-03-26 17:00:00+00:00,-3.69,2.3331422805786133,-0.2776818911339103,-0.882103443145752,-9.142264854318672
2025-03-26 18:00:00+00:00,-27.24,2.393170118331909,-1.9253317710125502,-0.9395326972007751,-5.269025328957685
2025-03-27 09:00:00+00:00,-2.43,2.4356658458709717,1.2254169708348899,-0.98921138048172,-4.72096833299587
2025-03-27 10:00:00+00:00,-12.7,2.406163454055786,2.4464834044332378,-0.9739260673522949,-7.819164446477988
2025-03-27 11:00:00+00:00,5.57,2.3565709590911865,4.887822672792994,-0.9372267723083496,-2.293509056248912
2025-03-27 12:00:00+00:00,4.03,2.339921712875366,4.9399978574673735,-0.9365838170051575,-1.1131941535670544
2025-03-27 13:00:00+00:00,-0.3,2.3243207931518555,0.09311431330439607,-0.9017099738121033,0.029421765434345992
2025-03-27 14:00:00+00:00,-29.13,2.2900712490081787,-0.9772702334618032,-0.8987840414047241,-0.34028381474057695
2025-03-27 15:00:00+00:00,3.14,2.2835025787353516,4.179649904223663,-0.9181413054466248,-0.1177999590683963
2025-03-27 16:00:00+00:00,-4.19,2.299636125564575,2.3136490099006575,-0.9511500000953674,-1.5397619608950104
2025-03-27 17:00:00+00:00,0.93,2.297971487045288,5.355802255669589,-0.9421895742416382,2.7058246290150794
2025-03-27 18:00:00+00:00,-30.29,2.2848994731903076,-1.2138582492746326,-0.9687344431877136,-1.5933474632140483
2025-03-28 09:00:00+00:00,23.01,2.286747694015503,2.658077199030332,-0.9799444079399109,2.163439159824303
2025-03-28 10:00:00+00:00,-18.63,2.297560453414917,6.00101041193987,-0.9836692214012146,-0.41466822793448826
2025-03-28 11:00:00+00:00,-17.17,2.313999652862549,5.1405644839996825,-0.9900945425033569,-5.48515113016332
2025-03-28 12:00:00+00:00,-3.87,2.3219940662384033,3.292524935955683,-0.9959684610366821,-1.7036611255418743
2025-03-28 13:00:00+00:00,-29.08,2.340993642807007,5.136027713650453,-1.0197985172271729,-2.9379968265231935
2025-03-28 14:00:00+00:00,6.34,2.3435912132263184,5.595222025403468,-1.0290974378585815,3.8681931193757566
2025-03-28 15:00:00+00:00,0.53,2.331287384033203,5.1697409430369685,-1.0152872800827026,-2.576052360625216
2025-03-28 16:00:00+00:00,3.84,2.3104166984558105,3.2522971547021493,-1.0114301443099976,1.3726961217660223
2025-03-28 17:00:00+00:00,6.98,2.2938382625579834,3.9365478754536305,-1.0202959775924683,-0.15038376340384146
2025-03-28 18:00:00+00:00,-15.31,2.292168617248535,2.7748904569667343,-1.0276532173156738,3.3010386206049236
2025-03-31 09:00:00+00:00,-26.57,2.2868659496307373,-1.0706967888288286,-1.0263304710388184,-1.572777182252356
2025-03-31 10:00:00+00:00,-5.33,2.2794363498687744,3.0212150248536647,-1.0290155410766602,5.57740123065447
2025-03-31 11:00:00+00:00,21.16,2.2903780937194824,3.5656961723410334,-1.0473003387451172,1.6974914554346119
2025-03-31 12:00:00+00:00,9.15,2.3163373470306396,3.2150531922841847,-1.053564190864563,2.8187586884785207
2025-03-31 13:00:00+00:00,2.76,2.333869457244873,5.656437301541922,-1.0575695037841797,1.9279234712783013
2025-03-31 14:00:00+00:00,-9.52,2.3376047611236572,4.819196229750731,-1.055431842803955,0.49159182476138213
2025-03-31 15:00:00+00:00,5.61,2.3295204639434814,4.6759395084359,-1.052146315574646,-0.3358945096072044
2025-03-31 16:00:00+00:00,6.77,2.3225371837615967,2.500161219191904,-1.0400525331497192,1.3048553407031809
2025-03-31 17:00:00+00:00,-1.01,2.2992119789123535,4.1763804127310244,-1.0320332050323486,-1.1303321322586621
2025-03-31 18:00:00+00:00,20.58,2.2658019065856934,2.4354106373183138,-1.0020132064819336,3.7427668940115484
2025-04-01 09:00:00+00:00,-3.66,2.240178108215332,1.676489249824476,-0.9561246037483215,0.990254159628204
2025-04-01 10:00:00+00:00,-1.15,2.2280056476593018,3.040474672321409,-0.8869314789772034,0.729255038856319
2025-04-01 11:00:00+00:00,7.68,2.1968960762023926,2.442200512752687,-0.8725810647010803,-2.74487277904267
2025-04-01 12:00:00+00:00,-18.94,2.162367105484009,-2.506133831512688,-0.8572098612785339,-0.38952712194735667
2025-04-01 13:00:00+00:00,-31.19,2.115652322769165,2.6803334054184766,-0.8357242345809937,0.9855657504711066
2025-04-01 14:00:00+00:00,-7.56,2.0770859718322754,0.09740610737151464,-0.8063668608665466,-3.738801665992686
2025-04-01 15:00:00+00:00,-11.61,2.034708023071289,1.134764066450817,-0.7672159075737,0.7614103835846995
2025-04-01 16:00:00+00:00,20.58,1.9908548593521118,-0.1000741534737596,-0.7221258878707886,-5.594115972441831
2025-04-01 17:00:00+00:00,-23.66,1.9462846517562866,2.7099838497347726,-0.6663237810134888,2.5102252281110498
