Datetime,y_true,LSTM_att,CatBoost,Hybrid,SARIMAX
2023-11-10 13:00:00+00:00,0.25,,0.26571480099473116,,-3.5262575189955943
2023-11-10 14:00:00+00:00,1.37,,1.374127450695712,,4.842310260430108
2023-11-10 15:00:00+00:00,-0.05,,0.773142781995914,,-0.7729555127854899
2023-11-10 16:00:00+00:00,2.83,,1.4744058232036767,,1.11022791601814
2023-11-10 17:00:00+00:00,3.72,,1.964461128915494,,1.0430713747537224
2023-11-10 18:00:00+00:00,2.69,,1.510465974290762,,8.4530784030364
2023-11-13 10:00:00+00:00,3.94,,0.5515362396639742,,-0.9070867827948161
2023-11-13 11:00:00+00:00,-1.88,,-0.2529924066415389,,6.0732232966710225
2023-11-13 12:00:00+00:00,0.07,,0.24970855615360626,,-4.363699108992651
2023-11-13 13:00:00+00:00,1.19,,0.6369637448679307,,0.14544743987599962
2023-11-13 14:00:00+00:00,-1.32,,0.13907997137422068,,2.6640798583787295
2023-11-13 15:00:00+00:00,0.98,,0.672821195479559,,-2.875928189199814
2023-11-13 16:00:00+00:00,0.77,,0.28344641833574113,,2.5152833141818247
2023-11-13 17:00:00+00:00,-0.23,,0.04136510404691511,,-0.7096510807763662
2023-11-13 18:00:00+00:00,-29.12,,-0.2660923067364225,,0.6400603121172919
2023-11-14 10:00:00+00:00,3.95,,3.7426107281835623,,-32.90557929853345
2023-11-14 11:00:00+00:00,-5.57,,-1.7736325151596004,,6.307819572919566
2023-11-14 12:00:00+00:00,-4.95,,-1.8768198476374838,,-5.89124872128342
2023-11-14 13:00:00+00:00,-14.26,,-4.43411468042842,,-7.086717180772634
2023-11-14 14:00:00+00:00,8.39,,3.8005849993013516,,-11.13483116471232
2023-11-14 15:00:00+00:00,3.73,,0.7133560965238273,,7.543830493712712
2023-11-14 16:00:00+00:00,-0.92,,0.5144234557264412,,4.979643586234469
2023-11-14 17:00:00+00:00,2.87,,0.8131194489922284,,0.99080904439659
2023-11-14 18:00:00+00:00,-28.68,,-0.4916327677471505,,-1.595448169845708
2023-11-15 10:00:00+00:00,4.22,,3.203279776567576,,-28.38513744951244
2023-11-15 11:00:00+00:00,2.17,,2.2288720378978355,,6.069376456442288
2023-11-15 12:00:00+00:00,-0.08,,0.5681364395212255,,2.095645085455031
2023-11-15 13:00:00+00:00,6.61,,3.4581212690259724,,1.7339900404293456
2023-11-15 14:00:00+00:00,1.72,,1.9461967449415032,,0.23645679783700935
2023-11-15 15:00:00+00:00,15.29,,2.200704192333828,,2.2769001774160396
2023-11-15 16:00:00+00:00,4.76,,2.13737345643235,,9.08220650753362
2023-11-15 17:00:00+00:00,-3.29,,-0.9085969619950957,,5.149191954148964
2023-11-15 18:00:00+00:00,-9.11,,-1.2652627481358363,,4.537408677519852
2023-11-16 10:00:00+00:00,-1.65,,-1.7012920932311977,,1.6888111915771529
2023-11-16 11:00:00+00:00,-1.86,,-1.0376960892349576,,-0.2254051527373897
2023-11-16 12:00:00+00:00,-3.43,,-1.740641113560349,,3.3116975888023727
2023-11-16 13:00:00+00:00,7.62,,0.22060385624178727,,-1.1203595449774362
2023-11-16 14:00:00+00:00,-5.67,,-4.1163198906248795,,-1.238545865543938
2023-11-16 15:00:00+00:00,3.61,,-0.532893357444939,,4.656632638157982
2023-11-16 16:00:00+00:00,-8.9,,-3.0426344666991114,,-0.7003898624091318
2023-11-16 17:00:00+00:00,-6.64,,-4.783413200706692,,-2.4768974721881385
2023-11-16 18:00:00+00:00,-11.76,,-4.777078672660748,,-5.803179340312302
2023-11-17 10:00:00+00:00,-18.01,,-6.091838538065517,,-3.394550194210595
2023-11-17 11:00:00+00:00,9.88,,3.6908628232868,,0.7959810604735775
2023-11-17 12:00:00+00:00,0.05,,0.8853482225556634,,-1.031162869368983
2023-11-17 13:00:00+00:00,17.15,,4.973402067358842,,0.031550771659224264
2023-11-17 14:00:00+00:00,5.36,,3.953685112573293,,3.4068621745970473
2023-11-17 15:00:00+00:00,4.53,,4.109523038113953,,-1.8157448543798902
2023-11-17 16:00:00+00:00,9.51,,2.0802742151161833,,3.414896534468894
2023-11-17 17:00:00+00:00,0.55,,0.5201592123808122,,0.7264263591154245
2023-11-17 18:00:00+00:00,-1.72,,-0.7607243072329632,,1.4559051806430061
2023-11-20 10:00:00+00:00,1.42,,0.3657743505541186,,1.940905845930438
2023-11-20 11:00:00+00:00,-1.67,,-0.5830330310993229,,-0.7446006496269941
2023-11-20 12:00:00+00:00,-3.7,,-1.3717618197072834,,3.5315982290435164
2023-11-20 13:00:00+00:00,1.05,,0.7962677175085187,,-1.8646585815856125
2023-11-20 14:00:00+00:00,4.57,,0.8553812942334733,,-0.2113603958061765
2023-11-20 15:00:00+00:00,-0.95,,-0.7562271926086445,,4.703071231710783
2023-11-20 16:00:00+00:00,1.02,,-0.6501190766247688,,-1.998971326782791
2023-11-20 17:00:00+00:00,1.0,,0.36416724079875834,,-4.606943971676607
2023-11-20 18:00:00+00:00,-4.19,,-1.4807176283717634,,-0.8871001568083314
2023-11-21 10:00:00+00:00,-5.22,-0.9725232124328613,-1.8126136000637758,-2.553647994995117,0.2418293485111902
2023-11-21 11:00:00+00:00,-2.37,-0.976011335849762,-0.5196246395864663,-2.54671049118042,1.618643232417567
2023-11-21 12:00:00+00:00,1.44,-0.9718977808952332,0.013484704971555739,-2.5765860080718994,-3.1772001337779434
2023-11-21 13:00:00+00:00,6.77,-0.9663758277893066,1.2319946962952804,-2.5803189277648926,-3.0949569631379044
2023-11-21 14:00:00+00:00,1.19,-0.9519778490066528,1.2741410668429567,-2.587982177734375,2.278072985708412
2023-11-21 15:00:00+00:00,4.13,-0.9372648596763611,2.2162167786705287,-2.5929713249206543,2.846183401945749
2023-11-21 16:00:00+00:00,7.02,-0.9162302017211914,3.062760148621492,-2.6346285343170166,1.0278415651755655
2023-11-21 17:00:00+00:00,2.35,-0.9017629027366638,2.030747379095725,-2.627162456512451,4.33645859553924
2023-11-21 18:00:00+00:00,17.69,-0.8794689774513245,2.192986344086225,-2.649951457977295,-0.8958081650866541
2023-11-22 10:00:00+00:00,-4.61,-0.8506624698638916,-3.412439197071382,-2.6187355518341064,7.580583916800249
2023-11-22 11:00:00+00:00,1.85,-0.8107993602752686,0.5045500997401584,-2.6107985973358154,5.385042253272336
2023-11-22 12:00:00+00:00,-0.67,-0.7673819065093994,-0.7177046363612827,-2.613229274749756,3.563950181627461
2023-11-22 13:00:00+00:00,-2.73,-0.7235591411590576,-1.5376655106838504,-2.588829755783081,-1.3428756007523468
2023-11-22 14:00:00+00:00,-3.16,-0.676334798336029,-1.7391853220258018,-2.586444854736328,0.8220983108942174
2023-11-22 15:00:00+00:00,0.31,-0.6248946189880371,0.013740109423032866,-2.577446222305298,-1.060896151059525
2023-11-22 16:00:00+00:00,4.59,-0.5635009407997131,0.6553431413085158,-2.574538469314575,0.7920749926789649
2023-11-22 17:00:00+00:00,-1.1,-0.5000087022781372,-0.34098096055223376,-2.4556314945220947,0.6880430139710543
2023-11-22 18:00:00+00:00,0.06,-0.43311822414398193,-0.2185108951275298,-2.497373104095459,0.31249750788816555
2023-11-23 10:00:00+00:00,2.28,-0.3832184374332428,-0.02768962817030613,-2.4755759239196777,6.740070136761739
2023-11-23 11:00:00+00:00,-2.49,-0.3423229157924652,-2.587942964591969,-2.440922260284424,3.40020112011808
2023-11-23 12:00:00+00:00,-5.73,-0.3190222978591919,-3.005381492618903,-2.380795955657959,2.196696714529524
2023-11-23 13:00:00+00:00,-1.11,-0.2933600842952728,-0.6308323018673581,-2.412764072418213,1.020592877726054
2023-11-23 14:00:00+00:00,0.44,-0.26644444465637207,-0.3730689329552341,-2.432677984237671,-6.078370641577243
2023-11-23 15:00:00+00:00,-0.09,-0.24672244489192963,-0.5446527637315463,-2.4287095069885254,0.7960542725637336
2023-11-23 16:00:00+00:00,-5.15,-0.2248961180448532,-1.3176698058467813,-2.4145901203155518,-0.994611679222297
2023-11-23 17:00:00+00:00,2.19,-0.21905384957790375,0.21838824055602735,-2.2874879837036133,-2.6393149188443625
2023-11-23 18:00:00+00:00,1.34,-0.19885191321372986,0.09327997500360691,-2.2904133796691895,2.494651453930877
2023-11-24 10:00:00+00:00,5.36,-0.19363059103488922,0.8645625292612868,-2.269392967224121,3.284210830396825
2023-11-24 11:00:00+00:00,-4.28,-0.20029065012931824,-1.3404960971921047,-2.238464593887329,2.8778347890370215
2023-11-24 12:00:00+00:00,-1.6,-0.20745830237865448,-1.389207771610708,-2.2106499671936035,-2.0825811743954445
2023-11-24 13:00:00+00:00,-6.89,-0.20654529333114624,-2.1820102128185983,-2.205120086669922,-0.605403408593401
2023-11-24 14:00:00+00:00,-9.51,-0.18365450203418732,-2.484855691911302,-2.2528467178344727,-3.3399766952770094
2023-11-24 15:00:00+00:00,6.1,-0.16073662042617798,4.716672454936683,-2.284677267074585,-1.331203145821473
2023-11-24 16:00:00+00:00,6.36,-0.15109160542488098,3.126233230207345,-2.3018100261688232,-2.2328546141758063
2023-11-24 17:00:00+00:00,-0.17,-0.14318087697029114,-0.24616904755822572,-2.2963368892669678,2.0874826888031124
2023-11-24 18:00:00+00:00,0.19,-0.12749932706356049,-0.006427463088845092,-2.2821953296661377,6.921000477594729
2023-11-27 10:00:00+00:00,2.58,-0.1317680925130844,0.6891508989613337,-2.280984401702881,-0.6534437726515196
2023-11-27 11:00:00+00:00,-6.69,-0.15431681275367737,-1.2075877545822498,-2.2556378841400146,3.2167337531857862
2023-11-27 12:00:00+00:00,-3.3,-0.1625262051820755,-0.8906261204614541,-2.233576536178589,-1.9719882101914958
2023-11-27 13:00:00+00:00,-0.1,-0.17855018377304077,-0.19840855184002487,-2.241377830505371,-2.8290299786101207
2023-11-27 14:00:00+00:00,-5.97,-0.19474703073501587,-1.2015714119658916,-2.2243900299072266,-0.28371186187249364
2023-11-27 15:00:00+00:00,-12.75,-0.2397778332233429,-2.2741504918573434,-2.1941025257110596,-3.890461641089785
2023-11-27 16:00:00+00:00,-5.42,-0.27588510513305664,0.7687506377170455,-2.145482063293457,-1.2754918145782184
2023-11-27 17:00:00+00:00,4.75,-0.3015976846218109,3.6008929699847823,-2.1145083904266357,-0.610812682970264
2023-11-27 18:00:00+00:00,-26.95,-0.34517380595207214,-6.333369015750845,-2.0975143909454346,-3.8389831958571996
2023-11-28 10:00:00+00:00,6.54,-0.3800216019153595,2.613614135676788,-2.075549840927124,2.814866375045982
2023-11-28 11:00:00+00:00,4.34,-0.4155406951904297,0.6232165222456398,-2.073076009750366,0.9920545576008035
2023-11-28 12:00:00+00:00,-3.41,-0.4239870607852936,0.46665533917303237,-2.089838981628418,1.330703680840461
2023-11-28 13:00:00+00:00,0.34,-0.4290977716445923,0.2422014671463789,-2.092036724090576,-0.8828980563929707
2023-11-28 14:00:00+00:00,7.98,-0.42718935012817383,2.802105726993359,-2.1219725608825684,-2.0636622090302965
2023-11-28 15:00:00+00:00,3.95,-0.41674450039863586,2.7277841857667573,-2.154122829437256,-2.247265947578986
2023-11-28 16:00:00+00:00,9.27,-0.3962711989879608,3.238511970945002,-2.187695264816284,2.733158408415962
2023-11-28 17:00:00+00:00,3.25,-0.3798612058162689,2.3032098387027973,-2.208631992340088,1.5803687873434815
2023-11-28 18:00:00+00:00,-11.38,-0.3568825125694275,-1.0308362663781732,-2.2261011600494385,1.8702655313885481
2023-11-29 10:00:00+00:00,-4.25,-0.3354511559009552,-1.0429695282047682,-2.26893949508667,-1.1659437825350052
2023-11-29 11:00:00+00:00,-3.0,-0.3153308928012848,-0.44537631309487924,-2.2774946689605713,-0.2692127867381775
2023-11-29 12:00:00+00:00,4.15,-0.30370861291885376,1.1218656831779925,-2.2880947589874268,0.6594918168680066
2023-11-29 13:00:00+00:00,-0.27,-0.2902742326259613,-0.5450025128157902,-2.323512077331543,0.8930860584216409
2023-11-29 14:00:00+00:00,5.55,-0.2653699219226837,1.1849686564264152,-2.327393054962158,0.9750703604453291
2023-11-29 15:00:00+00:00,-2.85,-0.24554739892482758,-1.801750208439128,-2.316532611846924,-2.570840554406549
2023-11-29 16:00:00+00:00,-2.64,-0.2274443358182907,-1.7978286905359737,-2.3150463104248047,0.818057698845586
2023-11-29 17:00:00+00:00,-8.15,-0.21173018217086792,-3.307489583823089,-2.3152916431427,-5.863713749955807
2023-11-29 18:00:00+00:00,-17.19,-0.21132658421993256,-4.928714904454357,-2.315591812133789,1.406905189203189
2023-11-30 10:00:00+00:00,3.2,-0.23220933973789215,1.6099175598869901,-2.298316717147827,-0.04711472484359114
2023-11-30 11:00:00+00:00,-2.01,-0.2560083866119385,0.7484925266535336,-2.2786457538604736,-3.6135620632709378
2023-11-30 12:00:00+00:00,14.54,-0.2830987274646759,1.3509955715518411,-2.2813475131988525,1.497925870615634
2023-11-30 13:00:00+00:00,-5.94,-0.31120607256889343,-0.26074422644197703,-2.297921895980835,5.217287003797503
2023-11-30 14:00:00+00:00,-0.97,-0.3389764726161957,-1.0733423164671139,-2.317751407623291,-2.7592620325298856
2023-11-30 15:00:00+00:00,-14.74,-0.38026589155197144,-2.7945635327873157,-2.3545966148376465,4.163367851151838
2023-11-30 16:00:00+00:00,12.14,-0.42921167612075806,0.8903218127448129,-2.3751864433288574,-5.162966061712134
2023-11-30 17:00:00+00:00,3.24,-0.49278536438941956,0.14818909668140487,-2.4116759300231934,1.3914447461296744
2023-11-30 18:00:00+00:00,-15.8,-0.5387676358222961,-0.9612692033021972,-2.448863983154297,-3.204532020305118
2023-12-01 10:00:00+00:00,7.59,-0.5756941437721252,0.8835207739568662,-2.4819374084472656,1.6284351111574886
2023-12-01 11:00:00+00:00,0.55,-0.5980546474456787,0.5030808411543131,-2.4907729625701904,-0.2487220054600452
2023-12-01 12:00:00+00:00,-0.31,-0.6180269122123718,-0.3384411005126795,-2.5024659633636475,-3.196275346891002
2023-12-01 13:00:00+00:00,-7.87,-0.6359673738479614,-1.9655201124843957,-2.501298427581787,2.224028759434601
2023-12-01 14:00:00+00:00,-5.34,-0.6640092134475708,-3.108340059668396,-2.5100858211517334,-1.3408047706225024
2023-12-01 15:00:00+00:00,1.69,-0.6870684623718262,-0.9682889305047401,-2.520667791366577,-0.3219163100784592
2023-12-01 16:00:00+00:00,-5.46,-0.7068818211555481,-3.0046627046583105,-2.5305349826812744,-2.9163054092605694
2023-12-01 17:00:00+00:00,1.45,-0.7192973494529724,-1.065713474289945,-2.5654146671295166,-1.0031723364801202
2023-12-01 18:00:00+00:00,-25.07,-0.7183718681335449,-1.8514833533836328,-2.5952651500701904,0.49866364635529314
2023-12-04 10:00:00+00:00,-1.86,-0.7128517031669617,-0.8792684809419712,-2.618333339691162,-3.097475279678243
2023-12-04 11:00:00+00:00,7.77,-0.7169780135154724,1.4628399848112765,-2.630194902420044,2.7487025332066946
2023-12-04 12:00:00+00:00,-5.39,-0.7256964445114136,-1.7134539735677505,-2.6161530017852783,-7.099797811824193
2023-12-04 13:00:00+00:00,4.08,-0.7352975010871887,-0.5235180697913376,-2.627984046936035,0.8718767910910405
2023-12-04 14:00:00+00:00,-0.18,-0.7481462955474854,-1.2074860439735446,-2.6371662616729736,1.8951885697158029
2023-12-04 15:00:00+00:00,-3.02,-0.757451057434082,-1.7810044794920759,-2.6413557529449463,-0.3167849153484338
2023-12-04 16:00:00+00:00,-4.59,-0.7586548924446106,-2.0435396697605546,-2.6761555671691895,-2.9620077399323406
2023-12-04 17:00:00+00:00,0.38,-0.7626434564590454,-0.017261080424859437,-2.7087061405181885,-4.979187252322166
2023-12-04 18:00:00+00:00,-4.91,-0.7415156960487366,-2.7124350315214882,-2.736997604370117,3.0201481332549163
2023-12-05 10:00:00+00:00,-11.02,-0.7192749977111816,-1.9869362251926446,-2.735224962234497,0.7064844287696328
2023-12-05 11:00:00+00:00,3.52,-0.6899591088294983,2.258412343004534,-2.7331502437591553,-3.2049508974231653
2023-12-05 12:00:00+00:00,15.11,-0.6552329063415527,3.241850113537448,-2.723522663116455,4.134678466095849
2023-12-05 13:00:00+00:00,9.06,-0.615898072719574,1.4710233969047684,-2.725234031677246,0.43588386405289625
2023-12-05 14:00:00+00:00,-6.57,-0.5790594220161438,-2.7838439339317147,-2.7248165607452393,4.234933784427882
2023-12-05 15:00:00+00:00,3.17,-0.5491729378700256,0.18077021518969097,-2.739668130874634,-0.604827727486132
2023-12-05 16:00:00+00:00,7.76,-0.5330291986465454,0.11675226083069973,-2.7724192142486572,6.732238473026639
2023-12-05 17:00:00+00:00,-1.2,-0.5235760807991028,-1.892683840069033,-2.770329236984253,-3.741380045664701
2023-12-05 18:00:00+00:00,-9.11,-0.5018733143806458,-3.730895753381719,-2.778228282928467,5.9765947619883555
2023-12-06 10:00:00+00:00,-5.57,-0.490846186876297,-3.1881029810790866,-2.7637789249420166,-2.900865360990218
2023-12-06 11:00:00+00:00,-12.13,-0.48460161685943604,-4.264419117233545,-2.7454264163970947,-3.5651929446391786
2023-12-06 12:00:00+00:00,-5.16,-0.4881507456302643,-2.5932032780250154,-2.744948148727417,-5.97308022014883
2023-12-06 13:00:00+00:00,-2.06,-0.5140094757080078,-2.070217830661887,-2.7307424545288086,-4.877171506543758
2023-12-06 14:00:00+00:00,-0.44,-0.5332112312316895,-0.9015915339106668,-2.7379894256591797,-6.245203123725778
2023-12-06 15:00:00+00:00,-10.41,-0.5423098206520081,-3.3826634836582006,-2.7490758895874023,-4.42900152685535
2023-12-06 16:00:00+00:00,4.32,-0.5435835719108582,0.4080935653993051,-2.7406718730926514,-2.668124878597998
2023-12-06 17:00:00+00:00,-9.27,-0.5531417727470398,-3.041236535968275,-2.7620832920074463,-3.585600751778997
2023-12-06 18:00:00+00:00,-21.35,-0.5612786412239075,-6.662208140432194,-2.7642831802368164,1.2983030402174265
2023-12-07 10:00:00+00:00,-3.88,-0.5789792537689209,-0.3044119631527694,-2.760734796524048,4.268434824209415
2023-12-07 11:00:00+00:00,1.37,-0.5864660739898682,1.4550749432772527,-2.727993965148926,1.437054642226682
2023-12-07 12:00:00+00:00,8.42,-0.5857482552528381,3.2572162750798523,-2.6818721294403076,-1.6120239565491261
2023-12-07 13:00:00+00:00,-14.31,-0.5852867960929871,-2.1838034865582276,-2.631718873977661,-1.1745797100374367
2023-12-07 14:00:00+00:00,16.56,-0.5945447087287903,3.4643842683640917,-2.6105237007141113,2.1707235704242365
2023-12-07 15:00:00+00:00,6.25,-0.5797625780105591,0.9823713798021969,-2.579864501953125,-0.29972185779801963
2023-12-07 16:00:00+00:00,4.2,-0.5448891520500183,2.45326007489958,-2.5473575592041016,-2.5325370827680955
2023-12-07 17:00:00+00:00,-3.13,-0.5117856860160828,0.18080020884256237,-2.4973201751708984,2.6626800457310815
2023-12-07 18:00:00+00:00,14.15,-0.47029414772987366,1.2113739414479339,-2.449108600616455,0.47744541467143914
2023-12-08 10:00:00+00:00,4.15,-0.4316481947898865,-0.03984910355247074,-2.404076337814331,0.516280523799582
2023-12-08 11:00:00+00:00,1.01,-0.39489635825157166,0.9939220988607449,-2.3626716136932373,2.197824363103799
2023-12-08 12:00:00+00:00,-8.24,-0.35722896456718445,-3.8544549533788923,-2.3188016414642334,0.7013866311968115
2023-12-08 13:00:00+00:00,-3.78,-0.31161001324653625,-2.0315563462213695,-2.266608953475952,-0.20986060574651522
2023-12-08 14:00:00+00:00,-8.46,-0.2770445942878723,-2.811802831673487,-2.2351558208465576,-2.9846878151528387
2023-12-08 15:00:00+00:00,1.14,-0.24380561709403992,-0.3939534652734772,-2.1695363521575928,0.4534338778378755
2023-12-08 16:00:00+00:00,-0.21,-0.23117877542972565,-0.5285290427990947,-2.132606029510498,-3.7480646722818522
2023-12-08 17:00:00+00:00,6.6,-0.23989136517047882,-1.0204987788326942,-2.0857293605804443,1.2047404634836725
2023-12-08 18:00:00+00:00,-23.24,-0.22605669498443604,-1.1001930516666694,-2.026925802230835,-3.3332799362666976
2023-12-11 10:00:00+00:00,2.47,-0.19087453186511993,0.41354715741986453,-1.996461033821106,-2.973280318593421
2023-12-11 11:00:00+00:00,-0.49,-0.16345056891441345,-0.6756952586297256,-1.9974594116210938,1.04464308535987
2023-12-11 12:00:00+00:00,-2.27,-0.14931339025497437,-0.9813712873502394,-1.9272315502166748,-4.907780134441056
2023-12-11 13:00:00+00:00,-10.7,-0.1383880376815796,-1.8454449802339439,-1.9054144620895386,4.982699580868113
2023-12-11 14:00:00+00:00,-12.55,-0.139387845993042,-1.4029626458483504,-1.7987987995147705,-5.600499572096684
2023-12-11 15:00:00+00:00,-0.25,-0.1223999410867691,-0.7926659719364961,-1.750597596168518,-2.06993157891078
2023-12-11 16:00:00+00:00,4.6,-0.10413024574518204,4.03402524359732,-1.6579155921936035,0.05790273928089792
2023-12-11 17:00:00+00:00,-11.39,-0.10323737561702728,-3.249029573507507,-1.5778381824493408,-2.1943606578748462
2023-12-11 18:00:00+00:00,-4.38,-0.09381870180368423,-3.836276943064391,-1.4878588914871216,-3.866373679337253
2023-12-12 10:00:00+00:00,-16.07,-0.07944273948669434,-2.037142062068632,-1.3731870651245117,0.17560659327514572
2023-12-12 11:00:00+00:00,5.58,-0.04702121019363403,1.4560524566037751,-1.276982307434082,1.3704364861660014
2023-12-12 12:00:00+00:00,11.62,-0.04547499120235443,2.857860957037057,-1.1382474899291992,-1.0446739237852776
2023-12-12 13:00:00+00:00,18.8,-0.044060613960027695,2.765220995203233,-1.007055401802063,-0.07096409053841499
2023-12-12 14:00:00+00:00,3.14,-0.034109439700841904,2.76372342039298,-0.8456745147705078,2.386040291531729
2023-12-12 15:00:00+00:00,-11.51,-0.03988194093108177,0.08316025208241062,-0.6802416443824768,-3.572192965588685
2023-12-12 16:00:00+00:00,-0.92,-0.049288902431726456,-0.8526087895892908,-0.5422196388244629,0.728102971842747
2023-12-12 17:00:00+00:00,-12.54,0.020510699599981308,-0.031725681138138714,-0.41263002157211304,-5.917212903799703
2023-12-12 18:00:00+00:00,-2.91,0.07191314548254013,-0.06062599457945899,-0.32666414976119995,-0.39494511796406806
2023-12-13 10:00:00+00:00,10.36,0.06249812990427017,3.079641616081557,-0.16049355268478394,4.288921718006144
2023-12-13 11:00:00+00:00,9.36,0.013216881081461906,2.378586075023532,-0.025132540613412857,0.5490055935204835
2023-12-13 12:00:00+00:00,2.73,-0.061890847980976105,2.5288875817475778,0.09609001874923706,3.5706521443610493
2023-12-13 13:00:00+00:00,0.51,-0.10520109534263611,-0.5484800190208265,0.2680054306983948,-0.40231223383114806
2023-12-13 14:00:00+00:00,-8.25,-0.1437547653913498,-0.7814614945474834,0.4689500629901886,-2.7048350132560985
2023-12-13 15:00:00+00:00,-5.53,-0.18255892395973206,-1.3728478490871945,0.6755493879318237,2.1460499411615572
2023-12-13 16:00:00+00:00,6.51,-0.22381684184074402,0.3164436374735567,0.8133488893508911,0.10878191925298544
2023-12-13 17:00:00+00:00,-0.45,-0.2677086591720581,0.37973641899925265,0.9684890508651733,-1.8670842569682664
2023-12-13 18:00:00+00:00,9.0,-0.3112283945083618,1.0780161692741907,1.145491361618042,2.3608771424749784
2023-12-14 10:00:00+00:00,4.74,-0.39438876509666443,0.8506914078445555,1.227909803390503,0.9271656078525544
2023-12-14 11:00:00+00:00,-3.36,-0.40177488327026367,-1.7047651920627471,1.3356915712356567,-0.6028466922616544
2023-12-14 12:00:00+00:00,-3.69,-0.2774093449115753,-2.4690092170565103,1.3775190114974976,4.976573635945265
2023-12-14 13:00:00+00:00,-7.52,-0.19985519349575043,-3.1028333947167326,1.5101165771484375,-2.3840032202855372
2023-12-14 14:00:00+00:00,-3.12,-0.11415612697601318,-4.370788352428734,1.5339418649673462,-0.49297919316305094
2023-12-14 15:00:00+00:00,-10.77,0.02695486694574356,-5.168787007351884,1.6704453229904175,-4.439528308325175
2023-12-14 16:00:00+00:00,-3.72,0.18634070456027985,-5.114486097059165,1.7395871877670288,-5.713972756102267
2023-12-14 17:00:00+00:00,-4.94,0.2635461688041687,-2.963616171103232,1.908125638961792,-1.643234145000974
2023-12-14 18:00:00+00:00,-35.05,0.3406490981578827,-10.15210903988305,2.077566623687744,-6.094161632618409
2023-12-15 10:00:00+00:00,1.28,0.3615754544734955,1.3768944739381692,2.2516167163848877,3.3211705073326576
2023-12-15 11:00:00+00:00,-1.47,0.3548631966114044,0.8981487794587939,2.44960880279541,3.1796701715786093
2023-12-15 12:00:00+00:00,21.3,0.357420951128006,0.6077200264624307,2.632810115814209,-2.8087351348118164
2023-12-15 13:00:00+00:00,13.33,0.3092588782310486,6.023634472285377,2.780061960220337,-0.24749329072028667
2023-12-15 14:00:00+00:00,2.54,0.2740613520145416,2.702465327273319,2.893669843673706,-0.6544862025592704
2023-12-15 15:00:00+00:00,22.13,0.27830079197883606,4.077437552733711,3.008543014526367,1.774311522413436
2023-12-15 16:00:00+00:00,2.41,0.23440313339233398,1.7695793170486327,3.013089895248413,-3.578933497064807
2023-12-15 17:00:00+00:00,-1.42,0.17918165028095245,0.7643756964811724,2.959963321685791,1.0841539042796944
2023-12-15 18:00:00+00:00,26.65,0.14142636954784393,3.0797453290948784,2.891207218170166,-0.4033727333175725
2023-12-18 10:00:00+00:00,11.44,0.1236320286989212,4.478880542041655,2.8673365116119385,2.794718681158895
2023-12-18 11:00:00+00:00,-6.62,0.12118561565876007,-1.8114089373513953,2.8051671981811523,4.575422611726619
2023-12-18 12:00:00+00:00,-2.14,0.07689972221851349,-0.7838890050177189,2.6875786781311035,-0.09163457774541134
2023-12-18 13:00:00+00:00,12.0,0.022715400904417038,1.6934428304152453,2.5886707305908203,4.665751181985895
2023-12-18 14:00:00+00:00,-2.43,-0.0024401452392339706,-0.5974167025789748,2.5055041313171387,-1.1505779295688463
2023-12-18 15:00:00+00:00,8.56,0.0020937714725732803,1.685602335737171,2.386052131652832,3.449014786128494
2023-12-18 16:00:00+00:00,2.57,-0.023357685655355453,1.0713748067831157,2.296243190765381,3.4621218514847243
2023-12-18 17:00:00+00:00,-7.66,-0.014814293943345547,-0.08003551397233045,2.2530012130737305,-0.7360508839568605
2023-12-18 18:00:00+00:00,8.24,0.006379384547472,1.7107039479952328,2.1728339195251465,-0.6788669819446949
2023-12-19 10:00:00+00:00,4.96,0.0574844554066658,1.281703353361011,2.1440951824188232,-1.2569910133262157
2023-12-19 11:00:00+00:00,-5.55,0.07639066129922867,-0.18555256658764574,2.114539384841919,1.6836085181862646
2023-12-19 12:00:00+00:00,1.79,0.11025147885084152,0.2748675589412656,2.1206960678100586,-0.7008360241681979
2023-12-19 13:00:00+00:00,-8.72,0.16446949541568756,0.23396099993634678,2.0521860122680664,-4.807732098871965
2023-12-19 14:00:00+00:00,-8.54,0.21062389016151428,-0.19888083707443668,2.0230939388275146,-5.025324029541849
2023-12-19 15:00:00+00:00,9.25,0.21926982700824738,1.2804181917545692,1.9074774980545044,-1.8484270398508023
2023-12-19 16:00:00+00:00,4.84,0.2641167640686035,1.5841712387347413,1.845415472984314,3.82526798455201
2023-12-19 17:00:00+00:00,1.11,0.25063440203666687,1.40231524172489,1.8188965320587158,2.061193799273796
2023-12-19 18:00:00+00:00,12.49,0.26680120825767517,1.0440951198140735,1.7204819917678833,-1.993817004860189
2023-12-20 10:00:00+00:00,9.74,0.25373929738998413,1.0119510080537117,1.6871529817581177,-1.1209354398687326
2023-12-20 11:00:00+00:00,-1.93,0.21624256670475006,0.9034761606837944,1.514729619026184,3.2025598861438174
2023-12-20 12:00:00+00:00,5.66,0.1712483912706375,0.7759344584430492,1.4937527179718018,5.650004825177121
2023-12-20 13:00:00+00:00,0.88,0.16806073486804962,0.5969122847996069,1.4152756929397583,-0.05654993688943721
2023-12-20 14:00:00+00:00,0.48,0.16220839321613312,0.08688332547971442,1.3106275796890259,2.029807680729726
2023-12-20 15:00:00+00:00,-2.53,0.1329437643289566,-0.5595936679214772,1.21365487575531,1.412222629612954
2023-12-20 16:00:00+00:00,1.92,0.0902729481458664,-0.4570118472809422,1.1386442184448242,5.092836533540561
2023-12-20 17:00:00+00:00,-5.69,0.034040667116642,0.2791518783448925,1.0278346538543701,1.319818092021435
2023-12-20 18:00:00+00:00,-24.32,-0.03139934316277504,0.5859021586110589,0.92453533411026,0.9359532557121004
2023-12-21 10:00:00+00:00,3.33,-0.11475454270839691,1.4040663519880752,0.8222233653068542,0.045432302620212195
2023-12-21 11:00:00+00:00,-1.0,-0.19242148101329803,0.27159666077344413,0.6941362619400024,-0.7468400962763552
2023-12-21 12:00:00+00:00,-2.38,-0.24486109614372253,-0.1436340664047786,0.5681732296943665,-3.5486573399301475
2023-12-21 13:00:00+00:00,-3.3,-0.2076888382434845,-0.9215043142196284,0.5224388837814331,-0.11544090407432567
2023-12-21 14:00:00+00:00,-24.02,-0.1840641349554062,-2.0315769106594055,0.4430723190307617,-1.9072839427114023
2023-12-21 15:00:00+00:00,10.68,-0.1337413340806961,1.405617000881945,0.43824467062950134,1.3166070582351082
2023-12-21 16:00:00+00:00,4.93,-0.07818145304918289,1.9065187101944487,0.39232906699180603,-0.9718457501906679
2023-12-21 17:00:00+00:00,4.99,-0.042258769273757935,1.8923464397178582,0.31492507457733154,2.4214641953399525
2023-12-21 18:00:00+00:00,25.65,0.019578279927372932,2.8511317964503538,0.29712194204330444,4.41266763016857
2023-12-22 10:00:00+00:00,-2.72,0.11146736145019531,0.2951314320248739,0.260554701089859,0.7557864855300402
2023-12-22 11:00:00+00:00,0.77,0.21396169066429138,0.6628321982661318,0.2848397195339203,-5.859857369209401
2023-12-22 12:00:00+00:00,2.56,0.31739282608032227,0.516392737863748,0.3057774007320404,1.7948063239615568
2023-12-22 13:00:00+00:00,-5.17,0.37853771448135376,-1.102575106429224,0.27782532572746277,0.7018928663174097
2023-12-22 14:00:00+00:00,-5.34,0.3920237123966217,-1.0785612386791854,0.2629326283931732,1.452940157327911
2023-12-22 15:00:00+00:00,7.38,0.423904687166214,0.7162365283134158,0.24818752706050873,2.377260472639328
2023-12-22 16:00:00+00:00,0.82,0.4250751733779907,0.21551393631623456,0.1995658427476883,-1.2528989131725787
2023-12-22 17:00:00+00:00,-4.94,0.3916318714618683,-1.2729805459392218,0.1679632067680359,1.4047191911571941
2023-12-22 18:00:00+00:00,14.24,0.3666315972805023,0.5528827590639842,0.13678613305091858,-3.4210977050816664
2023-12-25 10:00:00+00:00,-1.4,0.34008732438087463,-1.4797996152022637,0.035514265298843384,5.315776727227461
2023-12-25 11:00:00+00:00,-2.3,0.3098016381263733,-1.8778523716644808,0.021974042057991028,3.3481266047891562
2023-12-25 12:00:00+00:00,-3.06,0.2740342319011688,-1.5861971326053719,-0.010415988974273205,-0.5991603604808784
2023-12-25 13:00:00+00:00,-4.56,0.20457157492637634,-1.0915154458813878,-0.012433179654181004,-3.375763912995062
2023-12-25 14:00:00+00:00,-7.73,0.12586675584316254,-1.0594787640005987,-0.029321467503905296,-0.19931824126396136
2023-12-25 15:00:00+00:00,4.32,0.061211198568344116,1.050328497123227,-0.10366450250148773,-5.334791418563664
2023-12-25 16:00:00+00:00,4.38,0.007759701460599899,0.5194914819707672,-0.15357238054275513,-1.8313116970797063
2023-12-25 17:00:00+00:00,2.55,-0.0009045461192727089,0.6777623590272512,-0.30230534076690674,-2.3475648045986865
2023-12-25 18:00:00+00:00,-11.76,0.022341478615999222,-0.8308684277134051,-0.4464106261730194,-0.5309591823676144
2023-12-26 10:00:00+00:00,0.3,0.03274714574217796,0.38085699525077704,-0.5243397951126099,-1.8139850560728927
2023-12-26 11:00:00+00:00,-5.03,0.018485086038708687,-0.5609443404584595,-0.6158457398414612,-3.1834914298380914
2023-12-26 12:00:00+00:00,2.96,-0.0017933845520019531,2.7901567962952143,-0.6687072515487671,-0.2547111455604479
2023-12-26 13:00:00+00:00,3.7,-0.0021786577999591827,1.7010451830625417,-0.727178692817688,1.0192387685153872
2023-12-26 14:00:00+00:00,6.12,0.04547049105167389,1.2954979641286042,-0.6816794872283936,0.5454396844224619
2023-12-26 15:00:00+00:00,-0.7,0.08681794255971909,-0.09386194633310695,-0.6710672378540039,4.670475687487186
2023-12-26 16:00:00+00:00,3.42,0.1434040069580078,0.28915660537862836,-0.6424123644828796,1.2612296686444155
2023-12-26 17:00:00+00:00,-3.31,0.17921113967895508,0.5404596970782116,-0.6189250349998474,-1.7450111957283587
2023-12-26 18:00:00+00:00,14.58,0.2490585297346115,1.0605168018584699,-0.6113570928573608,1.4308165694355568
2023-12-27 10:00:00+00:00,-0.33,0.294750452041626,-0.08014034589843783,-0.5800303816795349,0.2572810084349578
2023-12-27 11:00:00+00:00,-0.41,0.31658217310905457,-0.460691658644169,-0.6128908395767212,1.97630239966439
2023-12-27 12:00:00+00:00,-3.22,0.3250725567340851,-0.6843678582766973,-0.5867265462875366,1.8350442647067096
2023-12-27 13:00:00+00:00,3.17,0.3350624740123749,0.6566717306022889,-0.5849966406822205,-4.383981796884073
2023-12-27 14:00:00+00:00,-0.01,0.36098983883857727,-0.6988463823936424,-0.5929145216941833,4.3582017664297705
2023-12-27 15:00:00+00:00,-3.55,0.35313549637794495,-1.503923317029496,-0.565767228603363,0.5112874789410146
2023-12-27 16:00:00+00:00,-3.05,0.32259657979011536,-1.1519662132156716,-0.5359700322151184,-1.724630064070109
2023-12-27 17:00:00+00:00,-4.41,0.2987779676914215,-1.0283967713010098,-0.5081971883773804,0.3816502510754547
2023-12-27 18:00:00+00:00,-7.0,0.2880420386791229,-1.353700343081554,-0.5177410244941711,-4.497980553896789
2023-12-28 10:00:00+00:00,-6.82,0.2522500157356262,-1.5351961284753597,-0.5075061917304993,-3.3996809951641396
2023-12-28 11:00:00+00:00,-0.61,0.2659797668457031,-0.47475745182121476,-0.4836170971393585,-6.8559194468419165
2023-12-28 12:00:00+00:00,5.41,0.2903261184692383,0.9011538225933693,-0.47313252091407776,-2.229635010532053
2023-12-28 13:00:00+00:00,-0.09,0.28122588992118835,-0.011419863632369381,-0.49772462248802185,0.6758039954729038
2023-12-28 14:00:00+00:00,0.0,0.2937721610069275,0.9393974131384164,-0.5530504584312439,-1.7153205956179913
2023-12-28 15:00:00+00:00,3.44,0.3123631477355957,0.5523674449549474,-0.5924588441848755,0.21587010563301606
2023-12-28 16:00:00+00:00,2.78,0.3661392033100128,1.902302062488721,-0.580305814743042,-0.28273379465052406
2023-12-28 17:00:00+00:00,7.39,0.4507487416267395,1.0467332099700557,-0.5689206719398499,0.21419092369737092
2023-12-28 18:00:00+00:00,-13.87,0.5141079425811768,-0.6171584416368454,-0.5537276268005371,-1.4789410356855042
2023-12-29 10:00:00+00:00,4.49,0.5426938533782959,1.1706588513543208,-0.5592507123947144,-0.06394923465419367
2023-12-29 11:00:00+00:00,1.9,0.5947810411453247,1.1079605939744603,-0.5373353958129883,-3.152160370228513
2023-12-29 12:00:00+00:00,4.61,0.6642904877662659,2.012977641843756,-0.5091221928596497,-0.021741943519548557
2023-12-29 13:00:00+00:00,0.14,0.7387444376945496,-0.1519439345707294,-0.483291894197464,0.2601218020177788
2023-12-29 14:00:00+00:00,-3.56,0.818337619304657,0.4746523234283813,-0.5012490153312683,1.6231950827621533
2023-12-29 15:00:00+00:00,0.31,0.9024649858474731,1.096754796793655,-0.481505811214447,-3.208343276723303
2023-12-29 16:00:00+00:00,2.37,0.9857690930366516,1.447963644223577,-0.45300403237342834,1.341677922981881
2023-12-29 17:00:00+00:00,0.73,0.9999151229858398,1.093092996889147,-0.40713566541671753,-5.145951430939967
2023-12-29 18:00:00+00:00,20.85,0.9940218925476074,1.4359127326847483,-0.3807448446750641,2.46234705828996
2024-01-03 10:00:00+00:00,3.28,0.9583942294120789,0.7423181554712177,-0.3482872545719147,-1.1515470882292784
2024-01-03 11:00:00+00:00,-0.61,0.9119439125061035,-0.14069259466178752,-0.3560888469219208,0.29395673581079723
2024-01-03 12:00:00+00:00,1.66,0.8651169538497925,0.9774313402008664,-0.35478395223617554,-4.737806716017092
2024-01-03 13:00:00+00:00,0.23,0.7998428344726562,0.26414474291909185,-0.40241074562072754,-1.514678791344604
2024-01-03 14:00:00+00:00,3.0,0.7690125703811646,1.115481247085465,-0.4322965145111084,3.9584490906960568
2024-01-03 15:00:00+00:00,0.02,0.7407247424125671,0.16412129370642978,-0.49737486243247986,2.869749491508835
2024-01-03 16:00:00+00:00,3.94,0.7166275978088379,0.7262461000406917,-0.5685058832168579,1.7559923718797317
2024-01-03 17:00:00+00:00,-1.25,0.7099177241325378,0.031215124004597535,-0.6055499911308289,1.4838749174214638
2024-01-03 18:00:00+00:00,9.28,0.7174680829048157,0.6749433629771087,-0.5938921570777893,3.841186504398875
2024-01-04 10:00:00+00:00,2.95,0.7215418219566345,1.2454819155166401,-0.6105892658233643,-1.0470756032436779
2024-01-04 11:00:00+00:00,-5.27,0.7123047709465027,-0.4575134559972904,-0.6264156699180603,-5.931237961326962
2024-01-04 12:00:00+00:00,0.84,0.6938387751579285,0.6777885681649277,-0.6441639065742493,3.485996416358528
2024-01-04 13:00:00+00:00,2.54,0.6807953715324402,0.19390173921181683,-0.6793116331100464,3.590398982560621
2024-01-04 14:00:00+00:00,-1.86,0.699061393737793,-1.134988476405082,-0.7047557234764099,-0.3578691424098662
2024-01-04 15:00:00+00:00,-2.48,0.6907227039337158,-1.0367901406046007,-0.7240135669708252,0.7257275800756682
2024-01-04 16:00:00+00:00,-0.85,0.6821212768554688,-0.6118099253888405,-0.6968336701393127,-1.3331881232290845
2024-01-04 17:00:00+00:00,0.69,0.6671044230461121,0.21698194798766793,-0.7533125877380371,-2.411879230989676
2024-01-04 18:00:00+00:00,0.42,0.6620702743530273,-0.13875507622439412,-0.7753974795341492,-3.9090873745052477
2024-01-05 10:00:00+00:00,-3.12,0.6650866866111755,0.06137412460998347,-0.7770607471466064,2.0406914671378944
2024-01-05 11:00:00+00:00,-2.49,0.66413414478302,-0.227521416851973,-0.7552083730697632,-3.0637896603403316
2024-01-05 12:00:00+00:00,-0.24,0.6258635520935059,0.3127596635276411,-0.7740305662155151,0.31629429219021865
2024-01-05 13:00:00+00:00,0.4,0.5098857879638672,0.4016473004400592,-0.7687152624130249,-2.7592874924732365
2024-01-05 14:00:00+00:00,1.49,0.427565336227417,0.0887496062810629,-0.8001129031181335,2.3903346022974654
2024-01-05 15:00:00+00:00,0.69,0.3648810386657715,0.7009228069193487,-0.8283795118331909,-0.24249765668520978
2024-01-05 16:00:00+00:00,2.1,0.3383695185184479,1.5807283188674326,-0.849568247795105,2.671140506684923
2024-01-05 17:00:00+00:00,1.05,0.2672118544578552,1.340603772478926,-0.8509458303451538,1.1068656177246492
2024-01-05 18:00:00+00:00,15.54,0.19773097336292267,2.047851316387544,-0.8457618951797485,3.964989978084342
2024-01-08 10:00:00+00:00,-1.18,0.1231432855129242,0.03857636276200655,-0.8716064691543579,1.7257359989821306
2024-01-08 11:00:00+00:00,-1.94,0.06537650525569916,0.3534847579583498,-0.9071365594863892,6.292665575681398
2024-01-08 12:00:00+00:00,3.22,0.01762719452381134,1.2360751446223293,-0.9195903539657593,-0.7747083408321402
2024-01-08 13:00:00+00:00,4.51,-0.007011416368186474,0.4197514459971936,-0.9508315324783325,-1.4866993038670009
2024-01-08 14:00:00+00:00,0.32,-0.0379246324300766,0.0128572148190403,-0.9569841623306274,3.0480503365117873
2024-01-08 15:00:00+00:00,-0.9,-0.05334489047527313,-0.03016209377390571,-0.9304776191711426,2.2269777844671594
2024-01-08 16:00:00+00:00,-1.52,-0.08262453973293304,-0.8118078759945674,-0.9169604778289795,-0.24345343158572486
2024-01-08 17:00:00+00:00,4.16,-0.11018647998571396,0.8952076221550465,-0.8894931674003601,1.0907757208892677
2024-01-08 18:00:00+00:00,-9.99,-0.1484891027212143,-0.7992461416309672,-0.8769628405570984,-0.8549045191792766
2024-01-09 10:00:00+00:00,4.4,-0.19601932168006897,1.3462748015629236,-0.848132848739624,3.4937678902359703
2024-01-09 11:00:00+00:00,-2.0,-0.24652166664600372,0.7972100187242043,-0.785691499710083,0.9296006917324706
2024-01-09 12:00:00+00:00,-0.9,-0.2817193269729614,-0.030985711803781464,-0.7935716509819031,4.430314066568033
2024-01-09 13:00:00+00:00,-0.1,-0.3057714104652405,0.29753318263326944,-0.7599274516105652,3.7358835029959065
2024-01-09 14:00:00+00:00,-1.97,-0.32256942987442017,1.0513412896915484,-0.7032803893089294,-2.6174370051063893
2024-01-09 15:00:00+00:00,2.64,-0.3479364514350891,1.9877411739875699,-0.6723644137382507,-2.4111790086394222
2024-01-09 16:00:00+00:00,3.58,-0.3805401027202606,1.7854664771031652,-0.6138021945953369,1.981316640751324
2024-01-09 17:00:00+00:00,1.31,-0.4312956929206848,1.2196298583873733,-0.548598051071167,0.6865888880805273
2024-01-09 18:00:00+00:00,12.36,-0.4922041594982147,1.4807797928253368,-0.45752549171447754,0.981011051561805
2024-01-10 10:00:00+00:00,1.77,-0.5667479038238525,1.2035821486431688,-0.4211151599884033,0.7684353525723125
2024-01-10 11:00:00+00:00,-0.69,-0.6256503462791443,0.42632380256598984,-0.4271638095378876,0.6930922874721019
2024-01-10 12:00:00+00:00,0.74,-0.6955886483192444,0.6594430443125128,-0.4264395833015442,-0.7507124945896378
2024-01-10 13:00:00+00:00,1.66,-0.7674009799957275,0.7614340203638059,-0.43871650099754333,-0.10541188092539688
2024-01-10 14:00:00+00:00,1.82,-0.8432419300079346,0.6075784969091385,-0.4591606855392456,5.4799585307834775
2024-01-10 15:00:00+00:00,-2.61,-0.9177838563919067,-0.26315460867465723,-0.4715425372123718,3.821634010860967
2024-01-10 16:00:00+00:00,0.55,-0.9658388495445251,0.42735286545780216,-0.45640647411346436,-0.7666295283554425
2024-01-10 17:00:00+00:00,-6.45,-1.0450960397720337,-0.09934957012669389,-0.4682726562023163,-2.1555720539996805
2024-01-10 18:00:00+00:00,-12.1,-1.113072395324707,0.17266872944155748,-0.47030889987945557,-1.1964799878687784
2024-01-11 10:00:00+00:00,3.58,-1.1997264623641968,3.091986083406296,-0.5057752132415771,-0.7471500128642408
2024-01-11 11:00:00+00:00,7.18,-1.2458930015563965,2.3919016229743773,-0.5431298613548279,-0.13648015440027594
2024-01-11 12:00:00+00:00,8.37,-1.2736984491348267,2.0839508770768127,-0.5966333746910095,3.9193235960370303
2024-01-11 13:00:00+00:00,0.72,-1.2975714206695557,1.4651944614603445,-0.5931333303451538,1.7684298181699556
2024-01-11 14:00:00+00:00,-3.61,-1.325289249420166,-0.20870419206668261,-0.6214432120323181,0.528584385520146
2024-01-11 15:00:00+00:00,-3.92,-1.3488579988479614,0.6233108124659523,-0.6077349185943604,0.5381349336823383
2024-01-11 16:00:00+00:00,4.01,-1.3834855556488037,1.1986930599806178,-0.6489627361297607,1.3185250890775415
2024-01-11 17:00:00+00:00,12.32,-1.419451117515564,1.3206552240682075,-0.6418410539627075,2.7039266793991295
2024-01-11 18:00:00+00:00,-1.57,-1.4447963237762451,0.7298406581516295,-0.6504441499710083,-0.21342483313001126
2024-01-12 10:00:00+00:00,6.63,-1.4595378637313843,2.078320193254054,-0.6384285688400269,-0.5719319268945514
2024-01-12 11:00:00+00:00,2.47,-1.457834005355835,1.4757389755430306,-0.6374778151512146,0.28764945498236427
2024-01-12 12:00:00+00:00,2.53,-1.4506794214248657,1.5401426077032685,-0.6713990569114685,6.44806365319246
2024-01-12 13:00:00+00:00,3.42,-1.451371431350708,1.4200058762852432,-0.680474579334259,2.208925501415211
2024-01-12 14:00:00+00:00,-1.57,-1.4288671016693115,-0.7340489631021789,-0.6878657937049866,-0.06020770944321108
2024-01-12 15:00:00+00:00,-1.33,-1.3812224864959717,-0.24021708062648056,-0.7150564789772034,-1.8463770846488257
2024-01-12 16:00:00+00:00,1.91,-1.3471506834030151,0.6717766778628043,-0.7675030827522278,-0.10438838900437553
2024-01-12 17:00:00+00:00,-8.52,-1.3170620203018188,-0.9340417791474862,-0.7755491137504578,1.1445543383837726
2024-01-12 18:00:00+00:00,9.11,-1.2758729457855225,1.299108486863669,-0.7526689767837524,-2.0718493223441348
2024-01-15 10:00:00+00:00,1.24,-1.24716317653656,1.207703906524254,-0.7821762561798096,1.1223256679625915
2024-01-15 11:00:00+00:00,-1.52,-1.1959811449050903,-1.6214627948661924,-0.8143537044525146,2.6458745774056305
2024-01-15 12:00:00+00:00,-11.76,-1.1356804370880127,-1.9622179316099226,-0.8215804696083069,0.049323757234177756
2024-01-15 13:00:00+00:00,2.26,-1.1035786867141724,1.013634351295224,-0.8380333185195923,-4.422706845164707
2024-01-15 14:00:00+00:00,0.87,-1.075360894203186,0.7497403069576113,-0.8459660410881042,1.0998583497760555
2024-01-15 15:00:00+00:00,-0.7,-1.035557508468628,-0.6825521351224212,-0.8486541509628296,2.114235851099172
2024-01-15 16:00:00+00:00,-5.2,-0.9781907796859741,-0.6729313806514355,-0.8398256897926331,-3.3618516391087203
2024-01-15 17:00:00+00:00,5.36,-0.9194521903991699,1.4952030192532246,-0.87593674659729,-1.9854574969622436
2024-01-15 18:00:00+00:00,-15.01,-0.865230143070221,-1.2862987459621034,-0.8720913529396057,-1.5196147840091296
2024-01-16 10:00:00+00:00,0.78,-0.8421949744224548,1.428508251650397,-0.8746932148933411,3.3415455633291553
2024-01-16 11:00:00+00:00,2.03,-0.8542229533195496,1.65215018394349,-0.8702144622802734,-1.8577312111155488
2024-01-16 12:00:00+00:00,5.86,-0.8685470819473267,1.5867262808560734,-0.9205654263496399,-0.7161935804769142
2024-01-16 13:00:00+00:00,-0.49,-0.8881785869598389,0.5559424138681208,-0.9434318542480469,2.5206843734825584
2024-01-16 14:00:00+00:00,-3.49,-0.898662269115448,0.3236334667552972,-0.9739916920661926,-2.1042360432142693
2024-01-16 15:00:00+00:00,-0.56,-0.8874968886375427,0.5242470921353385,-1.0021268129348755,-0.5233272205259423
2024-01-16 16:00:00+00:00,4.07,-0.8920000195503235,1.096486990355824,-1.0448877811431885,-4.967748164202291
2024-01-16 17:00:00+00:00,1.38,-0.8844908475875854,0.7726408243043296,-1.0612400770187378,-0.8921453315364729
2024-01-16 18:00:00+00:00,4.76,-0.8637304306030273,0.7755038887785778,-1.096170425415039,0.4645858770706242
2024-01-17 10:00:00+00:00,3.89,-0.8453501462936401,1.5187924027053605,-1.101050615310669,1.9516324677452817
2024-01-17 11:00:00+00:00,-6.11,-0.8027060627937317,-1.4219276191342622,-1.1095261573791504,1.1604133157849066
2024-01-17 12:00:00+00:00,-0.39,-0.7474510073661804,-0.33142682899924775,-1.1369638442993164,-3.510821600020966
2024-01-17 13:00:00+00:00,2.62,-0.6771837472915649,0.23562527470583544,-1.1510577201843262,-0.9250381301407651
2024-01-17 14:00:00+00:00,-3.17,-0.6050873398780823,-0.9172740122566402,-1.1523113250732422,1.728418944825226
2024-01-17 15:00:00+00:00,-1.23,-0.5318971872329712,-0.580063963199856,-1.1649839878082275,1.2133384665301024
2024-01-17 16:00:00+00:00,0.62,-0.44110238552093506,0.5206932085954882,-1.1815145015716553,-0.675615325656117
2024-01-17 17:00:00+00:00,4.79,-0.39089202880859375,0.1358274021967121,-1.2108144760131836,-3.684652755350407
2024-01-17 18:00:00+00:00,4.4,-0.33654582500457764,-0.37142175650886033,-1.2247400283813477,0.24225303116321054
2024-01-18 10:00:00+00:00,-0.78,-0.29637232422828674,-0.14815161260523352,-1.270754337310791,0.549238443585469
2024-01-18 11:00:00+00:00,0.12,-0.2548631727695465,-0.06411513643358026,-1.3153003454208374,1.0526774462738095
2024-01-18 12:00:00+00:00,1.56,-0.22302357852458954,0.3617993335495533,-1.3239659070968628,1.9658440832618505
2024-01-18 13:00:00+00:00,-2.92,-0.21689143776893616,-0.4218906396059858,-1.3407233953475952,-1.177427896483004
2024-01-18 14:00:00+00:00,-2.78,-0.21951180696487427,-1.3558761561688255,-1.3960992097854614,-3.0082875587308697
2024-01-18 15:00:00+00:00,-5.96,-0.2269165962934494,-0.172919878412993,-1.4363728761672974,-3.192099147202988
2024-01-18 16:00:00+00:00,0.39,-0.2205771654844284,0.19858009617342537,-1.4642692804336548,0.11914692592850396
2024-01-18 17:00:00+00:00,-0.41,-0.2140297293663025,-0.33035767970301,-1.4807120561599731,0.02621681211293969
2024-01-18 18:00:00+00:00,-16.54,-0.19138725101947784,-3.2155005928026568,-1.4841947555541992,-5.7917897562543414
2024-01-19 10:00:00+00:00,2.16,-0.16770797967910767,2.9987956827746185,-1.4761995077133179,-0.5666420163861813
2024-01-19 11:00:00+00:00,4.61,-0.15478961169719696,2.643436260987942,-1.4774103164672852,-1.936127175699756
2024-01-19 12:00:00+00:00,-2.4,-0.14765582978725433,-1.5780182689881523,-1.505199670791626,-0.8398337842846737
2024-01-19 13:00:00+00:00,-0.56,-0.1341797113418579,-0.6893753975316078,-1.5169289112091064,-2.356488168226317
2024-01-19 14:00:00+00:00,-4.92,-0.12021282315254211,-0.9004461841057617,-1.503150463104248,0.2674145043568086
2024-01-19 15:00:00+00:00,-0.29,-0.09473171085119247,0.037325053886188446,-1.4929840564727783,-1.7114361747741955
2024-01-19 16:00:00+00:00,6.35,-0.07879818230867386,0.8788106621792894,-1.4862161874771118,-2.016009431582904
2024-01-19 17:00:00+00:00,-0.89,-0.10704945772886276,-0.43349446178642864,-1.47813880443573,0.1330670782664941
2024-01-19 18:00:00+00:00,-1.32,-0.14251141250133514,-0.5073369466893496,-1.4784390926361084,-2.2069627182384766
2024-01-22 10:00:00+00:00,6.12,-0.16927030682563782,2.493269062194798,-1.5110490322113037,-0.7955122904807044
2024-01-22 11:00:00+00:00,2.09,-0.17255428433418274,1.4602966857364643,-1.5292707681655884,2.86617688791156
2024-01-22 12:00:00+00:00,-0.16,-0.16149123013019562,0.842627312164861,-1.5410206317901611,2.715892939665817
2024-01-22 13:00:00+00:00,0.07,-0.14936868846416473,0.21960397707088103,-1.5500211715698242,-0.8582841550441707
2024-01-22 14:00:00+00:00,4.15,-0.14749066531658173,0.014479140777368782,-1.5637848377227783,2.0148137135863404
2024-01-22 15:00:00+00:00,-4.15,-0.14856187999248505,-0.8930266873136613,-1.5903599262237549,3.128659819794826
2024-01-22 16:00:00+00:00,-0.3,-0.13992473483085632,-0.272761895884864,-1.5991427898406982,1.81173649426828
2024-01-22 17:00:00+00:00,-0.72,-0.14061178267002106,-0.7297484464635106,-1.5971845388412476,0.21540983059291968
2024-01-22 18:00:00+00:00,-0.57,-0.1433914601802826,-0.2663415602648854,-1.6041858196258545,1.9796110035722827
2024-01-23 10:00:00+00:00,5.39,-0.14929251372814178,1.3634131617584506,-1.6377122402191162,1.0754376608204774
2024-01-23 11:00:00+00:00,-1.8,-0.15681448578834534,-0.20850973228273434,-1.6546152830123901,1.519735565433313
2024-01-23 12:00:00+00:00,-7.43,-0.15413589775562286,-0.7197118918427242,-1.6551412343978882,-1.277835042984327
2024-01-23 13:00:00+00:00,4.76,-0.1429479569196701,0.17261148852754807,-1.6478538513183594,-3.2052931996656935
2024-01-23 14:00:00+00:00,0.1,-0.11975356936454773,0.0939191606369312,-1.6475383043289185,-0.17012206533425756
2024-01-23 15:00:00+00:00,3.97,-0.09401829540729523,-0.058320828070856846,-1.6522111892700195,-0.33528940859288525
2024-01-23 16:00:00+00:00,-1.84,-0.07757570594549179,-0.24592048101973407,-1.634369134902954,1.3661344245774532
2024-01-23 17:00:00+00:00,1.01,-0.06496204435825348,-0.27552930119943597,-1.6299322843551636,-2.078778689064978
2024-01-23 18:00:00+00:00,-0.91,-0.04783863574266434,-0.45477755368063233,-1.6434730291366577,-1.8474524590482053
2024-01-24 10:00:00+00:00,1.14,-0.011009905487298965,0.6605875088559395,-1.6453189849853516,-0.5043520165290659
2024-01-24 11:00:00+00:00,-8.87,0.013335539028048515,0.10900585617198252,-1.6244056224822998,-1.1758663316558196
2024-01-24 12:00:00+00:00,-2.04,0.021631360054016113,-0.8764772795495285,-1.6376067399978638,-0.6785890832731734
2024-01-24 13:00:00+00:00,-7.1,0.02130761370062828,-0.3569052598001133,-1.6573115587234497,-2.72086959154642
2024-01-24 14:00:00+00:00,5.61,0.020144470036029816,2.8618928585879515,-1.6419116258621216,-1.4111719794982096
2024-01-24 15:00:00+00:00,1.61,-0.005259742960333824,1.5898019904218132,-1.6362712383270264,-1.7977460448693559
2024-01-24 16:00:00+00:00,-2.59,-0.024188658222556114,-0.21538594964191568,-1.6414560079574585,-0.8918806668407844
2024-01-24 17:00:00+00:00,-0.18,-0.04640374705195427,-0.051618367436111826,-1.6712485551834106,-1.1708676883738893
2024-01-24 18:00:00+00:00,-12.85,-0.06924985349178314,-0.8295673829735596,-1.6830785274505615,-0.3043682061748546
2024-01-25 10:00:00+00:00,0.8,-0.0955289900302887,0.8125618964862137,-1.708857536315918,0.364298729715684
2024-01-25 11:00:00+00:00,2.08,-0.12262993305921555,0.5197726683797116,-1.7410897016525269,-1.5367956731733172
2024-01-25 12:00:00+00:00,-0.44,-0.1536857932806015,-0.19769512380529755,-1.7410951852798462,0.03785369193829824
2024-01-25 13:00:00+00:00,1.25,-0.18761509656906128,0.4003165585338887,-1.7468316555023193,-0.5657276394911901
2024-01-25 14:00:00+00:00,4.79,-0.2173016220331192,0.8749605515220992,-1.7330808639526367,-0.4433862463617405
2024-01-25 15:00:00+00:00,1.09,-0.2512752413749695,0.6294717510064959,-1.740411400794983,-0.45392883045871024
2024-01-25 16:00:00+00:00,-0.85,-0.2808782756328583,0.2700442820846562,-1.7514822483062744,0.29668190616670725
2024-01-25 17:00:00+00:00,-0.54,-0.30097252130508423,0.5545006628801598,-1.769629716873169,0.27628457184663935
2024-01-25 18:00:00+00:00,10.07,-0.30506622791290283,0.659868898048979,-1.7887879610061646,0.8423923211615476
2024-01-26 10:00:00+00:00,2.2,-0.3168756663799286,0.8595128801378045,-1.7834203243255615,0.09374813169373342
2024-01-26 11:00:00+00:00,-0.06,-0.32604384422302246,-0.24713515599120556,-1.7874445915222168,2.021284025599517
2024-01-26 12:00:00+00:00,-5.17,-0.32856422662734985,-0.39483007444832713,-1.8026340007781982,0.7182071409040436
2024-01-26 13:00:00+00:00,2.31,-0.33406057953834534,0.8756431656487932,-1.810806393623352,-4.198812640862856
2024-01-26 14:00:00+00:00,-3.71,-0.34164154529571533,0.2856271858030705,-1.811073899269104,0.3842720121018171
2024-01-26 15:00:00+00:00,2.76,-0.34889617562294006,0.6648893914742474,-1.8084793090820312,0.2336751556045323
2024-01-26 16:00:00+00:00,-4.6,-0.3570363521575928,-0.9180342066143347,-1.8272095918655396,0.9413944492192248
2024-01-26 17:00:00+00:00,1.67,-0.37190598249435425,0.45785499848170036,-1.8391847610473633,-0.12750238435714023
2024-01-26 18:00:00+00:00,12.43,-0.38086026906967163,0.214511516600626,-1.850631594657898,-2.4358059538325287
2024-01-29 10:00:00+00:00,-2.09,-0.3833872675895691,-0.755767684217791,-1.8691813945770264,0.14566203275683665
2024-01-29 11:00:00+00:00,3.57,-0.3625909388065338,0.8278804227772427,-1.87697172164917,3.041493716267147
2024-01-29 12:00:00+00:00,3.81,-0.3268832266330719,0.8978927578896864,-1.8819267749786377,1.636853189238045
2024-01-29 13:00:00+00:00,1.91,-0.2983444631099701,0.9276816736226762,-1.890734076499939,1.2357948656197437
2024-01-29 14:00:00+00:00,-0.47,-0.2888107895851135,0.36262915410208013,-1.9182909727096558,1.5660320361405051
2024-01-29 15:00:00+00:00,-1.89,-0.27956753969192505,-0.5639916688923613,-1.9473003149032593,-0.5398384513843699
2024-01-29 16:00:00+00:00,-2.38,-0.26640820503234863,-0.44406851342275505,-1.9451429843902588,0.943648655734159
2024-01-29 17:00:00+00:00,-1.49,-0.24610553681850433,-0.4633547587712275,-1.9725594520568848,2.2882656732436883
2024-01-29 18:00:00+00:00,11.63,-0.20470847189426422,1.2444612196560674,-1.9941459894180298,0.6365844702611007
2024-01-30 10:00:00+00:00,3.5,-0.15739166736602783,1.42355742657388,-2.0150585174560547,3.450840980618775
2024-01-30 11:00:00+00:00,-1.84,-0.11938441544771194,-0.02410459287060197,-2.0242819786071777,0.3568328479948523
2024-01-30 12:00:00+00:00,2.59,-0.08561590313911438,1.396816340051314,-2.040578842163086,1.2193632891337844
2024-01-30 13:00:00+00:00,-2.48,-0.06656210124492645,0.05211974837659575,-2.04294490814209,3.7671883362868117
2024-01-30 14:00:00+00:00,-5.11,-0.0561443455517292,0.4060169061244575,-2.040757417678833,0.8516936299207392
2024-01-30 15:00:00+00:00,6.96,-0.0438309907913208,2.623837130975011,-2.04618763923645,1.8089962223761187
2024-01-30 16:00:00+00:00,2.14,-0.03811671957373619,1.944624925910858,-2.0376288890838623,4.7327600229784785
2024-01-30 17:00:00+00:00,2.08,-0.038424715399742126,2.2435256430100905,-2.0265042781829834,2.419323948330298
2024-01-30 18:00:00+00:00,8.6,-0.031528256833553314,1.7635640853924361,-2.0309739112854004,2.190186669478973
2024-01-31 10:00:00+00:00,3.58,-0.021485157310962677,1.3044305902937472,-2.037203311920166,4.248454802863003
2024-01-31 11:00:00+00:00,-3.93,-0.011719291098415852,0.331434440520678,-2.0281758308410645,4.046235242028466
2024-01-31 12:00:00+00:00,2.14,-0.0014044493436813354,1.697063786910065,-2.0345773696899414,0.1609833094062499
2024-01-31 13:00:00+00:00,3.9,0.018924562260508537,1.9689956611856545,-2.050563097000122,1.370051999274926
2024-01-31 14:00:00+00:00,3.68,0.03344298154115677,1.3505948628835915,-2.060910940170288,3.30675453784032
2024-01-31 15:00:00+00:00,1.78,0.045382414013147354,1.2287692351345423,-2.066981792449951,3.1474269648300135
2024-01-31 16:00:00+00:00,1.25,0.048982080072164536,0.8540130803010885,-2.0793540477752686,-0.19762070122093223
2024-01-31 17:00:00+00:00,-2.89,0.04651753976941109,-0.49349895530412174,-2.083332061767578,-0.18891020207296338
2024-01-31 18:00:00+00:00,15.68,0.04781270772218704,0.9344145001948563,-2.096491575241089,-0.19940863786928353
2024-02-01 10:00:00+00:00,1.1,0.049178559333086014,0.2502684218569758,-2.099979877471924,3.2168217797597936
2024-02-01 11:00:00+00:00,-1.42,0.03844163939356804,-0.16341478095354575,-2.0907695293426514,1.3080343367512035
2024-02-01 12:00:00+00:00,-0.81,0.03084348887205124,-0.6042747183425857,-2.096303939819336,1.1927394860242373
2024-02-01 13:00:00+00:00,0.53,0.014872236177325249,-0.042203213136746215,-2.0981192588806152,1.893317052866492
2024-02-01 14:00:00+00:00,-0.11,0.0064443908631801605,-0.2608513486692502,-2.1085026264190674,2.6007366434059436
2024-02-01 15:00:00+00:00,-2.72,0.004739593714475632,-0.8376169083092635,-2.103085517883301,3.4219051244006677
2024-02-01 16:00:00+00:00,-2.97,0.016703931614756584,-0.6969618165313713,-2.098214864730835,3.4881254066808265
2024-02-01 17:00:00+00:00,6.42,0.027057960629463196,1.3779120462548298,-2.0941274166107178,1.9624472862052846
2024-02-01 18:00:00+00:00,-9.83,0.05926799029111862,-0.24395861028944768,-2.086496353149414,3.004157348460158
2024-02-02 10:00:00+00:00,5.01,0.0753566175699234,1.9854949031844114,-2.0874671936035156,-1.1399915282441255
2024-02-02 11:00:00+00:00,0.49,0.09505736827850342,0.6757693299538919,-2.0906083583831787,3.1856390082292916
2024-02-02 12:00:00+00:00,-1.57,0.12345147132873535,0.3322751468066526,-2.102630853652954,-3.8136546470287933
2024-02-02 13:00:00+00:00,5.57,0.15712477266788483,0.4389598867124871,-2.109779119491577,-0.35359215865490445
2024-02-02 14:00:00+00:00,-2.54,0.1863667070865631,0.28850931844375116,-2.124469518661499,0.44603120918139805
2024-02-02 15:00:00+00:00,1.61,0.21787339448928833,0.7348074763929449,-2.129211902618408,1.3375367900287194
2024-02-02 16:00:00+00:00,-1.74,0.25376346707344055,-0.10513472616260634,-2.133460521697998,-1.473103389440189
2024-02-02 17:00:00+00:00,-0.54,0.2737951874732971,-0.5347961420637177,-2.1364214420318604,-2.3884731441419076
2024-02-02 18:00:00+00:00,-2.31,0.2929990589618683,-0.5616494697540185,-2.1298317909240723,3.3527528973489105
2024-02-05 10:00:00+00:00,0.52,0.3038039803504944,0.9684895235363262,-2.1301417350769043,1.5098864569826416
2024-02-05 11:00:00+00:00,3.32,0.2912377715110779,1.5193496703692702,-2.1268789768218994,0.09744329818200193
2024-02-05 12:00:00+00:00,1.27,0.2788294553756714,1.262601545444053,-2.1193840503692627,1.6802706367456062
2024-02-05 13:00:00+00:00,-1.08,0.27631300687789917,-0.12903367057666973,-2.1077749729156494,-0.7447917265857832
2024-02-05 14:00:00+00:00,-0.28,0.26640087366104126,-0.15965051854008647,-2.0986061096191406,2.839997603019257
2024-02-05 15:00:00+00:00,-1.59,0.255373477935791,0.3771788530023692,-2.0941874980926514,0.9576151539123671
2024-02-05 16:00:00+00:00,5.65,0.24888773262500763,0.9930487162791275,-2.0870351791381836,3.3966770698351616
2024-02-05 17:00:00+00:00,-5.06,0.24780304729938507,-1.2188866940874665,-2.0856845378875732,-0.8118893491149328
2024-02-05 18:00:00+00:00,7.0,0.2467898279428482,0.5904836760983976,-2.0905303955078125,-0.21104178881620772
2024-02-06 10:00:00+00:00,0.73,0.24906255304813385,0.9674759086755743,-2.091007947921753,-2.354354085132237
2024-02-06 11:00:00+00:00,-2.88,0.25831761956214905,-0.4956730241304152,-2.057842254638672,0.766268479928867
2024-02-06 12:00:00+00:00,-0.9,0.25687745213508606,-0.054987958782750236,-2.0506081581115723,-1.6047820095417784
2024-02-06 13:00:00+00:00,4.42,0.2509631812572479,1.2136621254957047,-2.03515625,0.25429251024390853
2024-02-06 14:00:00+00:00,-2.25,0.24749170243740082,0.2026629046290055,-2.0282797813415527,1.3420367886934947
2024-02-06 15:00:00+00:00,1.88,0.2301710844039917,1.4623895089878824,-2.005539655685425,-3.164149746366671
2024-02-06 16:00:00+00:00,1.5,0.20643898844718933,1.2593679720356774,-1.979062795639038,2.267811951018434
2024-02-06 17:00:00+00:00,2.11,0.1747754067182541,1.2541369477259678,-1.963636875152588,0.5447174544971766
2024-02-06 18:00:00+00:00,9.8,0.1356990933418274,1.144386240959689,-1.9568674564361572,0.27336721794510394
2024-02-07 10:00:00+00:00,2.88,0.10244150459766388,1.0443131208180128,-1.9565141201019287,0.3302624326680512
2024-02-07 11:00:00+00:00,0.1,0.07811642438173294,0.8115628694419386,-1.9548393487930298,2.1399589772793535
2024-02-07 12:00:00+00:00,3.66,0.05962027609348297,0.8441520959835631,-1.9562727212905884,0.39506387795840514
2024-02-07 13:00:00+00:00,2.25,0.03771565854549408,0.8182653802342259,-1.9531341791152954,0.26184242469761454
2024-02-07 14:00:00+00:00,-1.79,0.01559579186141491,-1.6192735567188326,-1.951424241065979,1.6754113609337438
2024-02-07 15:00:00+00:00,3.19,-0.01919185370206833,-0.10586568662591346,-1.947402000427246,-0.2077720320847617
2024-02-07 16:00:00+00:00,-1.53,-0.06416256725788116,-1.0264733985172991,-1.9327945709228516,1.9935077651691802
2024-02-07 17:00:00+00:00,-0.38,-0.10311087965965271,-0.6454801528975853,-1.9326927661895752,-2.02873006444088
2024-02-07 18:00:00+00:00,-13.66,-0.14324648678302765,-1.0333035718144161,-1.9246935844421387,0.6187214817017104
2024-02-08 10:00:00+00:00,2.83,-0.18120034039020538,2.6977328901972912,-1.91792893409729,-1.3509803237993434
2024-02-08 11:00:00+00:00,-0.42,-0.2184630036354065,1.5148976857283778,-1.9327516555786133,-1.134462224067877
2024-02-08 12:00:00+00:00,2.72,-0.25765377283096313,1.9327249086067106,-1.9244602918624878,4.493802479217837
2024-02-08 13:00:00+00:00,1.68,-0.31163784861564636,1.7362306316976384,-1.9134653806686401,-1.553161619256451
2024-02-08 14:00:00+00:00,-0.27,-0.36031055450439453,0.2209267192142627,-1.9310706853866577,3.0895263842609038
2024-02-08 15:00:00+00:00,-3.87,-0.4066958725452423,0.3789788168163889,-1.942143201828003,-2.6260413263565474
2024-02-08 16:00:00+00:00,2.07,-0.44866690039634705,0.6368532742739489,-1.9530770778656006,1.3880871239054402
2024-02-08 17:00:00+00:00,-5.85,-0.49655529856681824,0.04938717539988011,-1.9815689325332642,-1.0195169688870034
2024-02-08 18:00:00+00:00,-18.62,-0.5488322377204895,0.16569405941477516,-2.006492853164673,0.004609157298581912
2024-02-09 10:00:00+00:00,9.19,-0.6061279773712158,6.491527498487342,-2.0067591667175293,-2.5068416528359583
2024-02-09 11:00:00+00:00,7.27,-0.6695624589920044,2.6238289858401087,-2.011470317840576,-3.3758338932735534
2024-02-09 12:00:00+00:00,-2.32,-0.7369762063026428,0.02759036605171944,-2.0254859924316406,1.2820679512605833
2024-02-09 13:00:00+00:00,1.78,-0.7968800663948059,0.8300670548700869,-2.040902614593506,-0.8286115485601049
2024-02-09 14:00:00+00:00,-3.87,-0.8465468883514404,-0.18817760710833722,-2.051389694213867,-2.4134315041681558
2024-02-09 15:00:00+00:00,-1.99,-0.8924105763435364,-0.354805474804663,-2.0640270709991455,-0.8553822927504751
2024-02-09 16:00:00+00:00,5.5,-0.9431028962135315,0.3951152807709058,-2.071711301803589,-1.750078815289147
2024-02-09 17:00:00+00:00,3.63,-0.9823572635650635,0.4877135140325841,-2.0911433696746826,1.8559401417494994
2024-02-09 18:00:00+00:00,-6.42,-1.0248178243637085,-0.07150802839384257,-2.0996925830841064,-0.35308885708383475
2024-02-12 10:00:00+00:00,-1.24,-1.0640785694122314,-0.030809254027151387,-2.1029908657073975,-1.573144558019344
2024-02-12 11:00:00+00:00,-0.61,-1.0957770347595215,0.5078610120519591,-2.108807325363159,0.35217608078507673
2024-02-12 12:00:00+00:00,2.47,-1.1310627460479736,0.9291353702168406,-2.120060920715332,-0.7253484973730291
2024-02-12 13:00:00+00:00,-7.86,-1.1674803495407104,-0.06330276857545988,-2.1320066452026367,-2.335865812647813
2024-02-12 14:00:00+00:00,6.37,-1.207536220550537,0.8640123714856585,-2.1401379108428955,1.5459269995152223
2024-02-12 15:00:00+00:00,0.25,-1.2465554475784302,0.25685070103778673,-2.1387429237365723,-1.26800511532068
2024-02-12 16:00:00+00:00,6.84,-1.2661330699920654,1.0906018258356576,-2.147850751876831,0.7136418468231622
2024-02-12 17:00:00+00:00,6.32,-1.2940963506698608,1.2682472233523951,-2.118290901184082,3.0248080434015874
2024-02-12 18:00:00+00:00,7.9,-1.311504602432251,1.2484332217947227,-2.1207339763641357,2.901089199983668
2024-02-13 10:00:00+00:00,-4.37,-1.3331091403961182,-1.0420586282342503,-2.0834434032440186,1.2966454830452463
2024-02-13 11:00:00+00:00,3.27,-1.3576149940490723,0.6870439384788816,-2.062788963317871,-0.8224377430164942
2024-02-13 12:00:00+00:00,-0.47,-1.3652899265289307,-0.06835342070579017,-2.069517135620117,6.423388611428322
2024-02-13 13:00:00+00:00,-6.54,-1.3793588876724243,-0.09284494707094404,-2.069014072418213,0.4342702990467347
2024-02-13 15:00:00+00:00,2.23,-1.3701581954956055,0.2980318521493022,-2.063366174697876,0.2616151203154687
2024-02-13 16:00:00+00:00,1.02,-1.3563108444213867,0.7831186818612319,-2.0536088943481445,-0.01477173174515306
2024-02-13 17:00:00+00:00,3.06,-1.344597339630127,0.820373050432512,-2.076465368270874,0.38368226976735703
2024-02-13 18:00:00+00:00,9.56,-1.3366583585739136,0.6525532372963917,-2.0967001914978027,1.0926734012076702
2024-02-14 10:00:00+00:00,0.66,-1.3302453756332397,-0.1865230764964262,-2.108457326889038,-0.4136162692841011
2024-02-14 11:00:00+00:00,-5.31,-1.3281810283660889,-0.3911808978939793,-2.1432833671569824,-0.5025872012576982
2024-02-14 12:00:00+00:00,0.12,-1.3222503662109375,-0.05220185548064718,-2.1710755825042725,0.021480932630494165
2024-02-14 13:00:00+00:00,-0.38,-1.3174697160720825,-0.2785009157146646,-2.2142539024353027,-0.14501127262551244
2024-02-14 14:00:00+00:00,-5.09,-1.3302972316741943,-0.35890856453837494,-2.242591142654419,-0.4974952906729232
2024-02-14 15:00:00+00:00,4.22,-1.3550680875778198,0.5148116454939505,-2.297477960586548,-0.8349207567857633
2024-02-14 16:00:00+00:00,-1.95,-1.367784023284912,0.10660144681228684,-2.3389039039611816,-0.4545309003397332
2024-02-14 17:00:00+00:00,1.71,-1.3845049142837524,0.4602311555522859,-2.3679258823394775,-1.9276833554121962
2024-02-14 18:00:00+00:00,-13.13,-1.4043214321136475,0.16136658738135035,-2.3750522136688232,-2.2146222425994186
2024-02-15 10:00:00+00:00,-0.93,-1.4005646705627441,0.2190085248576515,-2.3931355476379395,-1.6553550606903056
2024-02-15 11:00:00+00:00,2.67,-1.3976565599441528,0.6909326408581024,-2.404003858566284,-0.0056812945529125525
2024-02-15 12:00:00+00:00,3.85,-1.3961409330368042,1.4313711818162869,-2.4306774139404297,-1.930243404130509
2024-02-15 13:00:00+00:00,9.85,-1.385197401046753,1.36436230303062,-2.463543176651001,-1.6251428681209283
2024-02-15 14:00:00+00:00,-0.96,-1.3748880624771118,1.0530635945472477,-2.461726188659668,-0.2000308497162291
2024-02-15 15:00:00+00:00,2.58,-1.3667901754379272,1.3089367586687488,-2.480473518371582,0.3307902793992837
2024-02-15 16:00:00+00:00,1.28,-1.357810616493225,1.1594777602467543,-2.4932782649993896,1.7388188637121194
2024-02-15 17:00:00+00:00,2.28,-1.342055320739746,1.2482445473271002,-2.508089065551758,1.5151281740169773
2024-02-15 18:00:00+00:00,7.42,-1.3399088382720947,1.4459329232706857,-2.5069353580474854,3.6980590428871656
2024-02-16 10:00:00+00:00,-4.21,-1.3417447805404663,-1.2777402312600308,-2.5075738430023193,1.2799731759021369
2024-02-16 11:00:00+00:00,1.93,-1.329947590827942,0.2872900254568376,-2.5004525184631348,-1.3442096901239011
2024-02-16 12:00:00+00:00,-2.99,-1.3102999925613403,-1.905047687397635,-2.485457181930542,0.7714734296235364
2024-02-16 13:00:00+00:00,-16.21,-1.2838993072509766,-2.4197301735130523,-2.4846675395965576,-1.7160347681123649
2024-02-16 14:00:00+00:00,-6.66,-1.2525887489318848,-1.4446884086396983,-2.4754741191864014,0.45493678772953305
2024-02-16 15:00:00+00:00,-1.22,-1.2217282056808472,-0.6030060272896933,-2.480069637298584,-5.463526773090884
2024-02-16 16:00:00+00:00,2.53,-1.1840388774871826,0.33847604891744865,-2.465871572494507,-1.8722965792329629
2024-02-16 17:00:00+00:00,-3.74,-1.13697350025177,-1.2288488474975,-2.46148681640625,-1.8966783127947604
2024-02-16 18:00:00+00:00,-0.78,-1.1329540014266968,-0.8309579323777089,-2.4297709465026855,-0.9138550887745711
2024-02-19 10:00:00+00:00,-0.24,-1.1128398180007935,0.16553968645441583,-2.4111499786376953,-2.7330417726391474
2024-02-19 11:00:00+00:00,6.09,-1.100472331047058,0.8867142641986193,-2.426957607269287,-2.5567030885614215
2024-02-19 12:00:00+00:00,-1.59,-1.077566385269165,-0.2513235855974827,-2.4125099182128906,-2.0677877762267465
2024-02-19 13:00:00+00:00,2.99,-1.0580991506576538,1.1420541286751462,-2.41664719581604,-3.187086899783891
2024-02-19 14:00:00+00:00,3.43,-1.034670114517212,1.5422467263174144,-2.3979499340057373,1.8803079679162518
2024-02-19 15:00:00+00:00,-1.73,-1.0069713592529297,-0.6149819212858735,-2.39662766456604,-4.035373481707289
2024-02-19 16:00:00+00:00,-0.76,-0.9753257632255554,-0.6487452879349994,-2.3830409049987793,-2.558830122655469
2024-02-19 17:00:00+00:00,-5.33,-0.9513386487960815,-1.6934699173498198,-2.3757359981536865,0.9962945418783716
2024-02-19 18:00:00+00:00,-16.6,-0.9147070646286011,-1.905910081727355,-2.375358819961548,-0.6231574611407077
2024-02-20 10:00:00+00:00,-11.73,-0.8755546808242798,-0.9293891601397406,-2.3658223152160645,-3.272744143767932
2024-02-20 11:00:00+00:00,0.56,-0.8443353176116943,0.6441643727318342,-2.3733270168304443,-5.695937220731785
2024-02-20 12:00:00+00:00,7.0,-0.8158516883850098,1.9750848031918258,-2.352104663848877,-4.568143457001599
2024-02-20 13:00:00+00:00,-0.81,-0.7860790491104126,-1.0266850239894765,-2.325955629348755,1.0065866194699837
2024-02-20 14:00:00+00:00,-0.81,-0.7547311186790466,-0.6056958736437307,-2.309239149093628,0.6078369486125033
2024-02-20 15:00:00+00:00,-0.38,-0.7184141874313354,-0.7775942210046263,-2.282927989959717,-1.8697175700747655
2024-02-20 16:00:00+00:00,-3.44,-0.6793394684791565,-2.5872872338383024,-2.276212215423584,-1.1005429790475265
2024-02-20 17:00:00+00:00,-10.86,-0.644830584526062,-4.097609412895267,-2.259707450866699,-4.089640638666873
2024-02-20 18:00:00+00:00,-27.7,-0.6171843409538269,-2.5393345164745913,-2.2294023036956787,-0.18363005322963155
2024-02-21 10:00:00+00:00,-13.5,-0.573472797870636,-6.53977444498229,-2.210753917694092,3.27159068442137
2024-02-21 11:00:00+00:00,-7.6,-0.5355491042137146,-6.2689369822460925,-2.191282272338867,-1.9170017444613303
2024-02-21 12:00:00+00:00,-6.85,-0.49664974212646484,-6.549216668347315,-2.1590723991394043,-2.987257889080114
2024-02-21 13:00:00+00:00,-10.37,-0.46848076581954956,-6.429084886827354,-2.143556594848633,-0.9353118549763851
2024-02-21 14:00:00+00:00,18.59,-0.4356468617916107,6.438351214044852,-2.1291587352752686,1.8479764013962219
2024-02-21 15:00:00+00:00,8.74,-0.4172881543636322,1.1015233842953018,-2.114668130874634,0.6864554750000476
2024-02-21 16:00:00+00:00,-14.48,-0.3922792971134186,-3.861311094141297,-2.130241632461548,1.3758510442628122
2024-02-21 17:00:00+00:00,-14.82,-0.3713201880455017,-4.448990206203377,-2.1558518409729004,0.7717703652164208
2024-02-21 18:00:00+00:00,12.47,-0.3573509454727173,1.8871356384844382,-2.161750555038452,2.445500870652483
2024-02-22 10:00:00+00:00,4.42,-0.34499675035476685,2.4620460727836484,-2.148090124130249,-1.4983361213119073
2024-02-22 11:00:00+00:00,-1.7,-0.32630348205566406,0.1337660325291324,-2.172170639038086,0.967821762862732
2024-02-22 12:00:00+00:00,6.69,-0.30434367060661316,1.3489938675199806,-2.1751246452331543,-0.014971665521906019
2024-02-22 13:00:00+00:00,1.77,-0.2808530032634735,0.49444215061360997,-2.176220655441284,-1.1644965740441326
2024-02-22 14:00:00+00:00,-8.85,-0.2605009078979492,-2.4648512944539354,-2.1910181045532227,-2.5336419993068997
2024-02-22 15:00:00+00:00,-8.0,-0.2428942620754242,-2.3077016838507585,-2.2073588371276855,-2.6830407205778197
2024-02-22 16:00:00+00:00,1.95,-0.22491955757141113,1.2897589739235913,-2.236072301864624,2.1361354228877616
2024-02-22 17:00:00+00:00,-5.95,-0.21925756335258484,-0.4996557158413797,-2.251572608947754,0.8023536629603127
2024-02-22 18:00:00+00:00,55.64,-0.20181314647197723,11.773336081782649,-2.2675907611846924,2.859217477349016
2024-02-26 10:00:00+00:00,3.62,-0.18656986951828003,2.870256769290773,-2.276127576828003,-2.4654255021229234
2024-02-26 11:00:00+00:00,10.17,-0.1707337647676468,3.3496024024654427,-2.281026601791382,-0.7838875026590273
2024-02-26 12:00:00+00:00,-3.79,-0.16410978138446808,-2.2845369642030677,-2.2762553691864014,-3.2271283918971476
2024-02-26 13:00:00+00:00,-3.16,-0.17250630259513855,-2.996475674690883,-2.260782480239868,0.4762917364819107
2024-02-26 14:00:00+00:00,1.91,-0.1789567917585373,1.846142604136998,-2.255955696105957,-0.37788930703646406
2024-02-26 15:00:00+00:00,-5.37,-0.18943451344966888,-1.1331948595428625,-2.2416739463806152,-3.447919794994449
2024-02-26 16:00:00+00:00,6.24,-0.1928558349609375,3.5049330752012953,-2.2261922359466553,-1.3798217677920048
2024-02-26 17:00:00+00:00,5.61,-0.20440568029880524,1.9322475174573255,-2.21926212310791,-1.8595144598560784
2024-02-26 18:00:00+00:00,10.22,-0.21746331453323364,2.1501210766000467,-2.222212553024292,-5.097081778720041
2024-02-27 10:00:00+00:00,-9.76,-0.23505933582782745,-5.019978892139292,-2.2113401889801025,0.11433495312775743
2024-02-27 11:00:00+00:00,-3.88,-0.2593649625778198,-2.5233326336545234,-2.2019782066345215,-2.1053518659401047
2024-02-27 12:00:00+00:00,2.13,-0.2746625244617462,-0.6854672567633304,-2.204468250274658,0.3591586336892678
2024-02-27 13:00:00+00:00,-7.23,-0.2844218909740448,-1.2161532050924118,-2.2078607082366943,0.42190052619390384
2024-02-27 14:00:00+00:00,6.35,-0.2834032475948334,1.4272254818142387,-2.2186238765716553,-2.97622022304825
2024-02-27 15:00:00+00:00,-1.85,-0.2811843454837799,-0.18719898696312776,-2.2342302799224854,-0.27782272161593835
2024-02-27 16:00:00+00:00,-1.53,-0.27771130204200745,-0.14745432859806012,-2.2557578086853027,0.2876350251253482
2024-02-27 17:00:00+00:00,1.37,-0.2826778292655945,0.9063477189887835,-2.2479324340820312,-1.540847077934203
2024-02-27 18:00:00+00:00,23.23,-0.27645769715309143,2.488195593515245,-2.2292556762695312,-3.2825951786458423
2024-02-28 10:00:00+00:00,3.92,-0.2669501304626465,0.46057745775189884,-2.2227530479431152,-0.06519173071505546
2024-02-28 11:00:00+00:00,-5.0,-0.2605602443218231,-3.095719436491135,-2.1947240829467773,2.008825938169762
2024-02-28 12:00:00+00:00,-6.41,-0.25079116225242615,-1.9280481309344792,-2.181889772415161,-1.3697721658704598
2024-02-28 13:00:00+00:00,1.03,-0.2358894795179367,0.6249043755696485,-2.161442995071411,-5.693700081180119
2024-02-28 14:00:00+00:00,4.27,-0.22811554372310638,1.360366162571824,-2.169173240661621,-3.8271134171007093
2024-02-28 15:00:00+00:00,-4.07,-0.2193785011768341,-0.31535833052251694,-2.174304962158203,4.834884778846434
2024-02-28 16:00:00+00:00,-1.54,-0.21183739602565765,0.2404715096479606,-2.1815102100372314,0.7565575817245163
2024-02-28 17:00:00+00:00,2.63,-0.21741771697998047,0.8983033216695716,-2.1806204319000244,-2.835770761765083
2024-02-28 18:00:00+00:00,-2.32,-0.22943249344825745,-0.011648797506457201,-2.179112434387207,0.4754578310365327
2024-02-29 10:00:00+00:00,5.86,-0.2364329695701599,1.5963077991691574,-2.1776764392852783,2.373717527143927
2024-02-29 11:00:00+00:00,3.55,-0.24822206795215607,2.3928401561824915,-2.1773595809936523,1.0031511936338342
2024-02-29 12:00:00+00:00,10.48,-0.2609182298183441,2.4753074574836633,-2.202350616455078,1.5619863106388263
2024-02-29 13:00:00+00:00,-3.82,-0.26972687244415283,0.3555961006497308,-2.1969356536865234,-0.31845722977422997
2024-02-29 14:00:00+00:00,0.14,-0.2779785692691803,0.3590003384844369,-2.188554525375366,-3.419205330414261
2024-02-29 15:00:00+00:00,0.78,-0.2868214249610901,0.9154647012956691,-2.196174383163452,1.404708079235501
2024-02-29 16:00:00+00:00,5.43,-0.2986615300178528,2.356292397230926,-2.1995275020599365,0.8413811089710022
2024-02-29 17:00:00+00:00,9.65,-0.3153800666332245,1.8020590647238641,-2.1995065212249756,4.926351569091767
2024-02-29 18:00:00+00:00,0.68,-0.33719003200531006,0.6441573984615131,-2.1947226524353027,-1.3034304968799313
2024-03-01 10:00:00+00:00,-1.8,-0.34555864334106445,-0.05222035057075275,-2.1998116970062256,1.5011739034994478
2024-03-01 11:00:00+00:00,-0.45,-0.35594049096107483,1.1321204138624648,-2.2280232906341553,2.6863495963007784
2024-03-01 12:00:00+00:00,0.84,-0.36887744069099426,0.8762351579257786,-2.242762327194214,-1.8396665487464583
2024-03-01 13:00:00+00:00,1.63,-0.37898775935173035,1.5020389394131624,-2.234733819961548,1.3304117522837076
2024-03-01 14:00:00+00:00,4.02,-0.3957303762435913,1.9945480525362416,-2.2270517349243164,-0.4204917457357966
2024-03-01 15:00:00+00:00,4.83,-0.41828685998916626,2.2106782411402035,-2.199233293533325,4.579721265241997
2024-03-01 16:00:00+00:00,0.23,-0.45296454429626465,0.700803769087421,-2.1871635913848877,0.7343687042538503
2024-03-01 17:00:00+00:00,-0.12,-0.46662116050720215,0.6089454041246959,-2.207608938217163,0.1907947613737332
2024-03-01 18:00:00+00:00,14.24,-0.47384509444236755,1.0946795506756892,-2.189180850982666,0.7690158046566353
2024-03-04 10:00:00+00:00,7.5,-0.4765884280204773,2.5046047487935925,-2.1551129817962646,-0.8619645830400962
2024-03-04 11:00:00+00:00,3.61,-0.4764433205127716,1.622714373663483,-2.1335761547088623,4.146257577240469
2024-03-04 12:00:00+00:00,1.1,-0.48008400201797485,1.0563035553049969,-2.140129566192627,2.9937529352480348
2024-03-04 13:00:00+00:00,2.13,-0.48272451758384705,1.448264011247424,-2.1384594440460205,2.066383007605335
2024-03-04 14:00:00+00:00,1.0,-0.48354238271713257,1.0775379716895968,-2.1283717155456543,-0.26998248034093186
2024-03-04 15:00:00+00:00,-0.46,-0.4924575984477997,-0.12076635852985415,-2.1054275035858154,3.814517842677616
2024-03-04 16:00:00+00:00,0.59,-0.5075739026069641,0.5851302115691118,-2.0940945148468018,5.130508502924833
2024-03-04 17:00:00+00:00,0.38,-0.5205267071723938,0.3735043929504103,-2.0788142681121826,-2.1831198485934666
2024-03-04 18:00:00+00:00,-9.69,-0.5342394113540649,-1.039319927169455,-2.0645945072174072,-0.6180545056024278
2024-03-05 10:00:00+00:00,10.73,-0.5463460087776184,3.1902968094705257,-2.0419421195983887,0.2361132904435017
2024-03-05 11:00:00+00:00,3.16,-0.5507391095161438,2.31991337555624,-2.0242252349853516,-0.09597763846760354
2024-03-05 12:00:00+00:00,3.91,-0.531487762928009,2.265656989158213,-2.009701728820801,2.473761044677093
2024-03-05 13:00:00+00:00,-4.95,-0.5115079283714294,1.1312001610135478,-1.9872007369995117,1.0117405161382123
2024-03-05 14:00:00+00:00,3.52,-0.5002210736274719,2.367654692303904,-1.9821350574493408,2.5667349934715684
2024-03-05 15:00:00+00:00,4.38,-0.49371540546417236,2.2679568947841293,-1.9848569631576538,0.9390301061729556
2024-03-05 16:00:00+00:00,-2.58,-0.49717792868614197,-1.5041283441656024,-1.999638319015503,3.7285112289453832
2024-03-05 17:00:00+00:00,-4.34,-0.46408218145370483,0.0641997114409099,-2.0051679611206055,5.936711130495608
2024-03-05 18:00:00+00:00,-3.27,-0.43813851475715637,0.5098599626039156,-2.0070481300354004,-1.0430572114281256
2024-03-06 10:00:00+00:00,1.01,-0.40227386355400085,1.0657223126702686,-2.002309799194336,-3.940212632777123
2024-03-06 11:00:00+00:00,3.21,-0.3796081244945526,1.862216815509469,-2.0156893730163574,-0.11375289093424357
2024-03-06 12:00:00+00:00,8.24,-0.361577570438385,1.979880676616141,-2.0304267406463623,3.07547346909148
2024-03-06 13:00:00+00:00,3.46,-0.33715906739234924,0.5770355156545032,-2.041388750076294,1.5206835101528695
2024-03-06 14:00:00+00:00,-0.68,-0.30412226915359497,-0.7592260657935762,-2.0547332763671875,4.7755377350087915
2024-03-06 15:00:00+00:00,-1.94,-0.2598501145839691,-0.24244684618438678,-2.073402166366577,1.5943183369191853
2024-03-06 16:00:00+00:00,0.63,-0.2118290513753891,0.7118077056813069,-2.0850133895874023,-0.09165234232742026
2024-03-06 17:00:00+00:00,-0.97,-0.16064231097698212,0.2375212805811041,-2.1099929809570312,-1.2168736963817803
2024-03-06 18:00:00+00:00,3.87,-0.12916694581508636,0.7919043514017016,-2.1165554523468018,-0.9324586367438039
2024-03-07 10:00:00+00:00,-8.25,-0.09750460833311081,-0.6595717379564368,-2.1293866634368896,1.9621891834241483
2024-03-07 11:00:00+00:00,-0.3,-0.06663424521684647,0.9921476521607862,-2.1504058837890625,-2.092815272038145
2024-03-07 12:00:00+00:00,2.38,-0.0566374696791172,1.2319697055603795,-2.142723798751831,-1.8781725672651208
2024-03-07 13:00:00+00:00,3.12,-0.05619433522224426,1.6086584915878854,-2.159731864929199,-1.3566024221876773
2024-03-07 14:00:00+00:00,1.86,-0.0758419781923294,1.9018288654427882,-2.1698460578918457,2.5619493071085744
2024-03-07 15:00:00+00:00,2.68,-0.08840418606996536,1.1945481135713374,-2.174835205078125,2.7205391802975702
2024-03-07 16:00:00+00:00,-2.2,-0.09764505922794342,-0.4221722196747332,-2.1793746948242188,-0.3043922579371535
2024-03-07 17:00:00+00:00,1.94,-0.08755801618099213,1.2896958724308867,-2.213590621948242,0.22623020680905032
2024-03-07 18:00:00+00:00,18.88,-0.08715058118104935,0.8150486151570043,-2.2389681339263916,0.9262778981428942
2024-03-11 10:00:00+00:00,-7.26,-0.0788179561495781,-1.3783493065486063,-2.2425074577331543,2.994166482764608
2024-03-11 11:00:00+00:00,2.16,-0.06972357630729675,0.44507729793171447,-2.2213075160980225,1.62301461077087
2024-03-11 12:00:00+00:00,0.14,-0.053618643432855606,-0.030056058123538718,-2.2138302326202393,-4.492056611259944
2024-03-11 13:00:00+00:00,2.4,-0.03398894891142845,-0.005493930172011715,-2.235502243041992,1.2644019005472855
2024-03-11 14:00:00+00:00,-3.14,-0.014995942823588848,-0.5142697886743007,-2.2393178939819336,1.4469146106108144
2024-03-11 15:00:00+00:00,-2.96,0.005570201203227043,-0.8750213940634505,-2.2246618270874023,0.14221928884299534
2024-03-11 16:00:00+00:00,-2.79,0.02583896741271019,-0.46212893499241403,-2.2320120334625244,1.6212943758962353
2024-03-11 17:00:00+00:00,-2.8,0.03834166005253792,-0.6846888434336925,-2.246164083480835,-1.588751588729509
2024-03-11 18:00:00+00:00,-7.84,0.05107306316494942,-1.6334386897282118,-2.26120662689209,-1.4574131605086023
2024-03-12 10:00:00+00:00,6.13,0.05532791465520859,1.575814358503123,-2.289555788040161,-3.5267085993772582
2024-03-12 11:00:00+00:00,-3.1,0.05957745015621185,-0.2996440439987704,-2.3240442276000977,-1.0270999796990827
2024-03-12 12:00:00+00:00,3.86,0.06536213308572769,1.2101288922036904,-2.3403894901275635,0.2681111477472019
2024-03-12 13:00:00+00:00,3.79,0.07294957339763641,1.261776609221709,-2.3766884803771973,1.0258149084037544
2024-03-12 14:00:00+00:00,2.43,0.07445807009935379,0.3082534972728551,-2.412163019180298,-2.473750620009999
2024-03-12 15:00:00+00:00,0.35,0.0846361294388771,0.39569598419430285,-2.4553143978118896,0.6560703747904725
2024-03-12 16:00:00+00:00,3.72,0.09783869236707687,1.3547895681299391,-2.471781015396118,5.223667601076348
2024-03-12 17:00:00+00:00,2.95,0.10117613524198532,0.854343305703134,-2.4820446968078613,-2.1745493035491696
2024-03-12 18:00:00+00:00,3.23,0.10775480419397354,0.3015170835937873,-2.495731830596924,2.1306660729867897
2024-03-13 10:00:00+00:00,-1.41,0.10179076343774796,0.39981105965537256,-2.492340087890625,0.690576665435462
2024-03-13 11:00:00+00:00,-5.22,0.08609931170940399,-0.7211648485288095,-2.5045440196990967,-0.29631540056553474
2024-03-13 12:00:00+00:00,0.03,0.06647574156522751,0.26087434305680923,-2.5142736434936523,1.934309090319444
2024-03-13 13:00:00+00:00,0.46,0.04855496436357498,0.43026341708269417,-2.5541903972625732,-1.5987258898812466
2024-03-13 14:00:00+00:00,-0.67,0.03547775000333786,0.056237254291238645,-2.582066297531128,-1.455515802941263
2024-03-13 15:00:00+00:00,-2.25,0.023402445018291473,-0.26167719238548875,-2.6009926795959473,1.1488487231482822
2024-03-13 16:00:00+00:00,-0.8,0.0064909011125564575,-0.36240510021200273,-2.6241486072540283,-3.0446815725744
2024-03-13 17:00:00+00:00,-5.29,-0.019503308460116386,-1.2154863584172813,-2.628450870513916,1.6869033235611028
2024-03-13 18:00:00+00:00,-21.97,-0.04257235303521156,-2.6833037937442237,-2.6535863876342773,-1.5779084707089144
2024-03-14 10:00:00+00:00,2.25,-0.0667496994137764,2.9787100655300334,-2.6720592975616455,-1.759628922512646
2024-03-14 11:00:00+00:00,5.68,-0.0924130231142044,4.457194161273188,-2.7059197425842285,-0.7958433713496544
2024-03-14 12:00:00+00:00,-5.73,-0.11652425676584244,-0.25837049113899496,-2.725745916366577,-1.008520907950828
2024-03-14 13:00:00+00:00,2.25,-0.14047756791114807,0.7788725661381872,-2.7627406120300293,-0.5050963032068287
2024-03-14 14:00:00+00:00,-13.62,-0.1628478467464447,-1.2671000092877376,-2.7997546195983887,-3.198820885634171
2024-03-14 15:00:00+00:00,5.42,-0.1743050366640091,3.4089523282723975,-2.8072667121887207,-2.375263150457916
2024-03-14 16:00:00+00:00,2.38,-0.18569384515285492,1.8836619925823592,-2.825029134750366,-1.1473541140185461
2024-03-14 17:00:00+00:00,-0.34,-0.21260766685009003,0.4301235939671099,-2.814234495162964,0.8249157850731526
2024-03-14 18:00:00+00:00,-0.7,-0.23380517959594727,0.5515818879488638,-2.8227438926696777,-2.6074407155720385
2024-03-15 10:00:00+00:00,2.42,-0.2549283802509308,1.3583664726778564,-2.8467721939086914,1.158431857895662
2024-03-15 11:00:00+00:00,1.61,-0.2678017020225525,1.6570935314993374,-2.8772006034851074,-1.8350359817875481
2024-03-15 12:00:00+00:00,4.63,-0.2832604944705963,1.4829964975749237,-2.8944599628448486,-2.259260878282374
2024-03-15 13:00:00+00:00,7.35,-0.29292482137680054,0.3388841778927371,-2.913473129272461,-2.5039627999007434
2024-03-15 14:00:00+00:00,-2.5,-0.29655882716178894,-0.7991120556720084,-2.9516797065734863,0.874033844079438
2024-03-15 15:00:00+00:00,-7.75,-0.3079565167427063,-1.449424915131095,-2.9686086177825928,0.6274656427098863
2024-03-15 16:00:00+00:00,6.72,-0.3223192095756531,-0.2978088202518876,-2.942776918411255,-1.9903496971680426
2024-03-15 17:00:00+00:00,-8.71,-0.3376207947731018,-0.8756156550189105,-2.9026901721954346,0.6057787920736601
2024-03-15 18:00:00+00:00,-2.28,-0.3581937253475189,-0.03517851022394852,-2.8757500648498535,-1.9090710902694368
2024-03-18 10:00:00+00:00,-3.41,-0.38630160689353943,-0.6137178054598336,-2.870042324066162,-1.4850490512451415
2024-03-18 11:00:00+00:00,3.67,-0.4114876389503479,0.672315454345255,-2.8815581798553467,-4.641995380099804
2024-03-18 12:00:00+00:00,2.6,-0.4282934367656708,1.0882746091268816,-2.9092047214508057,-1.346576450119571
2024-03-18 13:00:00+00:00,2.87,-0.439105361700058,0.6183721891239715,-2.9118306636810303,1.8695415121924552
2024-03-18 14:00:00+00:00,-1.91,-0.4469817578792572,-0.19020673282343614,-2.895714282989502,0.9636095726039703
2024-03-18 15:00:00+00:00,-2.0,-0.4507647156715393,-0.20476512587481505,-2.87178897857666,-1.3819974323724167
2024-03-18 16:00:00+00:00,1.54,-0.456627756357193,0.4648625383662912,-2.8423140048980713,-5.038987621258634
2024-03-18 17:00:00+00:00,-4.85,-0.4512772560119629,-0.5565047995417245,-2.8321826457977295,0.9513388042292676
2024-03-18 18:00:00+00:00,1.59,-0.4480237662792206,0.8743309055046966,-2.7905802726745605,-3.0094803397471686
2024-03-19 10:00:00+00:00,4.31,-0.4396892189979553,0.6411957787330256,-2.7461180686950684,-0.9381695918669397
2024-03-19 11:00:00+00:00,-3.55,-0.4413563907146454,-0.27585081226993075,-2.711850881576538,-1.2598552727039636
2024-03-19 12:00:00+00:00,3.69,-0.44581303000450134,0.6909659838133695,-2.6966216564178467,-1.5632950580178346
2024-03-19 13:00:00+00:00,-10.55,-0.4427545368671417,-0.18628211707214176,-2.688999652862549,-0.6018435446369621
2024-03-19 14:00:00+00:00,0.32,-0.43177929520606995,0.17973369732685907,-2.676982879638672,-2.828677768728852
2024-03-19 15:00:00+00:00,-4.39,-0.42458590865135193,-1.367918012580297,-2.6539559364318848,0.4472870360505808
2024-03-19 16:00:00+00:00,-23.54,-0.41467568278312683,-3.3231965108843315,-2.6399669647216797,-3.6558331642499624
2024-03-19 17:00:00+00:00,0.79,-0.4178541600704193,0.4966863046383916,-2.6075682640075684,-2.029754392830774
2024-03-19 18:00:00+00:00,10.72,-0.4288135766983032,2.8932836497144807,-2.5682411193847656,-0.4104558416689271
2024-03-20 10:00:00+00:00,-1.17,-0.4282986521720886,0.683671645030856,-2.513237476348877,0.6974886691623281
2024-03-20 11:00:00+00:00,6.31,-0.4290737807750702,1.2921620149173376,-2.475405216217041,-2.285335715619051
2024-03-20 12:00:00+00:00,1.98,-0.42680078744888306,1.0477057831148235,-2.439798355102539,-1.1320337283539539
2024-03-20 13:00:00+00:00,-12.71,-0.41998323798179626,-0.5252026994847478,-2.3964247703552246,-2.6186694875827357
2024-03-20 14:00:00+00:00,-3.82,-0.41511642932891846,-0.19162253748131397,-2.3639848232269287,-1.199917317107776
2024-03-20 15:00:00+00:00,5.91,-0.4116414785385132,2.6515238891361723,-2.3191030025482178,-1.5671847073515357
2024-03-20 16:00:00+00:00,1.22,-0.3980065584182739,1.4211802902597939,-2.27565598487854,-0.9781464074112518
2024-03-20 17:00:00+00:00,-6.31,-0.3936777412891388,0.3089887024352422,-2.2187142372131348,-3.1809544385319857
2024-03-20 18:00:00+00:00,24.09,-0.38941025733947754,2.1059459456471044,-2.1781840324401855,-0.8055585798404197
2024-03-21 10:00:00+00:00,-7.08,-0.3856877386569977,0.5809475928046068,-2.14473032951355,1.6305203139675892
2024-03-21 11:00:00+00:00,-0.69,-0.38587725162506104,-0.217714712309809,-2.119572401046753,0.30217587375587746
2024-03-21 12:00:00+00:00,-3.48,-0.3851824998855591,-1.0437421110824048,-2.083083391189575,-0.2453009940183387
2024-03-21 13:00:00+00:00,-0.25,-0.3815281093120575,-0.6947798602803019,-2.0648653507232666,-0.5044755615924379
2024-03-21 14:00:00+00:00,-12.88,-0.37759846448898315,-1.0393094713271687,-2.0701804161071777,-2.228105910569008
2024-03-21 15:00:00+00:00,5.46,-0.358718603849411,1.8519401149019208,-2.057191848754883,-1.9580624584419586
2024-03-21 16:00:00+00:00,7.75,-0.3369622230529785,1.838053116555202,-2.058839797973633,-0.8343319442129931
2024-03-21 17:00:00+00:00,6.67,-0.32030174136161804,1.7989646788252995,-2.0332224369049072,-0.8092430857862853
2024-03-21 18:00:00+00:00,3.49,-0.28860607743263245,1.0076608812833114,-2.002454996109009,-0.5543193974319884
2024-03-22 10:00:00+00:00,6.24,-0.2611132562160492,1.5119735018341725,-1.9717191457748413,3.991951608288064
2024-03-22 11:00:00+00:00,-11.76,-0.23338475823402405,-1.9969353273799162,-1.9492641687393188,1.2226774876420472
2024-03-22 12:00:00+00:00,4.14,-0.2029143124818802,0.23800717619597517,-1.9273614883422852,-3.2842488861294514
2024-03-22 13:00:00+00:00,-9.66,-0.1771889179944992,-0.6589330744531825,-1.9047435522079468,1.300685552289694
2024-03-22 14:00:00+00:00,-4.44,-0.15117144584655762,-1.1197759490775858,-1.8679389953613281,-1.5965827905517354
2024-03-22 15:00:00+00:00,-4.83,-0.13198360800743103,-1.6297964574919095,-1.8435112237930298,-6.17586938674509
2024-03-22 16:00:00+00:00,-4.14,-0.11814051866531372,-1.2817806863264174,-1.799599528312683,-1.2818781656281386
2024-03-22 17:00:00+00:00,7.76,-0.1034897118806839,1.1415452335906353,-1.7870261669158936,0.6544847738187441
2024-03-22 18:00:00+00:00,-20.67,-0.08002156764268875,-0.45583671582565516,-1.7987561225891113,-1.7077187794766484
2024-03-25 10:00:00+00:00,-0.96,-0.051593948155641556,0.41688649057865873,-1.7971436977386475,-5.165732713852834
2024-03-25 11:00:00+00:00,-12.24,-0.023353107273578644,-1.3546043194165955,-1.7921369075775146,-1.7435512501462798
2024-03-25 12:00:00+00:00,6.12,0.0069708451628685,3.5667503059439083,-1.7770460844039917,-2.6360332164295186
2024-03-25 13:00:00+00:00,3.42,0.03517506271600723,2.4111805595447358,-1.7608928680419922,0.1631039415991542
2024-03-25 14:00:00+00:00,5.16,0.06519650667905807,1.4344431990022832,-1.750982642173767,-6.4368713308193
2024-03-25 15:00:00+00:00,15.19,0.09200319647789001,3.1894143933552743,-1.7418588399887085,-1.6021034863120769
2024-03-25 16:00:00+00:00,5.3,0.11895912885665894,2.2156342246553753,-1.7213635444641113,1.5554369444165894
2024-03-25 17:00:00+00:00,6.82,0.13550187647342682,1.4654048845209127,-1.7236381769180298,3.7804382806620156
2024-03-25 18:00:00+00:00,0.29,0.1485670953989029,0.2843173285338269,-1.7187538146972656,3.4362802259755245
2024-03-26 10:00:00+00:00,2.72,0.15705226361751556,1.2118944061958015,-1.704378604888916,0.18168628577319507
2024-03-26 11:00:00+00:00,1.48,0.16419190168380737,1.0950435104838927,-1.6817378997802734,-0.04154282425283162
2024-03-26 12:00:00+00:00,-7.17,0.18113072216510773,-1.5085601722368234,-1.686180591583252,-0.7111419865882005
2024-03-26 13:00:00+00:00,1.12,0.20415225625038147,0.8623725415258443,-1.691328763961792,1.7909509144791602
2024-03-26 14:00:00+00:00,3.97,0.22297093272209167,1.6786191343619001,-1.6775200366973877,-1.7182420145382475
2024-03-26 15:00:00+00:00,-2.33,0.24923907220363617,1.0229369245959747,-1.6835485696792603,-0.5694113752763037
2024-03-26 16:00:00+00:00,4.79,0.2617395520210266,1.760008305214136,-1.6682255268096924,-1.4941008171791197
2024-03-26 17:00:00+00:00,-0.96,0.26153409481048584,0.3619120801577669,-1.6607885360717773,0.9425539733642991
2024-03-26 18:00:00+00:00,5.64,0.2662474811077118,1.2343883788197823,-1.6406546831130981,-1.9970922435728367
2024-03-27 10:00:00+00:00,-3.49,0.26668694615364075,-0.8744720957442536,-1.6293792724609375,0.7552428533615313
2024-03-27 11:00:00+00:00,-2.24,0.2632279098033905,-0.24901975593406245,-1.6393051147460938,-3.647802040741288
2024-03-27 12:00:00+00:00,-1.53,0.26213690638542175,-0.3547293035220611,-1.6360852718353271,-3.53017338715558
2024-03-27 13:00:00+00:00,-1.62,0.2552756071090698,-0.4805795738740193,-1.6263123750686646,0.3136359485504536
2024-03-27 14:00:00+00:00,0.42,0.24856851994991302,0.9243665025923443,-1.6046152114868164,-2.0029187105515396
2024-03-27 15:00:00+00:00,8.11,0.24506627023220062,1.7344400329856962,-1.6104437112808228,-0.2714957575412893
2024-03-27 16:00:00+00:00,4.67,0.2391611784696579,1.420551104845441,-1.6021262407302856,2.4923998471548066
2024-03-27 17:00:00+00:00,8.59,0.2391912192106247,1.7519373782017644,-1.6105923652648926,1.589474555231519
2024-03-27 18:00:00+00:00,1.28,0.24038659036159515,0.4448242476818424,-1.6114670038223267,1.3206039697815537
2024-03-28 10:00:00+00:00,3.37,0.23801708221435547,1.2190423269287622,-1.5993268489837646,-2.4899789305611586
2024-03-28 11:00:00+00:00,-1.78,0.23927544057369232,0.5369687811142222,-1.5815808773040771,1.9982192214149865
2024-03-28 12:00:00+00:00,-1.88,0.23344984650611877,0.6817004746458016,-1.5734703540802002,1.8274359372629119
2024-03-28 13:00:00+00:00,2.21,0.2450578361749649,1.026894477670735,-1.5919333696365356,0.10170835112130039
2024-03-28 14:00:00+00:00,-1.7,0.23638810217380524,0.5415245206735874,-1.5874987840652466,3.832366324780554
2024-03-28 15:00:00+00:00,0.42,0.24844326078891754,0.8003809420955227,-1.6156833171844482,-0.26913291447255117
2024-03-28 16:00:00+00:00,1.3,0.26162347197532654,1.3967274510786207,-1.6466436386108398,2.5354903806494944
2024-03-28 17:00:00+00:00,5.46,0.2831716537475586,1.7405577901665263,-1.677180528640747,-3.0055005966258244
2024-03-28 18:00:00+00:00,-4.51,0.29528430104255676,0.4131309745851779,-1.6761540174484253,2.3140450463629856
2024-03-29 10:00:00+00:00,0.91,0.3052142560482025,0.9814397254300316,-1.6776031255722046,-0.7465820294828684
2024-03-29 11:00:00+00:00,3.87,0.31326982378959656,1.7898924582569582,-1.664374589920044,1.5894368680987383
2024-03-29 12:00:00+00:00,2.73,0.31563639640808105,1.1952612115801973,-1.6588822603225708,3.1613365175597603
2024-03-29 13:00:00+00:00,1.52,0.31360602378845215,1.3385189820972214,-1.6508182287216187,-0.5246921407668365
2024-03-29 14:00:00+00:00,5.0,0.3002789318561554,1.15320819984723,-1.6389000415802002,4.026772956506295
2024-03-29 15:00:00+00:00,0.19,0.28105083107948303,0.172157879513844,-1.6134965419769287,1.227479655186074
2024-03-29 16:00:00+00:00,1.62,0.26315248012542725,1.2789056089689312,-1.5953071117401123,2.791275968930515
2024-03-29 17:00:00+00:00,8.43,0.2785143256187439,2.4993144821023305,-1.620099663734436,1.0278996001832619
2024-03-29 18:00:00+00:00,27.13,0.2844230532646179,0.02029667933041958,-1.6205623149871826,0.7490789805829698
2024-04-01 10:00:00+00:00,-1.67,0.2867160141468048,-1.6795223982211596,-1.6152617931365967,2.0583304204670414
2024-04-01 11:00:00+00:00,0.62,0.2758818566799164,0.20985161933595478,-1.6019991636276245,0.83646517236694
2024-04-01 12:00:00+00:00,-2.78,0.266310453414917,-0.959266869331015,-1.5756200551986694,0.945866436369551
2024-04-01 13:00:00+00:00,-2.35,0.24947677552700043,-0.44395621864430934,-1.5552866458892822,-0.6764484103793991
2024-04-01 14:00:00+00:00,7.0,0.22936785221099854,1.2979757865542811,-1.5393649339675903,0.8864018783180794
2024-04-01 15:00:00+00:00,2.8,0.21508601307868958,1.0886004945177103,-1.5333964824676514,4.103639452154778
2024-04-01 16:00:00+00:00,2.69,0.20143190026283264,0.4655987010054243,-1.5324956178665161,0.4387867143190993
2024-04-01 17:00:00+00:00,-2.68,0.19171181321144104,-0.6977910863855078,-1.5597378015518188,3.261633530574859
2024-04-01 18:00:00+00:00,2.87,0.17865538597106934,0.7529071401987731,-1.5679702758789062,-0.20055830714632938
2024-04-02 10:00:00+00:00,-1.39,0.1648240089416504,-0.5230829577420945,-1.5417839288711548,2.2420180691927536
2024-04-02 11:00:00+00:00,-2.19,0.15130466222763062,-0.10226333610824945,-1.5472369194030762,3.0668898415096484
2024-04-02 12:00:00+00:00,0.68,0.1375073492527008,1.224499890175777,-1.536577582359314,3.7507910069950814
2024-04-02 13:00:00+00:00,2.7,0.11970165371894836,1.2249005792863195,-1.500359058380127,1.2695609243476291
2024-04-02 14:00:00+00:00,-0.52,0.09432307630777359,0.6018842709514215,-1.4846532344818115,-3.31132519578523
2024-04-02 15:00:00+00:00,-2.55,0.06722358614206314,0.39419983194008323,-1.4841705560684204,1.6835362217674703
2024-04-02 16:00:00+00:00,5.62,0.039382848888635635,1.6931799769532119,-1.4766038656234741,-0.7318810006637901
2024-04-02 17:00:00+00:00,2.78,0.010972263291478157,0.779061256640703,-1.4518153667449951,3.0537414368650806
2024-04-02 18:00:00+00:00,18.91,-0.022826652973890305,1.2012011867411054,-1.4402658939361572,1.71383795519986
2024-04-03 10:00:00+00:00,-4.22,-0.04958261549472809,-1.4060302239856384,-1.4154341220855713,3.978235347118255
2024-04-03 11:00:00+00:00,0.76,-0.074615478515625,0.5436747462896744,-1.3994790315628052,2.5691052923526767
2024-04-03 12:00:00+00:00,-3.66,-0.10050567239522934,-0.37216148526076476,-1.3361016511917114,2.958102973111971
2024-04-03 13:00:00+00:00,-1.69,-0.12699611485004425,-0.12009274558941144,-1.2989494800567627,3.6443464838369115
2024-04-03 14:00:00+00:00,-0.12,-0.14771516621112823,0.7772135890168675,-1.2911213636398315,2.660511026096224
2024-04-03 15:00:00+00:00,8.05,-0.16511178016662598,1.8046825316949375,-1.3063095808029175,-0.5637358139530209
2024-04-03 16:00:00+00:00,5.76,-0.17042319476604462,2.0611237805812808,-1.3341056108474731,2.0217261874167916
2024-04-03 17:00:00+00:00,0.51,-0.17284616827964783,0.46206915489223094,-1.353498935699463,3.910953049603618
2024-04-03 18:00:00+00:00,4.12,-0.16876673698425293,0.5951494974042595,-1.3735532760620117,-0.4179974023909616
2024-04-04 10:00:00+00:00,1.29,-0.16493342816829681,0.7846352244719679,-1.3809404373168945,5.450172209665624
2024-04-04 11:00:00+00:00,3.1,-0.16285324096679688,0.9319849499564384,-1.3961162567138672,0.9177793664357923
2024-04-04 12:00:00+00:00,-2.19,-0.1627078503370285,-0.7333147639515415,-1.398970365524292,2.8402399155899567
2024-04-04 13:00:00+00:00,-1.14,-0.16790208220481873,-0.09461369798232581,-1.4090313911437988,1.7941026436623968
2024-04-04 14:00:00+00:00,0.77,-0.17613233625888824,0.6659236049539584,-1.4129185676574707,-0.38152701006588297
2024-04-04 15:00:00+00:00,-0.37,-0.18443512916564941,1.0036491077221246,-1.4282667636871338,4.11350718486837
2024-04-04 16:00:00+00:00,4.6,-0.19371463358402252,1.5707476935396933,-1.4373313188552856,-1.5155898138656712
2024-04-04 17:00:00+00:00,1.8,-0.1990707367658615,1.0031783092059137,-1.4529122114181519,0.6419617438328443
2024-04-04 18:00:00+00:00,-9.97,-0.2074907124042511,-2.127954058627714,-1.4446182250976562,1.8256645451956046
2024-04-05 10:00:00+00:00,-0.25,-0.2215663641691208,0.24415983632353455,-1.423921823501587,1.8668209237328879
2024-04-05 11:00:00+00:00,-7.29,-0.25004836916923523,-0.34612316959172484,-1.4060190916061401,4.592143466092843
2024-04-05 12:00:00+00:00,-2.46,-0.28059884905815125,-0.8029173991367338,-1.3745654821395874,-1.8917844980172331
2024-04-05 13:00:00+00:00,5.02,-0.3073687255382538,0.6389690527690303,-1.3528822660446167,-1.250388562492856
2024-04-05 14:00:00+00:00,0.57,-0.313424676656723,0.21795446788988745,-1.3725407123565674,-0.373702747510699
2024-04-05 15:00:00+00:00,-2.52,-0.31023848056793213,-0.46483045163775905,-1.3983880281448364,1.9776629354406574
2024-04-05 16:00:00+00:00,5.89,-0.30338963866233826,1.7059154791923141,-1.4335683584213257,-1.6765268951015817
2024-04-05 17:00:00+00:00,-1.19,-0.3006615936756134,0.37448987596666294,-1.4434869289398193,-0.205513540492682
2024-04-05 18:00:00+00:00,20.62,-0.29580065608024597,2.551017653815843,-1.472357153892517,0.41267589440361263
2024-04-08 10:00:00+00:00,3.47,-0.28875476121902466,2.3928388900465207,-1.4962714910507202,3.4525046273513866
2024-04-08 11:00:00+00:00,2.28,-0.28353744745254517,1.2863497230355736,-1.5120948553085327,2.0735815903292556
2024-04-08 12:00:00+00:00,-2.99,-0.2747860550880432,-1.9779124223903826,-1.538370966911316,-0.7140154204340404
2024-04-08 13:00:00+00:00,-4.34,-0.2660144865512848,-1.896484728345521,-1.5449023246765137,1.3177077690849484
2024-04-08 14:00:00+00:00,3.61,-0.2568737864494324,1.6404914442296177,-1.5607434511184692,3.19325418097706
2024-04-08 15:00:00+00:00,-0.83,-0.2502831220626831,0.5987956310425616,-1.5610679388046265,-0.06966244935767907
2024-04-08 16:00:00+00:00,4.7,-0.23936252295970917,1.4182847028977195,-1.5815519094467163,-1.5880492760017173
2024-04-08 17:00:00+00:00,-4.51,-0.23120807111263275,-1.3118539080003009,-1.5823419094085693,2.864834183674409
2024-04-08 18:00:00+00:00,14.38,-0.22187545895576477,2.4972389943468993,-1.5993949174880981,1.8200334387595296
2024-04-09 10:00:00+00:00,6.54,-0.20964230597019196,0.4222712140135516,-1.6234627962112427,1.6633207243338881
2024-04-09 11:00:00+00:00,-3.38,-0.19667047262191772,-2.3535634034133968,-1.6273770332336426,1.7938870730022387
2024-04-09 12:00:00+00:00,1.38,-0.17943060398101807,0.5784057206993529,-1.6387349367141724,2.470257835160476
2024-04-09 13:00:00+00:00,-10.81,-0.15718108415603638,-3.4600803445856028,-1.6435134410858154,2.168759967839021
2024-04-09 14:00:00+00:00,-5.15,-0.13989873230457306,-1.7797293269972116,-1.6360797882080078,-0.6431489143990674
2024-04-09 15:00:00+00:00,4.42,-0.12131737172603607,1.2971966216458575,-1.6307895183563232,0.5891570939413975
2024-04-09 16:00:00+00:00,-3.62,-0.10863412171602249,-0.2169479683954514,-1.6338757276535034,-1.2730841427724244
2024-04-09 17:00:00+00:00,-6.88,-0.11082344502210617,-0.7959921187374113,-1.6388238668441772,-0.05270679698102487
2024-04-09 18:00:00+00:00,1.09,-0.10030681639909744,1.0886659053194285,-1.645775318145752,-4.011944729555177
2024-04-10 10:00:00+00:00,5.73,-0.08478126674890518,4.207823463856656,-1.6573444604873657,-2.421894246698625
2024-04-10 11:00:00+00:00,6.13,-0.06746705621480942,2.774456333266053,-1.6614370346069336,0.9764863234132919
2024-04-10 12:00:00+00:00,9.46,-0.04762512445449829,2.7098444037657683,-1.669378399848938,1.463594380287311
2024-04-10 13:00:00+00:00,-0.89,-0.01722627878189087,0.23950060919639732,-1.6928704977035522,3.3940311102150718
2024-04-10 14:00:00+00:00,-0.02,0.010809658095240593,0.6702321871387363,-1.7080309391021729,0.045917576576093744
2024-04-10 15:00:00+00:00,-3.94,0.04406655207276344,0.48858231143370134,-1.7335765361785889,-2.3188175876862833
2024-04-10 16:00:00+00:00,4.81,0.07061010599136353,1.7234607829814914,-1.743940830230713,0.23502680909303852
2024-04-10 17:00:00+00:00,2.48,0.08991111814975739,1.135820520662838,-1.7715961933135986,0.7093017835187768
2024-04-10 18:00:00+00:00,5.64,0.10570547729730606,2.073231478577801,-1.7979713678359985,1.607293475712562
2024-04-11 10:00:00+00:00,-4.05,0.12123176455497742,-1.5728987827630379,-1.82412588596344,1.9667763623711396
2024-04-11 11:00:00+00:00,-2.51,0.13964100182056427,-0.9006395274187348,-1.8424257040023804,0.6775986501412787
2024-04-11 12:00:00+00:00,-0.16,0.15958033502101898,-0.016030891410403484,-1.8398723602294922,-1.8596020890234963
2024-04-11 13:00:00+00:00,-3.18,0.1748931109905243,0.4657968646622179,-1.8470115661621094,-0.36241758338794083
2024-04-11 14:00:00+00:00,1.99,0.17957352101802826,2.039190801372934,-1.8357902765274048,-1.1468324032187345
2024-04-11 15:00:00+00:00,2.89,0.1913924664258957,2.070497509966234,-1.864755392074585,1.4522269908343381
2024-04-11 16:00:00+00:00,2.09,0.19720672070980072,2.008758663992193,-1.884919285774231,-1.1407352777535082
2024-04-11 17:00:00+00:00,-2.29,0.19575461745262146,0.8049655124219967,-1.9189609289169312,-2.1772597512646703
2024-04-11 18:00:00+00:00,12.5,0.19417397677898407,2.5557666756123387,-1.9329655170440674,-1.2362767052739578
2024-04-12 10:00:00+00:00,2.05,0.20374096930027008,2.0109232611672834,-1.95076322555542,-1.362166830797988
2024-04-12 11:00:00+00:00,2.92,0.21333324909210205,1.8446423255721287,-1.962953805923462,1.0669362665687259
2024-04-12 12:00:00+00:00,1.65,0.22506245970726013,0.9488023525257399,-1.9609688520431519,3.478861808176605
2024-04-12 13:00:00+00:00,-1.3,0.23801928758621216,-1.33798062837757,-1.948884129524231,3.4548811818313623
2024-04-12 14:00:00+00:00,-4.82,0.25541257858276367,-1.0817419115137112,-1.9600452184677124,-2.7950588293581125
2024-04-12 15:00:00+00:00,6.96,0.27129265666007996,2.1762600315672356,-1.9804526567459106,1.7061556459467881
2024-04-12 16:00:00+00:00,4.3,0.2874184548854828,2.3020064002068197,-1.9852670431137085,0.3911648973444859
2024-04-12 17:00:00+00:00,-7.55,0.29449692368507385,-1.5752748809114623,-2.0179734230041504,0.504301509660966
2024-04-12 18:00:00+00:00,1.61,0.3027890920639038,1.8499440487215728,-2.03606915473938,-0.3708811230904314
2024-04-15 10:00:00+00:00,9.33,0.3144747316837311,3.690028404972254,-2.064636468887329,0.9052657222549625
2024-04-15 11:00:00+00:00,2.76,0.3239516317844391,2.463767563813294,-2.080000162124634,0.9147845923842962
2024-04-15 12:00:00+00:00,1.89,0.33677440881729126,0.6423816676321414,-2.0830252170562744,-2.183486715200483
2024-04-15 13:00:00+00:00,-2.68,0.35236403346061707,-1.2426056572257538,-2.100708246231079,3.6004816539981093
2024-04-15 14:00:00+00:00,1.21,0.36305317282676697,1.1106986211036043,-2.1061339378356934,0.4543863844800151
2024-04-15 15:00:00+00:00,4.19,0.37611401081085205,2.0034075295228146,-2.1163077354431152,-1.480176184454367
2024-04-15 16:00:00+00:00,1.57,0.3840974271297455,0.8160701578881248,-2.127289056777954,0.036504206045056664
2024-04-15 17:00:00+00:00,-3.93,0.3947579860687256,-2.32921603908815,-2.1285200119018555,0.04495290692265086
2024-04-15 18:00:00+00:00,-3.42,0.3962606191635132,-1.117793344920783,-2.136329412460327,1.8021601744323716
2024-04-16 10:00:00+00:00,0.67,0.3764963448047638,0.6722085542703664,-2.106172800064087,1.489030223836203
2024-04-16 11:00:00+00:00,1.86,0.3529481887817383,0.7189870628400793,-2.0744481086730957,0.35125865424509745
2024-04-16 12:00:00+00:00,-2.07,0.3330549895763397,-0.1952015977120809,-2.0427558422088623,-0.021312895435386614
2024-04-16 13:00:00+00:00,-7.3,0.3177385628223419,-1.728365477773553,-2.0151169300079346,0.4351233313642141
2024-04-16 14:00:00+00:00,0.56,0.3046077787876129,0.44044722250690305,-1.9635332822799683,0.5014060875239281
2024-04-16 15:00:00+00:00,4.09,0.29855144023895264,1.9879343983066198,-1.9251198768615723,0.8200000016424652
2024-04-16 16:00:00+00:00,-4.92,0.2886614203453064,-0.157808785666059,-1.888383388519287,-1.2090136581624973
2024-04-16 17:00:00+00:00,1.28,0.2811460494995117,0.8844022533697556,-1.9127874374389648,-1.7990773603772263
2024-04-16 18:00:00+00:00,5.29,0.2791402041912079,1.976190900780791,-1.9395148754119873,-0.4722963712771602
2024-04-17 10:00:00+00:00,-8.72,0.28197190165519714,-3.1420600304058235,-1.9620112180709839,-0.26405699586179177
2024-04-17 11:00:00+00:00,-8.78,0.2852349877357483,-2.9022313015215895,-1.981406331062317,-3.7152625202708673
2024-04-17 12:00:00+00:00,4.96,0.288190096616745,2.582445209620417,-1.993523359298706,-2.5111753346688275
2024-04-17 13:00:00+00:00,-8.12,0.2924090623855591,-3.2200778882991097,-2.0028505325317383,-3.744048837082591
2024-04-17 14:00:00+00:00,4.59,0.29973912239074707,1.7329411987682795,-2.0033700466156006,-5.977862482406003
2024-04-17 15:00:00+00:00,1.97,0.317500501871109,0.5566938412453676,-2.0254015922546387,2.009904416780122
2024-04-17 16:00:00+00:00,2.94,0.33062395453453064,1.1236485546876371,-2.041908025741577,1.8327548108512461
2024-04-17 17:00:00+00:00,-3.0,0.34736648201942444,-1.2608803753546156,-2.071685314178467,-1.1961615966609689
2024-04-17 18:00:00+00:00,-7.53,0.3568437695503235,-1.975424301056096,-2.0931973457336426,-2.2159437159528386
2024-04-18 10:00:00+00:00,-1.47,0.3660617470741272,-0.7984818699357034,-2.110858201980591,-4.663062403607358
2024-04-18 11:00:00+00:00,1.24,0.37398475408554077,0.8656176314234243,-2.125002145767212,-4.307889342842364
2024-04-18 12:00:00+00:00,-5.66,0.3803845942020416,-1.115088738011689,-2.1223952770233154,-1.9931390948720558
2024-04-18 13:00:00+00:00,0.11,0.3839333653450012,-0.1826273940900781,-2.1190497875213623,-2.5798357187643353
2024-04-18 14:00:00+00:00,7.49,0.38565316796302795,2.853740996380101,-2.113525629043579,-0.38386681502228015
2024-04-18 15:00:00+00:00,1.23,0.38483795523643494,1.2165713837901435,-2.105574369430542,-1.830917281535783
2024-04-18 16:00:00+00:00,1.19,0.37736356258392334,1.3692735359686359,-2.078136444091797,0.4782861739147305
2024-04-18 17:00:00+00:00,5.15,0.3750607371330261,2.2375300251021955,-2.0565574169158936,-0.18757946058202257
2024-04-18 18:00:00+00:00,5.69,0.36683011054992676,2.8974561062885336,-2.03590726852417,3.425920579381544
2024-04-19 10:00:00+00:00,-1.15,0.35618966817855835,-0.6679412803480348,-2.0226361751556396,0.19337772749961046
2024-04-19 11:00:00+00:00,-5.72,0.35088154673576355,-0.13182170374063423,-2.036053419113159,-0.678685493734791
2024-04-19 12:00:00+00:00,3.64,0.3456997871398926,1.6842791010419442,-2.0412139892578125,-0.3100142646976902
2024-04-19 13:00:00+00:00,2.7,0.3458532392978668,2.7870175811896782,-2.0416839122772217,0.5753660937244469
2024-04-19 14:00:00+00:00,6.26,0.34624984860420227,3.0784468811094206,-2.040776014328003,1.610733561471335
2024-04-19 15:00:00+00:00,1.97,0.3473108112812042,1.4533213772648323,-2.052779197692871,1.4974213903728937
2024-04-19 16:00:00+00:00,5.5,0.3496103584766388,0.6891903554091111,-2.0670833587646484,1.30282187767467
2024-04-19 17:00:00+00:00,-3.83,0.3546258807182312,-1.1944442479759143,-2.080455780029297,-4.073755004428652
2024-04-19 18:00:00+00:00,2.11,0.357345849275589,1.4017614743218996,-2.0800273418426514,-0.11358093253701829
2024-04-22 10:00:00+00:00,-1.0,0.35861483216285706,-0.46295514810459343,-2.0705056190490723,-0.6982891185433027
2024-04-22 11:00:00+00:00,1.12,0.35386887192726135,1.1086123680011968,-2.061485528945923,0.2548947041762724
2024-04-22 12:00:00+00:00,1.57,0.34864866733551025,0.9528018820790773,-2.043307065963745,-0.5422717026537887
2024-04-22 13:00:00+00:00,-6.24,0.3419265151023865,-0.4509701698074411,-2.0264079570770264,-3.4009171038790864
2024-04-22 14:00:00+00:00,0.56,0.33584198355674744,0.48571914992145937,-1.9966520071029663,-1.0730002385989645
2024-04-22 15:00:00+00:00,-0.29,0.32695508003234863,0.3924973298300509,-1.9517970085144043,0.06263286923368883
2024-04-22 16:00:00+00:00,9.27,0.31274721026420593,0.8209195566029321,-1.8933048248291016,0.734506663112271
2024-04-22 17:00:00+00:00,1.19,0.3039361238479614,0.415858935595615,-1.8793543577194214,3.218779371994546
2024-04-22 18:00:00+00:00,-0.96,0.29529786109924316,-0.33972439643107283,-1.881035327911377,-0.2148558162050609
2024-04-23 10:00:00+00:00,4.6,0.291495680809021,-0.704234401114153,-1.8982547521591187,-2.674463650315814
2024-04-23 11:00:00+00:00,-12.04,0.28863468766212463,-2.0287150131032545,-1.9144991636276245,0.7966046625097696
2024-04-23 12:00:00+00:00,-1.4,0.2888028025627136,-1.7413616420304359,-1.9046519994735718,-1.8013505814638804
2024-04-23 13:00:00+00:00,-5.86,0.2839711308479309,-2.7981316507823886,-1.8955351114273071,-3.4804490817580973
2024-04-23 14:00:00+00:00,-9.69,0.28186312317848206,-4.629790689397844,-1.9010728597640991,-1.2459076032502403
2024-04-23 15:00:00+00:00,-2.41,0.28154194355010986,-2.4845291532179807,-1.9123750925064087,-2.896204597684448
2024-04-23 16:00:00+00:00,2.52,0.27593204379081726,0.826274438711495,-1.905531644821167,-1.3096494718215483
2024-04-23 17:00:00+00:00,-14.51,0.2733179032802582,-5.946808364088802,-1.9172122478485107,-5.0878330081442975
2024-04-23 18:00:00+00:00,1.35,0.2726235091686249,1.0320604520458565,-1.9293959140777588,-1.9546967986299122
2024-04-24 10:00:00+00:00,-9.3,0.27435174584388733,-4.315982154373847,-1.9369475841522217,-1.8313766349443172
2024-04-24 11:00:00+00:00,1.76,0.2755720317363739,0.661788514872787,-1.959342122077942,0.09337350740582417
2024-04-24 12:00:00+00:00,-4.5,0.27529075741767883,-2.2111241968131816,-1.9667487144470215,-4.808455687222348
2024-04-24 13:00:00+00:00,10.55,0.27824220061302185,1.2466004057059727,-1.9669526815414429,-1.4316825739768761
2024-04-24 14:00:00+00:00,-8.38,0.2835005223751068,-2.3448884906172287,-1.9799139499664307,3.908778241248968
2024-04-24 15:00:00+00:00,6.12,0.2871031165122986,0.34186522175661227,-1.9971706867218018,-4.074126626290545
2024-04-24 16:00:00+00:00,-3.86,0.29171907901763916,-2.1959457537474716,-2.0016770362854004,-0.6755271483219039
2024-04-24 17:00:00+00:00,-4.23,0.29460641741752625,-2.5637190661562967,-2.0104880332946777,-4.178281737985946
2024-04-24 18:00:00+00:00,-1.79,0.29384174942970276,-1.8118689513426622,-2.0120129585266113,-1.5514578392814347
2024-04-25 10:00:00+00:00,7.02,0.2968202829360962,1.4469764904611648,-2.0187125205993652,-1.1890275384901585
2024-04-25 11:00:00+00:00,0.5,0.29804202914237976,0.030435894558430487,-2.0226564407348633,0.6130048309473651
2024-04-25 12:00:00+00:00,-0.45,0.2908441424369812,-0.2931954765597933,-2.023658037185669,-0.8894588422705461
2024-04-25 13:00:00+00:00,-1.59,0.2804890275001526,-0.3731395671408085,-2.024338960647583,-0.43596692767403455
2024-04-25 14:00:00+00:00,0.29,0.2715684175491333,0.39355270302736584,-2.021298408508301,-0.4442521482630939
2024-04-25 15:00:00+00:00,4.32,0.25064244866371155,2.0521889314073265,-2.013136386871338,-0.9998306604163688
2024-04-25 16:00:00+00:00,3.52,0.2302292287349701,1.8277790962125704,-2.009857416152954,1.7645079971123698
2024-04-25 17:00:00+00:00,-0.99,0.2168801724910736,-0.24904732438071267,-2.012977361679077,0.6525043784691043
2024-04-25 18:00:00+00:00,11.42,0.1933920681476593,3.3268753554410253,-2.0041260719299316,1.5965409268583208
2024-04-26 10:00:00+00:00,6.59,0.1772538274526596,0.34953073562065395,-2.003793954849243,1.5239808471472562
2024-04-26 11:00:00+00:00,-5.32,0.16334883868694305,-3.4544283875592177,-1.9958854913711548,0.5840991070833957
2024-04-26 12:00:00+00:00,-3.21,0.14388155937194824,-1.9223191864522788,-1.9771016836166382,2.2565950867382534
2024-04-26 13:00:00+00:00,-8.7,0.13302066922187805,-1.699485890776741,-1.9769071340560913,-1.75114702514021
2024-04-26 14:00:00+00:00,1.15,0.12244470417499542,0.574779389275574,-1.9781370162963867,-1.9491713314290462
2024-04-26 15:00:00+00:00,5.18,0.11623859405517578,1.5093210838185882,-1.976458191871643,-1.1783609263280992
2024-04-26 16:00:00+00:00,3.47,0.11072903871536255,2.185308134259489,-1.9722622632980347,-1.851732376390859
2024-04-26 17:00:00+00:00,-0.57,0.10471738874912262,0.63868813643636,-1.967240571975708,-1.478086688040325
2024-04-26 18:00:00+00:00,8.81,0.09036999940872192,2.0860379568007765,-1.9571659564971924,-2.801414783280088
2024-04-27 10:00:00+00:00,-2.14,0.07692096382379532,-1.3525554546378518,-1.945084810256958,0.4144993206449831
2024-04-27 11:00:00+00:00,-1.15,0.06106690317392349,-0.7496978127660917,-1.9289674758911133,-0.3649841471232691
2024-04-27 12:00:00+00:00,-0.1,0.044216338545084,0.44646448957298285,-1.9148298501968384,-0.5860468222232784
2024-04-27 13:00:00+00:00,2.72,0.031442638486623764,2.1816969478726786,-1.8966374397277832,1.0379119444270863
2024-04-27 14:00:00+00:00,0.7,0.016404539346694946,0.7726679009893697,-1.8802688121795654,-3.6873881559168034
2024-04-27 15:00:00+00:00,-2.14,0.004269538447260857,-0.25819942287802666,-1.861182451248169,0.8285298983904346
2024-04-27 16:00:00+00:00,9.31,-0.003914583474397659,1.9832979732539142,-1.8730018138885498,-0.5738411661960598
2024-04-27 17:00:00+00:00,0.07,-0.011080221273005009,-0.022271774421464555,-1.881546974182129,2.61150365502997
2024-04-27 18:00:00+00:00,9.7,-0.01721126213669777,2.055500145063169,-1.8818846940994263,-1.3115806718308163
2024-04-29 10:00:00+00:00,-3.64,-0.027900757268071175,-2.7147872416893524,-1.8648414611816406,2.156218373340357
2024-04-29 11:00:00+00:00,2.98,-0.03551209717988968,2.292899873582215,-1.8592865467071533,2.4332411540397345
2024-04-29 12:00:00+00:00,3.75,-0.040590960532426834,1.1800223747766558,-1.8649216890335083,2.3280997622000643
2024-04-29 13:00:00+00:00,-3.8,-0.046425722539424896,-1.5681641744728996,-1.8781344890594482,-2.87515551494036
2024-04-29 14:00:00+00:00,1.96,-0.052910905331373215,1.812681956764824,-1.8870316743850708,1.2317880875564517
2024-04-29 15:00:00+00:00,2.13,-0.05545473471283913,1.2803969995556328,-1.8849327564239502,2.888063964473829
2024-04-29 16:00:00+00:00,-2.05,-0.06235266104340553,-1.3733869849364744,-1.8927422761917114,-2.328088592075257
2024-04-29 17:00:00+00:00,1.2,-0.07198155671358109,0.8553264726846145,-1.9037353992462158,2.1472588283987566
2024-04-29 18:00:00+00:00,-4.63,-0.08436925709247589,-1.8345662213791332,-1.9150569438934326,1.1946641022500533
2024-04-30 10:00:00+00:00,-2.4,-0.09803619235754013,-1.4168185093518866,-1.919969916343689,-2.5571245630076573
2024-04-30 11:00:00+00:00,1.37,-0.1078401431441307,0.03337029308971541,-1.9187299013137817,-0.7040056488720763
2024-04-30 12:00:00+00:00,-1.93,-0.11951955407857895,-0.6877797259193235,-1.9193499088287354,-0.46020369204181644
2024-04-30 13:00:00+00:00,-0.71,-0.1282266527414322,-0.762830875366603,-1.9227547645568848,-1.7155250086911198
2024-04-30 14:00:00+00:00,-1.49,-0.1378507763147354,-1.4544774933937,-1.9294490814208984,-2.9794341237099142
2024-04-30 15:00:00+00:00,-2.19,-0.1467684656381607,-1.6255759715118445,-1.960143804550171,-5.2202828029119885
2024-04-30 16:00:00+00:00,3.97,-0.14657069742679596,1.2326045149394198,-1.982313871383667,-0.45885107023814653
2024-04-30 17:00:00+00:00,-0.24,-0.14682412147521973,-0.20851658794330408,-1.9931113719940186,-0.034488393510112014
2024-04-30 18:00:00+00:00,5.67,-0.14436709880828857,0.242798066277555,-2.010707139968872,1.0355361899443762
2024-05-02 10:00:00+00:00,-5.11,-0.1473313570022583,-2.5250430912123276,-2.0182876586914062,-0.8355982071189414
2024-05-02 11:00:00+00:00,-3.95,-0.14086374640464783,-2.825863957250891,-2.016361713409424,-2.8475226741794413
2024-05-02 12:00:00+00:00,-2.51,-0.14190420508384705,-2.6551023255501587,-2.0216543674468994,-12.554921897818211
2024-05-02 13:00:00+00:00,2.02,-0.13717472553253174,-1.6570403970301884,-2.0281615257263184,-2.345996725072981
2024-05-02 14:00:00+00:00,-8.4,-0.12795454263687134,-4.744534764135062,-2.052842140197754,-0.816519600780073
2024-05-02 15:00:00+00:00,-10.3,-0.11823847889900208,-7.725457824062143,-2.0555946826934814,-1.9477838350881362
2024-05-02 16:00:00+00:00,-0.09,-0.10748489946126938,-0.16083025877028076,-2.0684995651245117,-0.9854799109313084
2024-05-02 17:00:00+00:00,-4.33,-0.08698119968175888,-3.7819671056328406,-2.086906909942627,-6.842440062179508
2024-05-02 18:00:00+00:00,-9.62,-0.07729846984148026,-6.47905087572387,-2.0961172580718994,-1.6794878289446018
2024-05-03 10:00:00+00:00,-7.35,-0.06905794888734818,-3.7768299884307317,-2.089024543762207,3.4442391607352643
2024-05-03 11:00:00+00:00,5.31,-0.06488659977912903,4.633454020896719,-2.0890910625457764,-1.443702796643898
2024-05-03 12:00:00+00:00,4.96,-0.05780482664704323,2.392352070395275,-2.1102747917175293,4.27318181879207
2024-05-03 13:00:00+00:00,2.88,-0.05532325804233551,1.7519274689323303,-2.1022274494171143,-2.415301220825649
2024-05-03 14:00:00+00:00,5.55,-0.05421688035130501,1.1514089505177074,-2.100536823272705,-0.2278967258610317
2024-05-03 15:00:00+00:00,4.41,-0.056486766785383224,1.6281359175844734,-2.0852701663970947,-1.1766579036624634
2024-05-03 16:00:00+00:00,-1.17,-0.06799442321062088,-1.2898131030100572,-2.062173366546631,2.768411571972053
2024-05-03 17:00:00+00:00,-6.03,-0.07778921723365784,-2.211419979078536,-2.0349280834198,-5.596288129288165
2024-05-03 18:00:00+00:00,-2.5,-0.08719727396965027,-2.3919106404331316,-2.014814615249634,-1.1226933145568578
2024-05-06 10:00:00+00:00,-9.17,-0.09813177585601807,-3.1101281349705854,-1.988486647605896,-2.865873479815462
2024-05-06 11:00:00+00:00,-5.02,-0.11721084266901016,-1.6667133011976463,-1.950516700744629,-2.745366802333992
2024-05-06 12:00:00+00:00,6.91,-0.13269025087356567,1.7402391208406447,-1.9168624877929688,-0.06151139065248712
2024-05-06 13:00:00+00:00,5.82,-0.15423843264579773,1.6860284551421374,-1.8892345428466797,-3.130689345162376
2024-05-06 14:00:00+00:00,-0.84,-0.16581347584724426,-0.09902284502049444,-1.9100377559661865,-1.1650412896413609
2024-05-06 15:00:00+00:00,-1.12,-0.17182035744190216,-1.0944389799220442,-1.939423680305481,-0.2158275290253605
2024-05-06 16:00:00+00:00,5.28,-0.1826365739107132,0.4034677583466984,-1.9592491388320923,-4.546998155117265
2024-05-06 17:00:00+00:00,-5.08,-0.1944522261619568,-1.340545638098232,-1.9938946962356567,0.2467804869745408
2024-05-06 18:00:00+00:00,-15.92,-0.20816786587238312,-2.473349298321825,-2.0302200317382812,-1.8843465677448972
2024-05-07 10:00:00+00:00,4.48,-0.22614166140556335,3.2245272081635914,-2.0532548427581787,0.06412232086463676
2024-05-07 11:00:00+00:00,-2.98,-0.24826262891292572,-0.9132782455143152,-2.0573484897613525,-0.635948197338529
2024-05-07 12:00:00+00:00,-0.79,-0.2751493453979492,-0.03891984691687542,-2.029755115509033,-0.03295955714187371
2024-05-07 13:00:00+00:00,-1.79,-0.30780965089797974,-1.8688334975377725,-2.0026354789733887,-1.0792595120333934
2024-05-07 14:00:00+00:00,0.73,-0.33841651678085327,0.7050948197807603,-1.9753470420837402,-2.5030506643130863
2024-05-07 15:00:00+00:00,2.87,-0.37003234028816223,1.5034985509099126,-1.9560973644256592,-4.179628820596155
2024-05-07 16:00:00+00:00,4.59,-0.40427365899086,2.128379634797481,-1.9327549934387207,-2.061001659344401
2024-05-07 17:00:00+00:00,0.37,-0.42850083112716675,0.6993212230894413,-1.9555772542953491,0.4319173751087224
2024-05-07 18:00:00+00:00,8.5,-0.45168018341064453,1.8608501961002417,-1.9705579280853271,-0.3792118378883953
2024-05-08 10:00:00+00:00,-1.95,-0.474416047334671,-0.8281131318131053,-1.9803457260131836,-0.08370616827748734
2024-05-08 11:00:00+00:00,-2.08,-0.4989200830459595,-0.7450952326121693,-1.9982191324234009,-0.6692237948731439
2024-05-08 12:00:00+00:00,3.17,-0.5189810395240784,0.5371158252206456,-1.9962198734283447,-3.460401518931311
2024-05-08 13:00:00+00:00,-1.08,-0.5367999076843262,-0.26805325207395814,-2.010772705078125,-0.9884885473695937
2024-05-08 14:00:00+00:00,0.31,-0.5569270849227905,-0.015404805209160245,-2.0158228874206543,-1.6115312787122242
2024-05-08 15:00:00+00:00,-0.55,-0.5741925835609436,-0.4354494859816512,-2.0442910194396973,1.6306316248068664
2024-05-08 16:00:00+00:00,0.14,-0.5956726670265198,-0.1042717041344905,-2.0627219676971436,-2.4442707019708454
2024-05-08 17:00:00+00:00,-1.53,-0.6172487139701843,-0.4080926676936483,-2.0889241695404053,-2.6533796900254507
2024-05-08 18:00:00+00:00,15.74,-0.6436930298805237,1.2192357047850728,-2.105726957321167,-0.8467583129811898
2024-05-10 10:00:00+00:00,-2.37,-0.6665087342262268,-1.715766595178341,-2.1272642612457275,-1.3685892685917467
2024-05-10 11:00:00+00:00,3.43,-0.6828219890594482,1.1990365520991972,-2.134230375289917,1.5075541399850247
2024-05-10 12:00:00+00:00,1.76,-0.701766312122345,0.25927126652931887,-2.142390727996826,0.9619807773930696
2024-05-10 13:00:00+00:00,-1.2,-0.7163539528846741,-0.5994829719302583,-2.158860206604004,-0.5368305941143361
2024-05-10 14:00:00+00:00,-0.13,-0.7288138270378113,0.12544361801025364,-2.167705774307251,-2.151044492686945
2024-05-10 15:00:00+00:00,0.27,-0.738581120967865,0.06631683422295412,-2.1839334964752197,-2.680038736828541
2024-05-10 16:00:00+00:00,0.86,-0.7461473941802979,0.38947994254564094,-2.2085678577423096,1.7997178801296254
2024-05-10 17:00:00+00:00,-1.12,-0.7598323225975037,-0.14673495748109805,-2.203753709793091,-1.8521497567286787
2024-05-10 18:00:00+00:00,13.48,-0.7752622961997986,1.7252201253738373,-2.2043118476867676,-2.42161374633261
2024-05-13 10:00:00+00:00,1.03,-0.7943351864814758,-0.3396284588335914,-2.2113804817199707,-3.208347411090682
2024-05-13 11:00:00+00:00,-3.81,-0.8187483549118042,-2.2559192809593567,-2.2137181758880615,-2.450990551067002
2024-05-13 12:00:00+00:00,0.29,-0.8488278388977051,-0.1616868217197227,-2.2089626789093018,-4.170926230518991
2024-05-13 13:00:00+00:00,-3.0,-0.8827732801437378,-1.5279828431139082,-2.1985902786254883,2.868209715272843
2024-05-13 14:00:00+00:00,-3.77,-0.9184157848358154,-1.141022402937611,-2.206202983856201,-1.5826609925534014
2024-05-13 15:00:00+00:00,1.58,-0.9516009092330933,0.6235487638622714,-2.2158915996551514,-3.3458147088568833
2024-05-13 16:00:00+00:00,6.37,-0.9842362999916077,1.5954860085047935,-2.2307231426239014,-1.9312842925911382
2024-05-13 17:00:00+00:00,-4.84,-1.0021748542785645,-0.9801765895655238,-2.2498421669006348,1.8060470389350245
2024-05-13 18:00:00+00:00,5.89,-1.026780605316162,2.29050557874956,-2.25588059425354,-1.524315431275213
2024-05-14 10:00:00+00:00,-4.67,-1.0479751825332642,-1.0425341811362008,-2.244035005569458,1.6180818614625117
2024-05-14 11:00:00+00:00,2.41,-1.0720783472061157,1.314293743334095,-2.2562718391418457,1.7131930138493705
2024-05-14 12:00:00+00:00,-1.44,-1.099721908569336,0.011774989682287768,-2.2683522701263428,0.3990940066626387
2024-05-14 13:00:00+00:00,2.53,-1.1320558786392212,1.2893231989022447,-2.2790298461914062,-4.732572620103667
2024-05-14 14:00:00+00:00,1.28,-1.148288369178772,1.45015398305315,-2.314936399459839,-1.153802289404735
2024-05-14 15:00:00+00:00,3.13,-1.1695809364318848,1.9001718568100023,-2.3336551189422607,1.6437204101168539
2024-05-14 16:00:00+00:00,-4.33,-1.1907732486724854,-0.477392045265419,-2.3631114959716797,-1.8586720066676916
2024-05-14 17:00:00+00:00,2.02,-1.2166765928268433,1.5053247728870125,-2.40006422996521,-2.0260773688359186
2024-05-14 18:00:00+00:00,7.21,-1.2415140867233276,1.9897556389709754,-2.417588233947754,1.5003312815616847
2024-05-15 10:00:00+00:00,-4.4,-1.2714043855667114,-0.35797240258082064,-2.4615046977996826,2.227082974108261
2024-05-15 11:00:00+00:00,2.71,-1.298828125,0.4205217547524853,-2.478013515472412,1.7623976631297018
2024-05-15 12:00:00+00:00,-3.13,-1.321408748626709,0.31301384265545096,-2.5060651302337646,3.407649559151436
2024-05-15 13:00:00+00:00,1.18,-1.346592664718628,1.105315958150087,-2.543344497680664,-2.0656080097325877
2024-05-15 14:00:00+00:00,2.31,-1.3755167722702026,2.3028521041225964,-2.60190486907959,-0.7262865841548174
2024-05-15 15:00:00+00:00,2.98,-1.3862121105194092,1.587508642433238,-2.6302103996276855,-0.30406736182377836
2024-05-15 16:00:00+00:00,2.8,-1.3980244398117065,1.6387896293585302,-2.667902946472168,2.0349393973341767
2024-05-15 17:00:00+00:00,-4.87,-1.4067697525024414,-1.0063893024032824,-2.691063642501831,6.554717446683906
2024-05-15 18:00:00+00:00,7.8,-1.415269136428833,1.819568730469027,-2.708869457244873,0.7568667158109701
2024-05-16 10:00:00+00:00,1.51,-1.4235745668411255,1.1797718747412334,-2.745945930480957,-0.003588750240890004
2024-05-16 11:00:00+00:00,1.38,-1.4274624586105347,1.4142805395939535,-2.791846513748169,0.22431521533894094
2024-05-16 12:00:00+00:00,1.15,-1.4226423501968384,1.2984092263294145,-2.8346643447875977,2.1683601915111446
2024-05-16 13:00:00+00:00,1.27,-1.414395809173584,1.511245549896505,-2.861600399017334,2.7185555113371276
2024-05-16 14:00:00+00:00,2.02,-1.4021414518356323,1.4558832627692817,-2.8670477867126465,-1.294976142335268
2024-05-16 15:00:00+00:00,3.53,-1.389682412147522,1.0746120311754,-2.9002127647399902,1.225355534494476
2024-05-16 16:00:00+00:00,-0.01,-1.3844435214996338,-0.3230442644361216,-2.9088847637176514,1.8961432148460398
2024-05-16 17:00:00+00:00,-3.11,-1.3723149299621582,-1.0206905419153351,-2.9329254627227783,0.35139589906060364
2024-05-16 18:00:00+00:00,10.52,-1.3599088191986084,2.2005338985462384,-2.957965135574341,-0.9354160495415422
2024-05-17 10:00:00+00:00,-3.11,-1.3528692722320557,-1.9360002735641804,-2.9726033210754395,0.9656427911244165
2024-05-17 11:00:00+00:00,0.55,-1.3392983675003052,0.7216947067615753,-2.987250804901123,1.6891871848570372
2024-05-17 12:00:00+00:00,0.54,-1.3297966718673706,0.9386888030072206,-2.9895005226135254,-0.21256972805807095
2024-05-17 13:00:00+00:00,2.6,-1.3235301971435547,0.7898874954236934,-2.97468900680542,0.2023184423310792
2024-05-17 14:00:00+00:00,3.27,-1.3166271448135376,0.1333876916552256,-2.9714391231536865,2.2784125040659746
2024-05-17 15:00:00+00:00,-1.25,-1.3151301145553589,-1.1969928970900905,-2.976663827896118,1.1080905785755664
2024-05-17 16:00:00+00:00,7.06,-1.3129268884658813,0.553633366814779,-2.9848713874816895,2.7982927105781368
2024-05-17 17:00:00+00:00,-4.55,-1.3168292045593262,-3.31526593616365,-3.011965036392212,3.026131091154799
2024-05-17 18:00:00+00:00,-0.86,-1.322485327720642,-1.060132703426568,-3.0258500576019287,-2.4539387441274862
2024-05-20 10:00:00+00:00,-8.57,-1.3213666677474976,-2.9876005287765572,-3.0209012031555176,-0.8724776118493798
2024-05-20 11:00:00+00:00,-13.32,-1.3202030658721924,-4.520238115707514,-3.0358529090881348,-0.5580876553413132
2024-05-20 12:00:00+00:00,-2.37,-1.3162249326705933,-2.9093805715678114,-3.0555107593536377,-1.708374513584387
2024-05-20 13:00:00+00:00,8.24,-1.312506079673767,-0.891409658745725,-3.088590383529663,1.9097248803757911
2024-05-20 14:00:00+00:00,-7.16,-1.309093952178955,-4.28959715899206,-3.112257242202759,0.7871161093709548
2024-05-20 15:00:00+00:00,3.17,-1.3035296201705933,-1.8594779841852789,-3.140249252319336,0.822408026481787
2024-05-20 16:00:00+00:00,-1.44,-1.3013744354248047,-2.5101805924269716,-3.1748383045196533,0.1740317357328236
2024-05-20 17:00:00+00:00,-11.49,-1.31667959690094,-5.519796360963522,-3.208566665649414,-1.9439491675387388
2024-05-20 18:00:00+00:00,-33.84,-1.3272169828414917,-11.567050976153096,-3.2380590438842773,-2.7045452514025077
2024-05-21 10:00:00+00:00,2.08,-1.332239031791687,1.6035198437338887,-3.27394700050354,1.0280275680372224
2024-05-21 11:00:00+00:00,2.3,-1.3335387706756592,2.8132461509310103,-3.312896490097046,1.0102973372269022
2024-05-21 12:00:00+00:00,-3.02,-1.333337426185608,-2.9807964418251434,-3.3404979705810547,-3.0493297278268923
2024-05-21 13:00:00+00:00,-2.62,-1.3311076164245605,-3.3834339709407546,-3.370307207107544,-0.39571309849565905
2024-05-21 14:00:00+00:00,-9.68,-1.3301920890808105,-5.689699742271792,-3.418196201324463,-0.39534062191091457
2024-05-21 15:00:00+00:00,-10.25,-1.3280962705612183,-6.7205168471588435,-3.4555814266204834,0.7273656983929804
2024-05-21 16:00:00+00:00,19.87,-1.3242616653442383,7.214163115132889,-3.489525556564331,-0.2755957015142817
2024-05-21 17:00:00+00:00,-4.55,-1.3361738920211792,-3.10118031508795,-3.502873182296753,-0.8542017693203638
2024-05-21 18:00:00+00:00,12.99,-1.3307361602783203,-0.41809810394990815,-3.531827211380005,3.8620800582377637
2024-05-22 10:00:00+00:00,5.19,-1.3192598819732666,1.585679318280259,-3.5571706295013428,0.8585963077565785
2024-05-22 11:00:00+00:00,-2.24,-1.3136413097381592,-1.023094999124708,-3.605869770050049,-2.2674725365174897
2024-05-22 12:00:00+00:00,-0.93,-1.311288595199585,-0.6747062966332048,-3.6256930828094482,-1.8289769506385745
2024-05-22 13:00:00+00:00,-0.3,-1.3133796453475952,-0.6260264139399807,-3.62174916267395,-3.677464023488523
2024-05-22 14:00:00+00:00,0.43,-1.3165568113327026,-0.2254123340279502,-3.6274077892303467,3.5897798159586785
2024-05-22 15:00:00+00:00,-0.06,-1.3184775114059448,-0.09137714726077935,-3.6655099391937256,-0.8207343368790085
2024-05-22 16:00:00+00:00,1.23,-1.3248082399368286,0.09146704484648342,-3.668567180633545,-1.2449172331333065
2024-05-22 17:00:00+00:00,-0.05,-1.3360522985458374,-2.1080019833987595,-3.7001900672912598,-3.2433123876532712
2024-05-22 18:00:00+00:00,-24.35,-1.3505101203918457,-6.617860615586808,-3.720806360244751,-0.9770416424783179
2024-05-23 10:00:00+00:00,-0.2,-1.3575648069381714,-0.21424142474137164,-3.7442290782928467,-2.8205279282083247
2024-05-23 11:00:00+00:00,-1.15,-1.3750356435775757,0.10672999069600819,-3.7410941123962402,-5.749923486846706
2024-05-23 12:00:00+00:00,4.47,-1.388904094696045,2.0694104051458604,-3.756549596786499,1.1814270058945948
2024-05-23 13:00:00+00:00,0.97,-1.401343822479248,1.2392534750452109,-3.783527135848999,0.32800822341245406
2024-05-23 14:00:00+00:00,5.56,-1.4017407894134521,2.8587356961845414,-3.805950403213501,-1.4320285184523367
2024-05-23 15:00:00+00:00,10.54,-1.4070724248886108,2.6864824243521284,-3.802057981491089,-1.8360663940840487
2024-05-23 16:00:00+00:00,3.22,-1.4098401069641113,1.1106163558324251,-3.8216071128845215,-2.4811017085000366
2024-05-23 17:00:00+00:00,-0.91,-1.4243788719177246,-0.9960703610151499,-3.825432300567627,1.4050896641991293
2024-05-23 18:00:00+00:00,-17.24,-1.4411636590957642,-5.027024435870357,-3.8204615116119385,-0.586768115890369
2024-05-24 10:00:00+00:00,-4.6,-1.454471468925476,-3.586875752825062,-3.828667163848877,-2.004039155591062
2024-05-24 11:00:00+00:00,0.81,-1.4788646697998047,-4.2065671085634415,-3.8003273010253906,-3.2039910639617277
2024-05-24 12:00:00+00:00,-8.54,-1.5069432258605957,-7.429338386635442,-3.7720184326171875,-5.939007054664408
2024-05-24 13:00:00+00:00,-29.57,-1.5300114154815674,-8.55515863816117,-3.7483785152435303,-3.3403537355520108
2024-05-24 14:00:00+00:00,1.28,-1.5492737293243408,1.2507138458591636,-3.751530170440674,0.24960252797915827
2024-05-24 15:00:00+00:00,16.38,-1.5573859214782715,6.060057927998138,-3.791630744934082,-2.876194520536897
2024-05-24 16:00:00+00:00,4.7,-1.5784378051757812,1.251845265314708,-3.7837564945220947,1.4408854527110306
2024-05-24 17:00:00+00:00,-9.51,-1.6047279834747314,-3.017706003429338,-3.764103651046753,-3.223119890363521
2024-05-24 18:00:00+00:00,-47.02,-1.6281336545944214,-10.508637332582495,-3.7504827976226807,-0.14961284612901715
2024-05-27 10:00:00+00:00,3.44,-1.649518370628357,2.4216995797207543,-3.751143455505371,3.887093241466423
2024-05-27 11:00:00+00:00,-5.36,-1.6714504957199097,-3.6175451607150197,-3.7606430053710938,-2.463050988284748
2024-05-27 12:00:00+00:00,3.21,-1.6882461309432983,2.107761877101793,-3.7471537590026855,0.8935085753094768
2024-05-27 13:00:00+00:00,-2.68,-1.6960759162902832,-2.7698062971889916,-3.7566421031951904,1.7776892169494374
2024-05-27 14:00:00+00:00,-4.78,-1.695932149887085,-5.768715603209986,-3.774675130844116,-2.791734135812886
2024-05-27 15:00:00+00:00,-13.8,-1.6942859888076782,-8.377757853383777,-3.779019594192505,-0.7462410495876712
2024-05-27 16:00:00+00:00,-21.67,-1.6972935199737549,-11.723227972531582,-3.772249937057495,-3.951311281499481
2024-05-27 17:00:00+00:00,-8.62,-1.703652262687683,-5.219073056990663,-3.771038770675659,-0.3468685859179974
2024-05-27 18:00:00+00:00,39.96,-1.705098032951355,12.845732911297993,-3.7624189853668213,4.366564785307023
2024-05-28 10:00:00+00:00,-9.37,-1.6931565999984741,-5.758131355282242,-3.7508280277252197,-2.0399896198150453
2024-05-28 11:00:00+00:00,9.98,-1.6792898178100586,1.6330466299960396,-3.7422103881835938,-0.41522528128519653
2024-05-28 12:00:00+00:00,3.2,-1.660543441772461,-1.4051774913579769,-3.740900993347168,0.8774586195551576
2024-05-28 13:00:00+00:00,2.03,-1.6400281190872192,-0.2282550896715379,-3.7405905723571777,-2.509827688152646
2024-05-28 14:00:00+00:00,-9.86,-1.6236295700073242,-6.5222610396335785,-3.73996901512146,-0.03526626709813069
2024-05-28 15:00:00+00:00,-12.83,-1.6035078763961792,-6.307112582256476,-3.7386717796325684,0.12395681023951705
2024-05-28 16:00:00+00:00,-4.41,-1.5836482048034668,-4.3739582353178,-3.7103638648986816,4.954130846349048
2024-05-28 17:00:00+00:00,-15.01,-1.5841411352157593,-4.006562359083089,-3.6613612174987793,-1.2878533215901677
2024-05-28 18:00:00+00:00,-0.56,-1.5841413736343384,-0.7666484684199035,-3.6037614345550537,-2.1139878652324056
2024-05-29 10:00:00+00:00,-0.28,-1.5841587781906128,-0.561087968665781,-3.5550522804260254,-1.3650543027560236
2024-05-29 11:00:00+00:00,-1.38,-1.585044026374817,-1.4107837439553443,-3.5442137718200684,-0.4428398394914499
2024-05-29 12:00:00+00:00,0.08,-1.5792171955108643,-1.8807179370906493,-3.52670955657959,0.7207659020781992
2024-05-29 13:00:00+00:00,-7.17,-1.5739359855651855,-3.058994633285825,-3.512389898300171,-1.3879321772553952
2024-05-29 14:00:00+00:00,-6.56,-1.5693786144256592,-0.7971116581941305,-3.49977707862854,-2.831595714336417
2024-05-29 15:00:00+00:00,7.74,-1.564186453819275,4.1806161683857805,-3.4791970252990723,-4.1404475840296
2024-05-29 16:00:00+00:00,8.33,-1.5545097589492798,2.569277393834215,-3.458425283432007,-1.4318217066602132
2024-05-29 17:00:00+00:00,14.92,-1.5407170057296753,3.4507866154539326,-3.4811601638793945,1.4805393838426442
2024-05-29 18:00:00+00:00,14.12,-1.5267207622528076,2.1603540978654006,-3.5027496814727783,0.35184385581085004
2024-05-30 10:00:00+00:00,-12.58,-1.5062525272369385,-2.4149529895749677,-3.4878089427948,-0.33099199521821054
2024-05-30 11:00:00+00:00,-0.04,-1.4892956018447876,-1.6743257291255351,-3.4732253551483154,-1.472089394165506
2024-05-30 12:00:00+00:00,-6.89,-1.4761109352111816,-3.755345897150882,-3.4517288208007812,-2.7847057734858818
2024-05-30 13:00:00+00:00,-9.94,-1.4747538566589355,-4.534307390471078,-3.428372621536255,-0.1359275151482754
2024-05-30 14:00:00+00:00,-3.32,-1.4858044385910034,-3.8442043602740767,-3.4043374061584473,2.1830032675089566
2024-05-30 15:00:00+00:00,2.02,-1.4972214698791504,-1.903409934930252,-3.376948595046997,-0.09891259744198028
2024-05-30 16:00:00+00:00,-6.21,-1.5158730745315552,-4.470165844093848,-3.3622195720672607,-2.6032625937833473
2024-05-30 17:00:00+00:00,-13.01,-1.536316990852356,-6.891278103196061,-3.343416452407837,-2.6342576514117093
2024-05-30 18:00:00+00:00,-52.61,-1.5475903749465942,-4.817980650259867,-3.311406373977661,0.9296781962682733
2024-05-31 10:00:00+00:00,32.66,-1.559106469154358,9.444913335627238,-3.278867244720459,5.944384561136955
2024-05-31 11:00:00+00:00,-16.87,-1.5691455602645874,-7.848561718421786,-3.2428624629974365,4.312903515155015
2024-05-31 12:00:00+00:00,-11.55,-1.5684986114501953,-4.84112497925134,-3.2484138011932373,-0.07445026775807456
2024-05-31 13:00:00+00:00,16.25,-1.5507516860961914,1.1567242165047593,-3.2508199214935303,-1.0256138913774513
2024-05-31 14:00:00+00:00,-0.45,-1.5230463743209839,-2.4306036829622046,-3.2525341510772705,-3.0825959176986695
2024-05-31 15:00:00+00:00,-11.55,-1.4877805709838867,-7.870863957222659,-3.2454752922058105,-1.8378159735993675
2024-05-31 16:00:00+00:00,-2.43,-1.446621060371399,-4.6252342198372745,-3.244816303253174,-2.6568511009304596
2024-05-31 17:00:00+00:00,-18.44,-1.4204096794128418,-7.660636881047848,-3.2297232151031494,0.342358612849071
2024-05-31 18:00:00+00:00,-25.56,-1.384598731994629,-10.184740795550077,-3.2031617164611816,0.6103518220869302
2024-06-03 10:00:00+00:00,-23.21,-1.3606282472610474,-11.762207078685153,-3.1983802318573,5.89265059998518
2024-06-03 11:00:00+00:00,-3.7,-1.3386462926864624,-5.166255151740398,-3.1862757205963135,5.3946524638555395
2024-06-03 12:00:00+00:00,-34.54,-1.3146274089813232,-14.98898599766172,-3.166071891784668,2.101229091122753
2024-06-03 13:00:00+00:00,-35.31,-1.2829725742340088,-13.679683812301962,-3.152639150619507,4.163868220311025
2024-06-03 14:00:00+00:00,26.73,-1.2463295459747314,12.07348693559953,-3.1468305587768555,6.628751553465484
2024-06-03 15:00:00+00:00,11.94,-1.1952780485153198,9.321477524940116,-3.1563539505004883,1.0789483013452765
2024-06-03 16:00:00+00:00,20.84,-1.1381490230560303,11.148902634408326,-3.1502296924591064,-0.30019310089237555
2024-06-03 17:00:00+00:00,-12.96,-1.082405924797058,-2.227453195442443,-3.1281423568725586,2.733474364308282
2024-06-03 18:00:00+00:00,25.35,-1.015801191329956,8.034712885071666,-3.104310989379883,-0.44839751894608193
2024-06-04 10:00:00+00:00,-18.67,-0.9463318586349487,2.713020988849309,-3.069758176803589,-7.7247908916200405
2024-06-04 11:00:00+00:00,18.39,-0.8772585988044739,9.471670624421197,-3.0356357097625732,2.2059651581356055
2024-06-04 12:00:00+00:00,9.71,-0.8087596297264099,9.73450544953681,-3.017813205718994,2.0055527751440523
2024-06-04 13:00:00+00:00,9.97,-0.7444939017295837,9.412286085093466,-2.9859652519226074,0.6059607359890498
2024-06-04 14:00:00+00:00,8.7,-0.679159939289093,6.099232070482537,-2.9616377353668213,2.264947012353583
2024-06-04 15:00:00+00:00,-5.37,-0.6268754005432129,0.48105619748206996,-2.9146347045898438,-3.082782117602623
2024-06-04 16:00:00+00:00,8.65,-0.5849749445915222,4.122458179591538,-2.873229742050171,3.2441369246319693
2024-06-04 17:00:00+00:00,-11.22,-0.5717427134513855,-0.12948481584340382,-2.8705203533172607,-1.7130316824753502
2024-06-04 18:00:00+00:00,22.25,-0.5564305186271667,7.6544078943652805,-2.831982135772705,-0.0922228514230552
2024-06-05 10:00:00+00:00,16.42,-0.5449103713035583,7.666604471607998,-2.7975494861602783,5.449738119822212
2024-06-05 11:00:00+00:00,8.29,-0.5413037538528442,3.4089921201140436,-2.764939308166504,-6.639862796713723
2024-06-05 12:00:00+00:00,-5.85,-0.5401611328125,-3.1112828843030322,-2.7028090953826904,0.9930023908483008
2024-06-05 13:00:00+00:00,-11.75,-0.5324578881263733,-2.441284814059315,-2.6457786560058594,-0.9024142561520064
2024-06-05 14:00:00+00:00,-5.35,-0.5397258996963501,-2.658831200173396,-2.5770931243896484,-0.3987004340704644
2024-06-05 15:00:00+00:00,3.47,-0.5644025802612305,1.0198174740430759,-2.5270376205444336,-1.8726245475578926
2024-06-05 16:00:00+00:00,10.15,-0.5999051928520203,1.0583569689818824,-2.496831178665161,4.036100877610798
2024-06-05 17:00:00+00:00,-12.32,-0.6235005855560303,-1.560210609475023,-2.485772132873535,-6.014961704558367
2024-06-05 18:00:00+00:00,-7.97,-0.6357055306434631,-2.4571882146000914,-2.4648118019104004,-2.857823363331538
2024-06-06 10:00:00+00:00,5.12,-0.6453752517700195,0.35078050980483555,-2.4532418251037598,-7.429203577543148
2024-06-06 11:00:00+00:00,-7.7,-0.6607349514961243,-1.656718468001103,-2.430943250656128,-2.974811877860747
2024-06-06 12:00:00+00:00,-14.36,-0.6698282361030579,-2.6597307922054916,-2.426281452178955,-2.165452590887729
2024-06-06 13:00:00+00:00,1.03,-0.670250654220581,0.49729295739968504,-2.436450481414795,-3.168480614828505
2024-06-06 14:00:00+00:00,6.11,-0.6753804087638855,1.7413609328407607,-2.4623231887817383,0.8088440438237681
2024-06-06 15:00:00+00:00,1.25,-0.6780445575714111,0.5415558186349442,-2.4559969902038574,-3.4869714956584184
2024-06-06 16:00:00+00:00,-4.32,-0.6796759366989136,0.3224098367780097,-2.426431655883789,-3.2633277612244886
2024-06-06 17:00:00+00:00,0.98,-0.6753238439559937,2.5713407803462096,-2.4129433631896973,4.842394765959666
2024-06-06 18:00:00+00:00,8.11,-0.6820864677429199,3.211388916981212,-2.395946741104126,-0.9622725271179143
2024-06-07 10:00:00+00:00,9.68,-0.6826996803283691,4.0856495526791194,-2.382742404937744,-0.20789163904182706
2024-06-07 11:00:00+00:00,12.47,-0.6769315600395203,4.107000092007281,-2.355693817138672,0.9601922440470643
2024-06-07 12:00:00+00:00,33.31,-0.6834519505500793,1.0132019761309472,-2.314357042312622,3.802563253775496
2024-06-07 13:00:00+00:00,-23.39,-0.6993159055709839,-3.9189767890224347,-2.2588415145874023,3.0455739394646524
2024-06-07 14:00:00+00:00,-2.32,-0.7112003564834595,-2.3632018080132196,-2.2241365909576416,-3.651785923093059
2024-06-07 15:00:00+00:00,-0.15,-0.7293375134468079,-0.764790576525621,-2.2080891132354736,6.259131444666419
2024-06-07 16:00:00+00:00,-2.52,-0.7499082088470459,-0.38101920592718885,-2.207677125930786,-7.55721356646582
2024-06-07 17:00:00+00:00,5.65,-0.7537177205085754,0.8411580569376658,-2.208653211593628,1.3143157239688263
2024-06-07 18:00:00+00:00,20.27,-0.7501382231712341,1.658033962115702,-2.207110643386841,2.579206169468743
2024-06-10 10:00:00+00:00,-8.64,-0.7303303480148315,-3.769393251083642,-2.195547580718994,0.310959107634353
2024-06-10 11:00:00+00:00,-14.76,-0.7057314515113831,-2.670497360147544,-2.1836462020874023,-0.08893721495823861
2024-06-10 12:00:00+00:00,-4.52,-0.6890445947647095,-2.215304041957864,-2.163597822189331,-4.0367234677570245
2024-06-10 13:00:00+00:00,-12.51,-0.6756432056427002,-4.906556601961102,-2.1280510425567627,4.909224971256155
2024-06-10 14:00:00+00:00,-5.12,-0.6560037732124329,-2.1030791082822815,-2.0889642238616943,-6.1421985294654275
2024-06-10 15:00:00+00:00,8.16,-0.6407360434532166,-0.12901516284815645,-2.0350425243377686,-2.955499879116637
2024-06-10 16:00:00+00:00,-9.76,-0.6308431029319763,-3.4285270319296295,-1.9972418546676636,-0.7001790516642762
2024-06-10 17:00:00+00:00,-25.4,-0.6277397274971008,-4.6739351506320705,-1.9955185651779175,-1.371989703892849
2024-06-10 18:00:00+00:00,-1.6,-0.6214526295661926,-2.0921444703952785,-1.9871097803115845,1.8500911561332223
2024-06-11 10:00:00+00:00,1.03,-0.630581259727478,0.41612458887375975,-1.949973225593567,-0.14514162342255627
2024-06-11 11:00:00+00:00,-12.25,-0.6511681079864502,-2.5323005335812825,-1.9021741151809692,4.106738162857502
2024-06-11 12:00:00+00:00,-5.19,-0.6758061647415161,-2.4077354949207037,-1.8506842851638794,0.012612557419831971
2024-06-11 13:00:00+00:00,6.1,-0.6954525113105774,1.3307718213558353,-1.7964404821395874,0.6796981876611472
2024-06-11 14:00:00+00:00,-5.34,-0.7226428389549255,-0.3862046251829774,-1.734580397605896,-1.1971403243563283
2024-06-11 15:00:00+00:00,9.37,-0.7595452070236206,1.116280955480005,-1.6798394918441772,-5.770072184512682
2024-06-11 16:00:00+00:00,2.49,-0.811545729637146,1.307189085148827,-1.634515643119812,0.4451165248237198
2024-06-11 17:00:00+00:00,-4.45,-0.8574510812759399,0.458038505190165,-1.630528450012207,2.1875945856784753
2024-06-11 18:00:00+00:00,-61.02,-0.9004104733467102,-3.9333558153692847,-1.6210488080978394,0.47777508538841673
2024-06-13 10:00:00+00:00,19.44,-0.9636282324790955,6.250010443391386,-1.6082268953323364,12.535182392137871
2024-06-13 11:00:00+00:00,-5.36,-1.0166698694229126,0.751302855619149,-1.6192084550857544,1.0796944020200727
2024-06-13 12:00:00+00:00,-4.81,-1.069100022315979,-0.08179236218390075,-1.6430604457855225,4.801400294693656
2024-06-13 13:00:00+00:00,12.93,-1.1196839809417725,3.6769321629567275,-1.661156415939331,6.269097240403747
2024-06-13 14:00:00+00:00,32.73,-1.187205195426941,4.998752034852782,-1.6669957637786865,5.741422919819807
2024-06-13 15:00:00+00:00,4.49,-1.2531696557998657,3.664369824425246,-1.6766886711120605,0.6829487072747016
2024-06-13 16:00:00+00:00,5.47,-1.3197365999221802,2.1710605737031785,-1.6687027215957642,3.1530853275544484
2024-06-13 17:00:00+00:00,-3.28,-1.3466229438781738,0.10880656022337282,-1.6473711729049683,1.2923118087753203
2024-06-13 18:00:00+00:00,-2.92,-1.3878991603851318,-2.922214767554707,-1.6507760286331177,2.4785109872568443
2024-06-14 10:00:00+00:00,-0.71,-1.4152644872665405,-0.4497893597699,-1.6591534614562988,1.7542889663240118
2024-06-14 11:00:00+00:00,11.36,-1.4297558069229126,4.396776762041201,-1.6576281785964966,2.769428270521236
2024-06-14 12:00:00+00:00,5.17,-1.3994426727294922,2.8609814935105025,-1.662900686264038,1.4057295588275818
2024-06-14 13:00:00+00:00,5.51,-1.3311896324157715,2.9607237605313634,-1.6550791263580322,-5.5203754564407115
2024-06-14 14:00:00+00:00,3.34,-1.2777780294418335,2.4790642271740664,-1.6572712659835815,0.4428703428106796
2024-06-14 15:00:00+00:00,22.42,-1.2259247303009033,2.337977706342142,-1.6538848876953125,1.2965223820745784
2024-06-14 16:00:00+00:00,-3.28,-1.1983927488327026,-0.7932621369098214,-1.652836799621582,-1.3060702221130938
2024-06-14 17:00:00+00:00,3.33,-1.1708614826202393,1.7435162813349887,-1.6749075651168823,-4.577260092345111
2024-06-14 18:00:00+00:00,-0.67,-1.154016375541687,-0.6591129874119451,-1.6585521697998047,1.3855075144166566
2024-06-17 10:00:00+00:00,-20.0,-1.1282676458358765,-2.1780623097140746,-1.673985242843628,-6.850808114615304
2024-06-17 11:00:00+00:00,8.47,-1.124358892440796,1.3801951368266039,-1.6746644973754883,-3.6743504417533446
2024-06-17 12:00:00+00:00,5.35,-1.1310127973556519,0.8060097643092017,-1.6809412240982056,-1.9916810968124998
2024-06-17 13:00:00+00:00,-6.85,-1.1366153955459595,-2.127077156126993,-1.678649663925171,3.2632797977379893
2024-06-17 14:00:00+00:00,-6.06,-1.1354966163635254,-2.4768859035910307,-1.7028374671936035,-1.6589285165887329
2024-06-17 15:00:00+00:00,-4.5,-1.1051654815673828,-2.6570378824606546,-1.6857211589813232,-2.060740112870884
2024-06-17 16:00:00+00:00,2.49,-1.0693918466567993,-1.4584325363605437,-1.6749471426010132,-0.26618380595125607
2024-06-17 17:00:00+00:00,-10.46,-1.0371681451797485,-4.1144251210322595,-1.6425774097442627,-4.583353634734793
2024-06-17 18:00:00+00:00,-13.86,-0.9982075691223145,-6.4866014505474405,-1.62558913230896,-7.326299483822666
2024-06-18 10:00:00+00:00,-8.86,-0.9640347361564636,-5.492802242133598,-1.6183714866638184,3.617028592203325
2024-06-18 11:00:00+00:00,-6.59,-0.9568009972572327,-5.737848007968206,-1.621145486831665,-4.62319263841038
2024-06-18 12:00:00+00:00,3.62,-0.9327609539031982,-1.7668867442409257,-1.6342746019363403,-2.9435863943188263
2024-06-18 13:00:00+00:00,-7.6,-0.9066928029060364,-5.521035184028132,-1.6357301473617554,1.3667004436583023
2024-06-18 14:00:00+00:00,-18.13,-0.8913950324058533,-11.077844441473019,-1.6415506601333618,-0.5118491821768955
2024-06-18 15:00:00+00:00,0.28,-0.8855752944946289,-5.118589401538404,-1.677223563194275,-1.5989628511107548
2024-06-18 16:00:00+00:00,-9.1,-0.881242036819458,-9.328097896875867,-1.6899045705795288,1.5978890650902473
2024-06-18 17:00:00+00:00,-9.29,-0.8536162972450256,-10.023811980920476,-1.71608304977417,-5.667316724151979
2024-06-18 18:00:00+00:00,-24.98,-0.8157089948654175,-14.891934607982112,-1.7547392845153809,-0.9571414568347267
2024-06-19 10:00:00+00:00,-7.27,-0.7644284963607788,-7.394728746214546,-1.809777855873108,-0.7906443886205472
2024-06-19 11:00:00+00:00,-7.91,-0.7036142945289612,-7.6185989769548845,-1.8563148975372314,4.731318173616942
2024-06-19 12:00:00+00:00,-13.63,-0.663901150226593,-5.880874831193572,-1.8757539987564087,2.403192925756174
2024-06-19 13:00:00+00:00,10.18,-0.6161869764328003,-1.7118823030132095,-1.922639012336731,-0.0936574357989195
2024-06-19 14:00:00+00:00,5.93,-0.582604169845581,-0.21145728610064835,-1.9120759963989258,4.116396307330119
2024-06-19 15:00:00+00:00,-16.66,-0.549347996711731,-10.028935519424692,-1.9342691898345947,-1.8349472227203023
2024-06-19 16:00:00+00:00,-31.4,-0.5096699595451355,-11.051675565512191,-1.9646998643875122,-1.07278262323236
2024-06-19 17:00:00+00:00,-0.94,-0.4570630192756653,-0.6683062100763247,-1.990300178527832,0.6936609315056741
2024-06-19 18:00:00+00:00,48.0,-0.39648616313934326,8.831043598956157,-2.0118637084960938,2.1969061985213267
2024-06-20 10:00:00+00:00,8.16,-0.3400689363479614,1.9602920776905384,-2.020822525024414,3.069352032367356
2024-06-20 11:00:00+00:00,-6.9,-0.28487786650657654,-4.281662827426645,-2.0649726390838623,3.0022254510967903
2024-06-20 12:00:00+00:00,-28.66,-0.25262004137039185,-9.689703394987376,-2.0592803955078125,4.851115553371313
2024-06-20 13:00:00+00:00,-33.46,-0.21064797043800354,-12.789355859926136,-2.0671958923339844,-7.099529383997863
2024-06-20 14:00:00+00:00,60.64,-0.16438335180282593,10.171754331519432,-2.079496145248413,-3.1239782579305793
2024-06-20 15:00:00+00:00,5.4,-0.12862877547740936,4.136701365369127,-2.093916416168213,8.952208699205189
2024-06-20 16:00:00+00:00,30.41,-0.09662181884050369,6.833866680017097,-2.1250407695770264,4.02900016984632
2024-06-20 17:00:00+00:00,12.37,-0.03493199124932289,3.0401094691355417,-2.1154398918151855,1.1470423184060337
2024-06-20 18:00:00+00:00,-4.92,0.013816764578223228,-2.1176896542548365,-2.124354600906372,0.8285968057527953
2024-06-21 10:00:00+00:00,-2.04,0.04980865865945816,-2.12363425450924,-2.1150312423706055,3.756277034104966
2024-06-21 11:00:00+00:00,-19.37,0.08784851431846619,-4.5788202580563775,-2.1097629070281982,-0.3868476251330081
2024-06-21 12:00:00+00:00,16.94,0.12466149032115936,3.8414260681675114,-2.0824995040893555,1.4734999306090684
2024-06-21 13:00:00+00:00,7.73,0.153859481215477,4.927310766507396,-2.037841796875,2.398715246486827
2024-06-21 14:00:00+00:00,1.32,0.18489518761634827,0.7100988080437256,-2.0177955627441406,-7.165795451468385
2024-06-21 15:00:00+00:00,-2.13,0.21112452447414398,-1.4840281623293967,-1.994248628616333,0.4895915780673592
2024-06-21 16:00:00+00:00,-5.79,0.2386418730020523,-3.1186170517726395,-1.9725525379180908,-4.156226986697312
2024-06-21 17:00:00+00:00,-0.82,0.29925498366355896,-1.3404275115596362,-2.013746500015259,-0.9045292057560239
2024-06-21 18:00:00+00:00,10.79,0.3658658266067505,-0.5759697862393223,-2.008352518081665,0.3074980997111565
2024-06-24 10:00:00+00:00,-12.75,0.42112576961517334,-5.55802496554878,-2.0230491161346436,0.7020104799172362
2024-06-24 11:00:00+00:00,-9.1,0.44955575466156006,-2.5995042238007766,-2.049738645553589,1.8109974723119304
2024-06-24 12:00:00+00:00,5.43,0.4803801476955414,1.8862238058700198,-2.075579881668091,-2.8708486528401327
2024-06-24 13:00:00+00:00,0.95,0.5280426740646362,1.0950372834486066,-2.084136486053467,-0.26851772961102877
2024-06-24 14:00:00+00:00,-6.3,0.5679631233215332,-1.550240425150915,-2.1046581268310547,-0.917841419086368
2024-06-24 15:00:00+00:00,5.94,0.6000008583068848,0.6507191631770907,-2.114264488220215,-2.451082622174977
2024-06-24 16:00:00+00:00,-8.41,0.6365783214569092,-3.1284841906786713,-2.1145427227020264,0.43225750029518717
2024-06-24 17:00:00+00:00,-2.85,0.685405433177948,-3.4856492527240164,-2.1259803771972656,-0.8157175466053902
2024-06-24 18:00:00+00:00,-10.22,0.7547915577888489,-6.7398039610922345,-2.1436376571655273,-8.666834345134156
2024-06-25 10:00:00+00:00,-9.79,0.8257129192352295,-7.8582785216625215,-2.1536805629730225,0.9752870060290333
2024-06-25 11:00:00+00:00,5.85,0.9000350832939148,-0.08369675246685106,-2.1486151218414307,1.6873993942984686
2024-06-25 12:00:00+00:00,14.5,0.9819315671920776,-0.37890238515559715,-2.174467086791992,2.432398319473039
2024-06-25 13:00:00+00:00,-6.92,1.0751430988311768,-1.7930337710827795,-2.2058088779449463,-5.886526360527146
2024-06-25 14:00:00+00:00,0.69,1.1441725492477417,0.49002223233494135,-2.2171056270599365,1.6825597627275077
2024-06-25 15:00:00+00:00,7.17,1.2038769721984863,1.5165139639195884,-2.2264702320098877,-2.734831087893885
2024-06-25 16:00:00+00:00,-2.75,1.2700828313827515,0.4425878124441216,-2.259317636489868,3.4278413072553517
2024-06-25 17:00:00+00:00,14.81,1.342435359954834,2.47653662785385,-2.2586007118225098,2.57949751247421
2024-06-25 18:00:00+00:00,30.52,1.3873053789138794,1.1847850657315702,-2.249455213546753,-0.35879267157795336
2024-06-26 10:00:00+00:00,0.31,1.4449864625930786,-0.023007745864435998,-2.249708652496338,-3.721345616851025
2024-06-26 11:00:00+00:00,4.81,1.5030770301818848,1.3722213160018975,-2.2653894424438477,0.09401469164550863
2024-06-26 12:00:00+00:00,3.4,1.562535047531128,1.438572126708152,-2.2500622272491455,-3.966406359024469
2024-06-26 13:00:00+00:00,-5.74,1.6211609840393066,0.21535317662932607,-2.2240257263183594,4.402235035244079
2024-06-26 14:00:00+00:00,-4.74,1.6753050088882446,-0.20756604303702758,-2.2111740112304688,-6.633634077125471
2024-06-26 15:00:00+00:00,7.22,1.7169585227966309,0.48095230134460376,-2.165186643600464,3.9381377763024554
2024-06-26 16:00:00+00:00,-2.11,1.7211166620254517,-0.7213348965126477,-2.1165287494659424,-1.0158442073271234
2024-06-26 17:00:00+00:00,6.64,1.749769687652588,0.10280442113511856,-2.108957052230835,-5.664195019765867
2024-06-26 18:00:00+00:00,-16.38,1.760803461074829,-1.9937662078814973,-2.065960645675659,2.1864775158221184
2024-06-27 10:00:00+00:00,-2.56,1.7622573375701904,-2.382404698558114,-2.0361196994781494,0.10028057979000587
2024-06-27 11:00:00+00:00,-5.47,1.7384077310562134,-1.0690106876046896,-2.0221357345581055,-2.9250628949087125
2024-06-27 12:00:00+00:00,9.65,1.6917699575424194,1.3979356207530813,-1.994314193725586,-2.5728665564740716
2024-06-27 13:00:00+00:00,-4.89,1.646916389465332,-0.42492880783169035,-1.9650741815567017,2.748551046716158
2024-06-27 14:00:00+00:00,18.3,1.5881989002227783,1.1501294138464953,-1.9422520399093628,-0.2788855333070339
2024-06-27 15:00:00+00:00,-0.42,1.5303428173065186,0.19810776234580213,-1.886928915977478,0.3142398425149363
2024-06-27 16:00:00+00:00,2.38,1.492002248764038,0.4008260577411696,-1.8380812406539917,-0.22882350367296128
2024-06-27 17:00:00+00:00,-1.99,1.5246596336364746,-0.18800596962445834,-1.804898738861084,-3.120423220974552
2024-06-27 18:00:00+00:00,10.77,1.5351418256759644,1.5296280805344593,-1.781798243522644,-4.358912554649886
2024-06-28 10:00:00+00:00,-2.66,1.5566116571426392,-1.1926107410567397,-1.7517751455307007,3.7565042799616144
2024-06-28 11:00:00+00:00,3.12,1.557490587234497,0.39572494808094627,-1.7222673892974854,4.26738248885177
2024-06-28 12:00:00+00:00,-5.2,1.5801689624786377,-1.4875366507470087,-1.7100763320922852,9.633139833996992
2024-06-28 13:00:00+00:00,-11.99,1.5861605405807495,-2.325904631455273,-1.6759815216064453,-3.8866943441822377
2024-06-28 14:00:00+00:00,8.38,1.5875455141067505,1.6720429921996116,-1.6311296224594116,-0.16605520560504952
2024-06-28 15:00:00+00:00,-0.52,1.6123664379119873,0.17075928143951077,-1.6181837320327759,1.5140740997822142
2024-06-28 16:00:00+00:00,-1.2,1.6172430515289307,-1.1713296226278251,-1.6079912185668945,-0.20607344277421885
2024-06-28 17:00:00+00:00,3.34,1.6387377977371216,1.7479638188290982,-1.6207953691482544,3.1984153240893516
2024-06-28 18:00:00+00:00,7.69,1.648193120956421,2.3674722754188773,-1.6387346982955933,-2.9012883028266088
2024-07-01 10:00:00+00:00,-3.98,1.62852144241333,-2.226711239567831,-1.6573933362960815,1.5279134696034289
2024-07-01 11:00:00+00:00,-3.81,1.6010887622833252,-1.465224494291889,-1.632912039756775,3.6097306506230518
2024-07-01 12:00:00+00:00,11.9,1.5990304946899414,2.27140442896924,-1.6486256122589111,2.263019742030794
2024-07-01 13:00:00+00:00,5.13,1.6184618473052979,2.8460922826296784,-1.7156509160995483,2.702024748138527
2024-07-01 14:00:00+00:00,3.2,1.6092240810394287,3.3008021731148243,-1.7321951389312744,0.5821700458877818
2024-07-01 15:00:00+00:00,5.49,1.6125106811523438,4.576579214922069,-1.7366456985473633,-0.13564972763291436
2024-07-01 16:00:00+00:00,5.25,1.612624168395996,3.033317764237265,-1.753240704536438,2.8898091650258273
2024-07-01 17:00:00+00:00,0.96,1.5929664373397827,0.8249409582206948,-1.7809178829193115,2.9779108887248844
2024-07-01 18:00:00+00:00,19.76,1.5530236959457397,3.381741175619884,-1.7803822755813599,4.1272644743664095
2024-07-02 10:00:00+00:00,-4.38,1.5072484016418457,-1.9456130654176635,-1.7793540954589844,-1.5624618020851353
2024-07-02 11:00:00+00:00,6.55,1.4732766151428223,2.636101797188881,-1.7812206745147705,-1.652614628495807
2024-07-02 12:00:00+00:00,-1.34,1.4573116302490234,0.5323537308986297,-1.7638248205184937,0.6674135785420167
2024-07-02 13:00:00+00:00,5.67,1.4484268426895142,2.477338388769939,-1.7696621417999268,-0.4522547301441578
2024-07-02 14:00:00+00:00,3.36,1.4129531383514404,2.0409821743879974,-1.7628430128097534,1.1539078723664968
2024-07-02 15:00:00+00:00,-1.76,1.377531886100769,-1.3315427355441904,-1.7663575410842896,-3.1374863510105153
2024-07-02 16:00:00+00:00,6.43,1.3324015140533447,2.360662893165132,-1.7727649211883545,0.21905141968825165
2024-07-02 17:00:00+00:00,-3.19,1.2782182693481445,-1.6856420429163914,-1.789050579071045,1.0207712201004224
2024-07-02 18:00:00+00:00,-6.91,1.215463399887085,-3.1002503370920804,-1.80082368850708,1.9506437286934817
2024-07-03 10:00:00+00:00,-2.12,1.1477373838424683,-2.0939621735675074,-1.7941430807113647,-1.5061261702207664
2024-07-03 11:00:00+00:00,13.66,1.0920463800430298,-0.11310622568620077,-1.8014682531356812,-2.228668394765066
2024-07-03 12:00:00+00:00,-4.14,1.0367769002914429,-1.4309721707720662,-1.8014665842056274,-3.0087966370505823
2024-07-03 13:00:00+00:00,2.15,0.983166515827179,-0.3449482160496103,-1.7962546348571777,1.6907421382841017
2024-07-03 14:00:00+00:00,-0.99,0.9447630047798157,-1.0385375924114697,-1.805578589439392,2.1908018805229585
2024-07-03 15:00:00+00:00,-10.58,0.900381863117218,-3.6411024506408705,-1.7969790697097778,-1.6604263904349361
2024-07-03 16:00:00+00:00,-11.01,0.8611788749694824,-2.7340348234948846,-1.7515312433242798,-5.5100465933485765
2024-07-03 17:00:00+00:00,5.72,0.8212764263153076,-0.3705262514491598,-1.7564085721969604,-3.032959659284115
2024-07-03 18:00:00+00:00,-15.36,0.7922824025154114,-6.035862229535152,-1.7645578384399414,-0.46519656952542565
2024-07-04 10:00:00+00:00,0.14,0.7485246658325195,0.20451536383923408,-1.7845711708068848,2.5158672730951315
2024-07-04 11:00:00+00:00,-2.07,0.695132851600647,-2.4106605731276103,-1.7899845838546753,-0.2833399437686917
2024-07-04 12:00:00+00:00,-11.83,0.6029277443885803,-7.593955713678293,-1.8231850862503052,-2.885418404600734
2024-07-04 13:00:00+00:00,-4.16,0.5153528451919556,-4.000361691626159,-1.844265103340149,-1.1876619802258617
2024-07-04 14:00:00+00:00,-3.84,0.44938361644744873,-3.796197204603593,-1.8998522758483887,0.5905121401540155
2024-07-04 15:00:00+00:00,-25.87,0.3821728825569153,-10.48224477943641,-1.9569921493530273,3.078173586042061
2024-07-04 16:00:00+00:00,3.66,0.3565262258052826,-1.141238317349737,-2.0186638832092285,1.1484083739505844
2024-07-04 17:00:00+00:00,-9.93,0.332326203584671,-6.392260369163612,-2.077045440673828,0.0627365565057294
2024-07-04 18:00:00+00:00,-9.71,0.30505165457725525,-8.790407386961975,-2.1356639862060547,2.589293341013294
2024-07-05 10:00:00+00:00,-3.82,0.2958219349384308,-2.4409176267889947,-2.1940929889678955,-0.4315029527100955
2024-07-05 11:00:00+00:00,24.88,0.2836843729019165,4.279151440469025,-2.2638461589813232,-1.9595203631832878
2024-07-05 12:00:00+00:00,5.1,0.27878862619400024,1.530935263857227,-2.3035988807678223,4.043338636606038
2024-07-05 13:00:00+00:00,-10.96,0.27800342440605164,-2.8718358846887573,-2.365157127380371,1.7358880338104656
2024-07-05 14:00:00+00:00,-3.46,0.28497788310050964,-1.7364670047894626,-2.418687105178833,3.9180330105025156
2024-07-05 15:00:00+00:00,1.16,0.2965741753578186,-0.6308232121850863,-2.456615447998047,-0.25137177631790975
2024-07-05 16:00:00+00:00,5.72,0.3252308666706085,1.2021335711974206,-2.512263298034668,-4.795632364706808
2024-07-05 17:00:00+00:00,6.57,0.33947789669036865,1.754154029641864,-2.5490121841430664,0.9190753215524223
2024-07-05 18:00:00+00:00,15.52,0.3428245186805725,2.3423771495010492,-2.56699800491333,-1.8645441743212567
2024-07-08 10:00:00+00:00,-7.6,0.3290044963359833,-3.666164275958308,-2.5784499645233154,0.5070440503317906
2024-07-08 11:00:00+00:00,-15.91,0.3140096068382263,-3.562207955398768,-2.6164445877075195,1.352027532977931
2024-07-08 12:00:00+00:00,-0.16,0.26193439960479736,-1.4344512146227784,-2.6232869625091553,-1.6692384909648468
2024-07-08 13:00:00+00:00,-7.88,0.24614225327968597,-2.4613696446491153,-2.6529555320739746,-1.052958285588021
2024-07-08 14:00:00+00:00,0.06,0.23933552205562592,-1.0480993157219582,-2.673095941543579,0.5576203268717775
2024-07-08 15:00:00+00:00,4.61,0.24399028718471527,-0.9103621964507284,-2.6862258911132812,2.955898182107127
2024-07-08 16:00:00+00:00,-1.38,0.25332507491111755,-1.3857555970772606,-2.6876180171966553,-4.157900570021275
2024-07-08 17:00:00+00:00,-3.97,0.27073633670806885,-2.6790685022524117,-2.7219600677490234,-2.566426653243231
2024-07-08 18:00:00+00:00,-22.51,0.2802066504955292,-5.675988712312124,-2.761650562286377,-3.4385827185501743
2024-07-09 10:00:00+00:00,-10.0,0.29289722442626953,-5.904568284391959,-2.8225502967834473,1.53196441304354
2024-07-09 11:00:00+00:00,-3.01,0.3140791952610016,-2.8088224798987103,-2.833345413208008,-3.1306432523554104
2024-07-09 12:00:00+00:00,6.62,0.3155638873577118,-0.5886039034325121,-2.8316810131073,-1.8277063840817602
2024-07-09 13:00:00+00:00,-12.47,0.33762919902801514,-7.345821891446257,-2.8468878269195557,-0.029263785839927225
2024-07-09 14:00:00+00:00,-7.41,0.3443714678287506,-7.12602563198553,-2.8503339290618896,-1.4228051117877014
2024-07-09 15:00:00+00:00,-4.54,0.3594520390033722,-6.068773679824418,-2.861055374145508,-1.6463249893896617
2024-07-09 16:00:00+00:00,-18.53,0.3750658631324768,-9.941933166515934,-2.8653435707092285,-0.009132353325564724
2024-07-09 17:00:00+00:00,-6.66,0.39776766300201416,-7.760739208062526,-2.8923187255859375,-0.8468760581311509
2024-07-09 18:00:00+00:00,-18.76,0.3930777311325073,-9.748602552882046,-2.9140143394470215,0.8137238438222927
2024-07-10 10:00:00+00:00,-8.82,0.3802545964717865,-8.315497505097134,-2.93548583984375,-1.3508307496480594
2024-07-10 11:00:00+00:00,14.7,0.3918677270412445,-2.0273299426117575,-2.973637819290161,4.007942749721261
2024-07-10 12:00:00+00:00,-3.32,0.40689775347709656,-5.381012236782053,-3.00355863571167,0.4759426393902888
2024-07-10 13:00:00+00:00,-12.94,0.43997812271118164,-9.257952654426665,-3.025733232498169,-0.3371922696414993
2024-07-10 14:00:00+00:00,-22.06,0.4652658700942993,-11.740259980723861,-3.0551869869232178,-1.1987232613403043
2024-07-10 15:00:00+00:00,-9.78,0.4980144500732422,-10.075178792311666,-3.091291666030884,0.6662751520157992
2024-07-10 16:00:00+00:00,-18.55,0.5172879695892334,-11.19563342710968,-3.1387760639190674,2.945100597528521
2024-07-10 17:00:00+00:00,1.21,0.5613306760787964,-5.013002056663874,-3.171623945236206,6.772614998320147
2024-07-10 18:00:00+00:00,-16.61,0.5901361107826233,-9.881503982012207,-3.1957895755767822,4.992030026517117
2024-07-11 10:00:00+00:00,-7.4,0.6321821212768555,-5.773689916004911,-3.2227890491485596,3.576313167723872
2024-07-11 11:00:00+00:00,22.38,0.6928421258926392,-1.3038124433052543,-3.234863758087158,0.49462766491178844
2024-07-11 12:00:00+00:00,-1.59,0.7688613533973694,-1.4893847167004253,-3.235990285873413,0.6127654383310599
2024-07-11 13:00:00+00:00,17.57,0.853376030921936,0.9162884337530779,-3.2242722511291504,0.7553580496238836
2024-07-11 14:00:00+00:00,-10.84,0.9207661747932434,-2.9561731495696595,-3.2196218967437744,-1.4153109887405406
2024-07-11 15:00:00+00:00,0.63,0.9800557494163513,0.49669517324505263,-3.2158150672912598,1.0772995359731716
2024-07-11 16:00:00+00:00,3.65,1.0228705406188965,2.0653191271611697,-3.214932680130005,2.2238748559786776
2024-07-11 17:00:00+00:00,8.67,1.1096367835998535,2.697474901522151,-3.1965956687927246,-1.8064238613850803
2024-07-11 18:00:00+00:00,-7.99,1.156327724456787,-2.467504458907111,-3.1627774238586426,-1.607102312327935
2024-07-12 10:00:00+00:00,-3.9,1.251468539237976,-2.5084727596170695,-3.1391468048095703,3.3910980297842404
2024-07-12 11:00:00+00:00,1.31,1.322361707687378,-1.780603728042583,-3.118199110031128,-4.129609412213631
2024-07-12 12:00:00+00:00,-0.02,1.3859529495239258,-0.016778166125001357,-3.08994460105896,-0.9951303831076265
2024-07-12 13:00:00+00:00,-12.17,1.428920030593872,-2.749584855975898,-3.040194034576416,0.3539719081832067
2024-07-12 14:00:00+00:00,-1.49,1.4479005336761475,-1.4759987550982867,-2.9562876224517822,1.8554787164160835
2024-07-12 15:00:00+00:00,29.76,1.4496431350708008,0.08510087307694354,-2.87471866607666,-7.424949973689751
2024-07-12 16:00:00+00:00,-16.16,1.4484957456588745,-2.16810761496397,-2.8037989139556885,1.139157879180368
2024-07-12 17:00:00+00:00,-8.34,1.4767839908599854,-2.9368166373288687,-2.778620719909668,-0.6045312871579777
2024-07-12 18:00:00+00:00,-22.19,1.503725290298462,-5.254135590485444,-2.7326650619506836,-0.31031063255921065
2024-07-15 10:00:00+00:00,13.34,1.5326660871505737,-1.5314612734442241,-2.6745142936706543,-1.7126202150780212
2024-07-15 11:00:00+00:00,-6.87,1.5570071935653687,-2.8599625379679545,-2.6135640144348145,-2.2196058081476897
2024-07-15 12:00:00+00:00,0.89,1.5851291418075562,-2.55748054389811,-2.5662214756011963,-2.258013837039933
2024-07-15 13:00:00+00:00,-11.93,1.5995410680770874,-4.12150241802355,-2.5220725536346436,-1.9203831089321215
2024-07-15 14:00:00+00:00,-1.47,1.6389656066894531,-4.800208115771705,-2.4912264347076416,-0.07014537128615728
2024-07-15 15:00:00+00:00,-12.75,1.6864361763000488,-5.37515737273032,-2.4555063247680664,-5.374046936992671
2024-07-15 16:00:00+00:00,-11.54,1.7164127826690674,-7.937786110918559,-2.4206318855285645,-1.4628068375313714
2024-07-15 17:00:00+00:00,-7.21,1.760488510131836,-5.50364087526755,-2.3844399452209473,-1.6656048173999745
2024-07-15 18:00:00+00:00,-4.0,1.8090511560440063,-5.978141255344028,-2.3450095653533936,2.8667697114536654
2024-07-16 10:00:00+00:00,-22.59,1.863543152809143,-10.138729811121863,-2.3457870483398438,6.59879189446042
2024-07-16 11:00:00+00:00,24.24,1.9242998361587524,4.368894384193539,-2.332369327545166,-0.26944798082145716
2024-07-16 12:00:00+00:00,-11.82,1.9944223165512085,-4.402750325493033,-2.3171911239624023,0.39206884980525847
2024-07-16 13:00:00+00:00,5.3,2.063570976257324,-1.204395828303244,-2.2838268280029297,1.420342889580469
2024-07-16 14:00:00+00:00,-6.13,2.1282360553741455,-2.3079385907454397,-2.229628801345825,2.183121858287028
2024-07-16 15:00:00+00:00,-3.88,2.2017154693603516,-2.507656470257777,-2.20743465423584,0.7106377449734749
2024-07-16 16:00:00+00:00,41.6,2.2768869400024414,0.07070248453063477,-2.178715944290161,0.863924114583003
2024-07-16 17:00:00+00:00,8.66,2.3689987659454346,1.7170051233652943,-2.186262369155884,-1.0110477827739885
2024-07-16 18:00:00+00:00,-3.01,2.4649879932403564,-2.678502886834116,-2.1829469203948975,-0.9525968179531609
2024-07-17 10:00:00+00:00,25.33,2.5596320629119873,0.455737809044608,-2.1580770015716553,3.8867142302790367
2024-07-17 11:00:00+00:00,0.36,2.660017490386963,-0.7822402267794388,-2.1205523014068604,-3.789836775607344
2024-07-17 12:00:00+00:00,-7.82,2.7479498386383057,-3.1559331238152555,-2.0912065505981445,5.893624110509383
2024-07-17 13:00:00+00:00,-1.78,2.8461191654205322,-0.4608623737388126,-2.0894453525543213,-3.22320155428848
2024-07-17 14:00:00+00:00,7.7,2.9437220096588135,1.7528485382935888,-2.0525293350219727,-0.8257316977031173
2024-07-17 15:00:00+00:00,4.7,3.0212204456329346,0.9587443706555535,-2.019423246383667,3.7927080722927435
2024-07-17 16:00:00+00:00,-8.6,3.073065996170044,-2.0973956489011782,-1.9835282564163208,-2.521863590416783
2024-07-17 17:00:00+00:00,-14.5,3.1152007579803467,-1.2094910591555197,-1.9701685905456543,4.268778417555475
2024-07-17 18:00:00+00:00,-25.48,3.1493024826049805,-2.2484141726206155,-1.942468523979187,-0.47518826855111795
2024-07-18 10:00:00+00:00,7.39,3.1910035610198975,2.3519236995729553,-1.916172981262207,-5.071621414493389
2024-07-18 11:00:00+00:00,7.07,3.2294106483459473,2.5584798457503264,-1.8972468376159668,-0.729189129215946
2024-07-18 12:00:00+00:00,0.27,3.256037712097168,1.4206454410802964,-1.8607686758041382,-3.0744374868370365
2024-07-18 13:00:00+00:00,-0.65,3.2743639945983887,1.590112470858092,-1.8188965320587158,-2.2817015641477805
2024-07-18 14:00:00+00:00,3.6,3.302400827407837,1.3051934916089403,-1.7894777059555054,0.1435647258134909
2024-07-18 15:00:00+00:00,12.61,3.3295905590057373,3.065650827188909,-1.754228949546814,-5.134519522171457
2024-07-18 16:00:00+00:00,15.15,3.3540406227111816,2.6255698420262283,-1.725041151046753,0.03555733589216192
2024-07-18 17:00:00+00:00,13.42,3.3950042724609375,3.3338383387065744,-1.7051066160202026,4.882569032273569
2024-07-18 18:00:00+00:00,-1.32,3.435960292816162,-0.270436322218241,-1.7027554512023926,6.1080517247748825
2024-07-19 10:00:00+00:00,-1.58,3.471576690673828,-0.8226590663241492,-1.680659532546997,-2.0036400030375865
2024-07-19 11:00:00+00:00,18.62,3.483689546585083,1.601311847966635,-1.649823546409607,-1.6934109062167733
2024-07-19 12:00:00+00:00,20.43,3.484952926635742,1.3470610161060395,-1.6168944835662842,0.6401277517851272
2024-07-19 13:00:00+00:00,-3.51,3.47576642036438,-1.9315129180058748,-1.5991796255111694,4.0562937281184235
2024-07-19 14:00:00+00:00,1.46,3.484495162963867,0.6036149432443594,-1.6043161153793335,3.236163561413154
2024-07-19 15:00:00+00:00,-5.52,3.4897212982177734,-1.7937301953366653,-1.6227312088012695,-0.8221977884179865
2024-07-19 16:00:00+00:00,1.68,3.4961676597595215,0.47870116695224746,-1.6480990648269653,1.629803938718028
2024-07-19 17:00:00+00:00,-2.64,3.5237579345703125,-0.509754277682912,-1.7294714450836182,2.400801356585975
2024-07-19 18:00:00+00:00,22.84,3.5547986030578613,-0.08618979074202571,-1.763428807258606,0.8422431331543272
2024-07-22 10:00:00+00:00,4.11,3.5874266624450684,0.06772376377237602,-1.7912627458572388,3.7666106708208487
2024-07-22 11:00:00+00:00,-10.37,3.589597702026367,-0.5612186664454479,-1.8221025466918945,0.09218697970864964
2024-07-22 12:00:00+00:00,-0.43,3.595485210418701,-0.5514077057736064,-1.8394591808319092,0.368589259385236
2024-07-22 13:00:00+00:00,6.88,3.583256959915161,-0.0728553707205413,-1.8517286777496338,0.5966854762873904
2024-07-22 14:00:00+00:00,-6.05,3.588041305541992,-2.3081184649932003,-1.8632004261016846,-3.9195918112000796
2024-07-22 15:00:00+00:00,-6.64,3.5780887603759766,-2.030289479964056,-1.8488160371780396,5.0353952456182265
2024-07-22 16:00:00+00:00,6.04,3.56890869140625,-0.3348372904815529,-1.8367022275924683,0.7965727753677854
2024-07-22 17:00:00+00:00,-0.08,3.5493476390838623,-0.9588719715917816,-1.8594454526901245,0.2540115715300636
2024-07-22 18:00:00+00:00,-1.72,3.5380847454071045,-1.7453333441101178,-1.848584532737732,0.7914541861050499
2024-07-23 10:00:00+00:00,-4.7,3.5393166542053223,-1.2699357703900498,-1.8384934663772583,-0.9804281023786063
2024-07-23 11:00:00+00:00,-10.28,3.5208520889282227,-2.349375247089179,-1.8274824619293213,0.29543039472700505
2024-07-23 12:00:00+00:00,8.15,3.4985225200653076,-0.29808434941743783,-1.8372621536254883,-3.209975859878819
2024-07-23 13:00:00+00:00,-4.91,3.4716360569000244,-2.0436684563441005,-1.8202834129333496,1.4431304111906473
2024-07-23 14:00:00+00:00,1.98,3.44441294670105,0.4239750903482711,-1.8352739810943604,-1.0585470941650965
2024-07-23 15:00:00+00:00,-0.13,3.3978271484375,0.1632524438384501,-1.835599660873413,-6.246356310951944
2024-07-23 16:00:00+00:00,14.79,3.33374285697937,1.3631432464046485,-1.8265366554260254,-2.7267268018433923
2024-07-23 17:00:00+00:00,0.29,3.2897000312805176,0.7647969120245117,-1.8380141258239746,1.8454546046766684
2024-07-23 18:00:00+00:00,8.18,3.2446889877319336,1.357953925777486,-1.8310459852218628,1.4811806142794899
2024-07-24 10:00:00+00:00,5.22,3.1917426586151123,-0.5492427057170934,-1.8185495138168335,1.6407588122184467
2024-07-24 11:00:00+00:00,-1.0,3.1037611961364746,-0.8544035971983721,-1.795404076576233,1.9283719110319573
2024-07-24 12:00:00+00:00,-2.27,3.0086734294891357,-0.5122892986852563,-1.7676664590835571,3.7099803708849897
2024-07-24 13:00:00+00:00,7.01,2.935704469680786,-1.00253279841727,-1.7179663181304932,-0.5067160971112779
2024-07-24 14:00:00+00:00,-0.95,2.8647499084472656,-0.5112298849448909,-1.677741289138794,7.4446850449129895
2024-07-24 15:00:00+00:00,6.71,2.795482635498047,-0.12650036361381858,-1.644605040550232,0.14363908338730147
2024-07-24 16:00:00+00:00,1.81,2.729173421859741,-1.5326002566711638,-1.6317269802093506,-0.8129326934611588
2024-07-24 17:00:00+00:00,-0.96,2.6994194984436035,-1.0206392379310785,-1.6588221788406372,1.3708905293829674
2024-07-24 18:00:00+00:00,-17.2,2.6679441928863525,-2.82124506323997,-1.6698616743087769,-2.4474907035727753
2024-07-25 10:00:00+00:00,-13.69,2.6328725814819336,-2.017969416598783,-1.6788235902786255,1.6646715311686973
2024-07-25 11:00:00+00:00,6.33,2.5818746089935303,0.6329872497948235,-1.6821880340576172,-2.4544186719919336
2024-07-25 12:00:00+00:00,11.32,2.5317816734313965,0.897695923036687,-1.6903765201568604,-2.3795497105047305
2024-07-25 13:00:00+00:00,-6.65,2.474090337753296,-1.989729152782844,-1.6987651586532593,-1.1301527775492786
2024-07-25 14:00:00+00:00,-1.9,2.4088590145111084,-0.30038058815565716,-1.7231934070587158,-0.5687177488474706
2024-07-25 15:00:00+00:00,3.95,2.3592541217803955,1.2001566204364849,-1.7476880550384521,-2.263797191846788
2024-07-25 16:00:00+00:00,7.82,2.327299118041992,1.4438223283964198,-1.7838554382324219,0.29880153988288327
2024-07-25 17:00:00+00:00,-0.37,2.268329620361328,0.20604739872030803,-1.7992223501205444,0.6346993500674885
2024-07-25 18:00:00+00:00,4.41,2.2118499279022217,1.49406324747545,-1.7880661487579346,-1.6462235821887368
2024-07-26 10:00:00+00:00,3.01,2.126258373260498,1.279907928254495,-1.7870197296142578,4.900126903072841
2024-07-26 11:00:00+00:00,8.66,2.011075735092163,-0.31181167200286475,-1.7559318542480469,3.5583983634787764
2024-07-26 12:00:00+00:00,-35.19,1.898912787437439,-13.619642775381115,-1.7268942594528198,1.5452905284394198
2024-07-26 13:00:00+00:00,-27.81,1.7827141284942627,-7.785966552112199,-1.700020432472229,-4.512272378467294
2024-07-26 14:00:00+00:00,-0.85,1.6939929723739624,-1.0988361854532145,-1.682336449623108,-6.429201974232759
2024-07-26 15:00:00+00:00,12.66,1.6118419170379639,3.9976006063345118,-1.6874562501907349,-1.8429667541626513
2024-07-26 16:00:00+00:00,-0.78,1.509199619293213,-1.2447182255987763,-1.6708608865737915,3.916064312027107
2024-07-26 17:00:00+00:00,-12.25,1.4315898418426514,-7.64372455085821,-1.6518254280090332,-2.4853753988789533
2024-07-26 18:00:00+00:00,-40.72,1.3734136819839478,-11.54417191272006,-1.6433281898498535,0.3787067991463091
2024-07-29 10:00:00+00:00,-18.39,1.3168268203735352,-11.693026235216205,-1.6306135654449463,-4.417027296260109
2024-07-29 11:00:00+00:00,-4.84,1.2701956033706665,-4.895018715376762,-1.627236008644104,-0.7449349950673982
2024-07-29 12:00:00+00:00,-3.81,1.2218636274337769,-3.553213458758683,-1.6327705383300781,-0.21022448460624554
2024-07-29 13:00:00+00:00,13.41,1.1824427843093872,7.708888107840644,-1.6424015760421753,3.484294254176846
2024-07-29 14:00:00+00:00,3.1,1.1292017698287964,2.7118263116774486,-1.6521140336990356,0.8222673174647241
2024-07-29 15:00:00+00:00,3.38,1.0682334899902344,0.7564284845119074,-1.6509069204330444,-0.35930917681601215
2024-07-29 16:00:00+00:00,-23.61,1.004285454750061,-6.303815118925202,-1.624802827835083,-4.301370438845526
2024-07-29 17:00:00+00:00,-14.8,0.9400679469108582,-5.8017530081402775,-1.5869431495666504,2.6873731088255775
2024-07-29 18:00:00+00:00,17.69,0.8816207051277161,3.6390300490376464,-1.5448126792907715,3.99810118292969
2024-07-30 10:00:00+00:00,-4.53,0.8273147940635681,-2.9782156887524156,-1.493327260017395,0.43185013440527453
2024-07-30 11:00:00+00:00,12.61,0.7760016918182373,3.963134196102771,-1.4278857707977295,0.40907164469660295
2024-07-30 12:00:00+00:00,6.57,0.7134278416633606,4.327016431747269,-1.3595632314682007,-1.7507073501369848
2024-07-30 13:00:00+00:00,5.31,0.6649786829948425,3.6572950400404984,-1.304427146911621,-4.8022467339910415
2024-07-30 14:00:00+00:00,4.0,0.6178874373435974,2.701778840368245,-1.2550362348556519,0.8868358250259096
2024-07-30 15:00:00+00:00,-1.63,0.5764581561088562,0.9891150833796538,-1.2067726850509644,-3.2072025739930763
2024-07-30 16:00:00+00:00,1.47,0.537712574005127,1.5746053763821979,-1.1562589406967163,2.0237510333783986
2024-07-30 17:00:00+00:00,-3.66,0.5042656064033508,0.07090183634550357,-1.1137739419937134,-0.6816506728861917
2024-07-30 18:00:00+00:00,1.35,0.48154622316360474,0.6927975342682573,-1.0767087936401367,-3.6929881611087816
2024-07-31 10:00:00+00:00,8.12,0.4527474343776703,2.1360519354784353,-1.0518734455108643,-0.7797050378921554
2024-07-31 11:00:00+00:00,-23.38,0.4289381504058838,-0.7848602704327772,-1.0306259393692017,-0.9103472045000307
2024-07-31 12:00:00+00:00,1.8,0.4134114980697632,1.4105098376435208,-1.0144233703613281,3.1859761695629327
2024-07-31 13:00:00+00:00,14.05,0.40935367345809937,2.6655991871354425,-1.0027949810028076,1.033546490235608
2024-07-31 14:00:00+00:00,2.77,0.41066625714302063,2.5421230236507095,-0.9803294539451599,-6.400575385932998
2024-07-31 15:00:00+00:00,6.62,0.4105241596698761,1.0322123230095375,-0.9726159572601318,-1.1732876539888937
2024-07-31 16:00:00+00:00,-8.85,0.4092233180999756,-1.3085816046704208,-0.9685936570167542,-1.9152376786246268
2024-07-31 17:00:00+00:00,-4.58,0.4132591485977173,-1.8271646870057972,-0.9602404832839966,0.7601602951529625
2024-07-31 18:00:00+00:00,21.35,0.4130115807056427,0.27195984800299483,-0.9385427236557007,-5.13924620894243
2024-08-01 10:00:00+00:00,-9.17,0.39998555183410645,-2.4692576836421907,-0.9199994206428528,-0.22495358600697513
2024-08-01 11:00:00+00:00,-1.13,0.3949315845966339,-1.3090336827993372,-0.9239981174468994,0.9810940729706479
2024-08-01 12:00:00+00:00,0.78,0.37111204862594604,-1.9137537525123154,-0.9194605350494385,-3.4261206512472517
2024-08-01 13:00:00+00:00,-5.99,0.3461278975009918,-2.3858945460768144,-0.9110962152481079,-1.4924438252257386
2024-08-01 14:00:00+00:00,-3.02,0.3177832365036011,-2.253002476692105,-0.9214022755622864,-3.097084965101936
2024-08-01 15:00:00+00:00,5.5,0.3289078176021576,-0.5076728263866379,-0.9677706956863403,-0.7847825540960651
2024-08-01 16:00:00+00:00,-7.53,0.338128000497818,-5.139386486373414,-0.9967355728149414,-4.534838052337156
2024-08-01 17:00:00+00:00,-7.78,0.3778960704803467,-4.15413912749438,-1.0411144495010376,-0.9272707068641874
2024-08-01 18:00:00+00:00,-10.88,0.4103454351425171,-5.148396864092176,-1.0727171897888184,-1.4952273822459132
2024-08-02 10:00:00+00:00,-11.72,0.44220149517059326,-7.965284403759434,-1.0941091775894165,-0.2644299860904613
2024-08-02 11:00:00+00:00,-4.18,0.4810408353805542,-4.112974110839484,-1.10302734375,-2.4929255580933027
2024-08-02 12:00:00+00:00,-0.82,0.5331581830978394,-2.8154810112926008,-1.1352269649505615,-0.5535073661026211
2024-08-02 13:00:00+00:00,-11.37,0.6030112504959106,-7.037381138818411,-1.143013596534729,-1.9654358094528277
2024-08-02 14:00:00+00:00,-4.12,0.6738530993461609,-4.049895621769422,-1.143628478050232,-3.548257364062555
2024-08-02 15:00:00+00:00,8.63,0.7525044679641724,1.552721223364171,-1.1480369567871094,-3.892651437693642
2024-08-02 16:00:00+00:00,6.46,0.8329473733901978,-2.715863695516068,-1.1367206573486328,-1.197301445322008
2024-08-02 17:00:00+00:00,-8.69,0.8823722004890442,-4.694289646822605,-1.1197748184204102,2.8847142214391117
2024-08-02 18:00:00+00:00,-50.02,0.8897070288658142,-10.734352395455009,-1.0648571252822876,-3.6271549938209073
2024-08-05 10:00:00+00:00,-12.7,0.8979384303092957,-9.567530919213759,-1.0319501161575317,2.6218560806797813
2024-08-05 11:00:00+00:00,-1.93,0.9350461959838867,-2.520094273927613,-0.9898524880409241,1.2479501297368318
2024-08-05 12:00:00+00:00,2.66,0.9488384127616882,0.89204802697551,-0.9352479577064514,-0.9943736251534864
2024-08-05 13:00:00+00:00,-11.04,0.9620606899261475,-7.089196075517332,-0.8758693933486938,1.6608732656379086
2024-08-05 14:00:00+00:00,-14.41,0.9619948267936707,-8.20514210275119,-0.8220529556274414,-0.5056802560893037
2024-08-05 15:00:00+00:00,1.85,0.9966796636581421,1.5941926283315733,-0.7652879357337952,-1.609029921141473
2024-08-05 16:00:00+00:00,15.43,1.0467665195465088,4.0296593933621185,-0.6917097568511963,-0.9784045002495533
2024-08-05 17:00:00+00:00,-0.12,1.1149613857269287,1.5825826746403726,-0.6461061835289001,-2.4568408078361124
2024-08-05 18:00:00+00:00,33.44,1.1817644834518433,4.709707861750528,-0.5984044671058655,1.2677921559491434
2024-08-06 10:00:00+00:00,-22.66,1.2705589532852173,-8.69301122908746,-0.5318580865859985,-2.9904742945214497
2024-08-06 11:00:00+00:00,1.08,1.3076066970825195,0.31123483538228136,-0.4188317358493805,2.0798451483039426
2024-08-06 12:00:00+00:00,6.29,1.3128715753555298,-1.6802592048567646,-0.33104589581489563,-2.148274012966386
2024-08-06 13:00:00+00:00,-9.84,1.3470948934555054,-4.454497549942235,-0.27599069476127625,-6.288077049820287
2024-08-06 14:00:00+00:00,-14.91,1.3848223686218262,-6.02401532038654,-0.26376670598983765,2.0522601722422116
2024-08-06 15:00:00+00:00,1.04,1.4324291944503784,1.1686709431625801,-0.212453231215477,-4.3241335266493985
2024-08-06 16:00:00+00:00,7.0,1.4531461000442505,5.183687888651581,-0.16671743988990784,-0.00028745319268286273
2024-08-06 17:00:00+00:00,0.59,1.4903490543365479,0.8136733084492525,-0.10702428966760635,0.09172523003232369
2024-08-06 18:00:00+00:00,0.98,1.521247148513794,0.8229296139537621,-0.07118401676416397,-0.4916266113914595
2024-08-07 10:00:00+00:00,-16.89,1.5688129663467407,-4.32781946632758,-0.05193831026554108,1.658700340882082
2024-08-07 11:00:00+00:00,13.32,1.6067191362380981,5.773017170455574,-0.05226865038275719,-4.544498468724472
2024-08-07 12:00:00+00:00,-10.65,1.6646419763565063,-2.3800899970931804,-0.05260411649942398,-1.077357861128238
2024-08-07 13:00:00+00:00,11.92,1.7345184087753296,6.971998982585618,-0.05025365948677063,3.6921565453552905
2024-08-07 14:00:00+00:00,15.64,1.8039584159851074,5.982706677223508,-0.03702729567885399,-2.0843915835874514
2024-08-07 15:00:00+00:00,1.12,1.8454389572143555,2.7242242892954778,-0.061344537883996964,-0.8868478815321696
2024-08-07 16:00:00+00:00,19.02,1.8700700998306274,5.708129946110509,-0.09343243390321732,2.057035901461721
2024-08-07 17:00:00+00:00,9.73,1.9108504056930542,5.115860005257446,-0.11328241974115372,4.349801197388381
2024-08-07 18:00:00+00:00,1.54,1.956614375114441,1.7457400120259086,-0.13103574514389038,0.23394024054144014
2024-08-08 10:00:00+00:00,4.22,2.0057449340820312,0.8295707788720242,-0.13964872062206268,0.9455893208178346
2024-08-08 11:00:00+00:00,-7.03,2.0493407249450684,-1.0608364211514048,-0.12319733947515488,-0.8340771048278003
2024-08-08 12:00:00+00:00,-10.04,2.097193717956543,-1.7014927876538066,-0.13055415451526642,-1.465960894376467
2024-08-08 13:00:00+00:00,3.43,2.1500918865203857,0.03222684501788631,-0.09605573117733002,1.3052212334973077
2024-08-08 14:00:00+00:00,-5.42,2.1979360580444336,-1.9233951441372552,-0.08156697452068329,2.0261510861264984
2024-08-08 15:00:00+00:00,-7.02,2.232841968536377,-2.4609336582727686,-0.0403156653046608,2.4769390109930183
2024-08-08 16:00:00+00:00,4.87,2.264730453491211,-0.2553886584128047,0.010823465883731842,-1.9617295084352389
2024-08-08 17:00:00+00:00,-6.98,2.3000729084014893,-1.6284401114745066,0.042802225798368454,-2.248266396924447
2024-08-08 18:00:00+00:00,11.6,2.3328490257263184,1.3965890715886522,0.0806717798113823,4.930057230669885
2024-08-09 10:00:00+00:00,-5.53,2.32643985748291,-2.496049524929167,0.09731432050466537,1.6716545347134306
2024-08-09 11:00:00+00:00,-8.31,2.3171069622039795,-2.805635474847654,0.12837238609790802,-1.7739225403722112
2024-08-09 12:00:00+00:00,-0.15,2.340308427810669,0.274049446890533,0.1957072615623474,-1.9903023939648734
2024-08-09 13:00:00+00:00,1.5,2.362614631652832,0.4626561962190457,0.2320430427789688,-4.277341238295934
2024-08-09 14:00:00+00:00,2.66,2.383417844772339,0.8379583626105217,0.28481152653694153,-3.2728899957498903
2024-08-09 15:00:00+00:00,-9.25,2.3745360374450684,-1.8591191158259879,0.32078471779823303,4.460112567793128
2024-08-09 16:00:00+00:00,1.69,2.350867509841919,-0.7102953484203524,0.4117172360420227,-5.41050907267212
2024-08-09 17:00:00+00:00,1.57,2.374969720840454,-0.36430711123931464,0.4589388072490692,2.0301640263617773
2024-08-09 18:00:00+00:00,-17.14,2.3736732006073,-4.072659952497963,0.5089396834373474,-1.1868363082430626
2024-08-12 10:00:00+00:00,-11.85,2.384030342102051,-4.0926315457439895,0.5941348671913147,-1.1341220809164498
2024-08-12 11:00:00+00:00,5.74,2.411144256591797,3.660349813334747,0.6841731667518616,-3.6235580317496527
2024-08-12 12:00:00+00:00,8.32,2.4413113594055176,4.908790452008287,0.7909044027328491,-3.4377354737024035
2024-08-12 13:00:00+00:00,8.13,2.4603772163391113,1.3688579580832667,0.8881017565727234,2.257774042919239
2024-08-12 14:00:00+00:00,11.61,2.476046085357666,3.1559292584592553,1.0150624513626099,-1.7159692548913388
2024-08-12 15:00:00+00:00,-8.38,2.4628851413726807,-0.8031457177849398,1.1031060218811035,1.8697738170064588
2024-08-12 16:00:00+00:00,5.4,2.4313368797302246,2.458247485808191,1.1874216794967651,-1.3352361111331312
2024-08-12 17:00:00+00:00,-5.35,2.4040467739105225,0.2313348334510797,1.2540507316589355,5.326605537181881
2024-08-12 18:00:00+00:00,25.14,2.366697311401367,2.722426038567867,1.3511940240859985,0.38056182366497593
2024-08-13 10:00:00+00:00,4.23,2.358605146408081,2.899831568922794,1.4192017316818237,3.375044584840383
2024-08-13 11:00:00+00:00,9.49,2.3509788513183594,1.8377432475001862,1.486263394355774,2.127686596553068
2024-08-13 12:00:00+00:00,-1.45,2.3397839069366455,-0.8011155305730243,1.5569761991500854,-0.2921982900784757
2024-08-13 13:00:00+00:00,-1.46,2.330505132675171,-0.6754504878624034,1.6025975942611694,1.9491101331870333
2024-08-13 14:00:00+00:00,4.48,2.3106071949005127,0.5555182579429195,1.6052007675170898,2.915607659212097
2024-08-13 15:00:00+00:00,7.0,2.283928155899048,1.9858894224486972,1.5753157138824463,-0.363881097920625
2024-08-13 16:00:00+00:00,-4.01,2.2617199420928955,-1.8519305322275006,1.575114130973816,-3.735947256885234
2024-08-13 17:00:00+00:00,-3.59,2.2135989665985107,-1.837314638901867,1.5026006698608398,0.593722367242106
2024-08-13 18:00:00+00:00,14.0,2.196566343307495,0.6255126457021979,1.4218753576278687,1.423469998543383
2024-08-14 10:00:00+00:00,7.39,2.1893529891967773,1.9571889208024715,1.3541125059127808,-2.3606184192586332
2024-08-14 11:00:00+00:00,-3.11,2.187453031539917,-2.271300448109549,1.2697069644927979,-3.2766331487214453
2024-08-14 12:00:00+00:00,-12.78,2.190048933029175,-4.997414977392645,1.172792673110962,-0.8852322246987818
2024-08-14 13:00:00+00:00,-0.07,2.1924469470977783,-0.7514311335571174,1.0615484714508057,5.270117678765542
2024-08-14 14:00:00+00:00,-0.28,2.201383113861084,-1.6232890695910749,0.9634346961975098,1.9879707206990433
2024-08-14 15:00:00+00:00,-1.46,2.2233846187591553,-2.435871390440316,0.8988043665885925,-0.6595529162442697
2024-08-14 16:00:00+00:00,-8.62,2.233504295349121,-5.438356960323244,0.8157469630241394,-3.5208560306122463
2024-08-14 17:00:00+00:00,-8.56,2.2315690517425537,-5.237470818975841,0.7797762155532837,2.043214131227071
2024-08-14 18:00:00+00:00,-18.96,2.2426671981811523,-6.930282417104585,0.734813392162323,-4.862581988252642
2024-08-15 10:00:00+00:00,-6.09,2.2621960639953613,-6.156102191263457,0.7238357663154602,2.3432989114582674
2024-08-15 11:00:00+00:00,15.5,2.286888599395752,1.8718617480432655,0.7803256511688232,1.5009531711230837
2024-08-15 12:00:00+00:00,-7.9,2.323198080062866,-5.352659015983838,0.7692400217056274,3.070533580585036
2024-08-15 13:00:00+00:00,-4.02,2.34381103515625,-4.240766579449175,0.8157663941383362,-1.331484894060862
2024-08-15 14:00:00+00:00,-8.28,2.373844623565674,-5.118286353539502,0.8137323260307312,-1.2210966343002718
2024-08-15 15:00:00+00:00,2.17,2.4142279624938965,-0.5012789618926563,0.8151580691337585,-3.19090427156013
2024-08-15 16:00:00+00:00,-4.78,2.450256109237671,-3.2661128169044744,0.8223669528961182,0.6111946243095361
2024-08-15 17:00:00+00:00,-0.64,2.474576711654663,-0.6642605590477145,0.8116318583488464,-0.5618166831193132
2024-08-15 18:00:00+00:00,-2.49,2.4878487586975098,-2.372618008071438,0.838159441947937,-2.6699184048026323
2024-08-16 10:00:00+00:00,-3.36,2.5053603649139404,-2.294935965432281,0.8431842923164368,-1.2326158637608566
2024-08-16 11:00:00+00:00,-0.32,2.5046982765197754,-1.1259415820311265,0.8092581629753113,4.395753595373384
2024-08-16 12:00:00+00:00,-2.32,2.5148634910583496,-2.05183686383243,0.8387042284011841,-1.5800479879769471
2024-08-16 13:00:00+00:00,-0.34,2.5155959129333496,-0.7201292677103088,0.8458791971206665,-4.1033338921222535
2024-08-16 14:00:00+00:00,5.22,2.5100042819976807,0.23139147135408633,0.8296849131584167,-2.2881865684539413
2024-08-16 15:00:00+00:00,6.03,2.501906156539917,-0.286177737495236,0.7957161068916321,1.7283085051292004
2024-08-16 16:00:00+00:00,-5.18,2.4829678535461426,-3.03441765653497,0.8013833165168762,4.437070974990924
2024-08-16 17:00:00+00:00,-7.15,2.4398727416992188,-2.110463857936468,0.8123009204864502,-3.0448418109945012
2024-08-16 18:00:00+00:00,-18.97,2.411245346069336,-4.180790462715206,0.8236428499221802,-3.6642933322153857
2024-08-19 10:00:00+00:00,3.33,2.391190767288208,-0.1188452812670812,0.8349775075912476,2.3881117527764273
2024-08-19 11:00:00+00:00,-14.19,2.374845266342163,-3.1044870065308907,0.8692032694816589,-1.5113904638302615
2024-08-19 12:00:00+00:00,-3.4,2.3716092109680176,-1.58147033354827,0.8895547986030579,-2.996374382536677
2024-08-19 13:00:00+00:00,-8.13,2.365292549133301,-2.1238473667288584,0.9046287536621094,1.689071841944922
2024-08-19 14:00:00+00:00,-5.47,2.351447582244873,-2.717447860791956,0.9564878940582275,-5.68053163163999
2024-08-19 15:00:00+00:00,12.08,2.3435370922088623,-2.712288104220383,0.9856093525886536,-5.0872978123045804
2024-08-19 16:00:00+00:00,-0.92,2.322053909301758,-1.0905955578591784,0.9654085040092468,0.8735547562744417
2024-08-19 17:00:00+00:00,-16.89,2.2994577884674072,-3.3397344155965683,0.9719592332839966,-1.1372277390376233
2024-08-19 18:00:00+00:00,-10.47,2.265902280807495,-4.810114065608295,1.0035429000854492,-2.0637160835213644
2024-08-20 10:00:00+00:00,4.49,2.2240188121795654,2.192297371485526,1.052320957183838,-3.5604383001013034
2024-08-20 11:00:00+00:00,14.98,2.1937477588653564,3.639256144138624,1.1067253351211548,-1.8652881819048923
2024-08-20 12:00:00+00:00,8.29,2.1708805561065674,0.7956500520933573,1.1672228574752808,-1.390557859868113
2024-08-20 13:00:00+00:00,-0.79,2.1452224254608154,0.21989907436156741,1.1760516166687012,-0.1812324414994918
2024-08-20 14:00:00+00:00,-10.02,2.114766836166382,-0.9153393628050468,1.2463475465774536,-0.42513759289854613
2024-08-20 15:00:00+00:00,10.22,2.0934231281280518,0.7998949494645551,1.2592414617538452,-1.61530553164904
2024-08-20 16:00:00+00:00,-13.78,2.0839390754699707,-1.1809986527989023,1.2843153476715088,-0.23803269571363916
2024-08-20 17:00:00+00:00,-10.14,2.0616416931152344,-3.047959002893604,1.3094077110290527,1.9742350316311383
2024-08-20 18:00:00+00:00,3.97,2.0364129543304443,-0.28980663863594225,1.3523738384246826,2.0400611924678294
2024-08-21 10:00:00+00:00,-13.21,2.0371086597442627,-2.264707649001204,1.4002529382705688,-0.2434590992768081
2024-08-21 11:00:00+00:00,-5.82,2.0549368858337402,-1.4176228549151677,1.4188042879104614,-0.6418897155758496
2024-08-21 12:00:00+00:00,1.54,2.069185972213745,0.10656667073497786,1.452362298965454,-4.74174535532729
2024-08-21 13:00:00+00:00,5.17,2.0735456943511963,1.177680459339547,1.4415600299835205,-1.1580119074572868
2024-08-21 14:00:00+00:00,0.7,2.0651443004608154,-0.0024230199400359365,1.4460976123809814,2.4334021166734434
2024-08-21 15:00:00+00:00,14.49,2.0575780868530273,0.7503713284802687,1.4423645734786987,0.07540268865137945
2024-08-21 16:00:00+00:00,-1.68,2.0350899696350098,-0.701471357533965,1.4388285875320435,-0.8125013798058435
2024-08-21 17:00:00+00:00,-5.44,2.019519567489624,-1.7055348172985627,1.4054944515228271,-3.4091620354456995
2024-08-21 18:00:00+00:00,4.45,2.0077297687530518,-0.7068730885331319,1.3546406030654907,-3.9022929332941203
2024-08-22 10:00:00+00:00,8.73,2.0056204795837402,-1.613130648861476,1.341736912727356,-0.2797072053620202
2024-08-22 11:00:00+00:00,-2.46,2.0053815841674805,-1.4099625419668236,1.3493273258209229,0.3226880548661579
2024-08-22 12:00:00+00:00,-6.2,2.0062077045440674,-2.2056653409646283,1.3474881649017334,-2.704605779518518
2024-08-22 13:00:00+00:00,-14.34,1.9916011095046997,-3.975553258982626,1.3550299406051636,4.220654532415511
2024-08-22 14:00:00+00:00,-8.41,1.9745068550109863,-3.3002717454175188,1.3752721548080444,-3.886536654383715
2024-08-22 15:00:00+00:00,-7.86,1.9676584005355835,-2.4203906941853206,1.3814032077789307,-4.150586716186119
2024-08-22 16:00:00+00:00,0.85,1.9451617002487183,-0.9531278139187181,1.3859949111938477,2.51962338873355
2024-08-22 17:00:00+00:00,-17.15,1.9407068490982056,-1.2278048751103225,1.4283778667449951,-2.246516599192419
2024-08-22 18:00:00+00:00,-28.15,1.9278991222381592,-3.8209207243699606,1.4602354764938354,-3.556203913722971
2024-08-23 10:00:00+00:00,4.29,1.9209539890289307,4.084129846000432,1.4771164655685425,-0.1786458820358111
2024-08-23 11:00:00+00:00,9.44,1.8994841575622559,2.055851774557569,1.4865018129348755,-2.1810224099627273
2024-08-23 12:00:00+00:00,-10.55,1.8680968284606934,-3.6117454363723844,1.4870624542236328,2.337759691725919
2024-08-23 13:00:00+00:00,-12.18,1.8298991918563843,-3.513303396524013,1.4929635524749756,-2.31608515768764
2024-08-23 14:00:00+00:00,3.38,1.7956610918045044,-0.7657486565359517,1.4953216314315796,-2.9423571748693966
2024-08-23 15:00:00+00:00,-2.21,1.722930908203125,-1.546703317313851,1.4798407554626465,-7.375425482532332
2024-08-23 16:00:00+00:00,-24.31,1.6594268083572388,-4.7877318115112795,1.4707309007644653,-3.4007849872345
2024-08-23 17:00:00+00:00,-2.99,1.6031301021575928,-2.266586530437105,1.4143587350845337,4.424862376450469
2024-08-23 18:00:00+00:00,82.81,1.5611543655395508,0.4465086637836926,1.3769439458847046,1.07543988381647
2024-08-26 10:00:00+00:00,4.06,1.5387016534805298,2.9445409246442567,1.3248625993728638,-6.771627191763528
2024-08-26 11:00:00+00:00,4.04,1.5258644819259644,3.279339498230907,1.2471563816070557,-0.09608618573229277
2024-08-26 12:00:00+00:00,13.57,1.5054421424865723,4.160446934806219,1.176117181777954,6.389224330974448
2024-08-26 13:00:00+00:00,8.6,1.4778167009353638,3.4299812268986956,1.1432312726974487,-1.0552246078017145
2024-08-26 14:00:00+00:00,2.71,1.4638824462890625,0.6368588345041568,1.0868070125579834,2.8409135511585886
2024-08-26 15:00:00+00:00,-0.73,1.457362174987793,-0.9102778356965207,1.06621253490448,5.6169361568757505
2024-08-26 16:00:00+00:00,-6.83,1.4534039497375488,-4.164151557232399,1.0572105646133423,0.3053944677157109
2024-08-26 17:00:00+00:00,-6.95,1.4444268941879272,-2.760761784429473,1.0232901573181152,5.074502274152256
2024-08-26 18:00:00+00:00,16.02,1.4458054304122925,2.2396154481458828,1.0122812986373901,0.9696147567872528
2024-08-27 10:00:00+00:00,-17.6,1.4448634386062622,-4.526537369382178,1.023134469985962,6.757301877635411
2024-08-27 11:00:00+00:00,3.16,1.437720537185669,-1.5793192698204355,1.0328856706619263,1.9106687737212242
2024-08-27 12:00:00+00:00,-10.55,1.4260451793670654,-3.9173858861223865,1.0341730117797852,-1.5573969196389605
2024-08-27 13:00:00+00:00,4.49,1.430397391319275,-3.929752356791656,1.0118058919906616,6.118752231880843
2024-08-27 14:00:00+00:00,-16.01,1.4322783946990967,-5.283801454645173,0.9869726300239563,-8.406213133323845
2024-08-27 15:00:00+00:00,-12.51,1.4181983470916748,-6.454770463379161,0.9658785462379456,-2.251119779591966
2024-08-27 16:00:00+00:00,2.51,1.407507300376892,-2.8859817827639116,0.9716697335243225,0.5951646731636371
2024-08-27 17:00:00+00:00,-2.88,1.3993521928787231,-4.943976887736813,0.960801899433136,-4.661254430877706
2024-08-27 18:00:00+00:00,-13.24,1.4015796184539795,-7.889299463651864,0.9412408471107483,-3.795204711049827
2024-08-28 10:00:00+00:00,-12.56,1.4058966636657715,-8.788977550753508,0.9190946221351624,2.1831716282060487
2024-08-28 11:00:00+00:00,-9.31,1.4175090789794922,-8.831993247304933,0.8906023502349854,0.4465242478335181
2024-08-28 12:00:00+00:00,-11.91,1.4357311725616455,-8.525039188941587,0.8974947929382324,-4.521182776640405
2024-08-28 13:00:00+00:00,-18.85,1.4531335830688477,-8.49826753521549,0.8905372023582458,-4.801090478835146
2024-08-28 14:00:00+00:00,22.4,1.4763503074645996,6.475471801848677,0.8555710911750793,2.864218330398864
2024-08-28 15:00:00+00:00,19.41,1.4930145740509033,1.4393818773737888,0.8607590794563293,0.7938873227372754
2024-08-28 16:00:00+00:00,-0.24,1.5088107585906982,-0.2702167921906361,0.8807899951934814,1.1773152795022797
2024-08-28 17:00:00+00:00,-6.1,1.5158709287643433,-4.009705129176394,0.8777726292610168,-2.0114983776402147
2024-08-28 18:00:00+00:00,7.26,1.5303149223327637,0.4156174083018154,0.8422088623046875,8.513629483861788
2024-08-29 10:00:00+00:00,6.72,1.5504941940307617,-0.3979551765809471,0.8345012068748474,-3.588785253831075
2024-08-29 11:00:00+00:00,-28.21,1.5705349445343018,-2.781184359952045,0.805789589881897,5.364149493687039
2024-08-29 12:00:00+00:00,11.5,1.5891979932785034,2.2744908862799575,0.7994816303253174,9.273937181014063
2024-08-29 13:00:00+00:00,-0.57,1.598040223121643,-1.6316098832101495,0.8365228176116943,-3.898237094223064
2024-08-29 14:00:00+00:00,-3.76,1.6252275705337524,-1.4340943698252033,0.830806314945221,0.6731374241086621
2024-08-29 15:00:00+00:00,0.87,1.6414310932159424,0.5785081741003291,0.8319767713546753,5.824984641276931
2024-08-29 16:00:00+00:00,12.83,1.6488596200942993,0.2850234767414084,0.8521878719329834,-1.1521076278726043
2024-08-29 17:00:00+00:00,1.65,1.665143609046936,0.25247432852359986,0.8535538911819458,-1.4828584891334449
2024-08-29 18:00:00+00:00,-9.34,1.6790193319320679,-5.711563787861971,0.8616860508918762,-1.432653910796727
2024-08-30 10:00:00+00:00,2.02,1.6891565322875977,0.26551464628963733,0.8909857869148254,-1.3296039232663859
2024-08-30 11:00:00+00:00,-25.77,1.7012633085250854,-6.991879441338881,0.9059997200965881,-3.2124840067921667
2024-08-30 12:00:00+00:00,-7.42,1.717752456665039,-4.722229900203566,0.9201738834381104,-4.334396673446033
2024-08-30 13:00:00+00:00,-15.09,1.7194935083389282,-6.01047667968447,0.9496579170227051,0.30988823124814635
2024-08-30 14:00:00+00:00,5.86,1.7361716032028198,2.050680697225878,0.9689885973930359,-3.4321606725716363
2024-08-30 15:00:00+00:00,-0.51,1.737563967704773,-1.4246161286417323,0.9866283535957336,-6.339954213425792
2024-08-30 16:00:00+00:00,-10.93,1.7425988912582397,-5.626281382580513,0.9999912977218628,0.9955540473856641
2024-08-30 17:00:00+00:00,3.23,1.7393453121185303,-2.96696471325254,0.9978741407394409,2.1784914179731745
2024-08-30 18:00:00+00:00,-59.75,1.7424933910369873,-17.018422359897276,0.9831854701042175,-9.857978222882975
2024-09-02 10:00:00+00:00,-17.21,1.7613483667373657,-9.053514610148232,0.9532245993614197,0.6126795763932731
2024-09-02 11:00:00+00:00,1.39,1.7826277017593384,1.2366415475320818,0.952228844165802,3.636101142310558
2024-09-02 12:00:00+00:00,11.93,1.790988802909851,7.557229507677899,0.9848287105560303,-4.527032814610202
2024-09-02 13:00:00+00:00,-17.13,1.792545199394226,-11.96353692348029,1.0203174352645874,5.112412831612685
2024-09-02 14:00:00+00:00,-20.92,1.7811195850372314,-14.497947572529924,1.0546667575836182,2.297783805615963
2024-09-02 15:00:00+00:00,2.82,1.7625986337661743,2.675031979727117,1.0970362424850464,2.6599919410743533
2024-09-02 16:00:00+00:00,8.47,1.7605595588684082,2.7438165530409475,1.1765408515930176,-2.4483458754733327
2024-09-02 17:00:00+00:00,-14.85,1.736135721206665,-12.198592032200798,1.174359917640686,-0.11388714182950399
2024-09-02 18:00:00+00:00,-19.52,1.7390384674072266,-11.457291896805488,1.2016879320144653,4.882040807617334
2024-09-03 10:00:00+00:00,63.82,1.7473994493484497,10.885102703622051,1.241031289100647,2.6745585467848256
2024-09-03 11:00:00+00:00,-3.96,1.7630521059036255,-2.450176254508544,1.2983211278915405,-1.5543527920958855
2024-09-03 12:00:00+00:00,1.93,1.7795711755752563,-1.0767423959682239,1.3393915891647339,0.43711379107550674
2024-09-03 13:00:00+00:00,-29.24,1.7792226076126099,-12.445633348405652,1.3653184175491333,-1.7132687320463555
2024-09-03 14:00:00+00:00,-5.83,1.7963957786560059,-4.289503052508666,1.4093084335327148,0.17778595548174736
2024-09-03 15:00:00+00:00,1.07,1.8057690858840942,-2.4588510441489397,1.4476416110992432,4.095707966825517
2024-09-03 16:00:00+00:00,-27.88,1.8137894868850708,-9.760865504372424,1.485148549079895,1.938977442172685
2024-09-03 17:00:00+00:00,-1.08,1.8039276599884033,-0.6909034837983804,1.4781147241592407,-2.873141192448104
2024-09-03 18:00:00+00:00,31.1,1.8124183416366577,12.207762701217561,1.469946026802063,0.6479257981480979
2024-09-04 10:00:00+00:00,1.77,1.8079378604888916,1.785114241789239,1.4769545793533325,-4.109910670137591
2024-09-04 11:00:00+00:00,3.86,1.7880830764770508,1.5147270131981547,1.4876151084899902,4.884967722348282
2024-09-04 12:00:00+00:00,18.26,1.7700755596160889,7.928717859589781,1.5217576026916504,1.4180471324244133
2024-09-04 13:00:00+00:00,3.5,1.7573190927505493,3.724969338581281,1.5459364652633667,2.298725956010786
2024-09-04 14:00:00+00:00,-4.76,1.7494386434555054,-2.7760787305789334,1.5569159984588623,-1.3078352226354761
2024-09-04 15:00:00+00:00,-0.5,1.7472822666168213,-0.01762985224299954,1.5540103912353516,-2.2958720253168656
2024-09-04 16:00:00+00:00,14.31,1.7644745111465454,7.282162763310998,1.5606757402420044,5.2310159601849255
2024-09-04 17:00:00+00:00,13.23,1.7831199169158936,12.384953710378227,1.553160309791565,0.23084848597031216
2024-09-04 18:00:00+00:00,16.99,1.7870641946792603,14.776820257964506,1.5492852926254272,3.101609294331534
2024-09-05 10:00:00+00:00,1.47,1.7988275289535522,2.490213365046067,1.5637623071670532,-3.0411087449662286
2024-09-05 11:00:00+00:00,19.4,1.8158183097839355,8.926360766146885,1.55360746383667,-1.9161663422312376
2024-09-05 12:00:00+00:00,1.14,1.817624568939209,1.7307099011439695,1.582207441329956,-1.171485442318083
2024-09-05 13:00:00+00:00,9.43,1.8070918321609497,5.098581011644677,1.594712734222412,2.268386318499462
2024-09-05 14:00:00+00:00,-4.12,1.7864855527877808,-1.9535219104062047,1.6091816425323486,1.090968064946499
2024-09-05 15:00:00+00:00,-1.05,1.7746219635009766,-2.387435064426281,1.631003737449646,-3.483765222478774
2024-09-05 16:00:00+00:00,-10.23,1.7746410369873047,-7.6418559500988215,1.6530532836914062,0.015594394577671755
2024-09-05 17:00:00+00:00,-16.56,1.7640554904937744,-7.8318050141851865,1.6677006483078003,0.9170963808624186
2024-09-05 18:00:00+00:00,1.44,1.7575790882110596,0.9772427631320552,1.705307960510254,3.710962971340705
2024-09-06 10:00:00+00:00,-9.57,1.749182939529419,-4.131368583579611,1.7511829137802124,0.38742776469005924
2024-09-06 11:00:00+00:00,4.6,1.7242090702056885,4.006577266946497,1.7923808097839355,-0.35607003474571897
2024-09-06 12:00:00+00:00,-3.95,1.7078291177749634,0.41070317466424716,1.8230180740356445,-0.4068803591393889
2024-09-06 13:00:00+00:00,6.37,1.6984206438064575,5.845541034959236,1.8626044988632202,-1.9295846195216995
2024-09-06 14:00:00+00:00,21.65,1.6955581903457642,12.854694519509035,1.8915622234344482,-0.43306856819886297
2024-09-06 15:00:00+00:00,2.13,1.6899256706237793,1.7131641897789256,1.9142581224441528,-4.130283643753142
2024-09-06 16:00:00+00:00,-19.53,1.6896319389343262,-6.032170965452125,1.9191111326217651,-8.001376829805958
2024-09-06 17:00:00+00:00,-1.39,1.6781806945800781,0.1273627719638243,1.9188997745513916,1.0238397563059212
2024-09-06 18:00:00+00:00,48.41,1.6725810766220093,12.773790815759888,1.920395851135254,3.9044601204075398
2024-09-09 10:00:00+00:00,3.08,1.642999291419983,3.275272577373256,1.92972731590271,2.0196118650140016
2024-09-09 11:00:00+00:00,9.84,1.6388733386993408,6.028836586857651,1.9439187049865723,1.7773647980585972
2024-09-09 12:00:00+00:00,7.53,1.6557872295379639,3.2787681006308342,1.957176923751831,2.4799363871895808
2024-09-09 13:00:00+00:00,-6.25,1.6845537424087524,-0.7857813040967304,1.9679436683654785,2.589462787183744
2024-09-09 14:00:00+00:00,-2.04,1.7246339321136475,-0.862499405865942,1.9869524240493774,1.4254636825916709
2024-09-09 15:00:00+00:00,-0.38,1.7575315237045288,0.040973056924666566,1.9842675924301147,-3.110760983323435
2024-09-09 16:00:00+00:00,10.21,1.7882713079452515,2.029691373396562,1.9721887111663818,2.171737759417355
2024-09-09 17:00:00+00:00,9.4,1.7999496459960938,4.656037020327682,1.950703501701355,5.451362136521296
2024-09-09 18:00:00+00:00,4.01,1.8059455156326294,3.9996316312550855,1.9327915906906128,3.226294396563595
2024-09-10 10:00:00+00:00,-10.8,1.7955958843231201,-4.8104785311755975,1.9492579698562622,0.5234984040728199
2024-09-10 11:00:00+00:00,1.11,1.786520004272461,0.4761745482535298,1.9868136644363403,-0.8502776843380722
2024-09-10 12:00:00+00:00,-2.68,1.7757594585418701,-2.3359659685381926,2.0419318675994873,0.1436866930173326
2024-09-10 13:00:00+00:00,-3.28,1.7693710327148438,-4.145366092303796,2.082338809967041,1.3248645211300185
2024-09-10 14:00:00+00:00,-6.13,1.7586727142333984,-3.0037303003080686,2.152705192565918,-3.359139123134759
2024-09-10 15:00:00+00:00,8.75,1.7379060983657837,-0.5808898797877229,2.2365972995758057,-1.0677452055323053
2024-09-10 16:00:00+00:00,-18.68,1.7248016595840454,-8.601922544455563,2.296529769897461,-1.7851535972847246
2024-09-10 17:00:00+00:00,-4.09,1.6662570238113403,-3.826098868439209,2.342515230178833,-1.9732150565667044
2024-09-10 18:00:00+00:00,1.35,1.62992262840271,0.8291353336479459,2.419822931289673,-5.4468409935455
2024-09-11 10:00:00+00:00,-8.47,1.609744906425476,-3.5165285782996816,2.4978790283203125,1.1399385908618935
2024-09-11 11:00:00+00:00,3.26,1.6105268001556396,2.4264577266538074,2.590219497680664,-1.382937230130691
2024-09-11 12:00:00+00:00,-1.01,1.6107333898544312,-0.24849190608183153,2.69512677192688,-2.1097667820812096
2024-09-11 13:00:00+00:00,11.11,1.6047106981277466,2.9200940001866136,2.7968132495880127,0.7046553407450304
2024-09-11 14:00:00+00:00,1.11,1.6049257516860962,0.6311060534911466,2.913084030151367,1.790474533199717
2024-09-11 15:00:00+00:00,-2.16,1.6107659339904785,-1.9528551670888907,3.0198171138763428,1.949580327640658
2024-09-11 16:00:00+00:00,-11.49,1.6170369386672974,-5.290471907420755,3.132688522338867,3.760870163577569
2024-09-11 17:00:00+00:00,2.95,1.5861601829528809,-1.5767218741352853,3.2348930835723877,5.0630882074091
2024-09-11 18:00:00+00:00,-41.29,1.5832417011260986,-9.450492596817261,3.313717842102051,0.4188533138665129
2024-09-12 10:00:00+00:00,-2.34,1.5926676988601685,-1.9867964983088102,3.3848061561584473,1.2751534361795458
2024-09-12 11:00:00+00:00,-2.38,1.6040090322494507,-2.194738291856352,3.4716715812683105,-3.142305177974074
2024-09-12 12:00:00+00:00,-1.16,1.6035608053207397,-1.11259394079556,3.564210891723633,1.670381706892298
2024-09-12 13:00:00+00:00,2.96,1.602901577949524,2.2147491426685035,3.6584649085998535,-1.1127367514656563
2024-09-12 14:00:00+00:00,-16.22,1.610607385635376,-3.02972441640241,3.7404978275299072,-1.7609100822608066
2024-09-12 15:00:00+00:00,6.82,1.6044042110443115,4.289197889906348,3.84389591217041,0.13766517353717966
2024-09-12 16:00:00+00:00,3.31,1.5975732803344727,2.4035908597617253,3.9548637866973877,-1.9943549062477957
2024-09-12 17:00:00+00:00,-2.73,1.5914390087127686,0.6447106329195187,3.993709087371826,1.1934460275793377
2024-09-12 18:00:00+00:00,19.71,1.587905764579773,5.949838508968466,4.046498775482178,3.7912488409139025
2024-09-13 10:00:00+00:00,-1.82,1.5578341484069824,-0.26420910794941443,4.118551254272461,-3.4273648976138262
2024-09-13 11:00:00+00:00,0.64,1.5275250673294067,0.79154431281382,4.153328895568848,1.5010458528744235
2024-09-13 12:00:00+00:00,-29.44,1.4891605377197266,-3.5583633786006676,4.193645000457764,-2.524754617724688
2024-09-13 13:00:00+00:00,-3.29,1.4581834077835083,-1.179536138924071,4.21674919128418,0.9820374403313537
2024-09-13 14:00:00+00:00,27.59,1.4401887655258179,9.17205338178265,4.2674455642700195,0.20405618386704338
2024-09-13 15:00:00+00:00,18.72,1.422655463218689,7.162369778974206,4.297582149505615,1.7382302004622283
2024-09-13 16:00:00+00:00,17.1,1.417627215385437,12.869003862416733,4.2944769859313965,3.6673771672525017
2024-09-13 17:00:00+00:00,14.78,1.4101345539093018,10.468047016664945,4.236090660095215,1.180557547426122
2024-09-13 18:00:00+00:00,9.98,1.3949438333511353,8.17794723906551,4.204166889190674,-1.3710036224219557
2024-09-16 10:00:00+00:00,20.55,1.3835095167160034,13.126453748451151,4.1403985023498535,2.5291738413326037
2024-09-16 11:00:00+00:00,21.02,1.3823459148406982,6.497405690093356,4.0958452224731445,2.7138522978749764
2024-09-16 12:00:00+00:00,-0.39,1.3846077919006348,1.6087166484984752,4.023151397705078,2.5205771087634408
2024-09-16 13:00:00+00:00,6.38,1.3786404132843018,3.789467727695532,3.961134910583496,0.4850428627230057
2024-09-16 14:00:00+00:00,4.47,1.3778666257858276,3.2466000997330338,3.9148290157318115,4.861966118214224
2024-09-16 15:00:00+00:00,-0.31,1.382781982421875,0.9946828244302917,3.863215684890747,2.8650913518963663
2024-09-16 16:00:00+00:00,3.72,1.3829528093338013,1.8234767241552046,3.825544595718384,0.3893094776169649
2024-09-16 17:00:00+00:00,-0.21,1.3816322088241577,-0.2561119425878514,3.7637221813201904,-1.8576463889133616
2024-09-16 18:00:00+00:00,-2.16,1.3741341829299927,-1.6878976769545433,3.7337265014648438,-1.9478219523391769
2024-09-17 10:00:00+00:00,7.48,1.3756999969482422,3.0996946455193117,3.6999714374542236,2.909742602813685
2024-09-17 11:00:00+00:00,-4.37,1.386937141418457,-1.0895230229404205,3.7246930599212646,-4.16303342521033
2024-09-17 12:00:00+00:00,-2.67,1.3970624208450317,-1.0164149813328973,3.7447595596313477,1.7891300507453853
2024-09-17 13:00:00+00:00,-8.57,1.4024243354797363,-2.628040985829036,3.770521879196167,-2.8263304359188512
2024-09-17 14:00:00+00:00,11.22,1.4083373546600342,3.0352210129414345,3.778627634048462,0.3430265044976114
2024-09-17 15:00:00+00:00,7.94,1.3970651626586914,3.607441461909927,3.8208279609680176,-0.4247138788733022
2024-09-17 16:00:00+00:00,20.67,1.3816405534744263,3.9349305410396456,3.8376641273498535,-0.16533825597187193
2024-09-17 17:00:00+00:00,0.3,1.3678712844848633,0.9398335063156333,3.7407803535461426,-1.6554447276266977
2024-09-17 18:00:00+00:00,0.35,1.3525769710540771,0.16770858152179535,3.681875467300415,2.108977588816915
2024-09-18 10:00:00+00:00,-9.33,1.346889853477478,-2.979278706051996,3.6320345401763916,-5.214865948174951
2024-09-18 11:00:00+00:00,-2.51,1.3497192859649658,-2.945397364055765,3.5706355571746826,0.8317371395041551
2024-09-18 12:00:00+00:00,-7.32,1.3495550155639648,-3.0354228017166562,3.5331907272338867,-1.5592417323926073
2024-09-18 13:00:00+00:00,-11.35,1.3524008989334106,-2.3968797764016765,3.522453784942627,-0.6854763317539577
2024-09-18 14:00:00+00:00,4.8,1.3490232229232788,1.4314605297694871,3.50958514213562,0.7532057062838142
2024-09-18 15:00:00+00:00,10.39,1.3464722633361816,2.6580702003272743,3.479361057281494,1.518080256245653
2024-09-18 16:00:00+00:00,-1.08,1.3547101020812988,-1.6235499822175794,3.429060935974121,1.1666624533617191
2024-09-18 17:00:00+00:00,-6.26,1.3588513135910034,-1.9512317544355797,3.3031575679779053,1.7279988270126219
2024-09-18 18:00:00+00:00,-5.46,1.359769344329834,0.7381690068762117,3.2564761638641357,2.096247161880928
2024-09-19 10:00:00+00:00,12.26,1.3633829355239868,2.67903303311193,3.237701177597046,-0.30519937767862604
2024-09-19 11:00:00+00:00,18.82,1.369462013244629,2.044203638725528,3.223526954650879,-2.176425431338134
2024-09-19 12:00:00+00:00,-13.58,1.3758599758148193,0.6456905307912985,3.2064006328582764,2.0528580964513954
2024-09-19 13:00:00+00:00,6.79,1.3802021741867065,1.1076697835005307,3.197605609893799,3.717600324400677
2024-09-19 14:00:00+00:00,-16.86,1.3894073963165283,-1.7013995112451388,3.2004969120025635,-3.270025393058265
2024-09-19 15:00:00+00:00,4.63,1.3838859796524048,3.17991941074751,3.172696590423584,-4.274119844426933
2024-09-19 16:00:00+00:00,5.56,1.3842355012893677,4.770373009300132,3.152388095855713,0.3233463590253486
2024-09-19 17:00:00+00:00,-4.98,1.3705846071243286,1.2737710952602015,3.1019458770751953,4.215911478899775
2024-09-19 18:00:00+00:00,17.8,1.3617985248565674,7.546195490091998,3.0999326705932617,-1.632925183620063
2024-09-20 10:00:00+00:00,8.49,1.3591742515563965,3.261377807587728,3.0870251655578613,0.8080570820459376
2024-09-20 11:00:00+00:00,2.0,1.3585976362228394,1.6828125938101008,3.091531991958618,1.8066024590347594
2024-09-20 12:00:00+00:00,-0.28,1.357120156288147,0.2964023367690539,3.093660354614258,4.007716605927552
2024-09-20 13:00:00+00:00,3.86,1.351062536239624,1.0403769660264808,3.082811117172241,-1.069592461555326
2024-09-20 14:00:00+00:00,-5.8,1.3489556312561035,-1.9365844906843486,3.0367677211761475,1.8522671505532498
2024-09-20 15:00:00+00:00,-3.75,1.3416074514389038,-0.2525228621438492,3.0062296390533447,-0.5489938145152706
2024-09-20 16:00:00+00:00,-1.46,1.3433293104171753,0.009323761384127285,2.955695152282715,0.52486129573007
2024-09-20 17:00:00+00:00,2.58,1.3387138843536377,2.2409501044532774,2.914242744445801,-1.6404248709795108
2024-09-20 18:00:00+00:00,29.52,1.3462765216827393,3.784137653887415,2.868670701980591,0.7333584479083213
2024-09-23 10:00:00+00:00,2.15,1.3603878021240234,1.8432738554502945,2.858393669128418,3.4362756075954266
2024-09-23 11:00:00+00:00,-3.6,1.3763145208358765,-0.0982673240773832,2.8566319942474365,3.8359759724629967
2024-09-23 12:00:00+00:00,9.29,1.3920738697052002,1.9398337091606037,2.852304697036743,2.6719789571051904
2024-09-23 13:00:00+00:00,2.7,1.4014118909835815,1.057768073450068,2.827770709991455,2.318211240895637
2024-09-23 14:00:00+00:00,-1.22,1.4113458395004272,-0.10347256476488667,2.8129658699035645,3.539837986856699
2024-09-23 15:00:00+00:00,6.64,1.4208946228027344,1.684700997905964,2.8062374591827393,2.476180390193443
2024-09-23 16:00:00+00:00,3.97,1.433020830154419,-0.13110896853431114,2.8070571422576904,0.4937483198754641
2024-09-23 17:00:00+00:00,-11.93,1.437699794769287,-2.152864747648017,2.765737533569336,0.6023007657126818
2024-09-23 18:00:00+00:00,16.75,1.4456348419189453,5.097561370573874,2.7274465560913086,-0.2656619785720046
2024-09-24 10:00:00+00:00,11.61,1.454894781112671,5.935652624930506,2.7023279666900635,1.7857515503023171
2024-09-24 11:00:00+00:00,9.14,1.4275273084640503,3.0117132058509046,2.6208837032318115,0.6032832411289921
2024-09-24 12:00:00+00:00,-0.94,1.4115965366363525,-0.30990787925496477,2.5602574348449707,6.14237204706215
2024-09-24 13:00:00+00:00,-2.64,1.402978777885437,-0.9634200827212934,2.483896493911743,2.315690330533389
2024-09-24 14:00:00+00:00,-1.97,1.398220419883728,-0.11169158916150845,2.380963087081909,1.1475289112022506
2024-09-24 15:00:00+00:00,5.67,1.391013264656067,2.1192780540924523,2.305657148361206,2.286783416403256
2024-09-24 16:00:00+00:00,10.67,1.3806040287017822,3.5805480152785054,2.254272699356079,2.7344199856361144
2024-09-24 17:00:00+00:00,3.8,1.3595221042633057,1.0350361323603723,2.168327808380127,6.5940814238778245
2024-09-24 18:00:00+00:00,-15.22,1.3328959941864014,-4.030957019007749,2.116981029510498,-1.2747237064922177
2024-09-25 10:00:00+00:00,8.37,1.3164161443710327,2.6127817283219983,2.0220065116882324,3.3128726487354254
2024-09-25 11:00:00+00:00,17.57,1.2941797971725464,1.7581434534123384,1.9547985792160034,1.4607595160674642
2024-09-25 12:00:00+00:00,-3.58,1.274537444114685,-1.770444499560896,1.8600338697433472,-1.2268489407490142
2024-09-25 13:00:00+00:00,-13.14,1.2659025192260742,-3.7601080718882383,1.7531630992889404,-0.5288165070136897
2024-09-25 14:00:00+00:00,-1.6,1.2504844665527344,-1.8011562592612307,1.667446494102478,1.083183312897733
2024-09-25 15:00:00+00:00,-18.47,1.2381919622421265,-1.7464131986860019,1.6081284284591675,-1.3263203763275635
2024-09-25 16:00:00+00:00,-7.4,1.2286303043365479,-3.7541295691749474,1.5580154657363892,-10.013969074744718
2024-09-25 17:00:00+00:00,-8.38,1.2201496362686157,-5.021138944696072,1.4456506967544556,-0.7245445765312527
2024-09-25 18:00:00+00:00,-17.81,1.2181322574615479,-8.127573255915985,1.3939530849456787,-3.3675906199766086
2024-09-26 10:00:00+00:00,16.92,1.2126070261001587,9.167527009414744,1.3528929948806763,1.2433457135619965
2024-09-26 11:00:00+00:00,7.89,1.2006195783615112,3.970998418646681,1.361106038093567,1.3334379984650178
2024-09-26 12:00:00+00:00,-8.16,1.1834652423858643,-6.110718240070779,1.3527491092681885,-0.050570089562144274
2024-09-26 13:00:00+00:00,9.22,1.1695764064788818,3.737464794475016,1.328607201576233,-3.252227438915063
2024-09-26 14:00:00+00:00,-12.56,1.1521530151367188,-4.837208359914374,1.280356526374817,-1.018435659345804
2024-09-26 15:00:00+00:00,-10.35,1.1453810930252075,-5.006093879580424,1.235848307609558,4.370133154808656
2024-09-26 16:00:00+00:00,7.52,1.1336278915405273,3.5080632787901784,1.2144118547439575,-0.7713626194718468
2024-09-26 17:00:00+00:00,6.87,1.1175813674926758,4.427938273741014,1.174080491065979,-3.258792068307962
2024-09-26 18:00:00+00:00,2.56,1.1002522706985474,2.948040561008012,1.1433970928192139,2.9550873211232758
2024-09-27 10:00:00+00:00,7.89,1.0815403461456299,4.290728752825631,1.1374539136886597,-5.2350310704385965
2024-09-27 11:00:00+00:00,5.68,1.0648890733718872,2.94269663917806,1.110276460647583,0.6693409200635256
2024-09-27 12:00:00+00:00,0.34,1.0450828075408936,0.673750178598875,1.0995715856552124,1.7937699280305328
2024-09-27 13:00:00+00:00,-5.01,1.0320013761520386,-0.1899087074952759,1.092956781387329,3.855685505032092
2024-09-27 14:00:00+00:00,-0.11,1.0268192291259766,1.0676469781356217,1.101344108581543,-2.3256813546388626
2024-09-27 15:00:00+00:00,4.2,1.017561674118042,3.494068912400798,1.102285385131836,-2.62224728704927
2024-09-27 16:00:00+00:00,8.85,1.0019056797027588,3.2584496705797688,1.1164262294769287,4.6786865727031035
2024-09-27 17:00:00+00:00,4.51,0.9680144786834717,3.130405033393116,1.143331527709961,2.4014956325955015
2024-09-27 18:00:00+00:00,19.37,0.9376590847969055,6.706503854864291,1.1703742742538452,-0.6182902275027982
2024-09-30 10:00:00+00:00,1.81,0.922153115272522,1.565721260006533,1.1595090627670288,-2.167839869160641
2024-09-30 11:00:00+00:00,-21.28,0.899986743927002,-4.37410431181054,1.1541869640350342,-1.3255199361762826
2024-09-30 12:00:00+00:00,1.99,0.8897077441215515,1.393987575729615,1.1670515537261963,-1.7226565103695568
2024-09-30 13:00:00+00:00,-15.48,0.863656222820282,-1.3765964413011342,1.1778128147125244,-0.0065089475204636316
2024-09-30 14:00:00+00:00,11.6,0.8513703346252441,1.3254540862405857,1.1957155466079712,3.372544365519901
2024-09-30 15:00:00+00:00,2.34,0.8349840044975281,1.7063608389536162,1.2174197435379028,0.4953992893323518
2024-09-30 16:00:00+00:00,-9.48,0.8120431900024414,-1.6629332636724967,1.2568347454071045,2.581870813528789
2024-09-30 17:00:00+00:00,8.13,0.8083944916725159,-2.0877941794914716,1.2706035375595093,-1.042260325446629
2024-09-30 18:00:00+00:00,-42.74,0.8101565837860107,-7.73349752527895,1.2739522457122803,-6.802839977311362
2024-10-01 10:00:00+00:00,-8.91,0.8040584921836853,-4.067502383654082,1.2542290687561035,1.4069911514017694
2024-10-01 11:00:00+00:00,13.51,0.7845128774642944,4.520203752353985,1.3001482486724854,-2.924777568982136
2024-10-01 12:00:00+00:00,-2.15,0.7710762619972229,-0.4524652853454383,1.3154537677764893,-1.4793915192720983
2024-10-01 13:00:00+00:00,-1.4,0.7466127872467041,-1.9056659357596195,1.3435497283935547,1.2296579106979368
2024-10-01 14:00:00+00:00,-7.53,0.7241737246513367,-3.5978227271842393,1.3798613548278809,-7.441603404247834
2024-10-01 15:00:00+00:00,5.15,0.7010536789894104,-0.2185012357042348,1.4065437316894531,4.123112070905558
2024-10-01 16:00:00+00:00,8.73,0.6755097508430481,0.8090736508612824,1.467555284500122,4.899150840302083
2024-10-01 17:00:00+00:00,-8.03,0.660133421421051,-4.514500502014821,1.5075980424880981,-5.4251618519618585
2024-10-01 18:00:00+00:00,22.68,0.6274681687355042,0.4771815876857002,1.5267131328582764,6.690978566098478
2024-10-02 10:00:00+00:00,-3.73,0.5867114663124084,-3.256366331254514,1.5892881155014038,-3.5338555893537724
2024-10-02 11:00:00+00:00,-7.11,0.5566376447677612,-4.5529682203175454,1.6239179372787476,-2.2064066230140895
2024-10-02 12:00:00+00:00,3.64,0.5269386768341064,-0.6812554070846024,1.6585512161254883,6.084514258120785
2024-10-02 13:00:00+00:00,-4.39,0.4978119134902954,-4.6745124392956425,1.7224754095077515,-4.431151970540245
2024-10-02 14:00:00+00:00,-14.88,0.4709252119064331,-9.420890286922964,1.7643334865570068,2.8414975715738824
2024-10-02 15:00:00+00:00,-1.7,0.44589143991470337,-4.978084753825941,1.820287823677063,0.08390756310698477
2024-10-02 16:00:00+00:00,-21.21,0.41921478509902954,-8.965824970163874,1.8846625089645386,-2.9924367158899843
2024-10-02 17:00:00+00:00,-20.7,0.375203013420105,-9.008105036976028,1.887977957725525,1.9782139480694907
2024-10-02 18:00:00+00:00,-0.66,0.33708643913269043,-1.4754388421201792,1.9338297843933105,-2.769363259740213
2024-10-03 10:00:00+00:00,-8.53,0.2993369996547699,-4.4359308631219365,1.959181308746338,-2.3649667075923544
2024-10-03 11:00:00+00:00,-0.18,0.27215638756752014,-0.3821025793977897,1.9999979734420776,0.6789898183838026
2024-10-03 12:00:00+00:00,-11.36,0.24687470495700836,-3.2010612739847515,2.0620391368865967,-4.183934833203483
2024-10-03 13:00:00+00:00,-1.38,0.219347283244133,-1.3058990615108566,2.115053653717041,0.4281696420115816
2024-10-03 14:00:00+00:00,28.8,0.1877739280462265,3.5985860404141268,2.1805803775787354,1.9413591404080113
2024-10-03 15:00:00+00:00,10.64,0.1667252779006958,2.8733624050525237,2.230257272720337,0.30009270858237624
2024-10-03 16:00:00+00:00,-0.3,0.15281489491462708,-0.3816833835075193,2.2852554321289062,4.888758001820678
2024-10-03 17:00:00+00:00,-1.43,0.12187357246875763,-2.1589901396717295,2.318857192993164,6.470847175479109
2024-10-03 18:00:00+00:00,29.09,0.1084209755063057,5.668718300479643,2.385859966278076,-3.8979195751459264
2024-10-04 10:00:00+00:00,3.76,0.09147271513938904,0.5498623339217749,2.417362928390503,0.6237869429780394
2024-10-04 11:00:00+00:00,-7.46,0.07186022400856018,-1.2631469759738172,2.4768693447113037,0.7629394977739249
2024-10-04 12:00:00+00:00,6.16,0.055259473621845245,-0.8098126380437619,2.548626661300659,3.685600266658721
2024-10-04 13:00:00+00:00,-4.22,0.051460348069667816,-2.9686310238277236,2.6334688663482666,2.203888418506581
2024-10-04 14:00:00+00:00,-11.8,0.025857459753751755,-2.6800424173035187,2.729144811630249,1.0402536504471551
2024-10-04 15:00:00+00:00,-1.98,0.005967102944850922,-1.2271100108217736,2.8075764179229736,-2.9977247118278947
2024-10-04 16:00:00+00:00,5.16,-0.014039169996976852,0.5679676903670766,2.8823046684265137,3.135227317140359
2024-10-04 17:00:00+00:00,3.52,-0.03669799119234085,-0.7361144443624668,2.9502182006835938,0.509050376092642
2024-10-04 18:00:00+00:00,-7.96,-0.05038200318813324,-2.3754884540033423,2.996798038482666,1.5095192257493766
2024-10-07 10:00:00+00:00,2.76,-0.049109723418951035,0.4008669817364542,3.0327844619750977,3.5256197852321587
2024-10-07 11:00:00+00:00,-11.85,-0.047384463250637054,-0.8755392934016879,3.089104652404785,-3.4816450968075943
2024-10-07 12:00:00+00:00,-4.25,-0.040652669966220856,-1.1328426887055663,3.083740234375,1.2813174920579335
2024-10-07 13:00:00+00:00,3.63,-0.02982611395418644,-0.47016071212221194,3.0631887912750244,-0.6755742138998392
2024-10-07 14:00:00+00:00,-4.95,-0.021869560703635216,-1.7369466376876848,3.035379648208618,-3.786611486736815
2024-10-07 15:00:00+00:00,13.1,-0.006441472563892603,-0.2834396243249811,2.994438886642456,4.687160051427078
2024-10-07 16:00:00+00:00,-5.56,0.014567533507943153,-0.3842262696222558,2.934377431869507,-0.285935818492706
2024-10-07 17:00:00+00:00,4.3,0.029988069087266922,0.24875704440503926,2.8591010570526123,3.9312563888333454
2024-10-07 18:00:00+00:00,-14.34,0.054413579404354095,-0.8264778217611057,2.7648520469665527,-2.516753272948323
2024-10-08 10:00:00+00:00,0.32,0.08055038750171661,0.3879708010828925,2.629434585571289,0.2154333388420001
2024-10-08 11:00:00+00:00,16.59,0.10838618129491806,0.1953357500606924,2.4897079467773438,3.915594133338621
2024-10-08 12:00:00+00:00,1.3,0.139969140291214,-0.38746227875788963,2.3817338943481445,-3.8415591248405865
2024-10-08 13:00:00+00:00,-9.5,0.1660459339618683,-0.9500262960769155,2.249969959259033,-0.9768896090558878
2024-10-08 14:00:00+00:00,-2.11,0.20073354244232178,-0.9370038780167078,2.080479860305786,-1.8699839827769582
2024-10-08 15:00:00+00:00,1.15,0.24029581248760223,0.17622656479706372,1.9181742668151855,0.0007949190151593788
2024-10-08 16:00:00+00:00,0.68,0.27452993392944336,-0.6164623631030031,1.8001290559768677,-2.7927721248975033
2024-10-08 17:00:00+00:00,0.44,0.28753283619880676,-0.20306197426623035,1.6512577533721924,0.6864501292868213
2024-10-08 18:00:00+00:00,-11.79,0.3094710111618042,-2.4642609975303973,1.5162571668624878,0.18516999567096193
2024-10-09 10:00:00+00:00,-0.22,0.32833677530288696,-0.8206745462432404,1.3848648071289062,0.37626690556434694
2024-10-09 11:00:00+00:00,-5.51,0.3663226068019867,-2.636605309481134,1.252334475517273,-0.2760812445221396
2024-10-09 12:00:00+00:00,-8.19,0.40159884095191956,-2.0651109744720832,1.1294149160385132,-4.336914461951078
2024-10-09 13:00:00+00:00,3.5,0.43049243092536926,1.8373094478008847,0.9558215737342834,1.2158627067791028
2024-10-09 14:00:00+00:00,-2.34,0.47142264246940613,-1.2144267831171152,0.8308971524238586,1.2039395027590702
2024-10-09 15:00:00+00:00,-11.91,0.5078343152999878,-2.740623625531118,0.7411161065101624,-1.9174681227935424
2024-10-09 16:00:00+00:00,0.99,0.5477123260498047,0.25232118652723023,0.6768590211868286,-2.104525876478575
2024-10-09 17:00:00+00:00,-4.09,0.5633080005645752,-0.6363976653489253,0.6104778051376343,-3.071650564568227
2024-10-09 18:00:00+00:00,14.82,0.5806764960289001,2.421138881441249,0.5726515054702759,2.2819758728650896
2024-10-10 10:00:00+00:00,9.82,0.6078429222106934,-0.3077455395752682,0.5292328000068665,0.4538523497090384
2024-10-10 11:00:00+00:00,-5.24,0.6398066282272339,-0.7405985392527054,0.4824983477592468,-0.5498035800920706
2024-10-10 12:00:00+00:00,-8.3,0.6653727889060974,-0.9270175951036066,0.4394034147262573,2.205215449413778
2024-10-10 13:00:00+00:00,-6.23,0.6947420835494995,-0.6326000590328686,0.3760553002357483,-2.1628065795301854
2024-10-10 14:00:00+00:00,6.22,0.7079645991325378,0.4885825446921742,0.2853315472602844,-4.959429670131048
2024-10-10 15:00:00+00:00,3.55,0.7353553771972656,-0.03560605015343138,0.24940817058086395,-0.578140314641657
2024-10-10 16:00:00+00:00,-0.68,0.7398695945739746,-1.1253967398344729,0.18104930222034454,5.231755845036579
2024-10-10 17:00:00+00:00,-1.23,0.7508944272994995,-1.0490196680244854,0.15117453038692474,2.490910389528945
2024-10-10 18:00:00+00:00,-8.24,0.7691187858581543,-2.11230136916879,0.12254713475704193,0.14625845880837873
2024-10-11 10:00:00+00:00,0.05,0.7796471118927002,0.08273085405958994,0.05955647677183151,-3.0038520973818534
2024-10-11 11:00:00+00:00,-10.16,0.7951514720916748,-1.5458546401405209,0.013412339612841606,-1.6722656191190481
2024-10-11 12:00:00+00:00,-2.6,0.8230348229408264,-1.0734502835844186,-0.05368375778198242,-1.7331866815471666
2024-10-11 13:00:00+00:00,1.33,0.8439685106277466,-0.759055011941983,-0.07933810353279114,-3.912852525693909
2024-10-11 14:00:00+00:00,-0.83,0.8790366649627686,-0.9029260786106924,-0.09523610770702362,-0.9430202828710965
2024-10-11 15:00:00+00:00,-1.17,0.890188992023468,-0.596235300998726,-0.08750281482934952,-2.203947039089015
2024-10-11 16:00:00+00:00,4.68,0.8896848559379578,1.816628555578188,-0.08244958519935608,-4.7307141027654325
2024-10-11 17:00:00+00:00,9.92,0.8797380924224854,0.6555446004619985,-0.11041704565286636,0.18354931138672814
2024-10-11 18:00:00+00:00,-24.94,0.8955076336860657,-0.36189732057976404,-0.124325692653656,-2.6000686894301546
2024-10-14 10:00:00+00:00,-3.54,0.9173519015312195,-0.16885462060637754,-0.1332463026046753,1.9197712912399831
2024-10-14 11:00:00+00:00,9.84,0.9407345652580261,2.111173976582695,-0.122629314661026,-1.6394192597683817
2024-10-14 12:00:00+00:00,23.34,0.9590628743171692,0.6734103802584755,-0.11230312287807465,0.4016185505881552
2024-10-14 13:00:00+00:00,7.04,0.962263822555542,1.4001698028842633,-0.1324589103460312,1.8065629848524716
2024-10-14 14:00:00+00:00,-0.64,0.9658792018890381,-0.12192503073995187,-0.1679699420928955,4.634545680634104
2024-10-14 15:00:00+00:00,16.23,0.9654641151428223,0.5947259452249328,-0.20472249388694763,7.463335939541485
2024-10-14 16:00:00+00:00,-2.37,0.9682624340057373,-0.8214220733200666,-0.1969064325094223,2.893421587458168
2024-10-14 17:00:00+00:00,-6.12,0.9736754894256592,0.17613137216161048,-0.24135932326316833,-1.7896821780285388
2024-10-14 18:00:00+00:00,6.94,0.9868850111961365,1.8413952088706673,-0.28839048743247986,4.917139587142607
2024-10-15 10:00:00+00:00,14.61,0.9976855516433716,2.7741754765263837,-0.32690897583961487,3.5207225576155707
2024-10-15 11:00:00+00:00,6.32,1.0106767416000366,1.1008465823142313,-0.3524966835975647,2.5706776776801457
2024-10-15 12:00:00+00:00,-4.86,1.0292974710464478,-1.6514837486980594,-0.3699438273906708,-3.045979984907726
2024-10-15 13:00:00+00:00,12.0,1.0504015684127808,1.4076329465140178,-0.3710000514984131,-1.2414716465172269
2024-10-15 14:00:00+00:00,-9.63,1.0557829141616821,-2.0430254493240083,-0.3912869393825531,0.7461295290860356
2024-10-15 15:00:00+00:00,-3.84,1.0671350955963135,-1.4029842258310947,-0.3906262516975403,2.254983895595051
2024-10-15 16:00:00+00:00,6.57,1.0769037008285522,1.1355761804619546,-0.39606034755706787,3.745786570069209
2024-10-15 17:00:00+00:00,4.32,1.0792908668518066,2.2055421075384385,-0.419500470161438,-3.0725743990346177
2024-10-15 18:00:00+00:00,11.17,1.0771045684814453,3.23672256017431,-0.41963449120521545,6.663578129402456
2024-10-16 10:00:00+00:00,8.71,1.0449801683425903,0.44908377777381714,-0.40438398718833923,-0.3066033306590914
2024-10-16 11:00:00+00:00,-23.44,1.0162326097488403,-4.577716257833529,-0.3779085874557495,-1.8949909415660575
2024-10-16 12:00:00+00:00,-0.84,0.9907504320144653,-0.558431159571809,-0.33001020550727844,0.09992513782421242
2024-10-16 13:00:00+00:00,-8.79,0.9487048983573914,-1.1144026973280026,-0.30734357237815857,-0.9083929248025242
2024-10-16 14:00:00+00:00,-0.4,0.9188603162765503,-0.534656229031782,-0.2821565270423889,3.287416874782141
2024-10-16 15:00:00+00:00,-3.64,0.8867284655570984,-1.6056387224088118,-0.24911092221736908,-4.004494635126186
2024-10-16 16:00:00+00:00,-5.85,0.8645622730255127,-2.3767163694599964,-0.20516124367713928,-0.7052764059261959
2024-10-16 17:00:00+00:00,0.75,0.8027364015579224,0.5018645856950075,-0.14567245543003082,-2.6879410790423663
2024-10-16 18:00:00+00:00,3.1,0.7666518688201904,1.728922561302864,-0.10429222136735916,-1.1355438516177752
2024-10-17 10:00:00+00:00,-3.14,0.7466237545013428,-2.261695504977183,-0.04820423945784569,-2.8562171750110825
2024-10-17 11:00:00+00:00,-9.64,0.7276785373687744,-3.505805779227581,-0.009439622983336449,-2.345259230088635
2024-10-17 12:00:00+00:00,-4.06,0.702633261680603,-3.981159134775608,0.043641623109579086,-2.29917043134847
2024-10-17 13:00:00+00:00,2.21,0.682375431060791,0.5300013074608046,0.07401080429553986,-2.9034771999330893
2024-10-17 14:00:00+00:00,0.54,0.6529982089996338,0.22513565386063328,0.10380939394235611,0.4771919800249962
2024-10-17 15:00:00+00:00,1.53,0.6202405095100403,-0.6375300088351603,0.12251710891723633,-3.519402004155438
2024-10-17 16:00:00+00:00,0.44,0.598811686038971,0.2494149094444858,0.12629878520965576,-0.15168700892421272
2024-10-17 17:00:00+00:00,-10.91,0.5468388199806213,-1.7930660925968331,0.13643454015254974,-2.5316680741306388
2024-10-17 18:00:00+00:00,-4.03,0.5101672410964966,-2.2016245106800127,0.14597627520561218,-1.9446144514221464
2024-10-18 10:00:00+00:00,0.79,0.47813132405281067,0.14614717924029877,0.16672316193580627,2.438179554542381
2024-10-18 11:00:00+00:00,-1.48,0.4548933506011963,-1.5231015914800088,0.18366052210330963,0.32543991727504606
2024-10-18 12:00:00+00:00,-10.95,0.4267726540565491,-2.3523323899281574,0.19074192643165588,1.7216893635150714
2024-10-18 13:00:00+00:00,3.78,0.3935423791408539,-0.23497225804648086,0.20333507657051086,0.22304533826565842
2024-10-18 14:00:00+00:00,0.35,0.3508010804653168,0.28967914167460523,0.20673733949661255,-3.411254353406894
2024-10-18 15:00:00+00:00,-4.97,0.315451443195343,-0.9025826881532502,0.1992875188589096,-1.4304520341357678
2024-10-18 16:00:00+00:00,7.88,0.28197938203811646,-0.3487588785261042,0.18491961061954498,-3.886637505468188
2024-10-18 17:00:00+00:00,-3.0,0.25146445631980896,-1.258859422030087,0.1655292510986328,-0.5752720518332194
2024-10-18 18:00:00+00:00,18.82,0.23323102295398712,1.4522085080104066,0.15178906917572021,-2.3922864092245515
2024-10-21 10:00:00+00:00,-2.88,0.20908772945404053,-0.5008199919169217,0.1232261210680008,4.830750758318987
2024-10-21 11:00:00+00:00,8.05,0.1845238357782364,0.2205825257734617,0.12575164437294006,0.2939322166880859
2024-10-21 12:00:00+00:00,1.91,0.15145307779312134,0.3070705745139458,0.14447474479675293,4.894962581399089
2024-10-21 13:00:00+00:00,-6.61,0.13020867109298706,-1.6096511210126003,0.15618455410003662,0.7270242164005534
2024-10-21 14:00:00+00:00,4.4,0.11347758769989014,0.9805809372817151,0.1476975530385971,0.26629114708624557
2024-10-21 15:00:00+00:00,2.59,0.0937579870223999,0.059685504708599,0.14250369369983673,-0.6630971691311427
2024-10-21 16:00:00+00:00,-4.27,0.07012247294187546,-2.8664827227635734,0.14403599500656128,-0.7121526325044946
2024-10-21 17:00:00+00:00,-6.2,0.027716990560293198,-2.793153784523143,0.15657861530780792,4.656650140990985
2024-10-21 18:00:00+00:00,-5.38,-0.010329452343285084,-2.4397876984463314,0.18875843286514282,-2.421794043886148
2024-10-22 10:00:00+00:00,-0.89,-0.057866171002388,-0.968817271471021,0.2163970023393631,-2.710519340133001
2024-10-22 11:00:00+00:00,13.54,-0.09178777784109116,-1.2173242154117756,0.24483834207057953,2.0560767298106217
2024-10-22 12:00:00+00:00,-4.08,-0.12947504222393036,-1.5641959945257358,0.2783080041408539,1.764995737748098
2024-10-22 13:00:00+00:00,-1.2,-0.16776703298091888,-1.631643832425794,0.3101172149181366,0.03059657253719844
2024-10-22 14:00:00+00:00,-5.96,-0.2122260481119156,-2.516671588590409,0.3462449908256531,-5.078788463837867
2024-10-22 15:00:00+00:00,-1.08,-0.2529143691062927,-1.7335432099086352,0.34073835611343384,1.3074280778794658
2024-10-22 16:00:00+00:00,-3.6,-0.2900669574737549,-3.039723813497349,0.36492449045181274,-2.3180267967898387
2024-10-22 17:00:00+00:00,-3.87,-0.34387344121932983,-3.554237241218767,0.3671189248561859,-1.1911538994301678
2024-10-22 18:00:00+00:00,-22.55,-0.38314610719680786,-5.709390050950377,0.3831257224082947,-1.1849422204632294
2024-10-23 10:00:00+00:00,6.87,-0.42241355776786804,4.8386648114970505,0.371600478887558,-0.23850109501256148
2024-10-23 11:00:00+00:00,1.7,-0.43886181712150574,1.1750703238846176,0.3635815382003784,-2.5631351550288004
2024-10-23 12:00:00+00:00,6.93,-0.4549756944179535,0.45081212699606277,0.3339909613132477,-2.6010708721587106
2024-10-23 13:00:00+00:00,-7.1,-0.46275514364242554,-0.519813480456767,0.29827114939689636,-0.2832725670082126
2024-10-23 14:00:00+00:00,7.11,-0.4717182219028473,0.7321204729243243,0.2819139063358307,0.7496301039465061
2024-10-23 15:00:00+00:00,-1.32,-0.4844011962413788,-1.3384284586553943,0.28545093536376953,0.9308719639737548
2024-10-23 16:00:00+00:00,-4.63,-0.5024367570877075,-1.629969453152555,0.2665938138961792,-1.5784090307698422
2024-10-23 17:00:00+00:00,-7.27,-0.5129475593566895,-1.7445596034994806,0.2511492073535919,-4.3041378479035455
2024-10-23 18:00:00+00:00,-28.41,-0.5148167014122009,-3.058654023105639,0.23482418060302734,-1.8440376695961496
2024-10-24 10:00:00+00:00,3.12,-0.5148075819015503,2.4716057370286593,0.23564673960208893,0.6251945272200468
2024-10-24 11:00:00+00:00,-13.55,-0.5215629935264587,-2.5360005046806102,0.25290343165397644,-1.2107947496872595
2024-10-24 12:00:00+00:00,5.1,-0.5282709002494812,3.762623647383698,0.2579266428947449,-4.295299852297681
2024-10-24 13:00:00+00:00,7.33,-0.5346836447715759,1.5364359658719546,0.24976633489131927,-0.05693730470441766
2024-10-24 14:00:00+00:00,-7.88,-0.5377737283706665,-0.8842644881938143,0.2404458075761795,-0.8160758820993282
2024-10-24 15:00:00+00:00,16.36,-0.5420485138893127,4.255947815502755,0.2423282116651535,2.545302311704423
2024-10-24 16:00:00+00:00,11.67,-0.5391659736633301,2.2694910208569463,0.23430047929286957,-5.624256655439118
2024-10-24 17:00:00+00:00,-10.25,-0.5348337888717651,0.4100483441473699,0.21655374765396118,0.354916985269623
2024-10-24 18:00:00+00:00,5.63,-0.5334609150886536,2.1557600980665192,0.2182501256465912,0.16843417595632326
2024-10-25 10:00:00+00:00,1.0,-0.5429659485816956,0.7778101217999733,0.22174541652202606,-1.8607385154739025
2024-10-25 11:00:00+00:00,0.9,-0.5530477166175842,1.1152566433477307,0.22677959501743317,1.8530106175049563
2024-10-25 12:00:00+00:00,12.48,-0.5590898394584656,1.077415273025025,0.2250671088695526,-3.5372786356650923
2024-10-25 13:00:00+00:00,-22.91,-0.5712332129478455,-0.4571570518186171,0.23173613846302032,2.6142718388114785
2024-10-25 14:00:00+00:00,-10.15,-0.5736379027366638,-2.0727945410524353,0.25781896710395813,-0.2982801421008825
2024-10-25 15:00:00+00:00,-32.69,-0.5860764384269714,-5.172382522472448,0.2888532280921936,-3.297394434322762
2024-10-25 16:00:00+00:00,-14.05,-0.5896241068840027,-1.4383638777406835,0.3078180253505707,-1.441069368549202
2024-10-25 17:00:00+00:00,1.73,-0.5871500968933105,0.49968230083840526,0.3230663239955902,2.9502832603758384
2024-10-25 18:00:00+00:00,-27.9,-0.5823732614517212,-10.042500788964968,0.3552871644496918,-0.9392264466900595
2024-10-28 10:00:00+00:00,10.01,-0.5766065120697021,0.7038395932309898,0.38222992420196533,0.5213381067708867
2024-10-28 11:00:00+00:00,-9.92,-0.5498766303062439,-4.61868224436984,0.4113817811012268,-1.3880461458097204
2024-10-28 12:00:00+00:00,-2.35,-0.5181756019592285,-3.012317391817225,0.42289453744888306,-10.9525254497259
2024-10-28 13:00:00+00:00,-23.65,-0.4978629946708679,-6.651946634534579,0.4323161542415619,1.9148279711640144
2024-10-28 14:00:00+00:00,4.13,-0.4767133295536041,3.2339999893999907,0.46587225794792175,-4.970365120398489
2024-10-28 15:00:00+00:00,-16.06,-0.45276033878326416,-4.324772200564415,0.4825459420681,1.5723135414260936
2024-10-28 16:00:00+00:00,5.7,-0.4317639172077179,4.049704202006658,0.5126067399978638,0.2679953712115286
2024-10-28 17:00:00+00:00,-25.26,-0.40677061676979065,-8.955075712691414,0.5286051034927368,-4.090337418616201
2024-10-28 18:00:00+00:00,25.62,-0.3830978572368622,6.980853727479915,0.5407009124755859,6.640926458627767
2024-10-29 10:00:00+00:00,-32.97,-0.3578353524208069,-11.519081449883508,0.5747155547142029,-1.58348485557873
2024-10-29 11:00:00+00:00,8.54,-0.3372969627380371,6.7511752340678415,0.6008738279342651,1.1808134461452955
2024-10-29 12:00:00+00:00,1.35,-0.30780893564224243,0.942715742519385,0.6488959789276123,4.586236762653373
2024-10-29 13:00:00+00:00,12.34,-0.28011706471443176,6.7574572881773465,0.6956707835197449,1.1376287811655623
2024-10-29 14:00:00+00:00,3.79,-0.2613041400909424,3.951382633030833,0.7484443783760071,2.858586003827244
2024-10-29 15:00:00+00:00,2.22,-0.23541128635406494,2.515766648740775,0.7789145708084106,0.2689616130196185
2024-10-29 16:00:00+00:00,1.84,-0.2144280970096588,1.7556807866468205,0.8196561336517334,4.739372893806913
2024-10-29 17:00:00+00:00,1.87,-0.19088734686374664,1.9509277267196878,0.8307081460952759,-0.4091783973390099
2024-10-29 18:00:00+00:00,20.95,-0.16584405303001404,6.544377081448665,0.8440762758255005,7.158818911939389
2024-10-30 10:00:00+00:00,-0.28,-0.1389765739440918,0.21014644057098447,0.8613036870956421,-1.0640360200456724
2024-10-30 11:00:00+00:00,2.3,-0.10939789563417435,0.8232982804684209,0.8694178462028503,-1.6937236601479613
2024-10-30 12:00:00+00:00,-5.5,-0.08442464470863342,-5.544001730878911,0.8825002908706665,1.7384763463638215
2024-10-30 13:00:00+00:00,-20.4,-0.05510544404387474,-8.969031639919676,0.9102809429168701,-0.19526931142448145
2024-10-30 14:00:00+00:00,8.36,-0.020787399262189865,-1.595818139975552,0.9368017911911011,2.6890558791911547
2024-10-30 15:00:00+00:00,-2.13,-0.0003132699057459831,-2.0979885903908753,0.9605810642242432,-1.3021896987362176
2024-10-30 16:00:00+00:00,15.8,0.015893833711743355,-0.5824102779385738,1.0024468898773193,-0.7365051102151805
2024-10-30 17:00:00+00:00,-3.38,0.027963094413280487,-2.364433273195735,1.045014500617981,5.560769265469965
2024-10-30 18:00:00+00:00,-32.29,0.045761093497276306,-8.656342881695519,1.0789082050323486,-5.730796049401733
2024-10-31 10:00:00+00:00,-8.35,0.060968026518821716,-6.379825803017022,1.0906729698181152,-0.046882623314706606
2024-10-31 11:00:00+00:00,-8.18,0.08175408840179443,-6.826241194760808,1.1313793659210205,-2.130765418685698
2024-10-31 12:00:00+00:00,12.73,0.10874627530574799,3.6672283046591136,1.1823056936264038,-1.9271570170614145
2024-10-31 13:00:00+00:00,10.94,0.1346437931060791,-0.4383872393013367,1.2175860404968262,0.6691843884689348
2024-10-31 14:00:00+00:00,-11.86,0.1541859656572342,-5.357594271752105,1.2680662870407104,-5.161323996095392
2024-10-31 15:00:00+00:00,-10.52,0.16993948817253113,-7.188430709534038,1.3021248579025269,-3.6589793341697634
2024-10-31 16:00:00+00:00,-10.66,0.1870511770248413,-6.072431590288602,1.3502106666564941,-3.3596310129055453
2024-10-31 17:00:00+00:00,3.01,0.20105944573879242,-0.973656731131537,1.390974998474121,-6.187368983979392
2024-10-31 18:00:00+00:00,-2.14,0.22930285334587097,-0.7139648656057986,1.4352967739105225,4.266084225875091
2024-11-01 10:00:00+00:00,-2.93,0.24276523292064667,-2.8606377310572433,1.4802154302597046,-3.1987273876748943
2024-11-01 11:00:00+00:00,-6.77,0.26723960041999817,-4.099648405760801,1.4954315423965454,6.569959775857885
2024-11-01 12:00:00+00:00,3.05,0.29251232743263245,1.2136761602274106,1.529922366142273,-1.5611139334700284
2024-11-01 13:00:00+00:00,8.26,0.3226890563964844,2.4678631496102463,1.5437387228012085,-1.126324084325761
2024-11-01 14:00:00+00:00,-7.52,0.3430160582065582,-3.032840867670136,1.5559978485107422,-0.7169389066609881
2024-11-01 15:00:00+00:00,13.84,0.36697089672088623,1.20554285921181,1.5745232105255127,2.806716444127371
2024-11-01 16:00:00+00:00,7.76,0.3921394646167755,1.3450729140362188,1.5987045764923096,2.1893609203461355
2024-11-01 17:00:00+00:00,0.96,0.4030091464519501,1.0037664315028503,1.622633934020996,0.9679375998669
2024-11-01 18:00:00+00:00,13.95,0.4280549883842468,2.774928173872577,1.6542460918426514,0.4625495576483134
2024-11-02 10:00:00+00:00,-3.75,0.4408785104751587,-1.1049852518208185,1.6957428455352783,2.569631051791743
2024-11-02 11:00:00+00:00,0.01,0.46880877017974854,-0.560971133437902,1.73429536819458,-1.3804553982651337
2024-11-02 12:00:00+00:00,3.73,0.49818968772888184,3.351662348511791,1.771967887878418,0.9191152516401158
2024-11-02 13:00:00+00:00,6.81,0.521284282207489,2.841033326779128,1.8189723491668701,4.0668342207246475
2024-11-02 14:00:00+00:00,0.08,0.544944703578949,0.22038903088337086,1.8717418909072876,2.142080011768136
2024-11-02 15:00:00+00:00,6.25,0.5632211565971375,0.7947396711241805,1.9004795551300049,1.6975941070807892
2024-11-02 16:00:00+00:00,-2.26,0.5751091837882996,-1.2081496520602981,1.921757459640503,1.9471575225773643
2024-11-02 17:00:00+00:00,-5.15,0.5880311727523804,-3.1306573936513793,1.9424288272857666,3.3849586230355238
2024-11-02 18:00:00+00:00,19.1,0.5982169508934021,3.519230689685692,1.9563840627670288,0.2658405927442833
2024-11-05 10:00:00+00:00,-2.09,0.6063849329948425,-1.968427102842373,1.9856680631637573,2.2326495353380422
2024-11-05 11:00:00+00:00,9.27,0.6046781539916992,1.3999522237184587,1.9925264120101929,-0.9273298418736682
2024-11-05 12:00:00+00:00,-2.13,0.5961859822273254,-2.302345832417212,2.0072836875915527,0.3986823000714461
2024-11-05 13:00:00+00:00,-5.79,0.5721840858459473,-2.2819640319467016,2.0380923748016357,3.0061384181183333
2024-11-05 14:00:00+00:00,0.2,0.528702437877655,-0.6060395748354994,2.0718345642089844,1.4653693480093049
2024-11-05 15:00:00+00:00,-4.42,0.4879222810268402,1.0033209234356997,2.1151177883148193,-2.591564819815921
2024-11-05 16:00:00+00:00,1.65,0.4749055802822113,1.7101340482034464,2.1594321727752686,1.1694556746819205
2024-11-05 17:00:00+00:00,6.34,0.4339655637741089,1.4887103891556095,2.1903529167175293,-1.3966100920891105
2024-11-05 18:00:00+00:00,76.79,0.4205901324748993,5.992163040596,2.224334478378296,0.9476565469087355
2024-11-06 10:00:00+00:00,4.33,0.4154151380062103,0.3179451013588812,2.2450621128082275,-2.142243086487129
2024-11-06 11:00:00+00:00,-3.57,0.43322432041168213,-3.7945816728267636,2.2703235149383545,1.384185857967956
2024-11-06 12:00:00+00:00,-11.85,0.42563292384147644,-7.537512963392247,2.2851693630218506,3.405722529403445
2024-11-06 13:00:00+00:00,-6.39,0.41608917713165283,-4.792384640965913,2.2924556732177734,-2.301067057008618
2024-11-06 14:00:00+00:00,-10.76,0.40837475657463074,-4.309254368099143,2.276724338531494,2.637045281373039
2024-11-06 15:00:00+00:00,-4.72,0.4116643965244293,-3.5968796582284828,2.2773375511169434,3.5275167402014462
2024-11-06 16:00:00+00:00,-0.16,0.4189399182796478,-0.2107903290840958,2.285583734512329,3.6017250439732926
2024-11-06 17:00:00+00:00,2.69,0.42432019114494324,2.2227948974428413,2.293917417526245,5.8279025431846385
2024-11-06 18:00:00+00:00,0.0,0.4289548993110657,-0.5583723352202248,2.313051462173462,-3.0522480582497984
2024-11-07 11:00:00+00:00,-12.34,0.41939789056777954,-2.291230713963729,2.296618938446045,2.695478140524143
2024-11-07 12:00:00+00:00,-15.74,0.40778860449790955,-2.4717038341513216,2.2886459827423096,-2.7596668510455484
2024-11-07 13:00:00+00:00,16.28,0.39574652910232544,5.45049196086889,2.250526189804077,4.688270652244101
2024-11-07 14:00:00+00:00,7.57,0.38568612933158875,4.598832499349161,2.2305984497070312,1.1511181970150397
2024-11-07 15:00:00+00:00,0.77,0.3788130283355713,2.188473872313308,2.1904945373535156,-1.8743060456310803
2024-11-07 16:00:00+00:00,33.72,0.36511290073394775,2.1484898088912376,2.135753631591797,1.4944301213194784
2024-11-07 17:00:00+00:00,-2.5,0.33347487449645996,-0.3655638436751376,2.0735623836517334,1.759486325985356
2024-11-07 18:00:00+00:00,47.61,0.32530927658081055,1.4341277002113602,1.9996634721755981,3.5245780620969454
2024-11-08 10:00:00+00:00,-9.49,0.3113443851470947,-5.989089972791361,1.9440081119537354,3.7037528010972425
2024-11-08 11:00:00+00:00,1.72,0.31962206959724426,-0.7165221011955535,1.890143871307373,3.7082608728546127
2024-11-08 12:00:00+00:00,-12.51,0.3139966130256653,-1.9132222753768828,1.8430116176605225,-0.07178688949759615
2024-11-08 13:00:00+00:00,1.96,0.2964516580104828,1.6191890684979535,1.7933908700942993,-2.518063209285662
2024-11-08 14:00:00+00:00,8.42,0.2881556749343872,2.1715594671209377,1.7421103715896606,4.767898595053672
2024-11-08 15:00:00+00:00,-3.04,0.2782121002674103,1.156079231019337,1.716503620147705,1.4472443121294856
2024-11-08 16:00:00+00:00,3.17,0.2686923146247864,3.051173512474381,1.6698039770126343,3.1706691006026833
2024-11-08 17:00:00+00:00,6.09,0.2633810043334961,3.625124726731282,1.6447124481201172,-0.26554871775531386
2024-11-08 18:00:00+00:00,42.77,0.2344328910112381,4.271877370140041,1.619598627090454,2.154298336450811
2024-11-11 10:00:00+00:00,15.82,0.20035673677921295,4.775107773665389,1.620863676071167,2.925456273840727
2024-11-11 11:00:00+00:00,-11.04,0.16861969232559204,-5.285616767026518,1.6228127479553223,0.8120380643249466
2024-11-11 12:00:00+00:00,6.42,0.14681358635425568,0.3848546631732055,1.6083829402923584,2.200071055245984
2024-11-11 13:00:00+00:00,-16.96,0.12493433058261871,-5.6992843475961985,1.5894931554794312,-2.626780612472489
2024-11-11 14:00:00+00:00,3.57,0.10823291540145874,3.418270963553957,1.567447304725647,0.03967359716752633
2024-11-11 15:00:00+00:00,10.24,0.08335340768098831,3.6514994235289686,1.5570954084396362,1.597415823958475
2024-11-11 16:00:00+00:00,-5.83,0.052048057317733765,0.18370026948818266,1.5620399713516235,3.8071938338759943
2024-11-11 17:00:00+00:00,5.76,0.015051688998937607,3.391014465631156,1.565839171409607,1.1511288012385625
2024-11-11 18:00:00+00:00,-26.12,-0.04109800606966019,-1.2096354730323327,1.5637480020523071,2.5316141598233974
2024-11-12 10:00:00+00:00,4.07,-0.08964917808771133,3.943334086759643,1.5558037757873535,-1.2643389224355506
2024-11-12 11:00:00+00:00,8.01,-0.13126690685749054,2.4857517132417803,1.5541454553604126,4.005222577228404
2024-11-12 12:00:00+00:00,-4.16,-0.16138960421085358,-1.9806074336834862,1.557721734046936,0.13105121162697486
2024-11-12 13:00:00+00:00,-5.26,-0.1843794584274292,-4.113736546870277,1.5454614162445068,0.14459991873523514
2024-11-12 14:00:00+00:00,-6.53,-0.2119237333536148,-5.028454217712803,1.5286823511123657,-3.925732343311266
2024-11-12 15:00:00+00:00,-6.91,-0.2304089516401291,-5.063549173904074,1.4861828088760376,-4.127050520014381
2024-11-12 16:00:00+00:00,13.71,-0.24484112858772278,1.0203222922077262,1.4303972721099854,0.7650190204019074
2024-11-12 17:00:00+00:00,-5.36,-0.25495126843452454,-3.1263503257010834,1.376039743423462,1.3405816144473592
2024-11-12 18:00:00+00:00,-7.42,-0.2583502233028412,-4.124081985694341,1.3144030570983887,6.678302938347448
2024-11-13 10:00:00+00:00,8.05,-0.26490262150764465,4.239402998700528,1.267951250076294,-2.102941062407726
2024-11-13 11:00:00+00:00,4.63,-0.26763689517974854,1.6760060060014246,1.209221363067627,-5.751381152146392
2024-11-13 12:00:00+00:00,-1.18,-0.2661886513233185,-1.1248628396726925,1.1292295455932617,-0.932355436084709
2024-11-13 13:00:00+00:00,-6.56,-0.26593026518821716,-1.239751875501313,1.0615445375442505,1.0087913926472964
2024-11-13 14:00:00+00:00,7.23,-0.27306532859802246,0.39549633713277976,1.0002853870391846,0.6680335457512797
2024-11-13 15:00:00+00:00,2.36,-0.2708999812602997,0.33716627952874534,0.9385377168655396,4.108940641572448
2024-11-13 16:00:00+00:00,-0.14,-0.270088791847229,0.02737423393718555,0.8801721930503845,-6.644253803737048
2024-11-13 17:00:00+00:00,0.26,-0.2729686498641968,-1.0444733424426471,0.8039558529853821,8.583591517813703
2024-11-13 18:00:00+00:00,-30.34,-0.2754005789756775,-3.6269086429175994,0.755586564540863,-1.6674023650379393
2024-11-14 10:00:00+00:00,-7.48,-0.28547772765159607,-3.4326021229324915,0.6944618225097656,-4.385530866485256
2024-11-14 11:00:00+00:00,1.26,-0.2842801809310913,1.2538371310003311,0.642998218536377,-3.591797356414625
2024-11-14 12:00:00+00:00,0.34,-0.2841847836971283,-1.089749247704781,0.585999071598053,-8.59546102174819
2024-11-14 13:00:00+00:00,-6.37,-0.2842530608177185,-2.99224068939036,0.5164807438850403,5.298076220930744
2024-11-14 14:00:00+00:00,-3.04,-0.2881944179534912,-1.5383825900050978,0.49338412284851074,-4.735169485392939
2024-11-14 15:00:00+00:00,-0.55,-0.29510241746902466,-0.774666411838224,0.44306570291519165,0.2771468677999305
2024-11-14 16:00:00+00:00,-16.17,-0.2923588156700134,-6.416063326528355,0.40901079773902893,-1.1109855145063512
2024-11-14 17:00:00+00:00,-4.17,-0.2800408899784088,-1.4190525887058,0.3758634030818939,-0.23883819034564355
2024-11-14 18:00:00+00:00,8.83,-0.3017987310886383,5.599208733083949,0.3229506015777588,1.313404590408774
2024-11-15 10:00:00+00:00,9.51,-0.3212127387523651,2.2664173334428397,0.28317153453826904,-4.911051588357375
2024-11-15 11:00:00+00:00,-3.47,-0.3389894962310791,-1.4579590358039272,0.23203864693641663,-1.1335496288054792
2024-11-15 12:00:00+00:00,-4.28,-0.3647974729537964,-1.371592758562909,0.20396645367145538,-6.146609714515323
2024-11-15 13:00:00+00:00,1.97,-0.394259512424469,1.7493263269380417,0.15363413095474243,1.640722324858713
2024-11-15 14:00:00+00:00,15.03,-0.42564770579338074,4.181783282258069,0.113944411277771,0.8277120993436833
2024-11-15 15:00:00+00:00,0.19,-0.457876592874527,0.7122146226595036,0.08161444962024689,-4.372152096833722
2024-11-15 16:00:00+00:00,0.74,-0.4803411066532135,0.7960476371857478,0.03575597703456879,2.61161110937269
2024-11-15 17:00:00+00:00,13.22,-0.49838390946388245,-0.3780362213776687,0.03977863863110542,-3.431706507414413
2024-11-15 18:00:00+00:00,-27.29,-0.5127503275871277,-8.300670453575815,0.03487043455243111,1.0291280181074338
2024-11-18 10:00:00+00:00,4.52,-0.5458202958106995,-0.07703668425535626,0.04930718615651131,1.3146961044047785
2024-11-18 11:00:00+00:00,-17.92,-0.5766139626502991,-3.4807761437628337,0.05255637317895889,-4.468427856578524
2024-11-18 12:00:00+00:00,5.41,-0.6059186458587646,0.07250697675667725,0.044912438839673996,4.270174972101682
2024-11-18 13:00:00+00:00,6.59,-0.6389411687850952,-0.8249778921802707,0.06003916263580322,1.822961439806881
2024-11-18 14:00:00+00:00,-4.63,-0.6701422333717346,-1.5763662323882157,0.054375797510147095,4.356618168417527
2024-11-18 15:00:00+00:00,14.06,-0.6893877983093262,1.7563410389742675,0.04439898580312729,2.2420950023975568
2024-11-18 16:00:00+00:00,4.45,-0.696612536907196,-0.2243802966926065,0.028658457100391388,1.27337203783809
2024-11-18 17:00:00+00:00,-3.63,-0.7076843976974487,-4.511434662565123,-0.0064599826000630856,-0.4713958400921042
2024-11-18 18:00:00+00:00,-19.71,-0.7222229838371277,-6.9733821326395615,-0.03744296357035637,-1.7530455500595807
2024-11-19 10:00:00+00:00,-17.15,-0.7379907965660095,-7.6318669830601875,-0.057734254747629166,-3.3519263421034093
2024-11-19 11:00:00+00:00,5.21,-0.751075029373169,0.05661236779927428,-0.06822817772626877,-1.964169634076185
2024-11-19 12:00:00+00:00,-2.03,-0.7582754492759705,-2.18570889025264,-0.09074833989143372,-3.3923256024330337
2024-11-19 13:00:00+00:00,-5.24,-0.7627696394920349,-5.27266363804268,-0.1077369749546051,-1.5570172796825386
2024-11-19 14:00:00+00:00,-9.87,-0.7724379301071167,-7.060243902333736,-0.12028252333402634,-1.4417513309579122
2024-11-19 15:00:00+00:00,-23.07,-0.7734521627426147,-11.284378228866585,-0.13241715729236603,0.19727339234291896
2024-11-19 16:00:00+00:00,-12.45,-0.7745373249053955,-7.201701255104291,-0.1420145481824875,-1.0239204117641885
2024-11-19 17:00:00+00:00,-5.95,-0.7953472137451172,-4.841215078850264,-0.1726466864347458,-4.7768773967938305
2024-11-19 18:00:00+00:00,2.0,-0.8101891875267029,0.12146245085108431,-0.18817846477031708,-1.9623434096106447
2024-11-20 10:00:00+00:00,4.55,-0.8288194537162781,2.0077600097214927,-0.20070642232894897,-0.12253430278192384
2024-11-20 11:00:00+00:00,5.15,-0.833605170249939,1.1093440523945797,-0.1926618367433548,-0.9002737541072368
2024-11-20 12:00:00+00:00,1.09,-0.8425309062004089,-1.4919114374866511,-0.19512802362442017,0.4053113990093674
2024-11-20 13:00:00+00:00,3.09,-0.839855968952179,-0.1421555701233787,-0.1955403983592987,1.7264994376702303
2024-11-20 14:00:00+00:00,-8.5,-0.8268725872039795,-6.253999808644803,-0.190260112285614,-2.136213728232281
2024-11-20 15:00:00+00:00,-18.33,-0.812360405921936,-9.059342614738654,-0.19213373959064484,-1.0815548898225786
2024-11-20 16:00:00+00:00,-12.83,-0.7866629958152771,-7.729948845390561,-0.18797630071640015,-1.9292239618401892
2024-11-20 17:00:00+00:00,-9.84,-0.7847553491592407,-7.613345987755533,-0.1726708561182022,0.8373591014994806
2024-11-20 18:00:00+00:00,-14.48,-0.7893266081809998,-6.709436897768791,-0.15829050540924072,-1.855373481752632
2024-11-21 10:00:00+00:00,-7.99,-0.7969751358032227,-4.007242722181189,-0.13957840204238892,1.4569574325855599
2024-11-21 11:00:00+00:00,4.31,-0.8077187538146973,4.840578316794318,-0.11992654949426651,-0.6087423936523257
2024-11-21 12:00:00+00:00,12.82,-0.8307777047157288,-1.1487788729044912,-0.09676914662122726,2.063848403244591
2024-11-21 13:00:00+00:00,-5.04,-0.8464502692222595,-3.5395449428573618,-0.05785217881202698,1.2449384848189176
2024-11-21 14:00:00+00:00,-9.95,-0.8789505362510681,-3.6040627945036863,-0.024693064391613007,-0.4122563428439529
2024-11-21 15:00:00+00:00,8.39,-0.8996333479881287,-0.7772460820636327,0.003276582807302475,-4.474838572291121
2024-11-21 16:00:00+00:00,-24.08,-0.9205970168113708,-6.673057176403096,0.013448962941765785,-3.0910594810922016
2024-11-21 17:00:00+00:00,7.73,-0.9506329298019409,2.4964880782963133,0.04383499175310135,1.9336090220103945
2024-11-21 18:00:00+00:00,45.77,-0.9617700576782227,6.351489808737916,0.08814430981874466,4.779304042360731
2024-11-22 10:00:00+00:00,-15.76,-0.9666104316711426,-6.586423859423915,0.12954944372177124,-3.2811115070595442
2024-11-22 11:00:00+00:00,11.69,-0.9655706882476807,-2.824496003410643,0.13989980518817902,4.977608476471861
2024-11-22 12:00:00+00:00,-3.31,-0.9583933353424072,-3.421892808905061,0.17991985380649567,1.249778171638546
2024-11-22 13:00:00+00:00,-8.07,-0.9463106989860535,-3.64156587068548,0.20803306996822357,-4.913703323292278
2024-11-22 14:00:00+00:00,-7.19,-0.9369615912437439,-4.975240635634188,0.2440553456544876,0.3292884812925563
2024-11-22 15:00:00+00:00,-7.03,-0.9162881374359131,-4.6806685198160105,0.2517915666103363,-0.30847645982871114
2024-11-22 16:00:00+00:00,-6.16,-0.8948763012886047,-4.649875556201612,0.27755066752433777,3.6369037028682163
2024-11-22 17:00:00+00:00,2.51,-0.8922722935676575,-3.2535789821978502,0.31628525257110596,-0.17857355480330162
2024-11-22 18:00:00+00:00,-21.4,-0.882845938205719,-4.536200306164215,0.35092246532440186,0.7882538783711288
2024-11-25 10:00:00+00:00,2.62,-0.8601084351539612,0.07557110482544266,0.4078037142753601,5.6105042905813916
2024-11-25 11:00:00+00:00,3.56,-0.840317964553833,-0.2598892985485961,0.44030654430389404,-3.921241051032322
2024-11-25 12:00:00+00:00,-1.79,-0.8342686891555786,-2.6901319691404053,0.47002604603767395,-2.199075354837843
2024-11-25 13:00:00+00:00,-2.51,-0.8288514018058777,-3.0401145994386187,0.4943055510520935,3.2111864923188493
2024-11-25 14:00:00+00:00,-17.15,-0.816588819026947,-5.522835707332749,0.5323428511619568,-5.332610715274543
2024-11-25 15:00:00+00:00,-1.87,-0.813802182674408,-2.0923599936882322,0.5576273202896118,-3.115836914938885
2024-11-25 16:00:00+00:00,-18.73,-0.8067510724067688,-8.556358426750087,0.587611198425293,-6.018469707756754
2024-11-25 17:00:00+00:00,6.91,-0.8023648858070374,-0.9965124695132208,0.6217195987701416,3.970161513562977
2024-11-25 18:00:00+00:00,-10.03,-0.7860099673271179,-6.266138181648342,0.6595466732978821,-1.9506515532333233
2024-11-26 10:00:00+00:00,7.46,-0.7719064354896545,0.5468653376122683,0.6914679408073425,1.200518529457434
2024-11-26 11:00:00+00:00,-6.86,-0.7435469031333923,-7.130170794709034,0.7206168174743652,5.698115926260803
2024-11-26 12:00:00+00:00,-5.22,-0.7098240256309509,-6.470111238316362,0.7587888240814209,1.9285326397476785
2024-11-26 13:00:00+00:00,-23.99,-0.6780561208724976,-11.725240038196569,0.7865335941314697,0.014949358950444802
2024-11-26 14:00:00+00:00,-13.65,-0.6519355177879333,-7.320644598305215,0.7877128720283508,-3.3290384683196392
2024-11-26 15:00:00+00:00,-3.93,-0.6174905300140381,-3.8610127365550717,0.7956124544143677,-0.8639856534083303
2024-11-26 16:00:00+00:00,-17.27,-0.5719501972198486,-7.589893367290935,0.7913041114807129,2.92023999098501
2024-11-26 17:00:00+00:00,7.15,-0.5670641660690308,4.370966721874007,0.7896626591682434,4.708018050259173
2024-11-26 18:00:00+00:00,-31.58,-0.542136549949646,-18.412137396404393,0.8183428049087524,3.046992697806625
2024-11-27 10:00:00+00:00,15.15,-0.5193870663642883,11.970323055892244,0.8249437212944031,-2.7658187269458607
2024-11-27 11:00:00+00:00,39.16,-0.47614786028862,14.343200246891039,0.8326850533485413,6.360058992814262
2024-11-27 12:00:00+00:00,-2.33,-0.43805766105651855,1.6085247162978378,0.8507518768310547,5.611888931234995
2024-11-27 13:00:00+00:00,21.16,-0.39305973052978516,5.772578410549634,0.8747750520706177,-0.23620393235819415
2024-11-27 14:00:00+00:00,-39.49,-0.35359543561935425,-12.19966701835333,0.892471969127655,-2.0522170211203656
2024-11-27 15:00:00+00:00,24.37,-0.3290802538394928,3.8821619907905514,0.9019594788551331,-2.936083449698679
2024-11-27 16:00:00+00:00,-4.82,-0.2941741347312927,-2.9974698721493502,0.9171946048736572,2.6332332693247222
2024-11-27 17:00:00+00:00,5.91,-0.2726891040802002,3.9018847687244262,0.9477176070213318,6.354250714214629
2024-11-27 18:00:00+00:00,50.93,-0.24017536640167236,12.08535089182522,0.982970118522644,17.663791746819175
2024-11-28 10:00:00+00:00,1.19,-0.203131765127182,0.10484220060082428,1.0430089235305786,-1.899113985909619
2024-11-28 11:00:00+00:00,-8.23,-0.15164360404014587,-5.5800951898714395,1.065417766571045,1.0974525722348258
2024-11-28 12:00:00+00:00,-8.35,-0.10563535243272781,-5.4864210973422995,1.0971332788467407,-9.508607511048918
2024-11-28 13:00:00+00:00,-17.2,-0.07760372012853622,-6.057054438532831,1.116133213043213,0.7140900358002518
2024-11-28 14:00:00+00:00,-3.16,-0.0657552033662796,-2.8550651481405036,1.1537127494812012,4.606516984202686
2024-11-28 15:00:00+00:00,9.41,-0.06396224349737167,5.9393260299293775,1.194211721420288,-0.11398207096644963
2024-11-28 16:00:00+00:00,17.52,-0.04370729625225067,10.103515571015032,1.233824610710144,2.4001245834218516
2024-11-28 17:00:00+00:00,13.89,-0.04102283716201782,11.073203848743892,1.276984691619873,-0.09133021277361475
2024-11-28 18:00:00+00:00,5.7,-0.01736544631421566,5.812667487508626,1.311169981956482,-3.543958782102661
2024-11-29 10:00:00+00:00,18.32,0.014846967533230782,7.66541322267097,1.3335267305374146,9.079471558017094
2024-11-29 11:00:00+00:00,3.81,0.035339683294296265,2.9786701378752944,1.3642196655273438,-1.0952826129158908
2024-11-29 12:00:00+00:00,-6.44,0.07168480008840561,-1.9310723254869955,1.3851306438446045,0.6963237331026058
2024-11-29 13:00:00+00:00,5.28,0.10109135508537292,3.112616612731658,1.3965569734573364,-0.9736040362940837
2024-11-29 14:00:00+00:00,-0.58,0.12411050498485565,-0.5227539771224696,1.4056453704833984,4.949750479804245
2024-11-29 15:00:00+00:00,-10.93,0.14974598586559296,-2.9708431941859077,1.428436517715454,-1.3557091434436699
2024-11-29 16:00:00+00:00,7.09,0.18246233463287354,5.612565098846211,1.4486209154129028,6.753163419368979
2024-11-29 17:00:00+00:00,7.87,0.20596270263195038,6.607764227399193,1.4719020128250122,-3.2979456037782113
2024-11-29 18:00:00+00:00,16.02,0.2340369075536728,3.932552827614055,1.4771779775619507,3.2053091792169774
2024-12-02 10:00:00+00:00,-4.68,0.2668856382369995,-3.598243975808449,1.4803458452224731,-2.0518357095733393
2024-12-02 11:00:00+00:00,-2.87,0.3073306977748871,-3.63120646610295,1.4717328548431396,0.48873495625556007
2024-12-02 12:00:00+00:00,-1.62,0.33087483048439026,-1.1716278544331127,1.4677687883377075,2.2140340015935434
2024-12-02 13:00:00+00:00,2.85,0.35005736351013184,2.209828168104941,1.4768366813659668,-1.9125969020769549
2024-12-02 14:00:00+00:00,-5.58,0.3749561607837677,0.6981581696875948,1.477362871170044,3.2267802138391937
2024-12-02 15:00:00+00:00,2.2,0.37901070713996887,1.486744395297241,1.4875242710113525,0.9537584770443746
2024-12-02 16:00:00+00:00,1.59,0.37342387437820435,1.4383744829374545,1.4840106964111328,0.45585582308179595
2024-12-02 17:00:00+00:00,0.83,0.37726396322250366,0.2505911448502788,1.4735527038574219,6.312871827305468
2024-12-02 18:00:00+00:00,-19.32,0.38571304082870483,-4.95675412121251,1.452309489250183,1.0213906774652326
2024-12-03 10:00:00+00:00,-13.83,0.399425208568573,-8.024374683585176,1.4290024042129517,-0.4936935245279723
2024-12-03 11:00:00+00:00,-0.04,0.42299792170524597,-0.1426008534187312,1.4169105291366577,-3.138860133735996
2024-12-03 12:00:00+00:00,5.14,0.4476224184036255,3.450484416678622,1.393257975578308,1.7536397078986727
2024-12-03 13:00:00+00:00,-0.03,0.46508368849754333,-0.5809874758757374,1.3847709894180298,-4.3329547113965265
2024-12-03 14:00:00+00:00,-19.05,0.47992217540740967,-8.533430569718652,1.3518152236938477,1.4621965701711446
2024-12-03 15:00:00+00:00,-2.03,0.4947788119316101,-1.886841614764778,1.3375362157821655,1.4940478332575822
2024-12-03 16:00:00+00:00,2.22,0.517881453037262,1.3410670686023318,1.3364499807357788,-1.9632492430873394
2024-12-03 17:00:00+00:00,-0.16,0.5158411860466003,-0.7454205408740329,1.328243613243103,-0.2839097986654372
2024-12-03 18:00:00+00:00,-11.4,0.5292834639549255,-6.318261549198637,1.3300797939300537,-2.4908722150439853
2024-12-04 10:00:00+00:00,24.06,0.5430284142494202,6.384928357029967,1.3279898166656494,3.0874195453756865
2024-12-04 11:00:00+00:00,-2.1,0.5545547604560852,-3.60812611375208,1.331193208694458,-1.9990289887156465
2024-12-04 12:00:00+00:00,-3.47,0.5648735761642456,-3.602704767239467,1.3325774669647217,-3.156956211543323
2024-12-04 13:00:00+00:00,7.15,0.5734065771102905,-0.8601332945894018,1.335283637046814,9.31543974241405
2024-12-04 14:00:00+00:00,-17.38,0.5866561532020569,-5.5932715850842865,1.3643958568572998,-4.482181832231892
2024-12-04 15:00:00+00:00,-14.57,0.5978668332099915,-9.856397079507149,1.3507014513015747,3.979381356230303
2024-12-04 16:00:00+00:00,-16.07,0.6171055436134338,-11.503415774741981,1.3624358177185059,-1.4080568252679253
2024-12-04 17:00:00+00:00,-20.24,0.6238906979560852,-12.620603717632436,1.3592451810836792,-4.986305936091181
2024-12-04 18:00:00+00:00,-7.4,0.6390990614891052,-7.428842918687647,1.3425004482269287,-2.0344179952319075
2024-12-05 10:00:00+00:00,-11.05,0.6667819619178772,-10.027543670230422,1.3342196941375732,-3.437181776710804
2024-12-05 11:00:00+00:00,3.14,0.6935322880744934,-1.2788472132838575,1.3347668647766113,7.237399686239298
2024-12-05 12:00:00+00:00,-8.63,0.6995600461959839,-6.452105421473603,1.3609720468521118,-3.0236073366336687
2024-12-05 13:00:00+00:00,-10.92,0.700404942035675,-8.633701771857586,1.3605211973190308,-3.2253517817917254
2024-12-05 14:00:00+00:00,-5.41,0.7114282250404358,-5.474662682592661,1.3483209609985352,4.1955928946089145
2024-12-05 15:00:00+00:00,29.56,0.720680296421051,7.681731427249525,1.3499232530593872,-2.4372358651468433
2024-12-05 16:00:00+00:00,42.24,0.7405888438224792,5.001193112038931,1.3468586206436157,2.8227614016877287
2024-12-05 17:00:00+00:00,-6.32,0.7318896055221558,-5.904791672596555,1.3501993417739868,4.291378930517639
2024-12-05 18:00:00+00:00,34.35,0.7423282861709595,8.002776776542653,1.3465063571929932,-0.31562105808856045
2024-12-06 10:00:00+00:00,-15.95,0.7275686860084534,-9.608561440251448,1.3368067741394043,4.196091943987418
2024-12-06 11:00:00+00:00,-15.74,0.7211014628410339,-7.8326810859330624,1.3505264520645142,1.0457959701909967
2024-12-06 12:00:00+00:00,2.35,0.7136541604995728,2.24856036965949,1.3673521280288696,7.002415710093851
2024-12-06 13:00:00+00:00,22.99,0.7045519351959229,7.130116823918367,1.4051172733306885,5.954802670306789
2024-12-06 14:00:00+00:00,4.79,0.7083050012588501,3.5201269706593443,1.424197793006897,6.6991003953105315
2024-12-06 15:00:00+00:00,-3.51,0.7121971249580383,-3.717724962398198,1.4433255195617676,3.1254272194937545
2024-12-06 16:00:00+00:00,-2.35,0.7159128785133362,-2.391641576717085,1.435441017150879,1.0468895742820825
2024-12-06 17:00:00+00:00,-1.53,0.6906934380531311,-0.6375137090309437,1.456385612487793,-0.655277723812886
2024-12-06 18:00:00+00:00,24.94,0.6670130491256714,7.834559574449229,1.4628148078918457,-1.1480788252649363
2024-12-09 10:00:00+00:00,-8.49,0.6600795984268188,-6.076093300771585,1.4703961610794067,5.595760436703812
2024-12-09 11:00:00+00:00,-5.11,0.6542344093322754,-2.788474007579734,1.4797942638397217,-2.222936786629176
2024-12-09 12:00:00+00:00,0.95,0.6462292075157166,1.0842242418559418,1.4709219932556152,4.308940368173502
2024-12-09 13:00:00+00:00,5.55,0.6387248039245605,5.085686916880142,1.477994680404663,4.107383323468088
2024-12-09 14:00:00+00:00,16.2,0.6418304443359375,5.992909811357396,1.4882677793502808,-0.05211669642269268
2024-12-09 15:00:00+00:00,14.23,0.6484727263450623,3.5595484928978616,1.4951766729354858,-1.142841663393764
2024-12-09 16:00:00+00:00,-9.03,0.6618472337722778,-4.80953102025638,1.5071032047271729,1.2260945972666275
2024-12-09 17:00:00+00:00,-2.58,0.6512308120727539,-4.839854944099067,1.5102510452270508,-1.4563270072976842
2024-12-09 18:00:00+00:00,-30.73,0.6205944418907166,-8.36095765812555,1.5201245546340942,-5.244975331302185
2024-12-10 10:00:00+00:00,1.05,0.584356427192688,-0.1332836094589059,1.513025164604187,0.33946997794438527
2024-12-10 11:00:00+00:00,-10.79,0.5625181794166565,-2.715693280890831,1.5147929191589355,-0.19353065470825725
2024-12-10 12:00:00+00:00,1.91,0.5303134918212891,-0.3978938129041083,1.5134111642837524,-1.505111946682203
2024-12-10 13:00:00+00:00,-10.75,0.5167481899261475,-3.7905917675203065,1.5064483880996704,-4.860900128468463
2024-12-10 14:00:00+00:00,-2.03,0.4981203079223633,-1.570861753594092,1.4879926443099976,-5.9710683001799625
2024-12-10 15:00:00+00:00,6.49,0.49430984258651733,0.06324296532172322,1.465071201324463,-4.25498215497363
2024-12-10 16:00:00+00:00,-5.05,0.49137693643569946,-1.6259646145162232,1.4513976573944092,0.44794634557371027
2024-12-10 17:00:00+00:00,-0.24,0.4763655662536621,-0.6077403916940259,1.4472248554229736,-1.450356814606839
2024-12-10 18:00:00+00:00,-14.43,0.4625684320926666,-4.541927055030132,1.4329396486282349,3.0171173863660243
2024-12-11 10:00:00+00:00,1.43,0.4588567018508911,1.2863514229626871,1.4259443283081055,-4.332249700487813
2024-12-11 11:00:00+00:00,9.42,0.4608412981033325,2.879655996560888,1.4107798337936401,-2.034638885248458
2024-12-11 12:00:00+00:00,-12.46,0.4672037959098816,-2.0026968793911593,1.3997000455856323,-0.7273745254291544
2024-12-11 13:00:00+00:00,4.78,0.4686005711555481,1.4626183109576552,1.386946439743042,0.5477994580807646
2024-12-11 14:00:00+00:00,1.16,0.47044655680656433,1.4179362456335765,1.3769117593765259,-4.345187555637785
2024-12-11 15:00:00+00:00,9.54,0.4681418836116791,0.35681275005855717,1.351908564567566,4.175552806310787
2024-12-11 16:00:00+00:00,-0.99,0.45868492126464844,-1.0364470333609015,1.3535404205322266,-2.3167422171824184
2024-12-11 17:00:00+00:00,-8.66,0.4364515244960785,-5.3388318395472405,1.3419148921966553,-0.024264244557974046
2024-12-11 18:00:00+00:00,33.66,0.4166106879711151,1.0520754834914456,1.3438764810562134,3.837781477928008
2024-12-12 10:00:00+00:00,-12.12,0.40031057596206665,-8.402312945024278,1.356751561164856,0.0899913040116831
2024-12-12 11:00:00+00:00,-1.51,0.3855237066745758,-3.29949391543197,1.3722386360168457,0.5085921265593678
2024-12-12 12:00:00+00:00,-9.22,0.3610282838344574,-6.0031942437212225,1.391701579093933,-1.3889039415197137
2024-12-12 13:00:00+00:00,-7.4,0.3361487090587616,-7.157665629569505,1.414495587348938,-2.288785609594984
2024-12-12 14:00:00+00:00,8.62,0.31166645884513855,-5.824494031439838,1.4424117803573608,-0.12879122161706869
2024-12-12 15:00:00+00:00,-13.87,0.28646185994148254,-8.975137371738091,1.4698210954666138,-1.3705381959371534
2024-12-12 16:00:00+00:00,-15.35,0.2634694576263428,-11.25484746278938,1.4892020225524902,-0.27612385098573444
2024-12-12 17:00:00+00:00,-2.72,0.23309515416622162,-4.182457969737241,1.501190185546875,-2.452195705610608
2024-12-12 18:00:00+00:00,-12.66,0.2165912240743637,-8.513664699581739,1.5163688659667969,-11.891270541438436
2024-12-13 10:00:00+00:00,-6.2,0.2044173926115036,-6.474352139187339,1.4923170804977417,5.045880528046708
2024-12-13 11:00:00+00:00,-3.04,0.20164431631565094,-2.9507882700742045,1.48613440990448,3.055165977912038
2024-12-13 12:00:00+00:00,10.43,0.2023758590221405,0.5477983052540566,1.4891668558120728,4.138073283938175
2024-12-13 13:00:00+00:00,-4.84,0.20011292397975922,-4.806729663930461,1.479529857635498,-1.9688901053140597
2024-12-13 14:00:00+00:00,8.23,0.19673125445842743,1.3411744106494534,1.4664899110794067,-2.7251284971305916
2024-12-13 15:00:00+00:00,-9.8,0.1943623125553131,-5.243787253139561,1.468267560005188,-5.145472303805496
2024-12-13 16:00:00+00:00,5.83,0.1941801905632019,1.3489282536128828,1.463965892791748,2.1483470157006472
2024-12-13 17:00:00+00:00,4.62,0.19377011060714722,1.181558874658328,1.4654285907745361,-6.214780181947166
2024-12-13 18:00:00+00:00,-22.24,0.20351766049861908,-9.277332373315696,1.44040048122406,-2.0973337003773675
2024-12-16 10:00:00+00:00,-12.57,0.2193308025598526,-10.784385856320002,1.421764612197876,-2.443106598342929
2024-12-16 11:00:00+00:00,-7.72,0.23639267683029175,-7.714101842602536,1.3987404108047485,1.7072222411802298
2024-12-16 12:00:00+00:00,-3.52,0.25070086121559143,-5.789519045936856,1.3766590356826782,2.361881472368554
2024-12-16 13:00:00+00:00,-7.87,0.26300716400146484,-7.17198130768852,1.367342233657837,-0.0994021829092222
2024-12-16 14:00:00+00:00,-3.76,0.27956265211105347,-3.846277993242369,1.3506351709365845,1.63062854131937
2024-12-16 15:00:00+00:00,7.77,0.2984524667263031,-3.6950705300604962,1.3301897048950195,3.260075462515256
2024-12-16 16:00:00+00:00,-9.71,0.3265328109264374,-7.143264011568996,1.305432677268982,-2.0688785368435743
2024-12-16 17:00:00+00:00,-5.28,0.34531888365745544,-5.175682958141535,1.265707015991211,-3.7771162774162734
2024-12-16 18:00:00+00:00,-17.1,0.36626243591308594,-8.160175731100594,1.2205121517181396,-2.3240701832639097
2024-12-17 10:00:00+00:00,-8.62,0.38587382435798645,-7.057467421858245,1.1672126054763794,3.1906922617868876
2024-12-17 11:00:00+00:00,13.7,0.4071630835533142,-3.2157855958326174,1.1309479475021362,0.31018995928297444
2024-12-17 12:00:00+00:00,-8.88,0.42377835512161255,-7.8913583490207415,1.0988845825195312,-0.05139788741757623
2024-12-17 13:00:00+00:00,-13.41,0.4370534121990204,-6.282074297258269,1.0722479820251465,-4.867003496562734
2024-12-17 14:00:00+00:00,-2.21,0.4471895396709442,-3.3980553291538307,1.046412706375122,-3.5871567999718144
2024-12-17 15:00:00+00:00,-7.94,0.464557409286499,-7.048731668795813,1.0260789394378662,0.455760332324614
2024-12-17 16:00:00+00:00,7.04,0.47926607728004456,0.39050771907293513,1.0221199989318848,-1.79305998011661
2024-12-17 17:00:00+00:00,-5.73,0.47913286089897156,-4.370637743212171,1.0053174495697021,-2.7921889038166188
2024-12-17 18:00:00+00:00,14.45,0.4828161299228668,5.29319165147621,1.0032936334609985,-3.848371583582635
2024-12-18 10:00:00+00:00,-7.18,0.4911300539970398,-3.632388400923587,0.9855293035507202,3.0796649990445655
2024-12-18 11:00:00+00:00,4.08,0.5012794733047485,1.3308718524668621,0.9782523512840271,-1.5404596241982782
2024-12-18 12:00:00+00:00,-1.74,0.5136556625366211,-0.29624687553697393,0.9832491874694824,1.9972300664493785
2024-12-18 13:00:00+00:00,1.68,0.5277848243713379,0.7369918053163658,1.0042399168014526,2.313617756848424
2024-12-18 14:00:00+00:00,-0.36,0.5467482209205627,0.3292346212913583,1.0262415409088135,-1.6909637986991268
2024-12-18 15:00:00+00:00,-0.19,0.5706727504730225,0.9703345605143628,1.053231120109558,0.7244359111245979
2024-12-18 16:00:00+00:00,15.71,0.5938158631324768,8.381095281517222,1.105061411857605,-2.7192868795699408
2024-12-18 17:00:00+00:00,5.75,0.5933576822280884,5.519626701679643,1.1379326581954956,1.1901098211223151
2024-12-18 18:00:00+00:00,13.06,0.5956255197525024,8.450123947275394,1.186678409576416,3.381661580558444
2024-12-19 10:00:00+00:00,22.28,0.5881466269493103,8.720635000769269,1.2445015907287598,1.0405714530870958
2024-12-19 11:00:00+00:00,7.32,0.5811750292778015,2.886944299418418,1.3080167770385742,3.078546377082196
2024-12-19 12:00:00+00:00,-6.19,0.5730710625648499,-5.341180046478798,1.3749839067459106,5.2445705705819705
2024-12-19 13:00:00+00:00,-7.0,0.5696580410003662,-6.026738717779502,1.4513953924179077,2.061566937897698
2024-12-19 14:00:00+00:00,9.78,0.5598597526550293,2.2880293482495904,1.5162729024887085,2.3538530548928605
2024-12-19 15:00:00+00:00,-16.07,0.5487033128738403,-9.383710692402943,1.5909258127212524,3.1110349516552267
2024-12-19 16:00:00+00:00,-10.3,0.5524976849555969,-6.7740014612732375,1.6601248979568481,4.373871002903085
2024-12-19 17:00:00+00:00,-5.78,0.5365263819694519,-1.6170529403095302,1.7463102340698242,-2.2480425280384413
2024-12-19 18:00:00+00:00,5.54,0.5275251865386963,5.6439947862008095,1.8005949258804321,-6.202841824439478
2024-12-20 10:00:00+00:00,8.79,0.5231512188911438,8.824830391036917,1.8363733291625977,3.106234267273889
2024-12-20 11:00:00+00:00,14.79,0.5283567905426025,13.057517385993242,1.8835794925689697,2.984846055948938
2024-12-20 12:00:00+00:00,99.66,0.5378893613815308,46.15278988161354,1.9471986293792725,3.5741006184122686
2024-12-20 13:00:00+00:00,24.93,0.5482895374298096,20.298659446596975,1.9922136068344116,-1.603592754487912
2024-12-20 14:00:00+00:00,24.58,0.5883772969245911,18.047318657997454,2.0400285720825195,8.437158398267842
2024-12-20 15:00:00+00:00,18.88,0.622676432132721,17.98255617930434,2.0822300910949707,2.6668198733046626
2024-12-20 16:00:00+00:00,14.03,0.6551820039749146,13.296389457811648,2.1023263931274414,5.453207949093979
2024-12-20 17:00:00+00:00,10.77,0.6873756051063538,11.150484941024866,2.120774507522583,6.171928491063249
2024-12-20 18:00:00+00:00,75.8,0.719089925289154,22.23982127742141,2.1298768520355225,9.545730303530581
2024-12-23 10:00:00+00:00,-0.64,0.754141628742218,-0.6392126685702936,2.1410603523254395,7.3027710191834005
2024-12-23 11:00:00+00:00,-18.9,0.792694628238678,-9.181677468474026,2.1526100635528564,8.783732187116417
2024-12-23 12:00:00+00:00,6.52,0.8293797373771667,2.616437732745734,2.1552417278289795,4.224514729162035
2024-12-23 13:00:00+00:00,0.23,0.8506429195404053,0.6369206700646877,2.158832550048828,5.013361107090341
2024-12-23 14:00:00+00:00,5.25,0.8664999008178711,4.3248282398330815,2.165849208831787,0.16774473551495309
2024-12-23 15:00:00+00:00,11.73,0.8714179396629333,4.109793971278267,2.167088270187378,2.068330741716564
2024-12-23 16:00:00+00:00,-6.85,0.8724485039710999,-5.82768876544683,2.1932578086853027,1.990302945061122
2024-12-23 17:00:00+00:00,-9.08,0.8682383298873901,-7.747541058245413,2.176100254058838,-3.901854184049604
2024-12-23 18:00:00+00:00,-13.93,0.8558303117752075,-9.53630539990548,2.158163547515869,-7.474408670129689
2024-12-24 10:00:00+00:00,19.34,0.8389866948127747,6.834703995946877,2.129753828048706,7.392744043289672
2024-12-24 11:00:00+00:00,-3.32,0.8153551816940308,-1.5572153302725555,2.140010356903076,5.451638954961354
2024-12-24 12:00:00+00:00,0.96,0.7806270122528076,0.9317293252777287,2.1481552124023438,1.5047073104118824
2024-12-24 13:00:00+00:00,6.48,0.7428691983222961,0.10030924627350304,2.144115686416626,5.688179339950063
2024-12-24 14:00:00+00:00,-5.88,0.6984789371490479,-4.188714642349263,2.1337594985961914,-7.146563714797928
2024-12-24 15:00:00+00:00,-16.48,0.6559245586395264,-4.951245127122004,2.121685743331909,-1.3826327212723746
2024-12-24 16:00:00+00:00,6.97,0.6200339198112488,3.7555153348050756,2.115438938140869,1.5961651194271433
2024-12-24 17:00:00+00:00,-5.66,0.5739374160766602,-3.409935601480437,2.1037936210632324,0.0030010160733513203
2024-12-24 18:00:00+00:00,-17.89,0.5290950536727905,-11.212588216106953,2.081618070602417,-2.295501607206968
2024-12-25 10:00:00+00:00,14.14,0.4875452518463135,13.529369095617643,2.05600905418396,-1.170110194803165
2024-12-25 11:00:00+00:00,16.45,0.45422956347465515,13.57173788637214,2.0317389965057373,2.938784357752523
2024-12-25 12:00:00+00:00,15.22,0.42366188764572144,11.870900101936163,2.0167274475097656,10.405831034183775
2024-12-25 13:00:00+00:00,-2.52,0.39867737889289856,3.126351138913951,2.002227544784546,-0.15476593046045622
2024-12-25 14:00:00+00:00,11.59,0.3702898621559143,7.419182952712056,1.9866828918457031,7.363745070758432
2024-12-25 15:00:00+00:00,18.05,0.33893370628356934,3.3943180527998282,1.985663652420044,3.653909706440063
2024-12-25 16:00:00+00:00,-12.33,0.29958054423332214,-5.410583861548464,1.981426477432251,1.8109887077202083
2024-12-25 17:00:00+00:00,-0.84,0.24994628131389618,0.2981706005856939,1.965738296508789,1.6177930891694638
2024-12-25 18:00:00+00:00,33.52,0.20934134721755981,0.5771751983208879,1.9479387998580933,7.511950311232802
2024-12-26 10:00:00+00:00,-22.02,0.1690235584974289,-6.559644537734781,1.9316848516464233,-1.4292065227133588
2024-12-26 11:00:00+00:00,17.12,0.13218604028224945,1.6980679113738375,1.9062700271606445,11.455803018576322
2024-12-26 12:00:00+00:00,-1.48,0.09083107858896255,-1.6125434418421853,1.9054441452026367,6.413954018567027
2024-12-26 13:00:00+00:00,1.18,0.054053619503974915,1.233458764095016,1.8872777223587036,0.20441972881573048
2024-12-26 14:00:00+00:00,7.06,0.011375848203897476,-0.353776573210579,1.8592736721038818,-1.5298966678489885
2024-12-26 15:00:00+00:00,-3.31,-0.033059827983379364,-2.573354698178216,1.8280247449874878,4.455304566285321
2024-12-26 16:00:00+00:00,-0.96,-0.0776185542345047,-1.0106504769344622,1.8003129959106445,4.4415860000214025
2024-12-26 17:00:00+00:00,2.63,-0.12513715028762817,-0.24872132666801341,1.768549919128418,-0.9363536379697857
2024-12-26 18:00:00+00:00,-6.96,-0.1716127097606659,-1.8672510791087424,1.7263983488082886,-2.3411930921327166
2024-12-27 10:00:00+00:00,0.14,-0.21379826962947845,0.6836039944696167,1.6749776601791382,4.5033272410285115
2024-12-27 11:00:00+00:00,2.99,-0.2611641585826874,1.5310119868596275,1.631825566291809,-3.675921928137421
2024-12-27 12:00:00+00:00,-12.75,-0.29822617769241333,-0.6289043778061317,1.5697959661483765,0.444836212209166
2024-12-27 13:00:00+00:00,6.27,-0.33166179060935974,3.1864560699776043,1.5096771717071533,0.4190106040141146
2024-12-27 14:00:00+00:00,4.64,-0.35976657271385193,1.3027369928864017,1.448630452156067,-2.2868407009094587
2024-12-27 15:00:00+00:00,-1.83,-0.37124237418174744,-0.17495428907819097,1.3800715208053589,1.8794795475523056
2024-12-27 16:00:00+00:00,-2.51,-0.36935627460479736,-0.2747306084193859,1.3099445104599,6.785096056404452
2024-12-27 17:00:00+00:00,0.89,-0.36759766936302185,0.468784875984664,1.253472089767456,7.5842229171644755
2024-12-27 18:00:00+00:00,25.23,-0.3642411530017853,8.772073864895857,1.2073974609375,10.450897538206046
2024-12-28 10:00:00+00:00,10.41,-0.3609238564968109,5.329221080157782,1.1568732261657715,0.590904403847818
2024-12-28 11:00:00+00:00,1.67,-0.3544752895832062,1.8615041302278579,1.0941836833953857,-2.2827697742133557
2024-12-28 12:00:00+00:00,-5.07,-0.34176313877105713,-2.1699083048996557,1.0312716960906982,-0.5905326208276203
2024-12-28 13:00:00+00:00,-1.24,-0.3588542938232422,-1.550605208025644,0.9654255509376526,-1.3131649643380567
2024-12-28 14:00:00+00:00,0.2,-0.33848097920417786,0.6067305652173396,0.9029662609100342,5.737644098389552
2024-12-28 15:00:00+00:00,-7.85,-0.2735100984573364,-1.2392823797657055,0.8677302598953247,1.5504835473683851
2024-12-28 16:00:00+00:00,2.88,-0.1636197566986084,2.4059201193368516,0.8417441248893738,-7.526349584893194
2024-12-28 17:00:00+00:00,2.99,-0.016284337267279625,3.0479253772479793,0.7795027494430542,4.289692818016131
2024-12-28 18:00:00+00:00,53.24,0.15544047951698303,6.734293451720409,0.7425597906112671,3.4804434933696067
2024-12-30 10:00:00+00:00,13.54,0.3319980502128601,6.662814407453744,0.7049788236618042,1.624510192577763
2024-12-30 11:00:00+00:00,2.54,0.32793620228767395,1.4170912067185033,0.6637780666351318,1.2472273981851725
2024-12-30 12:00:00+00:00,2.07,0.2733343839645386,1.422482848318809,0.6082738637924194,-1.5592105436570929
2024-12-30 13:00:00+00:00,15.51,0.20069321990013123,1.3819208677984416,0.5622897744178772,-2.7422134534929983
2024-12-30 14:00:00+00:00,-8.59,0.11421626806259155,-4.239332362195931,0.5090272426605225,5.999554430706684
2024-12-30 15:00:00+00:00,-3.06,0.04181131348013878,-2.7613096536399095,0.47822150588035583,5.66999748970888
2024-12-30 16:00:00+00:00,10.85,-0.028523346409201622,3.1421808748065696,0.4488426148891449,-0.05710887470004844
2024-12-30 17:00:00+00:00,10.27,-0.13957828283309937,3.233128491656749,0.4077451229095459,-2.299557070560479
2024-12-30 18:00:00+00:00,-33.86,-0.2467717081308365,-7.702047085463928,0.3590314984321594,-6.421246060637244
2025-01-03 10:00:00+00:00,-2.26,-0.3135334551334381,-1.8183940229508802,0.32013943791389465,3.9748449615019483
2025-01-03 11:00:00+00:00,-23.03,-0.36360833048820496,-5.005967559286068,0.2898932993412018,-5.303856856538871
2025-01-03 12:00:00+00:00,1.82,-0.39605146646499634,1.0006270866611622,0.25527000427246094,-0.4345853436562942
2025-01-03 13:00:00+00:00,1.83,-0.39445725083351135,0.9597627600855494,0.21966083347797394,7.050287706992945
2025-01-03 14:00:00+00:00,-3.1,-0.3688812851905823,-0.35787083139699394,0.19599585235118866,-10.863225518207209
2025-01-03 15:00:00+00:00,1.67,-0.32987019419670105,1.72403143461545,0.15177221596240997,-2.637276342183381
2025-01-03 16:00:00+00:00,3.22,-0.27455276250839233,1.0003729413694655,0.13311797380447388,-0.5158688033806349
2025-01-03 17:00:00+00:00,-0.83,-0.221853107213974,-1.5338731775541259,0.07622355967760086,1.3481529791763023
2025-01-03 18:00:00+00:00,-22.21,-0.1574934720993042,-3.4586129831606924,0.04288133233785629,-5.09029738620854
2025-01-06 10:00:00+00:00,13.18,-0.09110164642333984,6.419797129656267,0.0038771983236074448,-5.977417148086272
2025-01-06 11:00:00+00:00,-15.03,-0.017670148983597755,-1.6550755816426885,-0.042378999292850494,0.5801599478832264
2025-01-06 12:00:00+00:00,1.82,0.050304532051086426,1.7079459659685026,-0.0448349304497242,-2.9679542480981267
2025-01-06 13:00:00+00:00,8.59,0.11481030285358429,2.7108128973523473,-0.057001061737537384,-1.9048707522540675
2025-01-06 14:00:00+00:00,-3.1,0.1720573902130127,-0.40775240605809787,-0.055739037692546844,-0.39000044558812497
2025-01-06 15:00:00+00:00,1.86,0.2319398820400238,2.065382974441063,-0.03705915808677673,-2.214611038244442
2025-01-06 16:00:00+00:00,5.89,0.2863325774669647,2.820474931787572,-0.008363641798496246,-4.63198408306835
2025-01-06 17:00:00+00:00,-3.24,0.32495325803756714,1.1715059566442965,-0.005050000734627247,0.38445019788280066
2025-01-06 18:00:00+00:00,8.11,0.3863431513309479,3.949385020367495,-0.0035682381130754948,0.6070475439083222
2025-01-08 10:00:00+00:00,2.9,0.45336857438087463,2.0057976490587732,-0.022685397416353226,1.6757251854833235
2025-01-08 11:00:00+00:00,1.77,0.5327366590499878,2.2313848915177927,-0.027674902230501175,6.569853438062832
2025-01-08 12:00:00+00:00,5.91,0.606160044670105,3.992176714045777,-0.03507053479552269,8.870016906208464
2025-01-08 13:00:00+00:00,1.07,0.6761457324028015,1.9726700199956408,-0.041074492037296295,-2.27886996906494
2025-01-08 14:00:00+00:00,3.75,0.7320058941841125,1.8747517379383025,-0.0690082460641861,0.4228008548301611
2025-01-08 15:00:00+00:00,7.09,0.791718065738678,-0.16676914200493134,-0.08998145163059235,4.7217618526300225
2025-01-08 16:00:00+00:00,-2.77,0.8605793714523315,-1.6307787682910042,-0.10768570750951767,1.6460615189849233
2025-01-08 17:00:00+00:00,-3.3,0.9199286103248596,-2.674220747361267,-0.13232706487178802,-0.5727521217144074
2025-01-08 18:00:00+00:00,-26.02,0.9848284721374512,-6.582026023487759,-0.18767087161540985,-6.791407014832443
2025-01-09 10:00:00+00:00,-9.95,1.0604181289672852,-7.0558052260656225,-0.23441562056541443,2.415084726165003
2025-01-09 11:00:00+00:00,-14.79,1.1432100534439087,-7.046310399329246,-0.2598780691623688,0.28195209424270556
2025-01-09 12:00:00+00:00,-1.7,1.226729393005371,-3.0102712004683654,-0.2752501666545868,3.136096122072779
2025-01-09 13:00:00+00:00,-12.36,1.3171916007995605,-5.756126634418512,-0.2866882383823395,-0.9006529864725019
2025-01-09 14:00:00+00:00,-4.2,1.4070132970809937,-2.125124577362245,-0.2959553003311157,2.1490133818380253
2025-01-09 15:00:00+00:00,19.26,1.4938740730285645,2.4992581528760103,-0.2863982021808624,1.1403830958425853
2025-01-09 16:00:00+00:00,-7.03,1.573440670967102,-5.594454254609303,-0.2634465992450714,1.008369870437342
2025-01-09 17:00:00+00:00,-10.88,1.6423275470733643,-5.882646277618899,-0.26182860136032104,-7.493184156851596
2025-01-09 18:00:00+00:00,-0.42,1.6919853687286377,-3.8166511105514602,-0.25776198506355286,-5.22778427682811
2025-01-10 10:00:00+00:00,-10.9,1.7412314414978027,-6.752869324823509,-0.2574484944343567,2.0233749792572087
2025-01-10 11:00:00+00:00,-15.45,1.7951542139053345,-6.4665627983992335,-0.24123260378837585,3.961766563928223
2025-01-10 12:00:00+00:00,59.39,1.8690080642700195,3.3013873329488215,-0.21554090082645416,7.358110509197292
2025-01-10 13:00:00+00:00,-0.66,1.9537805318832397,-0.5928450290781953,-0.18782615661621094,3.213686255366848
2025-01-10 14:00:00+00:00,9.19,2.0394256114959717,2.4436352006314466,-0.19200702011585236,3.994304933780985
2025-01-10 15:00:00+00:00,4.12,2.1499059200286865,2.96400799849107,-0.19732320308685303,7.5494917596961075
2025-01-10 16:00:00+00:00,22.27,2.3102095127105713,2.1665121477750557,-0.2060350626707077,4.592597551400385
2025-01-10 17:00:00+00:00,-16.07,2.425607442855835,-1.1549458808597932,-0.19991903007030487,-6.436407159753125
2025-01-10 18:00:00+00:00,34.39,2.5068700313568115,4.216027299209862,-0.21734055876731873,4.0068178549859885
2025-01-13 10:00:00+00:00,13.47,2.596888542175293,2.7883727811578813,-0.22610661387443542,2.5397003112861976
2025-01-13 11:00:00+00:00,5.72,2.7242724895477295,0.943568805305337,-0.2419203817844391,1.4880126219604126
2025-01-13 12:00:00+00:00,-20.33,2.852139949798584,-2.797114998461107,-0.2701786458492279,4.4799441812995875
2025-01-13 13:00:00+00:00,-12.93,2.9646263122558594,-2.771425608754489,-0.283165842294693,3.7016013956693907
2025-01-13 14:00:00+00:00,4.99,3.0918235778808594,2.6111677758485445,-0.28071871399879456,-1.5558153689043799
2025-01-13 15:00:00+00:00,2.47,3.2441420555114746,2.554911133981806,-0.32645779848098755,1.9348665129696432
2025-01-13 16:00:00+00:00,14.24,3.3698720932006836,1.3713641679708644,-0.36897552013397217,-1.178416931140728
2025-01-13 17:00:00+00:00,-0.5,3.346820116043091,0.1443519019317662,-0.41641828417778015,4.920020407335561
2025-01-13 18:00:00+00:00,-28.62,3.3176374435424805,-0.9522271048088372,-0.4309326708316803,-2.4768155262700784
2025-01-14 10:00:00+00:00,23.86,3.2825703620910645,1.0545978030814025,-0.4422982335090637,2.9273463738004817
2025-01-14 11:00:00+00:00,-0.25,3.2592458724975586,0.3761059926693783,-0.4478165805339813,-1.5184476635921222
2025-01-14 12:00:00+00:00,13.63,3.2186787128448486,0.9778997341542033,-0.4855886995792389,-2.956629010533085
2025-01-14 13:00:00+00:00,-9.63,3.186265230178833,0.12360070964420652,-0.5236241817474365,8.532078514882544
2025-01-14 14:00:00+00:00,4.43,3.1462173461914062,0.6767956582919549,-0.533074676990509,-0.32625598808589296
2025-01-14 15:00:00+00:00,0.75,3.100041151046753,0.7856570387505617,-0.5386962890625,-1.8048907560059764
2025-01-14 16:00:00+00:00,-1.72,3.049867630004883,-0.4021537456679567,-0.5553340911865234,-9.494250273301924
2025-01-14 17:00:00+00:00,-9.05,2.9639525413513184,-1.0885630758334814,-0.6108141541481018,1.251689641315053
2025-01-14 18:00:00+00:00,-1.49,2.8923840522766113,-1.1988899693137824,-0.6429807543754578,1.5787556107996716
2025-01-15 10:00:00+00:00,-5.74,2.8488686084747314,-1.0112732348026874,-0.6831788420677185,0.3965527176709037
2025-01-15 11:00:00+00:00,-10.11,2.8228554725646973,-0.9948939900261816,-0.754705548286438,1.1935310284192913
2025-01-15 12:00:00+00:00,4.86,2.7988946437835693,-0.5889689438324879,-0.7492952346801758,0.320325137083039
2025-01-15 13:00:00+00:00,-0.08,2.7831599712371826,-0.3972716729145782,-0.7793161869049072,-1.6870899963383932
2025-01-15 14:00:00+00:00,7.8,2.789686918258667,0.5853815820986603,-0.8221554756164551,3.2795178394945395
2025-01-15 15:00:00+00:00,-4.77,2.7949891090393066,-1.0628634688675977,-0.8587871789932251,2.3962924594645405
2025-01-15 16:00:00+00:00,-2.11,2.8058712482452393,-0.35905164366250175,-0.8787111639976501,1.8938227491928845
2025-01-15 17:00:00+00:00,-4.91,2.8073208332061768,-1.2815585342459217,-0.8914485573768616,-5.642743426068831
2025-01-15 18:00:00+00:00,58.61,2.8300833702087402,9.17029625987145,-0.9440178275108337,4.361066598325494
2025-01-16 10:00:00+00:00,12.2,2.881063938140869,4.753085399087875,-0.9652397036552429,3.1301310165766827
2025-01-16 11:00:00+00:00,2.59,2.9377524852752686,3.0634813762951807,-0.9959498643875122,5.500730126164972
2025-01-16 12:00:00+00:00,2.62,2.9664809703826904,0.770502155540093,-1.0257165431976318,1.2769592355566233
2025-01-16 13:00:00+00:00,6.79,3.003241539001465,-3.234481536894281,-1.0558264255523682,0.2447982521783989
2025-01-16 14:00:00+00:00,-5.21,3.0404746532440186,-2.1626475891414176,-1.0798166990280151,-3.63215356855043
2025-01-16 15:00:00+00:00,-13.07,3.074517011642456,-0.07226412607149399,-1.1335417032241821,1.8600041301554617
2025-01-16 16:00:00+00:00,6.14,3.101167678833008,2.3139725323575693,-1.1748311519622803,2.4883768311261516
2025-01-16 17:00:00+00:00,-2.34,3.0982985496520996,0.7542361094386266,-1.222974181175232,1.4119107624809426
2025-01-16 18:00:00+00:00,-0.52,3.1241748332977295,0.5021371004560121,-1.279253363609314,-4.897292380490419
2025-01-17 10:00:00+00:00,10.68,3.162713050842285,3.9379560263950846,-1.358146071434021,5.619441994218606
2025-01-17 11:00:00+00:00,0.27,3.199721336364746,2.3740769852569192,-1.392573356628418,2.7459982505562905
2025-01-17 12:00:00+00:00,6.84,3.2173428535461426,2.292022808062209,-1.4331281185150146,0.7586361118732121
2025-01-17 13:00:00+00:00,2.43,3.2416677474975586,1.3268679601241287,-1.4948370456695557,4.951669866098112
2025-01-17 14:00:00+00:00,1.64,3.2699244022369385,0.7809434000427001,-1.539390206336975,0.014916227676498861
2025-01-17 15:00:00+00:00,13.67,3.290792226791382,1.541883761115169,-1.5852068662643433,-1.702754798037542
2025-01-17 16:00:00+00:00,2.15,3.2986037731170654,1.1956812532976415,-1.6227365732192993,-0.24108759913012967
2025-01-17 17:00:00+00:00,-2.93,3.2619290351867676,-1.7157793991220682,-1.6989191770553589,3.0500528921530172
2025-01-17 18:00:00+00:00,30.04,3.251108407974243,1.0919846943997742,-1.7641606330871582,4.2151290800556716
2025-01-20 10:00:00+00:00,-9.85,3.248518466949463,-4.058146909261435,-1.8372669219970703,-4.83479377373886
2025-01-20 11:00:00+00:00,-32.11,3.2756500244140625,-6.599936014720198,-1.9180651903152466,3.16355643005148
2025-01-20 12:00:00+00:00,2.94,3.3291282653808594,1.50325209562159,-2.009242296218872,5.18892014872247
2025-01-20 13:00:00+00:00,12.36,3.4053728580474854,2.327518728676078,-2.0976037979125977,-3.204505821347064
2025-01-20 14:00:00+00:00,-0.33,3.490359306335449,0.06853630936620464,-2.1874074935913086,5.638879195238146
2025-01-20 15:00:00+00:00,4.96,3.592228889465332,0.11531490356666496,-2.219482660293579,3.635537182564539
2025-01-20 16:00:00+00:00,-20.64,3.725306272506714,-1.5414217030096165,-2.2594308853149414,0.45748471968383697
2025-01-20 17:00:00+00:00,-3.34,3.8410937786102295,-1.5704807023123597,-2.347963333129883,-3.314421487833756
2025-01-20 18:00:00+00:00,-5.12,3.9889774322509766,-2.0563446157090324,-2.4505701065063477,-2.6884315890647645
2025-01-21 10:00:00+00:00,-11.18,4.154491424560547,-1.506222482553723,-2.5754542350769043,6.485113626308805
2025-01-21 11:00:00+00:00,-10.09,4.2485222816467285,-2.5954860595825684,-2.664597511291504,3.0508568543783277
2025-01-21 12:00:00+00:00,2.32,4.343572616577148,1.7036472652138883,-2.768892765045166,0.13202889450726846
2025-01-21 13:00:00+00:00,-18.66,4.4328203201293945,-3.9615769842315602,-2.8977205753326416,-1.224322016408906
2025-01-21 14:00:00+00:00,7.95,4.516331195831299,5.501171701472493,-3.0075716972351074,0.09494811293158073
2025-01-21 15:00:00+00:00,12.09,4.588106155395508,3.019964830614117,-3.0386710166931152,1.7954550570209429
2025-01-21 16:00:00+00:00,18.95,4.609432220458984,2.834834417836849,-3.1112751960754395,3.28982804055272
2025-01-21 17:00:00+00:00,8.9,4.531713485717773,2.7775229080269423,-3.1831324100494385,2.910474804305934
2025-01-21 18:00:00+00:00,-6.51,4.519378662109375,0.7957028340152565,-3.2354438304901123,-6.621774684003055
2025-01-22 10:00:00+00:00,15.78,4.452175617218018,1.5394402753338774,-3.294567823410034,3.444482463289841
2025-01-22 11:00:00+00:00,10.59,4.402569770812988,2.3996566749487727,-3.3347620964050293,0.790774199744421
2025-01-22 12:00:00+00:00,-1.25,4.392087936401367,-0.652921663092431,-3.329284191131592,6.516873215234456
2025-01-22 13:00:00+00:00,11.57,4.396915912628174,1.7275568174823883,-3.3344898223876953,2.812451315325582
2025-01-22 14:00:00+00:00,-13.15,4.413816928863525,-2.20782337346362,-3.3295485973358154,-4.167252753480282
2025-01-22 15:00:00+00:00,2.43,4.4304094314575195,1.0423138019834055,-3.3663179874420166,3.92542564391213
2025-01-22 16:00:00+00:00,7.52,4.486479759216309,2.423767433606826,-3.357124090194702,3.849695140112534
2025-01-22 17:00:00+00:00,10.93,4.462830066680908,1.5784676115527962,-3.361361503601074,-0.2916455971699369
2025-01-22 18:00:00+00:00,-30.75,4.446371555328369,-1.8435977486655335,-3.345214366912842,1.927260199383341
2025-01-23 10:00:00+00:00,-8.52,4.4593186378479,0.18680669908311545,-3.3284754753112793,-4.637330048901643
2025-01-23 11:00:00+00:00,-14.68,4.470974922180176,-0.45018038923886605,-3.383162260055542,2.5689561819361733
2025-01-23 12:00:00+00:00,7.45,4.511557579040527,-0.057549914799893506,-3.3709874153137207,-2.6104284875320802
2025-01-23 13:00:00+00:00,10.52,4.564008712768555,-0.2529197186480273,-3.3567497730255127,-4.387873501559384
2025-01-23 14:00:00+00:00,-9.1,4.608676433563232,0.15456685339388027,-3.304124116897583,4.606773277477024
2025-01-23 15:00:00+00:00,3.96,4.638937950134277,-0.21969838361969074,-3.2825958728790283,-1.0497184239538726
2025-01-23 16:00:00+00:00,-3.25,4.651925086975098,-0.7451488433253163,-3.2516698837280273,-0.5685662750231008
2025-01-23 17:00:00+00:00,-2.15,4.617992401123047,-0.8360295419932406,-3.240269899368286,-3.709439812658724
2025-01-23 18:00:00+00:00,25.19,4.57857084274292,1.8726892089255087,-3.235302448272705,-5.022257230410377
2025-01-24 10:00:00+00:00,3.88,4.535995960235596,2.3647756989988715,-3.237889528274536,-1.339732292191589
2025-01-24 11:00:00+00:00,5.9,4.506196022033691,1.4139726125226142,-3.2199647426605225,-0.8576439551984911
2025-01-24 12:00:00+00:00,-0.69,4.473931789398193,0.9397787733820502,-3.2350072860717773,0.8394776907353826
2025-01-24 13:00:00+00:00,7.35,4.447915077209473,1.6907545312455268,-3.231461524963379,-2.4420225078827773
2025-01-24 14:00:00+00:00,-2.39,4.428893089294434,-0.6634777293296087,-3.233107328414917,3.1041516524458164
2025-01-24 15:00:00+00:00,-24.26,4.416589736938477,-1.1536462614116711,-3.1772608757019043,1.8443065240368792
2025-01-24 16:00:00+00:00,6.02,4.438718795776367,1.3998029772931369,-3.173961877822876,4.809434063217425
2025-01-24 17:00:00+00:00,0.84,4.438708782196045,0.7652465484817146,-3.154961347579956,-2.360313332406597
2025-01-24 18:00:00+00:00,-1.78,4.438638210296631,-0.27678856822240716,-3.1593925952911377,-1.4875930346283006
2025-01-27 09:00:00+00:00,-10.5,4.398465156555176,-1.571869719885778,-3.1347572803497314,4.420612633440688
2025-01-27 10:00:00+00:00,-24.23,4.369281768798828,0.908984845074614,-3.10182523727417,-1.8211457682389711
2025-01-27 11:00:00+00:00,8.33,4.3390350341796875,3.06918504759853,-3.0618035793304443,0.9116543644232113
2025-01-27 12:00:00+00:00,1.42,4.316479206085205,0.34413102615611846,-3.0254106521606445,-1.6469455521726024
2025-01-27 13:00:00+00:00,-11.14,4.269878387451172,-0.5452730230852982,-3.0033352375030518,-3.3423746721992664
2025-01-27 14:00:00+00:00,11.07,4.254568576812744,1.8321428443391823,-2.978855609893799,-0.23075820651902434
2025-01-27 15:00:00+00:00,-20.48,4.24827241897583,-2.1981998901534188,-2.9081456661224365,-0.49968084711968563
2025-01-27 16:00:00+00:00,-9.33,4.2080583572387695,-1.9696015609601596,-2.8921144008636475,-2.93500881632358
2025-01-27 17:00:00+00:00,0.09,4.183872699737549,-0.059166583990817354,-2.857635259628296,-4.988279852835181
2025-01-27 18:00:00+00:00,-8.02,4.174707889556885,-2.6858667725427456,-2.821561813354492,-4.155807692708731
2025-01-28 09:00:00+00:00,-1.02,4.172884464263916,-0.821555329696153,-2.804574489593506,2.6662239250919666
2025-01-28 10:00:00+00:00,-3.81,4.174034118652344,-2.6410310594762962,-2.7602827548980713,1.8250837230604036
2025-01-28 11:00:00+00:00,-2.56,4.168071269989014,-0.5347356434473226,-2.70222806930542,-0.7546277634570135
2025-01-28 12:00:00+00:00,11.16,4.121297836303711,0.5540938310481304,-2.641869306564331,-1.3815831540486845
2025-01-28 13:00:00+00:00,21.49,4.070445537567139,1.882452024080149,-2.585789918899536,3.908821335059835
2025-01-28 14:00:00+00:00,11.76,4.025176048278809,1.8246434558156155,-2.5254464149475098,-0.014251878546298141
2025-01-28 15:00:00+00:00,0.75,3.9041123390197754,1.2195857525080913,-2.4387564659118652,-3.1556979704716426
2025-01-28 16:00:00+00:00,4.61,3.810234785079956,1.5660905699093957,-2.4033851623535156,3.9554739628574715
2025-01-28 17:00:00+00:00,6.22,3.72033429145813,0.6587444358452238,-2.3701982498168945,4.671216909080166
2025-01-28 18:00:00+00:00,3.11,3.63299822807312,0.7069419414021775,-2.293313503265381,-2.8917831827696703
2025-01-29 09:00:00+00:00,-3.45,3.5374488830566406,-1.5939587751902977,-2.2756173610687256,3.7042236683506706
2025-01-29 10:00:00+00:00,14.38,3.438819169998169,0.8909106269649559,-2.2314612865448,3.972388825051792
2025-01-29 11:00:00+00:00,6.12,3.332468271255493,0.044997896967963386,-2.1708474159240723,0.11579442816622806
2025-01-29 12:00:00+00:00,-3.52,3.225084066390991,-1.177141789428601,-2.0849153995513916,-4.270601503122298
2025-01-29 13:00:00+00:00,-8.67,3.1147751808166504,-0.9811218090688295,-2.0082027912139893,2.7600062286393947
2025-01-29 14:00:00+00:00,-3.59,2.9863598346710205,-0.2262852295379714,-1.9928154945373535,-1.8552333847557745
2025-01-29 15:00:00+00:00,-6.3,2.859063148498535,-0.2119872103837243,-1.9701443910598755,-4.9358002253535265
2025-01-29 16:00:00+00:00,14.29,2.7633073329925537,0.8362779013162017,-1.9529250860214233,1.1308186465269325
2025-01-29 17:00:00+00:00,6.34,2.676453113555908,1.3508846351773092,-1.9180717468261719,0.11431907204633326
2025-01-29 18:00:00+00:00,-0.36,2.590991497039795,0.35695119831796984,-1.9114232063293457,1.710100875386811
2025-01-30 09:00:00+00:00,0.22,2.5217697620391846,0.2239014041327181,-1.9096646308898926,-4.1626103544275725
2025-01-30 10:00:00+00:00,-2.31,2.4576292037963867,0.2472324289170068,-1.9130405187606812,0.20762780773325687
2025-01-30 11:00:00+00:00,-0.59,2.408160448074341,0.3553984214218361,-1.8992761373519897,-2.8839374043054598
2025-01-30 12:00:00+00:00,2.79,2.371805429458618,1.1875371797769785,-1.8283389806747437,-1.1667689566064892
2025-01-30 13:00:00+00:00,0.63,2.3071579933166504,1.32908096752013,-1.8128043413162231,3.4569485447225605
2025-01-30 14:00:00+00:00,1.07,2.2462291717529297,1.2930346947665168,-1.775390386581421,2.635912578003607
2025-01-30 15:00:00+00:00,2.43,2.1854300498962402,2.070511666495948,-1.7755851745605469,-3.277518972496806
2025-01-30 16:00:00+00:00,7.87,2.1285839080810547,1.6262402533211726,-1.776660442352295,0.4662437463357458
2025-01-30 17:00:00+00:00,5.04,2.0536065101623535,0.5361259308028676,-1.7361987829208374,4.388907059991844
2025-01-30 18:00:00+00:00,17.92,1.9823499917984009,0.1318160402262678,-1.7325774431228638,1.0294295901498667
2025-01-31 09:00:00+00:00,0.13,1.9239723682403564,-0.20089733406985533,-1.7494570016860962,2.4386205385191255
2025-01-31 10:00:00+00:00,-13.2,1.8654710054397583,-2.580103519446057,-1.7369897365570068,0.17346676313106543
2025-01-31 11:00:00+00:00,5.1,1.8172649145126343,-0.37902660975148694,-1.751819133758545,1.471222759644664
2025-01-31 12:00:00+00:00,-1.63,1.768070101737976,0.5376535845736851,-1.7236480712890625,-1.265476208739147
2025-01-31 13:00:00+00:00,4.48,1.738822340965271,1.1439966416195033,-1.7296292781829834,-1.749266055356004
2025-01-31 14:00:00+00:00,-21.07,1.6904712915420532,-0.7263653745440689,-1.6960498094558716,3.969017832685193
2025-01-31 15:00:00+00:00,-5.08,1.6527190208435059,-0.394107812750522,-1.648738145828247,-3.8342605488694748
2025-01-31 16:00:00+00:00,-6.72,1.6215455532073975,-0.8162263545503773,-1.680873990058899,2.0350640424073543
2025-01-31 17:00:00+00:00,0.7,1.5883710384368896,0.529923637543439,-1.6581751108169556,-3.034649886350248
2025-01-31 18:00:00+00:00,-17.22,1.5474486351013184,-1.2856508418732178,-1.645134449005127,0.44417130977808794
2025-02-03 09:00:00+00:00,9.08,1.5268211364746094,1.8391693657888453,-1.6063843965530396,-1.4964731953542305
2025-02-03 10:00:00+00:00,-7.92,1.475622296333313,-1.434939282311778,-1.5537440776824951,-0.45122771597442146
2025-02-03 11:00:00+00:00,-0.19,1.3884795904159546,-0.6879182032461861,-1.5151326656341553,2.286169338179045
2025-02-03 12:00:00+00:00,1.5,1.3291490077972412,0.09330699218156756,-1.4804376363754272,-4.443028997892019
2025-02-03 13:00:00+00:00,-4.99,1.279813528060913,-1.5297073611791596,-1.4734089374542236,1.7785272639798158
2025-02-03 14:00:00+00:00,-8.84,1.2250088453292847,-2.118281765266722,-1.430209994316101,-2.06349802311037
2025-02-03 15:00:00+00:00,7.28,1.1756514310836792,0.1702723564833273,-1.425324559211731,-1.572105360574395
2025-02-03 16:00:00+00:00,-5.77,1.1323755979537964,-1.2062698452651845,-1.4244799613952637,-0.09031381646264353
2025-02-03 17:00:00+00:00,5.14,1.077359914779663,0.3840188602191676,-1.4289560317993164,-3.838830067421788
2025-02-03 18:00:00+00:00,17.56,1.0165929794311523,0.20055599663683632,-1.3856722116470337,-2.9382374852159945
2025-02-04 09:00:00+00:00,0.35,0.9727436304092407,0.09540689400277444,-1.347092866897583,0.9883689282237595
2025-02-04 10:00:00+00:00,-12.07,0.9293923377990723,-0.716747878034494,-1.339397668838501,-1.3688428857477655
2025-02-04 11:00:00+00:00,-3.21,0.8429439663887024,0.04178429900738645,-1.301071047782898,3.2024215209086337
2025-02-04 12:00:00+00:00,-3.15,0.7517588138580322,-0.9557192083953916,-1.2634388208389282,1.1305041546712506
2025-02-04 13:00:00+00:00,0.17,0.693610429763794,-0.3284264315316634,-1.2394061088562012,0.7182163108605051
2025-02-04 14:00:00+00:00,-0.92,0.6520947217941284,-0.6897364516496465,-1.2071728706359863,-1.1508280101655544
2025-02-04 15:00:00+00:00,-3.79,0.6108104586601257,-0.5097358666300494,-1.1911664009094238,0.2043552369981804
2025-02-04 16:00:00+00:00,-5.75,0.5785273313522339,-0.5298586056363153,-1.1758397817611694,1.6838309886399396
2025-02-04 17:00:00+00:00,2.35,0.5421886444091797,-0.34067104830561,-1.1423414945602417,-2.055647187969194
2025-02-04 18:00:00+00:00,-11.82,0.5025941729545593,-1.831083030615234,-1.114609956741333,-1.733081058947555
2025-02-05 09:00:00+00:00,5.27,0.4780465364456177,2.9908390473108746,-1.087502360343933,-2.6306034780496383
2025-02-05 10:00:00+00:00,-18.8,0.46559035778045654,-1.9561025204321467,-1.0896645784378052,2.93775804541962
2025-02-05 11:00:00+00:00,26.05,0.42867007851600647,0.9478477701832477,-1.0820543766021729,2.623506662331455
2025-02-05 12:00:00+00:00,-9.61,0.39582592248916626,-1.680122677461835,-1.0522886514663696,-0.5336389741088472
2025-02-05 13:00:00+00:00,-1.88,0.37056708335876465,-0.22738474451850874,-1.0344680547714233,-1.396512687359548
2025-02-05 14:00:00+00:00,1.75,0.35858336091041565,0.8479230063655148,-1.0537997484207153,1.39426330048544
2025-02-05 15:00:00+00:00,1.27,0.33052948117256165,0.8755405974186525,-1.0436662435531616,-4.693234548253915
2025-02-05 16:00:00+00:00,19.23,0.3138074576854706,2.0267203522051958,-1.0347418785095215,1.4521714717666165
2025-02-05 17:00:00+00:00,1.39,0.29195091128349304,0.8995439828040842,-1.053585171699524,-0.7847043011349294
2025-02-05 18:00:00+00:00,30.92,0.2626935839653015,2.6830171129577565,-1.0994055271148682,6.5205136089498605
2025-02-06 09:00:00+00:00,8.66,0.22467316687107086,0.4776411688695313,-1.0800437927246094,-0.6985485790388005
2025-02-06 10:00:00+00:00,-9.38,0.19758173823356628,-2.788094069780015,-1.1073226928710938,0.9749460320649354
2025-02-06 11:00:00+00:00,3.53,0.19771870970726013,-0.7898783302728309,-1.1270697116851807,2.1090287324173933
2025-02-06 12:00:00+00:00,-8.62,0.17860521376132965,-0.1768851448163241,-1.1288379430770874,4.025368411781587
2025-02-06 13:00:00+00:00,0.46,0.16101083159446716,1.069995449012733,-1.0995666980743408,-0.7320466338717141
2025-02-06 14:00:00+00:00,9.91,0.1640600562095642,1.7279807263699065,-1.1145352125167847,3.0461708133549403
2025-02-06 15:00:00+00:00,1.77,0.1798621118068695,1.399964481402197,-1.0968997478485107,0.1672234920067405
2025-02-06 16:00:00+00:00,9.19,0.169767364859581,1.1049645415312948,-1.0576356649398804,0.7181650331011182
2025-02-06 17:00:00+00:00,-6.88,0.14017824828624725,-1.0810654794044972,-1.0452966690063477,1.9534471837772376
2025-02-06 18:00:00+00:00,14.24,0.12616047263145447,0.8177879504887955,-1.04275643825531,2.3062641376133692
2025-02-07 09:00:00+00:00,-1.6,0.10781092941761017,-0.9774303070226971,-1.0421390533447266,-1.8691650163857538
2025-02-07 10:00:00+00:00,-15.43,0.0730140283703804,-3.111927550437873,-1.0205308198928833,-5.387049739494561
2025-02-07 11:00:00+00:00,-2.5,0.06339758634567261,-1.3486276237878145,-1.0243849754333496,-0.684354844924198
2025-02-07 12:00:00+00:00,7.89,0.04462029039859772,1.201610977709507,-0.9985482692718506,-1.9415929940074579
2025-02-07 13:00:00+00:00,-7.79,0.035123974084854126,-0.20000885881640787,-0.9710993766784668,-0.8666129529783222
2025-02-07 14:00:00+00:00,0.59,0.026102285832166672,0.6832438482207757,-0.9711967706680298,-4.036367258816994
2025-02-07 15:00:00+00:00,1.98,0.023899052292108536,1.0742524105999551,-0.9838646650314331,-1.7167943655854763
2025-02-07 16:00:00+00:00,-4.78,0.025749973952770233,0.7442283357271061,-0.9751469492912292,1.245890584422773
2025-02-07 17:00:00+00:00,3.81,0.012157747521996498,1.0441847491314729,-0.9630072116851807,-4.25658820930301
2025-02-07 18:00:00+00:00,27.34,0.009332654997706413,0.8820677597369407,-0.9842308759689331,0.5633200981918912
2025-02-10 09:00:00+00:00,-2.02,-0.0026225270703434944,-1.943369901343681,-0.9794201254844666,4.367154386910984
2025-02-10 10:00:00+00:00,-9.26,-0.052246566861867905,-0.41508307955321033,-0.9830999970436096,-2.7125540304727704
2025-02-10 11:00:00+00:00,6.47,-0.10608517378568649,1.265390157070077,-0.9931588172912598,2.276671196700498
2025-02-10 12:00:00+00:00,3.51,-0.15900234878063202,1.2385417153338167,-0.9936224818229675,1.5506088530844322
2025-02-10 13:00:00+00:00,14.45,-0.18202424049377441,2.3573053212117725,-0.998317539691925,-0.18119308707801596
2025-02-10 14:00:00+00:00,-1.6,-0.21634575724601746,-0.44146065402127954,-0.9936766624450684,3.8012819464269976
2025-02-10 15:00:00+00:00,8.95,-0.22626250982284546,1.0926647830386318,-1.0349396467208862,-0.5305924649636641
2025-02-10 16:00:00+00:00,1.4,-0.24528957903385162,-0.5618511472472824,-1.0079529285430908,1.935221455524772
2025-02-10 17:00:00+00:00,-3.38,-0.2677445709705353,-0.7633272242596435,-1.0070117712020874,-2.3751546582278182
2025-02-10 18:00:00+00:00,-11.5,-0.28349608182907104,-2.2565253667780913,-0.9725789427757263,2.7171709031375895
2025-02-11 09:00:00+00:00,-1.18,-0.2759532332420349,0.8198119302261095,-0.9588343501091003,3.7364801958416254
2025-02-11 10:00:00+00:00,-13.4,-0.2517828345298767,0.15570896921602254,-0.9222539663314819,-4.506571649007876
2025-02-11 11:00:00+00:00,12.66,-0.27596715092658997,1.5964436720669517,-0.9271321296691895,3.186309334401549
2025-02-11 12:00:00+00:00,11.84,-0.2935541868209839,2.234133306540511,-0.9249039888381958,-1.1041151626779853
2025-02-11 13:00:00+00:00,-3.4,-0.30512556433677673,0.2798657724570298,-0.9005394577980042,2.321198916618557
2025-02-11 14:00:00+00:00,4.53,-0.3101091980934143,1.6113648567322314,-0.8990328311920166,0.19033542812815762
2025-02-11 15:00:00+00:00,1.61,-0.3271242082118988,2.095237920856809,-0.8793443441390991,-0.1966015811980898
2025-02-11 16:00:00+00:00,4.38,-0.3419879972934723,2.3369001083507697,-0.8633862733840942,1.790230594249523
2025-02-11 17:00:00+00:00,0.09,-0.34758031368255615,1.3726136347211626,-0.8540371656417847,-3.141832035315373
2025-02-11 18:00:00+00:00,24.68,-0.35437533259391785,0.932380990636581,-0.8370016813278198,6.514303913331565
2025-02-12 09:00:00+00:00,1.67,-0.3622192144393921,-2.25250914458576,-0.8180888891220093,-0.23802077864567095
2025-02-12 10:00:00+00:00,7.45,-0.36659637093544006,-0.10576109382263302,-0.8555841445922852,-4.806234540602416
2025-02-12 11:00:00+00:00,-3.61,-0.3725886344909668,-1.8020421412003662,-0.8960810303688049,2.510263770928323
2025-02-12 12:00:00+00:00,2.58,-0.35535094141960144,0.18530228583157538,-0.9480122923851013,0.451256808698396
2025-02-12 13:00:00+00:00,-8.09,-0.31968390941619873,0.003226970806796778,-0.9862557649612427,4.8148676940992825
2025-02-12 14:00:00+00:00,-7.51,-0.3025817275047302,0.9983579417472284,-1.0082473754882812,0.3564532385884255
2025-02-12 15:00:00+00:00,9.36,-0.26463013887405396,1.1797128211038492,-1.0293653011322021,0.9108679942627123
2025-02-12 16:00:00+00:00,-21.37,-0.24586088955402374,1.1903851328641073,-1.0590449571609497,1.3265203268448538
2025-02-12 17:00:00+00:00,2.45,-0.24494971334934235,1.3867450938473915,-1.0970734357833862,-2.8171479319972956
2025-02-12 18:00:00+00:00,220.03,-0.2542665898799896,1.5068163456855235,-1.1199930906295776,9.675334823497703
2025-02-13 09:00:00+00:00,-63.31,-0.25684043765068054,-25.220925160864823,-1.1151490211486816,-15.763662827440562
2025-02-13 10:00:00+00:00,27.8,-0.23754602670669556,1.8689436218756494,-1.1465011835098267,-0.4996761992710459
2025-02-13 11:00:00+00:00,10.62,-0.1835492104291916,-0.22547566524453613,-1.2119301557540894,-0.2950910426147293
2025-02-13 12:00:00+00:00,-21.19,-0.14403308928012848,-5.730180193663156,-1.2776349782943726,-7.846359391707937
2025-02-13 13:00:00+00:00,-11.3,-0.06581682711839676,-1.3664043714964214,-1.3683502674102783,9.390578121476828
2025-02-13 14:00:00+00:00,23.13,0.01628221943974495,5.185141168793281,-1.4391980171203613,0.787918570281191
2025-02-13 15:00:00+00:00,-9.65,0.08979758620262146,0.2711953958537937,-1.5304721593856812,5.097973785801516
2025-02-13 16:00:00+00:00,13.62,0.14824920892715454,5.934999980242299,-1.5820287466049194,-0.30088528764974054
2025-02-13 17:00:00+00:00,-8.41,0.20102429389953613,-2.127999732475884,-1.6645152568817139,-16.89829662350595
2025-02-13 18:00:00+00:00,58.75,0.23374612629413605,5.236959537928162,-1.7551122903823853,17.71632379853312
2025-02-14 09:00:00+00:00,7.39,0.24527721107006073,1.6895724619069838,-1.8326528072357178,-12.08603730086849
2025-02-14 10:00:00+00:00,1.85,0.2057054340839386,0.5623338643506706,-1.8846936225891113,-0.6582275742917649
2025-02-14 11:00:00+00:00,-1.74,0.14352266490459442,-5.114218060225219,-1.9437114000320435,4.923698094043425
2025-02-14 12:00:00+00:00,-61.07,0.10837492346763611,-22.423584170914086,-2.0043270587921143,-15.944140766577217
2025-02-14 13:00:00+00:00,10.65,0.055848874151706696,-2.184461620304613,-2.1053011417388916,3.4678206277673653
2025-02-14 14:00:00+00:00,-10.12,0.06160672754049301,-3.6014101651986574,-2.185880422592163,5.463095083127395
2025-02-14 15:00:00+00:00,-51.94,0.07684332132339478,-11.455626027607359,-2.2543654441833496,-2.268926781353404
2025-02-14 16:00:00+00:00,14.17,0.0962168499827385,10.109662463958013,-2.3037970066070557,6.211361157530465
2025-02-14 17:00:00+00:00,10.09,0.1208750456571579,9.812538207958573,-2.35589599609375,0.3832262715149677
2025-02-14 18:00:00+00:00,76.5,0.10615263879299164,12.546922866064847,-2.400529384613037,4.23680044576331
2025-02-17 09:00:00+00:00,-3.3,0.09280212968587875,-1.8287761144483472,-2.436288356781006,-5.59705776636877
2025-02-17 10:00:00+00:00,-4.27,0.09201399981975555,0.23588745614440754,-2.455575704574585,-14.140593817192151
2025-02-17 11:00:00+00:00,19.33,0.0572434738278389,6.976011346314285,-2.487135648727417,7.528370067915364
2025-02-17 12:00:00+00:00,5.27,0.018440773710608482,3.8983182933117324,-2.503105401992798,-4.715795240991721
2025-02-17 13:00:00+00:00,-9.61,-0.012594944797456264,-1.268992209850213,-2.5328376293182373,-1.1702054710186975
2025-02-17 14:00:00+00:00,20.17,-0.020882708951830864,5.540907381905274,-2.568922996520996,3.9767347133469664
2025-02-17 15:00:00+00:00,4.98,-0.046331968158483505,4.712212581446314,-2.564363479614258,4.348135563182952
2025-02-17 16:00:00+00:00,7.19,-0.05072232335805893,4.83140004492357,-2.5660316944122314,-7.725593094914323
2025-02-17 17:00:00+00:00,7.15,-0.05595720186829567,5.093067515009637,-2.642127752304077,2.76289200473019
2025-02-17 18:00:00+00:00,-0.87,-0.04781080037355423,0.8678838610240791,-2.662207841873169,3.642769600959781
2025-02-18 09:00:00+00:00,5.06,-0.04013390839099884,2.093190400044954,-2.720839500427246,-6.2625099956665515
2025-02-18 10:00:00+00:00,-42.76,-0.0778745487332344,-9.836089170649563,-2.858229398727417,-7.937706001182139
2025-02-18 11:00:00+00:00,21.44,-0.12216262519359589,8.661466310397696,-2.9518659114837646,9.975127159626403
2025-02-18 12:00:00+00:00,7.27,-0.12841854989528656,2.3109489212815606,-3.058159589767456,-4.074795459106632
2025-02-18 13:00:00+00:00,26.96,-0.13233354687690735,4.729259833472939,-3.192704200744629,8.69065798282929
2025-02-18 14:00:00+00:00,-56.81,-0.1469365656375885,-8.628778242508822,-3.3013761043548584,-4.282345945940322
2025-02-18 15:00:00+00:00,2.26,-0.16524362564086914,1.071661504012627,-3.4561502933502197,1.941863793559313
2025-02-18 16:00:00+00:00,-10.01,-0.15226300060749054,-2.4903264323339376,-3.614532709121704,-6.009284164436943
2025-02-18 17:00:00+00:00,-2.19,-0.15387293696403503,-0.26239440079386706,-3.811981439590454,-1.743258967055286
2025-02-18 18:00:00+00:00,13.61,-0.17572802305221558,4.9522471448723415,-4.0026631355285645,10.432854953705824
2025-02-19 09:00:00+00:00,-25.19,-0.212205171585083,-11.06984947770324,-4.242789268493652,-9.307253274276176
2025-02-19 10:00:00+00:00,-16.34,-0.20265904068946838,-4.077360313527471,-4.525315284729004,-4.760731977674093
2025-02-19 11:00:00+00:00,8.64,-0.22037024796009064,9.02929336952624,-4.716616153717041,5.1721391027228885
2025-02-19 12:00:00+00:00,14.0,-0.257498562335968,11.09394429421627,-4.964483261108398,-2.227091259147507
2025-02-19 13:00:00+00:00,5.67,-0.3162684440612793,6.261524478224997,-5.144786357879639,4.651217863733082
2025-02-19 14:00:00+00:00,2.44,-0.41263577342033386,4.1452555886676095,-5.384788990020752,-2.099984297349443
2025-02-19 15:00:00+00:00,8.63,-0.5081647634506226,6.502119093674205,-5.560197830200195,1.8458105536966678
2025-02-19 16:00:00+00:00,14.82,-0.5858771204948425,5.691489975142201,-5.710602283477783,-2.5361720103032135
2025-02-19 17:00:00+00:00,-14.4,-0.6727181077003479,-0.3210782048890238,-5.8636860847473145,-6.734062246554325
2025-02-19 18:00:00+00:00,26.32,-0.735882043838501,5.26767793944423,-5.908393859863281,21.963070510869837
2025-02-20 09:00:00+00:00,-6.39,-0.7763186693191528,-3.8923509359402093,-6.0231099128723145,-4.035698326786619
2025-02-20 10:00:00+00:00,-3.96,-0.7916803359985352,-1.7704703738139544,-5.965303897857666,0.6129119451159503
2025-02-20 11:00:00+00:00,19.74,-0.8391408920288086,4.267299865174445,-5.780027866363525,1.596852817263541
2025-02-20 12:00:00+00:00,-5.73,-0.8578125238418579,-1.5724626999570384,-5.64301872253418,-2.118250959947254
2025-02-20 13:00:00+00:00,4.61,-0.8770853281021118,3.479104307232534,-5.455312252044678,-1.2490274531232424
2025-02-20 14:00:00+00:00,8.68,-0.8660666346549988,4.006743702712795,-5.328944206237793,-7.833353998059396
2025-02-20 15:00:00+00:00,5.49,-0.8570529818534851,3.115583203484617,-5.152137756347656,4.03263434236867
2025-02-20 16:00:00+00:00,-2.37,-0.8214741945266724,-2.6935255479881577,-4.995949745178223,-0.3090169521885826
2025-02-20 17:00:00+00:00,-24.41,-0.7763994336128235,-8.726860634990285,-4.863193511962891,-2.2852621997716467
2025-02-20 18:00:00+00:00,19.76,-0.7685507535934448,6.450157506343928,-4.6936140060424805,14.967138760985728
2025-02-21 09:00:00+00:00,0.92,-0.7674370408058167,-0.01147478893361166,-4.6824727058410645,-5.030901998305088
2025-02-21 10:00:00+00:00,1.2,-0.7516503930091858,1.0710655949623833,-4.417649745941162,-0.6284078653027501
2025-02-21 11:00:00+00:00,-8.93,-0.9748672246932983,-3.47223363022336,-4.195841312408447,0.8321845637945813
2025-02-21 12:00:00+00:00,-27.64,-1.0572067499160767,-7.36393654560808,-3.964667320251465,-6.807055855064837
2025-02-21 13:00:00+00:00,-0.95,-1.1078498363494873,-1.1627668968357745,-3.7091634273529053,-6.5889959216554335
2025-02-21 14:00:00+00:00,-11.25,-1.2369228601455688,-4.632701748436524,-3.6373589038848877,-4.550926316160705
2025-02-21 15:00:00+00:00,3.87,-1.2657941579818726,3.5729697639616953,-3.535074234008789,-3.1114644374827147
2025-02-21 16:00:00+00:00,13.39,-1.2707468271255493,5.275625688588728,-3.4929358959198,0.16739834504187034
2025-02-21 17:00:00+00:00,0.3,-1.2938661575317383,2.4064890115306636,-3.404973030090332,-5.449952729915261
2025-02-21 18:00:00+00:00,27.49,-1.2663758993148804,3.2078834206789737,-3.1652300357818604,13.011046340219956
2025-02-24 09:00:00+00:00,-15.24,-1.2685846090316772,-6.1192566374875925,-3.266125440597534,-5.243679600514657
2025-02-24 10:00:00+00:00,0.43,-1.1960891485214233,0.09145906941165484,-3.0776028633117676,0.08647036417380138
2025-02-24 11:00:00+00:00,1.25,-1.252988338470459,0.17543242830316214,-2.9673755168914795,-0.010493083482358223
2025-02-24 12:00:00+00:00,-3.6,-1.3047380447387695,-0.9575303390379807,-2.8823702335357666,-5.069159347943203
2025-02-24 13:00:00+00:00,-0.78,-1.2969142198562622,-0.5679989006058107,-2.690173864364624,1.1651921212316378
2025-02-24 14:00:00+00:00,-13.26,-1.502589225769043,-0.8701904524132063,-2.5649709701538086,-7.5521422434741945
2025-02-24 15:00:00+00:00,0.37,-1.5884779691696167,1.1185024668407693,-2.511181354522705,-0.5967037462026115
2025-02-24 16:00:00+00:00,9.56,-1.5714739561080933,2.8061141534306384,-2.441277265548706,-2.1903150509521416
2025-02-24 17:00:00+00:00,14.12,-1.66293203830719,3.6844321242756934,-2.376898765563965,-4.270586123512102
2025-02-24 18:00:00+00:00,61.95,-1.6096830368041992,1.6729006256577352,-2.358637809753418,10.726702628686027
2025-02-25 09:00:00+00:00,-7.92,-1.523413062095642,-7.921009335823059,-2.399726152420044,-6.247123940425006
2025-02-25 10:00:00+00:00,-7.82,-1.4155797958374023,-5.459925505346945,-2.407641649246216,-5.706019818592746
2025-02-25 11:00:00+00:00,3.31,-1.3465397357940674,-0.8630067571421085,-2.3480896949768066,2.5801487664116483
2025-02-25 12:00:00+00:00,-12.44,-1.26809823513031,-5.124980785841747,-2.4117536544799805,-5.189554104433867
2025-02-25 13:00:00+00:00,13.88,-1.2260500192642212,-0.8577669621252033,-2.3576669692993164,4.5578841475918725
2025-02-25 14:00:00+00:00,-6.68,-1.2000008821487427,-3.356721560575563,-2.363736152648926,-5.179269766325772
2025-02-25 15:00:00+00:00,0.13,-1.1446537971496582,-1.3630628551253932,-2.3961613178253174,0.18498630588275744
2025-02-25 16:00:00+00:00,-4.23,-1.113206386566162,-4.658732469607804,-2.4206082820892334,-4.192197688757809
2025-02-25 17:00:00+00:00,-17.67,-1.0990817546844482,-6.265336382529105,-2.3692266941070557,-12.241017111445682
2025-02-25 18:00:00+00:00,7.97,-1.085275650024414,-1.0097738484026542,-2.3764305114746094,2.747601432049792
2025-02-26 09:00:00+00:00,-5.08,-1.0793116092681885,-6.064494053710376,-2.376779317855835,-3.449579561867054
2025-02-26 10:00:00+00:00,-8.77,-1.0478297472000122,-7.624012304634486,-2.355968713760376,-1.0960765172365439
2025-02-26 11:00:00+00:00,-14.1,-1.0602350234985352,-10.451483387387087,-2.2704429626464844,-0.5381281510394458
2025-02-26 12:00:00+00:00,-35.08,-1.0611653327941895,-19.292291090713466,-2.295147180557251,-4.926001448537618
2025-02-26 13:00:00+00:00,9.61,-1.0356911420822144,-0.22589647159965692,-2.2328503131866455,8.808710947694419
2025-02-26 14:00:00+00:00,-31.97,-1.010517954826355,-15.957830081203968,-2.2477970123291016,1.4293279796846226
2025-02-26 15:00:00+00:00,11.71,-0.994513750076294,8.518835400670191,-2.1769118309020996,4.46521899881194
2025-02-26 16:00:00+00:00,14.78,-1.0776755809783936,8.386917096747261,-2.08343768119812,1.5688728115340815
2025-02-26 17:00:00+00:00,0.79,-1.08743417263031,-0.8439162655688289,-1.9744408130645752,-6.728842856496678
2025-02-26 18:00:00+00:00,-33.16,-1.0756206512451172,-11.872031694250172,-1.9185878038406372,4.906805123617325
2025-02-27 09:00:00+00:00,-6.42,-1.0594900846481323,-7.11297744397899,-1.9393161535263062,-0.050580984238421944
2025-02-27 10:00:00+00:00,-15.2,-0.9974912405014038,-8.27474613707831,-1.8779395818710327,0.9578695269836094
2025-02-27 11:00:00+00:00,-22.45,-0.9614385366439819,-10.787511932784852,-1.8339296579360962,4.6009363461780275
2025-02-27 12:00:00+00:00,18.89,-0.9023035168647766,12.711217887539071,-1.8517346382141113,7.32368353810682
2025-02-27 13:00:00+00:00,-12.28,-0.8318912386894226,-3.6635924375214013,-1.8170899152755737,7.110564647475302
2025-02-27 14:00:00+00:00,32.56,-0.7558261156082153,12.699452641875837,-1.806908369064331,-0.9014485719987548
2025-02-27 15:00:00+00:00,-2.35,-0.6833969950675964,-2.6479457489973774,-1.7695391178131104,3.5525057446225854
2025-02-27 16:00:00+00:00,1.62,-0.5930936932563782,-0.3200737564486111,-1.734256625175476,3.547554823817978
2025-02-27 17:00:00+00:00,-4.56,-0.5137362480163574,-5.90533246358651,-1.679904580116272,1.6999329246791908
2025-02-27 18:00:00+00:00,-32.85,-0.44618529081344604,-21.277698039468408,-1.6004420518875122,1.9128479761455668
2025-02-28 09:00:00+00:00,-36.64,-0.3971516191959381,-26.906283768332692,-1.6535444259643555,-0.3072046114014504
2025-02-28 10:00:00+00:00,7.4,-0.3572370409965515,4.730987825180819,-1.628098487854004,4.040842845013135
2025-02-28 11:00:00+00:00,-14.14,-0.3014676570892334,-8.12792841264626,-1.5944172143936157,-3.164279717644699
2025-02-28 12:00:00+00:00,19.39,-0.24912986159324646,10.853240589157199,-1.5599249601364136,4.66889869253225
2025-02-28 13:00:00+00:00,2.47,-0.20336879789829254,2.7257008152402507,-1.5030601024627686,1.3452022762335227
2025-02-28 14:00:00+00:00,-14.78,-0.15940885245800018,-3.7546172027133706,-1.438953161239624,-4.416892180240366
2025-02-28 15:00:00+00:00,10.59,-0.10487662255764008,8.61224087045434,-1.3660364151000977,5.231574613334656
2025-02-28 16:00:00+00:00,16.13,-0.0621047243475914,7.2502576434860355,-1.3469399213790894,-0.5800248689811971
2025-02-28 17:00:00+00:00,10.26,-0.024172911420464516,1.5248792731022305,-1.2936447858810425,1.5148175762624043
2025-02-28 18:00:00+00:00,-12.95,0.011399652808904648,-8.74794244520325,-1.2461858987808228,7.910444452479988
2025-03-03 09:00:00+00:00,-32.3,0.03033442795276642,-20.770695877795685,-1.2778180837631226,-5.531382912417326
2025-03-03 10:00:00+00:00,-7.54,0.05923795700073242,-6.752664698669795,-1.2534852027893066,3.4841014005747732
2025-03-03 11:00:00+00:00,-9.73,0.07943842560052872,-6.236684959409239,-1.2548401355743408,-4.5232730759456885
2025-03-03 12:00:00+00:00,3.99,0.10262145847082138,1.0772388516863225,-1.2596465349197388,0.6026569085580651
2025-03-03 13:00:00+00:00,9.56,0.12173056602478027,5.830847537634961,-1.2271790504455566,4.468119839323439
2025-03-03 14:00:00+00:00,-4.53,0.11698277294635773,0.7882628877132403,-1.185911774635315,-8.083249480730036
2025-03-03 15:00:00+00:00,17.27,0.12747156620025635,5.85508515854727,-1.167464256286621,0.10501103660235944
2025-03-03 16:00:00+00:00,-13.31,0.1332147717475891,-5.681261627696667,-1.1577872037887573,0.681561885812615
2025-03-03 17:00:00+00:00,-5.21,0.16594979166984558,-1.0769512434012296,-1.1606274843215942,-1.5920141469333822
2025-03-03 18:00:00+00:00,58.95,0.20984894037246704,16.166612826540835,-1.1462509632110596,10.173316436391298
2025-03-04 09:00:00+00:00,28.47,0.2425283044576645,15.450041075965023,-1.2123081684112549,-2.517294548364303
2025-03-04 10:00:00+00:00,8.6,0.30202001333236694,4.27306102715659,-1.1951007843017578,2.4168075686358956
2025-03-04 11:00:00+00:00,-8.53,0.34712478518486023,-7.481066962657952,-1.1804436445236206,-4.857620236074693
2025-03-04 12:00:00+00:00,-7.53,0.40707501769065857,-7.213269498263351,-1.1562432050704956,-3.493212257995332
2025-03-04 13:00:00+00:00,3.68,0.48106279969215393,0.31077302046196703,-1.1179356575012207,0.7526504575778301
2025-03-04 14:00:00+00:00,-8.24,0.5554197430610657,-3.614549628332575,-1.1190797090530396,-4.747269140696592
2025-03-04 15:00:00+00:00,11.25,0.6150264739990234,4.059226616358924,-1.0903831720352173,2.35970189305971
2025-03-04 16:00:00+00:00,-3.73,0.6534878611564636,-3.1737162773570824,-1.0878337621688843,-3.964588893732871
2025-03-04 17:00:00+00:00,12.98,0.6978213787078857,4.858435007560452,-1.0676956176757812,-1.4319409017339189
2025-03-04 18:00:00+00:00,1.31,0.7309233546257019,1.3581657312569253,-1.0412245988845825,1.1081993106747638
2025-03-05 09:00:00+00:00,-6.43,0.7566948533058167,-6.388301021123178,-1.0940219163894653,-0.027675849224922944
2025-03-05 10:00:00+00:00,30.47,0.7729400396347046,5.985912597696812,-1.0945544242858887,4.191008449905365
2025-03-05 11:00:00+00:00,3.82,0.7525476813316345,2.6907044960486006,-1.0479350090026855,-3.136343610808961
2025-03-05 12:00:00+00:00,-8.93,0.7705814838409424,-5.778679811864089,-1.0296887159347534,-5.121594411491726
2025-03-05 13:00:00+00:00,-3.05,0.7975315451622009,-2.9563784956648393,-0.9926823377609253,0.07591298494366328
2025-03-05 14:00:00+00:00,-5.9,0.8072725534439087,-4.168340137344774,-0.9973276257514954,-5.412779900280031
2025-03-05 15:00:00+00:00,9.48,0.8244296312332153,0.19726060151989633,-0.9583256840705872,2.376315760788394
2025-03-05 16:00:00+00:00,-5.75,0.8543095588684082,-3.060871066620908,-0.9428569078445435,-5.032335809149678
2025-03-05 17:00:00+00:00,6.97,0.8959043622016907,-0.18038312045582688,-0.9096311330795288,-1.335811000651301
2025-03-05 18:00:00+00:00,-34.74,0.9308001399040222,-9.10167043222216,-0.8370005488395691,-3.6039327332149576
2025-03-06 09:00:00+00:00,-4.37,0.9523087739944458,-5.933072366467747,-0.8218438029289246,-4.518648185337938
2025-03-06 10:00:00+00:00,-11.86,0.9623734951019287,-7.32730640467752,-0.8100244998931885,-2.218009815937829
2025-03-06 11:00:00+00:00,-7.14,0.9660863280296326,-7.204929463630345,-0.7970904111862183,-6.246601587968481
2025-03-06 12:00:00+00:00,-10.66,0.9780334234237671,-7.565945545091342,-0.7948933839797974,0.9304304564097512
2025-03-06 13:00:00+00:00,-2.42,0.9800777435302734,-2.1319058513383866,-0.7673100829124451,0.5308139155656256
2025-03-06 14:00:00+00:00,14.29,0.9729604125022888,12.424743265385302,-0.8185781240463257,3.406094739169538
2025-03-06 15:00:00+00:00,15.49,0.9777829051017761,7.7069698383190275,-0.8334642648696899,-0.5010268276542873
2025-03-06 16:00:00+00:00,0.01,0.9839224219322205,0.4206433170390624,-0.867702305316925,3.1679168917660134
2025-03-06 17:00:00+00:00,-14.52,1.0058866739273071,-3.9503202050872925,-0.8810308575630188,-0.0615370075148588
2025-03-06 18:00:00+00:00,19.22,1.036030888557434,8.515717294904974,-0.8487565517425537,-2.510388197386431
2025-03-07 09:00:00+00:00,10.3,1.0585328340530396,4.511605194917717,-0.8681325912475586,-2.9746353229734366
2025-03-07 10:00:00+00:00,9.44,1.0595611333847046,4.10644794894737,-0.8679084777832031,-0.4844647809237794
2025-03-07 11:00:00+00:00,-13.55,1.0737664699554443,-6.31995745554676,-0.8889567852020264,1.9858623388755583
2025-03-07 12:00:00+00:00,6.27,1.0904327630996704,3.252105630578257,-0.9248834848403931,2.7240892530100465
2025-03-07 13:00:00+00:00,0.14,1.1039495468139648,0.2746506072147646,-0.963920533657074,4.0013542574906396
2025-03-07 14:00:00+00:00,-5.67,1.13248610496521,-3.0779457621630795,-0.9966907501220703,3.4892582718830045
2025-03-07 15:00:00+00:00,8.03,1.1365689039230347,1.653550369458632,-1.0051307678222656,0.5144234206405932
2025-03-07 16:00:00+00:00,-61.86,1.1584298610687256,-16.197019598789733,-1.0311825275421143,3.082385279733569
2025-03-07 17:00:00+00:00,-13.14,1.174401044845581,-13.442263353457335,-1.0444960594177246,1.0484708550152004
2025-03-07 18:00:00+00:00,56.8,1.1924561262130737,13.454634821364406,-1.0614781379699707,-2.6229471840576726
2025-03-10 09:00:00+00:00,-19.15,1.1729199886322021,-12.057034554730084,-1.072317361831665,-6.560304917666897
2025-03-10 10:00:00+00:00,-2.0,1.1624261140823364,-1.9450803849130338,-1.0745525360107422,6.000462897184807
2025-03-10 11:00:00+00:00,7.84,1.1631512641906738,2.6993081897027524,-1.092461109161377,-1.754017595907725
2025-03-10 12:00:00+00:00,5.05,1.16716730594635,3.8430448780761646,-1.0905252695083618,-4.243409129067899
2025-03-10 13:00:00+00:00,5.55,1.1683627367019653,3.3852678561931713,-1.1158469915390015,-1.9668754652491907
2025-03-10 14:00:00+00:00,-3.87,1.1704707145690918,-1.785508755124172,-1.1275311708450317,0.14718590553546218
2025-03-10 15:00:00+00:00,-1.17,1.1723963022232056,-1.2320583028274503,-1.1058087348937988,5.511362085146045
2025-03-10 16:00:00+00:00,-11.41,1.1447504758834839,-5.234711388016345,-1.1201413869857788,-0.36250308749775395
2025-03-10 17:00:00+00:00,-3.71,1.1161669492721558,-2.9685125466650915,-1.1179656982421875,1.9025465335837912
2025-03-10 18:00:00+00:00,-11.1,1.086681842803955,-6.307285524502798,-1.12222421169281,7.018864949511709
2025-03-11 09:00:00+00:00,11.24,1.0664125680923462,0.5161971184027342,-1.144899606704712,-5.3680453861548125
2025-03-11 10:00:00+00:00,3.54,1.0474748611450195,1.906325702624723,-1.1146095991134644,2.7117254009537572
2025-03-11 11:00:00+00:00,-0.84,1.0424443483352661,-0.269538181824116,-1.112919807434082,1.2782497377147806
2025-03-11 12:00:00+00:00,1.21,1.0379419326782227,1.2656217750376928,-1.078872561454773,1.6218342205274756
2025-03-11 13:00:00+00:00,-16.32,1.027465581893921,-1.944203841415345,-1.0856924057006836,-4.145728865794694
2025-03-11 14:00:00+00:00,8.68,1.0123915672302246,2.182175081770812,-1.1289221048355103,0.12442025269819545
2025-03-11 15:00:00+00:00,3.79,0.9986441135406494,2.6940410011241194,-1.104346752166748,3.3546915134594073
2025-03-11 16:00:00+00:00,0.61,0.9900588989257812,1.1059196389679378,-1.1142034530639648,-4.2896114082121635
2025-03-11 17:00:00+00:00,-0.67,0.988534688949585,-1.6491484270321508,-1.1286283731460571,5.529547917798561
2025-03-11 18:00:00+00:00,-14.96,0.9533246755599976,-11.09634483269148,-1.131901741027832,0.675467962107736
2025-03-12 09:00:00+00:00,-16.89,0.89786297082901,-13.291687292093512,-1.1999273300170898,1.2439901917357528
2025-03-12 10:00:00+00:00,-3.6,0.8754783272743225,-3.470829023744563,-1.198266863822937,0.5998323405115435
2025-03-12 11:00:00+00:00,11.38,0.8384642601013184,3.0351161872479127,-1.2099367380142212,-3.049373235206334
2025-03-12 12:00:00+00:00,-5.62,0.8157947063446045,-3.0546453658968065,-1.1642738580703735,2.4828317780725886
2025-03-12 13:00:00+00:00,11.01,0.797110378742218,5.7640556241134435,-1.1158998012542725,-2.9127103502678597
2025-03-12 14:00:00+00:00,6.9,0.7773325443267822,5.379485543160611,-1.095523476600647,-0.37479726476069963
2025-03-12 15:00:00+00:00,-11.15,0.7591434121131897,-2.783434285024934,-1.0264497995376587,-0.3033569603141357
2025-03-12 16:00:00+00:00,1.86,0.7568266987800598,1.8805987470901766,-1.0154621601104736,-3.492881824337946
2025-03-12 17:00:00+00:00,4.09,0.749825119972229,-1.3846214957531087,-0.9638769626617432,3.9363398463124843
2025-03-12 18:00:00+00:00,-34.81,0.7506631016731262,-12.382333360420716,-0.9333986639976501,0.05687101946067408
2025-03-13 09:00:00+00:00,-7.34,0.7580945491790771,-8.292216193497707,-0.9352067112922668,-3.3189502702706477
2025-03-13 10:00:00+00:00,-13.87,0.7306457161903381,-9.530093650038685,-0.94033282995224,-2.70684244451809
2025-03-13 11:00:00+00:00,21.61,0.6828418374061584,11.162130510601896,-0.9573965668678284,-0.9705563296146931
2025-03-13 12:00:00+00:00,-11.03,0.6480727791786194,-9.957275217206462,-0.9244110584259033,-3.1746444349007845
2025-03-13 13:00:00+00:00,-21.42,0.6081831455230713,-12.065036465662935,-0.8619953393936157,3.6531482491142997
2025-03-13 14:00:00+00:00,-11.56,0.5731225609779358,-6.366021404970162,-0.8475688695907593,-0.2500261750702606
2025-03-13 15:00:00+00:00,12.73,0.5203577280044556,7.023068665589429,-0.7979096174240112,0.3352067903829763
2025-03-13 16:00:00+00:00,-0.95,0.4740011692047119,-0.9058620344108451,-0.7918628454208374,0.10459651587039609
2025-03-13 17:00:00+00:00,4.24,0.4441535174846649,5.190984487781663,-0.7241323590278625,-2.2579366506423786
2025-03-13 18:00:00+00:00,38.39,0.42233505845069885,15.926843307146452,-0.6793055534362793,3.7355669559530895
2025-03-14 09:00:00+00:00,-4.05,0.4150192439556122,-4.316118055061434,-0.6105632781982422,-3.8638377408762707
2025-03-14 10:00:00+00:00,-19.99,0.4270747900009155,-7.420356296657176,-0.5371973514556885,2.2677331867561175
2025-03-14 11:00:00+00:00,14.41,0.4388549029827118,5.555888741339892,-0.47281646728515625,2.0925765704892108
2025-03-14 12:00:00+00:00,8.64,0.4409468173980713,6.389136432378391,-0.3881300389766693,-0.9282807684355134
2025-03-14 13:00:00+00:00,2.71,0.46216246485710144,2.965363031329073,-0.39122137427330017,0.3090220476063479
2025-03-14 14:00:00+00:00,7.8,0.48208606243133545,6.576041820216744,-0.40273338556289673,3.719132004489245
2025-03-14 15:00:00+00:00,29.9,0.5093401074409485,13.492910445374159,-0.4414753019809723,0.8450901135814837
2025-03-14 16:00:00+00:00,-10.1,0.5360535979270935,3.7907929721528926,-0.45705506205558777,-6.179571386198237
2025-03-14 17:00:00+00:00,5.8,0.5609198212623596,5.460248709644301,-0.48322176933288574,-3.902676681383695
2025-03-14 18:00:00+00:00,58.16,0.5793564915657043,10.883266151771323,-0.46870481967926025,2.661428487205634
2025-03-17 09:00:00+00:00,-3.05,0.6027885675430298,0.976360935998303,-0.43671542406082153,-1.829521359021147
2025-03-17 10:00:00+00:00,6.54,0.638394832611084,-0.22028369410093654,-0.4095148742198944,0.00015986148537050493
2025-03-17 11:00:00+00:00,-6.39,0.6421874761581421,0.3822821678381004,-0.3763953149318695,-1.191201765365393
2025-03-17 12:00:00+00:00,-3.76,0.6395967602729797,0.9338423294500618,-0.3531368374824524,-0.2902177021885808
2025-03-17 13:00:00+00:00,-17.73,0.6489231586456299,1.9893163054154264,-0.34378117322921753,-3.804071204826254
2025-03-17 14:00:00+00:00,12.87,0.6773300766944885,-1.8423621924986664,-0.35150933265686035,-0.6260233722541549
2025-03-17 15:00:00+00:00,4.83,0.7060146331787109,-3.4041036137659293,-0.348106324672699,-0.15735177810430234
2025-03-17 16:00:00+00:00,-1.99,0.725408673286438,0.11360840571892769,-0.33488619327545166,-8.699637557783044
2025-03-17 17:00:00+00:00,0.63,0.7412546277046204,-2.0561284797847423,-0.352583110332489,-5.389432763138594
2025-03-17 18:00:00+00:00,18.23,0.7102445960044861,-7.134492503855129,-0.2969954013824463,1.3474877443593198
2025-03-18 09:00:00+00:00,-8.66,0.7389034628868103,-6.1046668774404385,-0.25794216990470886,-4.45680785632675
2025-03-18 10:00:00+00:00,-6.87,0.7603732347488403,-3.425862576023824,-0.23753662407398224,-0.9296424731237165
2025-03-18 11:00:00+00:00,2.71,0.7732015252113342,-6.549091672769121,-0.27944642305374146,3.901096459935092
2025-03-18 12:00:00+00:00,4.58,0.7719775438308716,-6.453270487316593,-0.27265214920043945,0.24181408853224984
2025-03-18 13:00:00+00:00,1.24,0.7707756161689758,-11.76817922079258,-0.2484070360660553,-4.550459935128933
2025-03-18 14:00:00+00:00,-0.47,0.7716479897499084,-5.008476344426144,-0.23249730467796326,4.43276273303555
2025-03-18 15:00:00+00:00,6.06,0.7705478072166443,-7.310589318160234,-0.2121899127960205,-2.8771309963534364
2025-03-18 16:00:00+00:00,9.16,0.7760353684425354,-3.9278257144704205,-0.22364775836467743,-1.5930789557258027
2025-03-18 17:00:00+00:00,-13.68,0.7800953984260559,-0.6240852275744291,-0.19462043046951294,-5.684940219512759
2025-03-18 18:00:00+00:00,-42.41,0.8017732501029968,-7.016793488171471,-0.1861671358346939,0.6839486035615596
2025-03-19 09:00:00+00:00,-13.8,0.8258931040763855,-9.799730879205798,-0.21406866610050201,0.10556130345274073
2025-03-19 10:00:00+00:00,9.65,0.8042072057723999,-4.3889895417035465,-0.17574425041675568,-3.0174150998018687
2025-03-19 11:00:00+00:00,-3.72,0.8032286167144775,-5.856713886858693,-0.16866065561771393,3.185626175012534
2025-03-19 12:00:00+00:00,-7.69,0.824413537979126,-6.710238861994048,-0.14980864524841309,-1.0261592130191488
2025-03-19 13:00:00+00:00,16.83,0.8509101867675781,-8.393310316798575,-0.13259807229042053,1.729251889126224
2025-03-19 14:00:00+00:00,16.3,0.8658208250999451,-4.421719257358335,-0.08004345744848251,1.310929266043072
2025-03-19 15:00:00+00:00,-0.41,0.889633059501648,-9.391419640616114,-0.05259239673614502,1.520828683091652
2025-03-19 16:00:00+00:00,-1.51,0.9266009330749512,-9.743475642821258,-0.05471213161945343,-5.000322409141898
2025-03-19 17:00:00+00:00,-0.94,0.9614146947860718,-12.728816759272409,-0.02224445715546608,4.793291353964301
2025-03-19 18:00:00+00:00,10.5,1.0042979717254639,-11.782666635710767,-0.03176495060324669,3.784414510092529
2025-03-20 09:00:00+00:00,-16.25,1.0436302423477173,-8.744123661769873,-0.01269832905381918,-6.046360190972648
2025-03-20 10:00:00+00:00,-1.29,1.0794569253921509,-4.1140059372651905,-0.0009533623233437538,-6.6888719442732505
2025-03-20 11:00:00+00:00,3.29,1.1083794832229614,-9.744638718912457,-0.007141901180148125,2.0842283307694522
2025-03-20 12:00:00+00:00,-8.22,1.121182918548584,-6.307256747612698,-0.00721294991672039,-0.9758091960751056
2025-03-20 13:00:00+00:00,-6.95,1.13179612159729,-7.993279911060199,-0.03379605710506439,2.0204416051350043
2025-03-20 14:00:00+00:00,-13.55,1.1427955627441406,-6.928263963355292,-0.02839197777211666,-5.443425628958178
2025-03-20 15:00:00+00:00,21.57,1.152347445487976,-5.065244254524136,-0.034598831087350845,3.064802048499601
2025-03-20 16:00:00+00:00,11.09,1.1736027002334595,-7.463166181393919,-0.044695764780044556,2.700785226321897
2025-03-20 17:00:00+00:00,-6.84,1.1836373805999756,-7.09926521190452,-0.025684813037514687,1.8379136383389194
2025-03-20 18:00:00+00:00,-1.44,1.2003271579742432,-5.32335670663795,-0.04191974923014641,0.8696392373051336
2025-03-21 09:00:00+00:00,6.65,1.212180495262146,-9.947215410771133,-0.04271300137042999,-3.112990190377779
2025-03-21 10:00:00+00:00,5.23,1.2112473249435425,-4.706429142742161,-0.04833461716771126,0.6632033548306022
2025-03-21 11:00:00+00:00,2.26,1.2200075387954712,-8.647519463544866,-0.051419731229543686,5.4121660955836735
2025-03-21 12:00:00+00:00,-17.73,1.2334415912628174,-8.99305176612985,-0.05963937193155289,-3.0612452440737563
2025-03-21 13:00:00+00:00,-2.26,1.2615203857421875,-1.6108042642471632,-0.05826748162508011,1.8132829727906463
2025-03-21 14:00:00+00:00,-8.16,1.2759088277816772,-10.615265946668682,-0.08334685117006302,-2.6994838126862666
2025-03-21 15:00:00+00:00,-9.09,1.2733452320098877,-8.746850355343394,-0.09911300987005234,2.2087579450470747
2025-03-21 16:00:00+00:00,-3.59,1.2657502889633179,-8.229178964026476,-0.11919409036636353,-1.0903486725715525
2025-03-21 17:00:00+00:00,-3.4,1.2567579746246338,-7.0614163491963575,-0.1428561508655548,-0.26707570388988466
2025-03-21 18:00:00+00:00,7.87,1.2211992740631104,-5.48176501414049,-0.15355077385902405,4.448994317557389
2025-03-24 09:00:00+00:00,-12.37,1.1795634031295776,-8.292154227908535,-0.18020199239253998,-3.284485563331481
2025-03-24 10:00:00+00:00,-2.8,1.1511155366897583,0.2820220033153822,-0.18952251970767975,1.5242331985361053
2025-03-24 11:00:00+00:00,2.2,1.127005934715271,-1.7172917341962708,-0.22498668730258942,0.45594872747887794
2025-03-24 12:00:00+00:00,-8.22,1.102285385131836,-3.86551748594515,-0.2360358089208603,-1.0647855168422264
2025-03-24 13:00:00+00:00,-0.72,1.0831573009490967,0.17903766331751095,-0.24442319571971893,-2.5322335002680956
2025-03-24 14:00:00+00:00,2.47,1.0751038789749146,-2.6368736959801433,-0.2622087597846985,0.011031057826605739
2025-03-24 15:00:00+00:00,-6.67,1.071465015411377,-1.6311057841633914,-0.29813143610954285,4.926262974322609
2025-03-24 16:00:00+00:00,4.94,1.0726208686828613,2.227262987763946,-0.3175921142101288,0.8008609318015677
2025-03-24 17:00:00+00:00,0.35,1.0661847591400146,-2.316132940873493,-0.2965361475944519,-0.3414389991396799
2025-03-24 18:00:00+00:00,10.49,1.065144658088684,-2.91886342604754,-0.28293514251708984,3.1827607242332543
2025-03-25 09:00:00+00:00,-7.5,1.0707999467849731,-5.971232741271687,-0.3045690059661865,2.0614894533635484
2025-03-25 10:00:00+00:00,2.57,1.080004096031189,-5.916989345195412,-0.3005756437778473,0.11409227884979489
2025-03-25 11:00:00+00:00,-33.41,1.0894447565078735,-5.871237585732399,-0.30383509397506714,-1.6623058599808516
2025-03-25 12:00:00+00:00,4.47,1.1079715490341187,-2.75760976932814,-0.2992286682128906,-3.057911058579612
2025-03-25 13:00:00+00:00,1.46,1.1141022443771362,-3.610823941009623,-0.30747541785240173,-3.3936657892739817
2025-03-25 14:00:00+00:00,-2.45,1.1196930408477783,-7.651720832187579,-0.3017212152481079,4.049878573410975
2025-03-25 15:00:00+00:00,-8.31,1.1304389238357544,-3.3454458024157123,-0.2895902395248413,0.9359887489143055
2025-03-25 16:00:00+00:00,9.04,1.1568169593811035,-8.7855510747602,-0.27890002727508545,-1.902237292809839
2025-03-25 17:00:00+00:00,9.6,1.1893630027770996,-4.66723774852246,-0.23604533076286316,-4.165974458773376
2025-03-25 18:00:00+00:00,34.55,1.2404754161834717,-2.5776425689404254,-0.1983167827129364,0.24591658353678314
2025-03-26 09:00:00+00:00,-17.31,1.2856805324554443,-6.226309165472911,-0.18349182605743408,-2.7051464574664497
2025-03-26 10:00:00+00:00,-3.09,1.3196203708648682,-2.1164611878044566,-0.15075461566448212,-0.03683655909971084
2025-03-26 11:00:00+00:00,8.78,1.3428730964660645,-3.338243093077906,-0.12579061090946198,1.7293878867239676
2025-03-26 12:00:00+00:00,-11.3,1.3571354150772095,-3.4030374737839053,-0.11065692454576492,-0.66397759466747
2025-03-26 13:00:00+00:00,-8.25,1.3809901475906372,-4.897785520184715,-0.08650703728199005,1.1528836836745424
2025-03-26 14:00:00+00:00,-2.67,1.403416633605957,-4.716577958159825,-0.05596866086125374,0.34009802434506997
2025-03-26 15:00:00+00:00,-6.3,1.4245589971542358,-6.412944201833653,-0.05915338918566704,5.719953616543087
2025-03-26 16:00:00+00:00,-9.03,1.4442057609558105,-1.040959544699021,-0.029088912531733513,-2.0678007024005067
2025-03-26 17:00:00+00:00,-3.69,1.4607453346252441,0.9454536269277106,-0.011494534090161324,-5.81588260348421
2025-03-26 18:00:00+00:00,-27.24,1.4901190996170044,-3.4305330693195706,0.005250923335552216,-2.2266132392900673
2025-03-27 09:00:00+00:00,-2.43,1.5204377174377441,-2.5469614548202286,0.018299300223588943,-2.2993315894533777
2025-03-27 10:00:00+00:00,-12.7,1.5249606370925903,1.0725305617139713,0.02038094773888588,-1.3849800559339411
2025-03-27 11:00:00+00:00,5.57,1.5309529304504395,1.5640905087218502,0.0250152088701725,0.006709477791594365
2025-03-27 12:00:00+00:00,4.03,1.5313799381256104,0.7605270570181991,0.005462970584630966,-2.4115473858777623
2025-03-27 13:00:00+00:00,-0.3,1.5245951414108276,2.65670479963514,0.005283517763018608,3.705959070116949
2025-03-27 14:00:00+00:00,-29.13,1.5202070474624634,3.4555280574094165,-0.004961739759892225,0.7191076539613362
2025-03-27 15:00:00+00:00,3.14,1.5163242816925049,2.0487224522071887,-0.007048512808978558,3.323991685496634
2025-03-27 16:00:00+00:00,-4.19,1.5172677040100098,2.2769667470841517,-0.014882885850965977,0.8339865014597105
2025-03-27 17:00:00+00:00,0.93,1.5164605379104614,-0.1821542006749207,0.009878594428300858,5.141829847832812
2025-03-27 18:00:00+00:00,-30.29,1.5143063068389893,-1.1875406141328937,0.003908327780663967,0.9015533775279325
2025-03-28 09:00:00+00:00,23.01,1.518538475036621,-8.801939071690208,-6.562285125255585e-05,4.801166275283865
2025-03-28 10:00:00+00:00,-18.63,1.5329898595809937,0.6290574693446387,0.027920138090848923,-0.6136069980895407
2025-03-28 11:00:00+00:00,-17.17,1.565185785293579,0.7565536483306198,0.06850674748420715,2.8314197799384813
2025-03-28 12:00:00+00:00,-3.87,1.5805879831314087,-0.41557129803497794,0.0736951157450676,3.1316557217204397
2025-03-28 13:00:00+00:00,-29.08,1.61326003074646,-1.0770706003537516,0.09795229136943817,2.9304747374606315
2025-03-28 14:00:00+00:00,6.34,1.641765832901001,4.546543348175202,0.11271535605192184,3.14018205293849
2025-03-28 15:00:00+00:00,0.53,1.670939564704895,-1.5026941033993753,0.15037286281585693,3.9173257136822044
2025-03-28 16:00:00+00:00,3.84,1.6850892305374146,-0.4358230029029324,0.16738896071910858,1.294553481578795
2025-03-28 17:00:00+00:00,6.98,1.7018274068832397,2.646366079477009,0.1790921837091446,2.8399568326741114
2025-03-28 18:00:00+00:00,-15.31,1.7273242473602295,2.4664425307727393,0.1938486397266388,1.2450003677955526
2025-03-31 09:00:00+00:00,-26.57,1.7689424753189087,-3.340088980478614,0.2189752608537674,3.2168469724261297
2025-03-31 10:00:00+00:00,-5.33,1.7935311794281006,0.3322674377460918,0.25775817036628723,5.88404926028354
2025-03-31 11:00:00+00:00,21.16,1.838512897491455,3.7582396115077183,0.2877790629863739,4.279055160884575
2025-03-31 12:00:00+00:00,9.15,1.8853037357330322,4.782790725731446,0.3068130910396576,2.362132017873439
2025-03-31 13:00:00+00:00,2.76,1.948412299156189,3.1367908146429504,0.3478724956512451,2.612260937982413
2025-03-31 14:00:00+00:00,-9.52,2.0215864181518555,4.583206204640507,0.3856329321861267,-1.4211855784863563
2025-03-31 15:00:00+00:00,5.61,2.104304552078247,3.1665274140396664,0.4357081651687622,2.022956593034425
2025-03-31 16:00:00+00:00,6.77,2.198674440383911,0.5657755403173387,0.47344771027565,-0.010660994329269535
2025-03-31 17:00:00+00:00,-1.01,2.2824602127075195,0.4702790389600956,0.5195885300636292,1.67388520097177
2025-03-31 18:00:00+00:00,20.58,2.360319137573242,-2.7049722099183473,0.5617726445198059,6.608999476173344
2025-04-01 09:00:00+00:00,-3.66,2.423035144805908,-1.5985653673713367,0.5884516835212708,0.5244275313729707
2025-04-01 10:00:00+00:00,-1.15,2.482895851135254,-0.8817709195900888,0.651225209236145,-1.1883138541653753
2025-04-01 11:00:00+00:00,7.68,2.5513265132904053,-0.5773991976220822,0.6823487877845764,-0.1271033606037018
2025-04-01 12:00:00+00:00,-18.94,2.598735809326172,-4.271326608684574,0.7092666625976562,0.81378786789187
2025-04-01 13:00:00+00:00,-31.19,2.627903699874878,-1.502839684661403,0.7441547513008118,0.7959249952509655
2025-04-01 14:00:00+00:00,-7.56,2.6512060165405273,-7.632428165256357,0.7820872068405151,0.05338339479484283
2025-04-01 15:00:00+00:00,-11.61,2.6740808486938477,3.7537348860104323,0.7971740365028381,1.1651671505953693
2025-04-01 16:00:00+00:00,20.58,2.6801600456237793,0.43648025146157055,0.7967433333396912,0.5770914527615411
2025-04-01 17:00:00+00:00,-23.66,2.672823905944824,-3.036750905567196,0.8221266865730286,3.0108060197557225
