Datetime,y_true,LSTM_att,CatBoost,Hybrid,SARIMAX
2023-11-10 13:00:00+00:00,-0.22,,-0.23556154409483182,,1.4848146671251679
2023-11-10 14:00:00+00:00,0.77,,0.7349260674383299,,0.8522149132720046
2023-11-10 15:00:00+00:00,-1.53,,-0.04760449506852443,,-1.755347623711243
2023-11-10 16:00:00+00:00,0.28,,0.27124776430521447,,-0.2961720043315078
2023-11-10 17:00:00+00:00,1.1,,0.8418616392325606,,0.7572353696219759
2023-11-10 18:00:00+00:00,0.81,,0.8251697711474524,,0.3159047699448769
2023-11-13 10:00:00+00:00,2.07,,1.7596905318495122,,1.6824597520372484
2023-11-13 11:00:00+00:00,0.69,,0.6979053463964966,,-0.2308346682492695
2023-11-13 12:00:00+00:00,-0.4,,0.18260570127069123,,0.13618311511887016
2023-11-13 13:00:00+00:00,3.29,,1.2036466430150996,,0.6948222762145512
2023-11-13 14:00:00+00:00,-1.84,,-1.8866662486043757,,0.6917683092354041
2023-11-13 15:00:00+00:00,1.53,,1.4260264012810868,,-0.041628533794856176
2023-11-13 16:00:00+00:00,1.11,,1.162082877729398,,3.0266705590089074
2023-11-13 17:00:00+00:00,2.73,,1.6523536846431546,,0.769483196763513
2023-11-13 18:00:00+00:00,-8.27,,-4.967545216508513,,0.9975988408235037
2023-11-14 10:00:00+00:00,1.16,,1.198581157727365,,0.3034343469106462
2023-11-14 11:00:00+00:00,-1.26,,-0.09952064992179904,,0.36364180960370485
2023-11-14 12:00:00+00:00,1.66,,1.145481793016804,,1.3095710782138963
2023-11-14 13:00:00+00:00,-0.74,,0.173021642281938,,1.9706225724181405
2023-11-14 14:00:00+00:00,2.31,,2.130509656626758,,2.315456650549351
2023-11-14 15:00:00+00:00,4.75,,2.2413377036303963,,2.781269310137655
2023-11-14 16:00:00+00:00,-0.69,,-0.06659777796106361,,4.4061361242615735
2023-11-14 17:00:00+00:00,0.62,,0.5557364591689193,,2.466096754203406
2023-11-14 18:00:00+00:00,0.26,,0.682354901145123,,-0.23530855185682573
2023-11-15 10:00:00+00:00,4.78,,3.9038022408831194,,-0.3328662674020265
2023-11-15 11:00:00+00:00,3.24,,3.1348275062094344,,0.6049420095245086
2023-11-15 12:00:00+00:00,3.39,,2.6093267556119013,,2.605123054290099
2023-11-15 13:00:00+00:00,1.13,,1.1351214630632367,,3.3801361881082856
2023-11-15 14:00:00+00:00,-2.04,,-0.8816573610714566,,1.824567895766596
2023-11-15 15:00:00+00:00,3.93,,2.3770372016046886,,0.005557448941463872
2023-11-15 16:00:00+00:00,1.56,,1.5680696206607154,,0.9979705245714505
2023-11-15 17:00:00+00:00,1.02,,1.0301368797471393,,0.6072475328095067
2023-11-15 18:00:00+00:00,-0.26,,-0.3328566093216237,,1.5633520610437293
2023-11-16 10:00:00+00:00,3.99,,1.4810982928329548,,0.8042566341927034
2023-11-16 11:00:00+00:00,-3.35,,-2.565195111464941,,0.9474619687915766
2023-11-16 12:00:00+00:00,-1.29,,-1.3196334453184781,,1.282772124019054
2023-11-16 13:00:00+00:00,0.61,,0.16397923525450045,,-0.16836488918858866
2023-11-16 14:00:00+00:00,-1.54,,-1.3158802081620509,,2.652792972999253
2023-11-16 15:00:00+00:00,3.22,,0.4641157277199235,,3.311341714623783
2023-11-16 16:00:00+00:00,-4.31,,-3.488974783583632,,-1.9369071620178335
2023-11-16 17:00:00+00:00,-2.09,,-2.2334954381651952,,-2.398751039125952
2023-11-16 18:00:00+00:00,-5.74,,-4.991820258156329,,-3.504384718551373
2023-11-17 10:00:00+00:00,-6.13,,-5.024729442400041,,-2.863639371015551
2023-11-17 11:00:00+00:00,3.29,,2.2626127680157437,,2.0982726829561646
2023-11-17 12:00:00+00:00,0.04,,0.06369274007260675,,-0.5818305630741092
2023-11-17 13:00:00+00:00,2.97,,1.9523130305680763,,3.534823932325359
2023-11-17 14:00:00+00:00,1.36,,1.2560091801394782,,0.2704503129362032
2023-11-17 15:00:00+00:00,-1.51,,-1.3100324172656361,,-1.5548683256873368
2023-11-17 16:00:00+00:00,-2.14,,-1.9692230609079577,,0.7442758088830697
2023-11-17 17:00:00+00:00,0.74,,0.7440277619648025,,0.8031318190853644
2023-11-17 18:00:00+00:00,16.67,,8.697485874709951,,3.939738899021609
2023-11-20 10:00:00+00:00,5.6,,5.1753671698188715,,-0.25649113290187253
2023-11-20 11:00:00+00:00,-2.21,,-2.221502128547477,,-1.6867480126609606
2023-11-20 12:00:00+00:00,-0.48,,-0.5021994061186259,,-0.039000735712883955
2023-11-20 13:00:00+00:00,-0.93,,-0.8423861608547215,,-1.1676070103797989
2023-11-20 14:00:00+00:00,0.25,,0.23641462795469204,,-0.6950832446885709
2023-11-20 15:00:00+00:00,0.96,,0.7996900450449408,,-0.6941656103767586
2023-11-20 16:00:00+00:00,0.63,,0.625628990836239,,-0.9172342437944992
2023-11-20 17:00:00+00:00,-0.08,,-0.16649271100751567,,0.20084832885198628
2023-11-20 18:00:00+00:00,7.84,,4.280510055892753,,1.642977276835316
2023-11-21 10:00:00+00:00,-4.64,0.2195032835006714,-4.646981510986952,-0.5601257085800171,-2.696196270135724
2023-11-21 11:00:00+00:00,-1.4,0.307963103055954,-1.29475871431225,-0.6105028986930847,2.9650097597677165
2023-11-21 12:00:00+00:00,1.12,0.3812008500099182,1.1133642963222559,-0.6622917056083679,0.012445569834896475
2023-11-21 13:00:00+00:00,2.6,0.4343344569206238,2.4256953910568857,-0.7196370363235474,-0.7803200881882488
2023-11-21 14:00:00+00:00,-0.6,0.4970650374889374,-0.1749002092598505,-0.7693862915039062,0.5299365068725864
2023-11-21 15:00:00+00:00,3.48,0.562800943851471,3.085516765267229,-0.8051018714904785,-0.01904165163619226
2023-11-21 16:00:00+00:00,1.88,0.6087660193443298,1.8795349103354086,-0.8368019461631775,-0.3750294686420604
2023-11-21 17:00:00+00:00,1.6,0.6513118743896484,1.6016161148535324,-0.8528571724891663,-0.26583061145368625
2023-11-21 18:00:00+00:00,4.2,0.6848660111427307,2.860541884721462,-0.8694061040878296,-0.6197061996989293
2023-11-22 10:00:00+00:00,-4.86,0.7107875943183899,-4.6041881760024,-0.8765839338302612,-0.5675356439818093
2023-11-22 11:00:00+00:00,0.41,0.7415524125099182,0.4093180654383749,-0.8940903544425964,1.1323021024372073
2023-11-22 12:00:00+00:00,0.33,0.7689614295959473,0.3175291895582648,-0.9119035601615906,0.7862884131813759
2023-11-22 13:00:00+00:00,-1.31,0.7909260392189026,-1.1138584124537858,-0.93375563621521,-1.7488712494617207
2023-11-22 14:00:00+00:00,-0.27,0.8036968111991882,-0.3370648318483894,-0.9474404454231262,-3.3117024635479675
2023-11-22 15:00:00+00:00,-1.05,0.808106541633606,-1.017900373535737,-0.9715871810913086,-2.0592595812625163
2023-11-22 16:00:00+00:00,-0.69,0.8003095984458923,-0.6865953915272944,-0.9921231865882874,-1.7929892901685145
2023-11-22 17:00:00+00:00,0.79,0.7859837412834167,0.8376014662233191,-1.0205693244934082,-0.9371117267096054
2023-11-22 18:00:00+00:00,3.96,0.7736043334007263,2.3649370407942407,-1.0467619895935059,0.11261488632253132
2023-11-23 10:00:00+00:00,0.41,0.7696705460548401,0.3507555899922256,-1.0685768127441406,0.08322326456751171
2023-11-23 11:00:00+00:00,-2.1,0.7622156739234924,-1.969701521461034,-1.0808614492416382,-2.9042575587749346
2023-11-23 12:00:00+00:00,-2.44,0.7634804248809814,-2.4473877339704755,-1.0940748453140259,-1.0580976439164964
2023-11-23 13:00:00+00:00,-0.14,0.7648019194602966,-0.20027883254539558,-1.0983121395111084,-0.29744553805566865
2023-11-23 14:00:00+00:00,-1.9,0.7610438466072083,-1.8999958339986072,-1.0976591110229492,-0.1273517763376735
2023-11-23 15:00:00+00:00,-0.71,0.7544367909431458,-0.7518461635175703,-1.0983394384384155,1.8840085624451968
2023-11-23 16:00:00+00:00,-1.55,0.740567684173584,-1.5474488299379074,-1.102013111114502,-0.09308308287469494
2023-11-23 17:00:00+00:00,1.5,0.7345759868621826,0.4713330672553857,-1.106410264968872,0.02787107580137979
2023-11-23 18:00:00+00:00,-5.43,0.7345473170280457,-4.186572681983399,-1.1114131212234497,0.9886323151512552
2023-11-24 10:00:00+00:00,6.88,0.7227635979652405,3.8135677389365785,-1.1101261377334595,2.576602247568867
2023-11-24 11:00:00+00:00,-8.95,0.7099295854568481,-6.768717736578734,-1.1166915893554688,-5.689770809045664
2023-11-24 12:00:00+00:00,0.17,0.706193208694458,0.08415854260452474,-1.1200765371322632,-1.8612384269329207
2023-11-24 13:00:00+00:00,-2.61,0.6960952877998352,-2.3458134473283314,-1.1141915321350098,-3.8949473419154397
2023-11-24 14:00:00+00:00,-2.74,0.6848561763763428,-2.4808791658693004,-1.1179143190383911,-2.455278181514339
2023-11-24 15:00:00+00:00,2.39,0.6671851873397827,2.2408429537971397,-1.1198787689208984,1.4870676948408619
2023-11-24 16:00:00+00:00,4.09,0.6598288416862488,2.1514520934963848,-1.1225558519363403,1.182559566323028
2023-11-24 17:00:00+00:00,0.38,0.662935733795166,0.3790002703998143,-1.1185234785079956,0.023393517211397572
2023-11-24 18:00:00+00:00,-0.67,0.6668064594268799,-0.6695163922333928,-1.1110080480575562,-1.2806520933301364
2023-11-27 10:00:00+00:00,1.11,0.6701376438140869,0.7909324786950866,-1.1036524772644043,-2.8190610886664094
2023-11-27 11:00:00+00:00,-3.0,0.6738765835762024,-2.2538551860063865,-1.095720648765564,-4.014168981812519
2023-11-27 12:00:00+00:00,-0.81,0.6792985200881958,-0.803646904929561,-1.079314947128296,-1.6746897176002453
2023-11-27 13:00:00+00:00,1.41,0.6777345538139343,0.3861954323100958,-1.0612996816635132,0.8096641095888669
2023-11-27 14:00:00+00:00,-2.86,0.6746507287025452,-2.452975286729673,-1.0533459186553955,-1.5751990296342855
2023-11-27 15:00:00+00:00,-3.05,0.6714389324188232,-3.0523652572036064,-1.0401015281677246,-0.5813358946074123
2023-11-27 16:00:00+00:00,-2.69,0.6759414076805115,-2.662244699805446,-1.0237079858779907,-2.0451676706231243
2023-11-27 17:00:00+00:00,-0.54,0.6637187004089355,-0.6772631614206833,-1.0033785104751587,0.16821926579830423
2023-11-27 18:00:00+00:00,-6.79,0.6435408592224121,-3.7390313699797715,-0.9910303354263306,-0.23670954751160334
2023-11-28 10:00:00+00:00,2.11,0.6097264885902405,1.7867032804090288,-0.9915168285369873,0.18289932709485374
2023-11-28 11:00:00+00:00,1.26,0.5808948874473572,1.2741708272179657,-0.9882048964500427,1.106388835889684
2023-11-28 12:00:00+00:00,-1.29,0.5581232905387878,-1.1662004429435213,-0.9886809587478638,1.0006680581543173
2023-11-28 13:00:00+00:00,1.04,0.543947160243988,0.9672278592240813,-1.0008645057678223,0.648075507080975
2023-11-28 14:00:00+00:00,1.79,0.5435304045677185,1.5654019395106376,-1.0095241069793701,0.7397691686678141
2023-11-28 15:00:00+00:00,-4.69,0.5354040265083313,-2.279010991653026,-1.0152175426483154,-2.6319576035898473
2023-11-28 16:00:00+00:00,3.7,0.5242992043495178,2.1414325562705323,-1.013118863105774,0.7873464795787226
2023-11-28 17:00:00+00:00,-0.57,0.5179948806762695,-0.5875103523793456,-1.0190984010696411,0.5907972034719225
2023-11-28 18:00:00+00:00,-0.65,0.5127122402191162,-0.6639817951130441,-1.0421205759048462,0.3638444493506256
2023-11-29 10:00:00+00:00,-1.36,0.5031073689460754,-1.2908960362599258,-1.0633790493011475,2.8293220488489395
2023-11-29 11:00:00+00:00,-1.26,0.49493327736854553,-1.2577622899004148,-1.0722229480743408,-2.1424490627633395
2023-11-29 12:00:00+00:00,0.8,0.47514069080352783,0.6408188466698262,-1.070357322692871,-2.6510451297615387
2023-11-29 13:00:00+00:00,4.46,0.45454099774360657,2.9438391696721387,-1.0740318298339844,2.537933598873155
2023-11-29 14:00:00+00:00,4.25,0.4268490672111511,2.964572183265274,-1.0748388767242432,2.6727470335755683
2023-11-29 15:00:00+00:00,-1.21,0.4038894474506378,-1.170385460955814,-1.0799733400344849,-1.9768972135692047
2023-11-29 16:00:00+00:00,-0.95,0.38850173354148865,-0.9589268597821068,-1.0889827013015747,0.1813658239960088
2023-11-29 17:00:00+00:00,-4.68,0.35980451107025146,-4.547566053547618,-1.095435380935669,-3.615665826204585
2023-11-29 18:00:00+00:00,-4.32,0.33400657773017883,-4.023621574174749,-1.103971242904663,-3.014262594233501
2023-11-30 10:00:00+00:00,-1.11,0.3077225685119629,-1.1128300672065095,-1.1051641702651978,1.5765682049950704
2023-11-30 11:00:00+00:00,0.63,0.2805507481098175,0.629453391618579,-1.095553994178772,-0.23408787344818477
2023-11-30 12:00:00+00:00,3.2,0.2504824101924896,2.4060598072606676,-1.0951619148254395,0.5401341732326705
2023-11-30 13:00:00+00:00,-1.54,0.2252979278564453,-1.5659686176758663,-1.1065880060195923,-1.3086332875550883
2023-11-30 14:00:00+00:00,-1.24,0.19496843218803406,-1.2457254668414506,-1.110376000404358,-1.1937141965322438
2023-11-30 15:00:00+00:00,-7.29,0.17517000436782837,-6.6993677666035545,-1.1206265687942505,-3.55100293162843
2023-11-30 16:00:00+00:00,-2.44,0.16083571314811707,-2.4434302053516643,-1.1242566108703613,0.40321377613879844
2023-11-30 17:00:00+00:00,1.11,0.14666648209095,0.4140253860864465,-1.1242337226867676,-0.24386460553707243
2023-11-30 18:00:00+00:00,-5.95,0.12699389457702637,-5.387521647823493,-1.1240379810333252,-3.248967051798759
2023-12-01 10:00:00+00:00,-2.0,0.10818381607532501,-2.0632101440483264,-1.1308282613754272,-3.2257180405889727
2023-12-01 11:00:00+00:00,-2.54,0.10144244134426117,-2.5141306001336603,-1.1285487413406372,0.2786188630672552
2023-12-01 12:00:00+00:00,0.11,0.09764774888753891,0.06246543494174789,-1.1213586330413818,-1.7978180985915833
2023-12-01 13:00:00+00:00,-1.18,0.09501931071281433,-1.2902635716078066,-1.1194171905517578,-0.17856566336814994
2023-12-01 14:00:00+00:00,-4.05,0.09775388985872269,-3.5126047423777083,-1.115752100944519,-1.8461497775002205
2023-12-01 15:00:00+00:00,-1.58,0.10058903694152832,-1.5833712413187193,-1.1057000160217285,0.8508970217675569
2023-12-01 16:00:00+00:00,-3.15,0.09605934470891953,-3.1572332454305108,-1.0977762937545776,-1.466157602989565
2023-12-01 17:00:00+00:00,0.61,0.09197541326284409,-0.7248168159479008,-1.1022758483886719,1.9658503833919656
2023-12-01 18:00:00+00:00,-12.55,0.08617313951253891,-9.178118434190022,-1.1043188571929932,-1.547172986362034
2023-12-04 10:00:00+00:00,-0.18,0.08515838533639908,-0.18062957003087948,-1.1088060140609741,-2.148911303224375
2023-12-04 11:00:00+00:00,4.04,0.08877295255661011,2.0431014430047765,-1.1116080284118652,1.2771994404396287
2023-12-04 12:00:00+00:00,-4.03,0.095118947327137,-3.0260078820954814,-1.1134228706359863,-3.005754619878061
2023-12-04 13:00:00+00:00,1.64,0.10201478749513626,1.0292803969041717,-1.1163818836212158,1.4284299402690515
2023-12-04 14:00:00+00:00,0.01,0.10200958698987961,-0.3223196004235255,-1.1217833757400513,-1.907022035232515
2023-12-04 15:00:00+00:00,-4.09,0.10351954400539398,-3.607459900091924,-1.1202197074890137,-0.0315632693152985
2023-12-04 16:00:00+00:00,-2.48,0.10185864567756653,-2.4752440647765,-1.118107795715332,-1.7589678141132576
2023-12-04 17:00:00+00:00,-0.65,0.09645789116621017,-0.9539718183319301,-1.1165114641189575,-2.1145313684719995
2023-12-04 18:00:00+00:00,-4.93,0.0928429439663887,-4.223721445149341,-1.1122004985809326,-2.418710398896716
2023-12-05 10:00:00+00:00,-4.22,0.08916238695383072,-4.15747911202273,-1.105239987373352,-1.2879658652927923
2023-12-05 11:00:00+00:00,-1.15,0.08195388317108154,-1.1721973602838056,-1.0970873832702637,0.9648320359034095
2023-12-05 12:00:00+00:00,4.9,0.06533931940793991,2.779848571570929,-1.0950056314468384,-0.5237590029722023
2023-12-05 13:00:00+00:00,0.87,0.047230783849954605,0.8410663306836195,-1.0924795866012573,-0.7258669188980073
2023-12-05 14:00:00+00:00,-5.76,0.026738805696368217,-3.55120441381062,-1.0798574686050415,-0.10023353561781036
2023-12-05 15:00:00+00:00,-0.27,0.006864343769848347,-0.3694623271459629,-1.0651456117630005,0.35596087469387155
2023-12-05 16:00:00+00:00,0.55,-0.011152924038469791,0.40143913849995677,-1.052872657775879,-2.321270589569262
2023-12-05 17:00:00+00:00,-0.85,-0.023673702031373978,-0.8570894784594649,-1.042288064956665,-2.266852362685897
2023-12-05 18:00:00+00:00,-7.16,-0.02895251475274563,-6.463806148295678,-1.0285190343856812,-3.080096215154587
2023-12-06 10:00:00+00:00,-2.91,-0.032212041318416595,-3.0881120170016647,-1.016467809677124,0.4720298262574009
2023-12-06 11:00:00+00:00,-7.92,-0.033579424023628235,-7.665840902557132,-1.0089396238327026,-1.765172186525988
2023-12-06 12:00:00+00:00,4.59,-0.03448357805609703,4.144619772240687,-0.9961273670196533,-0.6518109788687418
2023-12-06 13:00:00+00:00,2.97,-0.04839683696627617,2.801919105805194,-0.9840127825737,1.0877895764444434
2023-12-06 14:00:00+00:00,1.45,-0.05265364795923233,1.45485192606993,-0.9767904877662659,-0.2436422981652989
2023-12-06 15:00:00+00:00,-5.08,-0.05726531147956848,-4.880352413765462,-0.9680428504943848,-3.4572980381901726
2023-12-06 16:00:00+00:00,-7.38,-0.046921636909246445,-7.114202535314859,-0.9543153047561646,-2.7643046315666173
2023-12-06 17:00:00+00:00,0.59,-0.034409407526254654,0.48198669646842396,-0.9422188997268677,-0.7444901028591908
2023-12-06 18:00:00+00:00,-5.0,-0.022775869816541672,-4.841657889762622,-0.9318715333938599,-3.1198976786528836
2023-12-07 10:00:00+00:00,-1.07,-0.008997008204460144,-1.0650124092543227,-0.9153186678886414,-0.5584535612143628
2023-12-07 11:00:00+00:00,0.74,-0.004542973358184099,0.7457608142231484,-0.9043133854866028,2.3873193008388536
2023-12-07 12:00:00+00:00,1.39,-0.007007461506873369,1.3278977606820088,-0.8940179944038391,2.4138129262969734
2023-12-07 13:00:00+00:00,-3.03,-0.015556210651993752,-2.602911614482583,-0.8865916132926941,-2.355489367869112
2023-12-07 14:00:00+00:00,4.31,-0.024218907579779625,3.3434998171067494,-0.8775044679641724,2.0413032228776267
2023-12-07 15:00:00+00:00,2.38,-0.029706470668315887,2.3791917333550177,-0.8741592168807983,-1.3400235814364967
2023-12-07 16:00:00+00:00,1.46,-0.04384428262710571,1.6108405588632346,-0.8577325940132141,0.8024398971037031
2023-12-07 17:00:00+00:00,4.75,-0.05369795858860016,4.647028261051143,-0.8507158160209656,2.9610072802817466
2023-12-07 18:00:00+00:00,7.39,-0.059408217668533325,4.9523743667787175,-0.8507326245307922,0.5438884058583645
2023-12-08 10:00:00+00:00,2.12,-0.064303919672966,2.061073045005398,-0.8352804183959961,0.44934577932427877
2023-12-08 11:00:00+00:00,0.73,-0.06767776608467102,0.7620873689907438,-0.8109528422355652,2.116930518275239
2023-12-08 12:00:00+00:00,1.75,-0.07925925403833389,1.7272142887088004,-0.7830254435539246,1.6037210280636256
2023-12-08 13:00:00+00:00,2.39,-0.10616619139909744,1.4020086298629497,-0.7548091411590576,0.30612580716292054
2023-12-08 14:00:00+00:00,-7.76,-0.09773176163434982,-7.044962005303526,-0.718666136264801,-1.5705370466139412
2023-12-08 15:00:00+00:00,-2.35,-0.08943609893321991,-2.365747662041131,-0.6959848999977112,-2.1225686501737027
2023-12-08 16:00:00+00:00,0.38,-0.06922750174999237,0.24782593012231116,-0.6482343673706055,0.3764916630705139
2023-12-08 17:00:00+00:00,-1.58,-0.032917480915784836,-1.2699473203137246,-0.6114217042922974,-3.393872068461678
2023-12-08 18:00:00+00:00,1.59,-0.01049655769020319,1.5765644694950744,-0.5703856945037842,-0.9611323046028478
2023-12-11 10:00:00+00:00,1.94,0.02100345306098461,1.6439261276578585,-0.5217045545578003,-0.5360676395863878
2023-12-11 11:00:00+00:00,0.47,0.05376628413796425,0.55364355891561,-0.48112714290618896,0.3371612585539801
2023-12-11 12:00:00+00:00,1.02,0.09304481744766235,1.0082995111618247,-0.4413684010505676,1.2809298066203836
2023-12-11 13:00:00+00:00,0.74,0.1533995419740677,0.7307653311787026,-0.3892509937286377,0.1273290505165801
2023-12-11 14:00:00+00:00,-8.87,0.2198731005191803,-4.106060728676672,-0.33334726095199585,-2.9653250857501905
2023-12-11 15:00:00+00:00,0.96,0.26994091272354126,0.8593424617187071,-0.28632092475891113,-0.9232936905689054
2023-12-11 16:00:00+00:00,-1.12,0.3341190218925476,-1.1206703407369425,-0.23032715916633606,-1.0742782696338082
2023-12-11 17:00:00+00:00,-3.06,0.38964176177978516,-2.594643554755692,-0.18556876480579376,-0.13260635549720737
2023-12-11 18:00:00+00:00,4.3,0.4463205635547638,3.889177281940446,-0.13797466456890106,3.5228702799871776
2023-12-12 10:00:00+00:00,-4.27,0.49396827816963196,-2.6215419116937846,-0.09185467660427094,0.8256270431984076
2023-12-12 11:00:00+00:00,3.97,0.5332013964653015,3.922217352090509,-0.039384953677654266,3.3734801712632247
2023-12-12 12:00:00+00:00,4.64,0.5689003467559814,4.42852789805811,-0.0020915961358696222,1.1872378253726634
2023-12-12 13:00:00+00:00,9.48,0.6221006512641907,4.818570215858705,0.03348119556903839,1.4294548431827183
2023-12-12 14:00:00+00:00,-1.24,0.6565824151039124,-1.2625899743204834,0.06131105124950409,-0.512272039009986
2023-12-12 15:00:00+00:00,-3.93,0.6891229152679443,-3.0669414025946664,0.08808618783950806,-2.4527910192311175
2023-12-12 16:00:00+00:00,-2.36,0.707129716873169,-2.043005368039209,0.1146165207028389,-2.834579171720585
2023-12-12 17:00:00+00:00,-2.52,0.7011508345603943,-1.9408425469905173,0.1445138305425644,-3.4078321255880417
2023-12-12 18:00:00+00:00,1.19,0.691391110420227,1.1483408102452066,0.16689293086528778,1.2366847708598818
2023-12-13 10:00:00+00:00,4.44,0.6727784276008606,2.9333306049171255,0.18845133483409882,2.502383742826996
2023-12-13 11:00:00+00:00,2.15,0.6647586226463318,2.1364460034887403,0.20544974505901337,1.5214042058533659
2023-12-13 12:00:00+00:00,-0.1,0.6725121736526489,-0.09719337361140104,0.21527981758117676,0.4484345195044488
2023-12-13 13:00:00+00:00,3.19,0.6702505946159363,1.4212686810249293,0.2262382060289383,0.6704264551815082
2023-12-13 14:00:00+00:00,-2.67,0.6769647002220154,-2.6074123052013807,0.23291991651058197,-3.216013582131239
2023-12-13 15:00:00+00:00,-1.81,0.6809520125389099,-1.3167684423511967,0.24743898212909698,-0.24475242738640446
2023-12-13 16:00:00+00:00,0.64,0.6982069611549377,0.3461741223436733,0.26084402203559875,0.38058888087314807
2023-12-13 17:00:00+00:00,-0.38,0.717841625213623,-0.08905034235603762,0.2754872441291809,-0.19774967725839596
2023-12-13 18:00:00+00:00,7.78,0.7416320443153381,1.553849664104724,0.29009535908699036,3.6932770808714133
2023-12-14 10:00:00+00:00,1.54,0.7662466168403625,1.491731732869481,0.30201664566993713,3.2236668284660093
2023-12-14 11:00:00+00:00,-4.72,0.7822638154029846,-2.1661890650958755,0.3071846663951874,-1.306774818002197
2023-12-14 12:00:00+00:00,-0.42,0.792930543422699,-0.6432030456678463,0.3083026111125946,2.6813366316645393
2023-12-14 13:00:00+00:00,-1.09,0.8039639592170715,-1.1334583242957494,0.3100503087043762,1.5338299545608656
2023-12-14 14:00:00+00:00,-3.8,0.8192085027694702,-3.157010582797157,0.31440210342407227,-2.1045999073244706
2023-12-14 15:00:00+00:00,-2.83,0.8300674557685852,-2.8778106932693364,0.31859496235847473,-0.9833792190871323
2023-12-14 16:00:00+00:00,-4.02,0.8432163000106812,-3.4197343885325866,0.3334318995475769,0.06842677715662415
2023-12-14 17:00:00+00:00,0.34,0.8631595969200134,-0.7721634692698189,0.3388057053089142,0.153065482295266
2023-12-14 18:00:00+00:00,-10.18,0.8752761483192444,-7.026974746501263,0.3476366102695465,-1.7757259626088029
2023-12-15 10:00:00+00:00,-1.35,0.8927126526832581,-1.3180256503210601,0.35661178827285767,1.3678024224438121
2023-12-15 11:00:00+00:00,1.25,0.9054625034332275,1.1334475730849658,0.35726481676101685,3.1182625796692167
2023-12-15 12:00:00+00:00,6.28,0.920689046382904,5.625687572725993,0.36162498593330383,3.968827828145451
2023-12-15 13:00:00+00:00,4.7,0.9206276535987854,3.8722526190417628,0.3618173599243164,4.005782397351681
2023-12-15 14:00:00+00:00,-5.12,0.9255439043045044,-1.9656976981598633,0.365852415561676,1.3195555324554273
2023-12-15 15:00:00+00:00,5.57,0.9249743223190308,4.603559951341797,0.36621490120887756,-1.2776950027051992
2023-12-15 16:00:00+00:00,0.97,0.9313662052154541,1.3677969163500956,0.3719593584537506,-0.5315971389007379
2023-12-15 17:00:00+00:00,3.07,0.9366201162338257,3.0677077346365182,0.3821941018104553,1.435153593091118
2023-12-15 18:00:00+00:00,6.62,0.9404603838920593,4.878870653921798,0.39063578844070435,1.5581107719449525
2023-12-18 10:00:00+00:00,4.28,0.9477471113204956,3.415625787870805,0.3957281708717346,3.191369103367987
2023-12-18 11:00:00+00:00,-4.0,0.9496111273765564,-3.397202625390372,0.40447545051574707,1.649108457179345
2023-12-18 12:00:00+00:00,-1.0,0.9493057727813721,-0.847689502988797,0.41622796654701233,0.9205831975596577
2023-12-18 13:00:00+00:00,3.34,0.9428806900978088,1.7195974506377636,0.42744752764701843,1.0365558333549765
2023-12-18 14:00:00+00:00,-0.21,0.9417732954025269,-0.16853772047854187,0.4398314952850342,0.602713730297612
2023-12-18 15:00:00+00:00,3.72,0.9417405724525452,2.7352105779074813,0.45245617628097534,2.5844429407376035
2023-12-18 16:00:00+00:00,5.06,0.9489080905914307,1.8512975658122408,0.4643940329551697,2.543410287082908
2023-12-18 17:00:00+00:00,-2.95,0.9534358978271484,-1.8764006097668648,0.47367238998413086,-1.1450347671254593
2023-12-18 18:00:00+00:00,2.43,0.9573258757591248,2.4254471185893873,0.48108071088790894,1.2824823796917748
2023-12-19 10:00:00+00:00,3.74,0.9525856971740723,2.312843373225702,0.4869164526462555,-0.03711223014639577
2023-12-19 11:00:00+00:00,-3.14,0.9274002313613892,-2.0379268252453495,0.4941362738609314,-2.2716514378717823
2023-12-19 12:00:00+00:00,-2.02,0.9076959490776062,-2.0332311354488026,0.49870166182518005,-0.9427369377295648
2023-12-19 13:00:00+00:00,-5.48,0.8830137252807617,-4.3059347112042206,0.5084908604621887,-1.8217481508703037
2023-12-19 14:00:00+00:00,-1.26,0.8554166555404663,-1.2804993837546135,0.5182722210884094,-0.8384612157082365
2023-12-19 15:00:00+00:00,2.05,0.8240270614624023,1.7879817198967385,0.5298845767974854,-2.60618956565458
2023-12-19 16:00:00+00:00,2.63,0.8084450960159302,2.1500066427608644,0.5424423217773438,-0.34571537186863494
2023-12-19 17:00:00+00:00,-0.05,0.7944134473800659,-0.0330717828318885,0.549206018447876,-2.8960628566930713
2023-12-19 18:00:00+00:00,7.09,0.7775624990463257,2.4084950516716033,0.5571712255477905,1.5893837797377544
2023-12-20 10:00:00+00:00,1.49,0.7589520812034607,1.2201361489593308,0.563531756401062,0.08765025268796478
2023-12-20 11:00:00+00:00,-1.59,0.7455159425735474,-1.3475608417347158,0.5748022198677063,-0.5780975729738925
2023-12-20 12:00:00+00:00,1.12,0.73624187707901,0.35022009120394576,0.586188554763794,0.31758953545444085
2023-12-20 13:00:00+00:00,-1.82,0.7297458648681641,-1.3549396405169563,0.5958293676376343,-1.208522355671149
2023-12-20 14:00:00+00:00,0.29,0.7163506746292114,-0.100410262292661,0.6026185154914856,0.2734548646130777
2023-12-20 15:00:00+00:00,-3.17,0.7000850439071655,-2.077674733118255,0.6130442023277283,-0.4944212660324167
2023-12-20 16:00:00+00:00,1.08,0.6980830430984497,-0.7111539600515626,0.622978150844574,0.6047535330590041
2023-12-20 17:00:00+00:00,-3.78,0.6851183772087097,-2.876338106223939,0.627685010433197,-2.235404133423837
2023-12-20 18:00:00+00:00,-9.23,0.664671003818512,-4.646908576094978,0.6346282362937927,-2.7481580657779814
2023-12-21 10:00:00+00:00,-1.96,0.6428741216659546,-2.185511302041516,0.6412467360496521,-1.1997566940869628
2023-12-21 11:00:00+00:00,-7.66,0.6319196224212646,-5.21802210089224,0.6474085450172424,-3.36170432702964
2023-12-21 12:00:00+00:00,-4.47,0.6222441792488098,-3.867807800526372,0.6521191000938416,1.0203646880063058
2023-12-21 13:00:00+00:00,2.0,0.6218411922454834,0.17961773304501572,0.6528778672218323,2.6221787088582915
2023-12-21 14:00:00+00:00,-9.5,0.6185537576675415,-6.885303453483997,0.652470588684082,-1.8694207129888993
2023-12-21 15:00:00+00:00,5.08,0.6235046982765198,4.331729343262081,0.6546478867530823,1.8993312265497642
2023-12-21 16:00:00+00:00,1.18,0.6290577054023743,1.124400097784814,0.6553109288215637,0.9345793338613859
2023-12-21 17:00:00+00:00,1.32,0.6282520294189453,1.4220145753415523,0.658621609210968,0.6897526126330488
2023-12-21 18:00:00+00:00,6.58,0.6236929893493652,4.486434921482627,0.6608383059501648,4.935622954352153
2023-12-22 10:00:00+00:00,2.72,0.6242409944534302,2.6990692589787186,0.6590918898582458,-0.43707614184742133
2023-12-22 11:00:00+00:00,2.27,0.6246441602706909,2.234621503295003,0.6586974263191223,-1.5504662125583604
2023-12-22 12:00:00+00:00,1.18,0.6084794402122498,1.1598848627198606,0.6595551371574402,0.25369260565138907
2023-12-22 13:00:00+00:00,-3.79,0.6005576848983765,-2.6383068263098863,0.6581966280937195,-0.056876437307255126
2023-12-22 14:00:00+00:00,-2.5,0.5884068608283997,-2.377005626343597,0.6554416418075562,-1.8122301706032546
2023-12-22 15:00:00+00:00,0.94,0.5774320960044861,0.7585398397586874,0.6502122282981873,0.9277894395714462
2023-12-22 16:00:00+00:00,1.18,0.5704600214958191,1.0503502552417947,0.644040048122406,0.9048347813333237
2023-12-22 17:00:00+00:00,-2.87,0.5651364326477051,-1.8855727232184294,0.6346466541290283,-0.3826670318837919
2023-12-22 18:00:00+00:00,5.73,0.5579344034194946,3.3807037752434117,0.6291469931602478,-0.5510080411568097
2023-12-25 10:00:00+00:00,-0.06,0.5511792898178101,-0.006207745987197866,0.6193423867225647,-1.091437091352724
2023-12-25 11:00:00+00:00,0.87,0.5408658981323242,0.3117169206478807,0.6119063496589661,0.1867235303787234
2023-12-25 12:00:00+00:00,-2.4,0.5341712236404419,-2.301057932642316,0.6032691597938538,-2.131190438900525
2023-12-25 13:00:00+00:00,-2.29,0.5336021780967712,-2.292690526900459,0.5869848728179932,-1.4928346021109775
2023-12-25 14:00:00+00:00,-2.13,0.5331092476844788,-2.1246899166055453,0.5807145833969116,-0.9377935175354546
2023-12-25 15:00:00+00:00,5.17,0.5390254259109497,4.312221235350746,0.5875260233879089,0.2897089015711978
2023-12-25 16:00:00+00:00,1.19,0.5486013889312744,0.5820188309954575,0.5941593647003174,-1.2941205781692062
2023-12-25 17:00:00+00:00,0.01,0.5565091967582703,0.01594681906260706,0.5957096815109253,-0.4473605328908194
2023-12-25 18:00:00+00:00,-3.73,0.5626062750816345,-2.6310402105664785,0.5951111316680908,-0.4469680035784699
2023-12-26 10:00:00+00:00,1.91,0.5685201287269592,1.4809904270811323,0.5930522680282593,2.8950024856415766
2023-12-26 11:00:00+00:00,-0.41,0.5793803334236145,-0.32609629878011925,0.592029869556427,-0.8411116704321623
2023-12-26 12:00:00+00:00,-1.46,0.5935813784599304,-0.6338388897867049,0.5873098373413086,1.3549851660862273
2023-12-26 13:00:00+00:00,2.01,0.6098858714103699,1.2031052975618688,0.5805167555809021,2.3191627922387936
2023-12-26 14:00:00+00:00,1.23,0.6212736964225769,1.2364938480146679,0.5736539959907532,0.8021860257501296
2023-12-26 15:00:00+00:00,-0.53,0.6320640444755554,-0.32463498107601085,0.5676665902137756,2.2879799650961417
2023-12-26 16:00:00+00:00,0.94,0.6375627517700195,0.7163022545393682,0.564408004283905,1.4876883103299388
2023-12-26 17:00:00+00:00,-0.58,0.6411875486373901,-0.5790172243239013,0.5595862865447998,-1.4957839774817216
2023-12-26 18:00:00+00:00,4.14,0.6368264555931091,3.01948175887982,0.5527677536010742,0.2271785719992867
2023-12-27 10:00:00+00:00,1.43,0.6267370581626892,1.2926659847007085,0.5469015836715698,0.6040562812708622
2023-12-27 11:00:00+00:00,-0.91,0.6279473900794983,-0.9739925499374213,0.5449874997138977,-0.4694824642434261
2023-12-27 12:00:00+00:00,-1.04,0.6179275512695312,-0.5762486473449406,0.5376852750778198,-0.3542233223199981
2023-12-27 13:00:00+00:00,1.34,0.6121551990509033,0.5832894898059008,0.5319430828094482,0.40566245132305656
2023-12-27 14:00:00+00:00,0.25,0.5909467935562134,0.2451043617281297,0.5224339962005615,-2.230364025881319
2023-12-27 15:00:00+00:00,0.53,0.5651490688323975,0.5250948235389458,0.5186012387275696,0.5453633823750028
2023-12-27 16:00:00+00:00,-0.68,0.5630907416343689,-0.5292672269539347,0.5205560326576233,2.237737783103342
2023-12-27 17:00:00+00:00,0.6,0.5649443864822388,0.6158123151324367,0.5127279162406921,-0.5878912343265387
2023-12-27 18:00:00+00:00,6.72,0.5672493577003479,3.447602516783099,0.5047916769981384,0.2682508251538192
2023-12-28 10:00:00+00:00,-2.52,0.5551033616065979,-1.0289395957961847,0.495191752910614,0.16488680359052116
2023-12-28 11:00:00+00:00,0.55,0.5462636947631836,0.8608483503858618,0.4827640950679779,1.023827685981645
2023-12-28 12:00:00+00:00,4.8,0.5404214262962341,3.35541015367102,0.471000075340271,3.2720741241071423
2023-12-28 13:00:00+00:00,3.9,0.5345278978347778,3.142796179895296,0.46063539385795593,2.8119649235634565
2023-12-28 14:00:00+00:00,2.71,0.5205899477005005,2.729855636806366,0.4533378481864929,3.96612107899815
2023-12-28 15:00:00+00:00,4.51,0.5145571827888489,2.7971715657534886,0.4454199969768524,1.9899919412449494
2023-12-28 16:00:00+00:00,-2.88,0.5170610547065735,-2.106240576993096,0.43005049228668213,1.4804652228845703
2023-12-28 17:00:00+00:00,4.43,0.5088468790054321,3.0910257754251376,0.4172787666320801,-0.18377179358072981
2023-12-28 18:00:00+00:00,-2.7,0.5113931894302368,-2.6403368564789846,0.4042412340641022,-0.49029762900495744
2023-12-29 10:00:00+00:00,3.07,0.5117095708847046,1.7269369155678178,0.3972310721874237,-0.7543633148537112
2023-12-29 11:00:00+00:00,-5.98,0.5129711627960205,-3.6750559381291326,0.3879645764827728,-0.34504661209371884
2023-12-29 12:00:00+00:00,0.98,0.5201582908630371,-0.2621155044016599,0.37924742698669434,-0.6244221640683211
2023-12-29 13:00:00+00:00,-2.63,0.5215974450111389,-2.123089789472583,0.36963075399398804,-1.486080867870091
2023-12-29 14:00:00+00:00,-1.88,0.5115683078765869,-1.8799110035715412,0.3672447204589844,-0.18245941890887266
2023-12-29 15:00:00+00:00,0.83,0.5197774171829224,0.4853660965543367,0.36443039774894714,1.0285532648571147
2023-12-29 16:00:00+00:00,-1.3,0.5351173877716064,-1.0035188515257236,0.37101560831069946,0.6832663632972975
2023-12-29 17:00:00+00:00,2.16,0.5420724749565125,0.23823014627547953,0.3788752853870392,-0.3491279621643326
2023-12-29 18:00:00+00:00,-6.77,0.5405250191688538,-4.947754210939914,0.3865527808666229,-2.073682776117848
2024-01-03 10:00:00+00:00,0.46,0.5257111191749573,0.015699059909745516,0.3879089951515198,-0.3110465910135963
2024-01-03 11:00:00+00:00,-1.26,0.5168958306312561,-1.2118749243071356,0.38249671459198,-3.5020048224190106
2024-01-03 12:00:00+00:00,-1.41,0.5100123882293701,-1.3581588320944962,0.38270825147628784,-4.253622585120731
2024-01-03 13:00:00+00:00,-1.11,0.5014437437057495,-1.1230156104753264,0.38719186186790466,-1.9803199044960615
2024-01-03 14:00:00+00:00,-1.27,0.502805233001709,-1.0681238686264238,0.39422768354415894,-0.36682738654692104
2024-01-03 15:00:00+00:00,2.87,0.501889705657959,1.9759632642177938,0.40906405448913574,1.6834651916351908
2024-01-03 16:00:00+00:00,0.4,0.4951455593109131,0.44668777643186,0.4252455234527588,1.3909021951482614
2024-01-03 17:00:00+00:00,-2.25,0.5020354390144348,-1.9353430034637826,0.4394942820072174,0.36915128458990853
2024-01-03 18:00:00+00:00,10.27,0.5369851589202881,1.467184242677694,0.45987027883529663,1.0182441200835333
2024-01-04 10:00:00+00:00,-0.45,0.5575992465019226,-0.6104322384126297,0.47886142134666443,-2.546027163867074
2024-01-04 11:00:00+00:00,1.05,0.5586487650871277,0.7294772806074065,0.5020818114280701,1.838814462635476
2024-01-04 12:00:00+00:00,-2.42,0.561780571937561,-0.8281892729822626,0.5181558132171631,2.1625439197075678
2024-01-04 13:00:00+00:00,-1.27,0.5683057904243469,-0.7850901670543077,0.5303405523300171,2.9044043211141917
2024-01-04 14:00:00+00:00,1.11,0.5638569593429565,1.0389143625074904,0.5379769802093506,2.198279564169616
2024-01-04 15:00:00+00:00,0.49,0.5552806854248047,0.4702642114632116,0.5488933324813843,-1.4389304852689324
2024-01-04 16:00:00+00:00,-1.41,0.5547559261322021,-0.8101845437838713,0.5564888715744019,0.8791215971124147
2024-01-04 17:00:00+00:00,1.6,0.5426985621452332,1.1863972646521108,0.5686430931091309,-0.9667736825565539
2024-01-04 18:00:00+00:00,0.64,0.5298194289207458,0.634682299040413,0.5784084796905518,0.8074947417833429
2024-01-05 10:00:00+00:00,-0.48,0.5166275501251221,-0.5324497309996804,0.5893136858940125,-1.3513689124388972
2024-01-05 11:00:00+00:00,0.65,0.5115123391151428,0.656806462316509,0.5977964401245117,-2.9346451147448978
2024-01-05 12:00:00+00:00,0.8,0.5032210350036621,0.6020005041048355,0.6097062230110168,0.5474537947661005
2024-01-05 13:00:00+00:00,-0.32,0.5191461443901062,-0.13137186206267198,0.6149898767471313,2.7529540920151576
2024-01-05 14:00:00+00:00,0.05,0.5231144428253174,0.19556432910615515,0.621584951877594,2.356351621451756
2024-01-05 15:00:00+00:00,0.72,0.5431588292121887,0.7655144869350743,0.6265568733215332,1.6301825420514013
2024-01-05 16:00:00+00:00,0.95,0.5509753823280334,1.0014162121485306,0.6324613690376282,3.4255983727889636
2024-01-05 17:00:00+00:00,2.23,0.5641472935676575,1.6903760582003313,0.6330844759941101,2.345977028640216
2024-01-05 18:00:00+00:00,2.67,0.564897894859314,2.1075953454684564,0.6394349336624146,1.111964753813846
2024-01-08 10:00:00+00:00,1.36,0.5772961974143982,1.3926958350346745,0.6493991613388062,1.1474421277797229
2024-01-08 11:00:00+00:00,2.0,0.5956374406814575,1.6698726848814633,0.6577386260032654,2.445976241378329
2024-01-08 12:00:00+00:00,1.32,0.6112876534461975,1.1846997909651917,0.6685033440589905,0.5235532379512049
2024-01-08 13:00:00+00:00,-6.25,0.6280068755149841,-3.223232092009069,0.6804502606391907,-1.0344004643362852
2024-01-08 14:00:00+00:00,-0.75,0.6375802159309387,-0.5556429234294681,0.6946293711662292,-1.4482164731260205
2024-01-08 15:00:00+00:00,-1.48,0.6357421875,-0.48421293808773114,0.7075209617614746,0.15683941983066324
2024-01-08 16:00:00+00:00,0.28,0.6507120132446289,0.5692160602021792,0.7206858396530151,1.0740121337730497
2024-01-08 17:00:00+00:00,3.22,0.6520937085151672,1.9466219783802043,0.7324831485748291,0.7276286487660066
2024-01-08 18:00:00+00:00,4.36,0.6461079716682434,2.0214792262608334,0.7434220314025879,1.5616582826540235
2024-01-09 10:00:00+00:00,1.57,0.6534685492515564,2.0173720679880054,0.7539112567901611,1.282451942495347
2024-01-09 11:00:00+00:00,3.62,0.6546751260757446,2.545045381384192,0.759616494178772,4.5988961916529
2024-01-09 12:00:00+00:00,4.18,0.6508623957633972,3.028570845931248,0.7647107243537903,3.0720109671575444
2024-01-09 13:00:00+00:00,0.97,0.6468057632446289,1.1768357838871282,0.7725233435630798,3.647738163988175
2024-01-09 14:00:00+00:00,2.01,0.6437422037124634,1.9146814274045414,0.7817496061325073,4.453893828321622
2024-01-09 15:00:00+00:00,1.76,0.6394067406654358,1.789691143297935,0.7916936278343201,3.022794955227088
2024-01-09 16:00:00+00:00,3.27,0.6326845288276672,2.3512664224074347,0.8065558671951294,1.1434816149163964
2024-01-09 17:00:00+00:00,-5.34,0.6309028267860413,-0.624826148285909,0.814760148525238,-1.0348730919589586
2024-01-09 18:00:00+00:00,8.47,0.6311916708946228,2.9680895052030594,0.8252605199813843,4.299255531387822
2024-01-10 10:00:00+00:00,3.57,0.6397491693496704,2.040346761821767,0.841271162033081,2.0077666908548726
2024-01-10 11:00:00+00:00,-2.06,0.644540548324585,-1.187715756303107,0.8537554740905762,-0.7233403716365394
2024-01-10 12:00:00+00:00,2.11,0.640113890171051,1.460396729583446,0.8639928698539734,0.49321904510843506
2024-01-10 13:00:00+00:00,0.53,0.6370840668678284,0.4053414476302513,0.8776246905326843,-0.2178710495632908
2024-01-10 14:00:00+00:00,-0.08,0.6290658712387085,-0.08038816933656182,0.8827555179595947,0.24824420698060035
2024-01-10 15:00:00+00:00,-1.42,0.617099404335022,0.08405276201249232,0.8849811553955078,2.2937452578721387
2024-01-10 16:00:00+00:00,0.17,0.614022970199585,0.3449520737933185,0.8870850205421448,-0.28834758003982114
2024-01-10 17:00:00+00:00,-1.9,0.602331817150116,-0.05345228985084616,0.8884776830673218,0.27266176011245896
2024-01-10 18:00:00+00:00,3.13,0.5759929418563843,1.4820571599771273,0.8835130333900452,0.5171695325046409
2024-01-11 10:00:00+00:00,1.67,0.5542412400245667,1.6853033079157382,0.8903120160102844,0.8594578463845535
2024-01-11 11:00:00+00:00,1.57,0.5423812866210938,1.5822650282965096,0.8766059875488281,0.6815616321301695
2024-01-11 12:00:00+00:00,3.11,0.523775041103363,2.0077393400969457,0.8688454031944275,3.9657289652737266
2024-01-11 13:00:00+00:00,0.48,0.5134227871894836,0.5267545118275397,0.8660842776298523,0.11485248799292729
2024-01-11 14:00:00+00:00,-1.26,0.5132309794425964,-0.18558846501144,0.8647084832191467,0.4236293495553004
2024-01-11 15:00:00+00:00,-2.43,0.5276119112968445,0.3259341406385003,0.8639733195304871,0.7036283137679736
2024-01-11 16:00:00+00:00,3.05,0.5448949337005615,2.7983813370048494,0.8718433976173401,-0.3370385081454217
2024-01-11 17:00:00+00:00,7.09,0.5703915357589722,3.6180916882475835,0.8774752020835876,1.0101150213994554
2024-01-11 18:00:00+00:00,4.17,0.5949599146842957,3.8342687393743837,0.876548171043396,2.0084566348690247
2024-01-12 10:00:00+00:00,3.53,0.6258045434951782,3.2647244687380823,0.8728907108306885,1.6766002978179644
2024-01-12 11:00:00+00:00,-0.24,0.6629732847213745,-0.1869492067579559,0.8580061793327332,-1.1575853374589593
2024-01-12 12:00:00+00:00,0.67,0.675409197807312,0.6768597952268242,0.8405659198760986,3.4260576945908
2024-01-12 13:00:00+00:00,1.81,0.6860191822052002,1.3581813221142012,0.8318251371383667,1.7734167847982376
2024-01-12 14:00:00+00:00,-4.37,0.7103067636489868,-2.7204880368500843,0.8288241624832153,-1.589677284407298
2024-01-12 15:00:00+00:00,0.59,0.7107053399085999,0.3681373869849873,0.8227400779724121,-1.2624472570754046
2024-01-12 16:00:00+00:00,0.32,0.7323713302612305,0.32092859623553305,0.8264331221580505,-1.1637543542713291
2024-01-12 17:00:00+00:00,-2.34,0.7423214912414551,-1.1660342213261188,0.8348963260650635,0.22999669509255616
2024-01-12 18:00:00+00:00,10.6,0.76811283826828,2.778184124453102,0.8456443548202515,1.7478548528925972
2024-01-15 10:00:00+00:00,-0.17,0.8008826971054077,-0.23936808135177012,0.8503159284591675,1.6175654643144857
2024-01-15 11:00:00+00:00,2.32,0.8290913105010986,0.903092117709243,0.8605028390884399,1.438757441726546
2024-01-15 12:00:00+00:00,-2.95,0.8453705310821533,-2.6738872112246654,0.8673298954963684,0.5340332777454758
2024-01-15 13:00:00+00:00,-0.11,0.8737799525260925,-0.24075908290523595,0.8719037175178528,2.577014021709954
2024-01-15 14:00:00+00:00,-4.09,0.9323320984840393,-2.7400399917864084,0.8770591020584106,-2.5989718952174936
2024-01-15 15:00:00+00:00,2.56,0.9760769605636597,1.3269219880675274,0.8713833093643188,0.902723010068123
2024-01-15 16:00:00+00:00,-2.53,0.9968028664588928,-2.1753250347412365,0.8727388381958008,-0.19207897266480806
2024-01-15 17:00:00+00:00,3.58,1.0262916088104248,1.4459562826141796,0.8798126578330994,0.6900037326276773
2024-01-15 18:00:00+00:00,-5.32,1.0366727113723755,-4.154030441105377,0.8727312684059143,0.8261510620106232
2024-01-16 10:00:00+00:00,-0.62,1.0367408990859985,-0.6714920593765075,0.8861416578292847,2.303519264259309
2024-01-16 11:00:00+00:00,1.29,1.0490795373916626,0.7781180971584858,0.8966535329818726,0.9229828020138025
2024-01-16 12:00:00+00:00,-0.42,1.047690987586975,-0.4105755452529283,0.903576135635376,-0.45020303185188526
2024-01-16 13:00:00+00:00,-1.05,1.0810496807098389,-0.9523657900917499,0.9074408411979675,-1.3979732479817104
2024-01-16 14:00:00+00:00,-0.68,1.125163197517395,-0.6809872527047374,0.9046161770820618,-1.9783035967334899
2024-01-16 15:00:00+00:00,-0.94,1.1610116958618164,-0.9190841476548217,0.8987248539924622,-1.9252672548354601
2024-01-16 16:00:00+00:00,3.75,1.2056939601898193,1.8494592647725254,0.8755475878715515,1.417347591101708
2024-01-16 17:00:00+00:00,0.05,1.2690110206604004,-0.12856167414243064,0.8487321734428406,-0.14698207973616217
2024-01-16 18:00:00+00:00,-8.59,1.3253223896026611,-6.296019884866094,0.8133134245872498,0.4575953565848334
2024-01-17 10:00:00+00:00,5.83,1.3789218664169312,2.6178167808992976,0.7712169885635376,1.3933729852325893
2024-01-17 11:00:00+00:00,-3.9,1.4423065185546875,-3.6227808169390396,0.723085880279541,-2.2099341908731684
2024-01-17 12:00:00+00:00,-1.38,1.523843765258789,-1.3793933836370817,0.679569661617279,-0.9257469189227745
2024-01-17 13:00:00+00:00,-0.58,1.5696179866790771,-0.5932194801499507,0.6361813545227051,0.23163331490251632
2024-01-17 14:00:00+00:00,0.91,1.6072461605072021,0.756414832632462,0.6018441319465637,-2.321188894689194
2024-01-17 15:00:00+00:00,-2.06,1.6456371545791626,-2.065310887270174,0.5627047419548035,-0.9130390575192606
2024-01-17 16:00:00+00:00,-3.94,1.6605291366577148,-2.9811978408403,0.5239365696907043,0.16901422051297474
2024-01-17 17:00:00+00:00,2.15,1.6648434400558472,2.14061894310583,0.47837141156196594,1.6667914214329653
2024-01-17 18:00:00+00:00,3.24,1.6714961528778076,3.118587331455877,0.4419606328010559,1.7596233642129155
2024-01-18 10:00:00+00:00,1.28,1.693042278289795,1.1625249768470334,0.39968764781951904,0.8670249996623798
2024-01-18 11:00:00+00:00,-0.33,1.709641933441162,-0.320766407695381,0.3515826165676117,-1.622469641249839
2024-01-18 12:00:00+00:00,-0.27,1.7172164916992188,-0.2799737041923078,0.308920294046402,-0.0634442445351851
2024-01-18 13:00:00+00:00,-1.57,1.735226035118103,-1.5668580912335277,0.2633724510669708,-1.5872241269901788
2024-01-18 14:00:00+00:00,-1.74,1.7591370344161987,-1.7524489034124529,0.23552604019641876,1.0212803938869344
2024-01-18 15:00:00+00:00,-5.45,1.7945834398269653,-4.38143884145917,0.19697721302509308,-0.31254230338365235
2024-01-18 16:00:00+00:00,0.4,1.8105767965316772,0.4003242536091565,0.16896314918994904,-1.0039906489275663
2024-01-18 17:00:00+00:00,-0.35,1.819149136543274,-0.48384472900441666,0.1455354541540146,-1.1308770806031105
2024-01-18 18:00:00+00:00,-1.63,1.8199217319488525,-1.5091870307573945,0.12256336957216263,-0.15491383970706069
2024-01-19 10:00:00+00:00,0.29,1.8108466863632202,0.3034870979826894,0.10691987723112106,-0.6700362818115613
2024-01-19 11:00:00+00:00,4.63,1.8106297254562378,2.445222147241789,0.0935804471373558,0.8327713118592474
2024-01-19 12:00:00+00:00,-1.61,1.7993793487548828,-1.4357040918338932,0.08681397885084152,-0.20651753823752086
2024-01-19 13:00:00+00:00,2.64,1.7976710796356201,1.4954943064921122,0.0765831395983696,1.0404636250848123
2024-01-19 14:00:00+00:00,-2.52,1.7979257106781006,-1.9525193754563355,0.06505759805440903,0.8168791946360343
2024-01-19 15:00:00+00:00,-0.2,1.8070645332336426,-0.23134516963587465,0.055365461856126785,0.3688525532399014
2024-01-19 16:00:00+00:00,4.17,1.8141989707946777,2.0375687575500976,0.037896379828453064,3.3159597032386707
2024-01-19 17:00:00+00:00,-0.7,1.8013726472854614,-0.40973683339473055,0.018772713840007782,0.8061288433455414
2024-01-19 18:00:00+00:00,2.77,1.7816799879074097,2.5443536655866352,-0.0009296176140196621,-2.194109196762741
2024-01-22 10:00:00+00:00,2.29,1.7605522871017456,2.2973049406887616,-0.023473599925637245,-0.670514238269263
2024-01-22 11:00:00+00:00,0.41,1.7320197820663452,0.3437573374573034,-0.053749918937683105,0.5428646778438132
2024-01-22 12:00:00+00:00,2.98,1.7057266235351562,1.9999492331999775,-0.08113588392734528,2.1772899172578635
2024-01-22 13:00:00+00:00,-3.22,1.6883127689361572,-2.537198292636777,-0.10996450483798981,-0.9675224106375908
2024-01-22 14:00:00+00:00,2.74,1.6707484722137451,1.4960766384290964,-0.1275317370891571,1.189167839868358
2024-01-22 15:00:00+00:00,-0.31,1.6531578302383423,-0.334966726804661,-0.13945618271827698,-1.9918483059708565
2024-01-22 16:00:00+00:00,-0.29,1.6341757774353027,-0.283246107621017,-0.15359678864479065,0.06943280814188034
2024-01-22 17:00:00+00:00,-0.51,1.6196153163909912,-0.504872251044729,-0.16942615807056427,0.5698975416692889
2024-01-22 18:00:00+00:00,1.59,1.6035228967666626,0.9647567750824951,-0.18787115812301636,2.3734949886501404
2024-01-23 10:00:00+00:00,0.9,1.586595058441162,0.814402484194101,-0.20265139639377594,0.6149077709276676
2024-01-23 11:00:00+00:00,-2.07,1.5633251667022705,-2.065884843931374,-0.21136634051799774,0.17554196059913335
2024-01-23 12:00:00+00:00,-4.46,1.530960202217102,-3.71035285259906,-0.21522516012191772,-2.358300255330046
2024-01-23 13:00:00+00:00,-0.41,1.5075763463974,-0.44343240253664806,-0.2200137823820114,-1.001010742361264
2024-01-23 14:00:00+00:00,-0.07,1.4781358242034912,-0.06385675421036044,-0.2253093272447586,-0.7304602357040259
2024-01-23 15:00:00+00:00,1.21,1.4454643726348877,0.6386907749327412,-0.230794295668602,-2.6396505367103402
2024-01-23 16:00:00+00:00,-2.34,1.4059569835662842,-2.0598702396424513,-0.23146851360797882,-2.401849201661408
2024-01-23 17:00:00+00:00,-1.17,1.3702799081802368,-1.1707229629653917,-0.2398633360862732,-2.359600864952831
2024-01-23 18:00:00+00:00,3.04,1.3373178243637085,0.8908841163887234,-0.247796431183815,-1.6510489683290566
2024-01-24 10:00:00+00:00,-2.11,1.2939735651016235,-2.108891037006621,-0.26273876428604126,-1.2689586777905422
2024-01-24 11:00:00+00:00,-1.64,1.2578884363174438,-1.6495354245404845,-0.2751249670982361,0.9766595193606655
2024-01-24 12:00:00+00:00,0.12,1.2267271280288696,0.0447496359877565,-0.2914210855960846,0.493126929951368
2024-01-24 13:00:00+00:00,-3.78,1.1987848281860352,-2.66038699867629,-0.3045211136341095,0.6133193832174143
2024-01-24 14:00:00+00:00,2.01,1.174333095550537,1.3939140509848507,-0.31434372067451477,-0.23275047897156675
2024-01-24 15:00:00+00:00,-0.6,1.1502870321273804,-0.6215692199076196,-0.3164979815483093,0.5301277646139059
2024-01-24 16:00:00+00:00,-1.14,1.1315304040908813,-1.2101151105982542,-0.33106908202171326,0.44878236093990176
2024-01-24 17:00:00+00:00,-1.9,1.1228703260421753,-1.7688505226814792,-0.3376128673553467,0.007110360411710927
2024-01-24 18:00:00+00:00,-3.75,1.1115214824676514,-3.3034107052702684,-0.3414910137653351,-0.893754431838506
2024-01-25 10:00:00+00:00,-0.81,1.1006873846054077,-0.8603286071412367,-0.3472760021686554,0.7053284345768951
2024-01-25 11:00:00+00:00,-0.15,1.0949945449829102,-0.1363257123694504,-0.3560565412044525,-1.8949644819186915
2024-01-25 12:00:00+00:00,0.12,1.0993469953536987,0.12009955598242847,-0.364826500415802,0.2089620918835134
2024-01-25 13:00:00+00:00,0.74,1.1031631231307983,0.5760327937127157,-0.3712869882583618,1.3461382621851115
2024-01-25 14:00:00+00:00,-2.15,1.1028677225112915,-1.8776475900319147,-0.37153124809265137,-1.016031003801163
2024-01-25 15:00:00+00:00,-1.99,1.106527328491211,-1.621320420056519,-0.3797372281551361,-0.041314709747421005
2024-01-25 16:00:00+00:00,1.07,1.1083788871765137,0.9727489793404158,-0.38983476161956787,0.9545780053684331
2024-01-25 17:00:00+00:00,2.22,1.1047160625457764,1.8138848321790573,-0.39636385440826416,-0.2475344672494507
2024-01-25 18:00:00+00:00,0.48,1.1054022312164307,-0.17351406730099467,-0.4091225564479828,0.03716352312365077
2024-01-26 10:00:00+00:00,-5.43,1.1105501651763916,-3.5508326179915786,-0.41903945803642273,-1.3124962585703273
2024-01-26 11:00:00+00:00,1.25,1.1175636053085327,0.8613881841938457,-0.4287708103656769,-1.2543858022034686
2024-01-26 12:00:00+00:00,-4.22,1.1191166639328003,-2.7901094716622086,-0.442030668258667,-1.6680546373612195
2024-01-26 13:00:00+00:00,0.88,1.1167560815811157,0.5290980571522106,-0.45214831829071045,-2.2953697718861736
2024-01-26 14:00:00+00:00,-1.66,1.1131176948547363,-1.0518739588250343,-0.46472057700157166,-1.6022501684166626
2024-01-26 15:00:00+00:00,0.48,1.1005183458328247,0.5104187996646985,-0.47233709692955017,0.8056190322629231
2024-01-26 16:00:00+00:00,-0.83,1.0874313116073608,-0.8339894584278037,-0.4825839400291443,-0.7149595876489934
2024-01-26 17:00:00+00:00,-0.39,1.074785828590393,-0.12025021208144229,-0.4908272624015808,-0.6746946774035235
2024-01-26 18:00:00+00:00,4.78,1.0670888423919678,2.806953805944825,-0.5045222640037537,-1.1822883459495666
2024-01-29 10:00:00+00:00,1.67,1.0549067258834839,1.514323508267061,-0.514946460723877,-0.7622040939136404
2024-01-29 11:00:00+00:00,1.1,1.0422550439834595,1.115303702039855,-0.5276090502738953,0.3559833941423917
2024-01-29 12:00:00+00:00,1.35,1.0283493995666504,1.3502605442479503,-0.5370495319366455,-0.08906076023103254
2024-01-29 13:00:00+00:00,1.1,1.0197590589523315,1.1001425434100747,-0.5443732738494873,-0.3613884431622404
2024-01-29 14:00:00+00:00,-0.02,1.0086714029312134,0.036999865818606426,-0.5518949627876282,-0.4537447838511185
2024-01-29 15:00:00+00:00,1.07,0.9995306730270386,1.08777019474831,-0.560023844242096,0.6855059489473923
2024-01-29 16:00:00+00:00,3.28,0.9924769997596741,2.38304558297943,-0.5688181519508362,0.6605302213431072
2024-01-29 17:00:00+00:00,0.94,0.9876697659492493,0.9408808584927971,-0.5751445889472961,0.5508532138558844
2024-01-29 18:00:00+00:00,-0.78,0.9792881011962891,-0.6447910066817274,-0.5832280516624451,1.0010700562431296
2024-01-30 10:00:00+00:00,1.75,0.9711258411407471,1.274997629689701,-0.5887569189071655,-0.08069772695647069
2024-01-30 11:00:00+00:00,-0.95,0.959327220916748,-0.9240258915856758,-0.5889520645141602,-0.34937821693209237
2024-01-30 12:00:00+00:00,0.4,0.9473356604576111,0.24366460432184298,-0.5911029577255249,-0.11803257127045219
2024-01-30 13:00:00+00:00,-1.34,0.9316122531890869,-1.3801436619021554,-0.593586802482605,-1.090278250726581
2024-01-30 14:00:00+00:00,-3.28,0.9153634905815125,-1.7646564268992981,-0.5935502052307129,-1.0596058331536315
2024-01-30 15:00:00+00:00,2.05,0.8998090624809265,0.9188149564278938,-0.5965409278869629,0.4473447901376267
2024-01-30 16:00:00+00:00,-1.79,0.8830373883247375,-0.8101158172532755,-0.6040916442871094,0.5059435942692265
2024-01-30 17:00:00+00:00,1.25,0.865801990032196,1.192193957942262,-0.6063758134841919,2.2590829151648677
2024-01-30 18:00:00+00:00,2.94,0.840778648853302,2.394121247029567,-0.6097338795661926,0.29881533442792585
2024-01-31 10:00:00+00:00,2.19,0.8128149509429932,1.7452048927035682,-0.612660825252533,-0.6818052375165036
2024-01-31 11:00:00+00:00,-3.56,0.7912682294845581,-2.0127226759448096,-0.6200805306434631,-1.36486228816651
2024-01-31 12:00:00+00:00,2.26,0.7713747024536133,2.0040188110531245,-0.6227716207504272,-1.6323682789993887
2024-01-31 13:00:00+00:00,0.82,0.7484763860702515,0.79796434589148,-0.6307918429374695,-0.49502132594754994
2024-01-31 14:00:00+00:00,1.33,0.7307548522949219,1.3259143876640203,-0.643586277961731,-1.2739308820811397
2024-01-31 15:00:00+00:00,0.59,0.7175739407539368,0.49036264662354817,-0.660093367099762,-0.42835082042786216
2024-01-31 16:00:00+00:00,-2.03,0.703289806842804,-2.024737945631386,-0.6732499003410339,-1.970186914440555
2024-01-31 17:00:00+00:00,-1.44,0.6968253254890442,-1.4334819774424108,-0.6909799575805664,-0.012273081651688542
2024-01-31 18:00:00+00:00,4.22,0.6903071403503418,0.7386308610681512,-0.7038206458091736,-1.2855802843015465
2024-02-01 10:00:00+00:00,-3.13,0.6876856684684753,-2.404356507876104,-0.7204567790031433,-2.363972276712004
2024-02-01 11:00:00+00:00,0.05,0.6928267478942871,-0.02555202542947932,-0.7350322008132935,-1.2985576057202015
2024-02-01 12:00:00+00:00,-0.1,0.697620153427124,-0.1590052302130403,-0.7412859797477722,-2.352873125473497
2024-02-01 13:00:00+00:00,0.0,0.6913302540779114,-0.19897350568124067,-0.7551672458648682,-2.3518788616069566
2024-02-01 14:00:00+00:00,-1.66,0.6778124570846558,-1.175031695124031,-0.7686877250671387,-1.5464684102954382
2024-02-01 15:00:00+00:00,0.02,0.6613133549690247,-0.45490990536249254,-0.7774019241333008,-1.155138369224518
2024-02-01 16:00:00+00:00,-2.27,0.6421063542366028,-2.065174007238881,-0.7824627161026001,-0.7799789347203847
2024-02-01 17:00:00+00:00,1.91,0.6234974265098572,0.6364329265750901,-0.7918909192085266,-2.098265389850242
2024-02-01 18:00:00+00:00,-5.09,0.6007740497589111,-1.66597162747437,-0.7967068552970886,-1.4908288465938537
2024-02-02 10:00:00+00:00,2.03,0.5842040181159973,1.673364935874009,-0.7992546558380127,-0.014752082224982976
2024-02-02 11:00:00+00:00,0.69,0.5666947960853577,0.6844696614702612,-0.8014522194862366,-1.9775885639142787
2024-02-02 12:00:00+00:00,-1.94,0.5497645139694214,-1.4499984191016408,-0.8054469227790833,-2.2121007015641134
2024-02-02 13:00:00+00:00,-0.19,0.5389975905418396,-0.6437536909966701,-0.8089118599891663,0.1446133358742173
2024-02-02 14:00:00+00:00,-3.32,0.5172621607780457,-2.1771069684613553,-0.8129799365997314,-2.0740486524037185
2024-02-02 15:00:00+00:00,-0.73,0.49371665716171265,-0.7715517932589135,-0.8158981800079346,-0.7571533643466523
2024-02-02 16:00:00+00:00,5.22,0.4770028293132782,1.4145501654463195,-0.8171072006225586,1.2670922872262376
2024-02-02 17:00:00+00:00,-4.03,0.4548644423484802,-3.044962446325334,-0.8171893954277039,-2.572405994550493
2024-02-02 18:00:00+00:00,-4.87,0.4293215572834015,-3.493723214140715,-0.8169497847557068,-0.49425478799783285
2024-02-05 10:00:00+00:00,-0.97,0.4029373228549957,-0.9809431863528246,-0.8103311061859131,-0.2524796404275109
2024-02-05 11:00:00+00:00,3.89,0.37280768156051636,2.7430840760424786,-0.8039633631706238,-1.1324815450641246
2024-02-05 12:00:00+00:00,-0.19,0.33573850989341736,-0.18602693231638268,-0.7969955801963806,-0.8828270987761196
2024-02-05 13:00:00+00:00,0.69,0.30561164021492004,0.8605430646481549,-0.7888122797012329,1.473071889604628
2024-02-05 14:00:00+00:00,3.69,0.2694648206233978,3.108706790836508,-0.7777549028396606,1.5132887636988
2024-02-05 15:00:00+00:00,3.92,0.2357027530670166,2.716456021945774,-0.7684366106987,1.8637010944901198
2024-02-05 16:00:00+00:00,3.66,0.20809020102024078,2.8298485022355995,-0.7604508996009827,0.3190771166047003
2024-02-05 17:00:00+00:00,-3.41,0.18397100269794464,-2.565117927014388,-0.7471891641616821,-2.37333468530768
2024-02-05 18:00:00+00:00,0.74,0.15486465394496918,0.45630028758125957,-0.7340023517608643,0.9572165964709413
2024-02-06 10:00:00+00:00,-0.24,0.1284724473953247,-0.23847564247524217,-0.7200292348861694,-0.9070176486125555
2024-02-06 11:00:00+00:00,-2.98,0.1002650335431099,-2.4030898813233956,-0.7012501955032349,-0.79200346580787
2024-02-06 12:00:00+00:00,0.17,0.07223869115114212,0.16357320163159514,-0.6835993528366089,-1.3232827533936968
2024-02-06 13:00:00+00:00,0.66,0.048060398548841476,0.1257052610148628,-0.6692996025085449,-1.538034346080102
2024-02-06 14:00:00+00:00,-2.5,0.028488559648394585,-1.784271666756289,-0.6509165167808533,0.1936147903381299
2024-02-06 15:00:00+00:00,1.21,0.013641776517033577,0.6212953923881355,-0.6348519921302795,-0.37727888681350885
2024-02-06 16:00:00+00:00,-0.92,-0.002996766474097967,-0.6252371119917197,-0.618598222732544,-0.24848575398062478
2024-02-06 17:00:00+00:00,-0.85,-0.016385823488235474,-0.5891561130225732,-0.5988693237304688,-0.7347757962755576
2024-02-06 18:00:00+00:00,3.27,-0.027828456833958626,2.6418575806733275,-0.5750618577003479,0.24211272823402774
2024-02-07 10:00:00+00:00,1.01,-0.04073997214436531,1.0373888791706887,-0.5551193952560425,0.5017725522362939
2024-02-07 11:00:00+00:00,0.24,-0.06151208281517029,0.19519859360156025,-0.53102046251297,-0.9520884541961459
2024-02-07 12:00:00+00:00,0.42,-0.07699626684188843,0.5572955876107102,-0.5062796473503113,-1.2494240070285958
2024-02-07 13:00:00+00:00,2.08,-0.09201183915138245,1.7475596342537028,-0.47376954555511475,0.6059901435748596
2024-02-07 14:00:00+00:00,2.71,-0.10864201188087463,1.7895322611213489,-0.43942323327064514,1.6642429181236855
2024-02-07 15:00:00+00:00,0.11,-0.12209576368331909,-0.030947028371822255,-0.4074733853340149,1.253560964096175
2024-02-07 16:00:00+00:00,-4.35,-0.1272609829902649,-3.356001366801523,-0.3725859820842743,-1.285156186726068
2024-02-07 17:00:00+00:00,0.21,-0.1256292760372162,-0.022265939992122646,-0.33833298087120056,1.3601949873541366
2024-02-07 18:00:00+00:00,-4.24,-0.1358160525560379,-2.4209524557943793,-0.3013976514339447,-1.7667156347420778
2024-02-08 10:00:00+00:00,-0.18,-0.1484842449426651,-0.2081949804054266,-0.2633051574230194,0.5944159835908136
2024-02-08 11:00:00+00:00,0.01,-0.16294540464878082,0.018036568294896804,-0.2284104824066162,-0.6198883592568734
2024-02-08 12:00:00+00:00,-0.21,-0.17649786174297333,-0.12242013782581823,-0.1990487277507782,1.040224912499083
2024-02-08 13:00:00+00:00,1.19,-0.18365886807441711,1.0360159048395767,-0.16825731098651886,1.668726585548177
2024-02-08 14:00:00+00:00,0.29,-0.18553242087364197,0.2917301403118568,-0.14105314016342163,0.7532656871625929
2024-02-08 15:00:00+00:00,-1.34,-0.18058207631111145,-1.1345746241749726,-0.11741150170564651,-1.2441880188101118
2024-02-08 16:00:00+00:00,3.27,-0.17763520777225494,1.6645297216340238,-0.08932661265134811,1.5348058471316497
2024-02-08 17:00:00+00:00,1.44,-0.17479689419269562,1.3592025956647174,-0.05807364732027054,0.2361411435711691
2024-02-08 18:00:00+00:00,-6.49,-0.1620997190475464,-3.4469889353627523,-0.02201717719435692,-0.03618326564502092
2024-02-09 10:00:00+00:00,0.14,-0.13936054706573486,0.13358696204467604,0.014284848235547543,-0.8868948813825331
2024-02-09 11:00:00+00:00,4.94,-0.11763224750757217,2.16323743508636,0.05401964113116264,1.2310851685920414
2024-02-09 12:00:00+00:00,-0.75,-0.0976707860827446,-0.674730324483496,0.09514822065830231,-0.25273902749351895
2024-02-09 13:00:00+00:00,1.58,-0.08665978163480759,0.963915222701954,0.1386347860097885,1.1805338339032707
2024-02-09 14:00:00+00:00,-1.32,-0.08003644645214081,-1.2549889318325176,0.1796979308128357,-0.7541900250770046
2024-02-09 15:00:00+00:00,-2.08,-0.06822984665632248,-1.852480391077309,0.2282000631093979,0.6412574560047003
2024-02-09 16:00:00+00:00,2.47,-0.05969633907079697,0.9039639296105165,0.27034321427345276,1.2262578402030568
2024-02-09 17:00:00+00:00,-1.05,-0.05587023124098778,-1.045662234379076,0.31830424070358276,0.3933271099814629
2024-02-09 18:00:00+00:00,-2.28,-0.046236272901296616,-1.8308239170918708,0.3687405288219452,-1.3034740511375738
2024-02-12 10:00:00+00:00,-0.93,-0.03419879823923111,-0.9215707547123317,0.4210180640220642,0.19435619407039684
2024-02-12 11:00:00+00:00,-1.24,-0.020051512867212296,-1.210554969468494,0.4705405533313751,-0.5225467933630754
2024-02-12 12:00:00+00:00,0.82,-0.009158729575574398,0.32279967257332237,0.5259337425231934,1.2033266706444523
2024-02-12 13:00:00+00:00,-3.1,0.00017892401956487447,-1.6213562893433815,0.5839906334877014,0.13708675668114673
2024-02-12 14:00:00+00:00,0.45,0.011184724979102612,0.4362408087320297,0.6444112658500671,0.7648835768578014
2024-02-12 15:00:00+00:00,0.31,0.005904796067625284,0.334673628307788,0.7036352157592773,-0.4882122733487928
2024-02-12 16:00:00+00:00,1.74,0.005906282924115658,1.739814599328588,0.7545797228813171,-0.661944876502572
2024-02-12 17:00:00+00:00,2.79,0.001832387293688953,1.9493768752837175,0.7899978160858154,-1.56125303302183
2024-02-12 18:00:00+00:00,5.1,-0.008182266727089882,2.400577378965465,0.8372727036476135,0.16795885926243598
2024-02-13 10:00:00+00:00,-2.59,-0.0277699027210474,-2.1746652517997185,0.8807393908500671,0.31286039888983275
2024-02-13 11:00:00+00:00,0.41,-0.030331794172525406,0.3695518319484479,0.9163511991500854,-0.26730525083266876
2024-02-13 12:00:00+00:00,-0.97,-0.03661681339144707,-0.6946254177212167,0.961209237575531,-0.18533315762725833
2024-02-13 13:00:00+00:00,0.35,-0.0634564608335495,0.1751205906496392,0.9932730197906494,-1.9449966030716876
2024-02-13 15:00:00+00:00,-0.69,-0.08034037053585052,-0.4683236769976352,1.0203136205673218,3.4967909294183586
2024-02-13 16:00:00+00:00,0.21,-0.0814146175980568,0.2097726973066706,1.0662226676940918,0.8808497931550381
2024-02-13 17:00:00+00:00,0.32,-0.08960609138011932,0.32152683797685255,1.0771609544754028,-2.8452564070999555
2024-02-13 18:00:00+00:00,1.3,-0.09483712911605835,0.6129692656866537,1.1010723114013672,-0.14380204106211603
2024-02-14 10:00:00+00:00,-0.51,-0.09568551927804947,-0.4824607065372518,1.1282577514648438,-1.4289758581610743
2024-02-14 11:00:00+00:00,-0.77,-0.09223917871713638,-0.7712658479383345,1.1614044904708862,-1.318976859023425
2024-02-14 12:00:00+00:00,-0.24,-0.07444608956575394,-0.2191820629106362,1.174468994140625,-0.24387173214439645
2024-02-14 13:00:00+00:00,0.15,-0.06575941294431686,0.0015635133832988535,1.174233078956604,-1.2570769737969607
2024-02-14 14:00:00+00:00,-1.65,-0.05151471868157387,-1.3459036348007265,1.174899935722351,-0.3303659393707028
2024-02-14 15:00:00+00:00,2.48,-0.02388709969818592,1.2041198764933176,1.1589112281799316,-1.018826384167733
2024-02-14 16:00:00+00:00,-3.61,-0.00911802053451538,-1.8751816405826252,1.1296334266662598,-1.0520218052420585
2024-02-14 17:00:00+00:00,2.29,0.00890166312456131,1.59134699124764,1.1139549016952515,0.8151593138646118
2024-02-14 18:00:00+00:00,-6.92,0.027086786925792694,-4.918767239742902,1.10630464553833,0.3189025609476692
2024-02-15 10:00:00+00:00,-0.29,0.032225627452135086,-0.3629931286935745,1.1001369953155518,0.021135937911258562
2024-02-15 11:00:00+00:00,-0.65,0.03473621606826782,-0.7986286296558572,1.1045621633529663,-1.444135768276999
2024-02-15 12:00:00+00:00,-2.88,0.03276042640209198,-2.151424465516753,1.101482629776001,-0.08985363545615445
2024-02-15 13:00:00+00:00,3.83,0.034791793674230576,2.581474174440313,1.1025960445404053,1.4055248598261194
2024-02-15 14:00:00+00:00,-0.01,0.018829692155122757,-0.009203803319625364,1.0931291580200195,-1.2233597281014545
2024-02-15 15:00:00+00:00,0.69,-0.0006127679371275008,0.39546330606460706,1.0828120708465576,-0.5592452677187134
2024-02-15 16:00:00+00:00,-1.48,-0.011886432766914368,-1.2403288135159918,1.065893292427063,-0.15346977264296607
2024-02-15 17:00:00+00:00,-1.16,-0.044099874794483185,-1.1800394486190844,1.062556266784668,1.0185136145512697
2024-02-15 18:00:00+00:00,3.36,-0.07426726818084717,2.0840130414833515,1.047481894493103,1.184213863350727
2024-02-16 10:00:00+00:00,-3.75,-0.12015286833047867,-2.610274549242091,1.0327835083007812,0.5089231738473102
2024-02-16 11:00:00+00:00,1.06,-0.1548599749803543,0.1647378657820527,1.0130356550216675,1.1494958698784548
2024-02-16 12:00:00+00:00,-3.5,-0.1941452920436859,-3.4389705226903873,0.9970664381980896,-1.716346045958886
2024-02-16 13:00:00+00:00,-7.13,-0.24989554286003113,-5.674944931744355,0.9914513230323792,-0.7317084518736927
2024-02-16 14:00:00+00:00,-2.91,-0.3000957667827606,-2.596888802967553,0.9811370372772217,0.19932055475297827
2024-02-16 15:00:00+00:00,4.44,-0.33964747190475464,2.7141139952285305,0.9489938616752625,0.977034704038858
2024-02-16 16:00:00+00:00,1.51,-0.3651896119117737,1.5397351146471216,0.9204967021942139,0.7853384287904335
2024-02-16 17:00:00+00:00,0.6,-0.4019792079925537,0.5486542627708831,0.8983443379402161,-0.8324940519495444
2024-02-16 18:00:00+00:00,-1.57,-0.42017829418182373,-1.473898324930674,0.8679009079933167,0.46026246701018303
2024-02-19 10:00:00+00:00,-1.34,-0.44753599166870117,-1.2941245600883426,0.8516858220100403,0.6373878807943181
2024-02-19 11:00:00+00:00,2.16,-0.4669405221939087,1.967832880850872,0.8336367607116699,1.2476573232760506
2024-02-19 12:00:00+00:00,-0.14,-0.49658241868019104,-0.1282044639130603,0.81773841381073,-0.5443497510148287
2024-02-19 13:00:00+00:00,1.56,-0.5164154171943665,1.47695244181986,0.8146467804908752,-0.6028134735294183
2024-02-19 14:00:00+00:00,1.77,-0.54222172498703,0.2029832150594126,0.8056403398513794,3.5846916864391063
2024-02-19 15:00:00+00:00,-0.21,-0.5642468929290771,0.22871538062552346,0.8049001693725586,-0.16296487019686523
2024-02-19 16:00:00+00:00,-0.9,-0.5733540654182434,-0.0071221458774611834,0.7900732755661011,0.9126823572572152
2024-02-19 17:00:00+00:00,-3.03,-0.5999784469604492,-0.071866714639655,0.7862545847892761,0.10726371935423197
2024-02-19 18:00:00+00:00,-3.77,-0.6111609935760498,-0.3594354208055724,0.7863903045654297,-0.5795841526082465
2024-02-20 10:00:00+00:00,-4.99,-0.6416019201278687,0.3613799333100837,0.7866103649139404,0.04976175015223938
2024-02-20 11:00:00+00:00,0.49,-0.6715315580368042,1.471120867795751,0.7841287851333618,-0.4181948803914113
2024-02-20 12:00:00+00:00,1.16,-0.7166544795036316,1.2221453440576926,0.7882878184318542,-1.029166665739962
2024-02-20 13:00:00+00:00,0.44,-0.7480641603469849,0.8565102121517765,0.7889378666877747,0.4353753205075759
2024-02-20 14:00:00+00:00,0.55,-0.7772341370582581,0.28205282745462407,0.7949288487434387,-0.3592364051166579
2024-02-20 15:00:00+00:00,-0.39,-0.8043010234832764,0.3194748428569979,0.8177784085273743,0.4996252520448318
2024-02-20 16:00:00+00:00,-1.8,-0.8347955346107483,0.3967330201397794,0.8382852673530579,1.478279111424387
2024-02-20 17:00:00+00:00,-3.75,-0.8721902966499329,0.8219457397661811,0.870111882686615,2.179311155043262
2024-02-20 18:00:00+00:00,-9.06,-0.8965169191360474,0.33333553003674105,0.8881510496139526,1.3310283942602394
2024-02-21 10:00:00+00:00,-6.34,-0.9206095337867737,0.46785921312103573,0.9142612814903259,-1.9653391926934904
2024-02-21 11:00:00+00:00,-1.95,-0.94012850522995,0.9620231997137051,0.9373120069503784,0.7953976001500872
2024-02-21 12:00:00+00:00,-2.91,-0.9577219486236572,1.1831819073629564,0.9616464376449585,0.22121983621171315
2024-02-21 13:00:00+00:00,-3.06,-0.9635911583900452,1.260777365467839,0.9753267765045166,1.2186607068664408
2024-02-21 14:00:00+00:00,7.37,-0.974753201007843,1.3203816308258294,0.9874274730682373,3.469800931568957
2024-02-21 15:00:00+00:00,1.82,-0.9755430817604065,0.7161931505847069,0.9984998106956482,2.4254499117621178
2024-02-21 16:00:00+00:00,-4.31,-0.976012110710144,0.6629162287795439,1.0082613229751587,3.674680234526896
2024-02-21 17:00:00+00:00,-7.04,-0.9736953973770142,0.6336063426645612,1.012891173362732,2.1319647487526727
2024-02-21 18:00:00+00:00,5.6,-0.9613145589828491,1.6487668279157326,1.017054796218872,3.5984099301362233
2024-02-22 10:00:00+00:00,-1.21,-0.9643908143043518,0.8250661186229877,1.0233840942382812,2.6563728810163867
2024-02-22 11:00:00+00:00,-5.16,-0.9517114162445068,1.4300604604372111,1.0236830711364746,2.9748183410703635
2024-02-22 12:00:00+00:00,3.7,-0.9392120838165283,0.24476028106205916,1.021317958831787,1.5091178871352404
2024-02-22 13:00:00+00:00,4.37,-0.9335424304008484,0.651793955249283,1.0294408798217773,-2.63557999905964
2024-02-22 14:00:00+00:00,0.84,-0.9193422794342041,-0.03033137847782716,1.0426746606826782,0.9112231852426476
2024-02-22 15:00:00+00:00,-5.3,-0.8997101187705994,0.6713102462865672,1.0454530715942383,0.3220101581584358
2024-02-22 16:00:00+00:00,-4.36,-0.8709965348243713,1.0594785589464668,1.0522387027740479,-1.6742972085590622
2024-02-22 17:00:00+00:00,-2.13,-0.846381425857544,0.5733752344915805,1.0723495483398438,-1.880227368138721
2024-02-22 18:00:00+00:00,21.8,-0.8262709379196167,0.47635455319968656,1.092498540878296,-1.901092931919224
2024-02-26 10:00:00+00:00,0.74,-0.8129013180732727,0.6109320898556826,1.1146771907806396,-2.4757343799030322
2024-02-26 11:00:00+00:00,4.94,-0.8095333576202393,0.1572536521932739,1.1295247077941895,-2.771796500854763
2024-02-26 12:00:00+00:00,2.59,-0.8094232082366943,0.07188015450846086,1.1552226543426514,-1.1721679121324144
2024-02-26 13:00:00+00:00,0.0,-0.8059449195861816,0.04409254478333979,1.173509120941162,-0.11137063577069024
2024-02-26 14:00:00+00:00,4.36,-0.8086270689964294,0.14030167288238438,1.1903012990951538,0.9036802822165512
2024-02-26 15:00:00+00:00,-2.73,-0.8155312538146973,0.049543312330589756,1.1988556385040283,-2.3842324843233724
2024-02-26 16:00:00+00:00,2.13,-0.8216700553894043,0.2047283312954938,1.2060569524765015,-1.2526942423730534
2024-02-26 17:00:00+00:00,-0.87,-0.8349699974060059,-0.40032506206391427,1.2034310102462769,-0.40366354867642973
2024-02-26 18:00:00+00:00,4.35,-0.8440108895301819,0.906465175170004,1.2154186964035034,-4.004955277359393
2024-02-27 10:00:00+00:00,-2.54,-0.8576369285583496,0.9459129857704655,1.2243666648864746,-4.413101812883099
2024-02-27 11:00:00+00:00,1.31,-0.8641942739486694,0.5606675626687141,1.2248189449310303,0.7895970989889586
2024-02-27 12:00:00+00:00,-1.23,-0.8518819212913513,-0.4757975024883876,1.226786732673645,0.35472610903492435
2024-02-27 13:00:00+00:00,-3.19,-0.8332366943359375,-0.5501435827573452,1.2209954261779785,-1.1947282887516166
2024-02-27 14:00:00+00:00,0.2,-0.8108680248260498,0.9683133880238073,1.222357988357544,-0.09017601193933979
2024-02-27 15:00:00+00:00,-0.04,-0.7884591817855835,0.5932880292622347,1.2321183681488037,-0.3241092531457631
2024-02-27 16:00:00+00:00,-0.13,-0.7620429396629333,1.2043531805722756,1.2312980890274048,0.6907808368480748
2024-02-27 17:00:00+00:00,1.21,-0.7353308200836182,0.5845867718064011,1.2468165159225464,-3.65882582540677
2024-02-27 18:00:00+00:00,8.98,-0.7073239088058472,0.9982733559625685,1.2575169801712036,-2.0106379886406764
2024-02-28 10:00:00+00:00,0.85,-0.6891084909439087,-0.8918989050563759,1.275716781616211,-0.017667747411517897
2024-02-28 11:00:00+00:00,-1.4,-0.6786299347877502,1.6373514024696023,1.2893924713134766,-2.3478293658247096
2024-02-28 12:00:00+00:00,2.24,-0.6681869029998779,1.104392352319218,1.3017576932907104,-0.7140306933436462
2024-02-28 13:00:00+00:00,0.2,-0.6702501773834229,2.0977057624545656,1.3189849853515625,-1.6252172413478576
2024-02-28 14:00:00+00:00,3.74,-0.6618817448616028,0.8202950761464479,1.3366315364837646,-3.4568258161330525
2024-02-28 15:00:00+00:00,0.83,-0.6592020392417908,-0.26452785760422587,1.3593233823776245,0.2752016315614287
2024-02-28 16:00:00+00:00,-3.2,-0.6453251838684082,0.7238570221022891,1.3662586212158203,-1.3307773536303684
2024-02-28 17:00:00+00:00,5.29,-0.6287345886230469,1.3362044954976928,1.3809949159622192,-0.41233707291189736
2024-02-28 18:00:00+00:00,2.56,-0.6119322776794434,1.448867099948386,1.3756099939346313,0.33726717859627353
2024-02-29 10:00:00+00:00,2.7,-0.5965213179588318,1.703521829637253,1.3789366483688354,1.2530011310341607
2024-02-29 11:00:00+00:00,3.39,-0.5851467847824097,0.8606946311901305,1.396716594696045,-2.147210595515711
2024-02-29 12:00:00+00:00,1.15,-0.5768765211105347,1.1522998336131278,1.4002342224121094,-0.15877577242900653
2024-02-29 13:00:00+00:00,-0.19,-0.5445696711540222,1.3582800889372852,1.4081302881240845,1.0014608005028998
2024-02-29 14:00:00+00:00,-2.74,-0.5123037695884705,0.7785544139152429,1.413981318473816,-1.9446601387505993
2024-02-29 15:00:00+00:00,3.08,-0.47789329290390015,1.0745428887421569,1.4180092811584473,0.018996172184556202
2024-02-29 16:00:00+00:00,1.77,-0.4559970796108246,1.265683487384796,1.4269624948501587,-5.304361606955949
2024-02-29 17:00:00+00:00,0.73,-0.4382164478302002,1.2211203225676757,1.4222708940505981,-3.0703872482016448
2024-02-29 18:00:00+00:00,-2.81,-0.42296504974365234,1.0926380257192108,1.407386064529419,-2.4383648813868515
2024-03-01 10:00:00+00:00,-1.34,-0.4202825725078583,0.8444984733445077,1.4178762435913086,-0.24352182727433824
2024-03-01 11:00:00+00:00,0.1,-0.40505656599998474,1.196486336932991,1.4138520956039429,-2.5594665006112214
2024-03-01 12:00:00+00:00,-0.36,-0.3958834409713745,1.1765570522038749,1.3943588733673096,-3.1448117124472548
2024-03-01 13:00:00+00:00,-0.53,-0.3769497275352478,0.10240489258094887,1.36875319480896,-2.163665871786538
2024-03-01 14:00:00+00:00,2.89,-0.3525029420852661,0.7823307107664824,1.342399001121521,-2.8859700294227806
2024-03-01 15:00:00+00:00,0.34,-0.34107694029808044,-0.4727763639678084,1.2853553295135498,0.0009544785178049464
2024-03-01 16:00:00+00:00,-3.09,-0.33405858278274536,-0.17614602174532812,1.2393460273742676,-2.8083621706833033
2024-03-01 17:00:00+00:00,-0.2,-0.34191304445266724,-0.5087546846348535,1.2259516716003418,-1.722664039383319
2024-03-01 18:00:00+00:00,8.67,-0.3548594117164612,-1.4340693624236232,1.1967318058013916,-3.2092933431106427
2024-03-04 10:00:00+00:00,2.99,-0.3738197684288025,-1.8296446200625658,1.1797033548355103,-3.7449180572100356
2024-03-04 11:00:00+00:00,1.64,-0.39888671040534973,-0.9323358474545664,1.167704463005066,-2.9742313378876397
2024-03-04 12:00:00+00:00,-0.98,-0.4396727979183197,-1.125558917369246,1.144092321395874,-2.4853531237761683
2024-03-04 13:00:00+00:00,1.93,-0.46607130765914917,-0.22735509275651766,1.1273002624511719,-1.6570134573190447
2024-03-04 14:00:00+00:00,0.12,-0.47462666034698486,-0.8230986910149528,1.1059443950653076,-0.6644841380161769
2024-03-04 15:00:00+00:00,-0.26,-0.4778209626674652,-0.6453021951641194,1.0778177976608276,-0.6915495670285657
2024-03-04 16:00:00+00:00,1.22,-0.5021664500236511,-1.0245241997267833,1.0405995845794678,-3.1097287517337002
2024-03-04 17:00:00+00:00,-0.12,-0.5058432221412659,-1.6707661337633242,1.0253019332885742,-0.18843001400718976
2024-03-04 18:00:00+00:00,-3.09,-0.5097623467445374,-1.7251959306319853,1.0027564764022827,2.1108813780042617
2024-03-05 10:00:00+00:00,3.87,-0.5054466128349304,-0.9539247802707902,0.9808334708213806,0.4380305862245764
2024-03-05 11:00:00+00:00,1.71,-0.4982055723667145,-1.0062869927062834,0.9751555919647217,0.49640517563581876
2024-03-05 12:00:00+00:00,4.05,-0.5119262337684631,-1.3910732568747692,0.9551881551742554,0.9484185033094944
2024-03-05 13:00:00+00:00,-1.47,-0.5241339802742004,-1.5966075252655276,0.930694043636322,-1.4449325589226845
2024-03-05 14:00:00+00:00,4.21,-0.5337409973144531,-1.5007158109018055,0.9124588370323181,-0.4888723622432863
2024-03-05 15:00:00+00:00,-0.21,-0.5446222424507141,-1.2169503219100162,0.8752801418304443,-0.7670303702012434
2024-03-05 16:00:00+00:00,0.22,-0.5670632719993591,-0.30609994374138955,0.8429235219955444,-0.8088297217877198
2024-03-05 17:00:00+00:00,0.82,-0.5674060583114624,-0.47358869614306387,0.8199164867401123,-0.7000486101241236
2024-03-05 18:00:00+00:00,0.91,-0.5536351799964905,-1.5307398990794703,0.7842297554016113,-2.8669932600463186
2024-03-06 10:00:00+00:00,3.22,-0.5364562273025513,-1.5575481570778393,0.7548530101776123,-2.3996351904622117
2024-03-06 11:00:00+00:00,2.27,-0.5125320553779602,-1.0499275036011653,0.7226623296737671,0.7219719312413635
2024-03-06 12:00:00+00:00,0.57,-0.48513588309288025,-1.6386582745107012,0.6963150501251221,1.4429568215635968
2024-03-06 13:00:00+00:00,-2.58,-0.4558360278606415,-1.4327450819173382,0.6650686860084534,-0.524328934140885
2024-03-06 14:00:00+00:00,-0.41,-0.4348302483558655,-1.2252624745895415,0.6281930208206177,-2.130172361663327
2024-03-06 15:00:00+00:00,-1.12,-0.4494500756263733,-1.8770420623910031,0.5693762302398682,-1.8882326360143076
2024-03-06 16:00:00+00:00,-0.12,-0.4572673439979553,-1.3437871853741896,0.5361249446868896,-2.04145184150625
2024-03-06 17:00:00+00:00,1.3,-0.4666672646999359,-0.7405140335221208,0.4780306816101074,0.4148619162818957
2024-03-06 18:00:00+00:00,-0.83,-0.4671386778354645,-1.2542764478444595,0.4204847514629364,0.033646383833487
2024-03-07 10:00:00+00:00,-2.21,-0.4608834981918335,-1.2181726190551088,0.3687019348144531,-2.3445632846462106
2024-03-07 11:00:00+00:00,-1.77,-0.44621554017066956,-1.5848916043887207,0.3146369755268097,-3.617507472095355
2024-03-07 12:00:00+00:00,0.97,-0.4211027920246124,-1.0560635241156353,0.26098915934562683,-2.1874126141412273
2024-03-07 13:00:00+00:00,0.09,-0.3897099494934082,-1.3628457137623262,0.21111613512039185,-0.9870883105928776
2024-03-07 14:00:00+00:00,0.05,-0.3629513382911682,-1.8474214972615748,0.14905709028244019,1.2091309249838187
2024-03-07 15:00:00+00:00,3.84,-0.3546203672885895,-1.7521597713392856,0.10176663100719452,-0.02640934803679882
2024-03-07 16:00:00+00:00,-1.58,-0.31353622674942017,-1.4530109270239597,0.04907412454485893,-4.468756197580267
2024-03-07 17:00:00+00:00,1.88,-0.26038894057273865,-2.082821447075953,-0.028119655326008797,-1.8431405260602265
2024-03-07 18:00:00+00:00,6.13,-0.21173055469989777,-1.7476767785263587,-0.08775949478149414,-1.0661788980572888
2024-03-11 10:00:00+00:00,-1.89,-0.17207831144332886,-2.2534409039981904,-0.13988131284713745,-0.6434056413357829
2024-03-11 11:00:00+00:00,1.0,-0.11917649954557419,-2.5583572955633085,-0.20222218334674835,1.4173506756558427
2024-03-11 12:00:00+00:00,0.44,-0.08518189191818237,-2.258521818802654,-0.2623457908630371,-2.8934483497443138
2024-03-11 13:00:00+00:00,1.6,-0.03663400933146477,-2.136172102019137,-0.33478718996047974,-4.083634315145481
2024-03-11 14:00:00+00:00,-2.23,-0.0020009707659482956,-1.6043568160823987,-0.3996109366416931,-2.5971469607887614
2024-03-11 15:00:00+00:00,-0.85,0.024331385269761086,-1.3243548841848027,-0.4550565183162689,-1.5828893046495744
2024-03-11 16:00:00+00:00,-1.49,0.05602332204580307,-1.716845568139338,-0.5109764933586121,-0.5678894853887452
2024-03-11 17:00:00+00:00,-1.18,0.09054640680551529,-1.8962813813111756,-0.5641910433769226,-1.5855315584969745
2024-03-11 18:00:00+00:00,-3.64,0.11411155760288239,-2.2644137783331213,-0.6001127362251282,-3.5151263044491503
2024-03-12 10:00:00+00:00,0.78,0.1350707709789276,-2.460786213541374,-0.6286225914955139,-1.7417732179610579
2024-03-12 11:00:00+00:00,-2.5,0.15267053246498108,-1.2579594815218154,-0.6615968346595764,-2.750037303720475
2024-03-12 12:00:00+00:00,-0.03,0.15723322331905365,-1.6021797445584607,-0.6954769492149353,-1.7257489492551188
2024-03-12 13:00:00+00:00,0.97,0.15995804965496063,-2.240553518611273,-0.7266310453414917,-1.2856832710855803
2024-03-12 14:00:00+00:00,-0.24,0.15279006958007812,-1.5775973674137749,-0.7444462180137634,-1.2344957298322958
2024-03-12 15:00:00+00:00,-6.0,0.14246563613414764,-1.907379387057881,-0.7691749334335327,-1.877921527238166
2024-03-12 16:00:00+00:00,0.03,0.13972975313663483,-1.3807440135658968,-0.7894790172576904,-1.0668425358181985
2024-03-12 17:00:00+00:00,1.51,0.13247579336166382,-1.2754380006209187,-0.8139374852180481,-2.3597937595112612
2024-03-12 18:00:00+00:00,2.59,0.11987609416246414,-2.2517113114071727,-0.8254041075706482,-0.625246790287943
2024-03-13 10:00:00+00:00,-0.07,0.10788147151470184,-1.4823933991203653,-0.8258255124092102,-1.523646459041635
2024-03-13 11:00:00+00:00,-1.66,0.09557055681943893,-1.6973409769155583,-0.8347915410995483,-2.28970433686646
2024-03-13 12:00:00+00:00,-0.46,0.07643267512321472,-1.767322218730535,-0.8347223997116089,0.2612672439102963
2024-03-13 13:00:00+00:00,0.09,0.06325998902320862,-1.8563613474397416,-0.8364922404289246,-0.40641193958253263
2024-03-13 14:00:00+00:00,0.21,0.05256015807390213,-1.9134368225661498,-0.8466925621032715,-3.2410383961025557
2024-03-13 15:00:00+00:00,-0.01,0.049195051193237305,-1.4629898270203947,-0.8526764512062073,-0.19514361039612108
2024-03-13 16:00:00+00:00,2.73,0.05051707476377487,-1.9660907816390387,-0.8547095060348511,0.13203519391270668
2024-03-13 17:00:00+00:00,-5.56,0.051140911877155304,-1.9067384682847646,-0.8521639704704285,-0.2001281605670788
2024-03-13 18:00:00+00:00,-10.72,0.052133917808532715,-1.014092191269611,-0.8430781960487366,0.7435858808121886
2024-03-14 10:00:00+00:00,2.15,0.05374667048454285,-0.886380882726153,-0.829338014125824,1.6774368716022217
2024-03-14 11:00:00+00:00,4.16,0.053266897797584534,-0.5050129517363787,-0.8261913061141968,0.28658793708034297
2024-03-14 12:00:00+00:00,-0.93,0.05299810692667961,-1.71419894896365,-0.823703944683075,0.03316480189559652
2024-03-14 13:00:00+00:00,-0.86,0.05161696672439575,-2.272867253170401,-0.8192495703697205,0.7603640258785661
2024-03-14 14:00:00+00:00,-4.62,0.05155060440301895,-3.1109457364255233,-0.818350076675415,-0.7748542967641745
2024-03-14 15:00:00+00:00,0.68,0.05190825089812279,-2.0862889087242853,-0.8174614906311035,-0.605698117331686
2024-03-14 16:00:00+00:00,2.04,0.05260421335697174,-2.364945987834627,-0.8131660223007202,-1.2123234476553413
2024-03-14 17:00:00+00:00,-1.17,0.049577418714761734,-2.422211579351834,-0.8098410964012146,-1.137111219954559
2024-03-14 18:00:00+00:00,-0.57,0.04532470181584358,-2.447111750691488,-0.8008850812911987,-0.2135218538933022
2024-03-15 10:00:00+00:00,-0.44,0.04333292320370674,-1.729527198205023,-0.7849550843238831,0.6960464033886015
2024-03-15 11:00:00+00:00,0.46,0.04182147607207298,-1.6044016752901484,-0.7744622826576233,0.1342873420998375
2024-03-15 12:00:00+00:00,0.33,0.038536857813596725,-1.6403057078171184,-0.766277551651001,-3.169410591941949
2024-03-15 13:00:00+00:00,-0.17,0.03487246856093407,-1.7852222483992364,-0.7634204626083374,-2.256988141062224
2024-03-15 14:00:00+00:00,-2.64,0.026512768119573593,-1.6038392738741094,-0.7616205215454102,-0.16260477251312394
2024-03-15 15:00:00+00:00,-6.72,0.014410790055990219,-1.4716690629085147,-0.7541928291320801,-1.6860613251865655
2024-03-15 16:00:00+00:00,0.4,-0.004470477346330881,-1.3376604681129938,-0.7593209147453308,-1.1525504549140941
2024-03-15 17:00:00+00:00,-4.11,-0.01784800924360752,-1.3528608011012389,-0.7524995803833008,-1.194132160917305
2024-03-15 18:00:00+00:00,9.29,-0.029046574607491493,-1.8524707024352893,-0.7399879097938538,-0.8384526218414969
2024-03-18 10:00:00+00:00,-0.67,-0.04087325185537338,-1.5347638552701643,-0.7216287851333618,-1.2754380385990483
2024-03-18 11:00:00+00:00,1.89,-0.050124283879995346,-1.6486082483849658,-0.7061061263084412,-0.7784735732836752
2024-03-18 12:00:00+00:00,0.46,-0.06204669177532196,-2.199052470186483,-0.6933221220970154,-1.2666355865731282
2024-03-18 13:00:00+00:00,1.21,-0.07609155774116516,-2.6406023055121524,-0.6837582588195801,-0.037349138205359594
2024-03-18 14:00:00+00:00,-1.09,-0.09690995514392853,-2.5484048653693767,-0.6692014932632446,1.3980941908617486
2024-03-18 15:00:00+00:00,5.18,-0.11522631347179413,-1.5238268047437256,-0.6475359797477722,-2.674594373649881
2024-03-18 16:00:00+00:00,-1.62,-0.1428929567337036,-1.723330299189128,-0.6311433911323547,-2.1884012639918624
2024-03-18 17:00:00+00:00,-4.81,-0.16433852910995483,-2.248723357494945,-0.6098905801773071,0.38329401121098106
2024-03-18 18:00:00+00:00,-0.46,-0.18208923935890198,-2.4081563808057855,-0.5798477530479431,0.16793782704338436
2024-03-19 10:00:00+00:00,0.52,-0.19986020028591156,-2.438607101355076,-0.5374699831008911,-0.7328887377448567
2024-03-19 11:00:00+00:00,-2.7,-0.22037652134895325,-2.5674840910910945,-0.4946487247943878,-0.5502666209810775
2024-03-19 12:00:00+00:00,-1.75,-0.24777400493621826,-1.3166628022990148,-0.45977282524108887,-1.6957116297420087
2024-03-19 13:00:00+00:00,-3.69,-0.270444393157959,-2.284434699621372,-0.4365617036819458,-3.607069669615332
2024-03-19 14:00:00+00:00,-0.62,-0.2970074415206909,-1.4708787367746228,-0.41788768768310547,-3.307185610364689
2024-03-19 15:00:00+00:00,-2.08,-0.3238266408443451,-1.6080442349152622,-0.39981335401535034,0.6213931830636054
2024-03-19 16:00:00+00:00,-6.64,-0.34878045320510864,-1.7346235003387547,-0.3808326721191406,0.3951946359724161
2024-03-19 17:00:00+00:00,-0.52,-0.3787350058555603,-1.0704256775513834,-0.35605359077453613,-0.566669656065546
2024-03-19 18:00:00+00:00,2.48,-0.40779951214790344,-1.3354783051548775,-0.32275789976119995,-3.8244172676345047
2024-03-20 10:00:00+00:00,-0.17,-0.4347551465034485,-1.6498676199125173,-0.3046882152557373,-1.5123336621713792
2024-03-20 11:00:00+00:00,0.45,-0.45822614431381226,-1.433767842198311,-0.28668099641799927,0.27174517481823324
2024-03-20 12:00:00+00:00,1.03,-0.47424235939979553,-1.6973460305405874,-0.26269155740737915,-0.3100138464746371
2024-03-20 13:00:00+00:00,-4.28,-0.49458077549934387,-1.639875925696491,-0.2349732220172882,-0.5444640540919851
2024-03-20 14:00:00+00:00,-0.04,-0.5098350048065186,-1.8541178048648024,-0.2045033872127533,-3.4492835526166994
2024-03-20 15:00:00+00:00,6.35,-0.5233099460601807,-1.370898699821465,-0.17936237156391144,-3.5423575343955442
2024-03-20 16:00:00+00:00,-0.33,-0.5465779900550842,-2.0798500867700214,-0.16993623971939087,-1.3728895602312585
2024-03-20 17:00:00+00:00,-3.18,-0.5597010254859924,-1.78401063653612,-0.13625317811965942,0.6119059928272373
2024-03-20 18:00:00+00:00,7.89,-0.569713830947876,-1.399374633179877,-0.11374562978744507,1.0074645225023813
2024-03-21 10:00:00+00:00,-0.32,-0.5811015963554382,-1.646165699579502,-0.0798041895031929,-0.10217118325136296
2024-03-21 11:00:00+00:00,4.94,-0.5889852643013,-1.5446540914462368,-0.047255221754312515,-2.7369192264589053
2024-03-21 12:00:00+00:00,2.09,-0.5996931195259094,-0.8730826204848946,-0.02042802982032299,-0.5422402861814374
2024-03-21 13:00:00+00:00,-1.15,-0.611728310585022,-1.1104358042134452,0.006053220946341753,-1.9613325828514636
2024-03-21 14:00:00+00:00,-4.21,-0.617150068283081,-1.5687435756171826,0.0369277223944664,-0.6948070777051886
2024-03-21 15:00:00+00:00,0.18,-0.6269026398658752,-1.4933918217550204,0.06471630930900574,-2.1757167515271307
2024-03-21 16:00:00+00:00,-2.08,-0.6397541165351868,-1.183612587972498,0.08631543070077896,-2.7905155083654978
2024-03-21 17:00:00+00:00,3.32,-0.6424671411514282,-0.9948689130126034,0.11880046129226685,-4.573035932530579
2024-03-21 18:00:00+00:00,-1.29,-0.64776611328125,-1.515116706290581,0.13777820765972137,-0.9827397003293319
2024-03-22 10:00:00+00:00,-3.98,-0.6511272192001343,-1.2734798253169992,0.1740049570798874,-0.2914191912933536
2024-03-22 11:00:00+00:00,-3.97,-0.6538240909576416,-1.2727953249026298,0.20633846521377563,-5.054868685673872
2024-03-22 12:00:00+00:00,0.42,-0.6569350957870483,-1.347425326826589,0.2386426329612732,-4.174277130354532
2024-03-22 13:00:00+00:00,-0.73,-0.6624822020530701,-1.4187239277695598,0.27230989933013916,-5.264293025186514
2024-03-22 14:00:00+00:00,-2.04,-0.6724568009376526,-0.7798098612972375,0.30801522731781006,-3.6449501803349587
2024-03-22 15:00:00+00:00,-2.06,-0.679156482219696,0.12364064969027104,0.32643362879753113,-0.43627591538907107
2024-03-22 16:00:00+00:00,-2.83,-0.6872703433036804,-0.3798126275494238,0.3201017677783966,-2.6017242384512786
2024-03-22 17:00:00+00:00,5.0,-0.693891167640686,-0.37014108331085305,0.3246680796146393,-1.2318730192826042
2024-03-22 18:00:00+00:00,-9.53,-0.7018300890922546,-1.1147206436634214,0.33586663007736206,-1.506415401160149
2024-03-25 10:00:00+00:00,-1.08,-0.7142803072929382,-0.8278419237278817,0.33806511759757996,-1.075793573006277
2024-03-25 11:00:00+00:00,-3.78,-0.7282896041870117,-1.2512892336310126,0.3261834383010864,-5.166929303290884
2024-03-25 12:00:00+00:00,4.4,-0.7367143630981445,-0.4762410819379784,0.30781614780426025,0.08626602137041298
2024-03-25 13:00:00+00:00,1.99,-0.7392528057098389,-0.4252972973568536,0.29793718457221985,-1.3753464667440847
2024-03-25 14:00:00+00:00,2.38,-0.7368355393409729,-1.214875442123244,0.2968432307243347,-2.1303603782326688
2024-03-25 15:00:00+00:00,2.67,-0.7353319525718689,-2.3544650791484423,0.2917488217353821,-0.032891144768150804
2024-03-25 16:00:00+00:00,2.42,-0.7344945073127747,-2.56967885644473,0.2858939468860626,0.17072420571233848
2024-03-25 17:00:00+00:00,3.11,-0.7328541278839111,-1.8482189902229194,0.28027328848838806,-0.2459530245740669
2024-03-25 18:00:00+00:00,-1.04,-0.7252629995346069,-1.843669687301717,0.27349716424942017,0.7895840357697357
2024-03-26 10:00:00+00:00,2.62,-0.7160393595695496,-2.303947117227986,0.2803736627101898,0.07055397430522317
2024-03-26 11:00:00+00:00,0.71,-0.7041093707084656,-1.8184115935805973,0.29284554719924927,0.12714699415561406
2024-03-26 12:00:00+00:00,-2.07,-0.6882298588752747,-0.6848549628888216,0.28969159722328186,-1.0576742493508164
2024-03-26 13:00:00+00:00,2.62,-0.674140214920044,-1.2095303893444376,0.2980565130710602,-3.690824411633488
2024-03-26 14:00:00+00:00,-0.48,-0.6592355370521545,-0.7134072987597043,0.28907594084739685,-5.55436646040281
2024-03-26 15:00:00+00:00,-2.06,-0.6458513140678406,-0.6934878121423033,0.27469220757484436,-0.9158217483720489
2024-03-26 16:00:00+00:00,0.41,-0.6298537850379944,-1.0553319124205276,0.26256662607192993,-1.9895113425712938
2024-03-26 17:00:00+00:00,-0.13,-0.6128184795379639,-0.8875848257123702,0.25289252400398254,-3.272006831015503
2024-03-26 18:00:00+00:00,1.86,-0.5913686156272888,-0.06624912448398573,0.24154432117938995,-1.5931587376992735
2024-03-27 10:00:00+00:00,-1.57,-0.5696965456008911,0.21527305550638384,0.24074296653270721,-2.0924785995381407
2024-03-27 11:00:00+00:00,0.02,-0.549373984336853,0.5386585004797637,0.2457185983657837,-0.4516796703078555
2024-03-27 12:00:00+00:00,1.42,-0.5320495963096619,0.4369752367004422,0.24063830077648163,-1.303546991348751
2024-03-27 13:00:00+00:00,0.9,-0.5186525583267212,0.23878601934318236,0.24641473591327667,-1.5821016330020345
2024-03-27 14:00:00+00:00,2.62,-0.5015016198158264,0.5237260399150101,0.24971163272857666,-1.3737383897590438
2024-03-27 15:00:00+00:00,5.52,-0.48711344599723816,0.3604514834017579,0.239629864692688,-2.7859681600492303
2024-03-27 16:00:00+00:00,2.55,-0.4818900227546692,-1.066188915319193,0.23930178582668304,-3.137946910197625
2024-03-27 17:00:00+00:00,0.42,-0.46928733587265015,0.4829968873136063,0.22114324569702148,-2.8273579340208674
2024-03-27 18:00:00+00:00,-0.94,-0.4593780040740967,0.5686262096335439,0.22609657049179077,-2.717840445419736
2024-03-28 10:00:00+00:00,-1.64,-0.4490993022918701,0.624650892780649,0.22999925911426544,-2.944178295901488
2024-03-28 11:00:00+00:00,1.21,-0.4398321807384491,0.682411742518832,0.23058852553367615,-1.6739295821954912
2024-03-28 12:00:00+00:00,-0.5,-0.43512725830078125,0.3026048340876346,0.2335798144340515,-0.6890717972487029
2024-03-28 13:00:00+00:00,0.61,-0.42621806263923645,-0.049127213019525245,0.233687624335289,-2.157538437135994
2024-03-28 14:00:00+00:00,-2.69,-0.41502517461776733,-0.2610015184668965,0.23616790771484375,-0.1311144309808587
2024-03-28 15:00:00+00:00,0.15,-0.4089091122150421,-0.4119746096047384,0.25494062900543213,-4.017512151422369
2024-03-28 16:00:00+00:00,0.01,-0.4061996340751648,-0.5340526633299442,0.27199164032936096,-2.3755104029931267
2024-03-28 17:00:00+00:00,2.1,-0.4039299488067627,-1.1940606802883726,0.28117817640304565,-0.09965966340351806
2024-03-28 18:00:00+00:00,0.97,-0.40485814213752747,-1.3666419529148315,0.28135162591934204,-1.0969302749717331
2024-03-29 10:00:00+00:00,-1.77,-0.3990991413593292,-0.9075030184638531,0.27678772807121277,-2.2468695316442795
2024-03-29 11:00:00+00:00,0.03,-0.3887651860713959,-1.719700342917411,0.28012382984161377,-0.25496884633974587
2024-03-29 12:00:00+00:00,3.98,-0.38164669275283813,-1.5867277136689544,0.2939562201499939,-1.7554163565371945
2024-03-29 13:00:00+00:00,0.49,-0.3746625781059265,-0.6755995788217838,0.3033219575881958,-1.6448816598315563
2024-03-29 14:00:00+00:00,2.56,-0.35866016149520874,-1.2627348184303095,0.3198411464691162,-1.3241909741391107
2024-03-29 15:00:00+00:00,-0.2,-0.33893388509750366,-1.8855521844683434,0.3260912299156189,-1.5455679607636568
2024-03-29 16:00:00+00:00,3.52,-0.33623257279396057,-1.4095370474918572,0.3400241732597351,-2.3154559064492357
2024-03-29 17:00:00+00:00,-0.93,-0.31660863757133484,-1.4278071197994768,0.3567584753036499,-1.3837645655172544
2024-03-29 18:00:00+00:00,9.1,-0.29514774680137634,-1.3956845091723054,0.37421584129333496,0.18647530785538277
2024-04-01 10:00:00+00:00,-0.04,-0.2753528654575348,-1.2302917250766723,0.39405927062034607,-2.9067800490932507
2024-04-01 11:00:00+00:00,0.14,-0.2558656632900238,-1.1425393708638336,0.40910887718200684,-0.9960361430721746
2024-04-01 12:00:00+00:00,0.53,-0.23749935626983643,-0.6197420322903323,0.42020389437675476,-2.3816150660571314
2024-04-01 13:00:00+00:00,-1.35,-0.22400721907615662,-1.1625989630626612,0.4318508207798004,-2.948570818240945
2024-04-01 14:00:00+00:00,1.91,-0.21091371774673462,-0.6780528745018407,0.4406525492668152,-3.3222133953797743
2024-04-01 15:00:00+00:00,0.67,-0.2059420347213745,-0.9671851674746521,0.4449186623096466,-2.6065992333140584
2024-04-01 16:00:00+00:00,0.07,-0.19531841576099396,-0.7426944392267631,0.4484676122665405,-1.716186165962859
2024-04-01 17:00:00+00:00,-0.11,-0.1894160658121109,-0.9738678193930776,0.4515228569507599,-2.6640608685924163
2024-04-01 18:00:00+00:00,-3.48,-0.1858365386724472,-0.9269993514510619,0.46912187337875366,-1.7929719058829043
2024-04-02 10:00:00+00:00,0.86,-0.18943855166435242,-0.5605156916404535,0.4777510166168213,-0.7574031028080913
2024-04-02 11:00:00+00:00,0.71,-0.18521274626255035,-0.9688639366125806,0.5020442008972168,-4.199814024137021
2024-04-02 12:00:00+00:00,-0.15,-0.18664982914924622,-1.314710223525534,0.538831353187561,-0.2551465584857685
2024-04-02 13:00:00+00:00,0.57,-0.1757395714521408,-1.401924039223395,0.5564149022102356,-2.3245174104245487
2024-04-02 14:00:00+00:00,-0.53,-0.16587010025978088,-1.6702928204409295,0.5830323100090027,-1.2215405228079834
2024-04-02 15:00:00+00:00,-1.49,-0.1601225733757019,-1.6485860666474128,0.5985695719718933,-1.2274720068400753
2024-04-02 16:00:00+00:00,2.25,-0.1412820667028427,-1.417518131528334,0.6344608664512634,-0.41249744572893154
2024-04-02 17:00:00+00:00,1.38,-0.1249421015381813,-1.287758311351106,0.6619358658790588,-1.1816231884883022
2024-04-02 18:00:00+00:00,5.8,-0.11235282570123672,-1.1824692768427416,0.6911474466323853,-1.8597112621187613
2024-04-03 10:00:00+00:00,0.66,-0.10078425705432892,-1.4376928975977115,0.6821090579032898,-2.422136107339332
2024-04-03 11:00:00+00:00,0.5,-0.09456587582826614,-1.4475002516529818,0.6672407984733582,-2.5540872523768905
2024-04-03 12:00:00+00:00,2.03,-0.07847806811332703,-1.381346246231689,0.6502358913421631,-0.1668940490593688
2024-04-03 13:00:00+00:00,-2.38,-0.05700628086924553,-1.5894227886448768,0.640163242816925,-0.5072070219724635
2024-04-03 14:00:00+00:00,-0.71,-0.026558618992567062,-0.9088548734252742,0.6377299427986145,-4.1989699932964415
2024-04-03 15:00:00+00:00,1.31,-0.006682530511170626,-1.3241256925566351,0.6163380742073059,-2.4344366651986995
2024-04-03 16:00:00+00:00,3.47,0.014442065730690956,-0.7466015497659244,0.6219363808631897,-1.0775329091817514
2024-04-03 17:00:00+00:00,-1.24,0.048213522881269455,-1.6761879278157341,0.6189414262771606,0.7583647066973591
2024-04-03 18:00:00+00:00,0.81,0.08272108435630798,-0.5669331001470062,0.6170876026153564,0.9751732789856277
2024-04-04 10:00:00+00:00,1.4,0.11112598329782486,-1.508572110537481,0.621720552444458,-1.7374572617728097
2024-04-04 11:00:00+00:00,2.77,0.13145402073860168,-2.2138695489510924,0.646866500377655,-2.0682240362509847
2024-04-04 12:00:00+00:00,0.41,0.1498621106147766,-1.9217035871043544,0.6643704175949097,-1.9236126256031567
2024-04-04 13:00:00+00:00,0.05,0.1611110121011734,-1.848052342653486,0.6656967997550964,-1.9762342307997358
2024-04-04 14:00:00+00:00,-0.7,0.17427793145179749,-1.5371788272481663,0.6567294597625732,-1.593612671430418
2024-04-04 15:00:00+00:00,0.1,0.1804511398077011,-1.6780243974059412,0.6427938938140869,-0.47914947109001027
2024-04-04 16:00:00+00:00,1.09,0.1951514333486557,-2.0383985187480147,0.6245675683021545,-2.823530483581041
2024-04-04 17:00:00+00:00,0.44,0.20068557560443878,-1.3733971803163834,0.6152634620666504,-1.963682962056675
2024-04-04 18:00:00+00:00,-5.58,0.2063465714454651,-1.1739109930548266,0.6027856469154358,-1.4815570429566396
2024-04-05 10:00:00+00:00,0.16,0.2138204425573349,-2.3044431924271462,0.5953778624534607,-0.038438844921820516
2024-04-05 11:00:00+00:00,-3.03,0.22106826305389404,-2.532230248678895,0.5902849435806274,-0.08342333495658918
2024-04-05 12:00:00+00:00,-0.1,0.2286922186613083,-2.147619613086039,0.5853851437568665,-1.6088910228780158
2024-04-05 13:00:00+00:00,1.37,0.23340509831905365,-2.5598481823888943,0.5869336128234863,-2.727385661181542
2024-04-05 14:00:00+00:00,0.65,0.24178236722946167,-1.815289146848038,0.5957968831062317,-3.475842727526773
2024-04-05 15:00:00+00:00,-2.4,0.25222039222717285,-2.266133777865644,0.61139315366745,-1.2044121110208845
2024-04-05 16:00:00+00:00,2.2,0.26341521739959717,-2.0660933926099183,0.6368138194084167,-1.536432083603183
2024-04-05 17:00:00+00:00,-1.12,0.27869439125061035,-1.9889775800998035,0.6624407172203064,-1.1283835022264783
2024-04-05 18:00:00+00:00,6.49,0.2938905358314514,-1.4160407505595756,0.6809849739074707,-2.774295258843803
2024-04-08 10:00:00+00:00,1.23,0.305048406124115,-1.5670066909703864,0.6991114616394043,-2.4947654771674777
2024-04-08 11:00:00+00:00,1.02,0.31783172488212585,-1.9716453820357258,0.7111774682998657,-3.65612450954543
2024-04-08 12:00:00+00:00,-0.32,0.33412647247314453,-2.241072827355521,0.7059770822525024,-2.689282071446113
2024-04-08 13:00:00+00:00,-1.82,0.3497098386287689,-2.1911128194039398,0.7057369947433472,-1.77807320973611
2024-04-08 14:00:00+00:00,-0.02,0.3620122969150543,-2.135797891706721,0.7119174599647522,-2.9889200559089204
2024-04-08 15:00:00+00:00,-0.48,0.37047794461250305,-2.5866967625953587,0.7116660475730896,-1.1236158132312781
2024-04-08 16:00:00+00:00,1.35,0.3743543326854706,-3.0811204165736608,0.7110716104507446,-1.7066221067697835
2024-04-08 17:00:00+00:00,-1.06,0.37813323736190796,-2.4630934138940725,0.713506817817688,-2.3702068496174946
2024-04-08 18:00:00+00:00,3.98,0.38142094016075134,-2.676505522974511,0.6992266178131104,-0.7696725916601744
2024-04-09 10:00:00+00:00,2.22,0.384891152381897,-2.3177763954224653,0.6882533431053162,-1.1572163545166059
2024-04-09 11:00:00+00:00,-2.43,0.39022377133369446,-2.659393013517539,0.6866902112960815,0.5163195663458537
2024-04-09 12:00:00+00:00,1.12,0.3913607597351074,-2.341187947124963,0.6822875738143921,-1.7855099645204613
2024-04-09 13:00:00+00:00,-4.34,0.38881561160087585,-2.2766077812226615,0.6783868670463562,-4.071349454555694
2024-04-09 14:00:00+00:00,-1.6,0.38380512595176697,-2.3573600158068806,0.6821160912513733,-1.4003321359399066
2024-04-09 15:00:00+00:00,2.22,0.3800960183143616,-2.505112239528037,0.6942906975746155,-2.805248286460229
2024-04-09 16:00:00+00:00,-1.41,0.369751513004303,-2.761693445637573,0.7093584537506104,-2.0892789821006406
2024-04-09 17:00:00+00:00,-3.62,0.36357903480529785,-3.00775234659405,0.7584183812141418,-2.714158641589831
2024-04-09 18:00:00+00:00,-4.74,0.3587077856063843,-2.233668662534293,0.7937725186347961,-4.715745054890198
2024-04-10 10:00:00+00:00,2.86,0.3510409891605377,-2.1232444411068467,0.8280685544013977,-2.1929227181398376
2024-04-10 11:00:00+00:00,2.02,0.3381020426750183,-1.9579359904543883,0.8628596067428589,-3.54701632324794
2024-04-10 12:00:00+00:00,3.21,0.3212437927722931,-2.3921660064378947,0.895929753780365,-1.5717557155817747
2024-04-10 13:00:00+00:00,-0.73,0.30444034934043884,-2.599987939292166,0.9304502606391907,-2.4956575813358044
2024-04-10 14:00:00+00:00,-3.53,0.2900966703891754,-3.3993201276401614,0.9614367485046387,-3.689229225613524
2024-04-10 15:00:00+00:00,0.63,0.2775256335735321,-2.767497205667284,0.9868241548538208,-2.8596695684175426
2024-04-10 16:00:00+00:00,-0.68,0.2636342942714691,-3.1185964414111162,1.0085139274597168,-3.1604696262276724
2024-04-10 17:00:00+00:00,1.91,0.24640370905399323,-2.803949362192726,1.0267155170440674,0.27541213305422796
2024-04-10 18:00:00+00:00,-2.06,0.22956746816635132,-2.671672157702752,1.041428804397583,-0.7705764426727951
2024-04-11 10:00:00+00:00,-1.3,0.21340925991535187,-3.0930516161165107,1.055423617362976,-0.6092427154487455
2024-04-11 11:00:00+00:00,-0.6,0.19963252544403076,-3.4126831612094013,1.066508412361145,-2.662955152440541
2024-04-11 12:00:00+00:00,0.84,0.18407593667507172,-3.5254632459306627,1.0690544843673706,-4.455362115205225
2024-04-11 13:00:00+00:00,-0.11,0.17166808247566223,-3.5170320199762015,1.079026222229004,-2.691274454914141
2024-04-11 14:00:00+00:00,2.76,0.1568601429462433,-3.818586612837878,1.0869895219802856,-2.666603520450651
2024-04-11 15:00:00+00:00,3.53,0.14497993886470795,-3.438317922012626,1.095284342765808,-1.3057166523555572
2024-04-11 16:00:00+00:00,-0.63,0.12670791149139404,-2.944089795995808,1.1035937070846558,-2.1309647210686173
2024-04-11 17:00:00+00:00,0.54,0.11816101521253586,-2.8066947890989304,1.1181154251098633,-3.548202371215845
2024-04-11 18:00:00+00:00,1.72,0.11197702586650848,-2.804135515108873,1.1392474174499512,-1.9224601278657087
2024-04-12 10:00:00+00:00,-0.09,0.10601646453142166,-2.913426727758341,1.1656910181045532,-2.695239571331245
2024-04-12 11:00:00+00:00,2.69,0.10283389687538147,-2.6104127474412016,1.1946254968643188,-1.8612457793743624
2024-04-12 12:00:00+00:00,-0.96,0.10056319832801819,-2.8022546184247714,1.215219259262085,-4.387596934593409
2024-04-12 13:00:00+00:00,-0.82,0.09698190540075302,-3.4621488177555326,1.234420657157898,-3.1485226819025707
2024-04-12 14:00:00+00:00,-1.21,0.09288997948169708,-3.4599043502941322,1.2520943880081177,-3.8604620342383904
2024-04-12 15:00:00+00:00,3.13,0.089411661028862,-3.6393259748780196,1.2725493907928467,-2.9771030492454558
2024-04-12 16:00:00+00:00,1.59,0.08575378358364105,-2.9787423037241814,1.2968063354492188,-2.595945954462745
2024-04-12 17:00:00+00:00,-2.88,0.08377222716808319,-3.0857725371040856,1.3136109113693237,-4.92207524732965
2024-04-12 18:00:00+00:00,-2.17,0.0849723145365715,-3.040977954131701,1.3356775045394897,-4.340407949224074
2024-04-15 10:00:00+00:00,3.57,0.08572831749916077,-3.15489182760779,1.3563194274902344,-2.516461372775947
2024-04-15 11:00:00+00:00,1.18,0.08445592224597931,-2.7129032758951346,1.3734934329986572,-4.451402347282628
2024-04-15 12:00:00+00:00,0.6,0.07898415625095367,-2.8251802076391397,1.3802329301834106,-2.8518599267035283
2024-04-15 13:00:00+00:00,-0.33,0.07401242852210999,-2.887704431805328,1.38899564743042,-4.352521096014315
2024-04-15 14:00:00+00:00,-0.87,0.06872134655714035,-2.676368065083541,1.3902636766433716,-5.205658451202542
2024-04-15 15:00:00+00:00,1.24,0.06326891481876373,-2.875171542756383,1.3975869417190552,-1.9983384425518846
2024-04-15 16:00:00+00:00,0.65,0.05184226110577583,-2.6528787204999915,1.4051647186279297,-2.357305335935802
2024-04-15 17:00:00+00:00,-2.48,0.04500311613082886,-2.639310333082317,1.4042925834655762,-3.151624755808789
2024-04-15 18:00:00+00:00,-4.2,0.03494979813694954,-3.4380840826791106,1.405837893486023,-2.2238371940426993
2024-04-16 10:00:00+00:00,-1.73,0.023893993347883224,-3.2135208341165873,1.4085382223129272,-3.4207241302134084
2024-04-16 11:00:00+00:00,0.67,0.013844579458236694,-2.8560146244539633,1.40316903591156,-1.5007325188284768
2024-04-16 12:00:00+00:00,0.12,0.005148979835212231,-2.358505534427103,1.4108970165252686,-0.8895932016366225
2024-04-16 13:00:00+00:00,-4.88,-0.0003828260232694447,-3.224923366642944,1.4257335662841797,-2.6927793013517896
2024-04-16 14:00:00+00:00,1.34,-0.00493946997448802,-2.365419108701027,1.4370348453521729,-2.161630676428186
2024-04-16 15:00:00+00:00,0.17,-0.009958972223103046,-2.7411652106622073,1.4473544359207153,-2.172038270922215
2024-04-16 16:00:00+00:00,-2.24,-0.013470932841300964,-2.8539897434292127,1.4643369913101196,-0.42897194397757554
2024-04-16 17:00:00+00:00,-0.71,-0.018623342737555504,-2.746656997287322,1.4786521196365356,-0.38858737409831084
2024-04-16 18:00:00+00:00,3.14,-0.023446546867489815,-2.1108916778995477,1.4983808994293213,-0.18606048018149224
2024-04-17 10:00:00+00:00,-3.85,-0.02742731384932995,-2.582862865158422,1.5105984210968018,-3.5260589010349723
2024-04-17 11:00:00+00:00,-2.48,-0.029719483107328415,-2.5755989249023594,1.512198567390442,-4.350751911685583
2024-04-17 12:00:00+00:00,2.91,-0.030832018703222275,-2.4905281896205524,1.5191954374313354,-4.235431221758553
2024-04-17 13:00:00+00:00,-2.17,-0.03221185505390167,-2.6632943529038204,1.5159900188446045,-3.5396475953865894
2024-04-17 14:00:00+00:00,0.72,-0.034713149070739746,-2.8713720430062084,1.5180041790008545,-1.0714936560537023
2024-04-17 15:00:00+00:00,1.34,-0.03859316557645798,-3.2071191003192623,1.5122896432876587,-1.3381868415128437
2024-04-17 16:00:00+00:00,1.5,-0.04024922847747803,-3.618881731340891,1.4985541105270386,-2.0923042173971953
2024-04-17 17:00:00+00:00,-2.29,-0.042256250977516174,-3.736177492399679,1.4868590831756592,-4.750974560181062
2024-04-17 18:00:00+00:00,-2.55,-0.04598737135529518,-3.6899799376612696,1.4645440578460693,-3.633966589131445
2024-04-18 10:00:00+00:00,2.28,-0.04935843124985695,-3.280477063533754,1.4490232467651367,-3.4265465166996427
2024-04-18 11:00:00+00:00,0.48,-0.05440934747457504,-3.198897394895202,1.4408233165740967,-2.46096471287744
2024-04-18 12:00:00+00:00,-2.22,-0.05928906425833702,-4.059336081680392,1.427781581878662,-2.7327550789332227
2024-04-18 13:00:00+00:00,1.05,-0.06420484185218811,-3.8413239199754985,1.4360766410827637,-2.9175496104249765
2024-04-18 14:00:00+00:00,3.34,-0.06991082429885864,-3.567032036204497,1.4376219511032104,-3.461553798342436
2024-04-18 15:00:00+00:00,1.04,-0.0757417231798172,-3.1966461087583804,1.4513568878173828,-3.3291963779506046
2024-04-18 16:00:00+00:00,0.59,-0.0886392891407013,-3.62596538247991,1.484994649887085,-1.3254420669082467
2024-04-18 17:00:00+00:00,2.31,-0.09843682497739792,-3.6913114137275826,1.476799726486206,-3.722137255261317
2024-04-18 18:00:00+00:00,4.08,-0.10588624328374863,-3.8908446477450473,1.4724297523498535,-4.336652688098893
2024-04-19 10:00:00+00:00,-0.01,-0.11092526465654373,-2.9282039341249284,1.4564727544784546,-2.7119779415506455
2024-04-19 11:00:00+00:00,1.16,-0.11221940815448761,-3.3977717643661776,1.419373631477356,-1.0746131417481546
2024-04-19 12:00:00+00:00,2.13,-0.11129926890134811,-2.946372977442905,1.3928128480911255,-2.42123394874039
2024-04-19 13:00:00+00:00,0.58,-0.1106891855597496,-3.7558915793068284,1.3533291816711426,-4.498894185577803
2024-04-19 14:00:00+00:00,4.06,-0.10822469741106033,-3.5977331642113803,1.3263691663742065,-3.7264041233153558
2024-04-19 15:00:00+00:00,0.67,-0.10372921079397202,-3.0201202921668893,1.3094887733459473,-1.2908320619120865
2024-04-19 16:00:00+00:00,1.39,-0.10209954530000687,-3.4132005936960663,1.2945023775100708,-1.2261258955191277
2024-04-19 17:00:00+00:00,-0.98,-0.09402443468570709,-3.4346795293472336,1.2569687366485596,-4.3154633850415545
2024-04-19 18:00:00+00:00,0.16,-0.0836683064699173,-3.631814131840054,1.2180925607681274,-1.597997693004795
2024-04-22 10:00:00+00:00,-0.79,-0.07655627280473709,-2.9391828286724064,1.168289065361023,-3.597781671473746
2024-04-22 11:00:00+00:00,0.02,-0.06623305380344391,-2.9836800487503834,1.1404081583023071,-1.803608212020389
2024-04-22 12:00:00+00:00,0.38,-0.05624200403690338,-3.0978926707571817,1.12834894657135,-2.646444249329814
2024-04-22 13:00:00+00:00,-2.18,-0.04399429261684418,-3.6940140980725307,1.1111079454421997,-1.1798842514651087
2024-04-22 14:00:00+00:00,-0.21,-0.03238603100180626,-3.458177998287358,1.1098493337631226,-1.495182364703298
2024-04-22 15:00:00+00:00,0.05,-0.02075899764895439,-3.4614046034513617,1.0899999141693115,-1.9940387923562246
2024-04-22 16:00:00+00:00,1.29,-0.01010786835104227,-3.526015623072757,1.0963315963745117,-2.178675606303051
2024-04-22 17:00:00+00:00,1.77,-0.0005345095996744931,-2.755625888173261,1.093420386314392,-2.6972226430851087
2024-04-22 18:00:00+00:00,0.33,0.007832069881260395,-2.9561048402441115,1.0747407674789429,-1.770436844247433
2024-04-23 10:00:00+00:00,1.15,0.016297170892357826,-2.9094676650911535,1.0652612447738647,-2.5892015092193734
2024-04-23 11:00:00+00:00,-4.5,0.02302813157439232,-2.9861617930569717,1.038932204246521,-2.7181903284200226
2024-04-23 12:00:00+00:00,-0.36,0.030171765014529228,-3.0199928613867604,1.0156272649765015,-0.672599019644912
2024-04-23 13:00:00+00:00,1.57,0.03742971643805504,-2.9902460922442398,1.0103657245635986,-1.2537604780639353
2024-04-23 14:00:00+00:00,-6.57,0.04541411250829697,-3.2433091799732856,1.026287317276001,-1.9791535707395052
2024-04-23 15:00:00+00:00,0.27,0.052737679332494736,-2.3049291181949734,1.0353641510009766,3.2764996053057223
2024-04-23 16:00:00+00:00,2.89,0.05871115252375603,-2.9140223349741383,1.0645595788955688,-0.8872167085616269
2024-04-23 17:00:00+00:00,-5.45,0.06283282488584518,-3.21718999491544,1.0573322772979736,-3.134091757621353
2024-04-23 18:00:00+00:00,7.82,0.06819231063127518,-1.834240484312514,1.0626224279403687,-2.1516715463411145
2024-04-24 10:00:00+00:00,-2.81,0.07133844494819641,-3.2447527901634423,1.0551005601882935,-3.5628397459289762
2024-04-24 11:00:00+00:00,0.87,0.07571812719106674,-3.0925706626217764,1.028667688369751,-1.280802641637031
2024-04-24 12:00:00+00:00,-0.92,0.08039150387048721,-3.3041730630874233,1.006855845451355,-1.6254195584939122
2024-04-24 13:00:00+00:00,3.15,0.0847780629992485,-3.1570619421183403,0.9738487005233765,-0.7594861605412049
2024-04-24 14:00:00+00:00,-2.36,0.09098426252603531,-3.5821190759477144,0.9312795996665955,-1.4915861459011566
2024-04-24 15:00:00+00:00,4.17,0.10004252940416336,-3.6224005117957,0.9037765264511108,-2.7167185965949288
2024-04-24 16:00:00+00:00,-2.63,0.11080612242221832,-3.4639978945170125,0.878360390663147,-4.627328609944755
2024-04-24 17:00:00+00:00,0.27,0.1252497136592865,-3.683726874232776,0.8478391170501709,-2.7764611538890422
2024-04-24 18:00:00+00:00,1.52,0.13737232983112335,-3.8810971579648967,0.8176252245903015,-2.888063195020647
2024-04-25 10:00:00+00:00,1.66,0.15047232806682587,-2.7879785417283856,0.7844717502593994,-2.512228959215529
2024-04-25 11:00:00+00:00,-1.28,0.16469509899616241,-2.485736401179384,0.7500132322311401,-1.2648841461462599
2024-04-25 12:00:00+00:00,2.06,0.17581316828727722,-3.252854580094632,0.7454470992088318,-2.018356599128731
2024-04-25 13:00:00+00:00,-1.07,0.18553058803081512,-2.966739946275232,0.7306140065193176,-3.281952016446935
2024-04-25 14:00:00+00:00,0.91,0.193999782204628,-3.0918168990567425,0.7090978622436523,-3.045282497034394
2024-04-25 15:00:00+00:00,0.34,0.20130254328250885,-3.001611582992063,0.7112517952919006,-3.261625685548113
2024-04-25 16:00:00+00:00,1.86,0.20672188699245453,-2.9926668780764425,0.7167397737503052,-0.7408673672096316
2024-04-25 17:00:00+00:00,1.63,0.22029069066047668,-2.7838275293720685,0.7200716137886047,-3.601397598328499
2024-04-25 18:00:00+00:00,1.21,0.23264138400554657,-2.6662831636110025,0.7126689553260803,-3.3429573573926006
2024-04-26 10:00:00+00:00,0.98,0.2426341027021408,-2.197392801288679,0.6816301941871643,-2.0761765623962614
2024-04-26 11:00:00+00:00,1.39,0.2518356740474701,-2.2569452725437134,0.6599674224853516,-4.513291629789707
2024-04-26 12:00:00+00:00,-0.57,0.2598176598548889,-2.8101884282734537,0.65655118227005,-1.9122736357819177
2024-04-26 13:00:00+00:00,1.41,0.26968175172805786,-2.781155907519637,0.6369615197181702,0.11369428113896202
2024-04-26 14:00:00+00:00,1.68,0.28004327416419983,-2.649555848900144,0.620343804359436,-3.7901182197951373
2024-04-26 15:00:00+00:00,1.12,0.2934117019176483,-2.892637319797963,0.6030164957046509,-4.970853897357043
2024-04-26 16:00:00+00:00,3.2,0.31143584847450256,-2.6661094088584214,0.5557094216346741,-2.050282057670495
2024-04-26 17:00:00+00:00,-2.32,0.32469162344932556,-3.009605199046442,0.5243661403656006,-2.7362145445443855
2024-04-26 18:00:00+00:00,-1.01,0.33624467253685,-2.346536918885755,0.5012418031692505,-1.7752752578899982
2024-04-27 10:00:00+00:00,2.04,0.34756070375442505,-2.146319348724676,0.46448081731796265,-1.5785690075222782
2024-04-27 11:00:00+00:00,-1.83,0.3566974103450775,-2.426947732640479,0.4308513104915619,-5.250993503350388
2024-04-27 12:00:00+00:00,0.17,0.3655737042427063,-3.194326828578366,0.40729665756225586,-4.008238151179523
2024-04-27 13:00:00+00:00,-0.52,0.37761062383651733,-3.3100631498351243,0.3878694176673889,-1.188097501324965
2024-04-27 14:00:00+00:00,-3.24,0.39015576243400574,-3.0570050999966645,0.3551808297634125,-2.3252028377072684
2024-04-27 15:00:00+00:00,-1.7,0.4015507996082306,-3.3991131290003658,0.3134572505950928,-0.5437124142096414
2024-04-27 16:00:00+00:00,2.36,0.4134657680988312,-2.201062646420456,0.2808837294578552,-2.252105366320165
2024-04-27 17:00:00+00:00,-0.81,0.4256961941719055,-2.380837381634898,0.2537684142589569,-4.333776001369071
2024-04-27 18:00:00+00:00,-2.96,0.4355190098285675,-2.6326783143586883,0.23096121847629547,-1.3290088037854044
2024-04-29 10:00:00+00:00,-4.34,0.44113317131996155,-2.6068102276339005,0.22899770736694336,-3.1519054191370057
2024-04-29 11:00:00+00:00,2.39,0.4424040615558624,-2.7373396896133895,0.22885680198669434,-2.756149868041881
2024-04-29 12:00:00+00:00,0.79,0.44195812940597534,-2.991711637341268,0.24356286227703094,-4.8115040241424785
2024-04-29 13:00:00+00:00,-2.42,0.4353128671646118,-3.3324115658174627,0.21866834163665771,-3.1634409661698504
2024-04-29 14:00:00+00:00,0.32,0.4336746335029602,-3.3988734549264694,0.14414577186107635,-3.3266358663089686
2024-04-29 15:00:00+00:00,2.9,0.428605318069458,-3.4936147996143347,0.10870049148797989,-2.3095910239776565
2024-04-29 16:00:00+00:00,-0.37,0.42327892780303955,-4.491819321876448,0.060410987585783005,-5.842184496646738
2024-04-29 17:00:00+00:00,-1.14,0.417270690202713,-4.619680945727073,0.03418774902820587,-3.2288920619922954
2024-04-29 18:00:00+00:00,-2.91,0.41250771284103394,-5.013852005167648,-0.01965120993554592,-3.9940124172452336
2024-04-30 10:00:00+00:00,-3.44,0.4043140113353729,-3.5588267520349395,-0.04539857804775238,-3.889950338251308
2024-04-30 11:00:00+00:00,2.04,0.39319926500320435,-3.8913756875968772,-0.06976741552352905,-4.66703430765629
2024-04-30 12:00:00+00:00,-0.72,0.38483065366744995,-3.882888552056958,-0.09446043521165848,-4.0627968904342655
2024-04-30 13:00:00+00:00,-1.0,0.37419605255126953,-3.689664160839997,-0.14089486002922058,-5.11529759136726
2024-04-30 14:00:00+00:00,-0.72,0.36490821838378906,-3.7062987862843286,-0.13017690181732178,-2.713407375554018
2024-04-30 15:00:00+00:00,3.7,0.3548738658428192,-3.5943455637707795,-0.1439725011587143,-4.7637108438374876
2024-04-30 16:00:00+00:00,1.62,0.34654614329338074,-4.3371556322487335,-0.1964145302772522,-2.608004045167738
2024-04-30 17:00:00+00:00,-1.31,0.34066617488861084,-4.242998123697341,-0.2293725460767746,-2.934736231891831
2024-04-30 18:00:00+00:00,11.63,0.33375099301338196,-4.300351566917975,-0.2893422245979309,-3.078715994399382
2024-05-02 10:00:00+00:00,2.56,0.33191946148872375,-2.6160894871130074,-0.33725011348724365,-5.631118886426605
2024-05-02 11:00:00+00:00,0.47,0.325009286403656,-3.4367002225053422,-0.3268904387950897,-2.0156789297861
2024-05-02 12:00:00+00:00,-1.33,0.31717824935913086,-3.5559350361575834,-0.2883027493953705,-7.707737297426803
2024-05-02 13:00:00+00:00,-0.27,0.31041643023490906,-3.495310961249624,-0.35025233030319214,-5.074499162921376
2024-05-02 14:00:00+00:00,-4.74,0.2995816469192505,-3.624147740754534,-0.39742740988731384,-3.4161416971827916
2024-05-02 15:00:00+00:00,-5.57,0.2920837104320526,-3.8549236564623834,-0.4157714545726776,-1.1023832516351646
2024-05-02 16:00:00+00:00,-0.62,0.2792131006717682,-3.0649214332859334,-0.4598580598831177,-2.5056479904302957
2024-05-02 17:00:00+00:00,1.15,0.2728182077407837,-3.044235575751783,-0.4779554307460785,-2.977747254781221
2024-05-02 18:00:00+00:00,-0.05,0.2654426097869873,-3.054392152581982,-0.4962692856788635,-3.0847425034011304
2024-05-03 10:00:00+00:00,-0.38,0.25948306918144226,-3.018083442584588,-0.4844760596752167,-3.354399007428654
2024-05-03 11:00:00+00:00,2.46,0.25579434633255005,-2.7009834688169656,-0.48088008165359497,-1.3065383577905998
2024-05-03 12:00:00+00:00,1.76,0.25016605854034424,-3.265382066093039,-0.47597935795783997,-0.35418456445764274
2024-05-03 13:00:00+00:00,-0.36,0.24361968040466309,-3.6117527864279086,-0.4374091625213623,-0.6193772276155598
2024-05-03 14:00:00+00:00,3.29,0.23618493974208832,-3.718576152362263,-0.4138968884944916,-0.39372705250310885
2024-05-03 15:00:00+00:00,2.26,0.22771352529525757,-2.949935593796763,-0.4139041304588318,-3.115464082487817
2024-05-03 16:00:00+00:00,-1.33,0.21549277007579803,-2.770269395348977,-0.41321253776550293,-2.2633930114254475
2024-05-03 17:00:00+00:00,-0.93,0.20399510860443115,-3.4837289214733653,-0.39158377051353455,-5.118376200444466
2024-05-03 18:00:00+00:00,-1.3,0.19614268839359283,-3.0046719592568842,-0.41388899087905884,-3.673212071407499
2024-05-06 10:00:00+00:00,-1.35,0.18971063196659088,-3.135247427195634,-0.4513538181781769,-1.6415373157176776
2024-05-06 11:00:00+00:00,-1.07,0.1815146952867508,-3.1666778977459638,-0.5018559098243713,-3.506315625903833
2024-05-06 12:00:00+00:00,4.94,0.17553266882896423,-2.724702037137117,-0.5433995127677917,-2.26170706806488
2024-05-06 13:00:00+00:00,4.11,0.17116934061050415,-2.7004406610945044,-0.5607917904853821,-2.773915968307809
2024-05-06 14:00:00+00:00,-3.65,0.16364742815494537,-2.800931173905476,-0.5906819701194763,-4.858423390860586
2024-05-06 15:00:00+00:00,-0.5,0.1583952009677887,-3.0828777486727303,-0.5842862129211426,-1.4248935301824885
2024-05-06 16:00:00+00:00,3.17,0.15429657697677612,-2.9924525956485377,-0.5863932371139526,-4.030430969439582
2024-05-06 17:00:00+00:00,-2.83,0.15180885791778564,-2.4519359676758667,-0.5999206900596619,-2.9672122636791674
2024-05-06 18:00:00+00:00,-2.73,0.15010929107666016,-2.4453137568239227,-0.590207576751709,-1.2675445699515417
2024-05-07 10:00:00+00:00,0.16,0.14973975718021393,-2.9005034194996764,-0.5701188445091248,-3.5600020397876206
2024-05-07 11:00:00+00:00,-1.12,0.1500360518693924,-3.054583583521519,-0.5746257901191711,-3.7208288067124786
2024-05-07 12:00:00+00:00,0.16,0.1504238098859787,-3.2670945244009744,-0.5476102828979492,-2.0231020486770146
2024-05-07 13:00:00+00:00,0.18,0.14835898578166962,-3.8074566578669566,-0.5327245593070984,-3.9367599370509723
2024-05-07 14:00:00+00:00,-1.13,0.1480407416820526,-3.4331083730719394,-0.5532122850418091,-6.3444874672725255
2024-05-07 15:00:00+00:00,-0.08,0.14701390266418457,-3.828559848631648,-0.5481911301612854,-3.565517083857306
2024-05-07 16:00:00+00:00,1.47,0.1457446664571762,-3.533455201393213,-0.5313572883605957,-3.639085428496759
2024-05-07 17:00:00+00:00,1.89,0.14403636753559113,-3.4081892999000676,-0.5358551740646362,-2.8063665138916276
2024-05-07 18:00:00+00:00,-4.93,0.14321474730968475,-2.6264994352185207,-0.5302982926368713,-2.174188750506999
2024-05-08 10:00:00+00:00,-0.32,0.1433655023574829,-2.488228374557029,-0.5254953503608704,-2.0424061294115825
2024-05-08 11:00:00+00:00,-1.68,0.14258737862110138,-2.7321479646518188,-0.5582372546195984,-3.049646010936556
2024-05-08 12:00:00+00:00,-3.23,0.14047478139400482,-3.529014275983959,-0.5826841592788696,-4.222287551799347
2024-05-08 13:00:00+00:00,1.8,0.14078056812286377,-3.122905876278478,-0.6080158948898315,-3.695706993337788
2024-05-08 14:00:00+00:00,-0.34,0.1428033858537674,-2.5954675942337735,-0.6254764199256897,-3.2013064890946183
2024-05-08 15:00:00+00:00,1.11,0.14355455338954926,-3.1304458428517306,-0.6302973031997681,-2.6552607112804245
2024-05-08 16:00:00+00:00,-2.24,0.143681138753891,-3.9640182044638737,-0.6321849226951599,-2.5232732450993263
2024-05-08 17:00:00+00:00,1.13,0.14282922446727753,-2.8310398839496456,-0.6358803510665894,-3.463204149047509
2024-05-08 18:00:00+00:00,3.45,0.14269761741161346,-2.1316821482341535,-0.6206446886062622,-5.388548680536577
2024-05-10 10:00:00+00:00,-2.15,0.14473438262939453,-2.9881418146736998,-0.6086466908454895,-2.5420749168623096
2024-05-10 11:00:00+00:00,-0.14,0.1451859027147293,-3.8191024151272996,-0.5989121198654175,-3.9883673115106064
2024-05-10 12:00:00+00:00,0.51,0.14569838345050812,-3.7982662356845074,-0.5817506313323975,-2.799267942440143
2024-05-10 13:00:00+00:00,-0.17,0.1485668122768402,-4.126848073302587,-0.5653648972511292,-2.649734262638865
2024-05-10 14:00:00+00:00,-1.92,0.15126457810401917,-4.346336139421753,-0.5409930944442749,-1.1233088626862968
2024-05-10 15:00:00+00:00,1.98,0.1533346176147461,-4.216849566485106,-0.48990917205810547,-2.411787946583781
2024-05-10 16:00:00+00:00,0.45,0.15889690816402435,-5.066808426077371,-0.45595061779022217,-3.0561616457553176
2024-05-10 17:00:00+00:00,-0.29,0.16286540031433105,-5.303795781501942,-0.42995136976242065,-3.2312252218005306
2024-05-10 18:00:00+00:00,9.66,0.16728022694587708,-4.014858231275807,-0.4024679958820343,-3.932105293879157
2024-05-13 10:00:00+00:00,2.1,0.1690303385257721,-2.7903345268741164,-0.38426971435546875,-7.392809104035822
2024-05-13 11:00:00+00:00,3.29,0.17057134211063385,-3.527383359861001,-0.37709614634513855,-4.1363469418873295
2024-05-13 12:00:00+00:00,-1.01,0.17147159576416016,-3.8172624278691023,-0.376667320728302,-3.8722918387608174
2024-05-13 13:00:00+00:00,-2.43,0.1741892546415329,-3.2537704856795884,-0.38756418228149414,-2.7092185522606087
2024-05-13 14:00:00+00:00,-0.47,0.17560367286205292,-3.320270866127078,-0.39465370774269104,-3.8942592344354146
2024-05-13 15:00:00+00:00,0.85,0.1799069494009018,-3.687793851236811,-0.414579838514328,-4.825604048868402
2024-05-13 16:00:00+00:00,2.66,0.18337616324424744,-3.4030106061809624,-0.44085532426834106,-0.29389617297386517
2024-05-13 17:00:00+00:00,0.79,0.18337281048297882,-3.7189782709896777,-0.4624817669391632,-0.40636664924409877
2024-05-13 18:00:00+00:00,0.82,0.18532592058181763,-3.549917491825859,-0.48312875628471375,-0.8343178269295219
2024-05-14 10:00:00+00:00,-3.61,0.18515212833881378,-3.035945651934732,-0.49592483043670654,-1.845595634789915
2024-05-14 11:00:00+00:00,2.32,0.18144387006759644,-3.3075915643691363,-0.5028952360153198,-0.8556563542152263
2024-05-14 12:00:00+00:00,-1.09,0.18149276077747345,-3.787828675104794,-0.5124349594116211,-2.8749406107896713
2024-05-14 13:00:00+00:00,3.44,0.17836111783981323,-3.747021953380774,-0.5257628560066223,-2.503312999530478
2024-05-14 14:00:00+00:00,0.83,0.17448389530181885,-3.107876216369131,-0.5458343625068665,-3.5128370918196774
2024-05-14 15:00:00+00:00,-0.25,0.1665000468492508,-2.589880472318597,-0.5644250512123108,-2.26854046041438
2024-05-14 16:00:00+00:00,-2.04,0.15974640846252441,-2.5521638366858928,-0.5796123743057251,-3.3662436269447626
2024-05-14 17:00:00+00:00,0.75,0.15756428241729736,-2.7787173357804926,-0.5923086404800415,-3.494344988888012
2024-05-14 18:00:00+00:00,2.74,0.15611548721790314,-2.648474732441815,-0.6040866374969482,-0.2778086823671069
2024-05-15 10:00:00+00:00,-1.31,0.15844762325286865,-2.415068835336008,-0.6074954271316528,-0.834376379304675
2024-05-15 11:00:00+00:00,1.64,0.16608645021915436,-2.2809071436805226,-0.6093193292617798,-3.5843562132819207
2024-05-15 12:00:00+00:00,-0.66,0.16684673726558685,-2.339144609353606,-0.6108434200286865,-2.201260357665007
2024-05-15 13:00:00+00:00,1.84,0.16088199615478516,-2.686304476162429,-0.6068390607833862,-2.449724762674802
2024-05-15 14:00:00+00:00,0.68,0.1630009263753891,-2.583138595579874,-0.6051439642906189,-3.7272252061446265
2024-05-15 15:00:00+00:00,-0.28,0.15705570578575134,-3.0098263899874746,-0.6037856936454773,-1.8626217719379041
2024-05-15 16:00:00+00:00,3.23,0.15029314160346985,-2.597730295496246,-0.595873236656189,-2.4928963095183474
2024-05-15 17:00:00+00:00,-2.02,0.1484180986881256,-3.5310053614219994,-0.5901811718940735,-3.533096024780119
2024-05-15 18:00:00+00:00,4.0,0.14323966205120087,-2.634190606218065,-0.5872222185134888,-0.30930711376758907
2024-05-16 10:00:00+00:00,-1.07,0.13965539634227753,-3.324226517999907,-0.5798975229263306,-1.1681978406403464
2024-05-16 11:00:00+00:00,2.98,0.13815937936306,-3.1106054845810416,-0.57638019323349,-3.977428623451514
2024-05-16 12:00:00+00:00,1.29,0.13264819979667664,-2.6853571659694224,-0.5700656175613403,-3.682446658079634
2024-05-16 13:00:00+00:00,0.19,0.13908007740974426,-3.0181327334161154,-0.567659854888916,-4.555878178342882
2024-05-16 14:00:00+00:00,0.85,0.1414611041545868,-3.161611204027877,-0.5670137405395508,-2.211661120262283
2024-05-16 15:00:00+00:00,0.18,0.14199328422546387,-3.209057977278372,-0.560361921787262,-2.561762453921229
2024-05-16 16:00:00+00:00,-1.02,0.1491830199956894,-2.9160897159971775,-0.5550516247749329,-4.087276496199824
2024-05-16 17:00:00+00:00,0.05,0.15349335968494415,-2.7321494735028247,-0.5522985458374023,-4.821364466756459
2024-05-16 18:00:00+00:00,2.81,0.15693877637386322,-3.7113168330276585,-0.5494934320449829,-6.039098581802583
2024-05-17 10:00:00+00:00,-1.23,0.15703989565372467,-3.2252180552620002,-0.5490958094596863,-3.0259666204005757
2024-05-17 11:00:00+00:00,0.05,0.15565578639507294,-3.580137855875977,-0.547762930393219,-1.7524257946545536
2024-05-17 12:00:00+00:00,0.85,0.15376624464988708,-3.630283757940073,-0.5449965596199036,-2.887895310328272
2024-05-17 13:00:00+00:00,-0.33,0.15865562856197357,-3.5064558967124575,-0.5437109470367432,-5.321919519337586
2024-05-17 14:00:00+00:00,1.69,0.15984046459197998,-3.1315314188966186,-0.542917013168335,-3.4216197986954113
2024-05-17 15:00:00+00:00,-0.65,0.16600967943668365,-3.0077214818278715,-0.5389428734779358,-3.5733570521124203
2024-05-17 16:00:00+00:00,2.04,0.17067599296569824,-2.9689091606821454,-0.5391784906387329,-3.652696272580757
2024-05-17 17:00:00+00:00,-1.3,0.17506051063537598,-3.1635901352368423,-0.5378760695457458,-1.1092597453417454
2024-05-17 18:00:00+00:00,3.32,0.18119719624519348,-3.030793213198388,-0.5354489088058472,-4.66988991957658
2024-05-20 10:00:00+00:00,-2.56,0.18638975918293,-3.4117103945474447,-0.532392680644989,-3.7512510077104735
2024-05-20 11:00:00+00:00,-3.14,0.19364789128303528,-2.5246391296402955,-0.5312125086784363,-3.2066649105378464
2024-05-20 12:00:00+00:00,0.22,0.20041492581367493,-2.8548608735299585,-0.5300108790397644,-3.3017509094347233
2024-05-20 13:00:00+00:00,1.33,0.2062636762857437,-2.7474669409142694,-0.5294226408004761,-2.1353105973134694
2024-05-20 14:00:00+00:00,-3.3,0.21449269354343414,-2.97896638439841,-0.527780294418335,-1.8526184829462538
2024-05-20 15:00:00+00:00,0.28,0.2226293385028839,-2.8361959551242113,-0.5269593596458435,-0.8470453940383899
2024-05-20 16:00:00+00:00,0.53,0.22751982510089874,-2.8104675425238335,-0.5284546613693237,-4.620655509127804
2024-05-20 17:00:00+00:00,-4.45,0.23279976844787598,-3.1618729386557094,-0.5254669189453125,-2.6909387996403926
2024-05-20 18:00:00+00:00,-7.36,0.23719635605812073,-1.8994507779035272,-0.5267279744148254,-1.8959941483852276
2024-05-21 10:00:00+00:00,0.22,0.24266496300697327,-1.4603549992561535,-0.5249606370925903,-0.011316843392716535
2024-05-21 11:00:00+00:00,1.02,0.24110090732574463,-1.867175559671432,-0.5257314443588257,-2.1919798569885103
2024-05-21 12:00:00+00:00,-1.93,0.24193349480628967,-1.2994132728589496,-0.5193150043487549,-1.0100888134703334
2024-05-21 13:00:00+00:00,0.28,0.24111968278884888,-1.6074070006269285,-0.5083878040313721,-1.502705092554034
2024-05-21 14:00:00+00:00,-3.62,0.24149182438850403,-2.7679406210249327,-0.4883520007133484,-2.689501411967292
2024-05-21 15:00:00+00:00,-1.3,0.24270883202552795,-1.7111717912677102,-0.46433308720588684,-0.20318836725562814
2024-05-21 16:00:00+00:00,9.21,0.2451372593641281,-1.9456179298692393,-0.45959344506263733,-0.5268987982817883
2024-05-21 17:00:00+00:00,-1.36,0.244270458817482,-2.075765879127216,-0.4587455093860626,-3.3388427459870456
2024-05-21 18:00:00+00:00,3.22,0.24788132309913635,-2.7869748427524357,-0.46615079045295715,-0.47162769804887716
2024-05-22 10:00:00+00:00,1.67,0.2550833225250244,-3.116118666247151,-0.4683024287223816,-1.6422470750663198
2024-05-22 11:00:00+00:00,-1.1,0.2617354691028595,-2.79061281559943,-0.47028398513793945,-3.2781008228181747
2024-05-22 12:00:00+00:00,-0.26,0.26649826765060425,-2.9282233713555867,-0.47423240542411804,-2.6538239598514344
2024-05-22 13:00:00+00:00,0.0,0.2697988748550415,-2.897443226983346,-0.47725027799606323,-1.9226387561122866
2024-05-22 14:00:00+00:00,1.39,0.2687627375125885,-2.8267288923169165,-0.47498607635498047,-2.8887243570212333
2024-05-22 15:00:00+00:00,-2.01,0.26465722918510437,-2.9736056474176165,-0.48077404499053955,-1.5307770229812705
2024-05-22 16:00:00+00:00,3.56,0.2588079273700714,-2.638360687124984,-0.480707585811615,-2.4182334106254775
2024-05-22 17:00:00+00:00,-2.13,0.25150442123413086,-3.1687870939032132,-0.4822324216365814,-6.076499517207366
2024-05-22 18:00:00+00:00,-9.91,0.24006757140159607,-2.978783864333753,-0.48180505633354187,-5.178020622369495
2024-05-23 10:00:00+00:00,-0.04,0.22894781827926636,-2.4684822370735775,-0.48078733682632446,-2.2422899240747562
2024-05-23 11:00:00+00:00,-0.18,0.22560501098632812,-1.7073340574278135,-0.4780285954475403,-6.059801580696259
2024-05-23 12:00:00+00:00,1.18,0.21544350683689117,-1.7945435383196107,-0.4765872061252594,-2.778231581804691
2024-05-23 13:00:00+00:00,1.97,0.20413397252559662,-2.4883136999271547,-0.47366413474082947,-2.013268850615331
2024-05-23 14:00:00+00:00,1.71,0.19824209809303284,-2.440509531965111,-0.46951228380203247,-2.557445573755658
2024-05-23 15:00:00+00:00,5.49,0.19213607907295227,-2.0742454356144067,-0.4612523913383484,-4.9976917873245394
2024-05-23 16:00:00+00:00,1.35,0.17750994861125946,-1.8142002047421126,-0.452160120010376,-5.875358457463558
2024-05-23 17:00:00+00:00,-0.28,0.1631535291671753,-2.097634153252998,-0.4407108724117279,-5.347347124996745
2024-05-23 18:00:00+00:00,-1.57,0.15324130654335022,-3.275431092384276,-0.4317183196544647,-5.441338923893014
2024-05-24 10:00:00+00:00,-1.62,0.13929440081119537,-2.778740627718962,-0.4250342845916748,-1.1042335974632054
2024-05-24 11:00:00+00:00,0.25,0.12765826284885406,-2.3916201271451465,-0.420213520526886,-2.5925739807941133
2024-05-24 12:00:00+00:00,-2.28,0.1263057440519333,-1.8602119462992128,-0.4139898419380188,-5.276256265135807
2024-05-24 13:00:00+00:00,-11.83,0.1270948350429535,-2.164200184055109,-0.4068344831466675,-2.5280508167545275
2024-05-24 14:00:00+00:00,2.66,0.12186750024557114,-1.5977092398423025,-0.4032667577266693,-2.610533406921304
2024-05-24 15:00:00+00:00,8.52,0.11325684934854507,-1.0583228503034277,-0.39891961216926575,-2.959525343754063
2024-05-24 16:00:00+00:00,0.57,0.10037043690681458,-1.6077988402520282,-0.3943643569946289,-1.93433814139742
2024-05-24 17:00:00+00:00,-4.01,0.08356570452451706,-2.0523407005796312,-0.39042457938194275,-0.39853161466893555
2024-05-24 18:00:00+00:00,-6.78,0.07633917033672333,-2.4051561585963785,-0.3855997323989868,-5.107555981835689
2024-05-27 10:00:00+00:00,4.89,0.07059787213802338,-1.4740020028294976,-0.3807659149169922,-2.030557225074524
2024-05-27 11:00:00+00:00,-1.5,0.0616728849709034,-1.9824724239491163,-0.37777677178382874,-1.6427433387418855
2024-05-27 12:00:00+00:00,-1.38,0.05167050287127495,-1.5123547025422477,-0.3731904923915863,-2.052157487237271
2024-05-27 13:00:00+00:00,-3.42,0.04873869940638542,-1.6624183520616125,-0.3687301278114319,-1.0068823914012932
2024-05-27 14:00:00+00:00,-0.97,0.04442668333649635,-2.234919487633867,-0.3640069365501404,-1.365943308315209
2024-05-27 15:00:00+00:00,-3.32,0.04211926832795143,-1.6647829331714998,-0.35879334807395935,-5.953259801885127
2024-05-27 16:00:00+00:00,-6.62,0.048443879932165146,-1.3158092330918527,-0.3554927408695221,-3.4825295234539637
2024-05-27 17:00:00+00:00,-2.56,0.05302729085087776,-0.2605970734196663,-0.35242897272109985,-1.9824606189305898
2024-05-27 18:00:00+00:00,17.74,0.05405673012137413,-0.16847111780073398,-0.34713324904441833,-1.6682612681004854
2024-05-28 10:00:00+00:00,-4.76,0.05561892315745354,-0.7743900812151908,-0.3449728488922119,-5.61889110795106
2024-05-28 11:00:00+00:00,4.07,0.05642455816268921,-1.0204302152589895,-0.34757861495018005,-1.7178389433362549
2024-05-28 12:00:00+00:00,-1.2,0.058035824447870255,-0.5383848447096109,-0.34949585795402527,-2.50070188551449
2024-05-28 13:00:00+00:00,-0.05,0.06306741386651993,-1.5005759983020952,-0.3540080785751343,-3.854660477875533
2024-05-28 14:00:00+00:00,-5.12,0.06418031454086304,-2.2182997818944563,-0.36184731125831604,-3.6450920457307774
2024-05-28 15:00:00+00:00,-3.37,0.06709576398134232,-1.5961317127129573,-0.3622995615005493,-1.3110614568153882
2024-05-28 16:00:00+00:00,-0.78,0.05259900540113449,-1.8117245239400228,-0.3890889883041382,-4.475570403499279
2024-05-28 17:00:00+00:00,-5.7,0.0424971766769886,-1.2917891239139583,-0.4063628911972046,-3.3831297383612333
2024-05-28 18:00:00+00:00,-7.94,0.035573821514844894,-1.5337665830208862,-0.41537877917289734,-2.4290713457785413
2024-05-29 10:00:00+00:00,0.38,0.022048508748412132,-0.7697412718072307,-0.419158399105072,-6.6186005496246905
2024-05-29 11:00:00+00:00,-2.55,0.004616228397935629,-0.26539621178012396,-0.41597118973731995,-6.388005996176842
2024-05-29 12:00:00+00:00,-4.34,-0.013872075825929642,-1.3952549706943986,-0.41734379529953003,-3.142592985340636
2024-05-29 13:00:00+00:00,0.06,-0.03113687038421631,-1.87926234462423,-0.40028366446495056,-3.9766074622644543
2024-05-29 14:00:00+00:00,-3.19,-0.046626634895801544,-1.4672442840636226,-0.4027509391307831,-5.549861136990671
2024-05-29 15:00:00+00:00,3.32,-0.061515241861343384,-1.3047350281897463,-0.4036290645599365,-2.1703944402576867
2024-05-29 16:00:00+00:00,1.76,-0.08661331236362457,-1.7876612720566623,-0.41013601422309875,-4.041171864788988
2024-05-29 17:00:00+00:00,5.47,-0.10329851508140564,-1.1043246054644895,-0.38611334562301636,-5.704335924829291
2024-05-29 18:00:00+00:00,1.87,-0.11797985434532166,-1.3466887654706117,-0.3632596731185913,-1.6409400737462285
2024-05-30 10:00:00+00:00,-4.7,-0.13417524099349976,-1.6583136550048097,-0.33764705061912537,-1.9992345626443881
2024-05-30 11:00:00+00:00,-1.81,-0.14888222515583038,-1.5697003595189614,-0.32158738374710083,-2.3732769723059155
2024-05-30 12:00:00+00:00,-1.05,-0.1669556349515915,-2.2373763071948565,-0.31183984875679016,-1.9819239004160705
2024-05-30 13:00:00+00:00,-2.54,-0.1863888055086136,-2.299800763865309,-0.29695865511894226,-8.69312484022393
2024-05-30 14:00:00+00:00,-1.39,-0.20653501152992249,-2.685775299878369,-0.2890099585056305,-8.02391080732687
2024-05-30 15:00:00+00:00,-0.99,-0.22986994683742523,-2.0598768800729172,-0.29178935289382935,-1.0350336521210894
2024-05-30 16:00:00+00:00,-1.23,-0.25661516189575195,-2.043506573634394,-0.2969605326652527,-4.595902499936043
2024-05-30 17:00:00+00:00,-5.0,-0.26768749952316284,-1.7953832409541557,-0.292911171913147,-5.405527269779661
2024-05-30 18:00:00+00:00,-22.69,-0.2780679762363434,-0.5010181352659652,-0.2943471372127533,-4.216067222538815
2024-05-31 10:00:00+00:00,10.93,-0.2813236117362976,0.08634199092242022,-0.2930126488208771,-2.197017546885636
2024-05-31 11:00:00+00:00,-5.87,-0.285244882106781,-0.46361614358064185,-0.297456830739975,-5.05873211793416
2024-05-31 12:00:00+00:00,-3.7,-0.2888263761997223,-0.9137407719878179,-0.3069298267364502,-1.0586046137376008
2024-05-31 13:00:00+00:00,6.75,-0.29074081778526306,-0.5074271503355543,-0.3114715814590454,1.1283707759162396
2024-05-31 14:00:00+00:00,1.1,-0.2915135622024536,-1.1526792399343258,-0.3201785385608673,-3.2625869971275563
2024-05-31 15:00:00+00:00,-5.02,-0.28680726885795593,-1.6378564882318973,-0.3393758237361908,-4.5950813523409195
2024-05-31 16:00:00+00:00,-1.67,-0.2806631624698639,-1.4597244992321268,-0.35159581899642944,-4.095055542069688
2024-05-31 17:00:00+00:00,-5.03,-0.2775852382183075,-1.5321309713893507,-0.3526971936225891,-4.31278854461601
2024-05-31 18:00:00+00:00,-4.42,-0.2710914611816406,-1.3736035891672302,-0.36305221915245056,-0.2462517731221398
2024-06-03 10:00:00+00:00,-5.96,-0.2626587152481079,-1.0531237654284964,-0.37160634994506836,0.1213408187350028
2024-06-03 11:00:00+00:00,2.22,-0.2673417627811432,-1.5261063775486243,-0.3788241446018219,0.91638807835971
2024-06-03 12:00:00+00:00,-12.14,-0.26905471086502075,-1.2995200935400435,-0.3890042304992676,-1.8251884875064812
2024-06-03 13:00:00+00:00,-12.15,-0.2686689794063568,-0.7375083164266761,-0.40597477555274963,1.2973681734033147
2024-06-03 14:00:00+00:00,11.75,-0.2641642093658447,-0.631664533841911,-0.4303017854690552,2.542290593502455
2024-06-03 15:00:00+00:00,4.99,-0.2544328570365906,-0.732531881422527,-0.45725181698799133,-0.4647887680021296
2024-06-03 16:00:00+00:00,3.76,-0.23873953521251678,-0.6975009334262278,-0.48414796590805054,0.21182021421108618
2024-06-03 17:00:00+00:00,-2.18,-0.22276721894741058,-1.033950445563041,-0.49745598435401917,-0.5591910464890605
2024-06-03 18:00:00+00:00,11.71,-0.21184097230434418,-1.5970354456140967,-0.5148640871047974,-5.960119427489851
2024-06-04 10:00:00+00:00,-3.44,-0.19905735552310944,-1.435626827706625,-0.5406192541122437,-8.504235436934577
2024-06-04 11:00:00+00:00,5.89,-0.1757936179637909,-0.9980280427562191,-0.5558753609657288,-5.29662186237178
2024-06-04 12:00:00+00:00,1.23,-0.1658836305141449,-1.2087916760572073,-0.561246931552887,-7.313639546899333
2024-06-04 13:00:00+00:00,2.12,-0.16278192400932312,-1.6028878698072841,-0.5688010454177856,-1.7819092668326209
2024-06-04 14:00:00+00:00,3.31,-0.15321116149425507,-1.8896012570277194,-0.5860626697540283,0.2599319023116457
2024-06-04 15:00:00+00:00,-0.65,-0.13656871020793915,-2.6922750991910362,-0.5998483896255493,-11.87406940246638
2024-06-04 16:00:00+00:00,2.49,-0.12945705652236938,-1.5974811260283124,-0.6139488220214844,-7.021088338229471
2024-06-04 17:00:00+00:00,-2.87,-0.14107553660869598,-1.5396568831513235,-0.6137228012084961,-5.836412982183878
2024-06-04 18:00:00+00:00,6.03,-0.15075206756591797,-0.5344249299186363,-0.618608832359314,-5.729107525191237
2024-06-05 10:00:00+00:00,7.38,-0.1682339757680893,-0.7684751804830677,-0.623075544834137,-4.418573609024739
2024-06-05 11:00:00+00:00,4.02,-0.18618321418762207,-0.2807716019101077,-0.6176050305366516,-3.782619739365553
2024-06-05 12:00:00+00:00,-2.6,-0.22132492065429688,-1.1900592006728634,-0.6085246801376343,-4.918476356453836
2024-06-05 13:00:00+00:00,-1.58,-0.25588536262512207,-1.138811951484596,-0.6145152449607849,-8.206231129168193
2024-06-05 14:00:00+00:00,-5.01,-0.29312241077423096,-1.4607397075433755,-0.6147580146789551,-4.273913762166458
2024-06-05 15:00:00+00:00,0.32,-0.34185636043548584,-1.7116985901808592,-0.6160917282104492,-8.759611881314157
2024-06-05 16:00:00+00:00,4.39,-0.38755884766578674,-1.433286254276512,-0.6110823154449463,-8.801411126981394
2024-06-05 17:00:00+00:00,-3.92,-0.41650089621543884,-2.071017799501761,-0.6274473667144775,-7.299708887981039
2024-06-05 18:00:00+00:00,-0.16,-0.44393908977508545,-1.8075648550792172,-0.6361533999443054,-8.402822224980088
2024-06-06 10:00:00+00:00,1.04,-0.461942583322525,-0.6288415220175327,-0.6379613280296326,-10.24664656412926
2024-06-06 11:00:00+00:00,-6.76,-0.4752325713634491,-0.6799318682014014,-0.6351467967033386,-7.110027381485853
2024-06-06 12:00:00+00:00,-4.57,-0.48761245608329773,-0.8651742810328064,-0.6334736347198486,-6.267907816710867
2024-06-06 13:00:00+00:00,-1.52,-0.49513620138168335,0.004250599785469239,-0.622398316860199,-5.085167061337419
2024-06-06 14:00:00+00:00,3.84,-0.49797117710113525,0.32199161887603117,-0.6161333918571472,-5.274189245134001
2024-06-06 15:00:00+00:00,0.74,-0.49591711163520813,0.5166074137410757,-0.6008743047714233,-1.5775724443151184
2024-06-06 16:00:00+00:00,-3.54,-0.4946393370628357,-0.32805070626061833,-0.5776407122612,-4.684400407942718
2024-06-06 17:00:00+00:00,2.53,-0.4942183196544647,0.5770898041163879,-0.569179892539978,-4.056834029609428
2024-06-06 18:00:00+00:00,3.59,-0.4978421628475189,0.09286789889324729,-0.5608047246932983,-2.1552602317599048
2024-06-07 10:00:00+00:00,3.28,-0.49751314520835876,-0.327888708598243,-0.5499472618103027,-3.669875307317204
2024-06-07 11:00:00+00:00,4.71,-0.49885374307632446,-0.659851551145679,-0.54020756483078,-2.951446514208178
2024-06-07 12:00:00+00:00,11.89,-0.4915216565132141,-0.5168221400673338,-0.5361632108688354,-5.1734290582610605
2024-06-07 13:00:00+00:00,-6.74,-0.48125919699668884,-0.34811170696408067,-0.5294194221496582,-9.710396511961651
2024-06-07 14:00:00+00:00,-2.36,-0.46696004271507263,0.1062184770531411,-0.5249806046485901,-7.550116057760625
2024-06-07 15:00:00+00:00,-3.56,-0.4486578106880188,-0.9042698246478289,-0.5207414627075195,-6.090742969753786
2024-06-07 16:00:00+00:00,-4.34,-0.43673837184906006,-0.6741368290764089,-0.5233253240585327,-8.327348477743886
2024-06-07 17:00:00+00:00,4.78,-0.42601606249809265,-0.5063464291099765,-0.5241019129753113,-4.688146382965248
2024-06-07 18:00:00+00:00,7.89,-0.4143196940422058,0.0006708216068495448,-0.5259554386138916,-6.064860991904462
2024-06-10 10:00:00+00:00,-3.15,-0.39592915773391724,-0.0531614211943571,-0.524772047996521,-4.727153445448981
2024-06-10 11:00:00+00:00,-4.4,-0.372670441865921,-0.2716079738370547,-0.5295679569244385,-8.649127949028117
2024-06-10 12:00:00+00:00,0.94,-0.34801849722862244,-0.19811553298133855,-0.5304873585700989,-6.680187249019208
2024-06-10 13:00:00+00:00,-4.31,-0.327341765165329,0.023006050002763734,-0.5256252884864807,-4.102185975810362
2024-06-10 14:00:00+00:00,-1.32,-0.3065226078033447,0.7847133322017247,-0.5245105028152466,-8.320830348699289
2024-06-10 15:00:00+00:00,2.04,-0.2833254337310791,0.9035283941198152,-0.5244534611701965,-5.521305583015053
2024-06-10 16:00:00+00:00,-4.32,-0.2632671296596527,0.3006516907130217,-0.5270183086395264,-7.451018386594463
2024-06-10 17:00:00+00:00,-5.68,-0.246156245470047,0.28309191296774006,-0.5257102251052856,-6.016038571412235
2024-06-10 18:00:00+00:00,-5.93,-0.22910520434379578,-0.6208442198126324,-0.5250380635261536,-7.490191337828112
2024-06-11 10:00:00+00:00,0.43,-0.2186669260263443,0.05834075284679648,-0.5236741900444031,-2.391991840463432
2024-06-11 11:00:00+00:00,-4.57,-0.2076912373304367,1.294784707587365,-0.5267346501350403,-2.361610610884507
2024-06-11 12:00:00+00:00,-1.3,-0.19792363047599792,0.8413545080994079,-0.5321592092514038,-2.5782546839281326
2024-06-11 13:00:00+00:00,1.47,-0.1850864738225937,1.197934693173797,-0.5431850552558899,-3.4154147709651834
2024-06-11 14:00:00+00:00,-1.62,-0.17047613859176636,0.6414842045356459,-0.5531368851661682,-4.104885774488522
2024-06-11 15:00:00+00:00,2.07,-0.15593162178993225,0.1557502769265883,-0.5603364706039429,-3.4165954999113164
2024-06-11 16:00:00+00:00,1.08,-0.14035838842391968,-0.014675151022433164,-0.5619291663169861,-4.661796788601187
2024-06-11 17:00:00+00:00,-3.03,-0.1236099973320961,-0.6268639586456949,-0.5606039762496948,-1.6035478798516363
2024-06-11 18:00:00+00:00,-18.94,-0.10933797806501389,-0.26584433111719535,-0.5628552436828613,2.436793169071349
2024-06-13 10:00:00+00:00,6.88,-0.09380508959293365,0.4250031052931759,-0.5582967400550842,-7.917296470359226
2024-06-13 11:00:00+00:00,-1.9,-0.07512252777814865,-0.15761862856281383,-0.5598173141479492,-2.5362137579590915
2024-06-13 12:00:00+00:00,-1.7,-0.060392115265131,0.08664946107089105,-0.5611445307731628,2.3090999477944116
2024-06-13 13:00:00+00:00,4.58,-0.047118306159973145,0.25926545814737345,-0.5607051253318787,-0.223098302762705
2024-06-13 14:00:00+00:00,11.58,-0.03673819825053215,-0.43518562932201976,-0.5608763098716736,-2.9008905896231396
2024-06-13 15:00:00+00:00,1.59,-0.02557811141014099,-0.667384856554899,-0.5615137219429016,0.1948686332450889
2024-06-13 16:00:00+00:00,12.29,-0.007775545585900545,-0.1455505774942114,-0.5639215111732483,0.09639926162254155
2024-06-13 17:00:00+00:00,-1.17,0.00786441471427679,-1.6036982020303991,-0.575537919998169,-6.846255167978407
2024-06-13 18:00:00+00:00,-1.04,0.027291448786854744,0.33611019736157055,-0.5822309851646423,-2.2951832740955083
2024-06-14 10:00:00+00:00,-0.25,0.0437362976372242,-0.4979043305452796,-0.5962710380554199,-5.746027777890458
2024-06-14 11:00:00+00:00,4.05,0.05509379506111145,-0.5373955880779122,-0.6103058457374573,-6.559114472030902
2024-06-14 12:00:00+00:00,1.85,0.06904404610395432,-0.9037891496269157,-0.6208411455154419,-3.2622428304952438
2024-06-14 13:00:00+00:00,1.97,0.07469779253005981,-1.4773135842875507,-0.6367941498756409,-2.5174862223916685
2024-06-14 14:00:00+00:00,1.19,0.08814670145511627,-1.6818359064670365,-0.6539639830589294,-8.414714811141435
2024-06-14 15:00:00+00:00,8.01,0.09884170442819595,-1.053076364825846,-0.6674484014511108,-7.272026647785956
2024-06-14 16:00:00+00:00,-12.22,0.11271889507770538,-1.4313177986747248,-0.6794538497924805,-11.016104454645639
2024-06-14 17:00:00+00:00,1.17,0.13183866441249847,-0.32980773294117743,-0.6868040561676025,-8.4128459043738
2024-06-14 18:00:00+00:00,-0.23,0.15162166953086853,-1.1879870942332453,-0.6977856755256653,-7.482919212979518
2024-06-17 10:00:00+00:00,-7.08,0.1754508763551712,-1.4122932618566737,-0.7110786437988281,-6.017531121262333
2024-06-17 11:00:00+00:00,3.0,0.2060277760028839,-0.1400935136296435,-0.7272916436195374,-6.300577560519523
2024-06-17 12:00:00+00:00,1.89,0.23266778886318207,0.040380848960470256,-0.737530529499054,-10.205366339966034
2024-06-17 13:00:00+00:00,-2.42,0.2605491280555725,-0.45473470454277887,-0.7499707937240601,-4.8377243655965945
2024-06-17 14:00:00+00:00,-2.15,0.2830367982387543,-0.777602802362471,-0.757459819316864,-0.8383782523324064
2024-06-17 15:00:00+00:00,-1.59,0.3018490970134735,-0.8027414411253738,-0.7719075083732605,-6.748388515213273
2024-06-17 16:00:00+00:00,1.09,0.31804895401000977,-1.27930303718658,-0.7899191975593567,-3.9607532395971803
2024-06-17 17:00:00+00:00,-3.71,0.3328721225261688,-0.4012012312750609,-0.8020150661468506,-3.490837683956069
2024-06-17 18:00:00+00:00,-4.9,0.3462243676185608,-1.3217264345800348,-0.8243581056594849,-7.76851596734428
2024-06-18 10:00:00+00:00,-3.13,0.35697922110557556,-0.30186078589157056,-0.8433750867843628,-5.154212281244291
2024-06-18 11:00:00+00:00,-2.33,0.3624173402786255,-0.0906988078161754,-0.8601335287094116,2.7149231577828505
2024-06-18 12:00:00+00:00,1.28,0.36515212059020996,0.205187027989894,-0.8711772561073303,-1.5728606380895984
2024-06-18 13:00:00+00:00,-2.69,0.36872783303260803,-0.38836932711595995,-0.8909502029418945,0.8145138452046964
2024-06-18 14:00:00+00:00,-6.42,0.37409865856170654,-0.3381866110100831,-0.9124770164489746,2.5387986717282023
2024-06-18 15:00:00+00:00,0.1,0.37990400195121765,0.19610200872451883,-0.9299085140228271,-0.3906561278144267
2024-06-18 16:00:00+00:00,22.36,0.3745054602622986,-0.5939782767442338,-0.9494463801383972,1.922951203084494
2024-06-18 17:00:00+00:00,-3.36,0.3663973808288574,-0.8090821820745059,-0.9634958505630493,-2.5615510456493373
2024-06-18 18:00:00+00:00,-9.05,0.3706018626689911,-1.189684195975389,-0.9769284129142761,1.022409295928115
2024-06-19 10:00:00+00:00,-2.63,0.37423017621040344,-0.5112701811729008,-0.9935370683670044,-1.6803334052975594
2024-06-19 11:00:00+00:00,-2.86,0.3709113597869873,-0.48120682805364456,-1.0057741403579712,4.0677517422866725
2024-06-19 12:00:00+00:00,-4.93,0.3719027638435364,-0.6881184165062483,-1.0222162008285522,2.5229183608815773
2024-06-19 13:00:00+00:00,3.68,0.38052764534950256,-1.203065448930847,-1.0326428413391113,-0.8881631629543018
2024-06-19 14:00:00+00:00,2.15,0.37829551100730896,-0.9503348168755856,-1.0384095907211304,-1.885998107507062
2024-06-19 15:00:00+00:00,-6.03,0.37216830253601074,-1.423170170330664,-1.0411772727966309,-1.0880972468842907
2024-06-19 16:00:00+00:00,47.1,0.3694102168083191,-1.968582596221088,-1.0470800399780273,-1.5548005497754578
2024-06-19 17:00:00+00:00,-0.36,0.35258087515830994,-2.1315040592153855,-1.0546317100524902,-14.30538736264379
2024-06-19 18:00:00+00:00,18.3,0.34589096903800964,-1.456667931878603,-1.0659360885620117,-2.080200870949807
2024-06-20 10:00:00+00:00,3.11,0.34109389781951904,-0.9592531411745759,-1.0769169330596924,-9.714753263995947
2024-06-20 11:00:00+00:00,-2.63,0.3391815721988678,-0.8910755687272087,-1.086512565612793,-14.931703943293714
2024-06-20 12:00:00+00:00,-10.93,0.33310818672180176,-1.0200033154711765,-1.0861170291900635,-11.208498281361265
2024-06-20 13:00:00+00:00,-12.75,0.32635799050331116,-1.3928248875702043,-1.0808161497116089,-13.007465057453967
2024-06-20 14:00:00+00:00,23.11,0.32054272294044495,-1.7793070198205538,-1.073599934577942,-14.913052221834166
2024-06-20 15:00:00+00:00,2.06,0.3159061372280121,-2.0312360640333895,-1.0608935356140137,-10.781976833002929
2024-06-20 16:00:00+00:00,-27.14,0.31738534569740295,-2.0374163280051336,-1.051493525505066,-11.98444632497986
2024-06-20 17:00:00+00:00,4.57,0.3112809956073761,-2.2435288867993894,-1.03423273563385,-12.28717622051288
2024-06-20 18:00:00+00:00,-1.82,0.3054961860179901,-0.6567578834860047,-1.0199319124221802,-18.62723570379447
2024-06-21 10:00:00+00:00,-0.75,0.2971195876598358,-0.9278082170895738,-1.003281831741333,-8.314209904368271
2024-06-21 11:00:00+00:00,-7.14,0.2942675054073334,-0.4908128160688403,-0.997186541557312,-13.867909093978207
2024-06-21 12:00:00+00:00,6.24,0.2863691747188568,-0.29268076132700827,-0.9922423362731934,-13.693764914124765
2024-06-21 13:00:00+00:00,2.86,0.27995479106903076,-0.3361470073810132,-0.9907736778259277,-13.024574796089366
2024-06-21 14:00:00+00:00,0.48,0.2786405682563782,-0.6527881623374718,-0.9892688989639282,-7.805694171766502
2024-06-21 15:00:00+00:00,-0.78,0.27482059597969055,-1.0941481138017646,-0.9910756945610046,-13.888710557972907
2024-06-21 16:00:00+00:00,-35.34,0.2749224603176117,-0.7532912888127798,-0.9913749694824219,-4.251988463743005
2024-06-21 17:00:00+00:00,-0.29,0.2864465117454529,-0.1676065184832276,-0.9943389892578125,3.002878382329596
2024-06-21 18:00:00+00:00,3.86,0.29613399505615234,-1.0030674536802988,-0.9983234405517578,-14.866704683291907
2024-06-24 10:00:00+00:00,-4.57,0.2987566888332367,-0.18814444247314432,-1.007906436920166,-6.655568251420529
2024-06-24 11:00:00+00:00,-3.25,0.30193161964416504,-0.8305746685275438,-1.0219942331314087,-0.2561705909921535
2024-06-24 12:00:00+00:00,1.94,0.3102998733520508,-0.7286004289296081,-1.0324121713638306,-7.831567483519267
2024-06-24 13:00:00+00:00,0.34,0.3139902949333191,-0.9054309665842779,-1.0444937944412231,0.9708105508699783
2024-06-24 14:00:00+00:00,-2.26,0.30661076307296753,-1.2348006586342937,-1.0540039539337158,-6.842711385976741
2024-06-24 15:00:00+00:00,2.13,0.28825873136520386,-1.4929982927716816,-1.070083737373352,-3.909210098175106
2024-06-24 16:00:00+00:00,-3.01,0.27140381932258606,-1.6231531375828459,-1.0811406373977661,0.13791675144049131
2024-06-24 17:00:00+00:00,-1.02,0.2550050616264343,-2.35353099674098,-1.0963586568832397,9.80432725746573
2024-06-24 18:00:00+00:00,-3.66,0.24831777811050415,-1.2370222019554316,-1.1212191581726074,-4.054234722731851
2024-06-25 10:00:00+00:00,-3.51,0.23849496245384216,-0.771451689335627,-1.1399093866348267,-9.602188624384436
2024-06-25 11:00:00+00:00,9.51,0.22735384106636047,-1.2616713671018442,-1.1541939973831177,-0.09932981144332176
2024-06-25 12:00:00+00:00,5.23,0.22297842800617218,-2.3755778590315106,-1.1732840538024902,-4.700667835026115
2024-06-25 13:00:00+00:00,-9.93,0.21540354192256927,-1.8121463918973886,-1.1914762258529663,-4.318241291062689
2024-06-25 14:00:00+00:00,7.68,0.2218218445777893,-1.7338340837643333,-1.2136142253875732,-3.7235022886308844
2024-06-25 15:00:00+00:00,2.59,0.23647567629814148,-2.407721921842141,-1.2267259359359741,-7.707131542563305
2024-06-25 16:00:00+00:00,0.23,0.25467416644096375,-2.356629330444694,-1.2332011461257935,-14.901129036787394
2024-06-25 17:00:00+00:00,5.35,0.27013716101646423,-1.3723160181752267,-1.2349581718444824,-14.302387629705068
2024-06-25 18:00:00+00:00,11.02,0.29596763849258423,-1.0069864936061668,-1.2279688119888306,-6.873620389557393
2024-06-26 10:00:00+00:00,0.11,0.31575843691825867,-1.4111707027626075,-1.2296642065048218,-9.39071897154302
2024-06-26 11:00:00+00:00,1.73,0.3277265727519989,-1.6972182472226618,-1.2205045223236084,-9.207395102023513
2024-06-26 12:00:00+00:00,1.23,0.3361552655696869,-1.4727355371369357,-1.2058415412902832,-4.410152722331415
2024-06-26 13:00:00+00:00,-2.07,0.33977967500686646,-0.9975794998216208,-1.1931973695755005,-13.30888933927155
2024-06-26 14:00:00+00:00,-1.71,0.3425412178039551,-1.016435638132841,-1.175862431526184,-6.800885757903456
2024-06-26 15:00:00+00:00,2.61,0.3383122980594635,-1.550226877177386,-1.1618943214416504,-3.3939905812348377
2024-06-26 16:00:00+00:00,-7.61,0.341750830411911,-1.1176853748037072,-1.1555159091949463,-17.933359873122757
2024-06-26 17:00:00+00:00,2.38,0.33400753140449524,-1.4248182541660912,-1.1461267471313477,-10.316719110914613
2024-06-26 18:00:00+00:00,-5.88,0.3213135004043579,-2.0741171560508787,-1.135464072227478,-6.788306174011478
2024-06-27 10:00:00+00:00,-0.91,0.3118652403354645,-0.8671270647598303,-1.126383900642395,-4.072763863202478
2024-06-27 11:00:00+00:00,-1.97,0.30286216735839844,-0.4787124105522893,-1.116683006286621,-9.89794202928005
2024-06-27 12:00:00+00:00,3.46,0.2833600342273712,-0.6036890581244172,-1.1098129749298096,1.6580080189477924
2024-06-27 13:00:00+00:00,-1.75,0.26270002126693726,-1.3176486590040892,-1.1115156412124634,-0.32459700779890116
2024-06-27 14:00:00+00:00,6.57,0.2519910931587219,-0.8381151103838185,-1.116644263267517,-3.3053513911324295
2024-06-27 15:00:00+00:00,-0.15,0.22323216497898102,-1.1067636540902752,-1.1266727447509766,-0.08510264872526288
2024-06-27 16:00:00+00:00,38.69,0.21134452521800995,-1.3747017888654316,-1.1326504945755005,-5.84255293926976
2024-06-27 17:00:00+00:00,-0.74,0.21388354897499084,-1.5668668338614604,-1.1365793943405151,-16.040139206827437
2024-06-27 18:00:00+00:00,3.99,0.20746134221553802,-1.617244783274358,-1.1195493936538696,2.603827704771663
2024-06-28 10:00:00+00:00,-0.99,0.20496989786624908,-1.2293716509791193,-1.0969494581222534,-7.5816732544425065
2024-06-28 11:00:00+00:00,1.16,0.21348927915096283,-2.1477145631032273,-1.0693145990371704,-7.4398180496376485
2024-06-28 12:00:00+00:00,-1.93,0.2187829613685608,-2.3738580406805205,-1.033945083618164,-7.379768618117289
2024-06-28 13:00:00+00:00,-4.44,0.21879969537258148,-2.356065547345382,-0.9994257688522339,-8.972838234571702
2024-06-28 14:00:00+00:00,3.11,0.2303871363401413,-2.8168654268614937,-0.9728736877441406,-7.202563073006524
2024-06-28 15:00:00+00:00,-0.2,0.23270738124847412,-2.471869523691934,-0.9951345324516296,-4.935596935382012
2024-06-28 16:00:00+00:00,-11.12,0.23825925588607788,-2.5153867406645,-0.9668306708335876,-2.397432367794664
2024-06-28 17:00:00+00:00,1.22,0.235991433262825,-2.353285700282804,-0.964681088924408,-3.3655663116115666
2024-06-28 18:00:00+00:00,2.83,0.24126745760440826,-1.303713561130043,-0.9815177917480469,-7.160819731234349
2024-07-01 10:00:00+00:00,-1.47,0.2468191534280777,-1.5004806956257843,-1.0138086080551147,-8.622197885672378
2024-07-01 11:00:00+00:00,-1.4,0.2505854070186615,-1.941459503116556,-1.0379517078399658,-7.020532690194023
2024-07-01 12:00:00+00:00,4.38,0.25318560004234314,-2.158657218446235,-1.0638400316238403,-8.54923556996334
2024-07-01 13:00:00+00:00,1.88,0.2638194262981415,-2.5714408023385458,-1.0946656465530396,-13.712442640562829
2024-07-01 14:00:00+00:00,1.18,0.2880025804042816,-1.8244132945917806,-1.118311882019043,-7.894290142536138
2024-07-01 15:00:00+00:00,2.02,0.2965399920940399,-2.021730865030289,-1.1394070386886597,-10.169462941495198
2024-07-01 16:00:00+00:00,-18.84,0.3211342990398407,-1.2058814449944821,-1.1534345149993896,-12.327626605558915
2024-07-01 17:00:00+00:00,0.34,0.3456730246543884,-0.8671355253972662,-1.154017686843872,-0.5500733414902312
2024-07-01 18:00:00+00:00,7.13,0.35773783922195435,-0.033646135737994576,-1.158971905708313,-8.325617909842203
2024-07-02 10:00:00+00:00,-1.58,0.3696795701980591,-0.3764831085146359,-1.1633973121643066,-7.489515800558118
2024-07-02 11:00:00+00:00,2.37,0.3776736259460449,-0.1887991892462037,-1.172058343887329,-5.611487014156193
2024-07-02 12:00:00+00:00,-0.49,0.378313273191452,-0.16177383448239097,-1.179595947265625,-13.859178138757855
2024-07-02 13:00:00+00:00,2.05,0.3812140226364136,0.2505761705563087,-1.1914632320404053,-9.499274559732807
2024-07-02 14:00:00+00:00,1.21,0.36881762742996216,-0.546837483305882,-1.187407374382019,-10.590129578422186
2024-07-02 15:00:00+00:00,-0.63,0.36354976892471313,-0.6475616843796586,-1.1795649528503418,-5.639621927261434
2024-07-02 16:00:00+00:00,-6.86,0.3632473349571228,-0.2734002598232893,-1.1775320768356323,-5.428015646993771
2024-07-02 17:00:00+00:00,-1.15,0.35916265845298767,-0.5716914800169342,-1.1710379123687744,-3.7666580994917758
2024-07-02 18:00:00+00:00,-2.47,0.36633434891700745,-0.5484377328332815,-1.1680479049682617,-12.38237982995228
2024-07-03 10:00:00+00:00,-0.76,0.36292406916618347,0.21056821492007055,-1.1649059057235718,-9.778105993317391
2024-07-03 11:00:00+00:00,4.9,0.3708077073097229,0.23145361179671425,-1.1581345796585083,-3.6181862957103186
2024-07-03 12:00:00+00:00,-1.49,0.3763025403022766,-0.7055418436918386,-1.1509382724761963,-7.792084718791914
2024-07-03 13:00:00+00:00,0.77,0.3857262432575226,-1.0497449369158096,-1.139379858970642,-6.524389068956355
2024-07-03 14:00:00+00:00,-0.35,0.40078142285346985,-1.4899790084297941,-1.1318117380142212,-7.129647181383724
2024-07-03 15:00:00+00:00,-3.79,0.3985552191734314,-1.4403281897201232,-1.1223642826080322,-9.133678453920618
2024-07-03 16:00:00+00:00,-3.4,0.4204274117946625,-1.5079848962393227,-1.1179383993148804,-2.1376904651727733
2024-07-03 17:00:00+00:00,2.05,0.4295206367969513,-1.1679637589328316,-1.121612548828125,-0.15539060237187402
2024-07-03 18:00:00+00:00,-5.51,0.4338871240615845,-1.6486722094111796,-1.1198636293411255,-0.18165498808476394
2024-07-04 10:00:00+00:00,0.05,0.4338281750679016,1.1657779592391395,-1.1284538507461548,-3.379942452881896
2024-07-04 11:00:00+00:00,-0.74,0.43053799867630005,0.18135568698965948,-1.1295236349105835,-4.891876717596699
2024-07-04 12:00:00+00:00,-4.23,0.42669254541397095,-1.7692311628490456,-1.135494589805603,-2.7916323306397355
2024-07-04 13:00:00+00:00,-1.49,0.41671302914619446,-0.8111920589165192,-1.1532233953475952,-2.9069808496963927
2024-07-04 14:00:00+00:00,-1.38,0.4004594683647156,-0.6655875105417016,-1.173340082168579,-4.220789665568183
2024-07-04 15:00:00+00:00,-9.26,0.3742501437664032,-2.457486006928183,-1.1958138942718506,-0.9279203300059062
2024-07-04 16:00:00+00:00,-0.86,0.3460344076156616,1.0592091634600247,-1.208795189857483,-9.079612695582554
2024-07-04 17:00:00+00:00,-3.55,0.31271401047706604,0.34687007687627835,-1.2265291213989258,-3.8447862815840077
2024-07-04 18:00:00+00:00,-3.48,0.2881975769996643,-1.3325002973136908,-1.2417689561843872,-0.8492090410252991
2024-07-05 10:00:00+00:00,-1.36,0.27287083864212036,-1.0147827799230946,-1.2514499425888062,0.5413837363880294
2024-07-05 11:00:00+00:00,8.89,0.26835304498672485,0.014729705933163945,-1.2663077116012573,-2.005736040946391
2024-07-05 12:00:00+00:00,1.82,0.2718279957771301,-1.0579970513669816,-1.2717725038528442,2.8999729211490624
2024-07-05 13:00:00+00:00,-3.91,0.2739262878894806,-1.0591429745391854,-1.2786530256271362,-0.10994505232847218
2024-07-05 14:00:00+00:00,-1.24,0.2760264277458191,-0.9151966888885712,-1.2949498891830444,0.4231875870206703
2024-07-05 15:00:00+00:00,0.41,0.2603370249271393,-1.6117454909138658,-1.3028554916381836,-0.09722284689022394
2024-07-05 16:00:00+00:00,1.87,0.25283297896385193,-2.090199166465682,-1.3037421703338623,-2.2653476760640796
2024-07-05 17:00:00+00:00,2.35,0.24718238413333893,-1.7802806226927823,-1.2953965663909912,-2.8364920725388414
2024-07-05 18:00:00+00:00,5.54,0.2394026517868042,-2.390229877632758,-1.2950853109359741,0.2798618860327277
2024-07-08 10:00:00+00:00,-2.71,0.24234040081501007,-1.0357715536347105,-1.279250979423523,-1.6514306446055038
2024-07-08 11:00:00+00:00,-5.69,0.2398335337638855,-1.6729839227819538,-1.268630027770996,-3.38597100924654
2024-07-08 12:00:00+00:00,-0.06,0.24013763666152954,-1.506900417216049,-1.2580288648605347,-5.047189190746303
2024-07-08 13:00:00+00:00,-2.81,0.2307892143726349,-2.3710456263293125,-1.251473069190979,-6.021808008873884
2024-07-08 14:00:00+00:00,0.02,0.20922057330608368,-2.453137066705579,-1.2570180892944336,1.310854753549091
2024-07-08 15:00:00+00:00,1.65,0.1915574073791504,-2.094362305299846,-1.2813284397125244,-2.7901361738238477
2024-07-08 16:00:00+00:00,-0.93,0.16309572756290436,-1.7330679533441815,-1.2849900722503662,-3.9769296305903103
2024-07-08 17:00:00+00:00,-1.42,0.14403136074543,-1.9932459574013044,-1.3025877475738525,-2.688465820428748
2024-07-08 18:00:00+00:00,-8.04,0.11907120794057846,-2.860862057373067,-1.3113957643508911,-5.755941313817691
2024-07-09 10:00:00+00:00,-3.57,0.09967502951622009,-1.7498275717968415,-1.3236801624298096,-3.683920927855302
2024-07-09 11:00:00+00:00,-1.08,0.08222490549087524,-1.0005814782587754,-1.3447980880737305,-0.6335556121267301
2024-07-09 12:00:00+00:00,2.37,0.0641840323805809,-0.5416957222154806,-1.3569139242172241,-0.8004309329841981
2024-07-09 13:00:00+00:00,-4.46,0.05177738890051842,-1.6665833425804486,-1.3727076053619385,-3.3330277806249065
2024-07-09 14:00:00+00:00,-2.65,0.037487152963876724,-1.231417640919282,-1.3836956024169922,1.0271000141613
2024-07-09 15:00:00+00:00,-1.62,0.03015577793121338,-1.774134759828954,-1.390687108039856,-5.190629515861445
2024-07-09 16:00:00+00:00,-4.56,0.019042903557419777,-2.0251973723015246,-1.3865207433700562,-5.315942743176015
2024-07-09 17:00:00+00:00,-2.38,0.0044511607848107815,-1.6459293738576912,-1.3869354724884033,0.847619888956484
2024-07-09 18:00:00+00:00,-6.72,-0.0069041079841554165,-1.8509073041933888,-1.3839976787567139,0.1424900129644862
2024-07-10 10:00:00+00:00,-3.16,-0.023058786988258362,-1.567807347032296,-1.3882768154144287,0.9037092481377309
2024-07-10 11:00:00+00:00,5.26,-0.04159077629446983,-1.5335878899477386,-1.4019711017608643,2.2633441521476243
2024-07-10 12:00:00+00:00,-1.18,-0.06360070407390594,-1.5030633410368734,-1.4023303985595703,-2.1635714532493235
2024-07-10 13:00:00+00:00,-4.64,-0.08147633075714111,-1.6220945075213344,-1.398610234260559,-3.3272484025285562
2024-07-10 14:00:00+00:00,-7.89,-0.1018303781747818,-2.332449840696202,-1.3870384693145752,-2.1266379230057817
2024-07-10 15:00:00+00:00,-3.5,-0.1114581972360611,-2.427699053325992,-1.3616293668746948,0.8249064810981275
2024-07-10 16:00:00+00:00,-4.85,-0.11787036806344986,-2.5107980725084533,-1.3484171628952026,1.5252500654890473
2024-07-10 17:00:00+00:00,0.43,-0.12625515460968018,-1.7456452805784899,-1.331345796585083,0.09262495871953634
2024-07-10 18:00:00+00:00,-5.95,-0.12953084707260132,-1.902307750593815,-1.3147242069244385,-1.0674330677495802
2024-07-11 10:00:00+00:00,-2.66,-0.1346488744020462,-0.5642456075572192,-1.3119019269943237,-6.839523755734655
2024-07-11 11:00:00+00:00,8.03,-0.13323482871055603,-1.846724989921892,-1.2981692552566528,1.5831626781350867
2024-07-11 12:00:00+00:00,-0.57,-0.12875495851039886,-2.1375472639458817,-1.2909049987792969,1.2012330718387243
2024-07-11 13:00:00+00:00,6.3,-0.12928102910518646,-2.0972535290256,-1.2732412815093994,2.637905593148652
2024-07-11 14:00:00+00:00,-3.89,-0.1393583118915558,-2.0330352133446867,-1.252158761024475,-0.2287925321688673
2024-07-11 15:00:00+00:00,0.23,-0.1432182639837265,-1.978750887693923,-1.2282531261444092,-1.53092485357382
2024-07-11 16:00:00+00:00,-0.31,-0.13987824320793152,-0.9247665990732201,-1.2200472354888916,-1.1673205591674827
2024-07-11 17:00:00+00:00,3.1,-0.13674139976501465,-1.3313714134798689,-1.2099406719207764,-2.550588127545624
2024-07-11 18:00:00+00:00,-2.86,-0.12960335612297058,-1.2594806347550065,-1.1978590488433838,-1.9281138086881866
2024-07-12 10:00:00+00:00,-1.39,-0.13100530207157135,-1.3725489394880588,-1.1881657838821411,2.8831543857878077
2024-07-12 11:00:00+00:00,0.47,-0.1325926035642624,-1.4195202782734813,-1.1751232147216797,-2.877145393327868
2024-07-12 12:00:00+00:00,-0.01,-0.13361907005310059,-1.2272698288176658,-1.1617985963821411,-1.2862130558570841
2024-07-12 13:00:00+00:00,-4.36,-0.13134734332561493,-1.6339402889798056,-1.1482701301574707,-1.960417095972163
2024-07-12 14:00:00+00:00,-0.53,-0.12396913021802902,-1.779539774017099,-1.1318320035934448,-3.5992715006680647
2024-07-12 15:00:00+00:00,10.65,-0.11343956738710403,-2.764056430261913,-1.1146597862243652,-4.228176803890151
2024-07-12 16:00:00+00:00,-2.8,-0.10367995500564575,-2.1230636475476516,-1.0969126224517822,-5.2064545583400506
2024-07-12 17:00:00+00:00,-2.99,-0.09180345386266708,-2.224324311637454,-1.081716537475586,-6.002052596279909
2024-07-12 18:00:00+00:00,-7.97,-0.07243293523788452,-1.8321806026583918,-1.0642887353897095,-5.256485299247327
2024-07-15 10:00:00+00:00,4.79,-0.053613752126693726,-1.6445871998837995,-1.0472661256790161,-3.2128130409898037
2024-07-15 11:00:00+00:00,-2.46,-0.03789292648434639,-1.6703146691446176,-1.025054931640625,-2.5599563954011044
2024-07-15 12:00:00+00:00,0.32,-0.018224431201815605,-1.4138612472564973,-1.0055118799209595,-1.8839372429507943
2024-07-15 13:00:00+00:00,-4.29,0.00582151859998703,-0.9300305356960195,-0.9853983521461487,-5.395208431108133
2024-07-15 14:00:00+00:00,-0.53,0.03743603453040123,0.08116296959968,-0.9714356660842896,-2.5723645181140946
2024-07-15 15:00:00+00:00,-4.57,0.06283170729875565,-0.06390698042991799,-0.9574480652809143,-5.237153202047809
2024-07-15 16:00:00+00:00,-4.93,0.09754625707864761,-0.472041657822435,-0.9478490352630615,-2.8497898307675085
2024-07-15 17:00:00+00:00,-2.58,0.13170723617076874,0.3842970122763525,-0.9410286545753479,-0.28246557523471366
2024-07-15 18:00:00+00:00,-1.43,0.1643824279308319,0.3830129094410831,-0.9347333908081055,-0.8497136405592834
2024-07-16 10:00:00+00:00,-8.11,0.2055041342973709,-0.1375564850159402,-0.924074113368988,1.0817113148061035
2024-07-16 11:00:00+00:00,8.7,0.24133753776550293,-0.14452964106864763,-0.9163836240768433,2.2421224872005383
2024-07-16 12:00:00+00:00,-4.24,0.27883538603782654,-0.0032382194825470445,-0.913947582244873,-2.5398325186755453
2024-07-16 13:00:00+00:00,1.9,0.3165685534477234,-1.0677408186871258,-0.9173703193664551,-1.0287743600648978
2024-07-16 14:00:00+00:00,-2.2,0.3507871627807617,-1.3143702383690985,-0.9219720363616943,-1.195111509795454
2024-07-16 15:00:00+00:00,-1.39,0.3885379731655121,-0.9734239933847442,-0.928930938243866,-1.090752892656402
2024-07-16 16:00:00+00:00,9.26,0.4312804341316223,-0.6310106553782814,-0.9316266775131226,0.5830503884801388
2024-07-16 17:00:00+00:00,3.09,0.47360777854919434,0.0501375643341431,-0.9254863858222961,-1.796858794720882
2024-07-16 18:00:00+00:00,-1.08,0.5176817178726196,-0.2562881261637094,-0.9158580899238586,-1.4717297243260175
2024-07-17 10:00:00+00:00,9.04,0.5733308792114258,-0.759106527274796,-0.9098600149154663,-3.126243439058426
2024-07-17 11:00:00+00:00,0.13,0.6275670528411865,-0.16873578892069707,-0.9034644961357117,-6.2648447224862736
2024-07-17 12:00:00+00:00,-2.79,0.6777559518814087,-0.6367534535080854,-0.8923524618148804,-2.3878155050045393
2024-07-17 13:00:00+00:00,-0.63,0.7191553711891174,-1.0301304627884322,-0.888798177242279,-1.5415525344005256
2024-07-17 14:00:00+00:00,2.74,0.7552413940429688,-0.3721308878440039,-0.8883458375930786,-0.8723438160000416
2024-07-17 15:00:00+00:00,1.68,0.7944725751876831,-0.8403258682021216,-0.8900738954544067,-4.346410361461236
2024-07-17 16:00:00+00:00,-0.73,0.8355557918548584,-0.6869327373497092,-0.8882017731666565,-1.8206053317482207
2024-07-17 17:00:00+00:00,-5.18,0.8796165585517883,-0.8289688375581329,-0.8812801837921143,-8.017517852128424
2024-07-17 18:00:00+00:00,-9.12,0.9202372431755066,-0.565632480165931,-0.8675594925880432,-5.323713888369228
2024-07-18 10:00:00+00:00,2.65,0.9602670669555664,1.2733495805387651,-0.8572847247123718,-4.175057787120656
2024-07-18 11:00:00+00:00,2.52,0.9978552460670471,0.7631400871348801,-0.8490959405899048,-3.5703449241917564
2024-07-18 12:00:00+00:00,0.1,1.0459938049316406,-0.7937774326493541,-0.8395125865936279,-1.9235555257222294
2024-07-18 13:00:00+00:00,-0.23,1.0940907001495361,-1.2352245590846125,-0.8318895697593689,-5.6534320686159125
2024-07-18 14:00:00+00:00,1.29,1.1459007263183594,-0.8206185330403148,-0.8130523562431335,-3.270386600425154
2024-07-18 15:00:00+00:00,4.51,1.2000006437301636,-0.37933938854438765,-0.7893922328948975,-3.8808585492858327
2024-07-18 16:00:00+00:00,7.97,1.2542003393173218,-1.3077733952936392,-0.7656235694885254,-4.8581332236817545
2024-07-18 17:00:00+00:00,4.81,1.3108265399932861,-1.008098114889777,-0.7354306578636169,-2.340201617365102
2024-07-18 18:00:00+00:00,-0.47,1.3706022500991821,-2.2055689154539673,-0.7058743238449097,-3.700977474548794
2024-07-19 10:00:00+00:00,-0.57,1.4278807640075684,-1.4153310848193363,-0.6745492815971375,-0.45675024917195106
2024-07-19 11:00:00+00:00,6.68,1.4933327436447144,-1.324861703887865,-0.6291463971138,-1.2546570675013828
2024-07-19 12:00:00+00:00,7.32,1.5630252361297607,-1.382602791655027,-0.5864652991294861,-4.282791970234365
2024-07-19 13:00:00+00:00,-1.26,1.6165443658828735,-1.0353309132196575,-0.5417872071266174,-0.8149732522125
2024-07-19 14:00:00+00:00,0.53,1.6767100095748901,-1.3183909063476793,-0.48049113154411316,0.25381688692163196
2024-07-19 15:00:00+00:00,-1.98,1.7215163707733154,-1.3864000504509695,-0.42430728673934937,-4.530461916993122
2024-07-19 16:00:00+00:00,-1.18,1.7608989477157593,-1.9954492580410612,-0.3683813214302063,-2.8418991283485626
2024-07-19 17:00:00+00:00,-0.95,1.7862530946731567,-1.3107518497722175,-0.3168067932128906,-2.6346323245049508
2024-07-19 18:00:00+00:00,8.18,1.822939395904541,-1.0320720002684205,-0.2685120403766632,-4.397909895100992
2024-07-22 10:00:00+00:00,1.47,1.861727237701416,-1.6053245600186827,-0.22233709692955017,-3.65282241697031
2024-07-22 11:00:00+00:00,-3.71,1.931658148765564,-1.7244932611190893,-0.15170784294605255,0.5878795004063779
2024-07-22 12:00:00+00:00,-0.15,2.0053770542144775,-1.6680352910821832,-0.10416065901517868,-3.7560748915547273
2024-07-22 13:00:00+00:00,2.46,2.0701992511749268,-1.5086227415509448,-0.03241949528455734,-3.487933337697479
2024-07-22 14:00:00+00:00,-2.17,2.1430485248565674,-0.9977567737803319,0.019591080024838448,-1.5545501953839345
2024-07-22 15:00:00+00:00,-2.37,2.106328010559082,-0.7527797841398205,0.08186404407024384,-3.616041428806402
2024-07-22 16:00:00+00:00,5.12,2.119255542755127,-1.5062057377339169,0.14722447097301483,-2.236138985981383
2024-07-22 17:00:00+00:00,-0.03,2.138108968734741,-1.5148240088581335,0.21294623613357544,-2.6591274305267727
2024-07-22 18:00:00+00:00,-0.62,2.1425278186798096,-1.2233175863709493,0.24560096859931946,-2.457357244944025
2024-07-23 10:00:00+00:00,-1.68,2.136195421218872,-1.415998284966382,0.2730237543582916,-0.4638943229024705
2024-07-23 11:00:00+00:00,-3.69,2.133424758911133,-1.30973992163715,0.3071954548358917,-2.751057470930486
2024-07-23 12:00:00+00:00,2.92,2.1511387825012207,-1.2476689450951228,0.3102169632911682,-1.6362188281642773
2024-07-23 13:00:00+00:00,-1.76,2.1655449867248535,-1.2506148909816786,0.3375212252140045,-3.4641678044297812
2024-07-23 14:00:00+00:00,0.71,2.1885645389556885,-1.9565201721700984,0.33219143748283386,-2.166470470992104
2024-07-23 15:00:00+00:00,-0.05,2.185225009918213,-1.8027343588048985,0.3366411328315735,-2.8743929239893733
2024-07-23 16:00:00+00:00,5.31,2.221763849258423,-1.4592051923930869,0.35462048649787903,-3.272871436536234
2024-07-23 17:00:00+00:00,6.1,2.2847061157226562,-1.8344335634602018,0.4020783305168152,-5.600263510898505
2024-07-23 18:00:00+00:00,2.95,2.3292412757873535,-2.22052192144759,0.42249661684036255,-7.696781332983775
2024-07-24 10:00:00+00:00,1.89,2.3915586471557617,-1.8598310136155907,0.4633665382862091,-5.319859710963089
2024-07-24 11:00:00+00:00,-0.37,2.4534122943878174,-1.9363614868753243,0.4662151634693146,0.37502736936513503
2024-07-24 12:00:00+00:00,-0.82,2.5289506912231445,-2.0454068690054923,0.49511265754699707,0.4535851428221159
2024-07-24 13:00:00+00:00,2.53,2.5885815620422363,-1.357906681789281,0.46732527017593384,-1.1280399303184723
2024-07-24 14:00:00+00:00,-0.34,2.6507279872894287,-1.5506171554954624,0.46434617042541504,-6.192150518664993
2024-07-24 15:00:00+00:00,2.42,2.7010884284973145,-1.5847841669630718,0.4621070623397827,-1.3572038104170927
2024-07-24 16:00:00+00:00,0.65,2.7589528560638428,-2.353528351407934,0.4645320475101471,1.6164245711957048
2024-07-24 17:00:00+00:00,9.19,2.8118391036987305,-2.1957640321538685,0.47978100180625916,0.6023652536968932
2024-07-24 18:00:00+00:00,-6.26,2.857215166091919,-1.833785001827008,0.49152159690856934,0.0705943190999042
2024-07-25 10:00:00+00:00,-4.99,2.9057323932647705,-1.2162163401791837,0.4755503833293915,0.6434761354925246
2024-07-25 11:00:00+00:00,2.31,2.9372398853302,-1.1795382527755005,0.4807484447956085,-2.857036929483395
2024-07-25 12:00:00+00:00,4.12,2.9670727252960205,-1.6333143022288974,0.467011958360672,-2.6524512131768905
2024-07-25 13:00:00+00:00,-2.42,2.968942642211914,-1.8817772864498106,0.4416918456554413,2.3111699339538565
2024-07-25 14:00:00+00:00,-0.69,2.9828343391418457,-1.3182937102219694,0.41818979382514954,0.04671953161578435
2024-07-25 15:00:00+00:00,1.43,2.958317279815674,-1.1120247047772032,0.3623916804790497,-1.0786544946375038
2024-07-25 16:00:00+00:00,17.63,2.9656360149383545,-0.9930705245494778,0.2698073089122772,-0.8650237782270224
2024-07-25 17:00:00+00:00,-0.14,2.991379737854004,-1.588882199938181,0.14953750371932983,-5.282451566336895
2024-07-25 18:00:00+00:00,1.63,2.996668815612793,-0.708312033586735,0.006363001652061939,0.32267510263142213
2024-07-26 10:00:00+00:00,1.11,3.007528066635132,-0.8157568981436786,-0.10431847721338272,-0.6985162975934853
2024-07-26 11:00:00+00:00,3.19,3.0269646644592285,-1.2537402072573745,-0.1837238371372223,-3.4299361573735787
2024-07-26 12:00:00+00:00,-12.98,3.0539958477020264,-2.083824595253353,-0.26390886306762695,-4.4418733597997635
2024-07-26 13:00:00+00:00,-10.25,3.064913272857666,-0.8726150767344927,-0.36972665786743164,-0.8185351355159761
2024-07-26 14:00:00+00:00,-0.32,3.057370662689209,-0.7073942261842995,-0.4762185215950012,-2.510166573999012
2024-07-26 15:00:00+00:00,4.67,3.0650341510772705,-0.6200409933634071,-0.6022000312805176,-0.5699446270375325
2024-07-26 16:00:00+00:00,-2.29,3.085857391357422,-0.43726495966606815,-0.7261792421340942,-0.6197494953768541
2024-07-26 17:00:00+00:00,-4.51,3.114255666732788,-0.7372348618578618,-0.834699273109436,-1.2738465120945803
2024-07-26 18:00:00+00:00,-15.0,3.1463253498077393,-1.4936943743585132,-0.9558537006378174,-4.309419968490262
2024-07-29 10:00:00+00:00,-6.76,3.1942920684814453,-0.7016546114344286,-1.0497568845748901,-3.397793667423957
2024-07-29 11:00:00+00:00,-1.79,3.234002113342285,-0.23814450845443969,-1.156036138534546,-1.7199992938804674
2024-07-29 12:00:00+00:00,-1.4,3.269531488418579,-0.5402628154422588,-1.2399283647537231,-0.9456699737958986
2024-07-29 13:00:00+00:00,4.94,3.3104872703552246,-1.3084752047443116,-1.3230863809585571,1.6448916165789302
2024-07-29 14:00:00+00:00,1.14,3.331885814666748,-1.6251956767850988,-1.3834738731384277,5.642477551169464
2024-07-29 15:00:00+00:00,1.24,3.3255064487457275,-1.250364288007007,-1.4378639459609985,1.4338518324447893
2024-07-29 16:00:00+00:00,-21.0,3.305084705352783,-1.393002122598173,-1.4902796745300293,-0.015070186567029902
2024-07-29 17:00:00+00:00,-5.39,3.285609245300293,-0.30354582369153893,-1.5281912088394165,6.290603590104835
2024-07-29 18:00:00+00:00,6.44,3.2864327430725098,-1.4291541729694992,-1.5574007034301758,2.955755526000127
2024-07-30 10:00:00+00:00,-1.64,3.286473512649536,-0.6687470211746107,-1.5805095434188843,2.2716841734883473
2024-07-30 11:00:00+00:00,4.59,3.280751943588257,-0.7747017509998919,-1.59821355342865,6.669441426426928
2024-07-30 12:00:00+00:00,2.39,3.2784600257873535,-0.6979269330412814,-1.5999146699905396,0.9365864904317935
2024-07-30 13:00:00+00:00,1.93,3.275451898574829,-1.0060668222270523,-1.5973254442214966,-1.3223970852366043
2024-07-30 14:00:00+00:00,1.45,3.2674834728240967,-0.7741090320424502,-1.6038814783096313,-2.299708803985972
2024-07-30 15:00:00+00:00,-0.59,3.2684638500213623,-0.6385820613401159,-1.6107300519943237,0.030323581322801694
2024-07-30 16:00:00+00:00,3.34,3.2653021812438965,-1.5640925542744184,-1.606260061264038,1.1827495018652894
2024-07-30 17:00:00+00:00,-1.34,3.26485538482666,-1.5340028217891788,-1.600856900215149,3.427998341451907
2024-07-30 18:00:00+00:00,0.49,3.2661070823669434,-1.620089590822357,-1.591971755027771,1.5932981241732642
2024-07-31 10:00:00+00:00,2.97,3.268131732940674,-1.7558101697334576,-1.5741448402404785,-3.7904991938048713
2024-07-31 11:00:00+00:00,-8.53,3.2713241577148438,-1.6540821598182234,-1.5382670164108276,-1.94351611344582
2024-07-31 12:00:00+00:00,0.65,3.285337209701538,-1.1265444296712304,-1.476731777191162,0.05096264517344373
2024-07-31 13:00:00+00:00,5.13,3.303802728652954,-1.0191298273329439,-1.398677945137024,-2.2489864144493796
2024-07-31 14:00:00+00:00,1.01,3.3141894340515137,-1.191099363758501,-1.317358374595642,1.2210799915523374
2024-07-31 15:00:00+00:00,2.42,3.3248469829559326,-1.5408556165132494,-1.2369437217712402,-1.0124116682809507
2024-07-31 16:00:00+00:00,-0.47,3.335679292678833,-1.0643249525375684,-1.1538546085357666,-1.2108603117531982
2024-07-31 17:00:00+00:00,-1.68,3.345065116882324,-1.012941711562355,-1.067434310913086,-4.553063379201401
2024-07-31 18:00:00+00:00,7.81,3.365617513656616,-0.7574976920799034,-0.9451624155044556,-1.0192212266795413
2024-08-01 10:00:00+00:00,-3.35,3.3751721382141113,-1.244501693532958,-0.8109755516052246,0.8784184590540689
2024-08-01 11:00:00+00:00,-0.42,3.3884117603302,-0.9260990255404082,-0.6581189036369324,0.6136589584069878
2024-08-01 12:00:00+00:00,0.29,3.389469861984253,-1.0549521766326797,-0.5256118774414062,2.33458913413312
2024-08-01 13:00:00+00:00,-2.19,3.395247220993042,-1.680084292487842,-0.406267911195755,-6.175541435113612
2024-08-01 14:00:00+00:00,-1.11,3.4162516593933105,-1.5480546185941624,-0.278890460729599,-4.293247679742036
2024-08-01 15:00:00+00:00,2.01,3.416114091873169,-1.2742917624754146,-0.18314051628112793,0.4870498912010234
2024-08-01 16:00:00+00:00,1.34,3.411076545715332,-1.1613331336671555,-0.17595376074314117,-3.0808142117749413
2024-08-01 17:00:00+00:00,-2.86,3.399557113647461,-0.8464038199068231,-0.17069874703884125,1.095239755895055
2024-08-01 18:00:00+00:00,-3.99,3.3799829483032227,-1.4086404149635756,-0.19471757113933563,-0.01847913209144395
2024-08-02 10:00:00+00:00,-4.31,3.37143611907959,-1.4573701386213076,-0.17972317337989807,-2.1565262636405182
2024-08-02 11:00:00+00:00,-1.53,3.36271333694458,-1.2320719981860417,-0.17443804442882538,-1.38233568287361
2024-08-02 12:00:00+00:00,-0.3,3.358992099761963,-2.013334839563118,-0.17085042595863342,0.31192782292226845
2024-08-02 13:00:00+00:00,-4.18,3.350513219833374,-1.520005375047425,-0.1673814058303833,1.8214242911351912
2024-08-02 14:00:00+00:00,-1.51,3.332094669342041,-2.2791687725759378,-0.179800882935524,2.9210766947325366
2024-08-02 15:00:00+00:00,3.17,3.31909441947937,-2.427560077275885,-0.17760853469371796,2.553560644864355
2024-08-02 16:00:00+00:00,2.37,3.30793833732605,-1.9823054138871057,-0.1850358247756958,1.4826590190055524
2024-08-02 17:00:00+00:00,-2.19,3.2947146892547607,-1.290763883191149,-0.16688992083072662,-0.8024164302821145
2024-08-02 18:00:00+00:00,-18.38,3.2965755462646484,-1.2659401243043775,-0.1390373855829239,3.3349232557566966
2024-08-05 10:00:00+00:00,-4.67,3.3099169731140137,-0.017621955013978008,-0.08830516785383224,2.2077804624498607
2024-08-05 11:00:00+00:00,-0.71,3.3358592987060547,0.6582451238014906,-0.057598892599344254,2.3170746582310002
2024-08-05 12:00:00+00:00,0.98,3.377960443496704,0.26495264755402564,-0.003945259377360344,0.4308000642109632
2024-08-05 13:00:00+00:00,-4.06,3.4145619869232178,0.29075991810178864,0.038990508764982224,2.1522835389052464
2024-08-05 14:00:00+00:00,-5.3,3.4422051906585693,0.9051777034389819,0.05677429959177971,3.520876016126819
2024-08-05 15:00:00+00:00,0.68,3.477235794067383,1.3046566101778787,0.0421186126768589,3.308608854150894
2024-08-05 16:00:00+00:00,14.92,3.516974687576294,0.804016656001216,0.04516083747148514,6.137812578321843
2024-08-05 17:00:00+00:00,-0.05,3.5633792877197266,0.5114649369535482,0.02856411598622799,1.9945991925285458
2024-08-05 18:00:00+00:00,12.41,3.6243793964385986,0.9908615249741884,0.014627808704972267,1.9267841071181786
2024-08-06 10:00:00+00:00,-8.4,3.6926872730255127,0.7527322938566335,-0.038903508335351944,0.3545605483888743
2024-08-06 11:00:00+00:00,0.4,3.7814300060272217,0.08346255306073908,-0.047246482223272324,-3.6166824964240045
2024-08-06 12:00:00+00:00,2.33,3.8779067993164062,-0.6837469223528428,-0.017166273668408394,-3.8127119578530877
2024-08-06 13:00:00+00:00,-3.65,3.9754886627197266,-0.6842118888717078,0.04014412313699722,-2.1454158198107356
2024-08-06 14:00:00+00:00,-5.53,4.080716133117676,-0.8587653507384919,0.10142245888710022,1.178886709041581
2024-08-06 15:00:00+00:00,0.38,4.1593451499938965,-0.3142037200075813,0.19471758604049683,2.2640863524794237
2024-08-06 16:00:00+00:00,-0.08,4.273683071136475,-0.3001829630283228,0.2816244959831238,-2.6168032237832386
2024-08-06 17:00:00+00:00,0.22,4.378695487976074,0.4926943791220837,0.3752434253692627,-1.7442047496672284
2024-08-06 18:00:00+00:00,0.36,4.474027633666992,-0.7037964569880361,0.45842909812927246,-2.569047850267451
2024-08-07 10:00:00+00:00,-6.25,4.569814682006836,-0.21818709395454228,0.5214203596115112,-1.859956140756029
2024-08-07 11:00:00+00:00,4.93,4.64955472946167,0.09286006658232787,0.5734490156173706,1.0754937648646856
2024-08-07 12:00:00+00:00,-3.94,4.734332084655762,0.39884687721697526,0.6069093346595764,-1.4328635021849163
2024-08-07 13:00:00+00:00,4.41,4.792721748352051,0.13628063971802978,0.6418560743331909,-0.6083451732131102
2024-08-07 14:00:00+00:00,5.79,4.816567420959473,0.055151064600703265,0.6735222935676575,0.8197278743459667
2024-08-07 15:00:00+00:00,0.41,4.82255220413208,0.7989124444867107,0.7287689447402954,-2.379728719314403
2024-08-07 16:00:00+00:00,-2.7,4.805776596069336,0.3764972527460807,0.7789885401725769,2.000628048331798
2024-08-07 17:00:00+00:00,3.56,4.79296350479126,1.62196456357794,0.8379519581794739,2.0911168165706266
2024-08-07 18:00:00+00:00,0.57,4.796520233154297,-0.18332954981030314,0.8580630421638489,-2.7270536650851214
2024-08-08 10:00:00+00:00,1.54,4.782227993011475,0.8258075017474171,0.8866121172904968,1.493711606939387
2024-08-08 11:00:00+00:00,-2.57,4.753159046173096,0.009102437348918371,0.9211117625236511,-0.5545188613668959
2024-08-08 12:00:00+00:00,-3.68,4.737802028656006,-0.39752074754712907,0.9342450499534607,-0.21023737908159695
2024-08-08 13:00:00+00:00,1.26,4.713180065155029,-0.5866519739067392,0.9984620809555054,-1.320338007449855
2024-08-08 14:00:00+00:00,-1.99,4.6850199699401855,-0.6475766585586752,1.058881402015686,-2.7953474700563707
2024-08-08 15:00:00+00:00,-2.57,4.650390625,-1.1921827888796708,1.1069811582565308,3.739549636258717
2024-08-08 16:00:00+00:00,-5.58,4.628346920013428,-0.260879071403487,1.140083909034729,4.151327435189314
2024-08-08 17:00:00+00:00,-2.54,4.614326000213623,0.40998128707200227,1.1273325681686401,3.0829726966418645
2024-08-08 18:00:00+00:00,4.22,4.6032586097717285,1.0509721907978307,1.118457555770874,0.5194276745322274
2024-08-09 10:00:00+00:00,-2.01,4.599823474884033,1.027352902030229,1.123582363128662,-3.132911849797507
2024-08-09 11:00:00+00:00,-3.02,4.584061622619629,0.17289553587563597,1.1357160806655884,-1.2945969056493738
2024-08-09 12:00:00+00:00,-0.06,4.576264381408691,0.9227258698838745,1.1537851095199585,0.5070864642958471
2024-08-09 13:00:00+00:00,0.55,4.56407356262207,0.6101436713194722,1.1595748662948608,-1.380540163861709
2024-08-09 14:00:00+00:00,0.97,4.563035011291504,-0.713934285664432,1.1685649156570435,-3.222789574361406
2024-08-09 15:00:00+00:00,-3.37,4.591488361358643,-0.23689893811629037,1.1406413316726685,-0.9060023756057551
2024-08-09 16:00:00+00:00,0.62,4.612583637237549,-0.23839038670110702,1.1145159006118774,0.7070983636971099
2024-08-09 17:00:00+00:00,0.57,4.646526336669922,-0.11407418045699871,1.1062666177749634,2.2896762725218656
2024-08-09 18:00:00+00:00,-22.99,4.674522399902344,0.12214032939214182,1.1037145853042603,1.242828673323249
2024-08-12 10:00:00+00:00,-4.24,4.684769153594971,0.7999872408968213,1.0958356857299805,-3.237018261500853
2024-08-12 11:00:00+00:00,2.06,4.719834804534912,0.5589212365194447,1.053945541381836,-1.6009853363961934
2024-08-12 12:00:00+00:00,2.98,4.758019924163818,1.1893025587627888,1.0274685621261597,-0.36567147683279183
2024-08-12 13:00:00+00:00,2.91,4.785274505615234,1.1849403314248461,1.0298831462860107,0.05502454958304094
2024-08-12 14:00:00+00:00,4.15,4.817419052124023,0.1903444375556379,0.9674063324928284,0.8363749690639402
2024-08-12 15:00:00+00:00,-3.0,4.836269855499268,0.11045545804409444,0.9062251448631287,-0.8343746631604133
2024-08-12 16:00:00+00:00,-20.25,4.813910484313965,0.13521493398553955,0.866973340511322,-2.4166253861853333
2024-08-12 17:00:00+00:00,-1.87,4.735292911529541,1.4666989880005519,0.8552206754684448,2.976987727484339
2024-08-12 18:00:00+00:00,8.8,4.647894382476807,1.6208565768680423,0.8469592928886414,-3.868754705066555
2024-08-13 10:00:00+00:00,1.48,4.5402421951293945,0.40973999422993357,0.8370518684387207,2.318907169852727
2024-08-13 11:00:00+00:00,3.33,4.408752918243408,-0.16382926896392297,0.8399074673652649,-2.4940123880339278
2024-08-13 12:00:00+00:00,-0.51,4.28464937210083,0.36396176466828656,0.8313122391700745,-0.9142679045012673
2024-08-13 13:00:00+00:00,-0.51,4.173942565917969,0.2798510148828268,0.8256216049194336,-1.39294409143119
2024-08-13 14:00:00+00:00,1.57,4.065758228302002,0.46760090159393874,0.8210203647613525,2.55650883248736
2024-08-13 15:00:00+00:00,2.45,3.9602866172790527,0.33237778475284474,0.7754371166229248,1.8537140422255465
2024-08-13 16:00:00+00:00,-31.01,3.826847791671753,-1.925193418618313,0.7341833114624023,0.022633204994954043
2024-08-13 17:00:00+00:00,-1.22,3.706275224685669,0.7392573816551671,0.7137534618377686,7.6642693286579515
2024-08-13 18:00:00+00:00,4.76,3.598860025405884,-0.8794128828081711,0.6843904256820679,2.2487788012824304
2024-08-14 10:00:00+00:00,2.51,3.5038177967071533,0.9687750332056689,0.6763905882835388,1.5847769075640619
2024-08-14 11:00:00+00:00,-1.05,3.3923535346984863,-0.04413172210947791,0.6617288589477539,5.632713758667896
2024-08-14 12:00:00+00:00,-4.35,3.260146141052246,-0.05481959785016499,0.6461783051490784,3.912969707837609
2024-08-14 13:00:00+00:00,-0.02,3.1012461185455322,-0.18732160529905156,0.6242925524711609,4.1051397838398636
2024-08-14 14:00:00+00:00,-0.1,2.9313883781433105,0.08088250204935568,0.595035195350647,7.976405213040222
2024-08-14 15:00:00+00:00,-0.49,2.7239253520965576,-0.18537393548000436,0.5947011709213257,1.1581067023933869
2024-08-14 16:00:00+00:00,25.93,2.5031678676605225,0.4746413669290883,0.6139363646507263,3.8831330213944932
2024-08-14 17:00:00+00:00,-2.69,2.328298330307007,-0.9884200708638413,0.5937375426292419,1.3516606544132008
2024-08-14 18:00:00+00:00,-6.94,2.2100934982299805,-0.04286766360750324,0.5675684809684753,6.75027906091589
2024-08-15 10:00:00+00:00,-2.13,2.0811688899993896,0.46070629435972976,0.5296315550804138,2.080377671239954
2024-08-15 11:00:00+00:00,5.42,2.0205934047698975,-0.5000694996743134,0.49800941348075867,5.042752707364891
2024-08-15 12:00:00+00:00,-2.76,1.9052603244781494,-0.06245883600406327,0.47372889518737793,7.702636138080694
2024-08-15 13:00:00+00:00,-1.41,1.7969768047332764,-0.5975897927075555,0.4507874846458435,4.644908721965095
2024-08-15 14:00:00+00:00,-2.89,1.6753195524215698,-0.8729998710471836,0.4339524507522583,1.4368076640847625
2024-08-15 15:00:00+00:00,0.75,1.5620137453079224,-0.24956177851501365,0.4306432902812958,2.1256596561384855
2024-08-15 16:00:00+00:00,11.86,1.4390369653701782,-0.7286788577166319,0.4104491174221039,2.047076407767991
2024-08-15 17:00:00+00:00,-0.22,1.390299916267395,0.10600941739463624,0.3928948938846588,0.9556424605298656
2024-08-15 18:00:00+00:00,-0.89,1.3373925685882568,-0.460043995923349,0.37916824221611023,3.8551221194827376
2024-08-16 10:00:00+00:00,-1.19,1.3293031454086304,-0.1649174825660375,0.37375855445861816,0.7920917241621032
2024-08-16 11:00:00+00:00,-0.11,1.3810477256774902,-0.817062268625563,0.3711572587490082,-0.4140560489244476
2024-08-16 12:00:00+00:00,-0.83,1.4141560792922974,-0.5802786447269512,0.36347493529319763,3.794018557903985
2024-08-16 13:00:00+00:00,-0.11,1.448293924331665,-1.0457352165400355,0.3513716459274292,-0.29604719453777245
2024-08-16 14:00:00+00:00,1.85,1.457056999206543,-0.5233894603917255,0.33086201548576355,3.2246617905674095
2024-08-16 15:00:00+00:00,2.13,1.4628958702087402,-0.4363196478719664,0.3188264071941376,0.5689736639938168
2024-08-16 16:00:00+00:00,-3.08,1.4178184270858765,-0.7916149061117854,0.2919543981552124,-3.334884875071359
2024-08-16 17:00:00+00:00,-2.53,1.3906265497207642,-0.8075079035340482,0.27126240730285645,-2.2768774220451165
2024-08-16 18:00:00+00:00,-6.72,1.340290904045105,-0.6842890353228427,0.2508488893508911,4.20214392981096
2024-08-19 10:00:00+00:00,1.18,1.2607085704803467,-0.46096850212361773,0.22459682822227478,5.566322534809221
2024-08-19 11:00:00+00:00,-5.03,1.1745798587799072,-0.5512835813787438,0.20317839086055756,0.8234726511195818
2024-08-19 12:00:00+00:00,-1.21,1.0684312582015991,-1.4663337949877218,0.18298625946044922,-2.6300310926532124
2024-08-19 13:00:00+00:00,-2.88,0.9661304950714111,-0.53787736846596,0.18031859397888184,-0.9137728903076849
2024-08-19 14:00:00+00:00,-1.94,0.8694965839385986,-0.5853315875357739,0.18271709978580475,3.3953181814012097
2024-08-19 15:00:00+00:00,4.29,0.804125964641571,-0.6190036843887832,0.18185068666934967,5.810584302004224
2024-08-19 16:00:00+00:00,-7.37,0.7607791423797607,-1.233535935862663,0.17486467957496643,3.9805635058994566
2024-08-19 17:00:00+00:00,-5.94,0.7061194777488708,0.8244102507380753,0.16321422159671783,0.9365758615390495
2024-08-19 18:00:00+00:00,-3.68,0.618766725063324,-0.10391967175448011,0.15473778545856476,-3.243840103597099
2024-08-20 10:00:00+00:00,1.58,0.5522605776786804,0.9173371806794931,0.1442195624113083,3.799859862283985
2024-08-20 11:00:00+00:00,5.27,0.504926860332489,2.25727100476236,0.12875507771968842,2.852698582406122
2024-08-20 12:00:00+00:00,2.92,0.44467422366142273,0.5363278643456388,0.10772662609815598,-1.2648659983072361
2024-08-20 13:00:00+00:00,-0.28,0.40028834342956543,0.047300815465932955,0.09605367481708527,1.5260597151280564
2024-08-20 14:00:00+00:00,-3.53,0.3841036558151245,0.5285735110261631,0.0941208228468895,1.357240788268556
2024-08-20 15:00:00+00:00,3.6,0.3532407581806183,-0.5240427162025413,0.08485845476388931,0.08224995094846035
2024-08-20 16:00:00+00:00,-17.26,0.33215925097465515,0.20478371742454343,0.08194932341575623,5.759184473474724
2024-08-20 17:00:00+00:00,-3.52,0.3066820502281189,1.6090348714978342,0.09325570613145828,8.187252724018249
2024-08-20 18:00:00+00:00,1.37,0.3023381531238556,1.6274967566747447,0.1052301675081253,-0.20741582880644882
2024-08-21 10:00:00+00:00,-4.58,0.295328289270401,2.373653149406741,0.11696910858154297,0.23043975752708218
2024-08-21 11:00:00+00:00,-2.03,0.2817564010620117,2.0452414233891774,0.12291952967643738,5.244676196109009
2024-08-21 12:00:00+00:00,0.54,0.2555895745754242,2.707226149795583,0.12145622819662094,1.3084993616721634
2024-08-21 13:00:00+00:00,1.8,0.23808908462524414,2.0229296647921537,0.11958379298448563,3.175346195924691
2024-08-21 14:00:00+00:00,0.24,0.2397472858428955,0.6704087271132082,0.12114877253770828,2.279914448399198
2024-08-21 15:00:00+00:00,5.03,0.22897113859653473,1.3315842921750844,0.12444008141756058,0.025187065177237535
2024-08-21 16:00:00+00:00,-11.0,0.21855060756206512,1.3963038034682027,0.13128165900707245,-1.1021319975729351
2024-08-21 17:00:00+00:00,-1.87,0.20977386832237244,2.6709188603139724,0.14783339202404022,3.3102345989583317
2024-08-21 18:00:00+00:00,1.53,0.195333331823349,1.341330063824221,0.15760880708694458,1.4661268830962741
2024-08-22 10:00:00+00:00,2.99,0.17207089066505432,1.2190374068008274,0.1600905805826187,3.4649072430427084
2024-08-22 11:00:00+00:00,-0.84,0.1507188230752945,0.7979167169261665,0.16166244447231293,6.087181614063029
2024-08-22 12:00:00+00:00,-2.13,0.11878280341625214,0.7286323685664836,0.16593784093856812,7.849369647355786
2024-08-22 13:00:00+00:00,-4.93,0.10274709016084671,0.5519652058897027,0.1737220287322998,4.176655243948025
2024-08-22 14:00:00+00:00,-2.89,0.10500626266002655,0.9747257607026864,0.17114117741584778,1.8332713510717513
2024-08-22 15:00:00+00:00,-2.7,0.1140996664762497,1.6322047970759246,0.16214928030967712,3.250046991944364
2024-08-22 16:00:00+00:00,4.4,0.13178057968616486,1.8526564155529064,0.16242030262947083,3.278234523201896
2024-08-22 17:00:00+00:00,-5.92,0.1570776402950287,1.3856746532916047,0.16236285865306854,1.8511932143749508
2024-08-22 18:00:00+00:00,-9.71,0.1900181770324707,2.537487355338174,0.15756364166736603,8.063288574208377
2024-08-23 10:00:00+00:00,1.48,0.21636635065078735,2.214078319784094,0.15198740363121033,6.715731383905753
2024-08-23 11:00:00+00:00,3.26,0.23670989274978638,2.5638937818779013,0.15318173170089722,3.565246141943922
2024-08-23 12:00:00+00:00,-3.64,0.25243109464645386,2.0499977996020484,0.14910949766635895,9.222331176980742
2024-08-23 13:00:00+00:00,-4.2,0.2526605725288391,1.655501994901575,0.149763822555542,5.280375739990337
2024-08-23 14:00:00+00:00,1.16,0.2509203851222992,1.707855758872948,0.14853474497795105,2.7149189609951554
2024-08-23 15:00:00+00:00,-0.76,0.21309566497802734,1.5630096338446058,0.14572301506996155,5.172864490536452
2024-08-23 16:00:00+00:00,-11.53,0.1877744346857071,1.1816741381312128,0.1488589346408844,5.379215698227285
2024-08-23 17:00:00+00:00,-1.03,0.1760825216770172,2.9293209507201894,0.14971846342086792,3.255603989890176
2024-08-23 18:00:00+00:00,28.48,0.17202164232730865,2.87207737770333,0.15084382891654968,9.896915137190419
2024-08-26 10:00:00+00:00,1.39,0.1478680521249771,1.480691305014397,0.15825587511062622,10.47351687313905
2024-08-26 11:00:00+00:00,1.39,0.13520832359790802,0.701245789335839,0.16783982515335083,5.638490447262718
2024-08-26 12:00:00+00:00,4.67,0.1327773928642273,1.0297605494951316,0.18321415781974792,8.421979545423955
2024-08-26 13:00:00+00:00,2.96,0.1656743437051773,0.15136498524031383,0.19736310839653015,2.7489325024056313
2024-08-26 14:00:00+00:00,0.93,0.18479056656360626,0.5091018111763586,0.1838686615228653,4.824254392497899
2024-08-26 15:00:00+00:00,-0.25,0.18364393711090088,-0.02015949905525269,0.17474868893623352,5.398281222768772
2024-08-26 16:00:00+00:00,-4.15,0.19794848561286926,0.5042142987691028,0.1851453334093094,1.680679469675892
2024-08-26 17:00:00+00:00,-2.39,0.20405106246471405,1.4880730960415285,0.17522326111793518,4.198462146336171
2024-08-26 18:00:00+00:00,5.51,0.21400688588619232,0.4290725618928523,0.1630101203918457,8.739240517328353
2024-08-27 10:00:00+00:00,-6.05,0.2473539561033249,1.1044201490241212,0.15287259221076965,4.6499358072106345
2024-08-27 11:00:00+00:00,1.09,0.2823132276535034,0.8894965751526032,0.14056949317455292,2.9656707016617787
2024-08-27 12:00:00+00:00,-3.63,0.30979734659194946,0.05913220103768768,0.13362643122673035,-0.30694307657172704
2024-08-27 13:00:00+00:00,1.55,0.31900906562805176,0.05805590704757533,0.13038122653961182,3.0659922570452602
2024-08-27 14:00:00+00:00,-5.5,0.3087879717350006,0.21221161081773846,0.11905884742736816,1.5817527258580573
2024-08-27 15:00:00+00:00,-4.29,0.28722137212753296,2.426386505293719,0.11302068084478378,1.5384421719671235
2024-08-27 16:00:00+00:00,3.87,0.2842881679534912,1.692325748635602,0.11526954174041748,3.4934812711935215
2024-08-27 17:00:00+00:00,-0.99,0.30891773104667664,1.0347068551801755,0.1082056537270546,0.7642049538850859
2024-08-27 18:00:00+00:00,-4.56,0.3176651895046234,0.8479695452113777,0.10653658211231232,2.7634001787115894
2024-08-28 10:00:00+00:00,-4.32,0.34621962904930115,2.339478947750216,0.11308611929416656,3.696439439409381
2024-08-28 11:00:00+00:00,-3.21,0.36248454451560974,2.6255551033700573,0.11701427400112152,6.56650614753549
2024-08-28 12:00:00+00:00,-4.1,0.35930317640304565,3.521394396355959,0.11736783385276794,5.365484368988667
2024-08-28 13:00:00+00:00,-6.49,0.35928022861480713,3.4387335931754124,0.11615845561027527,0.7501198688645638
2024-08-28 14:00:00+00:00,7.71,0.35428106784820557,3.181498584096128,0.11966019123792648,0.5066402326664328
2024-08-28 15:00:00+00:00,6.69,0.35380715131759644,2.2242200973175597,0.1261368691921234,3.212280153580848
2024-08-28 16:00:00+00:00,0.28,0.3557443916797638,1.5661103610923015,0.12668152153491974,5.463727235017962
2024-08-28 17:00:00+00:00,-2.11,0.3586990535259247,1.8785742091977786,0.12490665912628174,4.381770673208793
2024-08-28 18:00:00+00:00,2.51,0.3483264744281769,0.5522413015565923,0.12898892164230347,8.06053692577678
2024-08-29 10:00:00+00:00,2.31,0.3287682831287384,1.7962569576313183,0.1301644742488861,4.5710239614377555
2024-08-29 11:00:00+00:00,-9.72,0.3004423975944519,1.1479081360778118,0.1281602382659912,3.6704383210221097
2024-08-29 12:00:00+00:00,3.97,0.264244943857193,1.2100833840258085,0.12479252368211746,7.65546885197319
2024-08-29 13:00:00+00:00,-0.2,0.2311527132987976,0.8572496059849811,0.12383595108985901,4.549760262442268
2024-08-29 14:00:00+00:00,-1.3,0.20492640137672424,0.8437937415590753,0.12249143421649933,5.820801102769171
2024-08-29 15:00:00+00:00,0.3,0.2050608992576599,0.6795863651860118,0.11288294196128845,7.504237560892417
2024-08-29 16:00:00+00:00,4.32,0.20106767117977142,0.6099205778219065,0.11049912869930267,-3.454693144428762
2024-08-29 17:00:00+00:00,0.57,0.19482892751693726,1.2714745894592325,0.1084943413734436,-1.4365084827162689
2024-08-29 18:00:00+00:00,-3.22,0.20379574596881866,0.6697414471887418,0.10850419104099274,4.572116837707974
2024-08-30 10:00:00+00:00,0.7,0.20192033052444458,0.8726932690339801,0.10389643162488937,6.202229303239351
2024-08-30 11:00:00+00:00,-8.88,0.20099443197250366,1.2566000578090444,0.09796551614999771,0.7687737953543381
2024-08-30 12:00:00+00:00,-2.55,0.1868734359741211,2.3978919399618097,0.09276310354471207,5.805583947922043
2024-08-30 13:00:00+00:00,-5.2,0.16925062239170074,3.033520165276874,0.09218834340572357,4.199410870196726
2024-08-30 14:00:00+00:00,2.02,0.16148734092712402,2.4325036429021942,0.09096074104309082,5.081582210426118
2024-08-30 15:00:00+00:00,-0.18,0.15817846357822418,1.645799377656732,0.0913802906870842,3.8022407631639266
2024-08-30 16:00:00+00:00,-1.08,0.14138878881931305,0.5540908946693246,0.09778185933828354,4.894787823389905
2024-08-30 17:00:00+00:00,1.11,0.13388536870479584,1.305362748694611,0.10338617116212845,6.4007562828181666
2024-08-30 18:00:00+00:00,-20.64,0.12530463933944702,1.5878905454962486,0.1102946549654007,1.7140495707583059
2024-09-02 10:00:00+00:00,-5.94,0.12141626328229904,2.8790213605838155,0.11881514638662338,3.3226508368630054
2024-09-02 11:00:00+00:00,0.48,0.12709733843803406,3.4006838874610414,0.12890471518039703,4.51767278990037
2024-09-02 12:00:00+00:00,4.12,0.12485014647245407,3.003673046397015,0.13659225404262543,6.662583666455774
2024-09-02 13:00:00+00:00,-5.92,0.12413792312145233,1.3837998767656967,0.14483225345611572,11.071176035702337
2024-09-02 14:00:00+00:00,-7.23,0.11792661249637604,0.3506043526109397,0.15122972428798676,9.821710784534012
2024-09-02 15:00:00+00:00,0.98,0.10159607976675034,1.7495751316634984,0.15963609516620636,8.409413992241017
2024-09-02 16:00:00+00:00,14.57,0.09684369713068008,1.8022785069246612,0.16706597805023193,6.792317880901103
2024-09-02 17:00:00+00:00,-5.2,0.08724542707204819,0.8585326297908082,0.17603670060634613,7.6071002697447225
2024-09-02 18:00:00+00:00,-6.83,0.08088614791631699,1.2609049918237076,0.181986004114151,10.190349226813925
2024-09-03 10:00:00+00:00,22.34,0.07081833481788635,1.4577046297542755,0.1857994794845581,11.045531410821994
2024-09-03 11:00:00+00:00,-1.39,0.06265511363744736,1.8197704977517983,0.18849222362041473,6.343324800370831
2024-09-03 12:00:00+00:00,0.68,0.06343305110931396,1.62689050522829,0.1921079158782959,8.16093975408922
2024-09-03 13:00:00+00:00,-10.24,0.06381876766681671,1.1581832255891418,0.19517244398593903,8.423699849677073
2024-09-03 14:00:00+00:00,-2.04,0.06013578921556473,1.4393025107298254,0.20032168924808502,7.334577532486923
2024-09-03 15:00:00+00:00,0.38,0.06253131479024887,0.8072059288446014,0.20564325153827667,9.110224634089645
2024-09-03 16:00:00+00:00,4.1,0.06401059776544571,1.8200431522759475,0.2131311446428299,10.875901922348122
2024-09-03 17:00:00+00:00,-0.38,0.05428760126233101,0.6995350720789117,0.22167079150676727,6.041874528068477
2024-09-03 18:00:00+00:00,11.05,0.04020481929183006,0.2872005151062668,0.23132815957069397,6.685388272308505
2024-09-04 10:00:00+00:00,0.63,0.029027815908193588,0.7002393063283527,0.2418476939201355,6.907161579644923
2024-09-04 11:00:00+00:00,1.37,0.015597491525113583,0.5474887980911803,0.250683069229126,5.1628143295311375
2024-09-04 12:00:00+00:00,6.5,0.0029332090634852648,-0.0482822352674272,0.26083827018737793,0.8263351957421686
2024-09-04 13:00:00+00:00,1.24,-0.01615346595644951,-0.8162526489922859,0.26995953917503357,1.5420690581396628
2024-09-04 14:00:00+00:00,-1.69,-0.03811190277338028,0.21605234818790015,0.2816997766494751,4.072000191105453
2024-09-04 15:00:00+00:00,-0.18,-0.05148348957300186,0.4994743023152211,0.2937130928039551,4.423772103171912
2024-09-04 16:00:00+00:00,1.8,-0.059317316859960556,-0.5667757552445892,0.29965755343437195,2.8511350778831006
2024-09-04 17:00:00+00:00,4.69,-0.05990416184067726,0.6897877523131557,0.3066500723361969,4.633763485525923
2024-09-04 18:00:00+00:00,6.02,-0.039515718817710876,-0.9972009746156221,0.30561524629592896,3.9110678933342045
2024-09-05 10:00:00+00:00,0.52,-0.012453945353627205,0.9330466594089926,0.30169692635536194,5.489142470092983
2024-09-05 11:00:00+00:00,6.87,0.006666374392807484,-0.97469693661945,0.30009105801582336,1.4587106109333792
2024-09-05 12:00:00+00:00,0.4,0.04821839928627014,-1.1334887826534907,0.29739251732826233,-6.310173959405384
2024-09-05 13:00:00+00:00,3.35,0.10856357961893082,-0.9176180923448105,0.29797640442848206,1.8675487012329075
2024-09-05 14:00:00+00:00,-1.46,0.16881081461906433,-0.15692856950446538,0.2989655137062073,1.4246181537400757
2024-09-05 15:00:00+00:00,-0.38,0.22787171602249146,0.87806662242742,0.2965672016143799,2.3723686926583722
2024-09-05 16:00:00+00:00,-11.7,0.2713002562522888,0.14412703359274137,0.29425904154777527,9.502782080428194
2024-09-05 17:00:00+00:00,-5.82,0.33595970273017883,0.5586132598071557,0.2935415208339691,7.8103504695889265
2024-09-05 18:00:00+00:00,0.51,0.3781026601791382,-0.11890358818692473,0.2957165837287903,2.8284962462777576
2024-09-06 10:00:00+00:00,-3.36,0.3850918114185333,0.3407574318357305,0.29728972911834717,-1.6077650133826396
2024-09-06 11:00:00+00:00,1.62,0.3675810992717743,0.43067649943450964,0.2969397008419037,5.418216336478986
2024-09-06 12:00:00+00:00,-1.39,0.3396008610725403,-1.3225769300843213,0.29683858156204224,0.347255835372282
2024-09-06 13:00:00+00:00,2.24,0.3121003806591034,0.36729127457220256,0.30224770307540894,-0.9454823904008891
2024-09-06 14:00:00+00:00,7.6,0.2596263885498047,0.29123017261173956,0.30856192111968994,-3.3056286292465145
2024-09-06 15:00:00+00:00,0.75,0.2228945940732956,-0.3759481036024501,0.3147595524787903,0.5973786219399467
2024-09-06 16:00:00+00:00,-8.07,0.17578788101673126,-0.46158516709611586,0.3229925036430359,4.478388514560963
2024-09-06 17:00:00+00:00,-0.49,0.13624121248722076,0.8971869579376426,0.3308967649936676,3.8624881710726395
2024-09-06 18:00:00+00:00,16.97,0.10469639301300049,-0.46654225988124787,0.3400496542453766,3.1812593068307726
2024-09-09 10:00:00+00:00,1.08,0.07941002398729324,0.8716785033286981,0.3435441255569458,5.235396371131682
2024-09-09 11:00:00+00:00,3.46,0.046583712100982666,-0.424778779038817,0.3459993302822113,6.873670694333526
2024-09-09 12:00:00+00:00,2.64,-0.006868975702673197,0.32905749066883966,0.34882405400276184,3.718320765614791
2024-09-09 13:00:00+00:00,-2.19,-0.05508504435420036,-0.16533250997572763,0.35012194514274597,0.36018321565711714
2024-09-09 14:00:00+00:00,-0.72,-0.10642921924591064,0.25407910789066224,0.3524031341075897,-3.2356116051106847
2024-09-09 15:00:00+00:00,-0.13,-0.1267014741897583,-0.05124095864087233,0.3582093119621277,1.8512740337627576
2024-09-09 16:00:00+00:00,-2.3,-0.14200814068317413,-0.23054567685299526,0.36360374093055725,3.858972689350513
2024-09-09 17:00:00+00:00,3.27,-0.1357036978006363,1.1713882844236,0.37102508544921875,5.742469019961948
2024-09-09 18:00:00+00:00,1.4,-0.10575435310602188,0.617613333028276,0.3768751323223114,5.622999545412314
2024-09-10 10:00:00+00:00,-3.76,-0.07142580300569534,0.4704701254934537,0.3794221580028534,0.5398260883670047
2024-09-10 11:00:00+00:00,0.38,-0.040404725819826126,0.4060067703746596,0.38270604610443115,0.3535302123203381
2024-09-10 12:00:00+00:00,-0.93,0.001355773420073092,0.4804736238129259,0.3855893313884735,1.3857249796206252
2024-09-10 13:00:00+00:00,-1.14,0.043210145086050034,0.03005856066191262,0.38992494344711304,1.1710990923373157
2024-09-10 14:00:00+00:00,-2.14,0.10153250396251678,0.368563732326631,0.3938588798046112,2.9379333767291596
2024-09-10 15:00:00+00:00,3.05,0.1484556496143341,0.6175965399304962,0.39669591188430786,3.86551041731757
2024-09-10 16:00:00+00:00,-13.96,0.17003627121448517,0.9163099591786945,0.3973747491836548,-3.881875284719403
2024-09-10 17:00:00+00:00,-1.41,0.16819263994693756,2.395825683940991,0.4011952877044678,1.2101014927582951
2024-09-10 18:00:00+00:00,0.47,0.16138909757137299,2.1381497534211547,0.405521422624588,2.6079555178506983
2024-09-11 10:00:00+00:00,-2.93,0.1407356709241867,1.511440517059003,0.41305989027023315,4.963370034018465
2024-09-11 11:00:00+00:00,1.12,0.11365929991006851,0.46465344366696215,0.41874969005584717,3.191598964309427
2024-09-11 12:00:00+00:00,-0.35,0.09496363997459412,0.9113960197095509,0.4264681041240692,7.528387287401923
2024-09-11 13:00:00+00:00,3.85,0.09355470538139343,1.2263272322278207,0.4357434809207916,3.489939403525196
2024-09-11 14:00:00+00:00,0.38,0.07244177162647247,1.5392080930613594,0.44487348198890686,4.217461140875911
2024-09-11 15:00:00+00:00,-0.75,0.050699058920145035,1.442186055573511,0.45494353771209717,7.440023512785409
2024-09-11 16:00:00+00:00,-5.51,0.052488405257463455,1.236362673739193,0.462699294090271,3.1936207483016634
2024-09-11 17:00:00+00:00,1.02,0.06427056342363358,1.164750982529206,0.46839970350265503,7.044502607480464
2024-09-11 18:00:00+00:00,-14.25,0.09948839992284775,0.743818047970325,0.47408226132392883,11.35119613732538
2024-09-12 10:00:00+00:00,-0.81,0.1339901238679886,2.2520436422413552,0.4807119071483612,8.005954977011655
2024-09-12 11:00:00+00:00,-0.82,0.16068123281002045,2.7472621232993726,0.48238247632980347,2.8311620766367085
2024-09-12 12:00:00+00:00,-0.4,0.21515092253684998,1.7914822504949806,0.4847586750984192,6.355655267693612
2024-09-12 13:00:00+00:00,1.02,0.27879226207733154,1.9197021814375168,0.4844772219657898,5.002438002315608
2024-09-12 14:00:00+00:00,-5.6,0.31543025374412537,0.8634522828800124,0.4816233217716217,8.636892956184221
2024-09-12 15:00:00+00:00,2.35,0.34936854243278503,1.472384385675694,0.48062601685523987,8.34973986026029
2024-09-12 16:00:00+00:00,2.69,0.3566291928291321,0.5099484269966508,0.4717138707637787,6.037882811916613
2024-09-12 17:00:00+00:00,-0.95,0.33966636657714844,0.7010179014849031,0.45382747054100037,7.57239491170327
2024-09-12 18:00:00+00:00,6.82,0.2984796166419983,-0.12290318630997887,0.4353954792022705,9.928831309985762
2024-09-13 10:00:00+00:00,-0.63,0.25276055932044983,0.49321685745850874,0.4161470830440521,7.484315033726701
2024-09-13 11:00:00+00:00,0.22,0.20360539853572845,1.11356561217159,0.3934294879436493,7.62024907203217
2024-09-13 12:00:00+00:00,-10.18,0.14560776948928833,1.4406509458345018,0.376604288816452,10.56898341627408
2024-09-13 13:00:00+00:00,-1.13,0.10714443027973175,1.6133021956060873,0.362322062253952,6.502515277041801
2024-09-13 14:00:00+00:00,9.54,0.10143788903951645,1.7416247913190839,0.350403368473053,3.988641090406718
2024-09-13 15:00:00+00:00,6.47,0.09907573461532593,1.164263924779883,0.338670551776886,5.4880365582166
2024-09-13 16:00:00+00:00,7.68,0.08008766919374466,0.7657171591878191,0.3201560378074646,5.511385001631674
2024-09-13 17:00:00+00:00,5.12,0.0414290688931942,-0.307124286361632,0.30448001623153687,6.565601332659709
2024-09-13 18:00:00+00:00,3.46,0.01722232811152935,-0.22201825289925492,0.2875332832336426,3.6875765171744357
2024-09-16 10:00:00+00:00,7.12,0.011179706081748009,1.1171219904878216,0.26265475153923035,4.1086603197725005
2024-09-16 11:00:00+00:00,7.28,0.0016319083515554667,-0.06431414411037534,0.249911829829216,3.394206441715533
2024-09-16 12:00:00+00:00,-0.13,-0.005444245878607035,0.2875950962707627,0.240838885307312,5.438311221776128
2024-09-16 13:00:00+00:00,2.21,0.01040688157081604,0.7159853632305457,0.23813645541667938,7.180257331996673
2024-09-16 14:00:00+00:00,1.55,0.07109139859676361,0.3930719401043409,0.2345021814107895,9.988391550990992
2024-09-16 15:00:00+00:00,-0.11,0.11986373364925385,-0.20754847843579272,0.22943082451820374,5.06707838270125
2024-09-16 16:00:00+00:00,-0.88,0.15422074496746063,-0.052565844053729216,0.22193102538585663,6.556103988162876
2024-09-16 17:00:00+00:00,-0.07,0.18011514842510223,1.2881345797260113,0.21377858519554138,4.563863456959514
2024-09-16 18:00:00+00:00,-0.75,0.22213125228881836,-0.33265402825045354,0.2046561986207962,5.349387354802575
2024-09-17 10:00:00+00:00,2.59,0.24156321585178375,0.45622959134704544,0.18923968076705933,7.512543946980889
2024-09-17 11:00:00+00:00,-1.51,0.2525518238544464,0.5163098946907891,0.17381590604782104,6.721471470579943
2024-09-17 12:00:00+00:00,-0.93,0.2506987154483795,0.6717771209044263,0.1628565788269043,6.757945868803335
2024-09-17 13:00:00+00:00,-2.96,0.23918478190898895,0.3167561638998784,0.15539340674877167,1.311801080376164
2024-09-17 14:00:00+00:00,3.88,0.2405267059803009,0.7840023615875885,0.14833082258701324,3.165947521059029
2024-09-17 15:00:00+00:00,2.74,0.2581891119480133,0.8374083031285418,0.14379741251468658,1.7918395229310604
2024-09-17 16:00:00+00:00,4.14,0.26187756657600403,0.9557359938879759,0.14134204387664795,6.889644527008133
2024-09-17 17:00:00+00:00,0.1,0.2681843340396881,0.9768420146151429,0.13907738029956818,7.416621918045068
2024-09-17 18:00:00+00:00,0.12,0.2702980637550354,0.6704378234096631,0.13219566643238068,4.75324644644791
2024-09-18 10:00:00+00:00,-3.21,0.2552080452442169,0.9727524273762166,0.12595190107822418,2.071634573708388
2024-09-18 11:00:00+00:00,-0.87,0.24088285863399506,1.2747952531886293,0.12416385859251022,2.6249118867541106
2024-09-18 12:00:00+00:00,-2.52,0.21577568352222443,1.1125610566649846,0.12234978377819061,-0.02666657817659731
2024-09-18 13:00:00+00:00,-3.91,0.19512495398521423,1.0659513678524033,0.12392071634531021,3.093251681576408
2024-09-18 14:00:00+00:00,1.66,0.1816805899143219,0.878711640447286,0.12529312074184418,5.994366676708143
2024-09-18 15:00:00+00:00,3.57,0.16961272060871124,0.11850902566998724,0.13049627840518951,2.226518089829106
2024-09-18 16:00:00+00:00,-2.88,0.1571122109889984,0.7976571176780608,0.13415323197841644,0.4977818166077781
2024-09-18 17:00:00+00:00,-2.15,0.14315694570541382,1.8353790103972205,0.13914930820465088,2.496856053123162
2024-09-18 18:00:00+00:00,-1.87,0.11284985393285751,0.90384706952494,0.14350371062755585,1.7313636680332953
2024-09-19 10:00:00+00:00,4.21,0.08434522151947021,2.097198477932218,0.14697830379009247,0.8126257119686867
2024-09-19 11:00:00+00:00,6.47,0.05834449082612991,1.4710418964773035,0.15118269622325897,3.276462912583683
2024-09-19 12:00:00+00:00,-4.67,0.040806349366903305,0.530245570894883,0.15378938615322113,1.6820783062442395
2024-09-19 13:00:00+00:00,2.33,0.05457219481468201,1.0420443768956456,0.1555768847465515,2.1253200574047164
2024-09-19 14:00:00+00:00,-5.79,0.04786400869488716,0.7872796345965002,0.15920613706111908,3.0980019811723825
2024-09-19 15:00:00+00:00,1.59,0.05550609156489372,1.0674441303500384,0.16584210097789764,0.7612456531537941
2024-09-19 16:00:00+00:00,-8.59,0.048990387469530106,0.23357330760570139,0.1694009155035019,2.678285200663245
2024-09-19 17:00:00+00:00,-1.69,0.03703228756785393,2.464431227539119,0.17260411381721497,4.080176446908961
2024-09-19 18:00:00+00:00,6.04,0.025335730984807014,1.4847871881570018,0.17217694222927094,1.3959397834631948
2024-09-20 10:00:00+00:00,2.89,0.017399108037352562,0.8968760439443203,0.17402948439121246,3.8397858587787
2024-09-20 11:00:00+00:00,0.68,0.008133206516504288,1.1736201449427375,0.17649602890014648,3.2751743984645536
2024-09-20 12:00:00+00:00,-0.1,-0.005362734664231539,0.7469359311852727,0.1792254000902176,4.866996988303629
2024-09-20 13:00:00+00:00,1.32,-0.01489352434873581,1.268609400790045,0.1863519251346588,3.359339531701112
2024-09-20 14:00:00+00:00,-1.97,-0.017626989632844925,-0.4582493082673438,0.19522877037525177,3.7667369305457976
2024-09-20 15:00:00+00:00,-1.28,-0.01572536863386631,0.9056969263567607,0.2043396234512329,5.65094639100941
2024-09-20 16:00:00+00:00,0.64,-0.010530388914048672,0.48359507945836044,0.2127075046300888,2.095048837224222
2024-09-20 17:00:00+00:00,0.88,-0.004093498922884464,0.1231352839934989,0.22271287441253662,2.7698930358149347
2024-09-20 18:00:00+00:00,10.05,-0.00548913748934865,-0.029513393414384664,0.2317696511745453,6.672936381667371
2024-09-23 10:00:00+00:00,0.72,-0.004356063902378082,0.14999666265944048,0.23944900929927826,3.8712912624438487
2024-09-23 11:00:00+00:00,-1.22,-0.005894649773836136,-0.2640409675117039,0.24611490964889526,4.765406855076329
2024-09-23 12:00:00+00:00,3.16,-0.005995958112180233,-0.7496756882182878,0.25252020359039307,4.2516423910161665
2024-09-23 13:00:00+00:00,0.92,0.0017757847672328353,-1.3068856121309285,0.2591550648212433,3.7875675599450465
2024-09-23 14:00:00+00:00,-0.41,0.011103677563369274,-0.9931130906674865,0.26531514525413513,6.083859382881351
2024-09-23 15:00:00+00:00,2.25,0.022389888763427734,-0.8599218603042174,0.2707118093967438,5.822052940015745
2024-09-23 16:00:00+00:00,-2.12,0.03945076838135719,-0.8115881697079717,0.27440837025642395,7.478326956059811
2024-09-23 17:00:00+00:00,-4.04,0.052565641701221466,-0.2425331743528294,0.2801952064037323,6.732502404841897
2024-09-23 18:00:00+00:00,5.67,0.06353426724672318,-0.08157361812372835,0.28729626536369324,6.704277429208294
2024-09-24 10:00:00+00:00,3.94,0.07666856050491333,0.2700378305835361,0.2950748801231384,7.833743246203258
2024-09-24 11:00:00+00:00,3.1,0.09423598647117615,-0.20324800369590912,0.29905715584754944,4.910533772882211
2024-09-24 12:00:00+00:00,-0.32,0.1073586642742157,-0.5026932484274058,0.3004421889781952,8.399980011817684
2024-09-24 13:00:00+00:00,-0.89,0.11555664241313934,-0.8984253031271652,0.30212724208831787,3.858650440877324
2024-09-24 14:00:00+00:00,-0.67,0.12181378155946732,-0.10258905854927014,0.3050200343132019,2.9198126003519107
2024-09-24 15:00:00+00:00,1.92,0.1314895749092102,-0.02830313286650818,0.30919429659843445,4.451200304720861
2024-09-24 16:00:00+00:00,4.22,0.14744646847248077,-0.3082044340814878,0.31318211555480957,6.031249299369801
2024-09-24 17:00:00+00:00,1.29,0.16234491765499115,-0.5184210516404222,0.3168439269065857,6.0464600640251716
2024-09-24 18:00:00+00:00,-5.16,0.17412272095680237,-0.3291095000124423,0.3201175630092621,6.046630010839461
2024-09-25 10:00:00+00:00,2.84,0.18382024765014648,0.2061192008488075,0.32342728972435,9.155292988734821
2024-09-25 11:00:00+00:00,5.96,0.1928877979516983,0.1280983945657387,0.32691600918769836,3.2507383647578676
2024-09-25 12:00:00+00:00,-1.22,0.20154884457588196,0.028566134822295947,0.3310624063014984,3.427222522091584
2024-09-25 13:00:00+00:00,-4.45,0.20869655907154083,-0.5390070564322624,0.33609676361083984,4.132099050448598
2024-09-25 14:00:00+00:00,-0.55,0.21804536879062653,0.2525430437921103,0.3426656424999237,0.7621999776595001
2024-09-25 15:00:00+00:00,-6.26,0.22556522488594055,0.36316467456617274,0.35123372077941895,4.620216512840116
2024-09-25 16:00:00+00:00,2.43,0.23108607530593872,0.2171423110022836,0.35654300451278687,4.819393509558353
2024-09-25 17:00:00+00:00,-2.86,0.23734134435653687,0.7155241617918827,0.3646073341369629,3.3981852266535464
2024-09-25 18:00:00+00:00,-6.07,0.24165986478328705,1.407839061525499,0.37100502848625183,5.077254126702539
2024-09-26 10:00:00+00:00,5.77,0.2473236620426178,1.3488460124133748,0.3778999149799347,3.4512864905743266
2024-09-26 11:00:00+00:00,2.69,0.2511601746082306,1.2022395350082618,0.3810865879058838,2.1972977504116717
2024-09-26 12:00:00+00:00,-2.78,0.25679364800453186,0.9619251402475905,0.38362208008766174,4.230400680939648
2024-09-26 13:00:00+00:00,3.14,0.261373907327652,0.6956034870575157,0.3866715431213379,3.8292063403779126
2024-09-26 14:00:00+00:00,-4.28,0.267925500869751,0.6599702802125252,0.3924710750579834,2.4387788986092183
2024-09-26 15:00:00+00:00,-3.53,0.2785338759422302,0.6241027708920261,0.4017118811607361,4.420708465432576
2024-09-26 16:00:00+00:00,2.36,0.2867887318134308,0.8025136236194951,0.40579915046691895,4.806073282942361
2024-09-26 17:00:00+00:00,2.34,0.3033464252948761,0.3005437682508394,0.40940535068511963,0.9671127789183167
2024-09-26 18:00:00+00:00,0.87,0.32347220182418823,-0.10698042728132667,0.4124877154827118,4.077358331631631
2024-09-27 10:00:00+00:00,2.7,0.34686288237571716,0.6562292507381821,0.41347888112068176,6.116466059668024
2024-09-27 11:00:00+00:00,1.93,0.37002402544021606,-0.18059237677545892,0.4108433723449707,2.0816459930086504
2024-09-27 12:00:00+00:00,0.12,0.38772472739219666,-0.25938767788184475,0.4056812822818756,2.039596767720269
2024-09-27 13:00:00+00:00,-1.71,0.40107956528663635,-0.18679529563482922,0.40006473660469055,4.574974084560249
2024-09-27 14:00:00+00:00,-0.04,0.41336873173713684,-0.41917060725899136,0.3940170705318451,5.242193083280137
2024-09-27 15:00:00+00:00,1.43,0.45008137822151184,-0.22783588583730197,0.38854455947875977,1.8697720614435953
2024-09-27 16:00:00+00:00,3.02,0.4692952036857605,-0.5211914735848928,0.3814944326877594,1.7168711982994613
2024-09-27 17:00:00+00:00,-1.67,0.48926985263824463,-0.6781621394654436,0.37315812706947327,3.5573840962016807
2024-09-27 18:00:00+00:00,6.58,0.5074169039726257,0.13779970891793172,0.3643917143344879,2.096377342558618
2024-09-30 10:00:00+00:00,0.62,0.5208355188369751,0.03875089761258857,0.3563816547393799,1.4130377142362458
2024-09-30 11:00:00+00:00,-7.23,0.5414544343948364,-0.37161417949866804,0.3500068783760071,7.362222391268042
2024-09-30 12:00:00+00:00,0.67,0.5459843277931213,0.7010567746880204,0.34305787086486816,2.3822302974622107
2024-09-30 13:00:00+00:00,-5.26,0.5599048137664795,0.5767310819323623,0.3333038091659546,2.1666043281584506
2024-09-30 14:00:00+00:00,3.94,0.5686143636703491,0.06445678491451298,0.32776421308517456,4.538684068998938
2024-09-30 15:00:00+00:00,0.8,0.5932735204696655,0.7539768828512579,0.32201510667800903,0.05051506770952134
2024-09-30 16:00:00+00:00,-8.51,0.598253607749939,0.46769130286298455,0.31320443749427795,4.410522239399408
2024-09-30 17:00:00+00:00,2.74,0.6081346273422241,1.3691165084884305,0.30446311831474304,7.868284896512049
2024-09-30 18:00:00+00:00,-14.44,0.6133800148963928,0.2543015052096777,0.2971750497817993,0.45238627439432755
2024-10-01 10:00:00+00:00,-3.01,0.6042897701263428,1.8440458055523314,0.2918575704097748,5.936259095477726
2024-10-01 11:00:00+00:00,4.57,0.6200421452522278,1.0287630134541867,0.2823154330253601,7.520000628134806
2024-10-01 12:00:00+00:00,-0.73,0.6307182312011719,0.47877003181008215,0.27236008644104004,4.455317618637651
2024-10-01 13:00:00+00:00,-0.47,0.6370316743850708,0.4988359949044313,0.2655891478061676,4.053501346693906
2024-10-01 14:00:00+00:00,-2.55,0.6477932333946228,0.15323492669004243,0.2613449692726135,2.7986918245677526
2024-10-01 15:00:00+00:00,1.74,0.6559869050979614,-0.011386229159187022,0.26171714067459106,5.664206279088601
2024-10-01 16:00:00+00:00,2.95,0.6600468754768372,0.38003215659059647,0.2579456865787506,4.85860539208775
2024-10-01 17:00:00+00:00,-4.1,0.6593185663223267,0.28460835116632255,0.25577878952026367,6.77113303143902
2024-10-01 18:00:00+00:00,7.65,0.6719455122947693,0.2649241664605335,0.2545616030693054,5.277154375645555
2024-10-02 10:00:00+00:00,-1.25,0.6769625544548035,0.3118647572214246,0.24882885813713074,3.6935344311180596
2024-10-02 11:00:00+00:00,-2.4,0.6712625622749329,-0.22311941317555917,0.24560502171516418,6.958692348353546
2024-10-02 12:00:00+00:00,1.23,0.6655277609825134,-0.15540613013624366,0.23920771479606628,7.878864107976447
2024-10-02 13:00:00+00:00,-1.49,0.673394501209259,-0.6279752248922181,0.2339162677526474,7.1678927755108335
2024-10-02 14:00:00+00:00,-5.01,0.6812129020690918,-0.47687125470015834,0.23042196035385132,2.976878958235217
2024-10-02 15:00:00+00:00,-0.58,0.7175524830818176,0.22746956121751724,0.22829394042491913,4.782532305038239
2024-10-02 16:00:00+00:00,-18.58,0.7498857975006104,0.30774083787739953,0.22537606954574585,4.256215502573095
2024-10-02 17:00:00+00:00,-6.89,0.7822850942611694,1.8441782733150092,0.22460687160491943,3.766292045995077
2024-10-02 18:00:00+00:00,-0.22,0.8078346848487854,1.2650317124187342,0.22439849376678467,5.975021504025229
2024-10-03 10:00:00+00:00,-2.85,0.820193886756897,1.459440618289753,0.2193908840417862,4.025094693120495
2024-10-03 11:00:00+00:00,-0.06,0.8273376226425171,1.572074225954899,0.21525007486343384,5.791009284616754
2024-10-03 12:00:00+00:00,-3.79,0.8313586711883545,0.9220959484256345,0.21036328375339508,5.7390883547603755
2024-10-03 13:00:00+00:00,-0.45,0.837870180606842,1.4209120693119313,0.20835702121257782,2.7534425797167867
2024-10-03 14:00:00+00:00,9.6,0.830198347568512,0.6171631338241278,0.20750844478607178,6.834429067111242
2024-10-03 15:00:00+00:00,3.54,0.8121572732925415,0.6776192629024235,0.20554640889167786,4.333842353029795
2024-10-03 16:00:00+00:00,-5.18,0.7978075742721558,0.74050782972607,0.2024632841348648,4.642333322632137
2024-10-03 17:00:00+00:00,-0.48,0.7829288840293884,1.3986246680913323,0.19841913878917694,7.502341851511563
2024-10-03 18:00:00+00:00,9.65,0.7769729495048523,0.5405802038707137,0.19217205047607422,7.559582135631527
2024-10-04 10:00:00+00:00,1.24,0.7757431864738464,0.5418909939035492,0.18764272332191467,5.8535092230345995
2024-10-04 11:00:00+00:00,-2.47,0.7824843525886536,0.36355765814499363,0.1838110387325287,6.68205052400644
2024-10-04 12:00:00+00:00,2.04,0.8019299507141113,0.1822790328887673,0.17738251388072968,8.205774621900146
2024-10-04 13:00:00+00:00,-1.4,0.8111472725868225,-0.21450274396293845,0.17184104025363922,3.796520045539202
2024-10-04 14:00:00+00:00,-3.91,0.8400676250457764,-0.3043103636043426,0.16038763523101807,3.1857832781425133
2024-10-04 15:00:00+00:00,-0.66,0.8645138740539551,0.22829225853315063,0.15224522352218628,6.894742310496287
2024-10-04 16:00:00+00:00,3.24,0.8983879685401917,0.304017151872104,0.14077694714069366,2.2089959581793805
2024-10-04 17:00:00+00:00,1.17,0.9464663863182068,-0.4488765596771279,0.1289084404706955,3.576423403884598
2024-10-04 18:00:00+00:00,-2.64,0.957198441028595,-0.5027992201195584,0.11944381892681122,5.156024424516914
2024-10-07 10:00:00+00:00,0.91,0.9720336198806763,0.6671036411909239,0.11109582334756851,4.00391575747212
2024-10-07 11:00:00+00:00,-3.93,0.9685505628585815,0.6880357416121848,0.09860013425350189,0.8907991549428024
2024-10-07 12:00:00+00:00,-1.41,0.9685523509979248,1.7114305732700636,0.08932902663946152,8.143504202688268
2024-10-07 13:00:00+00:00,1.2,0.9686346054077148,0.752902423749817,0.08068492263555527,3.2039490595503866
2024-10-07 14:00:00+00:00,-1.64,0.9686794877052307,0.6496216020313148,0.07178019732236862,1.180384923873599
2024-10-07 15:00:00+00:00,4.35,0.9878345727920532,0.40474583497567396,0.06417687237262726,3.6101583166652507
2024-10-07 16:00:00+00:00,-13.37,0.9975263476371765,0.09327297640874178,0.06083220615983009,3.6200853338943815
2024-10-07 17:00:00+00:00,1.41,1.0080809593200684,1.6380919355458912,0.05765651538968086,6.43234573921654
2024-10-07 18:00:00+00:00,-4.7,0.9990742802619934,0.7071260072224106,0.05711614340543747,9.081357468134374
2024-10-08 10:00:00+00:00,0.1,0.9996193051338196,1.6087663216057355,0.05537029355764389,4.50418216891853
2024-10-08 11:00:00+00:00,5.44,0.997029185295105,0.13002949955580945,0.053704190999269485,2.8359055584144692
2024-10-08 12:00:00+00:00,0.43,0.9817380905151367,0.6458019519284087,0.052643150091171265,2.85530207311395
2024-10-08 13:00:00+00:00,-3.11,0.9647584557533264,0.6922001377793193,0.051604412496089935,3.2782196757378745
2024-10-08 14:00:00+00:00,-0.7,0.9453417658805847,1.0150720476260582,0.053632624447345734,4.476640276589566
2024-10-08 15:00:00+00:00,0.38,0.9267659783363342,0.9926165099666223,0.056424275040626526,5.7916647953759695
2024-10-08 16:00:00+00:00,-0.18,0.9263944029808044,0.5208307770068086,0.06002043932676315,1.1415549910028917
2024-10-08 17:00:00+00:00,0.14,0.9156137108802795,0.825312209520615,0.06494792550802231,1.7936720457774127
2024-10-08 18:00:00+00:00,-3.86,0.9058687686920166,0.8082321916546608,0.07114800065755844,3.527309854410403
2024-10-09 10:00:00+00:00,-0.08,0.9007447361946106,1.0541110002081568,0.07489566504955292,4.88009475745115
2024-10-09 11:00:00+00:00,-1.8,0.8975081443786621,1.0258325603948326,0.07818567007780075,4.434163014830342
2024-10-09 12:00:00+00:00,-2.69,0.8921536803245544,0.702868745960136,0.08219116181135178,3.118404040958098
2024-10-09 13:00:00+00:00,1.15,0.8859484195709229,1.0872977573358984,0.08800160884857178,2.3763478541004774
2024-10-09 14:00:00+00:00,-0.77,0.8741174340248108,0.9779185934340793,0.09321796894073486,4.992191325526391
2024-10-09 15:00:00+00:00,-3.9,0.8830206990242004,0.4444074721198158,0.09916282445192337,4.650668609597433
2024-10-09 16:00:00+00:00,-7.5,0.8765525817871094,1.5351620142402647,0.10252179950475693,7.601106331334721
2024-10-09 17:00:00+00:00,-1.33,0.8731332421302795,2.711947226215893,0.1052892804145813,5.47441471465021
2024-10-09 18:00:00+00:00,4.82,0.8736516237258911,1.9043600690144897,0.10688493400812149,5.454348252871195
2024-10-10 10:00:00+00:00,3.19,0.8602699041366577,1.1797187078800682,0.10950407385826111,4.451692888915753
2024-10-10 11:00:00+00:00,-1.7,0.8567295074462891,0.7293645617926923,0.11177059262990952,3.7745531573052666
2024-10-10 12:00:00+00:00,-2.7,0.8616256713867188,0.6737270884663737,0.1156151071190834,6.138359683922425
2024-10-10 13:00:00+00:00,-2.03,0.8614084720611572,1.2739429402572422,0.1177736222743988,4.041066962483468
2024-10-10 14:00:00+00:00,2.03,0.8552079200744629,0.3154964483184789,0.12033161520957947,5.651308508618925
2024-10-10 15:00:00+00:00,1.15,0.8399512767791748,0.5543988064084016,0.12273215502500534,2.134103148132577
2024-10-10 16:00:00+00:00,-2.91,0.8280982971191406,0.21907866545688073,0.12676404416561127,4.711156175753776
2024-10-10 17:00:00+00:00,-0.4,0.8236517906188965,2.0621196015851364,0.13136661052703857,7.221753797505687
2024-10-10 18:00:00+00:00,-2.67,0.8117901682853699,0.3141822175132484,0.13723374903202057,7.348285788415188
2024-10-11 10:00:00+00:00,0.02,0.8102450370788574,1.035508251226993,0.14294679462909698,7.146598223065177
2024-10-11 11:00:00+00:00,-3.29,0.7961955666542053,0.4408145394341856,0.149946928024292,6.910271473440265
2024-10-11 12:00:00+00:00,-0.84,0.7777994871139526,0.4407060686084443,0.15790696442127228,6.71611416166756
2024-10-11 13:00:00+00:00,0.43,0.7648000717163086,0.5317159120782321,0.1628621518611908,6.949019547558619
2024-10-11 14:00:00+00:00,-0.27,0.750800371170044,0.07976165199681287,0.1694745272397995,6.770957833837396
2024-10-11 15:00:00+00:00,-0.38,0.7510972023010254,0.31218455352676333,0.176113098859787,8.662992976947418
2024-10-11 16:00:00+00:00,12.35,0.7549688816070557,-0.060945499360447936,0.18142518401145935,7.067256736951082
2024-10-11 17:00:00+00:00,3.25,0.7563778758049011,-0.656223300998553,0.18785333633422852,6.2077233321270615
2024-10-11 18:00:00+00:00,-8.17,0.7570722103118896,-1.7347774730810597,0.19028547406196594,6.660938027908244
2024-10-14 10:00:00+00:00,-1.17,0.75397789478302,0.9909776575434821,0.19110246002674103,6.44649427001693
2024-10-14 11:00:00+00:00,3.23,0.7558836340904236,0.25627114372932724,0.19386769831180573,9.624515945102852
2024-10-14 12:00:00+00:00,7.65,0.7643301486968994,0.2522035787675185,0.1965351700782776,9.08020489068934
2024-10-14 13:00:00+00:00,2.31,0.7728480100631714,0.6254334396588133,0.20237183570861816,8.512407007503645
2024-10-14 14:00:00+00:00,-0.2,0.7686653733253479,-0.34574219120889804,0.20918048918247223,7.705036362419641
2024-10-14 15:00:00+00:00,5.32,0.7789551615715027,-0.389957726492288,0.2137460559606552,7.960625257392623
2024-10-14 16:00:00+00:00,-1.1,0.7740864157676697,-0.4402287866176309,0.21806439757347107,9.12104077089075
2024-10-14 17:00:00+00:00,-2.01,0.7622849941253662,0.21861825451155267,0.22469739615917206,8.254544283739662
2024-10-14 18:00:00+00:00,2.28,0.7531406879425049,0.0338493503494568,0.2306017130613327,9.717812087884422
2024-10-15 10:00:00+00:00,4.79,0.7477830648422241,0.6294215659921492,0.23586994409561157,7.481558835429802
2024-10-15 11:00:00+00:00,2.07,0.7324812412261963,0.27666717568810656,0.24252338707447052,5.703369068883952
2024-10-15 12:00:00+00:00,-1.59,0.7230463624000549,-0.2413833468827955,0.24638406932353973,2.347302178050996
2024-10-15 13:00:00+00:00,3.93,0.7186746597290039,-0.2232371438238383,0.24956533312797546,6.246468068911883
2024-10-15 14:00:00+00:00,-3.15,0.7172698974609375,-0.9791869562251085,0.2551778256893158,7.063719152984554
2024-10-15 15:00:00+00:00,-1.26,0.7176370620727539,-0.19912637525120097,0.2600554823875427,8.643728515726721
2024-10-15 16:00:00+00:00,-6.47,0.7185741066932678,-0.4772264970058817,0.26711657643318176,4.629987032534589
2024-10-15 17:00:00+00:00,1.41,0.7148265838623047,1.5007907554349522,0.27497607469558716,1.6370517627218377
2024-10-15 18:00:00+00:00,3.63,0.7118803262710571,0.3619095802201902,0.28495335578918457,3.4311109437579925
2024-10-16 10:00:00+00:00,2.82,0.7083542346954346,0.25221672177105803,0.28771302103996277,6.674706688933074
2024-10-16 11:00:00+00:00,-7.61,0.7083173990249634,-0.09818544846545291,0.2912116050720215,7.796216441343728
2024-10-16 12:00:00+00:00,-0.27,0.7106986045837402,0.35928531330158353,0.29475200176239014,2.6411471688505737
2024-10-16 13:00:00+00:00,-2.86,0.711435079574585,0.1790605449199864,0.2985202968120575,4.76128519594707
2024-10-16 14:00:00+00:00,-0.13,0.7061053514480591,-0.1245810077060302,0.30266687273979187,8.98031331027554
2024-10-16 15:00:00+00:00,-1.18,0.7077471017837524,-0.1625699248954715,0.30124858021736145,6.31092729448679
2024-10-16 16:00:00+00:00,-4.17,0.7096801400184631,0.07210228267470273,0.29878517985343933,8.651262104758306
2024-10-16 17:00:00+00:00,0.24,0.7145490646362305,1.7247006853949625,0.2961108386516571,5.905799260798535
2024-10-16 18:00:00+00:00,1.01,0.715387225151062,1.15779657525167,0.29235219955444336,3.530645930189398
2024-10-17 10:00:00+00:00,-1.02,0.7234569787979126,0.36904343943998474,0.28832700848579407,4.560767592920458
2024-10-17 11:00:00+00:00,-3.12,0.7311356067657471,-0.0628845767470898,0.2853093147277832,5.0420077497072615
2024-10-17 12:00:00+00:00,-1.32,0.7445592284202576,0.06815002206937959,0.2821345627307892,6.931385459129486
2024-10-17 13:00:00+00:00,0.72,0.7585611343383789,0.026949394328988047,0.2821148633956909,8.706711440802978
2024-10-17 14:00:00+00:00,0.17,0.7688103914260864,0.1158579062333224,0.28571659326553345,5.8698219058469965
2024-10-17 15:00:00+00:00,0.5,0.7759255766868591,-0.11962250555879228,0.2999243140220642,3.5721287893371136
2024-10-17 16:00:00+00:00,0.14,0.7829669117927551,0.13657477836963583,0.3102434575557709,8.876519107752928
2024-10-17 17:00:00+00:00,-2.54,0.7961949706077576,0.21155497408201024,0.31955599784851074,7.629087461666819
2024-10-17 18:00:00+00:00,-1.31,0.8046178817749023,-0.18868023130874745,0.32005974650382996,8.109655457707369
2024-10-18 10:00:00+00:00,0.26,0.8162711262702942,1.094384840515799,0.31784510612487793,8.435315205075465
2024-10-18 11:00:00+00:00,-0.48,0.8090871572494507,0.678524701135986,0.3269210159778595,8.496412196589613
2024-10-18 12:00:00+00:00,-3.55,0.7914355397224426,0.24989836171411173,0.33017683029174805,8.503086874330378
2024-10-18 13:00:00+00:00,1.22,0.7937095165252686,0.5096747202023961,0.336359441280365,9.668340252298822
2024-10-18 14:00:00+00:00,0.12,0.7903732061386108,-0.30710943351348463,0.32751381397247314,5.538929322090864
2024-10-18 15:00:00+00:00,-1.61,0.7919045090675354,-0.3381783200284274,0.3277268409729004,5.957528586251187
2024-10-18 16:00:00+00:00,9.33,0.7951821088790894,0.27503993645928704,0.3353937566280365,6.049539732899802
2024-10-18 17:00:00+00:00,-0.98,0.7960083484649658,-0.4309909603024171,0.3450568914413452,5.951703162658282
2024-10-18 18:00:00+00:00,6.15,0.8010826706886292,-0.7904104429195111,0.3534175157546997,11.182102417604787
2024-10-21 10:00:00+00:00,-0.94,0.809657871723175,-1.4112829663768536,0.3567534387111664,7.932061367520705
2024-10-21 11:00:00+00:00,2.63,0.8200580477714539,-1.2929486288190384,0.3569008409976959,7.822936764873591
2024-10-21 12:00:00+00:00,0.62,0.8290783762931824,-1.7286772502900436,0.3520512580871582,7.391301122974159
2024-10-21 13:00:00+00:00,-2.16,0.8310288786888123,-1.0780050052078254,0.3498261868953705,7.907123404214191
2024-10-21 14:00:00+00:00,1.44,0.8300756812095642,-1.4647354710237075,0.345059871673584,9.106234324081651
2024-10-21 15:00:00+00:00,0.85,0.8334738612174988,-1.4838555561755,0.33691170811653137,8.467744020699442
2024-10-21 16:00:00+00:00,-1.4,0.831950306892395,-1.8041597557134537,0.3300885260105133,9.659282562814315
2024-10-21 17:00:00+00:00,1.03,0.8287307620048523,-1.2184848644002642,0.3251677453517914,7.986977401480038
2024-10-21 18:00:00+00:00,-1.76,0.8230838775634766,-1.5630879489315073,0.3212195038795471,9.173307163916444
2024-10-22 10:00:00+00:00,-0.29,0.8208562135696411,-0.6921089389799897,0.3153538405895233,10.93218679512217
2024-10-22 11:00:00+00:00,4.44,0.8199658393859863,-1.1283137482840078,0.3087877631187439,6.557792564568467
2024-10-22 12:00:00+00:00,-1.34,0.8259565830230713,-0.5831834375199587,0.3036386966705322,8.119005622497921
2024-10-22 13:00:00+00:00,-0.39,0.832001268863678,-0.6082558071062153,0.29638445377349854,8.743188832326842
2024-10-22 14:00:00+00:00,-1.96,0.8426094651222229,-0.7407629200236953,0.2934892773628235,9.742758753699528
2024-10-22 15:00:00+00:00,-0.35,0.8397613167762756,-0.08723535144014041,0.2949795424938202,9.518366537459908
2024-10-22 16:00:00+00:00,-5.86,0.8352663516998291,-0.1703526693535916,0.29698970913887024,9.470553943089126
2024-10-22 17:00:00+00:00,-1.26,0.831853449344635,0.62430387875729,0.29748862981796265,10.885998410339365
2024-10-22 18:00:00+00:00,-7.36,0.8349176049232483,0.8863277645715217,0.2954249083995819,10.13976609794048
2024-10-23 10:00:00+00:00,2.24,0.8427773118019104,0.8718743765736625,0.2938636541366577,9.550173237311142
2024-10-23 11:00:00+00:00,0.56,0.8506299257278442,0.24122558075736708,0.29449158906936646,9.316442897235996
2024-10-23 12:00:00+00:00,2.26,0.8587072491645813,0.822063780727327,0.29360175132751465,6.143798262102869
2024-10-23 13:00:00+00:00,-2.31,0.8658528923988342,0.4833671408803555,0.2904440760612488,9.532429559728302
2024-10-23 14:00:00+00:00,2.31,0.8701007962226868,0.14654563058348424,0.2814663052558899,7.264700822791222
2024-10-23 15:00:00+00:00,-0.43,0.8851531744003296,0.3852371282768479,0.26777759194374084,8.605692086989617
2024-10-23 16:00:00+00:00,-1.93,0.9114141464233398,0.3717871514075019,0.2530704140663147,8.050428690505413
2024-10-23 17:00:00+00:00,-2.37,0.9472908973693848,0.3825628452938086,0.24395118653774261,9.07646224665514
2024-10-23 18:00:00+00:00,-9.27,0.9737507700920105,0.37643880719140477,0.2410513460636139,7.822429082442464
2024-10-24 10:00:00+00:00,1.02,1.0211858749389648,1.7063159244387713,0.24605411291122437,8.323576002595598
2024-10-24 11:00:00+00:00,-4.41,1.0554145574569702,0.792319692973678,0.2424297034740448,10.299342251296048
2024-10-24 12:00:00+00:00,1.66,1.0804901123046875,1.7276410906571744,0.24354390799999237,9.02271182402979
2024-10-24 13:00:00+00:00,2.39,1.1121591329574585,0.750714804649774,0.2398122251033783,6.811322846623426
2024-10-24 14:00:00+00:00,-2.57,1.1323257684707642,0.07993943130480277,0.24881137907505035,8.113989528970379
2024-10-24 15:00:00+00:00,5.33,1.1682190895080566,0.47243755225819833,0.26123735308647156,6.289657098649706
2024-10-24 16:00:00+00:00,2.86,1.189381718635559,0.4680490374690809,0.2695762515068054,4.949003585154033
2024-10-24 17:00:00+00:00,-3.33,1.2147856950759888,0.9649193692033294,0.26625779271125793,8.607710623043154
2024-10-24 18:00:00+00:00,1.83,1.2177687883377075,0.5346288716324701,0.262395977973938,10.0529642050279
2024-10-25 10:00:00+00:00,0.33,1.2328813076019287,0.921950696802873,0.2609323263168335,9.223766421746404
2024-10-25 11:00:00+00:00,0.29,1.2361695766448975,0.2049445980278652,0.2571413516998291,8.376681869168113
2024-10-25 12:00:00+00:00,4.06,1.2143207788467407,0.12003349062573064,0.2375817745923996,7.696771963370087
2024-10-25 13:00:00+00:00,-7.46,1.201833963394165,0.5714817890272217,0.22177822887897491,5.884438402241289
2024-10-25 14:00:00+00:00,-3.3,1.182645559310913,0.9635143693935996,0.20730656385421753,8.319228737601582
2024-10-25 15:00:00+00:00,-10.65,1.1905068159103394,0.6204547410925753,0.19956661760807037,8.750493273610012
2024-10-25 16:00:00+00:00,-3.91,1.1781584024429321,1.6702927151047136,0.20270846784114838,6.611536568174289
2024-10-25 17:00:00+00:00,0.57,1.1684321165084839,1.643572477354422,0.20112769305706024,8.536796931959849
2024-10-25 18:00:00+00:00,-9.09,1.173383116722107,0.8082481932770333,0.19993095099925995,7.393374386861201
2024-10-28 10:00:00+00:00,3.26,1.1694233417510986,1.411368450611338,0.1985258311033249,5.805495524533841
2024-10-28 11:00:00+00:00,-3.23,1.1727149486541748,1.0890372205901153,0.19180342555046082,7.140871533330219
2024-10-28 12:00:00+00:00,-0.77,1.1669151782989502,0.9173970581830299,0.18932797014713287,4.22045932956207
2024-10-28 13:00:00+00:00,-7.71,1.160229206085205,0.4318861056616935,0.18985478579998016,2.36011517674668
2024-10-28 14:00:00+00:00,1.35,1.1478283405303955,1.2588480211376636,0.1886902004480362,5.530360847085598
2024-10-28 15:00:00+00:00,-5.23,1.1399821043014526,1.4176400403453195,0.1861407607793808,9.006368942590765
2024-10-28 16:00:00+00:00,-3.07,1.131642460823059,1.5488919388929818,0.1816030740737915,11.388035414573919
2024-10-28 17:00:00+00:00,-8.18,1.1225361824035645,1.7014353612894575,0.17930012941360474,7.316247982904954
2024-10-28 18:00:00+00:00,8.3,1.113827109336853,1.5508635823986436,0.17388153076171875,7.430551911506666
2024-10-29 10:00:00+00:00,-10.68,1.1012204885482788,0.8824492694611324,0.16866534948349,6.718403361469726
2024-10-29 11:00:00+00:00,2.77,1.0966293811798096,1.0281019057386627,0.16017033159732819,13.227524164386617
2024-10-29 12:00:00+00:00,0.43,1.0874162912368774,0.6523319011154941,0.1586555391550064,9.158781633448937
2024-10-29 13:00:00+00:00,4.0,1.085437297821045,0.24796307030513232,0.15792611241340637,10.031058172835422
2024-10-29 14:00:00+00:00,1.23,1.0875192880630493,0.6866174219060154,0.15360945463180542,10.58052980991492
2024-10-29 15:00:00+00:00,0.72,1.0713756084442139,0.9531640622757038,0.15746307373046875,8.258187282235166
2024-10-29 16:00:00+00:00,-0.24,1.058333396911621,0.572182300062867,0.15326184034347534,10.16187451349691
2024-10-29 17:00:00+00:00,0.61,1.0414868593215942,0.7835582460927267,0.15442103147506714,6.690801210769027
2024-10-29 18:00:00+00:00,6.78,1.0271662473678589,-0.2676479814514463,0.15308877825737,8.217972268550053
2024-10-30 10:00:00+00:00,-0.09,1.011078119277954,0.09968471598962247,0.1522710621356964,8.628473952582622
2024-10-30 11:00:00+00:00,0.75,0.9940207600593567,-0.49239425013227733,0.15058451890945435,11.496026447246921
2024-10-30 12:00:00+00:00,-1.79,0.9720489382743835,-1.249959050681742,0.14793209731578827,8.64435846028689
2024-10-30 13:00:00+00:00,-6.6,0.9496142864227295,-1.1016743216726619,0.14354145526885986,10.168260765692013
2024-10-30 14:00:00+00:00,2.71,0.9273513555526733,-0.24747129702015258,0.13844053447246552,8.067042421700137
2024-10-30 15:00:00+00:00,-0.69,0.9134806394577026,-0.07769655251402252,0.1321462094783783,4.7704958816212395
2024-10-30 16:00:00+00:00,7.5,0.8950458765029907,-0.24684669999827058,0.12545093894004822,8.948177261026217
2024-10-30 17:00:00+00:00,-1.1,0.8769423961639404,-0.9726231150701581,0.11905215680599213,8.50572977950268
2024-10-30 18:00:00+00:00,-10.48,0.8591451644897461,-0.9247065856473358,0.11557867377996445,9.681274123849942
2024-10-31 10:00:00+00:00,-2.71,0.8339218497276306,0.30325046960839175,0.11408767104148865,4.908514344112669
2024-10-31 11:00:00+00:00,-2.66,0.8139828443527222,-0.06320114510670832,0.10992511361837387,6.1665478797405635
2024-10-31 12:00:00+00:00,4.13,0.7968669533729553,0.31267124015840575,0.10475596785545349,8.122480880666318
2024-10-31 13:00:00+00:00,3.56,0.7853769063949585,0.3946903925733851,0.09934201836585999,7.04414909582915
2024-10-31 14:00:00+00:00,-3.85,0.7756922841072083,0.5153021259302607,0.09234188497066498,4.381673133229691
2024-10-31 15:00:00+00:00,-3.42,0.7686536908149719,-0.3640876992190065,0.07977072894573212,8.010525142032405
2024-10-31 16:00:00+00:00,-3.2,0.7483645081520081,0.12447416277926834,0.06377535313367844,3.5558992605529367
2024-10-31 17:00:00+00:00,0.98,0.7298940420150757,0.3225882175407503,0.050421614199876785,6.059083686949804
2024-10-31 18:00:00+00:00,-0.7,0.7122230529785156,-0.2757058209125356,0.04089268669486046,6.334525164181594
2024-11-01 10:00:00+00:00,-0.95,0.7034597992897034,0.23033198578965586,0.037936531007289886,9.172945733106772
2024-11-01 11:00:00+00:00,-2.19,0.6962080001831055,0.19899253830862795,0.031099984422326088,8.181065833743233
2024-11-01 12:00:00+00:00,0.98,0.6946049332618713,-0.16730020834724457,0.028529541566967964,9.790599391141642
2024-11-01 13:00:00+00:00,2.69,0.6887086033821106,-0.4684752886849267,0.02794399857521057,8.76195296393168
2024-11-01 14:00:00+00:00,-2.45,0.6855818033218384,-0.11608882035061052,0.025659633800387383,5.942466221572337
2024-11-01 15:00:00+00:00,4.5,0.6843748092651367,-0.06920613806266354,0.022008631378412247,11.33770491033249
2024-11-01 16:00:00+00:00,2.52,0.680842399597168,0.08674384283705393,0.01875877194106579,6.9677210518643795
2024-11-01 17:00:00+00:00,-3.27,0.6810158491134644,-0.058412369802067265,0.012835116125643253,9.591414606560065
2024-11-01 18:00:00+00:00,4.51,0.6761361360549927,0.7899945105114724,0.004609252326190472,10.92466453195491
2024-11-02 10:00:00+00:00,-1.21,0.6735320091247559,-0.4667591699538012,-0.004256062209606171,5.823510658456446
2024-11-02 11:00:00+00:00,0.0,0.6721324920654297,-1.0305326308528886,-0.012893293052911758,8.10960099567722
2024-11-02 12:00:00+00:00,1.2,0.6630166172981262,-0.930851823835267,-0.020460374653339386,6.441451325497753
2024-11-02 13:00:00+00:00,2.21,0.6566050052642822,-1.4284593322294086,-0.024382028728723526,9.64887917290233
2024-11-02 14:00:00+00:00,0.02,0.6533328294754028,-1.6460336887780727,-0.024441884830594063,9.662722692426943
2024-11-02 15:00:00+00:00,2.02,0.6539873480796814,-1.4802896643426382,-0.02497686631977558,10.154571157926036
2024-11-02 16:00:00+00:00,-1.67,0.6585726141929626,-2.188568783700073,-0.025732124224305153,9.888292117658255
2024-11-02 17:00:00+00:00,-1.67,0.6642789840698242,-1.4410348388823067,-0.025181155651807785,7.958025438577929
2024-11-02 18:00:00+00:00,6.17,0.6689726114273071,-1.068434282112798,-0.02445433847606182,6.377238005343246
2024-11-05 10:00:00+00:00,-0.67,0.670975923538208,-0.41287193166025626,-0.02353048138320446,13.050855040200938
2024-11-05 11:00:00+00:00,2.99,0.6690884232521057,-0.7566282602577246,-0.021561753004789352,9.973621858900136
2024-11-05 12:00:00+00:00,-0.69,0.6699247360229492,-1.4022930348563623,-0.022979699075222015,10.824893626043746
2024-11-05 13:00:00+00:00,-1.87,0.6658923029899597,-1.3762775208921336,-0.025539545342326164,7.62385867607854
2024-11-05 14:00:00+00:00,0.07,0.663730800151825,-1.1625820334331736,-0.02970843017101288,8.211811455980255
2024-11-05 15:00:00+00:00,-1.43,0.6594762206077576,-0.7997797934788546,-0.03577447310090065,3.6657424988388136
2024-11-05 16:00:00+00:00,-3.82,0.6522719860076904,-1.030666571831114,-0.040892310440540314,9.535454851672151
2024-11-05 17:00:00+00:00,2.04,0.6438871622085571,0.24106745012918757,-0.04444144666194916,11.17857518373545
2024-11-05 18:00:00+00:00,24.67,0.6298863887786865,-0.7006332861371194,-0.048371098935604095,8.534783379781715
2024-11-06 10:00:00+00:00,1.39,0.62630695104599,-0.06006443939694872,-0.0512203723192215,7.9803434035717995
2024-11-06 11:00:00+00:00,-1.15,0.6206150650978088,-0.18975466150735576,-0.05477099493145943,7.1617683210716905
2024-11-06 12:00:00+00:00,-3.81,0.6274964213371277,-0.23019017149939103,-0.05931016802787781,7.660496179910393
2024-11-06 13:00:00+00:00,-2.05,0.6368394494056702,0.05100269341977029,-0.0637526735663414,10.569861986245812
2024-11-06 14:00:00+00:00,-3.46,0.6490821838378906,0.2486215604686724,-0.06626252084970474,8.995406105055475
2024-11-06 15:00:00+00:00,-1.51,0.6603716015815735,0.9961523644592163,-0.06441053003072739,9.012695199702291
2024-11-06 16:00:00+00:00,-1.51,0.6703208684921265,0.8883522042448619,-0.06332532316446304,8.212010225096904
2024-11-06 17:00:00+00:00,0.86,0.6850453019142151,1.4133843374061972,-0.06190570443868637,10.758751477933476
2024-11-06 18:00:00+00:00,0.0,0.703449010848999,0.1488165702477222,-0.06567084044218063,11.880212429621313
2024-11-07 11:00:00+00:00,-3.96,0.7273290157318115,0.27381682936494967,-0.06714678555727005,12.365651117080544
2024-11-07 12:00:00+00:00,-5.04,0.7471744418144226,1.299972427736475,-0.07000516355037689,9.46298192565969
2024-11-07 13:00:00+00:00,5.22,0.750760018825531,0.6974247329514675,-0.07345931231975555,9.993595734706645
2024-11-07 14:00:00+00:00,2.43,0.759588897228241,1.3696263349601039,-0.07534383237361908,7.037728306611077
2024-11-07 15:00:00+00:00,0.24,0.768063485622406,0.9267006329296849,-0.07532951980829239,6.808815055708501
2024-11-07 16:00:00+00:00,12.15,0.7951081395149231,1.0176351177395535,-0.07223059982061386,10.687304461668226
2024-11-07 17:00:00+00:00,-0.81,0.8181837201118469,0.261241932795648,-0.06957948207855225,10.434063976983667
2024-11-07 18:00:00+00:00,15.3,0.8405078053474426,-0.27204773158403095,-0.06772377341985703,10.427704570219827
2024-11-08 10:00:00+00:00,-3.05,0.8709477186203003,-0.4831263061527693,-0.06751316785812378,12.583214559187198
2024-11-08 11:00:00+00:00,0.55,0.8987221717834473,-0.1461685302080893,-0.0675269216299057,11.488092964654104
2024-11-08 12:00:00+00:00,-4.02,0.9319851398468018,-1.050061522713172,-0.06733229756355286,6.896141356107965
2024-11-08 13:00:00+00:00,0.63,0.9516772627830505,0.15678348914156637,-0.06313943862915039,12.530752573846412
2024-11-08 14:00:00+00:00,2.71,0.9597830176353455,-0.6532364355812408,-0.056351590901613235,10.441176724128777
2024-11-08 15:00:00+00:00,-0.98,0.9500453472137451,-0.807656995069691,-0.05222155898809433,8.18957678441641
2024-11-08 16:00:00+00:00,3.16,0.9262458682060242,-0.9364108181500814,-0.04646947234869003,11.77890325103383
2024-11-08 17:00:00+00:00,1.96,0.9033976197242737,-0.26406737637878547,-0.04051421582698822,8.169130845357323
2024-11-08 18:00:00+00:00,13.77,0.8845906853675842,-0.08921936216872056,-0.03490786999464035,8.795577974036966
2024-11-11 10:00:00+00:00,5.1,0.8753440976142883,-0.30191569831593623,-0.029332567006349564,12.845443715994913
2024-11-11 11:00:00+00:00,-3.56,0.8623658418655396,-0.4412999393619923,-0.02686399035155773,8.69028537664032
2024-11-11 12:00:00+00:00,2.07,0.8507639169692993,-0.6045279095375748,-0.02314736880362034,4.737299008804344
2024-11-11 13:00:00+00:00,-5.46,0.8457200527191162,-1.0606868163906167,-0.017058830708265305,5.326864384868214
2024-11-11 14:00:00+00:00,1.15,0.8386476635932922,0.3181397024932309,-0.010139195248484612,8.792299016478982
2024-11-11 15:00:00+00:00,3.3,0.8366733193397522,-0.579396464758545,-0.00017380171630065888,7.553484493400813
2024-11-11 16:00:00+00:00,-2.99,0.8388760685920715,-0.295746439316104,0.008795609697699547,11.543454418885966
2024-11-11 17:00:00+00:00,1.85,0.8454687595367432,-0.11529202062014582,0.016756027936935425,6.533327030573256
2024-11-11 18:00:00+00:00,-8.4,0.8494844436645508,-0.12127787975597432,0.023557068780064583,7.815039761323977
2024-11-12 10:00:00+00:00,1.31,0.8492740392684937,0.6648239903019014,0.03191528469324112,12.397121324224464
2024-11-12 11:00:00+00:00,2.58,0.8497852087020874,0.7731924352491552,0.0383499413728714,6.394311249417826
2024-11-12 12:00:00+00:00,-1.34,0.8510074615478516,0.29746388702056,0.04435780644416809,2.9783847549655476
2024-11-12 13:00:00+00:00,-1.69,0.8524900674819946,0.3609925905382686,0.05361979827284813,5.250496803296274
2024-11-12 14:00:00+00:00,-2.1,0.8631399273872375,0.1327984954691367,0.05943415313959122,2.9321089795975857
2024-11-12 15:00:00+00:00,-2.23,0.8795549869537354,0.05735001554560423,0.07127049565315247,8.020421899970124
2024-11-12 16:00:00+00:00,4.41,0.8995408415794373,0.33886112543641883,0.08413981646299362,8.87427145081426
2024-11-12 17:00:00+00:00,-1.73,0.93048095703125,0.6915767483570533,0.09649533778429031,8.411573515009446
2024-11-12 18:00:00+00:00,-2.39,0.9698747992515564,0.2024460278347575,0.11302049458026886,8.36807639051808
2024-11-13 10:00:00+00:00,2.6,1.0052682161331177,0.5021088877746076,0.12668746709823608,5.027718212131323
2024-11-13 11:00:00+00:00,1.48,1.0520819425582886,0.7602078667151991,0.1395629197359085,2.743335848453194
2024-11-13 12:00:00+00:00,-0.37,1.0978763103485107,0.6480661021840376,0.15076278150081635,3.7511269654318093
2024-11-13 13:00:00+00:00,-2.12,1.147533893585205,0.3972363991819527,0.16072073578834534,8.385368490287268
2024-11-13 14:00:00+00:00,2.33,1.1925033330917358,0.2493554903550324,0.16988012194633484,4.31155012332735
2024-11-13 15:00:00+00:00,0.76,1.2288135290145874,0.12841401751797,0.17928265035152435,7.749549930878973
2024-11-13 16:00:00+00:00,-3.75,1.2555269002914429,-0.040819506677401696,0.19106043875217438,8.058914788083447
2024-11-13 17:00:00+00:00,0.08,1.2806448936462402,0.8265436560612164,0.2039661854505539,10.952914904112792
2024-11-13 18:00:00+00:00,-9.71,1.2929024696350098,-0.2582571556482265,0.20832838118076324,12.195835832385747
2024-11-14 10:00:00+00:00,-2.4,1.3126533031463623,0.9035590243620517,0.21408586204051971,10.0164520286659
2024-11-14 11:00:00+00:00,0.41,1.3115357160568237,0.85910115851913,0.2169141322374344,4.491171295593175
2024-11-14 12:00:00+00:00,0.1,1.3127140998840332,0.25939436697519425,0.2220466434955597,5.643261966654968
2024-11-14 13:00:00+00:00,-2.04,1.3024293184280396,0.33895566693968476,0.22468921542167664,4.5960336021959645
2024-11-14 14:00:00+00:00,-0.97,1.305090069770813,0.41855371660448093,0.22950108349323273,5.403005419993317
2024-11-14 15:00:00+00:00,-0.18,1.304745078086853,-0.11029958714174834,0.22984609007835388,6.986557772232345
2024-11-14 16:00:00+00:00,-10.87,1.3263742923736572,-0.08011989576914913,0.2283744215965271,3.7295724045845704
2024-11-14 17:00:00+00:00,-1.33,1.340240716934204,1.8359372911810157,0.2275109738111496,6.831303774414918
2024-11-14 18:00:00+00:00,2.81,1.3473557233810425,0.8040730688799488,0.2303570955991745,4.8861203591853055
2024-11-15 10:00:00+00:00,3.02,1.3618525266647339,0.5965621017756135,0.23230016231536865,7.845391836922534
2024-11-15 11:00:00+00:00,-1.1,1.3781838417053223,0.2284488946859804,0.23521487414836884,7.877692119824338
2024-11-15 12:00:00+00:00,-1.36,1.399518609046936,0.04973139925614567,0.23614133894443512,7.27608693023847
2024-11-15 13:00:00+00:00,0.62,1.422101378440857,-0.023486960606630136,0.23892554640769958,5.573645232357582
2024-11-15 14:00:00+00:00,4.79,1.4430830478668213,-0.0831686737537276,0.24241650104522705,6.593322419638933
2024-11-15 15:00:00+00:00,0.06,1.4546148777008057,0.1275950169418323,0.2460280954837799,8.385496755262768
2024-11-15 16:00:00+00:00,-8.26,1.4671798944473267,-0.1912088319221421,0.25065964460372925,9.80275548094636
2024-11-15 17:00:00+00:00,4.17,1.4707438945770264,0.6958047605595942,0.24907459318637848,10.082869414135008
2024-11-15 18:00:00+00:00,-8.6,1.4762992858886719,-0.5605922156415901,0.24599890410900116,6.5267913042361645
2024-11-18 10:00:00+00:00,1.42,1.491353154182434,0.6585384776182742,0.2411888986825943,2.786462664955868
2024-11-18 11:00:00+00:00,-5.64,1.506470799446106,0.20857021593375802,0.23361364006996155,9.108985825721424
2024-11-18 12:00:00+00:00,1.7,1.5152695178985596,0.8213244080282333,0.22651034593582153,10.559850167923393
2024-11-18 13:00:00+00:00,2.08,1.5267012119293213,0.607328503820257,0.22007234394550323,8.97956932585299
2024-11-18 14:00:00+00:00,-1.46,1.5411559343338013,0.3219056676438468,0.21608711779117584,9.968192079747872
2024-11-18 15:00:00+00:00,4.43,1.5486146211624146,0.1077958855583631,0.21470709145069122,5.756108202421294
2024-11-18 16:00:00+00:00,1.87,1.5456355810165405,0.06891924774652256,0.21265119314193726,7.510219395537068
2024-11-18 17:00:00+00:00,-1.15,1.5514540672302246,0.3026736794133372,0.21243742108345032,8.024924953266149
2024-11-18 18:00:00+00:00,-6.21,1.5616251230239868,-0.14926045468835525,0.2119831144809723,10.003901999328095
2024-11-19 10:00:00+00:00,-5.41,1.572144627571106,0.4652385938957857,0.20999114215373993,6.919653638940628
2024-11-19 11:00:00+00:00,1.64,1.5886256694793701,1.1927129297532808,0.20140168070793152,9.52637471868984
2024-11-19 12:00:00+00:00,-0.63,1.5965909957885742,0.581154935000946,0.19304144382476807,9.198924602862412
2024-11-19 13:00:00+00:00,-1.66,1.603216290473938,-0.0734197072157301,0.18298235535621643,7.574110582707426
2024-11-19 14:00:00+00:00,-3.11,1.6122156381607056,0.44339826126592086,0.17097462713718414,6.480163997143297
2024-11-19 15:00:00+00:00,-7.27,1.6138014793395996,0.24537520975039204,0.161956325173378,7.0709634259533996
2024-11-19 16:00:00+00:00,-4.69,1.614290714263916,1.1842392134469981,0.15324510633945465,6.793453380856658
2024-11-19 17:00:00+00:00,-1.87,1.6210421323776245,1.0302856360253854,0.1439853459596634,5.549416119899549
2024-11-19 18:00:00+00:00,0.63,1.6352052688598633,0.707373037287019,0.13734881579875946,4.876137634134802
2024-11-20 10:00:00+00:00,1.43,1.662122368812561,1.2228840860174714,0.13061507046222687,5.712207092048701
2024-11-20 11:00:00+00:00,1.62,1.675734519958496,0.5964684462357062,0.12449101358652115,9.059835288665724
2024-11-20 12:00:00+00:00,0.35,1.698920488357544,0.12465377221454305,0.1186458021402359,9.502237380285454
2024-11-20 13:00:00+00:00,0.97,1.7002763748168945,0.12057996537740648,0.11222638934850693,7.762207112376694
2024-11-20 14:00:00+00:00,-2.68,1.698857307434082,-0.24916569375293596,0.10548297315835953,9.258977712580826
2024-11-20 15:00:00+00:00,-5.77,1.6969906091690063,-0.3623290220616533,0.09854678809642792,5.99470948472355
2024-11-20 16:00:00+00:00,-5.55,1.699233889579773,0.28055349780415073,0.0922517254948616,6.266018905775481
2024-11-20 17:00:00+00:00,-3.09,1.7114790678024292,0.9622370429467947,0.08286277204751968,4.4487412726233275
2024-11-20 18:00:00+00:00,-4.55,1.7076658010482788,1.0353744125094435,0.07524066418409348,9.93319727221059
2024-11-21 10:00:00+00:00,-2.52,1.6962292194366455,1.3476047857550468,0.06807175278663635,9.042958865004579
2024-11-21 11:00:00+00:00,1.36,1.6700007915496826,1.2945301344977316,0.054823603481054306,7.46438034283862
2024-11-21 12:00:00+00:00,4.03,1.6470521688461304,0.9058841651784947,0.04166634753346443,6.92868869722549
2024-11-21 13:00:00+00:00,-1.59,1.6381210088729858,0.3075793098348033,0.030417408794164658,8.213438394629064
2024-11-21 14:00:00+00:00,-3.12,1.6337839365005493,0.4374813189582686,0.018214309588074684,7.840156016440808
2024-11-21 15:00:00+00:00,2.63,1.6440505981445312,0.24710620559207355,0.007884949445724487,6.103680780621469
2024-11-21 16:00:00+00:00,-11.25,1.6524384021759033,0.19520528879215537,0.00046509125968441367,6.346616972598655
2024-11-21 17:00:00+00:00,2.42,1.642440915107727,0.9555320181015664,-0.002170412102714181,6.344993096061935
2024-11-21 18:00:00+00:00,14.32,1.625558853149414,0.7585381824976073,-0.0037669939920306206,5.431020304817586
2024-11-22 10:00:00+00:00,-4.93,1.6087104082107544,0.6486480774171955,-0.006370710674673319,9.519677254093718
2024-11-22 11:00:00+00:00,3.66,1.5847625732421875,0.5118375227586967,-0.011910881847143173,10.522749121762322
2024-11-22 12:00:00+00:00,-1.04,1.5544248819351196,0.3195122912931704,-0.015067053958773613,5.541906064166705
2024-11-22 13:00:00+00:00,-2.52,1.5350805521011353,0.20510034524819967,-0.018705230206251144,3.660671822856446
2024-11-22 14:00:00+00:00,-2.25,1.5256625413894653,0.21315182643700908,-0.020093247294425964,4.2859307318111695
2024-11-22 15:00:00+00:00,-2.2,1.5287280082702637,0.19472576740671715,-0.020008854568004608,3.441411995966699
2024-11-22 16:00:00+00:00,-16.84,1.530179500579834,0.3767303350698544,-0.02203334867954254,5.430366101561088
2024-11-22 17:00:00+00:00,0.77,1.5301285982131958,1.4111421995647615,-0.02303081750869751,8.462664814506619
2024-11-22 18:00:00+00:00,-6.58,1.5255142450332642,1.1867175673595587,-0.022669266909360886,7.2345691471653915
2024-11-25 10:00:00+00:00,0.81,1.5195553302764893,1.5416060088824226,-0.02450118213891983,3.893038911503299
2024-11-25 11:00:00+00:00,1.09,1.519548773765564,1.1736520544260372,-0.028273383155465126,6.026571213633502
2024-11-25 12:00:00+00:00,-0.55,1.5188266038894653,0.4971541785264686,-0.030170544981956482,4.6935430416056505
2024-11-25 13:00:00+00:00,-0.77,1.5135565996170044,0.17495043797415935,-0.029893387109041214,5.101501697915331
2024-11-25 14:00:00+00:00,-5.27,1.5087182521820068,0.18698509881275416,-0.02939632534980774,2.3173720539364577
2024-11-25 15:00:00+00:00,-0.57,1.5076736211776733,0.23149630176043406,-0.030235789716243744,0.4387519235113423
2024-11-25 16:00:00+00:00,-14.82,1.5076062679290771,0.6433076378935366,-0.031721584498882294,3.6316800379668788
2024-11-25 17:00:00+00:00,2.1,1.5094879865646362,1.9253869624119417,-0.031906355172395706,6.845949204600829
2024-11-25 18:00:00+00:00,-3.05,1.5081981420516968,0.7795788320997631,-0.0318751260638237,6.172218902169062
2024-11-26 10:00:00+00:00,2.26,1.5119563341140747,0.8167229139943554,-0.03170838579535484,8.633145811019373
2024-11-26 11:00:00+00:00,-2.08,1.51396644115448,0.5192009507348232,-0.03042985498905182,7.495761805067608
2024-11-26 12:00:00+00:00,-1.58,1.5165084600448608,0.3442616317551135,-0.02860797941684723,10.341485232479526
2024-11-26 13:00:00+00:00,-7.28,1.5193865299224854,-0.08418423669006275,-0.026345737278461456,2.821731868393758
2024-11-26 14:00:00+00:00,-4.14,1.5235832929611206,1.2081235693183774,-0.02515736222267151,1.3962946289251212
2024-11-26 15:00:00+00:00,-1.2,1.5365824699401855,0.826509492343971,-0.02369908057153225,8.150043871126176
2024-11-26 16:00:00+00:00,-14.25,1.5408096313476562,0.8762488851054201,-0.020483611151576042,5.075462370955901
2024-11-26 17:00:00+00:00,2.14,1.5434626340866089,2.025666827608827,-0.01550704799592495,8.172452726062716
2024-11-26 18:00:00+00:00,-9.47,1.5460129976272583,1.3225460973270842,-0.015568019822239876,7.752221135538288
2024-11-27 10:00:00+00:00,4.54,1.5482487678527832,1.5610914668043048,-0.017103072255849838,4.487377550758218
2024-11-27 11:00:00+00:00,11.75,1.551465630531311,0.9437395107067742,-0.018627716228365898,-0.2908013340053845
2024-11-27 12:00:00+00:00,-0.7,1.5527448654174805,0.7274352886175649,-0.020488815382122993,-0.20687244044903583
2024-11-27 13:00:00+00:00,6.34,1.5535897016525269,0.8336525283632608,-0.019199689850211143,-3.1086875359038393
2024-11-27 14:00:00+00:00,-11.84,1.5505822896957397,0.3756789446372094,-0.017772451043128967,-4.242842950601657
2024-11-27 15:00:00+00:00,7.31,1.5508671998977661,0.2672157859594946,-0.016109321266412735,-0.5469827717933626
2024-11-27 16:00:00+00:00,-1.44,1.5476666688919067,0.7341268830358226,-0.01593923568725586,-0.3678082190241052
2024-11-27 17:00:00+00:00,-18.64,1.548950433731079,0.7113233184544013,-0.013668255880475044,3.870433458173754
2024-11-27 18:00:00+00:00,14.85,1.5458934307098389,1.069787036916109,-0.013370650820434093,12.137791734069143
2024-11-28 10:00:00+00:00,0.35,1.5394697189331055,0.7533632862083394,-0.014800863340497017,3.0294632420943928
2024-11-28 11:00:00+00:00,-2.4,1.5286158323287964,0.4411571317097901,-0.014959054067730904,8.375927460921671
2024-11-28 12:00:00+00:00,-2.43,1.52138090133667,0.2790328682667478,-0.014195987954735756,8.768062628610062
2024-11-28 13:00:00+00:00,-5.02,1.5167155265808105,0.5705189061892139,-0.014127768576145172,3.057397425677403
2024-11-28 14:00:00+00:00,-0.93,1.511248230934143,0.8405897824249465,-0.01619185507297516,6.596279566320066
2024-11-28 15:00:00+00:00,2.75,1.5132452249526978,0.2884300487401028,-0.01765943132340908,2.2612540921140747
2024-11-28 16:00:00+00:00,-5.46,1.522142767906189,0.5691615395513929,-0.019164185971021652,8.092928517942841
2024-11-28 17:00:00+00:00,3.99,1.5294357538223267,0.6831069167617235,-0.01976999081671238,7.606694400426505
2024-11-28 18:00:00+00:00,1.64,1.5336084365844727,0.4999156823879477,-0.02126545086503029,11.568524795134703
2024-11-29 10:00:00+00:00,5.27,1.534146785736084,0.2653735151026769,-0.02138776332139969,11.124131686620172
2024-11-29 11:00:00+00:00,1.09,1.536377191543579,0.25779055754077856,-0.02002149634063244,9.369329616527123
2024-11-29 12:00:00+00:00,-1.85,1.5364915132522583,0.27636127609148997,-0.019622769206762314,11.072771603977145
2024-11-29 13:00:00+00:00,1.52,1.5304468870162964,0.20258336941990768,-0.017694750800728798,5.283145609976641
2024-11-29 14:00:00+00:00,-0.17,1.528655767440796,0.19453575955865496,-0.014760155230760574,13.330175927288968
2024-11-29 15:00:00+00:00,-3.14,1.5355260372161865,-0.023253547438146255,-0.010731801390647888,7.663017928829001
2024-11-29 16:00:00+00:00,14.64,1.526732087135315,0.01803467748939841,-0.011611604131758213,8.894482662694363
2024-11-29 17:00:00+00:00,2.3,1.521446943283081,-1.279857347960461,-0.012481926009058952,10.409423501579491
2024-11-29 18:00:00+00:00,4.68,1.5225920677185059,-1.5262901012162124,-0.01337641291320324,15.940062832914528
2024-12-02 10:00:00+00:00,-1.37,1.5236276388168335,-0.4641412733584611,-0.012034867890179157,17.075737866981104
2024-12-02 11:00:00+00:00,-0.84,1.523970603942871,-0.5483508394187775,-0.010823443531990051,13.965934818113757
2024-12-02 12:00:00+00:00,-0.47,1.5202348232269287,-0.6246712401910461,-0.009306422434747219,13.664223315532931
2024-12-02 13:00:00+00:00,0.83,1.5158494710922241,-1.2140630909852068,-0.007567449938505888,11.367196936255546
2024-12-02 14:00:00+00:00,-1.63,1.5175940990447998,-1.2919303963882014,-0.0059232814237475395,8.931952263007364
2024-12-02 15:00:00+00:00,0.64,1.5404925346374512,-1.1548327584586116,-0.005405214615166187,12.685925312376126
2024-12-02 16:00:00+00:00,4.46,1.5570940971374512,-0.8418143853488644,-0.002772313542664051,14.367726928031246
2024-12-02 17:00:00+00:00,0.24,1.5538204908370972,-2.3251267627528924,-0.00027975725242868066,10.942005876690297
2024-12-02 18:00:00+00:00,-5.68,1.5572513341903687,-1.477128828175751,0.0012095679994672537,9.884239139426281
2024-12-03 10:00:00+00:00,-4.06,1.5503772497177124,-0.37082455169901174,0.005215243436396122,9.637889584796216
2024-12-03 11:00:00+00:00,-0.01,1.5490868091583252,-0.08814250188226935,0.010147749446332455,8.312780907866738
2024-12-03 12:00:00+00:00,1.51,1.5656763315200806,-0.7957750397296648,0.014226107858121395,10.191315376061652
2024-12-03 13:00:00+00:00,-0.01,1.5784553289413452,-0.5164123600890858,0.01904578134417534,10.131787239914772
2024-12-03 14:00:00+00:00,-5.6,1.582520604133606,-0.732163329306841,0.02216552011668682,8.616418121396363
2024-12-03 15:00:00+00:00,-0.6,1.589289665222168,0.14729802656223404,0.02140747383236885,5.905501832528482
2024-12-03 16:00:00+00:00,7.6,1.584393858909607,-0.10925381402204107,0.022404197603464127,9.243127638944523
2024-12-03 17:00:00+00:00,-0.05,1.5856817960739136,-0.3015005306039539,0.02327619306743145,4.94115479365522
2024-12-03 18:00:00+00:00,-3.38,1.590415596961975,-0.4086770987109609,0.02087472192943096,9.738844104742391
2024-12-04 10:00:00+00:00,7.14,1.5962390899658203,0.23291685812893165,0.01999882236123085,13.951599245189579
2024-12-04 11:00:00+00:00,-0.63,1.6039280891418457,-0.1893007275319173,0.020343642681837082,9.431252951589375
2024-12-04 12:00:00+00:00,-1.02,1.6157939434051514,-0.6467548155701726,0.021771440282464027,9.61562056642354
2024-12-04 13:00:00+00:00,2.12,1.6285526752471924,-0.6842290895055207,0.02263469807803631,11.678404969968929
2024-12-04 14:00:00+00:00,-5.16,1.6409986019134521,-0.9368376911536374,0.02164745330810547,9.377191206865868
2024-12-04 15:00:00+00:00,-4.32,1.6590040922164917,-0.2980097677639495,0.02010793797671795,10.40657565851577
2024-12-04 16:00:00+00:00,9.15,1.670546531677246,-0.002152150360013455,0.020834384486079216,10.867265782293305
2024-12-04 17:00:00+00:00,-6.12,1.6812599897384644,-0.4415016414479934,0.019873907789587975,11.658538177142914
2024-12-04 18:00:00+00:00,-2.23,1.6994545459747314,0.0627604787408666,0.019350634887814522,9.875418360871674
2024-12-05 10:00:00+00:00,-3.34,1.7118057012557983,0.2912655025715118,0.018508195877075195,12.210695526666616
2024-12-05 11:00:00+00:00,0.95,1.7270119190216064,-0.07842285798831328,0.020832153037190437,14.730264275631711
2024-12-05 12:00:00+00:00,-2.61,1.7350683212280273,0.6682276595452508,0.023085102438926697,14.309726407393185
2024-12-05 13:00:00+00:00,-3.3,1.7464789152145386,-0.10450018438807746,0.022996805608272552,13.918610275110142
2024-12-05 14:00:00+00:00,-1.64,1.7578281164169312,0.5108678593925675,0.023763030767440796,13.526202860382366
2024-12-05 15:00:00+00:00,8.94,1.7709592580795288,1.1048557909007837,0.02299959398806095,9.163172847280407
2024-12-05 16:00:00+00:00,12.76,1.7826026678085327,0.48339843782896785,0.022443607449531555,10.39689415842875
2024-12-05 17:00:00+00:00,4.35,1.8068147897720337,-0.11726817950804438,0.021504877135157585,13.397416589705973
2024-12-05 18:00:00+00:00,10.47,1.8349908590316772,-0.8586431599403164,0.02297951839864254,15.19186268328093
2024-12-06 10:00:00+00:00,-4.87,1.8594536781311035,-0.7444651368281603,0.023860622197389603,17.29084076771011
2024-12-06 11:00:00+00:00,-4.79,1.8576469421386719,-0.763758655340387,0.02369685471057892,20.443150243982522
2024-12-06 12:00:00+00:00,0.71,1.8475193977355957,-0.5538652369381671,0.025444190949201584,17.586390213381478
2024-12-06 13:00:00+00:00,7.01,1.8462843894958496,-0.7329207698393203,0.02650263160467148,17.25055448956382
2024-12-06 14:00:00+00:00,1.46,1.8517509698867798,-1.1678465931220634,0.03067486174404621,15.493921001016052
2024-12-06 15:00:00+00:00,-1.07,1.858858346939087,-1.1616025119987103,0.03284787759184837,14.769682781091943
2024-12-06 16:00:00+00:00,30.1,1.8590764999389648,-1.0457872962517976,0.035993270576000214,14.925628818275241
2024-12-06 17:00:00+00:00,-0.48,1.8613442182540894,-1.6418085305021015,0.04134197533130646,13.840634098478247
2024-12-06 18:00:00+00:00,7.9,1.8594776391983032,-2.2031066887182496,0.042930565774440765,13.758988413820795
2024-12-09 10:00:00+00:00,-2.69,1.8574765920639038,-1.205193874513672,0.042373836040496826,16.162368603180308
2024-12-09 11:00:00+00:00,-1.62,1.8498390913009644,-1.0763853445680023,0.04387803003191948,14.238302600030437
2024-12-09 12:00:00+00:00,0.3,1.8394360542297363,-1.0616055770206392,0.04453885927796364,16.534413475306877
2024-12-09 13:00:00+00:00,1.76,1.826330304145813,-1.6897403276148923,0.04702695459127426,18.980574634554923
2024-12-09 14:00:00+00:00,5.13,1.8137156963348389,-1.6206390628162328,0.049590520560741425,13.121769697895243
2024-12-09 15:00:00+00:00,4.51,1.806304931640625,-1.5876276527840576,0.05713491886854172,12.332812914205501
2024-12-09 16:00:00+00:00,-2.49,1.8024243116378784,-1.202531383013203,0.06736891716718674,17.24699028864241
2024-12-09 17:00:00+00:00,-0.81,1.792943000793457,-1.277313361071901,0.09126708656549454,15.595132605805912
2024-12-09 18:00:00+00:00,-9.75,1.7800028324127197,-1.5990028166750192,0.11252158135175705,9.981087704800217
2024-12-10 10:00:00+00:00,0.34,1.763106346130371,0.11459347235286542,0.12573014199733734,14.766286644597734
2024-12-10 11:00:00+00:00,-3.42,1.7446051836013794,0.18786693658741166,0.1458657830953598,7.24104744687451
2024-12-10 12:00:00+00:00,0.6,1.7290431261062622,0.6785798081643902,0.15312503278255463,5.242621324734659
2024-12-10 13:00:00+00:00,-3.41,1.715153694152832,-0.022880103030515075,0.16108618676662445,4.533923518662249
2024-12-10 14:00:00+00:00,-0.64,1.7046767473220825,0.5520740275925017,0.1692882627248764,4.657053335810936
2024-12-10 15:00:00+00:00,2.06,1.6956266164779663,-0.07557884748019233,0.17332720756530762,8.081325623927073
2024-12-10 16:00:00+00:00,-6.85,1.690717339515686,0.0917193806966988,0.17729496955871582,9.322233606701923
2024-12-10 17:00:00+00:00,-0.08,1.6863669157028198,1.0517517441223418,0.18003828823566437,6.506263840778263
2024-12-10 18:00:00+00:00,-4.54,1.6815255880355835,0.30325317635979776,0.18478861451148987,1.0760827014535954
2024-12-11 10:00:00+00:00,0.45,1.6774520874023438,1.364666851468614,0.18879131972789764,6.435175090271999
2024-12-11 11:00:00+00:00,2.97,1.6718921661376953,0.8441824352079382,0.189876526594162,2.8895461157010733
2024-12-11 12:00:00+00:00,-3.93,1.662530541419983,0.714217122358456,0.1898229867219925,1.4099821909606618
2024-12-11 13:00:00+00:00,1.51,1.6570731401443481,-0.15871708975002308,0.18763436377048492,6.912679818741561
2024-12-11 14:00:00+00:00,0.36,1.6533992290496826,-0.052237004735022796,0.18671812117099762,-1.1176370461345295
2024-12-11 15:00:00+00:00,3.01,1.647187352180481,0.1171564525451639,0.18875674903392792,4.166988593967297
2024-12-11 16:00:00+00:00,-25.21,1.6445696353912354,0.05073270343319397,0.19516965746879578,4.653551726104568
2024-12-11 17:00:00+00:00,-2.64,1.6447843313217163,1.037008898891015,0.20065312087535858,8.615621803516964
2024-12-11 18:00:00+00:00,10.26,1.643921136856079,0.36174234142917167,0.20682474970817566,3.74657895415149
2024-12-12 10:00:00+00:00,-3.69,1.643141508102417,0.9610653639761939,0.21067167818546295,1.8382371265816597
2024-12-12 11:00:00+00:00,-0.46,1.642612099647522,0.30124432871642987,0.2095896303653717,7.335774706846044
2024-12-12 12:00:00+00:00,-2.82,1.6408467292785645,0.04565930125626019,0.20914629101753235,8.135904528743538
2024-12-12 13:00:00+00:00,-2.25,1.6458933353424072,0.17763990614144487,0.2101651430130005,10.368003240063826
2024-12-12 14:00:00+00:00,2.63,1.6494978666305542,-0.30659203721597816,0.20780567824840546,8.586745727807473
2024-12-12 15:00:00+00:00,-4.24,1.6521614789962769,-0.19898426937166247,0.2084830403327942,1.919555058565405
2024-12-12 16:00:00+00:00,-9.65,1.6624250411987305,-0.14248667465380815,0.20605888962745667,5.103807306981159
2024-12-12 17:00:00+00:00,-0.83,1.6698232889175415,1.1233051779670267,0.2030532956123352,7.983735236368956
2024-12-12 18:00:00+00:00,-3.83,1.6761765480041504,0.15620677627629992,0.20319251716136932,9.011052820841607
2024-12-13 10:00:00+00:00,-1.88,1.6840038299560547,1.0779818847880582,0.20314902067184448,12.401047414264612
2024-12-13 11:00:00+00:00,-0.92,1.6893540620803833,0.17324348315844432,0.20359663665294647,14.48988771033
2024-12-13 12:00:00+00:00,3.16,1.6921374797821045,0.1759359410924283,0.20376355946063995,11.907887610387286
2024-12-13 13:00:00+00:00,-1.47,1.695038080215454,0.13856401747701638,0.2031668722629547,8.825278663969872
2024-12-13 14:00:00+00:00,2.5,1.6965080499649048,0.00894911240623164,0.20369088649749756,9.87543869113971
2024-12-13 15:00:00+00:00,-2.97,1.6921367645263672,-0.478589532822577,0.20253746211528778,11.961049801496365
2024-12-13 16:00:00+00:00,5.54,1.6934680938720703,-0.04262693337377277,0.202340230345726,5.414155440299583
2024-12-13 17:00:00+00:00,1.41,1.692536473274231,0.0381010212891405,0.20163051784038544,7.965310158563832
2024-12-13 18:00:00+00:00,-6.78,1.694403886795044,-0.16225984306180297,0.20038729906082153,11.924356179107535
2024-12-16 10:00:00+00:00,-3.83,1.694032073020935,0.27144827266939703,0.20017334818840027,10.862001067356692
2024-12-16 11:00:00+00:00,-2.35,1.695164680480957,0.5133664885718647,0.20082804560661316,9.92879910036075
2024-12-16 12:00:00+00:00,-1.07,1.6960887908935547,0.3905383622474661,0.20158590376377106,18.769793707786512
2024-12-16 13:00:00+00:00,-2.4,1.697137475013733,0.24452602046459895,0.20482312142848969,9.526996841162296
2024-12-16 14:00:00+00:00,-1.14,1.69562566280365,0.14212863999722627,0.20746959745883942,9.854626307094808
2024-12-16 15:00:00+00:00,2.36,1.6971473693847656,0.112564733105468,0.20868641138076782,14.843741304800298
2024-12-16 16:00:00+00:00,0.76,1.7016215324401855,0.20334261649738364,0.21189722418785095,8.841481121019847
2024-12-16 17:00:00+00:00,-1.61,1.7030390501022339,0.2137239489363826,0.2138330489397049,8.425013118245602
2024-12-16 18:00:00+00:00,-5.23,1.7092883586883545,0.18842121899378678,0.21352671086788177,13.631531381919372
2024-12-17 10:00:00+00:00,-2.64,1.7131940126419067,0.931945908585026,0.21521270275115967,8.802164740111358
2024-12-17 11:00:00+00:00,4.19,1.7204890251159668,0.35019820379598154,0.21657656133174896,10.627564137949136
2024-12-17 12:00:00+00:00,-2.72,1.7241884469985962,0.5052488395024743,0.21765023469924927,11.749465013731355
2024-12-17 13:00:00+00:00,-4.1,1.7200005054473877,-0.22561609160165108,0.21654458343982697,12.891900298801765
2024-12-17 14:00:00+00:00,-0.68,1.720660924911499,0.2767786135851972,0.21393157541751862,15.692035477828504
2024-12-17 15:00:00+00:00,-2.43,1.716009497642517,-0.3708035023760571,0.21083544194698334,13.116793516496864
2024-12-17 16:00:00+00:00,1.55,1.709957242012024,0.36954526444145264,0.2042684406042099,7.708074705989095
2024-12-17 17:00:00+00:00,-1.75,1.7014505863189697,0.23269539323353947,0.1909935176372528,5.49156472156262
2024-12-17 18:00:00+00:00,4.42,1.697828769683838,-0.03664675086885552,0.1823066622018814,10.652437034167033
2024-12-18 10:00:00+00:00,-2.2,1.6965625286102295,0.5959358130195287,0.1729825735092163,11.865360611225217
2024-12-18 11:00:00+00:00,1.25,1.6890742778778076,0.2856101795430196,0.1585436314344406,13.863919905922081
2024-12-18 12:00:00+00:00,-0.53,1.6767637729644775,-0.3139010190287539,0.14613178372383118,11.55639290764648
2024-12-18 13:00:00+00:00,0.51,1.6605749130249023,-0.09184047318068289,0.13521167635917664,9.10250952225224
2024-12-18 14:00:00+00:00,-0.11,1.639280080795288,-0.12132739576857077,0.12777043879032135,11.7825174743294
2024-12-18 15:00:00+00:00,-0.06,1.6169928312301636,-0.11043989842013935,0.12156348675489426,9.421197178447832
2024-12-18 16:00:00+00:00,6.39,1.608330488204956,-0.3109734540624096,0.11252418160438538,10.868848654827529
2024-12-18 17:00:00+00:00,1.77,1.6060189008712769,-0.4935340374413115,0.10157302767038345,9.88261436983529
2024-12-18 18:00:00+00:00,4.0,1.5997084379196167,-1.1734819801617287,0.09234969317913055,10.46943950220815
2024-12-19 10:00:00+00:00,6.83,1.5873432159423828,-0.5302850172230007,0.08548210561275482,11.464383072708808
2024-12-19 11:00:00+00:00,2.24,1.5899291038513184,-1.1039464429186008,0.07709395885467529,11.174044491070097
2024-12-19 12:00:00+00:00,-1.9,1.6095170974731445,-0.47290276654160635,0.07047359645366669,13.386518483131903
2024-12-19 13:00:00+00:00,-2.14,1.6258225440979004,-0.677566459375107,0.06008419767022133,14.599415383957494
2024-12-19 14:00:00+00:00,3.0,1.6426022052764893,-0.9633764204815225,0.0512947253882885,12.9737983279594
2024-12-19 15:00:00+00:00,-4.93,1.6845195293426514,-0.14313934430928477,0.04594137519598007,11.43513720030674
2024-12-19 16:00:00+00:00,-7.78,1.6985102891921997,-0.08244304339045172,0.039006307721138,10.689617812355507
2024-12-19 17:00:00+00:00,-1.76,1.7087031602859497,0.5381386032380457,0.03273114189505577,14.370136947560866
2024-12-19 18:00:00+00:00,1.68,1.68791663646698,0.28849897124934715,0.02871858887374401,9.671769550750062
2024-12-20 10:00:00+00:00,2.68,1.6682453155517578,0.5341795777771966,0.02638775296509266,11.025508252317945
2024-12-20 11:00:00+00:00,4.51,1.6344645023345947,0.16894733105740356,0.019902348518371582,15.538912743769801
2024-12-20 12:00:00+00:00,30.35,1.5857537984848022,0.40088062557345605,0.01828048564493656,10.04654293772903
2024-12-20 13:00:00+00:00,7.6,1.5476350784301758,-0.7609396810278963,0.011442451737821102,8.434358344218623
2024-12-20 14:00:00+00:00,7.48,1.524152159690857,-0.5040390717684862,0.011084805242717266,12.158121770442627
2024-12-20 15:00:00+00:00,5.75,1.516763687133789,-0.5228767095383848,0.008271779865026474,12.798889308979298
2024-12-20 16:00:00+00:00,12.7,1.5086792707443237,-0.44046766833245643,0.01624521054327488,11.52718751241855
2024-12-20 17:00:00+00:00,3.31,1.5052388906478882,-1.118988492539759,0.025732502341270447,16.02761596889605
2024-12-20 18:00:00+00:00,23.34,1.5063155889511108,-0.5594858454657807,0.03512945398688316,17.798323920994935
2024-12-23 10:00:00+00:00,-0.2,1.5063648223876953,-0.8257943264893679,0.04980800673365593,22.05479504505629
2024-12-23 11:00:00+00:00,-5.82,1.5078494548797607,-0.4258209804296227,0.061521291732788086,27.743450971529427
2024-12-23 12:00:00+00:00,2.01,1.510085940361023,-0.44212997769696205,0.0732254683971405,25.37440945489024
2024-12-23 13:00:00+00:00,0.07,1.5151022672653198,-0.660661358194349,0.08138887584209442,23.918865718947814
2024-12-23 14:00:00+00:00,1.61,1.516907811164856,-0.5764519557441279,0.07700789719820023,18.43213968690896
2024-12-23 15:00:00+00:00,3.62,1.517974615097046,-0.852759789330878,0.0742168053984642,15.43469980519596
2024-12-23 16:00:00+00:00,3.88,1.513285756111145,-0.6151111837966508,0.06873760372400284,12.000568303949473
2024-12-23 17:00:00+00:00,-2.81,1.5141470432281494,-0.9954585255129942,0.06539907306432724,13.800617573383267
2024-12-23 18:00:00+00:00,-4.32,1.511141061782837,-1.0352757483242883,0.06449399143457413,13.05668010298421
2024-12-24 10:00:00+00:00,5.99,1.4993648529052734,-0.45612861404325233,0.06981723010540009,14.459122981256666
2024-12-24 11:00:00+00:00,-1.03,1.4956858158111572,-0.32004114653123017,0.08387362211942673,10.333774248490275
2024-12-24 12:00:00+00:00,0.3,1.4944514036178589,-0.2591372105125629,0.09991919249296188,14.40784794309433
2024-12-24 13:00:00+00:00,2.01,1.492717981338501,-0.5791939151937271,0.10889046639204025,14.060752692037633
2024-12-24 14:00:00+00:00,-1.82,1.4941524267196655,-0.4429195088326102,0.12166609615087509,8.977792100519542
2024-12-24 15:00:00+00:00,-5.11,1.4918022155761719,0.33198642252188537,0.12248510867357254,11.067576617412561
2024-12-24 16:00:00+00:00,16.73,1.486061692237854,0.4510542400106501,0.11784723401069641,6.322560730990117
2024-12-24 17:00:00+00:00,-1.78,1.4828124046325684,-0.3027711685984277,0.11124936491250992,-1.1012016756450442
2024-12-24 18:00:00+00:00,-5.64,1.4823331832885742,-0.5440594733752435,0.10922766476869583,7.127539699877684
2024-12-25 10:00:00+00:00,4.46,1.4821091890335083,0.6252957333506391,0.10724852979183197,10.268457422005278
2024-12-25 11:00:00+00:00,5.19,1.477620244026184,0.11630735630031575,0.11061549186706543,6.814109517144505
2024-12-25 12:00:00+00:00,4.8,1.4745228290557861,0.05025880115385345,0.11603744328022003,9.89561557022468
2024-12-25 13:00:00+00:00,-0.8,1.4747949838638306,-0.7938962861916418,0.11703844368457794,10.852227037996194
2024-12-25 14:00:00+00:00,3.66,1.477825403213501,-0.5136427780899063,0.12712466716766357,3.2500533100438695
2024-12-25 15:00:00+00:00,5.69,1.482011079788208,-0.7155138877901445,0.13836951553821564,8.000866431559322
2024-12-25 16:00:00+00:00,-1.64,1.4906830787658691,-0.3797456019289239,0.14523041248321533,7.420203035930449
2024-12-25 17:00:00+00:00,-0.26,1.4997203350067139,-0.34842993336039596,0.15808412432670593,7.7650340472020165
2024-12-25 18:00:00+00:00,10.6,1.5050749778747559,-0.8557390885437829,0.17221951484680176,6.800033334573074
2024-12-26 10:00:00+00:00,-6.96,1.5102251768112183,-0.24857984263274224,0.1843692660331726,6.6454603862782
2024-12-26 11:00:00+00:00,5.41,1.5141029357910156,-0.04288893605424948,0.1935741901397705,6.232845777373863
2024-12-26 12:00:00+00:00,-0.47,1.520449161529541,-0.512805301466231,0.20282112061977386,7.870709288269011
2024-12-26 13:00:00+00:00,0.37,1.5248959064483643,-0.7493471896716077,0.2128904163837433,11.618895422609448
2024-12-26 14:00:00+00:00,2.24,1.5325759649276733,-0.5629870944102338,0.22645923495292664,6.5376002333531735
2024-12-26 15:00:00+00:00,-1.05,1.5418726205825806,-0.4453170665772369,0.2435808926820755,6.582479393180519
2024-12-26 16:00:00+00:00,3.07,1.554025650024414,-0.9157430085908616,0.25743988156318665,4.781291597790602
2024-12-26 17:00:00+00:00,0.84,1.5668624639511108,-1.07891964626771,0.2732565999031067,5.766796819015295
2024-12-26 18:00:00+00:00,-2.21,1.5746382474899292,-1.8294829620573603,0.2853214144706726,8.781371731646331
2024-12-27 10:00:00+00:00,0.04,1.5831931829452515,-0.37115883231250557,0.30167555809020996,9.012349797477087
2024-12-27 11:00:00+00:00,0.95,1.590154767036438,-0.6826264629184593,0.31949764490127563,0.4513831688807609
2024-12-27 12:00:00+00:00,-4.05,1.595694661140442,-0.7065923255874672,0.33331701159477234,-9.764489171102332
2024-12-27 13:00:00+00:00,1.99,1.598363995552063,0.3083720949912022,0.34775596857070923,-1.1495762088718675
2024-12-27 14:00:00+00:00,1.48,1.604758620262146,-0.020148419680852764,0.3604241609573364,-1.5037613829120717
2024-12-27 15:00:00+00:00,-0.58,1.6188260316848755,-0.3937186827193577,0.37541815638542175,4.839333402183816
2024-12-27 16:00:00+00:00,-12.1,1.6339999437332153,-0.25754890687856247,0.3881196081638336,5.350954644783663
2024-12-27 17:00:00+00:00,0.27,1.6484699249267578,1.0701907269473923,0.39800453186035156,3.0509927475557292
2024-12-27 18:00:00+00:00,7.91,1.6610149145126343,1.1049002898953306,0.40643954277038574,-5.970106913032829
2024-12-28 10:00:00+00:00,3.26,1.67606782913208,1.313090673712014,0.41421350836753845,-1.4806210235778063
2024-12-28 11:00:00+00:00,0.53,1.6914587020874023,0.22973267521087462,0.4198891818523407,5.893674017617664
2024-12-28 12:00:00+00:00,-1.59,1.7063374519348145,-0.1751889899298411,0.4247700273990631,7.682694838853656
2024-12-28 13:00:00+00:00,-0.39,1.719315528869629,-0.04692868803611083,0.426721453666687,2.474929712603177
2024-12-28 14:00:00+00:00,0.06,1.7310997247695923,-0.35571860150193013,0.4276966154575348,4.524253471507393
2024-12-28 15:00:00+00:00,-2.46,1.7370771169662476,0.5098857318011791,0.4235093295574188,3.409773067055434
2024-12-28 16:00:00+00:00,-8.98,1.7535982131958008,0.6632167668073149,0.42270517349243164,4.668168404210893
2024-12-28 17:00:00+00:00,0.93,1.771004319190979,1.1744573839229027,0.4202823340892792,12.088265129711282
2024-12-28 18:00:00+00:00,16.5,1.7868462800979614,0.4737388724328786,0.4181293845176697,8.077940103020492
2024-12-30 10:00:00+00:00,4.19,1.8061573505401611,-0.022440601509482128,0.42153558135032654,3.389467398377145
2024-12-30 11:00:00+00:00,0.79,1.8257628679275513,-0.9840124951576921,0.4253901243209839,6.533628413936176
2024-12-30 12:00:00+00:00,0.64,1.8515815734863281,-0.877718355436476,0.42887234687805176,5.632905602361828
2024-12-30 13:00:00+00:00,4.8,1.8781107664108276,-1.4696968324477064,0.4332810342311859,5.302562668874512
2024-12-30 14:00:00+00:00,-2.66,1.9057366847991943,-0.7237202958463327,0.43917736411094666,8.188367116140077
2024-12-30 15:00:00+00:00,-0.95,1.9317502975463867,-0.9565434595088884,0.4448889195919037,7.5463153443779225
2024-12-30 16:00:00+00:00,3.36,1.9580578804016113,-1.2546722696265051,0.45117059350013733,-0.02330884095273597
2024-12-30 17:00:00+00:00,3.19,1.9963407516479492,-1.3229648196521806,0.45414942502975464,2.2010008789147757
2024-12-30 18:00:00+00:00,-10.49,2.05880069732666,-1.3380150753003688,0.4568529725074768,2.642651113507465
2025-01-03 10:00:00+00:00,-0.7,2.1392760276794434,0.5542531244931407,0.4588979184627533,2.4876332486918677
2025-01-03 11:00:00+00:00,-7.14,2.219726324081421,0.584886987953079,0.46124956011772156,-2.9567921319593324
2025-01-03 12:00:00+00:00,0.57,2.3006184101104736,0.6836580376456886,0.4610461890697479,3.4526730726397945
2025-01-03 13:00:00+00:00,0.56,2.371826410293579,0.658226083378104,0.45935964584350586,-0.5272363176014047
2025-01-03 14:00:00+00:00,-0.96,2.432406187057495,0.6670591993544821,0.4612884223461151,-2.9888323186608288
2025-01-03 15:00:00+00:00,0.52,2.49452543258667,0.29821071262430254,0.4652145206928253,-2.962909145427333
2025-01-03 16:00:00+00:00,1.0,2.56770396232605,0.17180677115064638,0.4644430875778198,-2.6548086482431623
2025-01-03 17:00:00+00:00,-0.26,2.65861439704895,-0.11733757642755793,0.45981544256210327,-1.8772453475991862
2025-01-03 18:00:00+00:00,-6.88,2.7524781227111816,-0.08266579883738134,0.45701244473457336,0.6889315974745057
2025-01-06 10:00:00+00:00,4.08,2.849848985671997,1.1168734280937849,0.4496810734272003,2.039321079569384
2025-01-06 11:00:00+00:00,-4.65,2.9545578956604004,1.1487196494824508,0.4453168213367462,5.146528172744981
2025-01-06 12:00:00+00:00,0.56,3.042613983154297,0.7529268324963201,0.4429726004600525,11.532282192709769
2025-01-06 13:00:00+00:00,2.66,3.0922632217407227,0.4216817753687232,0.4424404203891754,7.653022437723698
2025-01-06 14:00:00+00:00,-0.96,3.114661455154419,0.34914715682255604,0.4308431148529053,6.777158447869717
2025-01-06 15:00:00+00:00,0.57,3.1270296573638916,0.12256377843276713,0.41488492488861084,6.594560178305474
2025-01-06 16:00:00+00:00,1.83,3.128972053527832,0.42910115696695106,0.4072834551334381,4.587992526518216
2025-01-06 17:00:00+00:00,-1.0,3.1274824142456055,0.3676729334369677,0.3993656039237976,6.489496531513097
2025-01-06 18:00:00+00:00,2.51,3.1447200775146484,0.5209520760186775,0.3858371078968048,10.957208898568108
2025-01-08 10:00:00+00:00,0.9,3.184711456298828,0.6299001247552833,0.3757542371749878,10.050011835487625
2025-01-08 11:00:00+00:00,0.55,3.2088799476623535,-0.23739526861189014,0.36277711391448975,10.885236352770214
2025-01-08 12:00:00+00:00,1.83,3.241860866546631,-0.10267633035195564,0.3427673280239105,10.573765320070262
2025-01-08 13:00:00+00:00,0.33,3.266341209411621,-0.7350038220431081,0.3233720660209656,11.639415034771948
2025-01-08 14:00:00+00:00,1.16,3.2741291522979736,-1.4402657682185338,0.3086037337779999,10.50578389230798
2025-01-08 15:00:00+00:00,2.2,3.272731304168701,-0.2104946496760391,0.30122458934783936,9.06899724068671
2025-01-08 16:00:00+00:00,-0.86,3.2697110176086426,-1.2773442590655626,0.29192689061164856,6.442880795305594
2025-01-08 17:00:00+00:00,-1.02,3.262573003768921,-0.40139849596963306,0.281167596578598,3.518922575121701
2025-01-08 18:00:00+00:00,-8.06,3.254504680633545,-0.46374058390340145,0.26846927404403687,6.4516394577051415
2025-01-09 10:00:00+00:00,-3.09,3.2481772899627686,1.4484853301869283,0.2582213282585144,9.69075678183335
2025-01-09 11:00:00+00:00,-4.58,3.243429660797119,1.2799116424371961,0.24870523810386658,10.099046858561245
2025-01-09 12:00:00+00:00,-0.53,3.230747699737549,1.9280396519342546,0.23563070595264435,10.709188793992803
2025-01-09 13:00:00+00:00,-3.83,3.2152388095855713,0.9822577387298356,0.22214089334011078,12.137886911522058
2025-01-09 14:00:00+00:00,-1.3,3.2052083015441895,1.372655635542007,0.2126777619123459,9.405649485205322
2025-01-09 15:00:00+00:00,5.97,3.194748878479004,2.3545585153848045,0.20213891565799713,4.607387440024272
2025-01-09 16:00:00+00:00,-7.33,3.1874420642852783,1.4620953288364693,0.19145378470420837,6.876382470113104
2025-01-09 17:00:00+00:00,-3.35,3.1773037910461426,1.916823083309219,0.18013662099838257,8.915049957630568
2025-01-09 18:00:00+00:00,-0.13,3.154585838317871,1.474123766979707,0.16355681419372559,6.0711090677113635
2025-01-10 10:00:00+00:00,-3.36,3.105574131011963,1.4461950234453629,0.15238985419273376,10.309862771436828
2025-01-10 11:00:00+00:00,-4.76,3.0588626861572266,1.476157026243945,0.13564608991146088,9.717138965585248
2025-01-10 12:00:00+00:00,18.29,3.021402359008789,2.6574525431686236,0.11789853870868683,12.065140353094282
2025-01-10 13:00:00+00:00,-0.2,2.9772794246673584,1.1040863015774929,0.11682318150997162,10.24237519373781
2025-01-10 14:00:00+00:00,2.83,2.9412155151367188,0.9143153269668307,0.1191774383187294,10.1041984088215
2025-01-10 15:00:00+00:00,1.27,2.9085683822631836,0.6159730501322023,0.1146509125828743,8.881743054271258
2025-01-10 16:00:00+00:00,10.09,2.868227243423462,0.3604165803229703,0.11465109884738922,5.8863293552905676
2025-01-10 17:00:00+00:00,-4.97,2.829280376434326,-0.15918995224061683,0.11827756464481354,4.940406503701822
2025-01-10 18:00:00+00:00,10.63,2.7899169921875,0.1511647317325575,0.12154471129179001,11.51804027334962
2025-01-13 10:00:00+00:00,4.16,2.764009714126587,-0.17071384000016399,0.128417506814003,10.527324145681296
2025-01-13 11:00:00+00:00,1.77,2.74120831489563,-0.289966989412201,0.13566653430461884,11.387280597947818
2025-01-13 12:00:00+00:00,-6.28,2.72583270072937,-0.2528764073669876,0.14100167155265808,11.58092044180841
2025-01-13 13:00:00+00:00,-4.0,2.7073252201080322,-0.16182488588677657,0.1487460881471634,8.370164298074812
2025-01-13 14:00:00+00:00,1.55,2.703660488128662,-0.027464801438581515,0.15742552280426025,4.085669481873807
2025-01-13 15:00:00+00:00,0.76,2.6981759071350098,-0.01779869727352898,0.1678052544593811,4.1045557143123785
2025-01-13 16:00:00+00:00,4.4,2.691528081893921,-0.5785232840731814,0.17671741545200348,6.763523174234703
2025-01-13 17:00:00+00:00,-7.0,2.6943769454956055,-0.33686706679648193,0.18431833386421204,4.861112022558156
2025-01-13 18:00:00+00:00,-8.78,2.6868808269500732,0.4788231888498035,0.18502822518348694,6.435222347685219
2025-01-14 10:00:00+00:00,7.32,2.6717302799224854,1.4843974177002297,0.19037991762161255,3.5157076648945362
2025-01-14 11:00:00+00:00,-0.08,2.667114496231079,1.21565856357379,0.19502373039722443,0.6667986906189927
2025-01-14 12:00:00+00:00,4.18,2.661280632019043,0.6811275711846044,0.19917605817317963,5.704365372078747
2025-01-14 13:00:00+00:00,-2.95,2.6573731899261475,1.2264425033946618,0.2039957344532013,3.1995112897691067
2025-01-14 14:00:00+00:00,1.36,2.6580986976623535,0.7934317821442985,0.21021272242069244,2.4491912179453514
2025-01-14 15:00:00+00:00,0.23,2.654881238937378,0.5632762116000061,0.21511586010456085,6.2057744029037565
2025-01-14 16:00:00+00:00,-6.74,2.6365199089050293,0.49465162784497413,0.22162654995918274,3.0946036320392563
2025-01-14 17:00:00+00:00,-2.75,2.6185061931610107,1.588822443930956,0.22988401353359222,2.001444422647719
2025-01-14 18:00:00+00:00,-0.46,2.5990705490112305,0.6165632486740615,0.24503062665462494,5.948387954009116
2025-01-15 10:00:00+00:00,-1.74,2.5847692489624023,1.925160537612586,0.25331559777259827,6.472153360285648
2025-01-15 11:00:00+00:00,-3.08,2.5671160221099854,1.7705343428831273,0.2647641897201538,4.722442437083305
2025-01-15 12:00:00+00:00,1.48,2.555082082748413,1.5924955344807583,0.27639010548591614,6.8545673542615075
2025-01-15 13:00:00+00:00,-0.03,2.5502195358276367,1.1965136268485188,0.286424458026886,6.4181358579083865
2025-01-15 14:00:00+00:00,2.38,2.544240951538086,1.1852181601080856,0.29518604278564453,0.5984204396848045
2025-01-15 15:00:00+00:00,-1.46,2.537533760070801,0.5323046388175339,0.3035513460636139,6.321131827005093
2025-01-15 16:00:00+00:00,4.68,2.526418685913086,1.3751904612172652,0.3102826774120331,6.446011914196473
2025-01-15 17:00:00+00:00,-1.51,2.515517473220825,-0.20471328158066043,0.316055566072464,5.373955677829746
2025-01-15 18:00:00+00:00,17.96,2.5067784786224365,0.4216937661084869,0.3220284879207611,7.791128402899067
2025-01-16 10:00:00+00:00,3.74,2.4980106353759766,0.5734679442995929,0.3269938826560974,7.498573914444452
2025-01-16 11:00:00+00:00,0.8,2.4864604473114014,-0.048329969972596254,0.33603358268737793,6.339886321140917
2025-01-16 12:00:00+00:00,0.8,2.475562334060669,0.19705021200713824,0.34466299414634705,6.0439298728325035
2025-01-16 13:00:00+00:00,2.08,2.468017339706421,-0.18621626139962572,0.3515281677246094,9.572947901193523
2025-01-16 14:00:00+00:00,-1.6,2.450653553009033,-0.3837132859298933,0.36038827896118164,6.3931829613295035
2025-01-16 15:00:00+00:00,-4.0,2.423448324203491,0.177732923395597,0.3723064064979553,6.987025674414065
2025-01-16 16:00:00+00:00,1.88,2.407238721847534,0.6985383878696273,0.38173550367355347,6.071522042779924
2025-01-16 17:00:00+00:00,3.04,2.3855249881744385,0.4766334569908085,0.3891347348690033,4.008785618087463
2025-01-16 18:00:00+00:00,-0.16,2.3591136932373047,-0.10681282658035124,0.3969568908214569,5.68668112616681
2025-01-17 10:00:00+00:00,3.29,2.344892978668213,0.5736671047509525,0.40792569518089294,7.687587396302759
2025-01-17 11:00:00+00:00,0.08,2.334230661392212,0.43797029226535306,0.4182911217212677,7.203937988990899
2025-01-17 12:00:00+00:00,2.11,2.321256160736084,0.313155846032577,0.42819663882255554,3.6261497204384456
2025-01-17 13:00:00+00:00,0.75,2.3058247566223145,0.6745778418826252,0.4380921423435211,2.9314595905399496
2025-01-17 14:00:00+00:00,0.5,2.27895450592041,0.45468288197155554,0.4486936628818512,3.412056168897581
2025-01-17 15:00:00+00:00,4.21,2.2467763423919678,0.22301051497079966,0.45988255739212036,7.399020080918891
2025-01-17 16:00:00+00:00,0.32,2.223299980163574,0.7260963960409448,0.46566900610923767,5.031505479755252
2025-01-17 17:00:00+00:00,-0.9,2.2091662883758545,0.7465233143651326,0.4602625072002411,6.96185656045032
2025-01-17 18:00:00+00:00,9.24,2.1937379837036133,0.28220464081727586,0.44483834505081177,3.288603877963086
2025-01-20 10:00:00+00:00,-3.03,2.1858091354370117,0.9074034790281094,0.4357271194458008,5.332354069084695
2025-01-20 11:00:00+00:00,-9.87,2.1847617626190186,1.5321262286367152,0.42945027351379395,6.829190388233157
2025-01-20 12:00:00+00:00,0.9,2.1810405254364014,1.7711578431162283,0.41880008578300476,9.50858629579072
2025-01-20 13:00:00+00:00,3.8,2.1763365268707275,2.166312992753387,0.40681853890419006,6.219112824445086
2025-01-20 14:00:00+00:00,-0.1,2.167733907699585,1.7394725060021485,0.4027766287326813,4.490456668078461
2025-01-20 15:00:00+00:00,1.53,2.164226531982422,1.081134213376031,0.40044859051704407,7.540866625327043
2025-01-20 16:00:00+00:00,-6.35,2.1586062908172607,1.091192546172352,0.400112509727478,2.6967002923016663
2025-01-20 17:00:00+00:00,3.0,2.1487414836883545,1.7100606111883598,0.39856573939323425,5.836802481563758
2025-01-20 18:00:00+00:00,-1.58,2.1418049335479736,1.8546352087455,0.4004320502281189,8.083366232708425
2025-01-21 10:00:00+00:00,-3.46,2.1376447677612305,1.6372461422164117,0.40285786986351013,5.229647538753887
2025-01-21 11:00:00+00:00,-3.11,2.132486581802368,1.5446595775609295,0.40471988916397095,6.010168454074206
2025-01-21 12:00:00+00:00,0.71,2.135127305984497,0.9918375129294583,0.40826550126075745,4.8995932923847745
2025-01-21 13:00:00+00:00,-5.76,2.1317079067230225,0.6007609116813639,0.41068220138549805,8.523555105510871
2025-01-21 14:00:00+00:00,2.45,2.1237993240356445,1.7715489494282883,0.41168412566185,7.393738637802959
2025-01-21 15:00:00+00:00,3.74,2.1178905963897705,0.7306861389956479,0.41640380024909973,6.150784409774781
2025-01-21 16:00:00+00:00,24.22,2.1142098903656006,0.8162549024855468,0.42110878229141235,7.803353174361053
2025-01-21 17:00:00+00:00,2.8,2.119748830795288,0.507559614629427,0.4303427040576935,3.535562683785927
2025-01-21 18:00:00+00:00,-2.05,2.1222832202911377,0.3756231767904989,0.43902233242988586,8.648135179576233
2025-01-22 10:00:00+00:00,4.97,2.114684581756592,1.0479469995218698,0.4447218179702759,8.283630023913485
2025-01-22 11:00:00+00:00,3.34,2.1075363159179688,0.33339949229222887,0.45470041036605835,5.716212342295685
2025-01-22 12:00:00+00:00,-0.39,2.1040866374969482,-0.10513513459957749,0.46269500255584717,10.539772589200089
2025-01-22 13:00:00+00:00,3.64,2.1017303466796875,0.2547126973003435,0.46724626421928406,10.19607031911436
2025-01-22 14:00:00+00:00,-4.14,2.098022222518921,0.7884465639645093,0.4699999988079071,6.1730158796928345
2025-01-22 15:00:00+00:00,0.77,2.093329906463623,0.8884189938391139,0.474335253238678,10.411142735854115
2025-01-22 16:00:00+00:00,2.37,2.0955209732055664,-0.03598226139532004,0.4743531048297882,6.518687945643839
2025-01-22 17:00:00+00:00,19.15,2.0935561656951904,0.454878890105501,0.4786269962787628,4.137838915284416
2025-01-22 18:00:00+00:00,-9.85,2.0919077396392822,0.5828601548718184,0.4789772033691406,-1.3836967720183793
2025-01-23 10:00:00+00:00,-2.73,2.092970609664917,0.9763884577933387,0.477606862783432,3.1496046476157935
2025-01-23 11:00:00+00:00,-4.71,2.091008186340332,1.1067847045553783,0.47704437375068665,0.0912743867706957
2025-01-23 12:00:00+00:00,2.39,2.0934157371520996,0.9056944572910662,0.47872811555862427,3.201998007135517
2025-01-23 13:00:00+00:00,3.37,2.0971107482910156,0.3903108838199453,0.47769051790237427,7.081556708787482
2025-01-23 14:00:00+00:00,-2.91,2.104583501815796,0.6240632893378971,0.4808375835418701,4.529648092256892
2025-01-23 15:00:00+00:00,1.26,2.1158065795898438,0.6518415395907825,0.5070717930793762,3.57999378649064
2025-01-23 16:00:00+00:00,-8.78,2.1170010566711426,0.4408246517133872,0.5449647903442383,0.41295807425644926
2025-01-23 17:00:00+00:00,-0.68,2.1196792125701904,1.8546525178089062,0.5865303874015808,2.3580606131638286
2025-01-23 18:00:00+00:00,8.0,2.1218886375427246,0.05662290131368822,0.6364759802818298,2.499304579879451
2025-01-24 10:00:00+00:00,1.24,2.126237154006958,1.2044714657513054,0.652802586555481,2.1571298447814975
2025-01-24 11:00:00+00:00,1.88,2.1202075481414795,1.3532138551570434,0.6607914566993713,4.072193958016358
2025-01-24 12:00:00+00:00,-0.22,2.114999771118164,1.1800030696646648,0.6866484880447388,0.9641697383122785
2025-01-24 13:00:00+00:00,2.33,2.1108527183532715,0.9896815333244773,0.69389808177948,4.404542367500791
2025-01-24 14:00:00+00:00,-0.76,2.1036453247070312,0.17865703582576367,0.6981247663497925,5.610101576133433
2025-01-24 15:00:00+00:00,-7.71,2.096292495727539,0.5733490323388223,0.6991151571273804,5.946141872449557
2025-01-24 16:00:00+00:00,9.87,2.0887582302093506,1.0180397469445461,0.7004587650299072,6.923523738294709
2025-01-24 17:00:00+00:00,0.26,2.0845584869384766,1.391533082114419,0.6990275979042053,4.986898429820135
2025-01-24 18:00:00+00:00,-0.57,2.0772533416748047,0.3442015068775627,0.6983422636985779,3.18646680573858
2025-01-27 09:00:00+00:00,-3.36,2.0716254711151123,0.082418311910847,0.6965581178665161,5.923822939907296
2025-01-27 10:00:00+00:00,-7.77,2.0707132816314697,1.195981567815637,0.6944722533226013,9.893770991149127
2025-01-27 11:00:00+00:00,2.67,2.064425230026245,1.137977278133551,0.6912068128585815,7.528179797919008
2025-01-27 12:00:00+00:00,0.46,2.057939291000366,1.133430390833225,0.6887475252151489,2.3184123150097085
2025-01-27 13:00:00+00:00,-3.58,2.058342695236206,0.6490330964689398,0.6885136961936951,4.188430519010734
2025-01-27 14:00:00+00:00,3.55,2.0621068477630615,0.45923223912974676,0.6879991292953491,2.672376053494994
2025-01-27 15:00:00+00:00,-6.56,2.0650570392608643,0.26427329313006065,0.6853896379470825,6.949649898475944
2025-01-27 16:00:00+00:00,7.81,2.077014207839966,0.15709302316292056,0.6812882423400879,4.259272743778826
2025-01-27 17:00:00+00:00,0.02,2.1024534702301025,1.0731249728922032,0.6748746037483215,-0.129355298047206
2025-01-27 18:00:00+00:00,-2.59,2.1155595779418945,0.24648974761929976,0.6705774664878845,-0.20690448192569377
2025-01-28 09:00:00+00:00,-0.34,2.1243233680725098,0.4024416517390891,0.6643164157867432,4.020737337855536
2025-01-28 10:00:00+00:00,-1.23,2.136049509048462,1.2671420065956744,0.6535937190055847,8.43681065705384
2025-01-28 11:00:00+00:00,-0.83,2.1351168155670166,0.3373839096640968,0.6316951513290405,7.9700891558808635
2025-01-28 12:00:00+00:00,3.62,2.1344141960144043,0.4294605307291798,0.6230263113975525,2.703902396403002
2025-01-28 13:00:00+00:00,6.97,2.1233742237091064,0.3649149244764609,0.616762101650238,0.11284584874506004
2025-01-28 14:00:00+00:00,3.81,2.104900360107422,0.4503470721168831,0.6272687911987305,-3.9017528412344515
2025-01-28 15:00:00+00:00,0.24,2.0877845287323,0.14175202206330925,0.6308397054672241,4.2457352220236695
2025-01-28 16:00:00+00:00,1.5,2.074100971221924,0.6137093738441013,0.6340036988258362,3.1790004262830163
2025-01-28 17:00:00+00:00,-6.08,2.0672948360443115,-0.6354365099276837,0.6285637021064758,2.066198401364517
2025-01-28 18:00:00+00:00,1.0,2.0644752979278564,0.6902778479801922,0.6335659027099609,5.9215994080479515
2025-01-29 09:00:00+00:00,-1.11,2.0622360706329346,-0.005265673402908733,0.6304188370704651,-0.6506605454110495
2025-01-29 10:00:00+00:00,4.63,2.054752826690674,0.6648043656789544,0.6288235783576965,4.494456134640365
2025-01-29 11:00:00+00:00,1.97,2.0423192977905273,0.4349502247466517,0.6224108338356018,2.445582715448275
2025-01-29 12:00:00+00:00,-1.14,2.039130687713623,0.12506354024766958,0.61390221118927,4.130174822154162
2025-01-29 13:00:00+00:00,-2.78,2.027597427368164,-0.37253208296411866,0.6006293892860413,6.7977788971873645
2025-01-29 14:00:00+00:00,-1.16,2.0243804454803467,0.04628502523704561,0.5920670628547668,-3.1260058908703767
2025-01-29 15:00:00+00:00,-2.03,2.029808521270752,0.2907472017076594,0.5784532427787781,3.6696971568443986
2025-01-29 16:00:00+00:00,4.15,2.045548439025879,0.32829280475639583,0.5637096166610718,3.243375611037314
2025-01-29 17:00:00+00:00,2.04,2.0648555755615234,0.667228336106175,0.550849974155426,3.3617823870075902
2025-01-29 18:00:00+00:00,-0.12,2.07848858833313,0.027406662780353586,0.5379483103752136,4.979758828413517
2025-01-30 09:00:00+00:00,0.07,2.0822207927703857,0.12555369729304922,0.5256664156913757,3.8047129825866097
2025-01-30 10:00:00+00:00,-0.74,2.072345495223999,0.6685973686624519,0.5123829245567322,6.659834650862394
2025-01-30 11:00:00+00:00,-0.19,2.060634136199951,0.8661555941427621,0.5069345831871033,1.7448057219394804
2025-01-30 12:00:00+00:00,0.9,2.058400869369507,0.7011784421776712,0.5000967383384705,8.564117040119925
2025-01-30 13:00:00+00:00,0.2,2.0610926151275635,0.2169419418821057,0.49754229187965393,7.964157456124038
2025-01-30 14:00:00+00:00,0.34,2.069889545440674,0.6570352678086868,0.4973919093608856,4.209552648855901
2025-01-30 15:00:00+00:00,0.78,2.0810861587524414,0.3702693837834864,0.4935009181499481,3.4987876821591075
2025-01-30 16:00:00+00:00,2.6,2.0792181491851807,-0.14372360149815339,0.48909056186676025,0.779804850949836
2025-01-30 17:00:00+00:00,1.62,2.086712598800659,-0.7853140783722501,0.4867539703845978,4.6508661596249645
2025-01-30 18:00:00+00:00,5.76,2.094707727432251,-0.9013379591046193,0.4819566011428833,6.245130161400233
2025-01-31 09:00:00+00:00,0.04,2.082507371902466,-1.5983801494739573,0.48247188329696655,6.047306643057308
2025-01-31 10:00:00+00:00,-4.25,2.0718088150024414,0.31318113962776206,0.48528528213500977,8.998018298863665
2025-01-31 11:00:00+00:00,1.64,2.0609896183013916,0.9281203485516263,0.47417837381362915,0.992671691504652
2025-01-31 12:00:00+00:00,-0.52,2.046722888946533,0.2491320809526622,0.4647977650165558,2.7275203415529914
2025-01-31 13:00:00+00:00,1.44,2.03568696975708,0.299763888857556,0.45385870337486267,2.3065660916119533
2025-01-31 14:00:00+00:00,-6.77,2.039607524871826,0.4141580529729883,0.44733890891075134,3.926705535589029
2025-01-31 15:00:00+00:00,-1.64,2.0505993366241455,1.358978029301214,0.4417189955711365,5.1569717962794055
2025-01-31 16:00:00+00:00,-0.26,2.063227891921997,1.3467184232423612,0.4364500343799591,3.6870757039293856
2025-01-31 17:00:00+00:00,0.22,2.074594020843506,1.3092874204707794,0.4272850751876831,3.0295270960729894
2025-01-31 18:00:00+00:00,-5.54,2.091240167617798,0.8213060712750878,0.41695383191108704,2.639975321065724
2025-02-03 09:00:00+00:00,2.92,2.1221578121185303,1.359425359703825,0.4109567701816559,1.2683164320157365
2025-02-03 10:00:00+00:00,-2.55,2.130204916000366,1.7032297640909921,0.40262532234191895,3.9410729722833984
2025-02-03 11:00:00+00:00,-0.06,2.1333656311035156,1.4761743576276265,0.3876323997974396,2.8971200074974597
2025-02-03 12:00:00+00:00,0.48,2.128394842147827,1.5108752756904171,0.37608733773231506,1.3475838248714367
2025-02-03 13:00:00+00:00,-1.6,2.14457106590271,0.5446616678573633,0.3681475520133972,2.569534317573538
2025-02-03 14:00:00+00:00,-2.85,2.156033515930176,0.8628949328711086,0.36613553762435913,4.488481323840986
2025-02-03 15:00:00+00:00,2.34,2.162750005722046,1.109605947116585,0.36482688784599304,3.8219462250311196
2025-02-03 16:00:00+00:00,-21.93,2.163054943084717,0.27039854397982116,0.36126473546028137,0.9999109406982859
2025-02-03 17:00:00+00:00,1.62,2.158470869064331,2.7332521405321173,0.3592590093612671,7.753928919929359
2025-02-03 18:00:00+00:00,5.54,2.1604294776916504,1.5512871500874015,0.35804665088653564,1.8368061515733485
2025-02-04 09:00:00+00:00,0.11,2.163270950317383,1.1651338601409016,0.3571819067001343,3.1249280083496567
2025-02-04 10:00:00+00:00,-3.81,2.1573009490966797,1.34506522391389,0.3546908497810364,7.063420912409028
2025-02-04 11:00:00+00:00,-1.01,2.1566524505615234,0.9592468112761751,0.3530687987804413,2.091331630422204
2025-02-04 12:00:00+00:00,-1.0,2.1482040882110596,0.7690069010458619,0.34876346588134766,6.261768867843746
2025-02-04 13:00:00+00:00,0.06,2.147301435470581,0.9663447744897866,0.34506136178970337,5.675070310424036
2025-02-04 14:00:00+00:00,-0.29,2.17155122756958,0.4604667813075062,0.34007659554481506,5.706558057104247
2025-02-04 15:00:00+00:00,-1.2,2.192965507507324,0.660763656478826,0.33494165539741516,5.195698443670649
2025-02-04 16:00:00+00:00,11.34,2.2075273990631104,0.5448585009886895,0.32724055647850037,6.4650876587842445
2025-02-04 17:00:00+00:00,0.75,2.2187845706939697,0.7686680209346023,0.3212587237358093,5.771814212711091
2025-02-04 18:00:00+00:00,-3.78,2.217158079147339,0.05230507426956141,0.3167344331741333,8.612206104275495
2025-02-05 09:00:00+00:00,1.69,2.2124929428100586,0.016310896683482068,0.3089126944541931,7.539879680978038
2025-02-05 10:00:00+00:00,-6.01,2.2199716567993164,0.5183679699274258,0.3025127947330475,6.734697562660211
2025-02-05 11:00:00+00:00,8.32,2.24272084236145,0.6170201151040248,0.29611101746559143,7.640306494361779
2025-02-05 12:00:00+00:00,-3.07,2.2598259449005127,-0.8123798791169314,0.2928944528102875,5.659802793979535
2025-02-05 13:00:00+00:00,-0.6,2.2726900577545166,0.2934023763598891,0.285862535238266,8.369563440852327
2025-02-05 14:00:00+00:00,0.56,2.264216899871826,-0.06525294827206432,0.2773028016090393,7.339992606294317
2025-02-05 15:00:00+00:00,0.41,2.251569986343384,0.12443460071848764,0.26987162232398987,4.1370085933199885
2025-02-05 16:00:00+00:00,10.71,2.2309987545013428,-0.07261822918305674,0.26593005657196045,6.267569169821464
2025-02-05 17:00:00+00:00,0.45,2.2183640003204346,-0.24142704066929288,0.26591426134109497,3.935938690403128
2025-02-05 18:00:00+00:00,9.93,2.2016777992248535,-0.24106603755419398,0.2665615379810333,5.285857755128918
2025-02-06 09:00:00+00:00,2.78,2.189674139022827,-1.5831417158486973,0.26357078552246094,8.854291889684253
2025-02-06 10:00:00+00:00,-3.01,2.1737465858459473,-0.32229971110250955,0.2611767649650574,6.904498593051123
2025-02-06 11:00:00+00:00,1.13,2.174445629119873,-0.14604776131813435,0.2582326829433441,5.441406886557217
2025-02-06 12:00:00+00:00,-2.76,2.1762397289276123,-0.45114355719800403,0.2570279538631439,6.81618797314466
2025-02-06 13:00:00+00:00,0.14,2.188000202178955,-0.6166255221559263,0.25491347908973694,6.659236822910438
2025-02-06 14:00:00+00:00,3.19,2.179309129714966,-0.36512462850923677,0.2514357268810272,4.81138310118496
2025-02-06 15:00:00+00:00,0.57,2.1719675064086914,-0.6222970715538494,0.2522988021373749,9.095902870627842
2025-02-06 16:00:00+00:00,14.25,2.1625778675079346,-1.1661566514309087,0.24825891852378845,5.768017679692196
2025-02-06 17:00:00+00:00,-2.24,2.16538667678833,-0.4201987361735813,0.24440492689609528,4.225746382419236
2025-02-06 18:00:00+00:00,4.63,2.154297351837158,-0.7945812114928363,0.24208617210388184,6.929071774838422
2025-02-07 09:00:00+00:00,-0.52,2.1431400775909424,-1.6923856238444779,0.2385026514530182,3.154535558393223
2025-02-07 10:00:00+00:00,-5.01,2.1383957862854004,-0.6568972015834331,0.23810504376888275,6.574973393744899
2025-02-07 11:00:00+00:00,-0.82,2.1268088817596436,-0.23498377945095006,0.23615489900112152,8.41093908237089
2025-02-07 12:00:00+00:00,2.57,2.1247005462646484,-0.16844203752812115,0.23909005522727966,4.013089344299421
2025-02-07 13:00:00+00:00,-2.54,2.1238467693328857,-0.9167249710567547,0.23204512894153595,5.265683764746483
2025-02-07 14:00:00+00:00,0.2,2.125836133956909,-0.2738262397166773,0.22665570676326752,4.047923683241876
2025-02-07 15:00:00+00:00,0.64,2.1340625286102295,-0.10356032699876652,0.22466839849948883,5.252367131388878
2025-02-07 16:00:00+00:00,-5.17,2.1316826343536377,0.20391019075192893,0.22383078932762146,3.06458207634401
2025-02-07 17:00:00+00:00,1.23,2.13071870803833,1.4975320683876525,0.22837424278259277,6.628518682074443
2025-02-07 18:00:00+00:00,8.85,2.119488000869751,0.3315443852171731,0.22854487597942352,0.8485730144395678
2025-02-10 09:00:00+00:00,-0.65,2.111649990081787,-0.47669939678247775,0.22770541906356812,3.034894076799698
2025-02-10 10:00:00+00:00,-3.0,2.108675956726074,0.03795970135509871,0.22864098846912384,3.161277018051115
2025-02-10 11:00:00+00:00,2.1,2.1059911251068115,0.5087514588706542,0.22496655583381653,3.9838061889393703
2025-02-10 12:00:00+00:00,1.13,2.108598470687866,-0.6115409244279211,0.23056435585021973,6.377598905739992
2025-02-10 13:00:00+00:00,4.68,2.1003870964050293,-0.7330800201870078,0.2321191132068634,5.958902064186885
2025-02-10 14:00:00+00:00,-0.52,2.0931427478790283,-1.1093500098543587,0.23180347681045532,2.3803482173845882
2025-02-10 15:00:00+00:00,2.9,2.080240249633789,-0.2873401355482903,0.22937653958797455,3.888745380785845
2025-02-10 16:00:00+00:00,5.44,2.068510055541992,-1.1767627097971645,0.22355790436267853,2.058329514186976
2025-02-10 17:00:00+00:00,-1.1,2.0575461387634277,-1.1059067674438425,0.2214096188545227,3.4678911721398973
2025-02-10 18:00:00+00:00,-3.74,2.0486202239990234,-0.5727982985618139,0.21761362254619598,5.960824562318161
2025-02-11 09:00:00+00:00,-0.39,2.0382938385009766,0.06169942143113715,0.21735858917236328,1.2325205226603586
2025-02-11 10:00:00+00:00,-4.36,2.038454055786133,0.6659378422253476,0.21648919582366943,2.1240642331024664
2025-02-11 11:00:00+00:00,4.12,2.033047914505005,1.3338900119358696,0.2103867083787918,3.8299905726135166
2025-02-11 12:00:00+00:00,3.86,2.027933359146118,0.4270912050480239,0.20853379368782043,4.547561083005107
2025-02-11 13:00:00+00:00,-1.11,2.022555351257324,0.5985074698485279,0.20868825912475586,6.153063346762375
2025-02-11 14:00:00+00:00,1.47,2.0136516094207764,0.6905626553699058,0.2080203741788864,6.498234254182427
2025-02-11 15:00:00+00:00,0.53,2.004020929336548,-0.17454836898150172,0.20574884116649628,4.075910126104467
2025-02-11 16:00:00+00:00,11.47,1.9931319952011108,0.10896462168873731,0.20367470383644104,4.5467090015546665
2025-02-11 17:00:00+00:00,0.03,1.9821631908416748,-0.38221944166123645,0.20852282643318176,3.0192957250510357
2025-02-11 18:00:00+00:00,8.11,1.9866321086883545,-0.9578453785791086,0.203802227973938,4.381846944782987
2025-02-12 09:00:00+00:00,0.55,1.9824520349502563,-1.0951509426719437,0.21225394308567047,5.736298562993283
2025-02-12 10:00:00+00:00,2.45,1.9747520685195923,0.1591172761435528,0.2190447598695755,6.719353030508407
2025-02-12 11:00:00+00:00,-1.18,1.9671598672866821,-0.604109536118655,0.21699053049087524,3.4935705534238854
2025-02-12 12:00:00+00:00,0.84,1.9620234966278076,0.11139268403891156,0.22533535957336426,8.115946907632722
2025-02-12 13:00:00+00:00,-2.66,1.9572880268096924,-0.31518888193454686,0.22636908292770386,6.7589791168275495
2025-02-12 14:00:00+00:00,-2.46,1.9589165449142456,0.09340298935059596,0.2285287082195282,5.2284499845966375
2025-02-12 15:00:00+00:00,3.07,1.9597656726837158,0.5073127961018294,0.23380139470100403,9.182033650262987
2025-02-12 16:00:00+00:00,-7.02,1.960780382156372,0.5994962252849748,0.24346843361854553,4.183041873158064
2025-02-12 17:00:00+00:00,19.36,1.959620714187622,1.2556112603204719,0.2520647644996643,5.641520360561321
2025-02-12 18:00:00+00:00,73.7,1.9495948553085327,0.11751466022166274,0.2631731927394867,4.171285786171306
2025-02-13 09:00:00+00:00,-21.21,1.9357892274856567,-1.4968093106472413,0.2674944996833801,-0.06690409388393029
2025-02-13 10:00:00+00:00,9.31,1.9196977615356445,0.7151112029093251,0.2730608880519867,10.929907454376211
2025-02-13 11:00:00+00:00,3.56,1.9035030603408813,0.02012770605968034,0.2733265161514282,-2.1535029957750567
2025-02-13 12:00:00+00:00,-7.1,1.8967816829681396,0.23966110299107748,0.2796291708946228,-0.8370195890958626
2025-02-13 13:00:00+00:00,-3.78,1.88596510887146,0.2903142566645442,0.28793999552726746,6.031153667451913
2025-02-13 14:00:00+00:00,7.74,1.8780338764190674,0.27167752213087465,0.28949642181396484,1.6325901080600482
2025-02-13 15:00:00+00:00,-3.23,1.8707935810089111,-0.46401668808898144,0.29417315125465393,1.2354120057510969
2025-02-13 16:00:00+00:00,4.56,1.8623120784759521,-0.4238995467211365,0.302615761756897,7.062362477113823
2025-02-13 17:00:00+00:00,32.79,1.8519577980041504,-1.2103954132562786,0.3111637830734253,5.939075298681998
2025-02-13 18:00:00+00:00,20.33,1.8429659605026245,-1.0467554781332538,0.32480767369270325,-3.5679275366997705
2025-02-14 09:00:00+00:00,2.56,1.8336433172225952,-2.1800605404567355,0.34356534481048584,0.9877628102669601
2025-02-14 10:00:00+00:00,0.64,1.8291879892349243,-2.527529787752019,0.36040183901786804,0.5677032441133635
2025-02-14 11:00:00+00:00,-0.6,1.8245465755462646,-1.804838313607406,0.3789842128753662,-9.086428671255304
2025-02-14 12:00:00+00:00,-21.14,1.819148063659668,-1.3859403281768599,0.40269485116004944,-4.5170290259742
2025-02-14 13:00:00+00:00,3.69,1.8103774785995483,-1.0583941945307977,0.4249001443386078,-4.202500821697193
2025-02-14 14:00:00+00:00,-3.5,1.8028448820114136,-1.0038408611080971,0.44481903314590454,-8.394634242046624
2025-02-14 15:00:00+00:00,-17.98,1.7948442697525024,-0.5481289499339622,0.4645274877548218,-7.7658541273459845
2025-02-14 16:00:00+00:00,13.68,1.7842851877212524,-0.20921437324674524,0.4796516001224518,-1.1588093680334197
2025-02-14 17:00:00+00:00,3.52,1.7731366157531738,-0.48835755265567604,0.5003172159194946,-6.769238277918802
2025-02-14 18:00:00+00:00,26.69,1.7624752521514893,-0.2712047217298409,0.5207671523094177,-12.01650560412532
2025-02-17 09:00:00+00:00,-1.15,1.7549853324890137,-2.0701281325721297,0.5348410606384277,-4.587224736079644
2025-02-17 10:00:00+00:00,-1.5,1.7437337636947632,-1.5894269065460938,0.5516002178192139,-18.12313306276932
2025-02-17 11:00:00+00:00,6.75,1.7312235832214355,-1.278261477537065,0.5652850270271301,-21.430215347561216
2025-02-17 12:00:00+00:00,1.84,1.7138220071792603,-2.028685682032922,0.579736590385437,-4.741400948299199
2025-02-17 13:00:00+00:00,-3.36,1.6887112855911255,-1.0694307109381491,0.5994436144828796,-11.753145089469438
2025-02-17 14:00:00+00:00,7.04,1.6599568128585815,-0.7373937000370957,0.6203367114067078,-4.239357441202792
2025-02-17 15:00:00+00:00,1.74,1.6335428953170776,-1.1259516432554737,0.6460292339324951,3.898281807972488
2025-02-17 16:00:00+00:00,-11.66,1.6036524772644043,-1.025925241593954,0.6755168437957764,-8.004157022545268
2025-02-17 17:00:00+00:00,2.46,1.5706932544708252,-1.1326072018685704,0.7082203030586243,-16.685216377382783
2025-02-17 18:00:00+00:00,-0.3,1.5493816137313843,-1.3109459348234256,0.7301610708236694,-8.12948931959438
2025-02-18 09:00:00+00:00,1.75,1.5280383825302124,-0.12805505356077487,0.7548295259475708,-7.356522082479542
2025-02-18 10:00:00+00:00,-14.73,1.506090521812439,-1.0857320439955669,0.7794651389122009,-13.789538818063814
2025-02-18 11:00:00+00:00,7.38,1.4866629838943481,-0.8344265939281661,0.8065701723098755,-9.663704718455218
2025-02-18 12:00:00+00:00,2.5,1.4758812189102173,0.13823327550427847,0.8231505155563354,-11.582872253083666
2025-02-18 13:00:00+00:00,9.3,1.4693387746810913,0.479048407965486,0.8318145275115967,-15.222301649352554
2025-02-18 14:00:00+00:00,-19.58,1.457275152206421,-0.21181005172801814,0.8408995866775513,-1.069686168415181
2025-02-18 15:00:00+00:00,0.78,1.4427134990692139,1.08165482458911,0.851061999797821,1.2553740505250819
2025-02-18 16:00:00+00:00,-2.28,1.4255247116088867,1.2041845706219316,0.8579747676849365,-16.587133710247482
2025-02-18 17:00:00+00:00,-0.76,1.415216326713562,0.2904040436870523,0.8661656975746155,-7.778986443762432
2025-02-18 18:00:00+00:00,4.7,1.4126853942871094,0.7761014190785762,0.8713039755821228,-8.671714515883755
2025-02-19 09:00:00+00:00,-8.69,1.4064488410949707,0.8747315502168075,0.8735260367393494,-12.148650717809588
2025-02-19 10:00:00+00:00,-5.64,1.4063671827316284,-0.024904014118259182,0.8792123198509216,-3.5330462536983207
2025-02-19 11:00:00+00:00,2.98,1.3980515003204346,0.18084903130159952,0.8864526152610779,-9.994268420071606
2025-02-19 12:00:00+00:00,4.83,1.3854451179504395,0.2831075460025547,0.8948208689689636,-8.892071006115962
2025-02-19 13:00:00+00:00,1.96,1.3718842267990112,0.5460585702817551,0.903350293636322,-12.475241366013842
2025-02-19 14:00:00+00:00,0.84,1.351403832435608,-0.012701310667575405,0.9087268710136414,-0.5808312965780357
2025-02-19 15:00:00+00:00,2.98,1.3329707384109497,0.03938663534064693,0.9100689888000488,-6.968139927389798
2025-02-19 16:00:00+00:00,16.55,1.305603265762329,-0.6013768409137397,0.9142443537712097,-3.271272903262114
2025-02-19 17:00:00+00:00,-5.02,1.2911399602890015,0.12577623390409048,0.9203475713729858,-9.679319178905615
2025-02-19 18:00:00+00:00,9.17,1.2681773900985718,-0.5511703310473155,0.9292917251586914,-1.5179541948366062
2025-02-20 09:00:00+00:00,-2.23,1.255123496055603,-1.204633190576721,0.9372391104698181,-6.153529142943762
2025-02-20 10:00:00+00:00,-1.38,1.247566819190979,-0.8347602011093899,0.9483964443206787,-5.476461480691398
2025-02-20 11:00:00+00:00,6.88,1.2297195196151733,-1.1608555285841726,0.9652262330055237,-4.605223068484072
2025-02-20 12:00:00+00:00,-2.0,1.2230796813964844,-1.1198626169792312,0.9816257357597351,-11.345277808051701
2025-02-20 13:00:00+00:00,1.61,1.2284563779830933,-0.8791213467382654,1.0017997026443481,-11.710127785701888
2025-02-20 14:00:00+00:00,3.03,1.2376370429992676,-1.0215599093187244,1.017930507659912,-5.120440705357494
2025-02-20 15:00:00+00:00,1.9,1.2395519018173218,-0.38377377421079095,1.0285627841949463,-7.408072713352591
2025-02-20 16:00:00+00:00,24.2,1.2288715839385986,-0.8373693897250228,1.0410820245742798,-13.252328463664275
2025-02-20 17:00:00+00:00,-8.69,1.2042558193206787,-0.5543574877751679,1.0578516721725464,-7.179994501749646
2025-02-20 18:00:00+00:00,7.04,1.1789569854736328,1.0642993827415095,1.0695421695709229,-7.269104357973855
2025-02-21 09:00:00+00:00,0.32,1.1263270378112793,0.022890364504691507,1.0780209302902222,-7.12439626367819
2025-02-21 10:00:00+00:00,0.43,1.0709434747695923,0.2838624865237826,1.088913083076477,-3.313927406438335
2025-02-21 11:00:00+00:00,-3.18,0.9776545763015747,0.14909700431299736,1.1119306087493896,-11.3574347999578
2025-02-21 12:00:00+00:00,-9.83,0.8707162737846375,0.45354559364543084,1.1205246448516846,-10.411092225020267
2025-02-21 13:00:00+00:00,-0.34,0.7498986124992371,-0.33310929256989236,1.141934871673584,-11.770225180268016
2025-02-21 14:00:00+00:00,-4.01,0.6802548170089722,0.07367467278155768,1.1761163473129272,-9.63482909257465
2025-02-21 15:00:00+00:00,1.38,0.6136387586593628,-0.6738816375620189,1.1946284770965576,-13.481260915406102
2025-02-21 16:00:00+00:00,9.31,0.439085990190506,-0.7846263269295495,1.1828911304473877,-13.928134196010948
2025-02-21 17:00:00+00:00,0.11,0.31274986267089844,-0.5665392958616172,1.1524244546890259,-12.811417784989972
2025-02-21 18:00:00+00:00,9.82,0.20507735013961792,-0.5993931631977412,1.0971441268920898,-9.89202239913964
2025-02-24 09:00:00+00:00,-5.45,0.12224429845809937,-1.302015022372788,1.0449073314666748,-9.780210874110415
2025-02-24 10:00:00+00:00,0.16,0.08681389689445496,-0.3703349305448349,0.9904060959815979,-3.650214727733639
2025-02-24 11:00:00+00:00,0.44,0.04809999093413353,-0.03266292179680075,0.9378706812858582,-12.23860925157402
2025-02-24 12:00:00+00:00,-1.28,0.04106175899505615,0.06583358778866225,0.8656371831893921,-6.440024353908362
2025-02-24 13:00:00+00:00,-0.28,0.04047379642724991,-0.3577286866375268,0.7757527828216553,-8.207134439653487
2025-02-24 14:00:00+00:00,-4.74,0.04954823479056358,-0.5169103752325376,0.7254540324211121,-8.109174830763584
2025-02-24 15:00:00+00:00,0.13,0.04982297495007515,-0.7010252888972618,0.6379517316818237,-6.766434628929295
2025-02-24 16:00:00+00:00,2.9,0.02388395555317402,-1.0158123520387004,0.5773970484733582,-16.067032057475675
2025-02-24 17:00:00+00:00,5.04,-0.005599182564765215,-0.9033044969351185,0.5289041996002197,-6.159462420889829
2025-02-24 18:00:00+00:00,22.13,-0.02646534889936447,-0.5893896187016533,0.4599885940551758,-12.157305851565393
2025-02-25 09:00:00+00:00,-2.83,-0.07682934403419495,-0.8148781889586283,0.42491984367370605,-12.68225244681127
2025-02-25 10:00:00+00:00,-2.79,-0.10316430032253265,0.3514495174820491,0.4187295138835907,-11.584883712610626
2025-02-25 11:00:00+00:00,1.18,-0.09751790016889572,0.014171023269779384,0.37930792570114136,-11.682653292755193
2025-02-25 12:00:00+00:00,-4.44,-0.077198326587677,-0.1405716565873238,0.3293644189834595,-8.999322714533202
2025-02-25 13:00:00+00:00,4.95,-0.024924999102950096,-1.0085975901493232,0.3075267970561981,-9.596580338620836
2025-02-25 14:00:00+00:00,-2.38,0.03729773685336113,-0.6492940919986773,0.3176640570163727,-10.154389761277242
2025-02-25 15:00:00+00:00,0.04,0.07198867946863174,-1.0161780290165847,0.3483729064464569,-10.034009356427454
2025-02-25 16:00:00+00:00,20.2,0.114309161901474,-0.8510658379082393,0.38749122619628906,-12.115137115416792
2025-02-25 17:00:00+00:00,-6.43,0.19207677245140076,-1.1296496334921144,0.4156282842159271,-14.81491656637078
2025-02-25 18:00:00+00:00,2.9,0.22900037467479706,-0.4860891705845062,0.4544098973274231,-15.566465998713339
2025-02-26 09:00:00+00:00,-1.84,0.25210681557655334,-1.1420234474918132,0.48053309321403503,-14.717402077092183
2025-02-26 10:00:00+00:00,-3.19,0.26325926184654236,-0.9067923434603085,0.5217259526252747,-13.410134319440536
2025-02-26 11:00:00+00:00,-5.13,0.2903875410556793,-0.8470337881533607,0.5517839789390564,-13.854633369577554
2025-02-26 12:00:00+00:00,-12.76,0.31110528111457825,-0.6345338533575826,0.5694929957389832,-6.2054228177866495
2025-02-26 13:00:00+00:00,3.5,0.35737138986587524,-0.1715405992055979,0.6013309955596924,-10.397336976795302
2025-02-26 14:00:00+00:00,-11.63,0.3774724006652832,-0.2044044155224889,0.65373694896698,-10.545191204706555
2025-02-26 15:00:00+00:00,4.26,0.3826149106025696,0.3748890635842017,0.6815364956855774,-8.073614619113474
2025-02-26 16:00:00+00:00,5.37,0.3781270682811737,0.36022559036133717,0.6916337609291077,-10.896947839125925
2025-02-26 17:00:00+00:00,10.05,0.3615291118621826,-0.22017240874963734,0.7337886691093445,-7.261158423218376
2025-02-26 18:00:00+00:00,-12.16,0.3396246135234833,-0.7417276185682892,0.7473865747451782,-9.819095594980553
2025-02-27 09:00:00+00:00,-2.35,0.3364979028701782,-0.8583745549741956,0.7570237517356873,-8.14656531294887
2025-02-27 10:00:00+00:00,-5.57,0.28590428829193115,-0.46636912428490407,0.7550880908966064,-11.392839981936046
2025-02-27 11:00:00+00:00,-8.23,0.2677556276321411,0.03064475654874714,0.7464937567710876,-16.079280397517703
2025-02-27 12:00:00+00:00,6.92,0.26214393973350525,0.3036573034393083,0.7503563761711121,0.06561727037128356
2025-02-27 13:00:00+00:00,-4.5,0.2443234920501709,0.06217345308603218,0.7560623288154602,-9.356001619399457
2025-02-27 14:00:00+00:00,11.94,0.24438251554965973,-0.3522959576497566,0.7813176512718201,-3.0732146660078885
2025-02-27 15:00:00+00:00,-0.87,0.22401660680770874,-0.3433298682778406,0.7782341837882996,-6.3195637974734815
2025-02-27 16:00:00+00:00,-23.34,0.21887539327144623,-0.5299625752931009,0.7724384069442749,-10.045657170995904
2025-02-27 17:00:00+00:00,-1.63,0.20765039324760437,-0.14407954488223917,0.7628934979438782,-1.4243954786418063
2025-02-27 18:00:00+00:00,-11.81,0.1994122564792633,-0.32452272239522834,0.7510167956352234,-8.9710963938798
2025-02-28 09:00:00+00:00,-13.16,0.17852292954921722,-0.442423250372993,0.7283332347869873,-1.6763393405972207
2025-02-28 10:00:00+00:00,2.66,0.15576206147670746,0.109354299406518,0.7091015577316284,1.7476893214475646
2025-02-28 11:00:00+00:00,-5.08,0.13827723264694214,0.3311517513131721,0.6814098358154297,-10.248248686101435
2025-02-28 12:00:00+00:00,6.97,0.12980933487415314,0.08344992979432136,0.6518822908401489,-3.5604249796569754
2025-02-28 13:00:00+00:00,0.88,0.12032715231180191,-0.20453846139273957,0.6320130228996277,-6.235763115307394
2025-02-28 14:00:00+00:00,-5.31,0.10288920253515244,-0.6158201556597929,0.6200944781303406,-0.913334431794202
2025-02-28 15:00:00+00:00,3.81,0.09689546376466751,-0.5312485959289448,0.6116775274276733,-3.8507189001103965
2025-02-28 16:00:00+00:00,-1.48,0.09730181843042374,-0.13746482455371284,0.6135064959526062,-7.938515274145096
2025-02-28 17:00:00+00:00,3.66,0.10882735252380371,-0.529672213663908,0.6091829538345337,-6.078370708090265
2025-02-28 18:00:00+00:00,-4.62,0.12901997566223145,-0.35910700986749444,0.6047201752662659,-11.468118442494305
2025-03-03 09:00:00+00:00,-11.53,0.15114746987819672,0.6768246216811555,0.6047129034996033,-5.6894682241598336
2025-03-03 10:00:00+00:00,-2.69,0.16730810701847076,0.08250161672768644,0.607986569404602,-5.040997729308674
2025-03-03 11:00:00+00:00,-3.47,0.1880238950252533,-0.7327684477397715,0.606937050819397,-3.064714330439573
2025-03-03 12:00:00+00:00,1.42,0.21314427256584167,-0.9376312449622868,0.6125118136405945,-5.226453509729243
2025-03-03 13:00:00+00:00,3.41,0.23656731843948364,-0.8500722228108811,0.6182218790054321,-5.9208819936076145
2025-03-03 14:00:00+00:00,-1.61,0.2703256607055664,-0.7566600642893619,0.6234440207481384,-6.212829988264141
2025-03-03 15:00:00+00:00,6.16,0.29725927114486694,-0.4586821270290047,0.6359286904335022,-9.69754657482201
2025-03-03 16:00:00+00:00,-17.26,0.32519349455833435,-0.7729055163807562,0.6487573385238647,-9.058512067942008
2025-03-03 17:00:00+00:00,-1.84,0.34642186760902405,-1.5859617206952807,0.6626224517822266,-7.692661616145518
2025-03-03 18:00:00+00:00,20.8,0.37132391333580017,-0.4138496110123091,0.6786148548126221,-5.25445256188704
2025-03-04 09:00:00+00:00,10.06,0.38321444392204285,0.40721691780915575,0.6872433423995972,-6.21220862971039
2025-03-04 10:00:00+00:00,3.03,0.3877013027667999,0.5778542690142721,0.6997882723808289,-10.188310027710424
2025-03-04 11:00:00+00:00,-3.01,0.38998353481292725,0.4484259172663893,0.7171565890312195,-9.02973646911971
2025-03-04 12:00:00+00:00,-2.66,0.3991440236568451,0.5247158260828406,0.7344123125076294,-7.336419700542751
2025-03-04 13:00:00+00:00,1.3,0.40593522787094116,0.49432352067944973,0.7581731081008911,-13.569187184708909
2025-03-04 14:00:00+00:00,-2.91,0.4068296253681183,0.6343506986274454,0.7760953903198242,-8.290840215692867
2025-03-04 15:00:00+00:00,3.97,0.4015718996524811,0.030334728622468,0.7946988940238953,-9.123178833284149
2025-03-04 16:00:00+00:00,-1.25,0.3972839415073395,0.35633726316287584,0.8111788630485535,-10.120293636214026
2025-03-04 17:00:00+00:00,4.58,0.3938666880130768,-0.04205278881578506,0.819951057434082,-8.385865999711125
2025-03-04 18:00:00+00:00,0.46,0.3785907030105591,-0.5669963465914081,0.8367420434951782,-9.676381861405138
2025-03-05 09:00:00+00:00,-2.27,0.35870128870010376,-0.15936436074873384,0.8447467088699341,-5.249449786783972
2025-03-05 10:00:00+00:00,10.76,0.3193027675151825,-0.41264836855891796,0.856555700302124,-7.1076555907328345
2025-03-05 11:00:00+00:00,1.35,0.2885187864303589,-0.11744863524579563,0.867414116859436,-8.978035885973574
2025-03-05 12:00:00+00:00,-3.15,0.2564336955547333,-0.060578113166601,0.8814645409584045,-11.190735360137904
2025-03-05 13:00:00+00:00,-1.08,0.22121529281139374,-0.23857080434237626,0.8948831558227539,-9.206395150771483
2025-03-05 14:00:00+00:00,-2.08,0.1826799213886261,-0.0289194889804896,0.9030991792678833,-10.618360765078526
2025-03-05 15:00:00+00:00,3.34,0.14693741500377655,-0.06248220786481373,0.9146092534065247,-13.268550116721487
2025-03-05 16:00:00+00:00,-8.98,0.11778059601783752,-0.9614897504851059,0.9231253266334534,-10.245541649619408
2025-03-05 17:00:00+00:00,2.45,0.09438236802816391,-0.3673495861999545,0.9346705675125122,-9.797059700882148
2025-03-05 18:00:00+00:00,-12.19,0.07248424738645554,-0.2860782028470584,0.9434663653373718,-14.00761434690121
2025-03-06 09:00:00+00:00,-1.54,0.05134343355894089,-0.03698582640288087,0.9474043250083923,-3.3097924621792965
2025-03-06 10:00:00+00:00,-4.16,0.027477335184812546,0.19779635798422518,0.9576554298400879,-9.246676430898521
2025-03-06 11:00:00+00:00,-2.5,0.00682995468378067,0.33087722918746443,0.968203067779541,-8.201289249517917
2025-03-06 12:00:00+00:00,-3.74,-0.00970849022269249,0.32277419329824253,0.9830727577209473,-3.8056990145152114
2025-03-06 13:00:00+00:00,-0.85,-0.03277434781193733,0.18651774992486975,1.0114511251449585,-2.9238166377020685
2025-03-06 14:00:00+00:00,5.01,-0.05632137879729271,0.36955153055954376,1.026867389678955,-3.9200211963995817
2025-03-06 15:00:00+00:00,5.44,-0.07808919250965118,0.30794776951890523,1.0451579093933105,-4.7754636172228375
2025-03-06 16:00:00+00:00,2.72,-0.09901809692382812,-0.3084620229570763,1.061191439628601,-4.027210863688354
2025-03-06 17:00:00+00:00,-5.11,-0.11374720931053162,-0.7920082662431325,1.0734899044036865,-9.761900293848527
2025-03-06 18:00:00+00:00,6.76,-0.13325175642967224,-0.2836458679834554,1.0954843759536743,-6.936927035373643
2025-03-07 09:00:00+00:00,3.63,-0.14502079784870148,-0.269249495586114,1.102371096611023,-5.944802392861533
2025-03-07 10:00:00+00:00,3.31,-0.154018372297287,0.33188937053283,1.1131434440612793,-7.371596022433496
2025-03-07 11:00:00+00:00,-4.76,-0.1599348783493042,-0.27129594803853635,1.1249421834945679,-2.8958658069137484
2025-03-07 12:00:00+00:00,2.21,-0.16187287867069244,-0.3818293745599145,1.1464221477508545,-10.87573437566206
2025-03-07 13:00:00+00:00,0.04,-0.16814614832401276,0.057033293912592944,1.175937533378601,-11.530256517762218
2025-03-07 14:00:00+00:00,-1.99,-0.16441777348518372,-0.687391688478416,1.189401626586914,-4.1355328079884615
2025-03-07 15:00:00+00:00,2.82,-0.16835349798202515,0.1807110683501365,1.2173357009887695,-3.1467862300628906
2025-03-07 16:00:00+00:00,-16.28,-0.15841719508171082,-0.8027069965257826,1.2465534210205078,-1.44848657259713
2025-03-07 17:00:00+00:00,-4.64,-0.15069574117660522,0.0496519735919055,1.2767205238342285,-2.5267206612023627
2025-03-07 18:00:00+00:00,20.07,-0.1533612161874771,1.0263145810742271,1.3107531070709229,-6.392003771402267
2025-03-10 09:00:00+00:00,-6.77,-0.166122168302536,-0.5986575085283904,1.3453893661499023,-9.91371514811057
2025-03-10 10:00:00+00:00,-0.7,-0.1870727688074112,0.30747129205923396,1.37802255153656,-6.268906236275127
2025-03-10 11:00:00+00:00,2.77,-0.2050597220659256,0.9360878966538563,1.4113550186157227,-1.6063320468273827
2025-03-10 12:00:00+00:00,1.78,-0.2246548980474472,0.21228094347428816,1.4498378038406372,-11.065875736136931
2025-03-10 13:00:00+00:00,1.96,-0.24429848790168762,-0.207779758871252,1.4829320907592773,-7.55422845423197
2025-03-10 14:00:00+00:00,-1.36,-0.2634323835372925,0.4650786155840946,1.5109472274780273,-8.380943214198908
2025-03-10 15:00:00+00:00,-0.42,-0.2784777879714966,-0.30296698805812655,1.5413810014724731,-10.077969978303328
2025-03-10 16:00:00+00:00,5.57,-0.29088708758354187,-0.13379281483760908,1.5695710182189941,-3.6048653320050423
2025-03-10 17:00:00+00:00,-1.33,-0.30673813819885254,-0.5188214747431106,1.5918688774108887,-2.535042380791398
2025-03-10 18:00:00+00:00,-3.95,-0.333583801984787,-0.4440361193293795,1.6203917264938354,-3.546572114367678
2025-03-11 09:00:00+00:00,4.0,-0.35271966457366943,-0.7822582944542005,1.6387320756912231,-2.9519830006852317
2025-03-11 10:00:00+00:00,1.27,-0.36953818798065186,-0.5013263167855498,1.6538366079330444,-6.439913250097025
2025-03-11 11:00:00+00:00,-0.3,-0.3854188323020935,-0.5407236312069578,1.658568263053894,-1.282895328341157
2025-03-11 12:00:00+00:00,0.43,-0.3996790647506714,-0.7633488012131039,1.680484414100647,-0.8430169338684659
2025-03-11 13:00:00+00:00,-5.82,-0.4124380350112915,-1.0115925394088696,1.6910423040390015,-4.284961347593064
2025-03-11 14:00:00+00:00,3.09,-0.42566239833831787,-0.5800067704152775,1.7012158632278442,1.322070061353697
2025-03-11 15:00:00+00:00,1.35,-0.4396001994609833,-1.418701143996414,1.7177631855010986,-4.158067337099746
2025-03-11 16:00:00+00:00,24.22,-0.4521510899066925,-1.3596989781549196,1.719465732574463,-0.7937437781740722
2025-03-11 17:00:00+00:00,-0.25,-0.45654505491256714,-1.7970881594395793,1.7260560989379883,-7.3428780860809635
2025-03-11 18:00:00+00:00,-5.44,-0.4684755802154541,-1.2108310219849512,1.729891300201416,-6.731848047709075
2025-03-12 09:00:00+00:00,-6.15,-0.47315022349357605,-1.3710428624558835,1.7394860982894897,-0.4604920879162826
2025-03-12 10:00:00+00:00,-1.31,-0.48013952374458313,-1.6535541521194324,1.7414077520370483,-6.105830510196879
2025-03-12 11:00:00+00:00,4.14,-0.4880632758140564,-1.5815838967011964,1.738089919090271,-6.673329681304605
2025-03-12 12:00:00+00:00,-2.04,-0.4987601637840271,-1.8507853490322645,1.7297130823135376,-6.262312551096888
2025-03-12 13:00:00+00:00,4.01,-0.5195633172988892,-1.482139533959588,1.7139253616333008,-5.542117743048851
2025-03-12 14:00:00+00:00,2.51,-0.5355547666549683,-1.703624076446564,1.7010446786880493,-9.05456682179283
2025-03-12 15:00:00+00:00,-4.06,-0.5586042404174805,-1.9663887768942097,1.6897976398468018,-3.4307029213823665
2025-03-12 16:00:00+00:00,-0.04,-0.5686735510826111,-1.82819487686094,1.6797581911087036,-5.099091264645113
2025-03-12 17:00:00+00:00,1.49,-0.583775520324707,-1.052287083229605,1.677841305732727,-7.98667308605024
2025-03-12 18:00:00+00:00,-12.66,-0.5905167460441589,-1.7309799588033856,1.675094485282898,-6.540384167561143
2025-03-13 09:00:00+00:00,-2.67,-0.5939304828643799,-0.8289597715149718,1.6746630668640137,-4.956134342774174
2025-03-13 10:00:00+00:00,-5.04,-0.6017820239067078,-0.10107393044815277,1.6680874824523926,-5.992386210806345
2025-03-13 11:00:00+00:00,7.85,-0.6030486822128296,-0.3272443687780358,1.6670804023742676,-2.7335883506446934
2025-03-13 12:00:00+00:00,-4.01,-0.6045297384262085,0.5266426584037094,1.6769993305206299,-6.872211622233334
2025-03-13 13:00:00+00:00,-7.79,-0.5937248468399048,-0.35184168992577325,1.6878306865692139,-5.573003681292439
2025-03-13 14:00:00+00:00,-4.2,-0.5824164748191833,-0.04199933950350293,1.6950798034667969,-2.474632437394411
2025-03-13 15:00:00+00:00,4.63,-0.5600350499153137,0.4795502652200004,1.6999289989471436,-1.7110340360132312
2025-03-13 16:00:00+00:00,-0.33,-0.53189617395401,0.23197915869675398,1.7035086154937744,-2.518293214080795
2025-03-13 17:00:00+00:00,1.54,-0.5028843879699707,-0.18335581691724023,1.7012015581130981,-1.1539541248411753
2025-03-13 18:00:00+00:00,13.97,-0.4631054103374481,-0.5124920414508239,1.7177948951721191,-2.6372283066748077
2025-03-14 09:00:00+00:00,-1.48,-0.431353896856308,-1.1887013298005071,1.7211167812347412,-6.7693161362805965
2025-03-14 10:00:00+00:00,-7.27,-0.3926556408405304,-1.3228628319551317,1.702308177947998,-0.15386983289546594
2025-03-14 11:00:00+00:00,5.24,-0.3458408713340759,-0.9220284317300724,1.692482590675354,-0.5260038421891182
2025-03-14 12:00:00+00:00,3.14,-0.30218225717544556,-1.4114609961162812,1.6923277378082275,-1.5481509361818324
2025-03-14 13:00:00+00:00,0.99,-0.25218769907951355,-2.2605897922751623,1.6914328336715698,-2.5600178324735032
2025-03-14 14:00:00+00:00,2.84,-0.20481565594673157,-1.9381323658933356,1.6977109909057617,-5.620656673855324
2025-03-14 15:00:00+00:00,10.87,-0.1664300411939621,-1.7912393060637997,1.7083710432052612,-9.111305153998506
2025-03-14 16:00:00+00:00,10.55,-0.13713455200195312,-1.3221944493060889,1.7213102579116821,-9.74015090781288
2025-03-14 17:00:00+00:00,2.14,-0.11924797296524048,-1.3563192472633356,1.7276523113250732,-6.582629650344364
2025-03-14 18:00:00+00:00,21.41,-0.10013946145772934,-1.6867218242934043,1.7345056533813477,-3.5712983454112583
2025-03-17 09:00:00+00:00,-1.12,-0.0854143425822258,-2.338199447016046,1.751750111579895,-13.244108726781926
2025-03-17 10:00:00+00:00,2.41,-0.0730331614613533,-1.5745780334225685,1.751174807548523,-11.12388177495026
2025-03-17 11:00:00+00:00,-2.36,-0.0681648775935173,-1.550966423985964,1.742631435394287,-5.587856259549638
2025-03-17 12:00:00+00:00,-1.38,-0.06286357343196869,-1.7789831298332093,1.7301372289657593,-6.831552406728646
2025-03-17 13:00:00+00:00,-6.53,-0.05937308445572853,-1.734433421045698,1.7272067070007324,-4.37766889064291
2025-03-17 14:00:00+00:00,4.74,-0.058043528348207474,-1.6356483476695145,1.7307689189910889,-5.9220955599456575
2025-03-17 15:00:00+00:00,1.78,-0.054327744990587234,-1.402217093408667,1.7089539766311646,-8.579468478928948
2025-03-17 16:00:00+00:00,-0.73,-0.047676898539066315,-2.062998700679478,1.6772487163543701,-8.181294879137901
2025-03-17 17:00:00+00:00,18.13,-0.028463028371334076,-1.651274661233087,1.64481782913208,-3.5369985594091147
2025-03-17 18:00:00+00:00,6.81,-0.00840086955577135,-2.131020686749195,1.613396406173706,-8.904717786102044
2025-03-18 09:00:00+00:00,-3.23,0.037653710693120956,-1.9252145633894635,1.582099199295044,-5.974712614923343
2025-03-18 10:00:00+00:00,-2.57,0.0660056322813034,-0.960687314765162,1.5570473670959473,-7.591537687046533
2025-03-18 11:00:00+00:00,1.02,0.08958588540554047,-0.8129222389176809,1.5322459936141968,-13.86148778882343
2025-03-18 12:00:00+00:00,1.71,0.11920476704835892,-1.2242029201331315,1.4985772371292114,-1.7541975241711598
2025-03-18 13:00:00+00:00,0.46,0.1366298496723175,-1.6394200133976735,1.4784603118896484,-0.8793090827608905
2025-03-18 14:00:00+00:00,-0.18,0.15098153054714203,-1.8065171369919641,1.457425594329834,-5.703855774478286
2025-03-18 15:00:00+00:00,2.27,0.1379273384809494,-1.5125995286439564,1.4260250329971313,-4.415759479260455
2025-03-18 16:00:00+00:00,3.42,0.12843731045722961,-1.6420476269688193,1.3971028327941895,-3.672464902978201
2025-03-18 17:00:00+00:00,36.77,0.12229365110397339,-1.5617858069876043,1.362029790878296,-7.051882873244105
2025-03-18 18:00:00+00:00,-16.39,0.11614595353603363,-1.3689359436515742,1.319586992263794,-16.71912802991174
2025-03-19 09:00:00+00:00,-5.34,0.1119459792971611,-1.3962634988743508,1.276932716369629,-3.6431761376561984
2025-03-19 10:00:00+00:00,3.73,0.10504163056612015,-1.390832605481566,1.236172080039978,-12.389208751473635
2025-03-19 11:00:00+00:00,-1.43,0.12715934216976166,-1.2949827447054914,1.198195457458496,-18.50627828505139
2025-03-19 12:00:00+00:00,-2.98,0.15325845777988434,-1.728480879363088,1.1497243642807007,-11.43645329796425
2025-03-19 13:00:00+00:00,6.51,0.1710980087518692,-1.2835836670192333,1.0997155904769897,-8.162169039379062
2025-03-19 14:00:00+00:00,6.3,0.20320917665958405,-1.495839936114327,1.049560546875,-13.423851096963771
2025-03-19 15:00:00+00:00,-0.16,0.24424351751804352,-1.1360997422425765,1.00138258934021,-8.340118077799005
2025-03-19 16:00:00+00:00,-20.89,0.27959945797920227,-1.3862061793111686,0.9639261364936829,-11.277597298496111
2025-03-19 17:00:00+00:00,-0.35,0.30752068758010864,-1.2314367460387352,0.9211828112602234,-12.959349690789367
2025-03-19 18:00:00+00:00,3.99,0.3278118968009949,-1.0428349332743696,0.8883745074272156,-10.479678629738677
2025-03-20 09:00:00+00:00,-6.18,0.3240859806537628,-0.68096321941782,0.854787290096283,-9.778197523792649
2025-03-20 10:00:00+00:00,-0.49,0.323788583278656,-0.3771480904608014,0.8165552616119385,-14.863547302709224
2025-03-20 11:00:00+00:00,1.25,0.3124527335166931,-0.3136143288491016,0.7904422879219055,-12.039647247750144
2025-03-20 12:00:00+00:00,-3.12,0.29719671607017517,-0.376551222155637,0.7672958374023438,-12.980667483054669
2025-03-20 13:00:00+00:00,-2.65,0.2964687943458557,-0.02448937771053386,0.7446479797363281,-11.284016182647541
2025-03-20 14:00:00+00:00,-5.15,0.2994896471500397,-0.14147851024834407,0.7258423566818237,-7.693237316316078
2025-03-20 15:00:00+00:00,8.2,0.31922486424446106,-0.3144509283097573,0.7164134383201599,-4.231469508134718
2025-03-20 16:00:00+00:00,-18.29,0.341253399848938,-0.927835934387653,0.7091097831726074,-7.757890763797881
2025-03-20 17:00:00+00:00,-2.55,0.3700861930847168,-0.16146232014898076,0.70185387134552,-8.30716339684483
2025-03-20 18:00:00+00:00,-0.54,0.40154680609703064,-0.300471690886683,0.6996061205863953,-6.269800144440119
2025-03-21 09:00:00+00:00,2.48,0.44236811995506287,-0.29264078600819926,0.698494017124176,-9.625490472325808
2025-03-21 10:00:00+00:00,1.95,0.4825284779071808,-0.70385860639507,0.7001119256019592,-12.336663088365986
2025-03-21 11:00:00+00:00,0.85,0.5189282894134521,0.005522663143448944,0.7006957530975342,-1.2634235030891376
2025-03-21 12:00:00+00:00,-6.62,0.5549383163452148,-0.36943446741241637,0.7053278684616089,-6.024414395462474
2025-03-21 13:00:00+00:00,-0.84,0.5761206746101379,-0.23430525038652772,0.7075405120849609,-7.498344941726131
2025-03-21 14:00:00+00:00,-3.05,0.5962982177734375,-0.21879610581932152,0.7135965824127197,1.0695226190253033
2025-03-21 15:00:00+00:00,-3.39,0.6045863628387451,-0.3455695053462319,0.7211220264434814,-4.866273948388552
2025-03-21 16:00:00+00:00,-4.79,0.6007235050201416,-0.203826440654656,0.7293424010276794,-8.249782752621522
2025-03-21 17:00:00+00:00,-1.26,0.5914791822433472,0.038646875718308216,0.7391008138656616,-5.07329184423136
2025-03-21 18:00:00+00:00,2.92,0.5731662511825562,0.2404179254394973,0.747285783290863,1.934103397161401
2025-03-24 09:00:00+00:00,-4.6,0.5550641417503357,-0.2362268375210188,0.7569195628166199,-0.8432068677198717
2025-03-24 10:00:00+00:00,-1.04,0.5404383540153503,-0.143240744184143,0.7679363489151001,-1.8303088221557533
2025-03-24 11:00:00+00:00,0.82,0.5249755382537842,-0.03437126450483899,0.7758752703666687,-2.116661141728691
2025-03-24 12:00:00+00:00,-3.06,0.5152003169059753,-0.3837734202116876,0.7826277613639832,-3.8353352432110586
2025-03-24 13:00:00+00:00,-0.27,0.5020543336868286,0.21925084196383016,0.7901906371116638,-2.860622661347479
2025-03-24 14:00:00+00:00,0.92,0.5013768672943115,0.23255665697516809,0.7932939529418945,-3.0217083304158456
2025-03-24 15:00:00+00:00,-2.48,0.5073280930519104,-0.2010482181994538,0.7913211584091187,-3.0393272062497307
2025-03-24 16:00:00+00:00,12.64,0.5090073943138123,-0.06069033002899832,0.7833127379417419,0.876990141530187
2025-03-24 17:00:00+00:00,0.14,0.508147120475769,-0.4594279001590962,0.7714546918869019,-6.507986155087613
2025-03-24 18:00:00+00:00,3.94,0.49424150586128235,-0.7323930640642161,0.7590618133544922,-4.958259866617147
2025-03-25 09:00:00+00:00,-2.82,0.4716256558895111,-1.2527773408979546,0.74782794713974,-1.0186952758239445
2025-03-25 10:00:00+00:00,0.96,0.44603779911994934,-1.4559461877868607,0.7458480596542358,-4.445091640583226
2025-03-25 11:00:00+00:00,-12.54,0.4163590967655182,-1.3099314149406267,0.7348573207855225,-4.302642877242404
2025-03-25 12:00:00+00:00,1.67,0.40897929668426514,-0.27158589649337456,0.7213238477706909,-11.166507312858037
2025-03-25 13:00:00+00:00,0.55,0.4030943214893341,-0.39337720365753137,0.7077362537384033,-8.268620366779487
2025-03-25 14:00:00+00:00,-0.92,0.39664727449417114,-0.33460851336476294,0.6930637955665588,-6.740511335689385
2025-03-25 15:00:00+00:00,-3.12,0.3907734453678131,-0.27408321752241244,0.6791157722473145,-1.8922502346410288
2025-03-25 16:00:00+00:00,-1.1,0.3888716399669647,-0.2535878211270341,0.6664227247238159,-4.533993538773233
2025-03-25 17:00:00+00:00,3.6,0.3923341631889343,-0.03984938076761302,0.6589624881744385,-4.611176912015755
2025-03-25 18:00:00+00:00,12.92,0.3971833884716034,-0.47224703401122137,0.6529549956321716,-8.080631027727895
2025-03-26 09:00:00+00:00,-6.48,0.39942052960395813,-1.4760278564303102,0.648151695728302,-10.162910992584207
2025-03-26 10:00:00+00:00,-1.15,0.405785471200943,-0.9208393244558486,0.6427355408668518,-4.79910891029217
2025-03-26 11:00:00+00:00,3.28,0.4097268581390381,-0.8929436376125157,0.6366575956344604,-3.389166150243278
2025-03-26 12:00:00+00:00,-4.23,0.41718220710754395,-1.3608932984840494,0.6380242109298706,-7.696759208848858
2025-03-26 13:00:00+00:00,-3.08,0.42092040181159973,-1.3119699699375693,0.6327900290489197,-5.084572238426814
2025-03-26 14:00:00+00:00,-1.0,0.41799312829971313,-1.152481814749473,0.6266756653785706,-4.6203582529427205
2025-03-26 15:00:00+00:00,-2.36,0.41504526138305664,-0.9921988521471197,0.6227993369102478,-5.1071996426192765
2025-03-26 16:00:00+00:00,-3.56,0.41950058937072754,-0.7400705237440766,0.6195167899131775,-5.446586317194784
2025-03-26 17:00:00+00:00,-1.39,0.4152999222278595,-0.4508034526679101,0.6147087812423706,-2.0767885453982
2025-03-26 18:00:00+00:00,-10.19,0.41266098618507385,-0.11999141246443384,0.6093059778213501,-5.167302237635637
2025-03-27 09:00:00+00:00,-0.9,0.4076121151447296,-0.291717705361952,0.6032535433769226,-4.74751869756558
2025-03-27 10:00:00+00:00,-4.76,0.4013078510761261,0.14946439398413808,0.5999793410301208,-5.9838623158151005
2025-03-27 11:00:00+00:00,2.09,0.3944253921508789,-0.04383256371897884,0.5954747200012207,-0.5965944764187282
2025-03-27 12:00:00+00:00,1.51,0.39243489503860474,-0.05836141594860719,0.5931284427642822,-4.059485859980965
2025-03-27 13:00:00+00:00,-0.12,0.39273977279663086,0.0069763838261942684,0.594674825668335,-2.731775259876782
2025-03-27 14:00:00+00:00,-10.89,0.3864588439464569,-0.30952894264564207,0.5962706804275513,-0.43709258436986265
2025-03-27 15:00:00+00:00,1.17,0.39099615812301636,-0.040101959669051945,0.5988104343414307,-3.9017122264934425
2025-03-27 16:00:00+00:00,3.55,0.39696255326271057,-0.29170787164049494,0.6012479662895203,-5.784387530105347
2025-03-27 17:00:00+00:00,0.35,0.4055423438549042,-0.25269050140273286,0.6018058657646179,-2.7870508979988937
2025-03-27 18:00:00+00:00,-11.38,0.4125203490257263,-0.014217295818623549,0.6015201210975647,-3.9276289402490203
2025-03-28 09:00:00+00:00,8.64,0.42048338055610657,-0.08757452945657701,0.601624608039856,0.007050564700579073
2025-03-28 10:00:00+00:00,-7.0,0.42767849564552307,-0.014315287526290355,0.6056451201438904,-7.364901361333365
2025-03-28 11:00:00+00:00,-6.45,0.43530404567718506,-0.06222808122285289,0.607832670211792,-3.4480940376391356
2025-03-28 12:00:00+00:00,-1.45,0.4425613284111023,-0.10691662509461208,0.6130201816558838,-0.21447803107851204
2025-03-28 13:00:00+00:00,-10.93,0.45145657658576965,0.07207941331912733,0.6169193983078003,-3.9928056982328837
2025-03-28 14:00:00+00:00,2.38,0.4512576758861542,0.08999204063832905,0.6160780191421509,-0.3482528443431204
2025-03-28 15:00:00+00:00,0.2,0.4440188705921173,0.38067162319216774,0.6173238754272461,-1.4406111718138404
2025-03-28 16:00:00+00:00,3.52,0.4377478063106537,0.06808045695530279,0.6201738715171814,-5.497048517035479
2025-03-28 17:00:00+00:00,2.63,0.4377933442592621,-0.16343224309898252,0.6191768050193787,-7.059555621164078
2025-03-28 18:00:00+00:00,-5.77,0.4345284104347229,0.07518409812641491,0.6209428906440735,-4.219873172508711
2025-03-31 09:00:00+00:00,-10.0,0.42900219559669495,-0.02758718303735813,0.6186733841896057,-5.196250440830523
2025-03-31 10:00:00+00:00,-2.0,0.4316023886203766,0.12568102008104823,0.6171650886535645,-4.008196476193303
2025-03-31 11:00:00+00:00,7.96,0.43532124161720276,0.3366699832850868,0.6158546209335327,-2.712606439644629
2025-03-31 12:00:00+00:00,3.44,0.44030019640922546,0.056165791167813034,0.6137040853500366,-8.328883919211263
2025-03-31 13:00:00+00:00,1.05,0.444504976272583,0.13440280613184238,0.6113297343254089,-2.2620594699850027
2025-03-31 14:00:00+00:00,-3.59,0.45150935649871826,-0.09164263054612473,0.6097679138183594,-2.094807025322849
2025-03-31 15:00:00+00:00,2.11,0.4582931101322174,0.20883517960099574,0.6138105988502502,-6.074214442910785
2025-03-31 16:00:00+00:00,-21.54,0.4683510959148407,-0.2103861028333423,0.6108391880989075,-3.9812613579427545
2025-03-31 17:00:00+00:00,-0.37,0.4756098687648773,0.5092139861610034,0.606571614742279,2.153162812536424
2025-03-31 18:00:00+00:00,7.58,0.48607614636421204,0.5568330171503298,0.6013039350509644,-1.43866671742701
2025-04-01 09:00:00+00:00,-1.34,0.494548499584198,0.51671261406759,0.602598249912262,-1.4996403076668925
2025-04-01 10:00:00+00:00,-0.43,0.5054154396057129,-0.1607842814561638,0.6022038459777832,2.4640667351911123
2025-04-01 11:00:00+00:00,2.83,0.5163903832435608,0.43213638734319015,0.6039559841156006,-3.7602160789986794
2025-04-01 12:00:00+00:00,-6.98,0.5250563025474548,0.26932754928701896,0.6072580814361572,-4.627265811244184
2025-04-01 13:00:00+00:00,-11.49,0.538986325263977,1.146585976089494,0.6083572506904602,0.6883348074758703
2025-04-01 14:00:00+00:00,-2.79,0.5503720045089722,0.49162937525005335,0.6063256859779358,-2.265769418606693
2025-04-01 15:00:00+00:00,-4.27,0.5580675005912781,0.3309303682162787,0.6038693785667419,-5.773132596442634
2025-04-01 16:00:00+00:00,7.58,0.5651317834854126,0.4393626695456502,0.6009864807128906,1.9072093904966765
2025-04-01 17:00:00+00:00,-0.67,0.5759864449501038,-0.216363335664999,0.5962123274803162,-1.9630088194256372
