Datetime,y_true,LSTM_att,CatBoost,Hybrid,SARIMAX
2023-11-10 13:00:00+00:00,-0.0012793534,,-0.0003700457926366267,,-0.001315956781584806
2023-11-10 14:00:00+00:00,7.7302095e-05,,0.00015499521115426785,,7.777017035229887e-05
2023-11-10 15:00:00+00:00,0.00042350942,,0.00037648857677269126,,0.0003981320809486995
2023-11-10 16:00:00+00:00,-1.5453395e-05,,0.00024588855737571095,,6.817597272276138e-06
2023-11-10 17:00:00+00:00,0.00087428663,,0.0007958172117217291,,0.0008011604361330432
2023-11-10 18:00:00+00:00,0.0011480774,,0.00098392392287497,,0.0011089960661061335
2023-11-13 10:00:00+00:00,0.00082937535,,0.0008976504172410398,,0.0008534760356273789
2023-11-13 11:00:00+00:00,0.0012135325,,0.0012140318187612996,,0.001172761008563872
2023-11-13 12:00:00+00:00,-0.0005788623,,-0.0005435611688911279,,-0.0005421432056323778
2023-11-13 13:00:00+00:00,2.155939e-05,,-2.930132751787439e-05,,1.9381354234383477e-05
2023-11-13 14:00:00+00:00,0.00036643856,,0.0003692955381295048,,0.0003509648381837405
2023-11-13 15:00:00+00:00,-0.00040647777,,-0.0003504213274096902,,-0.00039513855169486873
2023-11-13 16:00:00+00:00,0.00030179476,,0.00020739214074325,,0.0002648439188470205
2023-11-13 17:00:00+00:00,0.00023706058,,0.0002193301722874393,,0.00023963294622718367
2023-11-13 18:00:00+00:00,-7.080442e-05,,0.00011621773300613194,,-7.039347123594792e-05
2023-11-14 10:00:00+00:00,-0.009005197,,-0.007984839761271555,,-0.008956853063124662
2023-11-14 11:00:00+00:00,0.0012262798,,0.00018002858255282314,,0.0012193539053131567
2023-11-14 12:00:00+00:00,-0.0017296448,,-0.0010817326922921992,,-0.0017152050347606508
2023-11-14 13:00:00+00:00,-0.0015396319,,-0.001557329027210477,,-0.0015326296572745958
2023-11-14 14:00:00+00:00,-0.0044486807,,-0.004555458802712894,,-0.004411594540172605
2023-11-14 15:00:00+00:00,0.0026198174,,0.0017729945868164947,,0.002518275309738463
2023-11-14 16:00:00+00:00,0.00116251,,0.0012010452455305746,,0.0011932885622798488
2023-11-14 17:00:00+00:00,-0.00028660614,,0.00011752527963420259,,-0.0002687027231449855
2023-11-14 18:00:00+00:00,0.00089381513,,0.000933706629416743,,0.0008357580229247816
2023-11-15 10:00:00+00:00,-0.0089680245,,-0.0076411591851379785,,-0.008858264029961926
2023-11-15 11:00:00+00:00,0.0013246199,,-0.001416808690894954,,0.001204554422356018
2023-11-15 12:00:00+00:00,0.00068046094,,0.00038693612550397006,,0.0007339086824066765
2023-11-15 13:00:00+00:00,-2.5077898e-05,,0.00012158236383529853,,-5.0357242561336725e-05
2023-11-15 14:00:00+00:00,0.0020699436,,0.001973326933951635,,0.0020956481677879136
2023-11-15 15:00:00+00:00,0.00053792197,,0.0009032299791479459,,0.0005141837869485193
2023-11-15 16:00:00+00:00,0.004769199,,0.0022508286415461255,,0.004779757934873102
2023-11-15 17:00:00+00:00,0.0014800905,,0.0016260212293951809,,0.0015006537801161323
2023-11-15 18:00:00+00:00,-0.00102277,,-0.0007158192268240874,,-0.0009991101347760455
2023-11-16 10:00:00+00:00,-0.0028375175,,-0.0026689261450601742,,-0.0028075996742170806
2023-11-16 11:00:00+00:00,-0.0005147925,,-0.0006032622942315837,,-0.0005418470801679536
2023-11-16 12:00:00+00:00,-0.00058062945,,-0.0005816632262105466,,-0.0005656709512417739
2023-11-16 13:00:00+00:00,-0.0010716156,,-0.0009108737032188245,,-0.0010613955587676794
2023-11-16 14:00:00+00:00,0.0023791173,,0.00043274375062648764,,0.0023516988769776057
2023-11-16 15:00:00+00:00,-0.001769749,,-0.000896257742332422,,-0.0018035120485094583
2023-11-16 16:00:00+00:00,0.0011271336,,-6.291340431539635e-05,,0.0011189326566631858
2023-11-16 17:00:00+00:00,-0.002781104,,-0.0023918895219697525,,-0.002693206540714462
2023-11-16 18:00:00+00:00,-0.0020799406,,-0.002215604391308206,,-0.002107857474973963
2023-11-17 10:00:00+00:00,-0.0036943997,,-0.003164925303853907,,-0.003779316025594252
2023-11-17 11:00:00+00:00,-0.0056844247,,-0.004985630813247035,,-0.005591774509098643
2023-11-17 12:00:00+00:00,0.0031223854,,0.0011714405927946516,,0.0030959548416753077
2023-11-17 13:00:00+00:00,1.5776777e-05,,0.00042175499245325395,,2.333872075007605e-06
2023-11-17 14:00:00+00:00,0.005396803,,0.003639953403304066,,0.0053137621395906755
2023-11-17 15:00:00+00:00,0.0016807412,,0.0016247491880566592,,0.0016930587955396859
2023-11-17 16:00:00+00:00,0.0014182779,,0.0010888566721135688,,0.001392317235213368
2023-11-17 17:00:00+00:00,0.0029709162,,0.0019509498209838564,,0.003039947431703487
2023-11-17 18:00:00+00:00,0.00017154987,,0.00037455219023030243,,0.0001817563341563643
2023-11-20 10:00:00+00:00,-0.0005365811,,-0.0005385433014730286,,-0.00047780855366760317
2023-11-20 11:00:00+00:00,0.0004430121,,0.00010825551375528968,,0.00041912457056561265
2023-11-20 12:00:00+00:00,-0.00052102754,,-0.00039897840330533154,,-0.000513196199983179
2023-11-20 13:00:00+00:00,-0.0011553403,,-0.0007881376811307751,,-0.001215276591639268
2023-11-20 14:00:00+00:00,0.00032800253,,0.00021046811384117683,,0.0002901290802533035
2023-11-20 15:00:00+00:00,0.0014263401,,0.0009098818069195658,,0.0013842892682567394
2023-11-20 16:00:00+00:00,-0.0002963365,,-0.00025586645808093017,,-0.0003007336814118052
2023-11-20 17:00:00+00:00,0.00031816834,,0.00010972641535161524,,0.0002700099614289198
2023-11-20 18:00:00+00:00,0.0003118315,,0.00029555974519823676,,0.0003166186565886549
2023-11-21 10:00:00+00:00,-0.0013072244,0.0001596811052877456,-0.001396204307202323,0.00018780586833599955,-0.0013803110615104193
2023-11-21 11:00:00+00:00,-0.0016309649,0.00016767338092904538,-0.0016292294780756926,0.0001634172658668831,-0.0015130853192015113
2023-11-21 12:00:00+00:00,-0.0007413745,0.00017518555978313088,-0.0012623507436716926,0.00014841956726741046,-0.0007075340365358069
2023-11-21 13:00:00+00:00,0.00045052092,0.0001822590857045725,0.00043599106953313386,0.00013673357898369431,0.00040491683310472725
2023-11-21 14:00:00+00:00,0.0021153581,0.00018758040096145123,0.0018782983393193149,0.00011647113569779322,0.002012424091568067
2023-11-21 15:00:00+00:00,0.00037136613,0.0001935447653522715,0.0006625104508152321,9.544116619508713e-05,0.0003787534987387136
2023-11-21 16:00:00+00:00,0.00128779,0.00020088044402655214,0.001422639168937659,8.345001697307453e-05,0.0012928313520868156
2023-11-21 17:00:00+00:00,0.0021851333,0.00020483734260778874,0.002044395529905179,7.118551729945466e-05,0.002130904170344951
2023-11-21 18:00:00+00:00,0.000730425,0.00020814624440390617,0.0007211756213587378,6.546649092342705e-05,0.0007324809885363613
2023-11-22 10:00:00+00:00,0.0054813335,0.00021468102931976318,0.004476617595799254,5.219963350100443e-05,0.005443368249740473
2023-11-22 11:00:00+00:00,-0.001425539,0.0002216398570453748,-0.0010790765056603432,3.993174686911516e-05,-0.0013388363372555414
2023-11-22 12:00:00+00:00,0.0005723151,0.00022918723698239774,0.0003825236710335187,3.29860849888064e-05,0.0005712784141110229
2023-11-22 13:00:00+00:00,-0.00020723305,0.00023601087741553783,-0.0002824486234035162,1.8060472939396277e-05,-0.00018686373494115004
2023-11-22 14:00:00+00:00,-0.00084484165,0.00024031595967244357,-0.0005983723677372475,2.1632001789839705e-06,-0.0008628266722012324
2023-11-22 15:00:00+00:00,-0.000978804,0.0002393205650150776,-0.0008661863436274865,-1.4857076166663319e-05,-0.0009838195934967183
2023-11-22 16:00:00+00:00,9.606431e-05,0.00023494797642342746,-7.899614680695837e-05,-3.462195672909729e-05,9.579859720350168e-05
2023-11-22 17:00:00+00:00,0.0014212927,0.00023193861125037074,0.0008179404095390352,-5.938878530287184e-05,0.001383524672814225
2023-11-22 18:00:00+00:00,-0.0003404308,0.00023104698630049825,-5.6565435706939506e-05,-8.21694775368087e-05,-0.0003329482953995612
2023-11-23 10:00:00+00:00,1.8571942e-05,0.00022959106718190014,-3.572611936005106e-05,-0.00010372672841185704,-6.43938820491982e-06
2023-11-23 11:00:00+00:00,0.0007054783,0.00022692506900057197,0.0004353646460098494,-0.000126890983665362,0.0007632450086264061
2023-11-23 12:00:00+00:00,-0.0007704816,0.00022020857431925833,-0.0007467698055860908,-0.0001524755934951827,-0.000768192799409007
2023-11-23 13:00:00+00:00,-0.0017752942,0.00021340473904274404,-0.001786509553723727,-0.00017713155830278993,-0.0018195034151879533
2023-11-23 14:00:00+00:00,-0.00034426985,0.00020423627574928105,-0.0005694191631352775,-0.00020225724438205361,-0.00032775659402074184
2023-11-23 15:00:00+00:00,0.00013648151,0.00019100794452242553,0.00014151633867732114,-0.00022909547260496765,9.578456675995375e-05
2023-11-23 16:00:00+00:00,-2.7915157e-05,0.00017514605133328587,0.00011412791336944705,-0.0002491317573003471,-2.707911832164895e-05
2023-11-23 17:00:00+00:00,-0.0015986668,0.00016547377163078636,-0.0015954158199173395,-0.0002763158699963242,-0.0015099426630803884
2023-11-23 18:00:00+00:00,0.00068013376,0.0001536992785986513,0.00011660561113477724,-0.0003008893399965018,0.0006600530498494468
2023-11-24 10:00:00+00:00,0.00041592692,0.0001387291558785364,-0.00019358394639303457,-0.0003228702407795936,0.00038966848105337554
2023-11-24 11:00:00+00:00,0.0016619798,0.00012484904436860234,0.0016756499188403454,-0.0003442856832407415,0.0016595293637829878
2023-11-24 12:00:00+00:00,-0.001326881,0.00011157585686305538,-0.0004908574979644401,-0.0003575594746507704,-0.001314978833098255
2023-11-24 13:00:00+00:00,-0.00049648277,9.482091991230845e-05,-0.0005810382287863444,-0.0003699817752931267,-0.0005025458897281458
2023-11-24 14:00:00+00:00,-0.0021407995,7.276407995959744e-05,-0.0020538475455888073,-0.0003843932063318789,-0.0020670078859485355
2023-11-24 15:00:00+00:00,-0.0029624114,4.962309685652144e-05,-0.002961228815236722,-0.00039106185431592166,-0.0029518659976131584
2023-11-24 16:00:00+00:00,0.0019011886,3.237476630602032e-05,0.0016701969324555228,-0.00040017746505327523,0.0018293469773694607
2023-11-24 17:00:00+00:00,0.0019783815,2.0778852558578365e-05,0.001739925372882529,-0.00041442993097007275,0.0019430619306639594
2023-11-24 18:00:00+00:00,-5.2830386e-05,7.659752554900479e-06,0.00029622135145308484,-0.00042658369056880474,-7.471177595290712e-05
2023-11-27 10:00:00+00:00,5.9045546e-05,-9.468129064771347e-06,-0.00034694645799001857,-0.00043642817763611674,9.166314129227328e-05
2023-11-27 11:00:00+00:00,0.0008014314,-2.4252112780231982e-05,0.0006260739271601711,-0.0004421909980010241,0.0007991544793484672
2023-11-27 12:00:00+00:00,-0.0020794584,-3.463468965492211e-05,-0.0003458131689691575,-0.0004472529690247029,-0.0020256565789553934
2023-11-27 13:00:00+00:00,-0.0010273366,-4.6374905650736764e-05,-0.001315466767127497,-0.0004541092785075307,-0.0010337135374765155
2023-11-27 14:00:00+00:00,-3.1147894e-05,-6.165449303807691e-05,3.238712829036378e-05,-0.0004579539527185261,-7.140637123713369e-07
2023-11-27 15:00:00+00:00,-0.0018612893,-7.192848715931177e-05,-0.001849636484239612,-0.00046227636630646884,-0.0018347678115518355
2023-11-27 16:00:00+00:00,-0.0039867535,-7.541585364378989e-05,-0.004086393333905964,-0.0004688782792072743,-0.004001836996091132
2023-11-27 17:00:00+00:00,-0.0016995874,-7.573939365101978e-05,-0.0016947686092882463,-0.00047371615073643625,-0.0017590335637234682
2023-11-27 18:00:00+00:00,0.0014896472,-8.100074046524242e-05,0.0013379970756879093,-0.0004816098080482334,0.0014690654428528693
2023-11-28 10:00:00+00:00,-0.008481361,-8.623980829725042e-05,-0.005976604476878871,-0.0004865228256676346,-0.008357214124167086
2023-11-28 11:00:00+00:00,0.0020648052,-8.569453348172829e-05,-0.0010479778637990627,-0.00048714029253460467,0.0019396474547150996
2023-11-28 12:00:00+00:00,0.0013678728,-8.672563853906468e-05,0.0010523124283762246,-0.00048746142419986427,0.0013278533601522216
2023-11-28 13:00:00+00:00,-0.0010745997,-8.974007505457848e-05,-0.0003090131522422769,-0.0004820195899810642,-0.0010284413275287222
2023-11-28 14:00:00+00:00,0.00010719668,-9.196691826218739e-05,0.00011873499563614717,-0.00047779534361325204,7.953426299707724e-05
2023-11-28 15:00:00+00:00,0.0025126748,-9.511848475085571e-05,0.0015628405850877487,-0.0004699847777374089,0.0024915436060175896
2023-11-28 16:00:00+00:00,0.0012414105,-9.686379780760035e-05,0.0013178063958686937,-0.00046513756387867033,0.0012512804292937657
2023-11-28 17:00:00+00:00,0.002907348,-9.741858957568184e-05,0.0011811063951119142,-0.0004598911327775568,0.0028610844177377275
2023-11-28 18:00:00+00:00,0.0010172989,-0.00010013555584009737,0.0008233446954149724,-0.0004596211074385792,0.0010158986121261476
2023-11-29 10:00:00+00:00,-0.0035666528,-0.00010474514419911429,-0.0022076607956783333,-0.00046346805174835026,-0.0035000399771817087
2023-11-29 11:00:00+00:00,-0.0013352793,-0.00010898242908297107,-0.0010064696958978412,-0.00046022236347198486,-0.0013199414456879085
2023-11-29 12:00:00+00:00,-0.00094362476,-0.00011023083789041266,-0.00037938707732028436,-0.0004529957368504256,-0.0009277387856487924
2023-11-29 13:00:00+00:00,0.0013051117,-0.00011300307960482314,0.0003383225320321558,-0.00045075788511894643,0.0012403476506587204
2023-11-29 14:00:00+00:00,-8.485909e-05,-0.00011489242751849815,1.3325052474410815e-05,-0.0004516339104156941,-7.10361246006958e-05
2023-11-29 15:00:00+00:00,0.0017428801,-0.00011670969979604706,0.00047233003323906577,-0.00045132386730983853,0.0016826801033362122
2023-11-29 16:00:00+00:00,-0.0008946131,-0.00011805768735939637,-0.0005532350846743216,-0.0004507476987782866,-0.0008748130269575589
2023-11-29 17:00:00+00:00,-0.0008294089,-0.00011525976151460782,-0.0006683600430374223,-0.0004466838436201215,-0.0007651602967773446
2023-11-29 18:00:00+00:00,-0.0025648342,-0.00011262126645306125,-0.002404593577768505,-0.00044933758908882737,-0.002516973923282644
2023-11-30 10:00:00+00:00,-0.0054314216,-0.00011129517952213064,-0.00556483053033496,-0.0004470556159503758,-0.005310440356318504
2023-11-30 11:00:00+00:00,0.0010133222,-0.00010923036461463198,0.0006021448675305132,-0.00044497562339529395,0.0008340212806604373
2023-11-30 12:00:00+00:00,-0.000636373,-0.00010648119496181607,-0.0002328594280728761,-0.00044732820242643356,-0.0006627567145124848
2023-11-30 13:00:00+00:00,0.0045943097,-0.00010530214785831049,0.0018450016501529072,-0.0004482389776967466,0.0045548740151290625
2023-11-30 14:00:00+00:00,-0.0018743556,-0.0001097197164199315,-0.0005005392305790223,-0.00044847713434137404,-0.0018028277996278452
2023-11-30 15:00:00+00:00,-0.0003064156,-0.0001180876643047668,-0.00038404711471214835,-0.0004489246930461377,-0.00029854169098909866
2023-11-30 16:00:00+00:00,-0.0046678446,-0.00012787165178451687,-0.004363749734235545,-0.000448129401775077,-0.004556665512065953
2023-11-30 17:00:00+00:00,0.0038460612,-0.00013917661271989346,0.0021342864079075944,-0.0004468441766221076,0.0036886490168649916
2023-11-30 18:00:00+00:00,0.0010239653,-0.0001508245331933722,0.0010262045543783936,-0.0004518916248343885,0.0010605620525812342
2023-12-01 10:00:00+00:00,-0.0050033513,-0.00016132013115566224,-0.0042751100753978385,-0.00045231188414618373,-0.0049103437976417055
2023-12-01 11:00:00+00:00,0.0024066332,-0.00017340213526040316,0.0004629203375765285,-0.00045116417459212244,0.0023391464863729092
2023-12-01 12:00:00+00:00,0.00017416886,-0.00018282960809301585,0.00019357818528838595,-0.00045182215399108827,0.00015287853493060698
2023-12-01 13:00:00+00:00,-9.816417e-05,-0.00018980081949848682,0.00010083331807329661,-0.0004537798813544214,-8.686601081597941e-05
2023-12-01 14:00:00+00:00,-0.0024953363,-0.00019519995839800686,-0.002130554831928965,-0.00045573897659778595,-0.0023963065596515746
2023-12-01 15:00:00+00:00,-0.0016967036,-0.0002011091710301116,-0.0020975580423154214,-0.0004554289043880999,-0.0016920775552260769
2023-12-01 16:00:00+00:00,0.0005372832,-0.00020574730297084898,4.9604656180231226e-05,-0.00045707638491876423,0.0004487025101990311
2023-12-01 17:00:00+00:00,-0.0017368792,-0.0002094623923767358,-0.0014071339715078083,-0.00046120965271256864,-0.0017508428147093576
2023-12-01 18:00:00+00:00,0.0004615534,-0.00021317852952051908,0.00026291088502198765,-0.0004599497187882662,0.00046424659750894675
2023-12-04 10:00:00+00:00,-0.008010254,-0.00021530537924263626,-0.006921277670882835,-0.0004604286514222622,-0.007892439482493987
2023-12-04 11:00:00+00:00,-0.00059686357,-0.0002160270232707262,-0.0006131070729358031,-0.00045905628940090537,-0.000704314831135184
2023-12-04 12:00:00+00:00,0.0024909887,-0.00021378493693191558,0.0012639070082237813,-0.00045832383329980075,0.002377548093988782
2023-12-04 13:00:00+00:00,-0.0017273237,-0.0002121016732417047,-0.0011417270029487852,-0.00045819536899216473,-0.0016792576584325639
2023-12-04 14:00:00+00:00,0.0013077847,-0.00021212136198300868,0.0007152772271066391,-0.0004549489531200379,0.0012788958930343324
2023-12-04 15:00:00+00:00,-5.7660334e-05,-0.00021041241416241974,-4.476026042512314e-05,-0.0004545810807030648,-7.367746430848429e-05
2023-12-04 16:00:00+00:00,-0.0009679085,-0.00020625242905225605,-0.0007338030252653712,-0.00045271095586940646,-0.0009211933516416046
2023-12-04 17:00:00+00:00,-0.001472889,-0.0002026122238021344,-0.001360307088748867,-0.00045027086162008345,-0.0014590089266134515
2023-12-04 18:00:00+00:00,0.00012202092,-0.00019964516104664654,-0.00010828916824999607,-0.000443080672994256,6.17327389506623e-05
2023-12-05 10:00:00+00:00,-0.0015777866,-0.00019297649851068854,-0.0017546800940317832,-0.0004402796912472695,-0.0015330755744748625
2023-12-05 11:00:00+00:00,-0.003550273,-0.0001843172067310661,-0.0030018707377925022,-0.0004363476182334125,-0.0034901651263676454
2023-12-05 12:00:00+00:00,0.0011353961,-0.00017369516717735678,0.0005097459607307656,-0.0004347800277173519,0.0009917753842407795
2023-12-05 13:00:00+00:00,0.004859226,-0.0001623873395146802,0.0025969125201529193,-0.0004337854916229844,0.004685686814912569
2023-12-05 14:00:00+00:00,0.0029023227,-0.00015110922686289996,0.0030353724340070037,-0.0004327263741288334,0.002975223918843832
2023-12-05 15:00:00+00:00,-0.0021038246,-0.00014083119458518922,-0.0011504837029294808,-0.00043374040978960693,-0.0019824030840902072
2023-12-05 16:00:00+00:00,0.00101564,-0.00012997635349165648,4.2641309964126334e-05,-0.000431761029176414,0.000894176502569952
2023-12-05 17:00:00+00:00,0.0024818908,-0.00012319962843321264,0.0022496163385092006,-0.00043073983397334814,0.0024632008858606366
2023-12-05 18:00:00+00:00,-0.00038339515,-0.0001168801318272017,-0.0003126994313038716,-0.00043346150778234005,-0.00034863921414496145
2023-12-06 10:00:00+00:00,-0.002915412,-0.00010832622501766309,-0.002902013606450683,-0.00043844396714121103,-0.0027690493864974603
2023-12-06 11:00:00+00:00,-0.0017867258,-9.899769793264568e-05,-0.0018829692309663341,-0.00043982689385302365,-0.0018014580603464114
2023-12-06 12:00:00+00:00,-0.003902102,-9.035853872774169e-05,-0.003509585428322929,-0.00044012919533997774,-0.003780834763829544
2023-12-06 13:00:00+00:00,-0.0016645488,-8.008030999917537e-05,-0.0018433691315004686,-0.00043876105337403715,-0.0018496619808898431
2023-12-06 14:00:00+00:00,-0.0006653038,-7.176672079367563e-05,-0.0006607857176267459,-0.0004330426163505763,-0.0006723580167212711
2023-12-06 15:00:00+00:00,-0.00014216111,-6.419327110052109e-05,-0.00010178917987076745,-0.0004272256337571889,-0.00022924627835277405
2023-12-06 16:00:00+00:00,-0.0033693113,-5.7671652029966936e-05,-0.0032460776198065242,-0.0004197231028228998,-0.003225932841778934
2023-12-06 17:00:00+00:00,0.001399594,-5.042761404183693e-05,0.0009511903427089233,-0.0004172953777015209,0.0012563800944542366
2023-12-06 18:00:00+00:00,-0.0030057072,-4.550687663140707e-05,-0.0030166120354123446,-0.00041485996916890144,-0.0028979258953907984
2023-12-07 10:00:00+00:00,-0.006957088,-3.94407834392041e-05,-0.0061314400639549725,-0.00040602253284305334,-0.006801315308674446
2023-12-07 11:00:00+00:00,-0.0012695465,-3.5270819353172556e-05,-0.0012663327170698252,-0.00039589774678461254,-0.0015089271394293415
2023-12-07 12:00:00+00:00,0.00044845178,-3.1261908588930964e-05,0.000403907772756631,-0.0003852573281619698,0.00034359176999293527
2023-12-07 13:00:00+00:00,0.0027517707,-2.8954182198503986e-05,0.002510380779478943,-0.00037595094181597233,0.0026236216892614175
2023-12-07 14:00:00+00:00,-0.0046812138,-2.783183299470693e-05,-0.0038453650021552307,-0.0003643760283011943,-0.004430304088257186
2023-12-07 15:00:00+00:00,0.005415264,-2.5700868718558922e-05,0.0036538494384486214,-0.00035019865026697516,0.005128761615046403
2023-12-07 16:00:00+00:00,0.002036206,-2.65580129052978e-05,0.0020610215337923585,-0.00033489044290035963,0.0020293555859476823
2023-12-07 17:00:00+00:00,0.0013660049,-2.6214009267278016e-05,0.0012256553132338323,-0.00032448035199195147,0.0013751106289824704
2023-12-07 18:00:00+00:00,-0.0010178217,-3.070105958613567e-05,-0.00029588087366079393,-0.000315061624860391,-0.0009600267018151081
2023-12-08 10:00:00+00:00,0.0045931125,-3.102694245171733e-05,0.003575509990050524,-0.00030341357341967523,0.0044420444009823385
2023-12-08 11:00:00+00:00,0.0013431053,-3.292803012300283e-05,0.0013254908121557386,-0.00029109418392181396,0.0014619855607431549
2023-12-08 12:00:00+00:00,0.00032660348,-3.369099067640491e-05,0.00031938323092549966,-0.0002813135215546936,0.00037036256193138185
2023-12-08 13:00:00+00:00,-0.002667687,-3.648611163953319e-05,-0.00246870511790988,-0.00026367275859229267,-0.0025331506346171775
2023-12-08 14:00:00+00:00,-0.0012261543,-3.626294346759096e-05,-0.0012368872615189108,-0.00026013542083092034,-0.0013105720348658844
2023-12-08 15:00:00+00:00,-0.00274971,-3.461363667156547e-05,-0.0021980822144898916,-0.0002530339115764946,-0.002717768949500278
2023-12-08 16:00:00+00:00,0.00037096938,-2.8208360163262114e-05,-0.00010215639923635947,-0.0002454229979775846,0.00022472183746145169
2023-12-08 17:00:00+00:00,-6.8326124e-05,-1.929194331751205e-05,-0.0001249026455870115,-0.0002351617586100474,-5.172401446880262e-05
2023-12-08 18:00:00+00:00,0.0021451632,-9.521771062281914e-06,0.0011832177666610422,-0.0002125384780811146,0.0020208541338721585
2023-12-11 10:00:00+00:00,-0.0075740903,-4.4482146677182755e-07,-0.006993729579711829,-0.00019657713710330427,-0.007180195668454974
2023-12-11 11:00:00+00:00,0.00080772146,7.638439456059132e-06,-0.0005418622076210551,-0.0001721721637295559,0.0005187417214620613
2023-12-11 12:00:00+00:00,-0.00016018437,1.727369635773357e-05,-0.00014954283194375657,-0.00015257843188010156,-0.00014631766272166178
2023-12-11 13:00:00+00:00,-0.00074241357,2.5315177481388673e-05,-0.0007437722986985062,-0.00012842629803344607,-0.0007796227891681517
2023-12-11 14:00:00+00:00,-0.003506924,3.6967205232940614e-05,-0.0034870986551330603,-0.00010864296200452372,-0.0033510891318848813
2023-12-11 15:00:00+00:00,-0.004128995,4.7195509978337213e-05,-0.004079018924335395,-7.55822256905958e-05,-0.004082630040894434
2023-12-11 16:00:00+00:00,-8.242433e-05,5.617300121230073e-05,-0.0020328043267454133,-5.6668093748157844e-05,-0.0002562464453234137
2023-12-11 17:00:00+00:00,0.0015155212,6.641368236159906e-05,0.0003270191156852011,-3.6685461964225397e-05,0.001402340981768993
2023-12-11 18:00:00+00:00,-0.003756768,7.504579843953252e-05,-0.0032569932753951274,-1.5814199286978692e-05,-0.0035422960957610943
2023-12-12 10:00:00+00:00,-0.0014484226,8.386954141315073e-05,-0.0015657509925468874,1.0824124728969764e-05,-0.001540395486438073
2023-12-12 11:00:00+00:00,-0.005332231,9.246189438272268e-05,-0.003889100133364759,3.739857493201271e-05,-0.005184524058038089
2023-12-12 12:00:00+00:00,0.0018547393,0.00010413712880108505,0.0015008962505441612,6.403956649592146e-05,0.0016303908558658719
2023-12-12 13:00:00+00:00,0.0038513725,0.00011626873310888186,0.003453167878434193,8.041126420721412e-05,0.003565100692526119
2023-12-12 14:00:00+00:00,0.006199893,0.0001296177797485143,0.0031101440424546327,0.0001025521123665385,0.006064123377990054
2023-12-12 15:00:00+00:00,0.0010317782,0.00014140272105578333,0.0009901208792082684,0.0001210618793265894,0.0012040414927878525
2023-12-12 16:00:00+00:00,-0.0037873038,0.00015370111213997006,-0.0012825878481514048,0.0001481425715610385,-0.003474646466911422
2023-12-12 17:00:00+00:00,-0.00030334105,0.0001642097340663895,-0.000745904801908416,0.00017239429871551692,-0.00039545264311035373
2023-12-12 18:00:00+00:00,-0.0041438714,0.0001767614739947021,-0.001892363485420866,0.00019560423970688134,-0.003949998586919884
2023-12-13 10:00:00+00:00,-0.00096407585,0.0001858577161328867,-0.0009142665479959721,0.00021839718101546168,-0.0011350485539082795
2023-12-13 11:00:00+00:00,0.0034280152,0.000196722277905792,0.0017135542950276186,0.00023069159942679107,0.0031905005067012046
2023-12-13 12:00:00+00:00,0.0030870533,0.00020548539760056883,0.002832679509765847,0.0002469953033141792,0.003075022381064737
2023-12-13 13:00:00+00:00,0.00089859834,0.00021067354828119278,0.0009109473221875179,0.0002594013058114797,0.0009540704309164481
2023-12-13 14:00:00+00:00,0.00016778054,0.00021285359980538487,0.00016024888345750115,0.00027211866108700633,0.0001517012786628094
2023-12-13 15:00:00+00:00,-0.0027175585,0.0002187548525398597,-0.0023200099949115347,0.00028040638426318765,-0.0025323776454006597
2023-12-13 16:00:00+00:00,-0.0018257308,0.00022372454986907542,-0.0018312746744225772,0.0002891724871005863,-0.001797959458115964
2023-12-13 17:00:00+00:00,0.0021489307,0.00022845249623060226,0.00011254067382753186,0.0002982212754432112,0.001930045128571061
2023-12-13 18:00:00+00:00,-0.0001483951,0.00023449896252714097,-0.00010099887535035563,0.0003049160004593432,-8.888101579676414e-05
2023-12-14 10:00:00+00:00,0.0029637262,0.00024251158174593002,0.0018620263218740187,0.0003125786897726357,0.002829108732589908
2023-12-14 11:00:00+00:00,0.0015573717,0.00024705188116058707,0.0011166184482391845,0.0003211174625903368,0.001601366882982132
2023-12-14 12:00:00+00:00,-0.0011037093,0.0002503630530554801,-0.001025011440660947,0.00033100476139225066,-0.0010526908300626107
2023-12-14 13:00:00+00:00,-0.0012135146,0.00025697899400256574,-0.0011889760624140195,0.0003345644217915833,-0.001112026091684937
2023-12-14 14:00:00+00:00,-0.0024776382,0.00026651189546100795,-0.001788923998703771,0.00034050593967549503,-0.002442849423282558
2023-12-14 15:00:00+00:00,-0.0010297608,0.0002783414674922824,-0.00159534529139602,0.00034925187355838716,-0.001052041502387095
2023-12-14 16:00:00+00:00,-0.0035628253,0.0002874877245631069,-0.003544009466844642,0.0003541393089108169,-0.003390897393441788
2023-12-14 17:00:00+00:00,-0.0012335691,0.00029728433582931757,-0.00107545330566184,0.0003509914386086166,-0.0013823070452821428
2023-12-14 18:00:00+00:00,-0.0016404825,0.0003067092620767653,-0.0018492341649833498,0.0003474351833574474,-0.0016092842723150183
2023-12-15 10:00:00+00:00,-0.011717388,0.0003198475169483572,-0.007445158480255448,0.0003339727991260588,-0.01122465654408386
2023-12-15 11:00:00+00:00,0.00043033456,0.00033057431573979557,-0.00019364043871367598,0.0003251548623666167,-0.00010641414277679271
2023-12-15 12:00:00+00:00,-0.00049422815,0.00034642231184989214,-0.0004916995544538012,0.00031701306579634547,-0.0006098165406254253
2023-12-15 13:00:00+00:00,0.007137502,0.0003609592095017433,0.005952645181289346,0.00031152373412624,0.0065702260018821864
2023-12-15 14:00:00+00:00,0.004441024,0.00037321625859476626,0.0039372006398879136,0.0002998322597704828,0.004527535936242997
2023-12-15 15:00:00+00:00,0.0008439941,0.00038553011836484075,0.0010495054466167577,0.0002951796050183475,0.001022905776792526
2023-12-15 16:00:00+00:00,0.0073233973,0.000397619471186772,0.004555182822025596,0.0002872766926884651,0.007117845863264676
2023-12-15 17:00:00+00:00,0.0007943035,0.00040941007318906486,0.0012181187965672332,0.0002753654553089291,0.0010175879539406107
2023-12-15 18:00:00+00:00,-0.00046793648,0.0004200584953650832,-0.00022966663393729687,0.0002694220747798681,-0.00031890872089538025
2023-12-18 10:00:00+00:00,0.008745747,0.00043232503230683506,0.007061485073922672,0.00026323227211833,0.008439725327909446
2023-12-18 11:00:00+00:00,0.0037309339,0.00044114538468420506,0.003656968063219245,0.00025890363031066954,0.003977814740012891
2023-12-18 12:00:00+00:00,-0.0021572872,0.0004515147884376347,-0.0009234747892347182,0.0002487751771695912,-0.0018440351884969899
2023-12-18 13:00:00+00:00,-0.00069836737,0.0004586456634569913,-0.0006437613438703132,0.0002517497050575912,-0.0007289579430284648
2023-12-18 14:00:00+00:00,0.003909793,0.00046850135549902916,0.0021096220614119313,0.0002485665900167078,0.003703807781754002
2023-12-18 15:00:00+00:00,-0.00079049973,0.0004769845400005579,-0.0003795102756243026,0.0002480341063346714,-0.000719011570712809
2023-12-18 16:00:00+00:00,0.002781869,0.00048228632658720016,0.001726644251247521,0.00024314940674230456,0.002677767124027568
2023-12-18 17:00:00+00:00,0.0008337024,0.0004872568533755839,0.0009506694301308381,0.00024344284611288458,0.0008468056306181425
2023-12-18 18:00:00+00:00,-0.0024869416,0.000490431091748178,-0.0017201142810494784,0.00023850769503042102,-0.0023272228857323376
2023-12-19 10:00:00+00:00,0.0026749962,0.0004921405925415456,0.0022125070319182066,0.00023359230544883758,0.0024844324136318236
2023-12-19 11:00:00+00:00,0.0016067487,0.0004923056112602353,0.0016108770169364626,0.00023375466116704047,0.0015129517645169881
2023-12-19 12:00:00+00:00,-0.0017980459,0.0004906367976218462,-0.001293027453929825,0.00022742871078662574,-0.0016313720304227842
2023-12-19 13:00:00+00:00,0.0005802636,0.0004903960507363081,-8.892898821682442e-06,0.00022197162616066635,0.00040835496596231663
2023-12-19 14:00:00+00:00,-0.0028299396,0.0004883937072008848,-0.0023626874081558065,0.00021144871425349265,-0.0026485442480829297
2023-12-19 15:00:00+00:00,-0.0027793073,0.00048234639689326286,-0.0028573039286264182,0.00020376428437884897,-0.0027693917625690053
2023-12-19 16:00:00+00:00,0.0030100264,0.00047804522910155356,0.0013309431427464208,0.00019704661099240184,0.0028092914496250848
2023-12-19 17:00:00+00:00,0.0015713727,0.00047588814049959183,0.001564815313377909,0.00018942845053970814,0.0015717194316519582
2023-12-19 18:00:00+00:00,0.000360029,0.0004731955414172262,0.00036743421547707204,0.0001751935196807608,0.000318663192384549
2023-12-20 10:00:00+00:00,0.0040422273,0.00047094744513742626,0.003744378917429278,0.00016334094107151031,0.003918293200081338
2023-12-20 11:00:00+00:00,0.003140925,0.00046865257900208235,0.0028812380511247754,0.00015288601571228355,0.0031911322469133116
2023-12-20 12:00:00+00:00,-0.00062159717,0.0004676922399085015,-0.0005845981294221981,0.00013985113764647394,-0.0005140305718073928
2023-12-20 13:00:00+00:00,0.0018218283,0.00046589740668423474,0.0008502508298890077,0.0001278004056075588,0.0018243631339193234
2023-12-20 14:00:00+00:00,0.00028295457,0.00046336292871274054,0.00037039816764568496,0.0001129449883592315,0.00030537304884209465
2023-12-20 15:00:00+00:00,0.00015430512,0.00045740665518678725,6.123737733725105e-05,9.919966396410018e-05,0.00017841219438582655
2023-12-20 16:00:00+00:00,-0.00081358466,0.00045375857735052705,-0.0005849138276912322,8.092648931778967e-05,-0.0007518752971950842
2023-12-20 17:00:00+00:00,0.0006174845,0.00045203370973467827,0.00041270716517799,6.352916534524411e-05,0.0005447564492511609
2023-12-20 18:00:00+00:00,-0.0018310514,0.00044691015500575304,-0.0013205265656484988,4.6096778532955796e-05,-0.0018244800758803418
2023-12-21 10:00:00+00:00,-0.007864228,0.00044188316678628325,-0.006009321119607254,3.6906421883031726e-05,-0.007627623836269564
2023-12-21 11:00:00+00:00,0.0010804656,0.0004396874865051359,0.0006472480909912157,2.9782569981762208e-05,0.0008385603516867895
2023-12-21 12:00:00+00:00,-0.0003243415,0.0004348921647761017,-0.00023858734320219118,2.315223537152633e-05,-0.0003637399812796283
2023-12-21 13:00:00+00:00,-0.0007723562,0.00042961540748365223,-0.0008732281726323194,1.7272092009079643e-05,-0.0007986566338479663
2023-12-21 14:00:00+00:00,-0.001071902,0.00042061341810040176,-0.0009469647963756406,1.2067572242813185e-05,-0.0011373503064112248
2023-12-21 15:00:00+00:00,-0.007836959,0.0004157107905484736,-0.007253669590390222,7.900672244431917e-06,-0.00756983824713214
2023-12-21 16:00:00+00:00,0.0034921283,0.0004140708188060671,0.002197489111477862,6.570016466866946e-06,0.0031638951674014377
2023-12-21 17:00:00+00:00,0.0016078983,0.0004142435500398278,0.0016460144684476276,1.0157579026781605e-06,0.0015455454926752439
2023-12-21 18:00:00+00:00,0.0016248386,0.00041014704038389027,0.0016336951454406824,-3.370572585481568e-07,0.0015800808674587663
2023-12-22 10:00:00+00:00,0.008310715,0.0004040164640173316,0.006755736850434701,1.216242367263476e-06,0.008134267299819356
2023-12-22 11:00:00+00:00,-0.00087802554,0.0003970323596149683,-4.990342826239095e-07,-1.4225173572413041e-06,-0.0006410639203783589
2023-12-22 12:00:00+00:00,0.00024863693,0.0003934215637855232,0.00012528923158937327,-1.8705453612710699e-06,0.00023845257175277365
2023-12-22 13:00:00+00:00,0.00082619296,0.00039086322067305446,0.000785170888063146,-6.887745712447213e-06,0.0008403771797156765
2023-12-22 14:00:00+00:00,-0.0016692257,0.0003898988652508706,-0.0006951728539858677,-1.1657793947961181e-05,-0.0015815796786642542
2023-12-22 15:00:00+00:00,-0.0017270435,0.0003879603755194694,-0.0014915087439451567,-1.4624654795625247e-05,-0.0017315747768390703
2023-12-22 16:00:00+00:00,0.0023860263,0.00038446192047558725,0.000999299777191375,-1.6581660020165145e-05,0.0023027101455017373
2023-12-22 17:00:00+00:00,0.00026476296,0.0003809845948126167,0.0003112864215231376,-1.544588667456992e-05,0.00026069199647935613
2023-12-22 18:00:00+00:00,-0.0015960974,0.00037766681634821,-0.0013911370792382381,-1.3490182027453557e-05,-0.0015935051473881482
2023-12-25 10:00:00+00:00,0.004594001,0.00037233546026982367,0.004560267225138259,-1.2933960533700883e-05,0.0043772720873686164
2023-12-25 11:00:00+00:00,-0.0004507231,0.0003685218107420951,-0.0004325375333366484,-9.536932338960469e-06,-0.0004251111864657486
2023-12-25 12:00:00+00:00,-0.00074091495,0.0003671137383207679,-0.0007474980995065218,-3.669562147479155e-06,-0.0006489718993497623
2023-12-25 13:00:00+00:00,-0.0009865909,0.00036509273923002183,-0.0011129608711810508,-8.728133025215357e-07,-0.0009596200213272657
2023-12-25 14:00:00+00:00,-0.0014720222,0.00036461837589740753,-0.001436398491287883,5.590536147792591e-06,-0.0014657154434944868
2023-12-25 15:00:00+00:00,-0.0025002963,0.00036072731018066406,-0.0029726793921913525,1.4426851521420758e-05,-0.0024146046486264784
2023-12-25 16:00:00+00:00,0.0013980902,0.00035713930265046656,0.0010227867376359774,2.1656944227288477e-05,0.0012413316263734995
2023-12-25 17:00:00+00:00,0.0014155153,0.00035092426696792245,0.001430688414159518,3.961882976000197e-05,0.0013407773805663664
2023-12-25 18:00:00+00:00,0.0008231795,0.00034470600076019764,0.000841449783551242,4.505342440097593e-05,0.0007505348533988481
2023-12-26 10:00:00+00:00,-0.0038019663,0.0003359316033311188,-0.00375031672739025,5.070831684861332e-05,-0.003543769486776439
2023-12-26 11:00:00+00:00,9.716883e-05,0.00032663930323906243,-0.00016569767765010391,6.707909778924659e-05,4.4306119454982004e-05
2023-12-26 12:00:00+00:00,-0.0016304466,0.0003199937054887414,-0.0016373759066504988,8.223485201597214e-05,-0.0016528218701302201
2023-12-26 13:00:00+00:00,0.00095978944,0.00031343279988504946,0.0009585317963036295,0.00010036216553999111,0.0009386613019885998
2023-12-26 14:00:00+00:00,0.0011984428,0.00030392073676921427,0.001251710144954169,0.00011750229896279052,0.0011180467146591733
2023-12-26 15:00:00+00:00,0.001979142,0.0002942910068668425,0.0016974580940918964,0.00014111401105765253,0.001910191555484459
2023-12-26 16:00:00+00:00,-0.00022617416,0.0002881638065446168,0.0004836208804941107,0.00016295861860271543,-0.0001805285490872163
2023-12-26 17:00:00+00:00,0.0011045372,0.00028100277995690703,0.0011116161123019964,0.00017970689805224538,0.0010315429017638577
2023-12-26 18:00:00+00:00,-0.0010689921,0.0002737326140049845,-0.000420686050602891,0.00019141988013871014,-0.0010130446864011684
2023-12-27 10:00:00+00:00,0.004700187,0.000266873772488907,0.004332143413971822,0.000196413355297409,0.0044831908122142505
2023-12-27 11:00:00+00:00,-0.00010613885,0.0002618278958834708,0.0005056510391336668,0.00018954799452330917,-8.672474478738649e-06
2023-12-27 12:00:00+00:00,-0.00013188517,0.00025509903207421303,-0.00031726194186091776,0.00018254457972943783,-0.0001385770876264567
2023-12-27 13:00:00+00:00,-0.0010363862,0.0002508983598090708,-0.0009555341711861669,0.0001855324226198718,-0.0009701996814892999
2023-12-27 14:00:00+00:00,0.0010203015,0.00024829767062328756,0.0002581195000884775,0.0001848609681474045,0.0009227139257106366
2023-12-27 15:00:00+00:00,-3.2169805e-06,0.00024819886311888695,9.213455013471804e-05,0.00019139758660458028,4.889627406037327e-06
2023-12-27 16:00:00+00:00,-0.0011426825,0.0002468154125381261,-0.001147096197349719,0.0001929463178385049,-0.0010571003215211782
2023-12-27 17:00:00+00:00,-0.0009827852,0.00024470241623930633,-0.0010045651542812035,0.00019803833856713027,-0.0010032354044144697
2023-12-27 18:00:00+00:00,-0.0014227208,0.00024347267753910273,-0.001304312978020438,0.00020247820066288114,-0.0014367585193661163
2023-12-28 10:00:00+00:00,-0.0022624517,0.00024160242173820734,-0.002337825334061475,0.0002077000681310892,-0.0022056591578824484
2023-12-28 11:00:00+00:00,-0.0022092082,0.0002400247467448935,-0.002208346599594304,0.00021204972290433943,-0.0021861125782837577
2023-12-28 12:00:00+00:00,-0.0001978358,0.00024108256911858916,-0.0013213492133243906,0.0002136341790901497,-0.00028393444465104755
2023-12-28 13:00:00+00:00,0.0017532124,0.00024392017803620547,0.0015467359364126818,0.00020866129489149898,0.0016329740425514378
2023-12-28 14:00:00+00:00,-2.9141067e-05,0.00024161454348359257,0.0003383291487682138,0.00021269249555189162,2.500431939946449e-05
2023-12-28 15:00:00+00:00,0.0,0.00023714547569397837,0.00013789331568354242,0.0002234652201877907,1.3838842158639656e-05
2023-12-28 16:00:00+00:00,0.0011132327,0.00023507754667662084,0.0009840244381163327,0.00023161130957305431,0.0010618714302143774
2023-12-28 17:00:00+00:00,0.0008987428,0.00023290982062462717,0.0009801314793647824,0.00024482570006512105,0.0008354345162821744
2023-12-28 18:00:00+00:00,0.002385184,0.00023021729430183768,0.001521705785864471,0.00025463354540988803,0.002319189246458701
2023-12-29 10:00:00+00:00,-0.0044813496,0.00022687755699735135,-0.0031492581685495656,0.0002628629154060036,-0.004207690196751186
2023-12-29 11:00:00+00:00,0.001452903,0.00022449108655564487,0.00045754750414513107,0.000273729907348752,0.001305577774230159
2023-12-29 12:00:00+00:00,0.0006141791,0.0002230947429779917,0.000636400959934616,0.0002806922420859337,0.0006222234196817581
2023-12-29 13:00:00+00:00,0.0014886265,0.0002227355435024947,0.001493820792307028,0.00029262760654091835,0.0013764878766219931
2023-12-29 14:00:00+00:00,4.5173092e-05,0.0002231094695162028,0.00029079210806431894,0.00030458654509857297,0.00011794391663694445
2023-12-29 15:00:00+00:00,-0.0011493216,0.0002237059670733288,-0.0010741214278760076,0.00031196692725643516,-0.0010923228116368768
2023-12-29 16:00:00+00:00,0.00010013389,0.00022721099958289415,-0.00017932148895863717,0.0003196986217517406,8.900499974121661e-05
2023-12-29 17:00:00+00:00,0.00076520856,0.0002295278391102329,0.0006925029293837209,0.0003205366665497422,0.0007091658364337147
2023-12-29 18:00:00+00:00,0.00023557924,0.0002291635755682364,0.00027990489952068177,0.00031889096135273576,0.00018898231373303654
2024-01-03 10:00:00+00:00,0.0067052078,0.0002301998611073941,0.0048358046758019985,0.00032139752875082195,0.006459093735669534
2024-01-03 11:00:00+00:00,0.0010507433,0.00023211791994981468,0.001051983566151602,0.00031347331241704524,0.0011944355888268464
2024-01-03 12:00:00+00:00,-0.00019532908,0.00023436952324118465,-9.856632266306385e-05,0.0003018222632817924,-0.00017134483147621606
2024-01-03 13:00:00+00:00,0.0005314619,0.00023612403310835361,0.0005140995287663441,0.0002919592661783099,0.0005203040016880158
2024-01-03 14:00:00+00:00,7.3614014e-05,0.0002421429380774498,0.00012751561949718676,0.0002809929719660431,0.0001126111736735396
2024-01-03 15:00:00+00:00,0.0009596868,0.0002453961060382426,0.0008910346860328535,0.0002720697084441781,0.0009354569017419222
2024-01-03 16:00:00+00:00,6.394823e-06,0.00024971525999717414,0.0002894291931801536,0.0002593357930891216,1.3160560467247685e-05
2024-01-03 17:00:00+00:00,0.0012589832,0.0002477760426700115,0.0011424853587490155,0.0002620720479171723,0.001227571568305847
2024-01-03 18:00:00+00:00,-0.00039925196,0.00025063648354262114,-0.00032428966762962705,0.00025802390882745385,-0.0003475189279558423
2024-01-04 10:00:00+00:00,0.0029602526,0.0002559031709097326,0.001403634909447806,0.0002602721215225756,0.0029126558022793286
2024-01-04 11:00:00+00:00,0.0009391959,0.0002596608246676624,0.0008313892071857955,0.00026409319252707064,0.0009198736860972358
2024-01-04 12:00:00+00:00,-0.0016784379,0.0002595023834146559,-0.001133508502144365,0.0002657067379914224,-0.0016660283273759475
2024-01-04 13:00:00+00:00,0.0002677197,0.0002605322515591979,1.2081819784629796e-05,0.00026306131621822715,0.00019047229643943015
2024-01-04 14:00:00+00:00,0.0008090976,0.00026008239365182817,0.0007262226779324527,0.00026103705749846995,0.000846031578717479
2024-01-04 15:00:00+00:00,-0.00059242465,0.00025861713220365345,-0.0005885183756955079,0.0002603177563287318,-0.000567985372111272
2024-01-04 16:00:00+00:00,-0.00079044583,0.0002569028583820909,-0.0008101250453527056,0.00025648847804404795,-0.0008219074379300136
2024-01-04 17:00:00+00:00,-0.00027106277,0.0002562795125413686,-0.0002825402099280467,0.00026111488114111125,-0.00025796848177997087
2024-01-04 18:00:00+00:00,0.0002200448,0.00025515363086014986,0.00012099568800192427,0.0002555976388975978,0.0001749347485428845
2024-01-05 10:00:00+00:00,0.00013391662,0.0002514641673769802,0.00013093983676318712,0.00025504533550702035,0.00010861264507396867
2024-01-05 11:00:00+00:00,-0.0009952376,0.0002479547110851854,-0.000632856333132914,0.00025379419093951583,-0.000955279923648279
2024-01-05 12:00:00+00:00,-0.0007949875,0.0002455291978549212,-0.0007874860799231778,0.00025269281468354166,-0.0007889896760716649
2024-01-05 13:00:00+00:00,-7.66587e-05,0.0002462825214024633,-0.00020990839135992398,0.00024869709159247577,-0.00012920774597019336
2024-01-05 14:00:00+00:00,0.00012776125,0.0002475536020938307,0.0001377231980678555,0.00025036625447683036,0.00013746703856821563
2024-01-05 15:00:00+00:00,0.000475767,0.0002471341285854578,0.0004687175138434352,0.00024813238997012377,0.00045231696079788306
2024-01-05 16:00:00+00:00,0.00022024498,0.0002477429516147822,0.00039974011535422454,0.00024994718842208385,0.0002132736314695414
2024-01-05 17:00:00+00:00,0.0006700125,0.0002489254402462393,0.0005864984415798668,0.0002492582716513425,0.0006336494297883684
2024-01-05 18:00:00+00:00,0.00033483797,0.00025042047491297126,0.0005279270715720331,0.00025091544375754893,0.00035877948333827944
2024-01-08 10:00:00+00:00,0.004942538,0.0002535419480409473,0.004919575899266738,0.00025028831441886723,0.004736903555166614
2024-01-08 11:00:00+00:00,-0.00037444627,0.0002574997488409281,0.00024714410396446505,0.00024955495609901845,-0.0002558491494056948
2024-01-08 12:00:00+00:00,-0.00061591994,0.00025996414478868246,-0.0006403752652593385,0.0002477612579241395,-0.000629010240556969
2024-01-08 13:00:00+00:00,0.0010220925,0.0002602714521344751,0.0006843170106251145,0.0002474322682246566,0.0010059266857921048
2024-01-08 14:00:00+00:00,0.0014298103,0.00026205790345557034,0.0014325862480337854,0.00024732211022637784,0.0013707690745175165
2024-01-08 15:00:00+00:00,0.00010137233,0.0002627895155455917,7.021058113658094e-05,0.00024731375742703676,0.0001140846065382543
2024-01-08 16:00:00+00:00,-0.00028513587,0.000265495793428272,-0.00026724392793200745,0.00024731323355808854,-0.00024963553415575273
2024-01-08 17:00:00+00:00,-0.0004817475,0.00026712685939855874,-0.000494088106520179,0.00025461360928602517,-0.0005049722629895881
2024-01-08 18:00:00+00:00,0.0013179156,0.0002689344109967351,0.0013147985288585963,0.00025959365302696824,0.0012586829343357922
2024-01-09 10:00:00+00:00,-0.003167826,0.0002680893230717629,-0.0023673875821861035,0.0002619392180349678,-0.0031261170233924246
2024-01-09 11:00:00+00:00,0.0013964754,0.00026706012431532145,0.00013699370502993338,0.0002647356013767421,0.0013210423673435626
2024-01-09 12:00:00+00:00,-0.0006345198,0.00026769519899971783,-0.000363554586614193,0.0002655127609614283,-0.0006153251075644227
2024-01-09 13:00:00+00:00,-0.00028566533,0.00026610741042532027,-0.00028917370755829856,0.00026545682339929044,-0.00026436465311115994
2024-01-09 14:00:00+00:00,-3.174563e-05,0.00026699629961512983,-0.00014571882328557982,0.00026641611475497484,-2.0349807608186345e-05
2024-01-09 15:00:00+00:00,-0.00062559446,0.0002691028348635882,-0.000622932581990749,0.00026760573382489383,-0.0006348318166175899
2024-01-09 16:00:00+00:00,0.00083827093,0.000270959862973541,0.0006658531419553677,0.0002629342197906226,0.0007999346968399323
2024-01-09 17:00:00+00:00,0.0011356248,0.000270369608188048,0.0011173556939862747,0.00026039741351269186,0.001053341513443456
2024-01-09 18:00:00+00:00,0.00041522778,0.00027265105745755136,0.0006691129303527504,0.00025695448857732117,0.0004232629084388033
2024-01-10 10:00:00+00:00,0.0039092572,0.000276122271316126,0.0036765421042998588,0.0002541643916629255,0.0037779631781441982
2024-01-10 11:00:00+00:00,0.00055857195,0.00028052067500539124,0.0006842399026514692,0.0002506151213310659,0.0005772466425822473
2024-01-10 12:00:00+00:00,-0.00021771129,0.0002835853083524853,-0.00021044296517120205,0.00024321908131241798,-0.00015458727776113324
2024-01-10 13:00:00+00:00,0.00023348563,0.0002855462080333382,0.00016103954433512876,0.0002317085600225255,0.0001953178230916856
2024-01-10 14:00:00+00:00,0.00052356685,0.00028515918529592454,0.0005756860392694422,0.00022473187709692866,0.0005093648172309374
2024-01-10 15:00:00+00:00,0.00057371624,0.00028549382113851607,0.00044817941914479645,0.00022189640731085092,0.0005473935891681989
2024-01-10 16:00:00+00:00,-0.0008228494,0.00028335157549008727,-0.0006629904008782965,0.0002205490745836869,-0.0007309166782487072
2024-01-10 17:00:00+00:00,0.0001734537,0.0002860105305444449,9.181287628076736e-05,0.000214049345231615,0.00012192575117314213
2024-01-10 18:00:00+00:00,-0.0020360337,0.00028461028705351055,-0.0018760083676737818,0.00021427369210869074,-0.001961416524404365
2024-01-11 10:00:00+00:00,-0.0038307551,0.0002811602025758475,-0.0037472926205249397,0.00021695859322790056,-0.0037750276285547983
2024-01-11 11:00:00+00:00,0.0011349263,0.00027166897780261934,0.0007816592494291192,0.00021832992206327617,0.0010143376223147797
2024-01-11 12:00:00+00:00,0.0022723184,0.00026403830270282924,0.0018042120718178975,0.00021998189913574606,0.0021925650520560687
2024-01-11 13:00:00+00:00,0.0026424264,0.0002577223931439221,0.0026408354297625205,0.00021942268358543515,0.0025998465678339342
2024-01-11 14:00:00+00:00,0.00022697968,0.00025111722061410546,0.00042078730436374086,0.00022336641268339008,0.00025248621411726435
2024-01-11 15:00:00+00:00,-0.0011385697,0.00024684995878487825,-0.0007950131248560163,0.00022677048400510103,-0.001081180029633941
2024-01-11 16:00:00+00:00,-0.0012378115,0.0002422412799205631,-0.0012274612707149839,0.00023049469746183604,-0.00122597995621396
2024-01-11 17:00:00+00:00,0.0012662127,0.00023257851717062294,0.0005911433906307508,0.0002356259647058323,0.001186087103140155
2024-01-11 18:00:00+00:00,0.0038802098,0.0002215935819549486,0.0036606154455709385,0.00024265660613309592,0.0037926387091842336
2024-01-12 10:00:00+00:00,-0.0004936385,0.0002130042848875746,0.00025686057178818465,0.00023517076624557376,-0.0004397788818678349
2024-01-12 11:00:00+00:00,0.0020829446,0.00020527950255200267,0.0012630177479838309,0.00022858839656691998,0.002025076543303103
2024-01-12 12:00:00+00:00,0.00077489106,0.000206493103178218,0.000858804253202194,0.00022254583018366247,0.00080216456365172
2024-01-12 13:00:00+00:00,0.0007930923,0.00021001147979404777,0.0007996914489508917,0.000219619381823577,0.0007997532880628509
2024-01-12 14:00:00+00:00,0.0010710864,0.00021299190120771527,0.0008004983986486547,0.0002182577009079978,0.0010305708345871615
2024-01-12 15:00:00+00:00,-0.00049155514,0.00021990718960296363,-0.00015931905188486543,0.0002237080771010369,-0.0004933981923797232
2024-01-12 16:00:00+00:00,-0.00041660207,0.0002280644839629531,-0.00048365336331817265,0.0002218035951955244,-0.0003749302145590056
2024-01-12 17:00:00+00:00,0.0005982238,0.00022912608983460814,0.0005532159326242323,0.00022276573872659355,0.0005654807245341054
2024-01-12 18:00:00+00:00,-0.0026712834,0.00023683863400947303,-0.001958400940745098,0.00022369543148670346,-0.0026323975183558685
2024-01-15 10:00:00+00:00,0.0028560027,0.000244487397139892,0.0016723547923553571,0.0002214470732724294,0.0027729798606101258
2024-01-15 11:00:00+00:00,0.0003881125,0.0002522524737287313,0.0003592379293540988,0.0002166338817914948,0.00037525745846283084
2024-01-15 12:00:00+00:00,-0.00047577164,0.00025671423645690084,-0.0004903809096454127,0.00021598627790808678,-0.000411362738920781
2024-01-15 13:00:00+00:00,-0.0036886407,0.00026285351486876607,-0.0026369895182644194,0.00021545248455367982,-0.0036067448630197852
2024-01-15 14:00:00+00:00,0.00070992834,0.000266799092059955,0.00027433826995232303,0.00021238511544652283,0.0006101102052961213
2024-01-15 15:00:00+00:00,0.0002731567,0.0002721237833611667,4.820068788398404e-05,0.00020649454381782562,0.00027052666627943033
2024-01-15 16:00:00+00:00,-0.0002197754,0.0002721068449318409,-1.635435874611849e-05,0.0001925328397192061,-0.0002042049500397187
2024-01-15 17:00:00+00:00,-0.0016341311,0.0002693189599085599,-0.0016342709039392947,0.00018053165695164353,-0.0015879252915379542
2024-01-15 18:00:00+00:00,0.0016843698,0.00026692746905609965,0.0015694538390597043,0.00015928471111692488,0.0015864509057371694
2024-01-16 10:00:00+00:00,-0.004724034,0.00026235985569655895,-0.0038741361971797892,0.00013717234833166003,-0.004570855201548421
2024-01-16 11:00:00+00:00,0.0002460366,0.00025527813704684377,0.0002474208992139359,0.00012366414011921734,0.00020067635301274276
2024-01-16 12:00:00+00:00,0.0006400424,0.0002507593890186399,0.0006368791512126333,0.00011436285421950743,0.0005982244813441792
2024-01-16 13:00:00+00:00,0.0018453153,0.00024921653675846756,0.0014591307811764817,9.764923743205145e-05,0.0018636004792019817
2024-01-16 14:00:00+00:00,-0.00015417072,0.0002452441258355975,-2.2014963697798343e-05,8.116647222777829e-05,-0.00017258386251744776
2024-01-16 15:00:00+00:00,-0.0010987611,0.00024169875541701913,-0.0009617952353233076,6.411028880393133e-05,-0.0010476621073258695
2024-01-16 16:00:00+00:00,-0.00017641796,0.0002376695047132671,-0.00017552719134670446,4.88791883981321e-05,-0.00023498894153547875
2024-01-16 17:00:00+00:00,0.0012814722,0.0002313053555553779,0.0009358416086720133,3.8513167964993045e-05,0.0012407453116285005
2024-01-16 18:00:00+00:00,0.00043413157,0.000225689698709175,0.0007812182957212616,2.624658191052731e-05,0.0004125492989657658
2024-01-17 10:00:00+00:00,0.0014959947,0.0002190031809732318,0.0014925477466534174,1.4383704183273949e-05,0.0014651218124423352
2024-01-17 11:00:00+00:00,0.0012209074,0.00021258024207782,0.0013695874047822078,2.8276797365833772e-06,0.0012164550219756606
2024-01-17 12:00:00+00:00,-0.0019183408,0.00020741925982292742,-0.0015860093805642047,-8.583652743254788e-06,-0.0018406655661798478
2024-01-17 13:00:00+00:00,-0.00012257232,0.00020022840180899948,-0.0004100990769112888,-2.235074498457834e-05,-0.00017522393989715003
2024-01-17 14:00:00+00:00,0.00082314614,0.00019149364379700273,0.0006995251403432496,-3.2223637390416116e-05,0.0007975021810071781
2024-01-17 15:00:00+00:00,-0.00099603,0.0001845396327553317,-0.00033569640436396844,-4.427539533935487e-05,-0.0009923843417511808
2024-01-17 16:00:00+00:00,-0.00038673956,0.0001787290966603905,-0.0004581269311732327,-5.400124427978881e-05,-0.0003465214735700185
2024-01-17 17:00:00+00:00,0.00019496058,0.0001744341861922294,0.00021635657813618163,-6.578578177141026e-05,0.00018046348043633103
2024-01-17 18:00:00+00:00,0.0015049479,0.00016866379883140326,0.0013517722104380316,-7.904579979367554e-05,0.0014345869559788252
2024-01-18 10:00:00+00:00,0.0013804227,0.00016673312347847968,0.001037640949220969,-9.046794730238616e-05,0.0013300460189010657
2024-01-18 11:00:00+00:00,-0.00024457238,0.0001651141355978325,-4.085839368158449e-05,-0.00010395178105682135,-0.00023879583230246505
2024-01-18 12:00:00+00:00,3.7630412e-05,0.000162755764904432,5.8833837710568276e-05,-0.00011749988334486261,6.010079500557755e-05
2024-01-18 13:00:00+00:00,0.00048906653,0.00016282328579109162,0.0004942003321781394,-0.00012915914703626186,0.00042065956612826226
2024-01-18 14:00:00+00:00,-0.0009156275,0.00016160968516487628,-0.0006992816646330844,-0.00014165189350023866,-0.000849983401244609
2024-01-18 15:00:00+00:00,-0.0008725073,0.00015873850497882813,-0.0009295391378165477,-0.00015141333278734237,-0.0008608644922631219
2024-01-18 16:00:00+00:00,-0.0018731246,0.00015381191042251885,-0.001876045202388676,-0.00015870794595684856,-0.0018092747346604562
2024-01-18 17:00:00+00:00,0.00012267758,0.00014472779002971947,9.180062209573637e-07,-0.00016161550593096763,7.761346108842981e-05
2024-01-18 18:00:00+00:00,-0.00012896914,0.00013358732394408435,-0.00012836495373345176,-0.00016650573525112122,-0.00014093621462494567
2024-01-19 10:00:00+00:00,-0.005216723,0.00012021611473755911,-0.00475144454191959,-0.00017117176321335137,-0.005142697740157489
2024-01-19 11:00:00+00:00,0.00068281183,0.00010614856000756845,0.0006911017593214711,-0.0001785406784620136,0.0006314510415024713
2024-01-19 12:00:00+00:00,0.00145574,9.11407551029697e-05,0.0012605918312797789,-0.00018158367311116308,0.0014312215964290785
2024-01-19 13:00:00+00:00,-0.0007576045,7.650772022316232e-05,-0.00033650004666146174,-0.00018700046348385513,-0.000755857552078682
2024-01-19 14:00:00+00:00,-0.000176857,6.047911665518768e-05,-0.00023006031123148696,-0.0001904313248815015,-0.00019241745640770428
2024-01-19 15:00:00+00:00,-0.0015551611,4.521568916970864e-05,-0.001164373758279864,-0.0001972667087102309,-0.0015401023910961036
2024-01-19 16:00:00+00:00,-9.1741524e-05,3.4725700970739126e-05,-9.340478029555145e-05,-0.00020316588052082807,-0.00010836730792516331
2024-01-19 17:00:00+00:00,0.0020069,2.9291630198713392e-05,0.0015484114669217844,-0.000207446442800574,0.0019600902800302857
2024-01-19 18:00:00+00:00,-0.00028103948,2.583789682830684e-05,0.0001564200891148713,-0.00021176117297727615,-0.00026217571009919864
2024-01-22 10:00:00+00:00,-0.00041696808,2.2095820895629004e-05,-0.0006586688023377124,-0.00021262803056742996,-0.0004111506938487406
2024-01-22 11:00:00+00:00,0.0019317517,1.4333622857520822e-05,0.0012328656364659692,-0.00020742480410262942,0.0018761942928403432
2024-01-22 12:00:00+00:00,0.00065884565,8.983889529190492e-06,0.0007570155875746103,-0.00020554249931592494,0.000664673967734401
2024-01-22 13:00:00+00:00,-5.0422605e-05,6.522672720166156e-06,0.00011439659988222616,-0.00020861520897597075,-4.863592316307094e-05
2024-01-22 14:00:00+00:00,2.2060201e-05,8.177909876394551e-06,1.7661894814200268e-05,-0.0002156709524570033,2.183876637806058e-05
2024-01-22 15:00:00+00:00,0.001306986,8.895509381545708e-06,0.0011864366753176012,-0.00021879762061871588,0.0012725455485505875
2024-01-22 16:00:00+00:00,-0.001306986,6.253752417251235e-06,-0.0008221189335117277,-0.00021964870393276215,-0.0012333982059748285
2024-01-22 17:00:00+00:00,-9.454715e-05,3.2711193398426985e-06,-0.0006302946794670343,-0.00022035073197912425,-0.00012460144372710872
2024-01-22 18:00:00+00:00,-0.00022694965,-1.9790243186434964e-06,-0.0002184227200144837,-0.00022512103896588087,-0.00025672663692775027
2024-01-23 10:00:00+00:00,-0.000179705,-7.3698197411431465e-06,-0.000182960030350814,-0.00022965345124248415,-0.00019558705834116843
2024-01-23 11:00:00+00:00,0.001698026,-1.2486871128203347e-05,0.001467795707120682,-0.00023034516198094934,0.0016808426425462227
2024-01-23 12:00:00+00:00,-0.00056673813,-1.632162820897065e-05,-0.00022004428648159162,-0.00023105279251467437,-0.000558313148027731
2024-01-23 13:00:00+00:00,-0.0023427743,-1.970575249288231e-05,-0.001700024402334341,-0.00023337134916801006,-0.0022473615058909687
2024-01-23 14:00:00+00:00,0.0015015207,-2.4251981812994927e-05,0.00021420505632311954,-0.00023763130593579262,0.001412853886547616
2024-01-23 15:00:00+00:00,3.1520387e-05,-3.0781422537984326e-05,2.568934903721729e-05,-0.00024187283997889608,2.4613487911281198e-05
2024-01-23 16:00:00+00:00,0.0012505574,-3.543545608408749e-05,0.0007470332197680495,-0.0002465216093696654,0.0012102986874755267
2024-01-23 17:00:00+00:00,-0.00057940895,-3.870291402563453e-05,-0.00013624967964339488,-0.00024695490719750524,-0.000517486887522828
2024-01-23 18:00:00+00:00,0.0003180867,-4.3027932406403124e-05,6.275661581808124e-05,-0.0002520298003219068,0.00026993761885471117
2024-01-24 10:00:00+00:00,-0.00028658845,-4.8099882405949757e-05,-0.0003249879607582944,-0.00025529752019792795,-0.0002833511572386814
2024-01-24 11:00:00+00:00,0.0003590099,-4.8521189455641434e-05,0.0002620831568289011,-0.0002574359823483974,0.00031646410462387654
2024-01-24 12:00:00+00:00,-0.0027967547,-4.69411643280182e-05,-0.00264859931376839,-0.0002571048680692911,-0.002618147027747501
2024-01-24 13:00:00+00:00,-0.00064432994,-4.53284228569828e-05,-0.0010682899642038969,-0.00025770769570954144,-0.0006130075401972279
2024-01-24 14:00:00+00:00,-0.0022457633,-4.498507041716948e-05,-0.0023246168458056233,-0.0002594325924292207,-0.0021978524755001195
2024-01-24 15:00:00+00:00,0.0017748872,-4.40874500782229e-05,0.0016009165497512766,-0.00026197137776762247,0.0016702633862726679
2024-01-24 16:00:00+00:00,0.00050878926,-4.3014246330130845e-05,0.00066833851256486,-0.00026159590925090015,0.00048565424346325137
2024-01-24 17:00:00+00:00,-0.00081861386,-4.0208764403359964e-05,-0.0003866738837459639,-0.0002629669033922255,-0.0007846240087903644
2024-01-24 18:00:00+00:00,-5.6916997e-05,-3.8929076254135e-05,-7.108764567344917e-05,-0.0002611732925288379,-4.71359830056899e-05
2024-01-25 10:00:00+00:00,-0.0040716347,-3.921859388356097e-05,-0.0036303908967282045,-0.0002594419347587973,-0.003987358704840701
2024-01-25 11:00:00+00:00,0.0002539715,-4.009183612652123e-05,5.228758396897532e-05,-0.0002564478782005608,0.00018217399060248642
2024-01-25 12:00:00+00:00,0.0006600241,-3.9986902265809476e-05,0.0006105296977372662,-0.0002541395660955459,0.0006179450564338428
2024-01-25 13:00:00+00:00,-0.00013958417,-4.047181937494315e-05,0.00011845576441037478,-0.0002539181150496006,-0.00015268829190090687
2024-01-25 14:00:00+00:00,0.000396495,-3.8835223676869646e-05,0.0003932007343458719,-0.000254582118941471,0.00039285086543625823
2024-01-25 15:00:00+00:00,0.001517915,-3.810771522694267e-05,0.0012227480725513487,-0.0002534937229938805,0.0014675436638915515
2024-01-25 16:00:00+00:00,0.00034509125,-3.846188701572828e-05,0.0004176586365005658,-0.0002522832073736936,0.0003619535477727055
2024-01-25 17:00:00+00:00,-0.00026909763,-4.250599522492848e-05,0.00011982167037268089,-0.00024722571833990514,-0.0002595913618368133
2024-01-25 18:00:00+00:00,-0.00017099376,-4.985601481166668e-05,-1.1227841204967818e-05,-0.00024368711456190795,-0.0001965950047910058
2024-01-26 10:00:00+00:00,0.0031839155,-5.3686595492763445e-05,0.003229967495130663,-0.0002404064143775031,0.0030872199699494758
2024-01-26 11:00:00+00:00,0.00069424504,-5.5010863434290513e-05,0.0008121123803095286,-0.00023888917348813266,0.0007450939524679486
2024-01-26 12:00:00+00:00,-1.8927563e-05,-5.4903448472032323e-05,-3.475473786081619e-05,-0.00023532430350314826,-1.1845721178784726e-05
2024-01-26 13:00:00+00:00,-0.001632272,-5.166298433323391e-05,-0.00129089021729162,-0.0002322032960364595,-0.0015506901641186121
2024-01-26 14:00:00+00:00,0.0007296423,-4.8189434892265126e-05,-6.252773667955112e-05,-0.00022950074344407767,0.0006365277670134573
2024-01-26 15:00:00+00:00,-0.001172109,-4.3503725464688614e-05,-0.0008139798141679406,-0.0002269576652906835,-0.001143400198711517
2024-01-26 16:00:00+00:00,0.0008721041,-4.296340557630174e-05,3.740390243897093e-05,-0.0002210430393461138,0.0008604055439485987
2024-01-26 17:00:00+00:00,-0.0014539297,-4.283735324861482e-05,-0.0009649933824123799,-0.0002144215686712414,-0.0013996800770302335
2024-01-26 18:00:00+00:00,0.0005280841,-4.2729290726128966e-05,-0.00023468963835194466,-0.0002104530722135678,0.0004523197205459758
2024-01-29 10:00:00+00:00,0.003921852,-4.1378432797500864e-05,0.0036432242581149526,-0.00020620359282474965,0.0038032100323583872
2024-01-29 11:00:00+00:00,-0.0006583517,-4.235296000842936e-05,-0.000516184048878255,-0.00020182192383799702,-0.0005961558297969968
2024-01-29 12:00:00+00:00,0.001124291,-4.209472535876557e-05,0.000657860196511278,-0.00019617615907918662,0.0010925951952500503
2024-01-29 13:00:00+00:00,0.0011984808,-3.712197576533072e-05,0.0011674612261476413,-0.00019166246056556702,0.0011871715782960281
2024-01-29 14:00:00+00:00,0.00060027314,-2.919227335951291e-05,0.0005113271697939418,-0.00018986435316037387,0.0005729821059985593
2024-01-29 15:00:00+00:00,-0.00014767777,-2.1000167180318385e-05,-6.223611415387409e-05,-0.00018438484403304756,-8.075634429364372e-05
2024-01-29 16:00:00+00:00,-0.00059407344,-1.1453163097030483e-05,-0.0006334594069766821,-0.00017934430798050016,-0.0006172271483611218
2024-01-29 17:00:00+00:00,-0.0007485949,-2.244685902041965e-06,-0.0010204642119856682,-0.00016710953786969185,-0.0006912124082529504
2024-01-29 18:00:00+00:00,-0.00046894353,6.489432507805759e-06,-0.00047246974421379724,-0.00016440852778032422,-0.0005207495648169981
2024-01-30 10:00:00+00:00,0.00365445,1.2958777915628161e-05,0.0029886772681693478,-0.0001573369518155232,0.0035935493417395483
2024-01-30 11:00:00+00:00,0.0010971823,2.0483079424593598e-05,0.0012000927080228763,-0.00015206979878712445,0.0011005605439101435
2024-01-30 12:00:00+00:00,-0.0005766543,2.831162782968022e-05,-0.0005649532627677873,-0.00014854097389616072,-0.0005819555185233611
2024-01-30 13:00:00+00:00,0.0008116082,3.757407102966681e-05,0.00043905217022091337,-0.0001441298663849011,0.0007936000467518064
2024-01-30 14:00:00+00:00,-0.000777125,4.582926703733392e-05,-0.0007793761395430707,-0.0001379892637487501,-0.0007665449540124211
2024-01-30 15:00:00+00:00,-0.0016031603,5.302911813487299e-05,-0.0015988993913398145,-0.00013477428001351655,-0.0015533137413776953
2024-01-30 16:00:00+00:00,0.0021829277,6.044692054274492e-05,0.0009615095379127927,-0.00013001948536839336,0.0020876070301226626
2024-01-30 17:00:00+00:00,0.00067023083,6.767336162738502e-05,0.001103036774335511,-0.00012622970098163933,0.0006565954727730928
2024-01-30 18:00:00+00:00,0.0006510091,6.960456084925681e-05,0.0006970029890796643,-0.00012421923747751862,0.0006534813014508342
2024-01-31 10:00:00+00:00,0.0026871825,7.008673856034875e-05,0.0023809071495082225,-0.00012013798550469801,0.002621329449707631
2024-01-31 11:00:00+00:00,0.0011164927,7.089428254403174e-05,0.0013006926363662574,-0.00011785294191213325,0.001157910112946642
2024-01-31 12:00:00+00:00,-0.001225714,7.32689441065304e-05,-0.001033826306736672,-0.00011591666407184675,-0.0012083070724494148
2024-01-31 13:00:00+00:00,0.0006676234,7.290003850357607e-05,0.0002895391133472059,-0.00011455067578935996,0.0006221804721133993
2024-01-31 14:00:00+00:00,0.0012155517,7.451655983459204e-05,0.0010965240440689037,-0.00011648090003291145,0.0011878417813524114
2024-01-31 15:00:00+00:00,0.0011456289,7.67548699514009e-05,0.0007875895731871331,-0.00011788012488977984,0.0011721966577892993
2024-01-31 16:00:00+00:00,0.0005536651,8.020365203265101e-05,0.0005647292646914792,-0.00011727358651114628,0.0005689018212347974
2024-01-31 17:00:00+00:00,0.00038862662,8.382293890463188e-05,0.0003540545166829148,-0.00011483413254609331,0.0003488053201313429
2024-01-31 18:00:00+00:00,-0.0008987339,8.423224790021777e-05,-0.0009271777772122342,-0.00010903429210884497,-0.00086968626433571
2024-02-01 10:00:00+00:00,0.004866507,8.356848411494866e-05,0.0033443486254150947,-0.0001064338575815782,0.0048014366883109855
2024-02-01 11:00:00+00:00,0.000340513,8.734484435990453e-05,0.0005682869998799673,-0.00010743211169028655,0.00035573292035034627
2024-02-01 12:00:00+00:00,-0.0004395931,9.176489402307197e-05,-0.00027426524242222427,-0.00010548044519964606,-0.0004822640564580872
2024-02-01 13:00:00+00:00,-0.00025084038,9.682015661383048e-05,-0.0002008686255731014,-0.00010486321843927726,-0.00024751339973847234
2024-02-01 14:00:00+00:00,0.00016413725,9.98996474663727e-05,0.00015163569958283476,-0.00010224610014120117,0.00016980295974057245
2024-02-01 15:00:00+00:00,-3.4064007e-05,0.00010476329043740407,-2.959763585140703e-05,-9.910130756907165e-05,-3.527982311585528e-05
2024-02-01 16:00:00+00:00,-0.0008426793,0.0001092789534595795,-0.0006390174510459344,-9.64908322202973e-05,-0.0008352858796930203
2024-02-01 17:00:00+00:00,-0.00092094316,0.0001137242215918377,-0.0007936362223722965,-9.23004699870944e-05,-0.0009623237346912495
2024-02-01 18:00:00+00:00,0.001989662,0.00011779563646996394,0.0012296138924667878,-8.75882979016751e-05,0.0019769377121006786
2024-02-02 10:00:00+00:00,-0.003048088,0.0001263513695448637,-0.0022480758611397537,-8.375054312637076e-05,-0.0030142653872935947
2024-02-02 11:00:00+00:00,0.0015546625,0.00013403418415691704,-6.246487442561127e-05,-7.792097312631086e-05,0.0015033393908475265
2024-02-02 12:00:00+00:00,0.00015192314,0.00014108797768130898,0.00021978555309680253,-7.166397699620575e-05,0.0001423720373686546
2024-02-02 13:00:00+00:00,-0.0004868557,0.0001478630001656711,-0.00017390481338280453,-6.56010743114166e-05,-0.0005118511954923193
2024-02-02 14:00:00+00:00,0.0017261822,0.00015346190775744617,0.0011235354965843075,-5.934250293648802e-05,0.001737828568306588
2024-02-02 15:00:00+00:00,-0.0007867943,0.00016023028001654893,-0.00035098237425868124,-5.7195309636881575e-05,-0.000785826855872296
2024-02-02 16:00:00+00:00,0.0004987879,0.0001669446937739849,0.00042521304519342547,-5.154198515811004e-05,0.000517529894998938
2024-02-02 17:00:00+00:00,-0.00053907355,0.00017288043454755098,-0.0003302538035447749,-4.586076465784572e-05,-0.0005484700808560758
2024-02-02 18:00:00+00:00,-0.0001673578,0.00017803339869715273,-0.00024762634000554735,-4.235775850247592e-05,-0.00016176003102380247
2024-02-05 10:00:00+00:00,-0.0007162358,0.00018268509302288294,-0.0007726140148433714,-3.831899448414333e-05,-0.0007343756630485114
2024-02-05 11:00:00+00:00,0.00016127531,0.00018717018247116357,0.00013941557332005427,-3.0620019970228896e-05,0.00014531696169065397
2024-02-05 12:00:00+00:00,0.0010290681,0.00019094158778898418,0.0007710903119019035,-2.5521738280076534e-05,0.0009605821141152656
2024-02-05 13:00:00+00:00,0.0003933697,0.00019325132598169148,0.00048037051079260226,-2.354869866394438e-05,0.00032141609350632734
2024-02-05 14:00:00+00:00,-0.00033450927,0.00019739776325877756,-0.00023870643262495695,-2.133020097971894e-05,-0.00026785339578544427
2024-02-05 15:00:00+00:00,-8.67429e-05,0.00020018225768581033,-0.00020809423914228657,-2.073539508273825e-05,-9.31127645288781e-05
2024-02-05 16:00:00+00:00,-0.0004927185,0.00019989104475826025,-0.0004927463307911996,-2.0798484911210835e-05,-0.0004748102094899113
2024-02-05 17:00:00+00:00,0.0017497547,0.00019250035984441638,0.0017444040596600076,-1.0318404747522436e-05,0.0016356821471919755
2024-02-05 18:00:00+00:00,-0.0015668937,0.0001854891306720674,-0.0009946408140308885,-1.0135909178643487e-05,-0.0015251278495734307
2024-02-06 10:00:00+00:00,0.002166989,0.00017693295376375318,0.0013356169221317657,-1.0636338629410602e-05,0.002090059871749841
2024-02-06 11:00:00+00:00,0.00022571583,0.00017402878438588232,0.000535979667821619,-1.3160386515664868e-05,0.0001418472402645114
2024-02-06 12:00:00+00:00,-0.0008907915,0.0001718383136903867,-0.0008639593135025838,-1.4995121091487817e-05,-0.0008466487491933814
2024-02-06 13:00:00+00:00,-0.00027853515,0.00017058613593690097,-0.0002906468267044015,-2.3022199457045645e-05,-0.0003156559740548981
2024-02-06 14:00:00+00:00,0.0013671726,0.0001694851671345532,0.0012750814029256665,-2.1665080566890538e-05,0.0013371285033384514
2024-02-06 15:00:00+00:00,-0.0006957253,0.00017035019118338823,-0.00041679179428633214,-2.706630402826704e-05,-0.0006978121829420325
2024-02-06 16:00:00+00:00,0.0005813504,0.0001696740509942174,0.0003777741005916129,-2.7080383006250486e-05,0.0005387026860513255
2024-02-06 17:00:00+00:00,0.00046360114,0.00016410622629337013,0.000585756581042514,-2.474521897966042e-05,0.00043774189742716704
2024-02-06 18:00:00+00:00,0.0006517687,0.00016377604333683848,0.0006470049744590854,-2.155375841539353e-05,0.0006541183806967679
2024-02-07 10:00:00+00:00,0.003021616,0.00016330885409843177,0.00204829425870721,-1.6513484297320247e-05,0.002998055454146326
2024-02-07 11:00:00+00:00,0.0008862521,0.00016187678556889296,0.0009853004593895188,-9.292256436310709e-06,0.0008384420820703363
2024-02-07 12:00:00+00:00,3.0758536e-05,0.00016145300469361246,0.00040729094837998016,-3.333900394864031e-06,-1.0743004855641905e-05
2024-02-07 13:00:00+00:00,0.001125112,0.00016082327056210488,0.0011155300009004258,1.6847349115778343e-06,0.0011603638019269573
2024-02-07 14:00:00+00:00,0.0006910394,0.0001599929091753438,0.0007423585833972314,7.452723593814881e-07,0.0006309229514780506
2024-02-07 15:00:00+00:00,-0.0005497214,0.00015923802857287228,-0.0004589293878761526,7.78512571741885e-07,-0.000491784048215113
2024-02-07 16:00:00+00:00,0.0009794605,0.00016057820175774395,0.0006681964964543605,-1.8661124840946286e-06,0.0009755431154983405
2024-02-07 17:00:00+00:00,-0.0004696529,0.00015628576511517167,-0.0003961624776771521,3.5692644360096892e-06,-0.0004858889194494754
2024-02-07 18:00:00+00:00,-0.00011668002,0.00015284298569895327,-0.00018124225884282686,6.726050287397811e-06,-0.000115712995599646
2024-02-08 10:00:00+00:00,-0.0042034066,0.00015054340474307537,-0.004178464458239038,4.148427706240909e-06,-0.004248075575425187
2024-02-08 11:00:00+00:00,0.00087228976,0.00014589354395866394,-8.516322317783924e-05,1.1672338587231934e-05,0.0009128441970726265
2024-02-08 12:00:00+00:00,-0.00012940836,0.0001415013975929469,-0.00010625671498111204,1.6774009054643102e-05,-0.00021618532461927824
2024-02-08 13:00:00+00:00,0.00083777634,0.00013720296556130052,0.0005631787676732239,1.5258510757121257e-05,0.0008454777646138946
2024-02-08 14:00:00+00:00,0.0005170997,0.00012779295502696186,0.0003814951797491533,2.4366745492443442e-05,0.0005098687306462587
2024-02-08 15:00:00+00:00,-8.3087274e-05,0.00011632752284640446,-4.0051463736909536e-05,3.2678777643013746e-05,-8.000289893210583e-05
2024-02-08 16:00:00+00:00,-0.0011916768,0.0001043601005221717,-0.0008574363547884012,3.6948917113477364e-05,-0.001220812255238774
2024-02-08 17:00:00+00:00,0.0006375852,9.019360732054338e-05,0.0002646315059058633,4.8726935347076505e-05,0.0006773442164308106
2024-02-08 18:00:00+00:00,-0.0018029212,7.455736340489239e-05,-0.001330065420747264,5.604267062153667e-05,-0.0017831237150625957
2024-02-09 10:00:00+00:00,-0.005760263,6.060582381905988e-05,-0.005785691436002816,6.032467354089022e-05,-0.005731331452288967
2024-02-09 11:00:00+00:00,0.0028471556,4.558172440738417e-05,0.001984492486574319,6.809612386859953e-05,0.0028406998093941827
2024-02-09 12:00:00+00:00,0.0022465913,3.0167610020725988e-05,0.001685077055840405,7.518517668358982e-05,0.0021841564978220037
2024-02-09 13:00:00+00:00,-0.0007163833,1.5121874639589805e-05,8.349759001627888e-05,7.840544276405126e-05,-0.0006760136567034712
2024-02-09 14:00:00+00:00,0.00054968474,-1.2740696320179268e-06,0.0002562580752120807,8.200021693482995e-05,0.0005131810052530691
2024-02-09 15:00:00+00:00,-0.001195487,-1.6496825992362574e-05,-0.00014717298767505746,8.286225056508556e-05,-0.0011926720788594126
2024-02-09 16:00:00+00:00,-0.0006152904,-2.9493130568880588e-05,-0.0001883423324974531,8.335641905432567e-05,-0.0006352165195174489
2024-02-09 17:00:00+00:00,0.0016996296,-4.478093615034595e-05,0.0007677158017452507,0.00010269563063047826,0.0016939442477109708
2024-02-09 18:00:00+00:00,0.0011201751,-5.99403319938574e-05,0.0008727389702540697,0.00011635505507001653,0.0011108804892694492
2024-02-12 10:00:00+00:00,-0.00198199,-7.280185673153028e-05,-0.0010269507786813752,0.00012075698032276705,-0.0019675911283641525
2024-02-12 11:00:00+00:00,-0.0003832673,-8.564148447476327e-05,-0.0002836956248291211,0.00012806581798940897,-0.0003932180463444824
2024-02-12 12:00:00+00:00,-0.0001885967,-9.621750359656289e-05,-3.4607327028410566e-05,0.00013249758922029287,-0.00022688437597615245
2024-02-12 13:00:00+00:00,0.0007634426,-0.00010558879148447886,0.0006621424332061577,0.00013796621351502836,0.0007908528511430934
2024-02-12 14:00:00+00:00,-0.002431443,-0.00011263769556535408,-0.001316529877276596,0.0001377837179461494,-0.002396117349729273
2024-02-12 15:00:00+00:00,0.0019709745,-0.00011802366498159245,0.0006933468028759677,0.00014152436051517725,0.001945453626251657
2024-02-12 16:00:00+00:00,7.727461e-05,-0.00012637166946660727,8.009411335106899e-05,0.00014694304263684899,6.615554161757945e-05
2024-02-12 17:00:00+00:00,0.0021119202,-0.00013209617463871837,0.001338939290629539,0.0001499430218245834,0.0020697214958316675
2024-02-12 18:00:00+00:00,0.0019474083,-0.0001371924881823361,0.001986533178091808,0.00015343363338615745,0.0018493118595691107
2024-02-13 10:00:00+00:00,0.0024289393,-0.00014072157500777394,0.0023446119130718633,0.00014831528824288398,0.0024283711724656493
2024-02-13 11:00:00+00:00,-0.001342874,-0.00013993383618071675,-0.001335014503742268,0.0001405656075803563,-0.0013757335909649292
2024-02-13 12:00:00+00:00,0.0010050206,-0.00014225050108507276,0.0005976237095780916,0.0001466888643335551,0.0009834659008813261
2024-02-13 13:00:00+00:00,-0.00014439036,-0.00014040089445188642,9.584733016448351e-05,0.00014266521611716598,-0.00011691543177896329
2024-02-13 15:00:00+00:00,-0.002011343,-0.00014283369819168001,-0.001072028222153416,0.00014129963528830558,-0.0020130895252757175
2024-02-13 16:00:00+00:00,0.0006862795,-0.00014393976016435772,0.0002722310364448554,0.00013195649080444127,0.0006762667254947639
2024-02-13 17:00:00+00:00,0.0003137467,-0.00014361308421939611,0.00025780620818640645,0.00011949449981329963,0.0002903957980004818
2024-02-13 18:00:00+00:00,0.00094065,-0.0001459499471820891,0.000807378214906163,0.00010470386769156903,0.0009633121050737896
2024-02-14 10:00:00+00:00,0.0029330752,-0.00014650929369963706,0.002552046094225596,9.753843187354505e-05,0.002882447854847337
2024-02-14 11:00:00+00:00,0.00020217554,-0.00014487921725958586,0.0008695422635488305,9.580185724189505e-05,0.00014879151519317437
2024-02-14 12:00:00+00:00,-0.0016277537,-0.00014386036491487175,-0.0010858020650600867,9.022725862450898e-05,-0.0016437377037805251
2024-02-14 13:00:00+00:00,3.6814672e-05,-0.00014013393956702203,-0.0003354504118674386,8.171956142177805e-05,6.423421851840455e-05
2024-02-14 14:00:00+00:00,-0.000116584444,-0.0001328036014456302,-0.00013097507634802095,7.329712389037013e-05,-0.00012645173210460432
2024-02-14 15:00:00+00:00,-0.0015629297,-0.00012603796494659036,-0.0011651241416354853,5.7187178754247725e-05,-0.0015597316465707446
2024-02-14 16:00:00+00:00,0.0012959616,-0.0001313802640652284,0.00036692894523051656,6.034878970240243e-05,0.0012861880015653776
2024-02-14 17:00:00+00:00,-0.00059863605,-0.0001332011743215844,5.0897845609990935e-05,4.3326232116669416e-05,-0.0006397418088970212
2024-02-14 18:00:00+00:00,0.0005249771,-0.000146269187098369,0.0003559795260660082,3.823381848633289e-05,0.0005428392045350066
2024-02-15 10:00:00+00:00,-0.0040380484,-0.00015961927419994026,-0.0030113296310681566,2.485674667696003e-05,-0.004000262105316918
2024-02-15 11:00:00+00:00,-0.00028663495,-0.0001694169477559626,-0.00040767461020329253,1.0216544069407973e-05,-0.0002493688244897357
2024-02-15 12:00:00+00:00,0.00082269916,-0.00018036604160442948,0.0007792762887317479,-1.8833201238521724e-06,0.0008394344138378771
2024-02-15 13:00:00+00:00,0.0011850987,-0.00020052101172041148,0.0008852198664751216,-9.969186066882685e-06,0.001113152114480252
2024-02-15 14:00:00+00:00,0.003025628,-0.00021513762476388365,0.0017916422413638091,-2.3380020138574764e-05,0.0030183212657433917
2024-02-15 15:00:00+00:00,-0.00029448123,-0.00023460145166609436,0.0007277595792127239,-3.463844768702984e-05,-0.0003316251005913677
2024-02-15 16:00:00+00:00,0.0007912218,-0.0002584023168310523,0.000719753302656577,-4.66364981548395e-05,0.0007727959229093553
2024-02-15 17:00:00+00:00,0.00039231192,-0.0002799266658257693,0.000670314572170542,-6.440859579015523e-05,0.00034940292250535776
2024-02-15 18:00:00+00:00,0.0006984246,-0.0003062928735744208,0.0007013967589361588,-8.436464122496545e-05,0.0006777168809596823
2024-02-16 10:00:00+00:00,0.002269572,-0.00033817891380749643,0.0021077446609849035,-9.874648094410077e-05,0.0022688101417308727
2024-02-16 11:00:00+00:00,-0.00128709,-0.0003649241989478469,-0.0011605550306594623,-0.00011022481339750811,-0.0013302673823740784
2024-02-16 12:00:00+00:00,0.00059024926,-0.0003972577687818557,0.0003242024379702616,-0.00013573055912274867,0.0005983634055678852
2024-02-16 13:00:00+00:00,-0.00091457594,-0.00042851772741414607,-0.0005341923404698122,-0.00014988974726293236,-0.0009374839017923435
2024-02-16 14:00:00+00:00,-0.004972899,-0.0004593048943206668,-0.0037803982002071915,-0.00018324477423448116,-0.004973304191446916
2024-02-16 15:00:00+00:00,-0.0020503418,-0.0004961809027008712,-0.0024731550909356417,-0.00019010400865226984,-0.002058228911956994
2024-02-16 16:00:00+00:00,-0.00037604413,-0.0005315496819093823,-0.0003855959483469919,-0.00021091490634717047,-0.0003874045332399497
2024-02-16 17:00:00+00:00,0.0007796719,-0.0005684731877408922,0.0007615126027397029,-0.00022501545026898384,0.0007934456067942437
2024-02-16 18:00:00+00:00,-0.0011527734,-0.0006013766396790743,-0.0009043144900927167,-0.00024571127141825855,-0.001200089501698958
2024-02-19 10:00:00+00:00,-0.00024058555,-0.0006212298176251352,-0.0005072054281369284,-0.00025012207333929837,-0.000223056554958947
2024-02-19 11:00:00+00:00,-7.403797e-05,-0.0006344834109768271,-3.9402765545494225e-05,-0.00025945386732928455,-0.00013331027148576172
2024-02-19 12:00:00+00:00,0.0018770203,-0.0006406098254956305,0.0012439511735370093,-0.0002655669522937387,0.0019137659393229929
2024-02-19 13:00:00+00:00,-0.00048971974,-0.0006492567481473088,3.822585513029457e-05,-0.00025431724498048425,-0.0004790741208671024
2024-02-19 14:00:00+00:00,0.00092072104,-0.0006561394548043609,0.000937229887058921,-0.0002518135297577828,0.000919860764507966
2024-02-19 15:00:00+00:00,0.0010551688,-0.0006531548569910228,0.0006448512026072542,-0.0002569856005720794,0.0010621233405392813
2024-02-19 16:00:00+00:00,-0.0005320597,-0.0006479632575064898,-0.00011627225736627434,-0.00026249748771078885,-0.0005312288068976141
2024-02-19 17:00:00+00:00,-0.00023382672,-0.0006393907242454588,-0.00028405727182277793,-0.00027751974994316697,-0.0002560793389904801
2024-02-19 18:00:00+00:00,-0.0016414019,-0.0006234402535483241,-0.0012389182149682156,-0.0003035151166841388,-0.0016047151199481118
2024-02-20 10:00:00+00:00,-0.005129389,-0.0006012797239236534,-0.004865523702041484,-0.0003012893139384687,-0.005193369908364574
2024-02-20 11:00:00+00:00,-0.0036404927,-0.000587011338211596,-0.0036409637492777393,-0.0002790733124129474,-0.0035868949811652955
2024-02-20 12:00:00+00:00,0.00017410175,-0.000584269524551928,7.970277292667797e-05,-0.00026352403801865876,6.785241746250803e-05
2024-02-20 13:00:00+00:00,0.002173718,-0.0005790729192085564,0.0017896629215947391,-0.00024634922738187015,0.0021875510555991926
2024-02-20 14:00:00+00:00,-0.00025128864,-0.0005657299188897014,-0.000133002707231498,-0.0002519625413697213,-0.00021879873545540212
2024-02-20 15:00:00+00:00,-0.0002513518,-0.0005458570667542517,-0.000243131924895421,-0.00025506652309559286,-0.00026786896163292237
2024-02-20 16:00:00+00:00,-0.0001179399,-0.0005423682159744203,-0.0001165643968316941,-0.0002548970514908433,-0.00011322307290671462
2024-02-20 17:00:00+00:00,-0.0010682999,-0.0005448080482892692,-0.0010181480183213709,-0.0002425342536298558,-0.0010859522882426024
2024-02-20 18:00:00+00:00,-0.003380106,-0.0005436548963189125,-0.0033717860418110554,-0.00023606712056789547,-0.0033047649657719155
2024-02-21 10:00:00+00:00,-0.008673543,-0.0005343365482985973,-0.00481295758787892,-0.0002186085475841537,-0.008783004727392033
2024-02-21 11:00:00+00:00,-0.0042546014,-0.0005174279795028269,-0.0026588826675419887,-0.00018827721942216158,-0.004226877171888104
2024-02-21 12:00:00+00:00,-0.0024031708,-0.0004994393675588071,-0.0026207853268593187,-0.0001630203187232837,-0.0023968053795263332
2024-02-21 13:00:00+00:00,-0.0021709753,-0.00046424989704973996,-0.0025438880917719544,-0.000146252874401398,-0.002261631718172477
2024-02-21 14:00:00+00:00,-0.003295566,-0.00042606433271430433,-0.003275165607279101,-0.00012322398833930492,-0.003330358679295903
2024-02-21 15:00:00+00:00,0.0059001716,-0.00038052693707868457,0.0027628808509638798,-9.515261626802385e-05,0.00572784485090334
2024-02-21 16:00:00+00:00,0.0027619526,-0.0003516103606671095,0.0021360385729046827,-5.0165708671556786e-05,0.002777484885089666
2024-02-21 17:00:00+00:00,-0.0045800256,-0.00031794013921171427,-0.0016657635434416732,3.0352691737789428e-06,-0.00443614710740055
2024-02-21 18:00:00+00:00,-0.0047093905,-0.0002965782186947763,-0.0047313503228483995,6.055533594917506e-05,-0.00459864764120244
2024-02-22 10:00:00+00:00,0.003964103,-0.00025841573369689286,0.002280883875224526,0.00010783856123453006,0.003770207260032764
2024-02-22 11:00:00+00:00,0.0014013153,-0.0002259495813632384,0.0013483861025923537,0.00014864208060316741,0.0013526338353370077
2024-02-22 12:00:00+00:00,-0.00053873507,-0.00018850379274226725,-0.00015190223052638318,0.00019564041576813906,-0.00047399855157078774
2024-02-22 13:00:00+00:00,0.0021184066,-0.00013996277994010597,0.0007779070492155144,0.0002305683447048068,0.0020958350464112
2024-02-22 14:00:00+00:00,0.0005597254,-0.00010323550668545067,0.0005025313075363966,0.0002705382648855448,0.0005535669304772304
2024-02-22 15:00:00+00:00,-0.0028017652,-6.378800026141107e-05,-0.001872458044983618,0.0003067838551942259,-0.002755163571587138
2024-02-22 16:00:00+00:00,-0.0025394422,-2.473129643476568e-05,-0.002440483467411221,0.000342588551575318,-0.002498199440342409
2024-02-22 17:00:00+00:00,0.00061958365,4.953586767442175e-07,0.00035335766940357586,0.00038042807136662304,0.000538138558210102
2024-02-22 18:00:00+00:00,-0.0018917271,2.8714943255181424e-05,-0.0019208300439143874,0.00041845536907203496,-0.0018248662225397994
2024-02-26 10:00:00+00:00,0.017551837,6.333856435958296e-05,0.01423787633619112,0.0004466105601750314,0.01717203358962792
2024-02-26 11:00:00+00:00,0.0011313385,8.678589074406773e-05,0.0015926260703927092,0.0004627130401786417,0.0012745964913582473
2024-02-26 12:00:00+00:00,0.0031715417,0.0001213060095324181,0.0028998736667729674,0.00047541011008434,0.003204844583962601
2024-02-26 13:00:00+00:00,-0.0011807462,0.0001617715897737071,-0.0010009296815354305,0.0004873521102126688,-0.0011253492480907958
2024-02-26 14:00:00+00:00,-0.0009855413,0.00019734888337552547,-0.0009880725751190156,0.0005103668081574142,-0.0009625340861088443
2024-02-26 15:00:00+00:00,0.0005958072,0.00023095495998859406,0.0005439510125644258,0.0005325593519955873,0.0006153649399550171
2024-02-26 16:00:00+00:00,-0.0016760278,0.0002551677171140909,-0.0013138912881311376,0.0005513460491783917,-0.0016945850040900672
2024-02-26 17:00:00+00:00,0.0019472988,0.0002840030938386917,0.001460525790807675,0.0005546055035665631,0.0019912237859915174
2024-02-26 18:00:00+00:00,0.0017474653,0.0003186749236192554,0.001742529432322157,0.0005610468797385693,0.0017188801127027181
2024-02-27 10:00:00+00:00,0.003175612,0.0003496684366837144,0.0031789528645436906,0.0005758137558586895,0.003126741934774994
2024-02-27 11:00:00+00:00,-0.0030324615,0.00037819435237906873,-0.0025649421636525574,0.0005952998762950301,-0.00305813851121863
2024-02-27 12:00:00+00:00,-0.0012080868,0.00039827488944865763,-0.001202397593124997,0.0006268415600061417,-0.0012407784652510093
2024-02-27 13:00:00+00:00,0.000663383,0.00042292565922252834,0.00015039000803438943,0.000650178175419569,0.0006132150381099173
2024-02-27 14:00:00+00:00,-0.0022535555,0.0004430718836374581,-0.001989745276654925,0.0006754014175385237,-0.002231532586311538
2024-02-27 15:00:00+00:00,0.001979535,0.0004682072903960943,-0.0002965977272062309,0.000700608070474118,0.0019686080795559965
2024-02-27 16:00:00+00:00,-0.00057631056,0.0004922833177261055,-0.00043512285271427216,0.0007248003967106342,-0.0005682080735431462
2024-02-27 17:00:00+00:00,-0.00047687546,0.0005081225535832345,-0.0005264761859805404,0.000750947103369981,-0.0004784700072377902
2024-02-27 18:00:00+00:00,0.00042701676,0.0005269881803542376,0.00042027331661020537,0.000768228666856885,0.00035382856350825486
2024-02-28 10:00:00+00:00,0.0072129616,0.0005444681155495346,0.00728089153372652,0.0007838700548745692,0.007133181483878301
2024-02-28 11:00:00+00:00,0.0012120539,0.0005597535637207329,0.0011993676310308602,0.0007913140580058098,0.0012679192787971134
2024-02-28 12:00:00+00:00,-0.0015462454,0.0005788503913208842,-0.0015451252877657538,0.0007831865805201232,-0.001531523431954853
2024-02-28 13:00:00+00:00,-0.0019857904,0.0005983975133858621,-0.0018351747433821219,0.0007775499834679067,-0.001993447637857818
2024-02-28 14:00:00+00:00,0.00031935557,0.0006195558235049248,-0.00020041963314841062,0.0007810600800439715,0.00029133489393142007
2024-02-28 15:00:00+00:00,0.0013228437,0.0006409836933016777,0.0007353850276396722,0.0007821760955266654,0.0012703429423493425
2024-02-28 16:00:00+00:00,-0.0012608448,0.0006581204361282289,-0.0005235141721924352,0.0007769631338305771,-0.0012153224321454275
2024-02-28 17:00:00+00:00,-0.00047749127,0.0006679408834315836,-0.00046888374843528674,0.0007771615637466311,-0.0005382435153845123
2024-02-28 18:00:00+00:00,0.0008153181,0.0006770992185920477,0.0004985529865752499,0.0007754549733363092,0.0007978737537596709
2024-02-29 10:00:00+00:00,-0.0007191814,0.0006873662932775915,-0.0002690445820002232,0.0007804293418303132,-0.0007256309975683204
2024-02-29 11:00:00+00:00,0.0018155572,0.0007024090155027807,0.0009829732938111929,0.0007839876343496144,0.001858052107389793
2024-02-29 12:00:00+00:00,0.0010982672,0.0007137273787520826,0.0010199425196850684,0.0007850808324292302,0.0010650658211574615
2024-02-29 13:00:00+00:00,0.0032351897,0.0007175217615440488,0.002927308761025799,0.0007912605069577694,0.003205565037781209
2024-02-29 14:00:00+00:00,-0.0011780271,0.0007229844923131168,-0.000434886465064581,0.0007991396123543382,-0.0011840534829977915
2024-02-29 15:00:00+00:00,4.3198277e-05,0.0007262363214977086,2.9090664040967362e-05,0.0008076811791397631,-9.898364251655164e-06
2024-02-29 16:00:00+00:00,0.00024064197,0.0007267491309903562,0.00021542197173459582,0.000810398836620152,0.0003123501113155519
2024-02-29 17:00:00+00:00,0.0016736354,0.0007231426425278187,0.0016868371840293194,0.0008017474901862442,0.0015932492747145885
2024-02-29 18:00:00+00:00,0.0029674296,0.0007228662725538015,0.0020338028081249974,0.0007950999424792826,0.0030269660239562383
2024-03-01 10:00:00+00:00,0.00020877211,0.0007289401255548,0.00023613411045418056,0.0007909995038062334,0.00018740014165850969
2024-03-01 11:00:00+00:00,-0.0005527271,0.0007371418760158122,-0.000578606470619248,0.0007894362206570804,-0.0006303273467059983
2024-03-01 12:00:00+00:00,-0.00013822953,0.0007420907495543361,-0.00010819527906417002,0.0007883695070631802,-0.00015901449906146524
2024-03-01 13:00:00+00:00,0.000258013,0.0007462516659870744,0.00013571752640847837,0.0007849702378734946,0.0002882135899758063
2024-03-01 14:00:00+00:00,0.0005004782,0.0007516057230532169,0.0005394923979942549,0.0007822421030141413,0.00053518150257634
2024-03-01 15:00:00+00:00,0.0012332387,0.0007598560187034309,0.0011273507015895664,0.0007796829449944198,0.001242946885529166
2024-03-01 16:00:00+00:00,0.0014797185,0.0007665852317586541,0.001509671807607432,0.000773401465266943,0.0015244731954130724
2024-03-01 17:00:00+00:00,7.04082e-05,0.0007624163990840316,0.0002361614838063515,0.0007570512825623155,-1.8934823924445325e-05
2024-03-01 18:00:00+00:00,-3.6734094e-05,0.0007664291770197451,1.0952609418532402e-05,0.0007459400221705437,-3.926038771699489e-05
2024-03-04 10:00:00+00:00,0.004349719,0.000769324426073581,0.0024524340254134355,0.0007320614531636238,0.004414831365310066
2024-03-04 11:00:00+00:00,0.0022833494,0.0007699233829043806,0.0018044205952239937,0.0007213042699731886,0.0022703681820017965
2024-03-04 12:00:00+00:00,0.0010971961,0.0007639910327270627,0.0012948992706178855,0.00070352473994717,0.0010604493409903418
2024-03-04 13:00:00+00:00,0.00033408654,0.0007545153493992984,0.00039288618013876627,0.000686926709022373,0.0002938853722251743
2024-03-04 14:00:00+00:00,0.0006465959,0.000748654711060226,0.0006041025997348145,0.0006700838566757739,0.0006633137539534492
2024-03-04 15:00:00+00:00,0.00030342198,0.0007439781911671162,0.0001881311101644654,0.0006491868407465518,0.0002848582340033827
2024-03-04 16:00:00+00:00,-0.00013956269,0.000735570618417114,-2.2384254056620462e-05,0.0006284060073085129,-0.00017913702210347617
2024-03-04 17:00:00+00:00,0.00017900078,0.0007215299992822111,0.0004661409935200949,0.000614309567026794,0.0001247358338128452
2024-03-04 18:00:00+00:00,0.00011527168,0.0007096062763594091,5.520041884260646e-05,0.0006013016682118177,0.00016935803932846782
2024-03-05 10:00:00+00:00,-0.0029435866,0.0006966171786189079,-0.002724879121815457,0.0005857645883224905,-0.002947085263044547
2024-03-05 11:00:00+00:00,0.003258999,0.0006829558406025171,0.0011758923400262006,0.0005776999751105905,0.0032814792301331347
2024-03-05 12:00:00+00:00,0.0009577587,0.0006696318159811199,0.001023891981239366,0.0005680713802576065,0.000893529490039005
2024-03-05 13:00:00+00:00,0.0011838066,0.000655285082757473,0.0010091905065620402,0.0005543457227759063,0.0012109091358651037
2024-03-05 14:00:00+00:00,-0.001498917,0.0006465852493420243,-0.0009192898831994869,0.0005376645713113248,-0.0015498360742230099
2024-03-05 15:00:00+00:00,0.0010661272,0.0006366980378516018,0.0004925024106140034,0.0005246208165772259,0.0011115221204230819
2024-03-05 16:00:00+00:00,0.0013250164,0.0006252700695767999,0.0013266205602781274,0.0005185927147977054,0.0012731985798107863
2024-03-05 17:00:00+00:00,-0.0007802766,0.0006128598470240831,-0.0008185754882502071,0.000532422389369458,-0.0008029659392286965
2024-03-05 18:00:00+00:00,-0.0013139333,0.000606359273660928,-0.0011979451896050812,0.0005469863535836339,-0.001296579330623
2024-03-06 10:00:00+00:00,-0.0009911329,0.0005955772940069437,-0.0009779154433753271,0.0005509759648703039,-0.0010485904589929867
2024-03-06 11:00:00+00:00,0.0003062346,0.0005880555836483836,0.0003471830786395639,0.0005539657431654632,0.0003011404265436927
2024-03-06 12:00:00+00:00,0.0009726581,0.0005798490019515157,0.0009381191084350262,0.0005455526988953352,0.000957942431400297
2024-03-06 13:00:00+00:00,0.0024924695,0.0005713471909984946,0.0021554404010159984,0.0005362436058931053,0.002530008918478107
2024-03-06 14:00:00+00:00,0.001044746,0.0005610664957202971,0.0011039012729594018,0.0005194928380660713,0.0009715945649366917
2024-03-06 15:00:00+00:00,-0.00020523964,0.0005488955066539347,-0.0002080829734330416,0.000502458424307406,-0.00020456566429684613
2024-03-06 16:00:00+00:00,-0.00058576826,0.0005426533170975745,-0.0006397812871498711,0.0004903962253592908,-0.0005748658598131832
2024-03-06 17:00:00+00:00,0.00019026134,0.0005255484138615429,0.00017614518021467573,0.00048824510304257274,0.00017674086821109174
2024-03-06 18:00:00+00:00,-0.0002929571,0.0005179831641726196,-0.0002609642038789753,0.0004796706489287317,-0.00029921923783525185
2024-03-07 10:00:00+00:00,0.0011682967,0.0005054588546045125,0.001191037074017434,0.00047007997636683285,0.0011178501100343654
2024-03-07 11:00:00+00:00,-0.0024922036,0.0004970467416569591,-0.0009978047460509833,0.00046206399565562606,-0.0024948834376367418
2024-03-07 12:00:00+00:00,-9.074273e-05,0.00048484906437806785,-0.00016406367031265466,0.00044044372043572366,-8.598861540563913e-05
2024-03-07 13:00:00+00:00,0.00071966596,0.00047427069512195885,0.0005773671191685525,0.0004284498281776905,0.0007671098325770907
2024-03-07 14:00:00+00:00,0.00094264385,0.00046742736594751477,0.0008008898762532693,0.00041586620500311255,0.0009088421466845057
2024-03-07 15:00:00+00:00,0.00056153827,0.0004601120308507234,0.0005920877577381478,0.0004095333570148796,0.0005387794321520993
2024-03-07 16:00:00+00:00,0.00080854405,0.0004549777659121901,0.0008114398773359676,0.00040634983452036977,0.0007943966290953168
2024-03-07 17:00:00+00:00,-0.0006636821,0.0004462470533326268,-0.0005762755214208724,0.000421457109041512,-0.0007097199440388119
2024-03-07 18:00:00+00:00,0.00058526994,0.00044300840818323195,0.00047730784884616616,0.0004213778593111783,0.0005977757664778901
2024-03-11 10:00:00+00:00,0.005678006,0.00043496699072420597,0.003611538282241977,0.0004082598024979234,0.0057643679744474804
2024-03-11 11:00:00+00:00,-0.0021795724,0.00043040301534347236,-0.0014610244571179247,0.00039184378692880273,-0.0023145987708542578
2024-03-11 12:00:00+00:00,0.0006489644,0.00043546257074922323,0.0002890755628082945,0.0003739067760761827,0.0006303517114022584
2024-03-11 13:00:00+00:00,4.2047977e-05,0.00044528438593260944,8.531634075288397e-05,0.0003602884244173765,5.1220443939696494e-05
2024-03-11 14:00:00+00:00,0.0007205476,0.00045473244972527027,0.0005131046841396296,0.000343812454957515,0.0007058831193322143
2024-03-11 15:00:00+00:00,-0.00094282127,0.0004704577149823308,-0.00046431926733874645,0.0003229597059544176,-0.0009643747571799479
2024-03-11 16:00:00+00:00,-0.00088958885,0.000481470167869702,-0.0006303155261176176,0.0003027412458322942,-0.0009168732437429418
2024-03-11 17:00:00+00:00,-0.00083922275,0.000485747994389385,-0.0007373903436964666,0.0002772252191789448,-0.0008211146763368179
2024-03-11 18:00:00+00:00,-0.00084293936,0.0004885359667241573,-0.0006212119961565257,0.0002550931822042912,-0.0008516406822343094
2024-03-12 10:00:00+00:00,-0.0023640173,0.0004876392486039549,-0.0023808061986344293,0.00022829914814792573,-0.002459409905626861
2024-03-12 11:00:00+00:00,0.0018488726,0.0004825452633667737,0.0009881814047096316,0.00020687909272965044,0.00195936029121421
2024-03-12 12:00:00+00:00,-0.00093456544,0.0004783828626386821,-0.00041092664262882856,0.00016862875781953335,-0.0009810241068072844
2024-03-12 13:00:00+00:00,0.0011635515,0.00047073294990696013,0.000708413104825615,0.00012452708324417472,0.0011606486070797025
2024-03-12 14:00:00+00:00,0.001141135,0.0004570099408738315,0.0008126526923246261,7.83055875217542e-05,0.0011747317776490615
2024-03-12 15:00:00+00:00,0.0007309667,0.000440558505943045,0.0008670995520642061,3.5148204915458336e-05,0.0007260684433925312
2024-03-12 16:00:00+00:00,0.00010523926,0.00041552510811015964,0.0001352806206455944,-4.44660372522776e-06,4.764244677173749e-05
2024-03-12 17:00:00+00:00,0.0011178592,0.0003920224553439766,0.0010275788869541877,-4.25128782808315e-05,0.001157103302816891
2024-03-12 18:00:00+00:00,0.0008855868,0.0003741233958862722,0.000879223131637526,-8.382575470022857e-05,0.0008635040583450294
2024-03-13 10:00:00+00:00,0.0009687438,0.0003593173751141876,0.000985339700317766,-0.00012029676145175472,0.0009422033711858934
2024-03-13 11:00:00+00:00,-0.00042277278,0.00035099845263175666,-0.00030370173854949074,-0.0001540681259939447,-0.00046212197540110165
2024-03-13 12:00:00+00:00,-0.0015667164,0.0003390066558495164,-0.0006736393239266444,-0.00018226764223072678,-0.001625977632212284
2024-03-13 13:00:00+00:00,9.011133e-06,0.00032435261528007686,-1.2816404132614954e-05,-0.0002065427106572315,-1.0702628675048455e-05
2024-03-13 14:00:00+00:00,0.00013816054,0.00030001564300619066,0.00013456638772959924,-0.0002303190267411992,0.00010488398838205255
2024-03-13 15:00:00+00:00,-0.00020124018,0.00027522974414750934,-0.00020244477486706545,-0.00026517314836382866,-0.0001904074927649537
2024-03-13 16:00:00+00:00,-0.0006761031,0.00025294284569099545,-0.00040828735627324725,-0.0002988290216308087,-0.0006782833505243157
2024-03-13 17:00:00+00:00,-0.00024050241,0.00022119835193734616,-0.00019674867059723758,-0.0003039308066945523,-0.0002715939309718145
2024-03-13 18:00:00+00:00,-0.0015917796,0.0001896264438983053,-0.0015997565588252325,-0.00031248581944964826,-0.001584678173794877
2024-03-14 10:00:00+00:00,-0.0066380985,0.00014931586338207126,-0.006374463703900177,-0.000319456506986171,-0.006737420137188915
2024-03-14 11:00:00+00:00,0.0006818523,0.00011583139712456614,0.00012736838045425492,-0.00033039727713912725,0.0007607758538408728
2024-03-14 12:00:00+00:00,0.0017192328,7.492509030271322e-05,0.0016918354285731347,-0.00034033050178550184,0.001818268876838155
2024-03-14 13:00:00+00:00,-0.00173438,4.085091131855734e-05,-0.0005415465765494691,-0.00036102463491261005,-0.0017769854285048803
2024-03-14 14:00:00+00:00,0.000681398,-9.74514819063188e-07,0.0003129895448260346,-0.0003788216272369027,0.00067558307002786
2024-03-14 15:00:00+00:00,-0.0041318485,-5.2277278882684186e-05,-0.004016987424122407,-0.00039458039100281894,-0.004218985866563471
2024-03-14 16:00:00+00:00,0.0016462909,-9.545447392156348e-05,0.00038330814798372825,-0.0004037367179989815,0.0017288742101806461
2024-03-14 17:00:00+00:00,0.00072205457,-0.00014096670201979578,0.0009899480669387966,-0.0004149239102844149,0.000726248701821766
2024-03-14 18:00:00+00:00,-0.000103118735,-0.0001775781565811485,0.00017812345256131443,-0.0004187213780824095,-0.00011935548327988445
2024-03-15 10:00:00+00:00,-0.00021233677,-0.00020981630950700492,-0.00022001339657076881,-0.0004213441861793399,-0.00016047268493488509
2024-03-15 11:00:00+00:00,0.00073388714,-0.00024268335255328566,0.000724592288508226,-0.00042921098065562546,0.0006461336160298967
2024-03-15 12:00:00+00:00,0.00048794903,-0.00026755870203487575,0.00048202158885984653,-0.0004397921438794583,0.0005053449622480041
2024-03-15 13:00:00+00:00,0.0014019068,-0.00028878403827548027,0.0009392416815845148,-0.0004542021488305181,0.001428812371320996
2024-03-15 14:00:00+00:00,0.002221461,-0.00030982159660197794,0.002307278238096586,-0.00046120138722471893,0.0022004345133749496
2024-03-15 15:00:00+00:00,-0.0007550453,-0.00032393072615377605,0.000491467547008916,-0.00048014565254561603,-0.0008275597174964024
2024-03-15 16:00:00+00:00,-0.0023442698,-0.0003302553668618202,-0.0016267909711595592,-0.0004924630629830062,-0.0023606739105057886
2024-03-15 17:00:00+00:00,0.0020330253,-0.0003321076510474086,0.0008443736080260434,-0.0005046530859544873,0.0020795987843673022
2024-03-15 18:00:00+00:00,-0.002635861,-0.00033474364317953587,-0.0012608977972575091,-0.0005152442026883364,-0.002686010652807542
2024-03-18 10:00:00+00:00,-0.0006911332,-0.00033798479125835,-0.0008170071799261892,-0.0005166783230379224,-0.0007087912828192656
2024-03-18 11:00:00+00:00,-0.0010345608,-0.0003464340406935662,-0.0014725943994331728,-0.0005079489783383906,-0.0010743395938393424
2024-03-18 12:00:00+00:00,0.0011133983,-0.0003590962733142078,0.0001738600483670738,-0.0005066352314315736,0.0011871822965826531
2024-03-18 13:00:00+00:00,0.00078803406,-0.0003745078283827752,0.0008500939333478849,-0.0005159543361514807,0.0007188198756886812
2024-03-18 14:00:00+00:00,0.0008691479,-0.0003856845432892442,0.0008980277069696805,-0.0005261619808152318,0.0008588957934181382
2024-03-18 15:00:00+00:00,-0.0005783384,-0.0003960808098781854,1.9907283629944127e-05,-0.0005272517446428537,-0.0005962769054797701
2024-03-18 16:00:00+00:00,-0.0006059486,-0.00039591596578247845,-0.00033613247020564054,-0.0005273368442431092,-0.0006080551314494291
2024-03-18 17:00:00+00:00,0.00046661295,-0.0004044540401082486,0.0004167216671805501,-0.0005254485295154154,0.0004914607672744558
2024-03-18 18:00:00+00:00,-0.0014702653,-0.0004048846021760255,-0.0010145752240121307,-0.0005289229447953403,-0.0014661799151643976
2024-03-19 10:00:00+00:00,0.0004822427,-0.0004154868656769395,-8.26423727335522e-06,-0.0005314862937666476,0.0004932786095525008
2024-03-19 11:00:00+00:00,0.001306043,-0.00042058463441208005,0.0011170336023105852,-0.0005242836778052151,0.0012357145208303213
2024-03-19 12:00:00+00:00,-0.0010756191,-0.0004178144736215472,-0.0007012926477671785,-0.0005150169017724693,-0.00112690192031104
2024-03-19 13:00:00+00:00,0.0011180142,-0.00041447553667239845,0.0006098301972884704,-0.0005099838017486036,0.0011818245750910088
2024-03-19 14:00:00+00:00,-0.0031998183,-0.0004178777162451297,-0.0028475454539078886,-0.0005021339165978134,-0.0032041074190184873
2024-03-19 15:00:00+00:00,9.720682e-05,-0.0004198135284241289,-7.18681508090779e-05,-0.0004936134209856391,8.469545934954473e-05
2024-03-19 16:00:00+00:00,-0.0013343812,-0.0004180059186182916,-0.0011524372433834827,-0.00048467781743966043,-0.0013165927994394082
2024-03-19 17:00:00+00:00,-0.007185733,-0.0004400999459903687,-0.006796384003456117,-0.0004553845210466534,-0.007231950022919106
2024-03-19 18:00:00+00:00,0.00024199169,-0.0004475838504731655,0.00015592942972741193,-0.0004387163498904556,0.00024940341141145453
2024-03-20 10:00:00+00:00,0.0032779595,-0.00045853384654037654,0.0027075625942535233,-0.00042227041558362544,0.0032413216731283384
2024-03-20 11:00:00+00:00,-0.00035724047,-0.0004625369037967175,-6.022985372172433e-05,-0.00040660658851265907,-0.00034499182100534634
2024-03-20 12:00:00+00:00,0.0019251457,-0.0004661905986722559,0.0014419600438992303,-0.0003911449166480452,0.0019263883966595748
2024-03-20 13:00:00+00:00,0.0006033238,-0.00046835109242238104,0.0006656244658488395,-0.0003747869050130248,0.0006094834135500593
2024-03-20 14:00:00+00:00,-0.0038791974,-0.0004620936815626919,-0.0021372299132976697,-0.0003618978662416339,-0.003959263237354021
2024-03-20 15:00:00+00:00,-0.0011688428,-0.0004587194707710296,-0.0014208766722126685,-0.0003489074297249317,-0.0012332631880965768
2024-03-20 16:00:00+00:00,0.0018077629,-0.00045065642916597426,0.0009850947975209596,-0.00033300291397608817,0.0018822054854616018
2024-03-20 17:00:00+00:00,0.0003727695,-0.0004407021915540099,0.0005739751453320703,-0.0003253881586715579,0.00041542616479247225
2024-03-20 18:00:00+00:00,-0.0019295138,-0.0004255966341588646,-0.0008659779116767685,-0.00030477342079393566,-0.001957826304387957
2024-03-21 10:00:00+00:00,0.00734646,-0.0004013945581391454,0.005450576907826096,-0.00028463019407354295,0.007397119361042126
2024-03-21 11:00:00+00:00,-0.0021535147,-0.00037225623964332044,-0.0005043097519611258,-0.00027092202799394727,-0.0022717275251749177
2024-03-21 12:00:00+00:00,-0.00021012466,-0.00034730409970507026,-0.00031503890032508913,-0.00024732545716688037,-0.00021635663960735895
2024-03-21 13:00:00+00:00,-0.0010604325,-0.0003185513778589666,-0.00047386471372490345,-0.00022358729620464146,-0.0011007141459085463
2024-03-21 14:00:00+00:00,-7.622381e-05,-0.0002951534406747669,-0.00016118202276882952,-0.00020337979367468506,-3.496953457673501e-05
2024-03-21 15:00:00+00:00,-0.003934932,-0.00027543361647985876,-0.0029974017567020905,-0.00018000390264205635,-0.004016748356864715
2024-03-21 16:00:00+00:00,0.0016699601,-0.0002572731755208224,0.0005429422304341304,-0.00016139129002112895,0.0017116273397463917
2024-03-21 17:00:00+00:00,0.0023655863,-0.0002456390648148954,0.0015796097080325098,-0.00014685055066365749,0.0023635948877627697
2024-03-21 18:00:00+00:00,0.0020314595,-0.00022738843108527362,0.0016756780931392148,-0.0001364413765259087,0.001982993719838103
2024-03-22 10:00:00+00:00,0.0010612952,-0.00020294598652981222,0.0012343876873345417,-0.00012757221702486277,0.0010111851780607462
2024-03-22 11:00:00+00:00,0.0018947566,-0.0001724021858535707,0.00178397324729925,-0.00011587241169763729,0.0019351733613200833
2024-03-22 12:00:00+00:00,-0.0035738852,-0.00013872075942344964,-0.001978822413999982,-0.00010127157293027267,-0.003614126627867644
2024-03-22 13:00:00+00:00,0.0012596108,-0.00010462795034982264,-3.74030014266177e-05,-8.571302169002593e-05,0.001265769214381254
2024-03-22 14:00:00+00:00,-0.0029415637,-7.048533734632656e-05,-0.0021474765350495617,-7.561565871583298e-05,-0.0030029476366305835
2024-03-22 15:00:00+00:00,-0.001354931,-3.957863009418361e-05,-0.0012237931782847053,-6.64821345708333e-05,-0.0013376519537047367
2024-03-22 16:00:00+00:00,-0.0014760331,-1.0684854714781977e-05,-0.001250280989862933,-6.381887214956805e-05,-0.0014498037882375563
2024-03-22 17:00:00+00:00,-0.0012669076,1.3336544725461863e-05,-0.0013780524242554188,-6.921109888935462e-05,-0.0012887537414569498
2024-03-22 18:00:00+00:00,0.002373373,3.47899658663664e-05,0.0015918084673740725,-6.625649257330224e-05,0.002424057698911854
2024-03-25 10:00:00+00:00,-0.0063343816,5.379195135901682e-05,-0.00586625492188461,-5.974745363346301e-05,-0.006392337682764756
2024-03-25 11:00:00+00:00,-0.0002951721,7.174118945840746e-05,-0.0012124546294415561,-5.947285899310373e-05,-0.00029534631717585187
2024-03-25 12:00:00+00:00,-0.0037711014,8.556759712519124e-05,-0.003414164330906395,-5.3422994824359193e-05,-0.003736607194807051
2024-03-25 13:00:00+00:00,0.0018873283,9.793273056857288e-05,0.0011845561540447217,-5.312083158059977e-05,0.0018767384512151071
2024-03-25 14:00:00+00:00,0.0010531341,0.00010976315388688818,0.0011446568352797206,-5.019712625653483e-05,0.001071218846122749
2024-03-25 15:00:00+00:00,0.001586843,0.00011733880819519982,0.001371290339754062,-4.6475641283905134e-05,0.001527285194933219
2024-03-25 16:00:00+00:00,0.004656782,0.0001228517503477633,0.002224733449946194,-4.4254800741327927e-05,0.004710234221856221
2024-03-25 17:00:00+00:00,0.0016197256,0.00012511418026406318,0.0016698045436679405,-4.4746106141246855e-05,0.0015688416744969972
2024-03-25 18:00:00+00:00,0.0020803981,0.00012613928993232548,0.0010765676468852286,-4.067918780492619e-05,0.0020934093961396294
2024-03-26 10:00:00+00:00,8.836681e-05,0.0001288157218368724,0.00022754974760568776,-3.293321788078174e-05,8.59391040329194e-05
2024-03-26 11:00:00+00:00,0.0008284399,0.00013437270536087453,0.0008217462351244259,-2.5380501028848812e-05,0.0007258884028643746
2024-03-26 12:00:00+00:00,0.0004504806,0.00013465245137922466,0.0006260709316030789,-1.6996513295453042e-05,0.0005010965114616372
2024-03-26 13:00:00+00:00,-0.0021842883,0.00013811126700602472,-0.000921563701038169,-9.126055374508724e-06,-0.0022680584191375414
2024-03-26 14:00:00+00:00,0.00034151445,0.00014443944382946938,3.0615536420784694e-05,-4.750263997266302e-06,0.00035783521703727913
2024-03-26 15:00:00+00:00,0.0012096082,0.0001506964472355321,0.0009102803212934985,6.378070338541875e-06,0.0012114452772186799
2024-03-26 16:00:00+00:00,-0.00070974376,0.00016116935876198113,-8.970026565725838e-05,1.2800488548236899e-05,-0.0007407805209204085
2024-03-26 17:00:00+00:00,0.0014585407,0.00016305010649375618,0.0009587847939815873,6.452306934079388e-06,0.0014496645591592053
2024-03-26 18:00:00+00:00,-0.00029214672,0.00018274896137882024,0.00016869974385060158,4.465449364943197e-06,-0.00032894874394670456
2024-03-27 10:00:00+00:00,0.0017151411,0.0002029900933848694,0.0012339618325692733,8.480617907480337e-06,0.00175000471494036
2024-03-27 11:00:00+00:00,-0.0010609726,0.00022006752260494977,-0.0005533029386983548,1.3392491382546723e-05,-0.0011044301695746917
2024-03-27 12:00:00+00:00,-0.00068156165,0.00023050393792800605,-0.0007216762630971941,1.9271985365776345e-05,-0.0007013311232027241
2024-03-27 13:00:00+00:00,-0.0004657981,0.00023992593924049288,-0.0006004443556585404,2.5775874746614136e-05,-0.0004527110724291831
2024-03-27 14:00:00+00:00,-0.0004934346,0.00024873812799341977,-0.0007607277611118586,2.9783546779071912e-05,-0.00048619553143017426
2024-03-27 15:00:00+00:00,0.00012795087,0.00025842603645287454,0.00016649257361412917,3.7575529859168455e-05,9.543557818061006e-05
2024-03-27 16:00:00+00:00,0.0024674656,0.00027482068981043994,0.002012711759031087,3.965011637774296e-05,0.002454514711683432
2024-03-27 17:00:00+00:00,0.0014180889,0.00028313492657616735,0.0015590929202201776,4.236826134729199e-05,0.001393363781092052
2024-03-27 18:00:00+00:00,0.0026031935,0.0002885107242036611,0.0023332911564011593,4.879471816821024e-05,0.0025829003482162765
2024-03-28 10:00:00+00:00,0.00038732364,0.000297765334835276,0.00044259156863485046,5.3263716836227104e-05,0.00037473997791350274
2024-03-28 11:00:00+00:00,0.0010190336,0.00030823537963442504,0.0008242754334657049,6.37510311207734e-05,0.0009901184994847096
2024-03-28 12:00:00+00:00,-0.0005381139,0.00031984210363589227,-0.00019869594597966345,6.451962690334767e-05,-0.0005538734743032524
2024-03-28 13:00:00+00:00,-0.0005686596,0.0003326309088151902,-0.00026433836129076746,6.450049841077998e-05,-0.0005883965802995868
2024-03-28 14:00:00+00:00,0.00066844415,0.00034876848803833127,0.00031829443103563654,6.747293082298711e-05,0.000699279386341404
2024-03-28 15:00:00+00:00,-0.00051414815,0.0003603183722589165,-2.656625293711269e-05,5.977503678877838e-05,-0.0005343378861781538
2024-03-28 16:00:00+00:00,0.00012704942,0.00037159165367484093,9.03026114266237e-05,5.920330295339227e-05,9.925144204873089e-05
2024-03-28 17:00:00+00:00,0.00039314595,0.00037176450132392347,0.0003364393808759044,5.394778054323979e-05,0.00038469984056713994
2024-03-28 18:00:00+00:00,0.0016495272,0.00037591028376482427,0.0016650346858440026,4.959300713380799e-05,0.0016682421559642987
2024-03-29 10:00:00+00:00,-0.001362326,0.00038037728518247604,-0.0004490453342255622,4.589960371959023e-05,-0.0014433833217423649
2024-03-29 11:00:00+00:00,0.00027503126,0.0003847154730465263,-6.04996269668238e-05,4.723421807284467e-05,0.00031667173661592747
2024-03-29 12:00:00+00:00,0.0011687942,0.0003861305885948241,0.0007834168590994475,4.21532713517081e-05,0.0011711594176006279
2024-03-29 13:00:00+00:00,0.0008236773,0.00038562482222914696,0.0008453212873854744,3.6779081710847095e-05,0.0008081565820416892
2024-03-29 14:00:00+00:00,0.00045831036,0.0003857509873341769,0.0004628020175838052,3.5663379094330594e-05,0.0004119603737658559
2024-03-29 15:00:00+00:00,0.0015061196,0.00038622613647021353,0.001453593650739744,3.53627692675218e-05,0.0015049759701302005
2024-03-29 16:00:00+00:00,5.7187834e-05,0.00038353365380316973,3.7838967120407114e-05,3.3737902413122356e-05,2.5317426336773775e-05
2024-03-29 17:00:00+00:00,0.00048746876,0.00036792727769352496,0.0004918360847837771,3.622766598709859e-05,0.00047877870857646076
2024-03-29 18:00:00+00:00,0.0025328144,0.0003592465945985168,0.002091295272263208,3.3658157917670906e-05,0.002573967816090207
2024-04-01 10:00:00+00:00,0.008108003,0.0003530989633873105,0.0043852534329834785,3.225222462788224e-05,0.008313168533103252
2024-04-01 11:00:00+00:00,-0.0004971977,0.0003517837030813098,-0.00013434865939400474,3.030202969966922e-05,-0.0006772528869230498
2024-04-01 12:00:00+00:00,0.00018461722,0.0003475717094261199,0.00019266569484259683,2.6493897166801617e-05,0.00012180416008882704
2024-04-01 13:00:00+00:00,-0.00082806614,0.00034205825068056583,-0.0003384026549479551,1.6753510863054544e-05,-0.0008710397650097543
2024-04-01 14:00:00+00:00,-0.00070051913,0.00033825516584329307,-0.0006510948963318208,9.317393050878309e-06,-0.0007547142992678079
2024-04-01 15:00:00+00:00,0.0020852082,0.0003332161868456751,0.0010319201122998222,2.205923692599754e-06,0.0021786451550689155
2024-04-01 16:00:00+00:00,0.0008328674,0.00032660007127560675,0.0008401720517291284,1.177810560193393e-07,0.0008316731678515221
2024-04-01 17:00:00+00:00,0.0007994948,0.0003136643790639937,0.0011209971231468283,9.337651363239274e-07,0.000747188755238516
2024-04-01 18:00:00+00:00,-0.0007965215,0.0003057210997212678,-0.00032120526709948925,7.834810276108328e-06,-0.000856272242155965
2024-04-02 10:00:00+00:00,0.0008529672,0.0003028232022188604,0.0007845015926388808,6.192804448801326e-06,0.0008161339759877028
2024-04-02 11:00:00+00:00,-0.00041301872,0.00030523398891091347,-9.166276138258594e-05,1.2939201042172499e-05,-0.000404395548696764
2024-04-02 12:00:00+00:00,-0.00065107364,0.00030685050296597183,-0.00022373915877042203,9.961440810002387e-06,-0.0006610150234091356
2024-04-02 13:00:00+00:00,0.00020220522,0.0003189504786860198,0.00016246752579328184,9.071447493624873e-06,0.00022714568211981175
2024-04-02 14:00:00+00:00,0.0008024705,0.0003316125657875091,0.00034261977818387103,4.337816335464595e-06,0.0008586983524318066
2024-04-02 15:00:00+00:00,-0.00015449981,0.00033851704210974276,-0.0002409099698048531,-1.3033899222136824e-06,-0.00021246464434287077
2024-04-02 16:00:00+00:00,-0.000757989,0.0003453365061432123,-0.0005777531912494957,-2.5510746581858257e-06,-0.0007672951600984725
2024-04-02 17:00:00+00:00,0.0016697868,0.0003493535041343421,0.0015174206085745343,-1.252132460649591e-05,0.0017163704238880677
2024-04-02 18:00:00+00:00,0.00082495034,0.0003571654960978776,0.0008436403611311067,-1.9397572032175958e-05,0.0007980839419799396
2024-04-03 10:00:00+00:00,0.0055934563,0.00036404532147571445,0.003893488860094645,-3.35940821969416e-05,0.005688303669808068
2024-04-03 11:00:00+00:00,-0.0012455396,0.00037209157017059624,-0.0002158120707680583,-3.94232920370996e-05,-0.0014500380421326646
2024-04-03 12:00:00+00:00,0.00022442978,0.0003753944765776396,0.00013994631361967827,-4.638133032131009e-05,0.00021744362626151584
2024-04-03 13:00:00+00:00,-0.0010812696,0.0003793057694565505,-0.0008493291832681435,-5.044971840106882e-05,-0.0011185447281129727
2024-04-03 14:00:00+00:00,-0.0004996696,0.0003825930180028081,-0.00042041327269926856,-4.5866301661590114e-05,-0.0005163840600235696
2024-04-03 15:00:00+00:00,-3.5488993e-05,0.0003808641340583563,-0.00021228394428252393,-4.121898382436484e-05,3.0984566165434074e-06
2024-04-03 16:00:00+00:00,0.0023779327,0.000375275471014902,0.0018540083590328675,-3.619738345150836e-05,0.0024372788603713954
2024-04-03 17:00:00+00:00,0.0016980135,0.0003698080254253,0.0019633512185022366,-3.628671038313769e-05,0.0016430818597323114
2024-04-03 18:00:00+00:00,0.00015020609,0.00036898249527439475,0.00019674951748062253,-3.515614662319422e-05,9.038427158968669e-05
2024-04-04 10:00:00+00:00,0.001212603,0.0003668371355161071,0.0011265842483179982,-3.164336521876976e-05,0.001201324011093849
2024-04-04 11:00:00+00:00,0.00037937216,0.00035626356839202344,0.00036974681788810794,-3.797955287154764e-05,0.0004200059776060707
2024-04-04 12:00:00+00:00,0.00091108144,0.0003462974855210632,0.0008856417826030038,-4.229072146699764e-05,0.0008786415284950607
2024-04-04 13:00:00+00:00,-0.0006435489,0.00033807617728598416,6.058836437855262e-05,-4.660661579691805e-05,-0.0007001216890428055
2024-04-04 14:00:00+00:00,-0.00033516204,0.00034079718170687556,-0.00036307021279271705,-5.399137080530636e-05,-0.000388415305658082
2024-04-04 15:00:00+00:00,0.00022639368,0.00034146211692132056,0.00021644869185491922,-6.0586276958929375e-05,0.0002521516675178663
2024-04-04 16:00:00+00:00,-0.00010878018,0.0003496686986181885,4.880654946849894e-05,-6.982203922234476e-05,-8.567954294191886e-05
2024-04-04 17:00:00+00:00,0.001351562,0.0003551824192982167,0.0008999034571073575,-7.457784522557631e-05,0.0013963985506200666
2024-04-04 18:00:00+00:00,0.0005283752,0.00036179294693283737,0.0005049905743374972,-8.075402729446068e-05,0.0005225438740352501
2024-04-05 10:00:00+00:00,-0.0029301273,0.00036674339207820594,-0.0021654740603496347,-8.87603746377863e-05,-0.003179408871394633
2024-04-05 11:00:00+00:00,-7.358406e-05,0.000372168084140867,-0.0002711014308874414,-9.88637693808414e-05,4.6687013329800434e-05
2024-04-05 12:00:00+00:00,-0.0021480955,0.00037295816582627594,-0.0021788559641854385,-0.0001066007389454171,-0.0021760653260658206
2024-04-05 13:00:00+00:00,-0.00072591426,0.00037338558468036354,-0.0013192444636555187,-0.00011549291230039671,-0.0006362991505744286
2024-04-05 14:00:00+00:00,0.0014807782,0.0003706194693222642,0.001126073483759556,-0.00011685879871947691,0.0015492827662204034
2024-04-05 15:00:00+00:00,0.00016799763,0.0003639482310973108,0.0003235074206596598,-0.00011713905405486003,9.766806830051753e-05
2024-04-05 16:00:00+00:00,-0.0007429399,0.00035366887459531426,-0.000754604413209942,-0.00011356089817127213,-0.0007784570026271809
2024-04-05 17:00:00+00:00,0.0017356128,0.00034085570950992405,0.0010628502650097383,-0.0001118411382776685,0.0018122009080272343
2024-04-05 18:00:00+00:00,-0.00035041585,0.0003323541604913771,0.0001684724650858927,-0.00010941942309727892,-0.00039777906173681533
2024-04-08 10:00:00+00:00,0.0060546095,0.0003259841469116509,0.00474751307118995,-0.00010995894990628585,0.006272126766094487
2024-04-08 11:00:00+00:00,0.0010152954,0.0003253631293773651,0.001424408568171976,-0.00011170971993124112,0.0008122497691836399
2024-04-08 12:00:00+00:00,0.0006665498,0.0003222414234187454,0.0006998496819734827,-0.00011050378816435114,0.0005877617849180172
2024-04-08 13:00:00+00:00,-0.0008742064,0.00031931756529957056,-0.0006580281248720119,-0.0001110054217861034,-0.0009849894670315286
2024-04-08 14:00:00+00:00,-0.0012702763,0.0003170947602484375,-0.0011257809308134062,-0.00011209981312276796,-0.0013189490563535677
2024-04-08 15:00:00+00:00,0.0010567252,0.0003167585819028318,0.0004651756104143764,-0.00011440936214057729,0.0011600837200206205
2024-04-08 16:00:00+00:00,-0.00024286013,0.00031744124135002494,-5.118469522223437e-05,-0.00011738834291463718,-0.00027520855019905085
2024-04-08 17:00:00+00:00,0.0013744541,0.00032017737976275384,0.0013719189655706588,-0.00012378864630591124,0.0014033757715760675
2024-04-08 18:00:00+00:00,-0.0013188544,0.00032367283711209893,-0.0006627759503744102,-0.00013066189421806484,-0.0014264757251135636
2024-04-09 10:00:00+00:00,0.0041990736,0.000325996516039595,0.0023483588824433164,-0.00013376958668231964,0.004429393627811588
2024-04-09 11:00:00+00:00,0.001903914,0.0003294365596957505,0.0015374784732746435,-0.00013622429105453193,0.0018786395974069595
2024-04-09 12:00:00+00:00,-0.0009835274,0.0003334405191708356,-0.0004750560579078419,-0.00014113893848843873,-0.001187667652012658
2024-04-09 13:00:00+00:00,0.0004016754,0.00033545735641382635,0.00033552931868703563,-0.00014482426922768354,0.00046030774147640016
2024-04-09 14:00:00+00:00,-0.003150784,0.00033786840504035354,-0.0019657807613969723,-0.00015037298726383597,-0.0033318044332437953
2024-04-09 15:00:00+00:00,-0.0015045658,0.00033730760333128273,-0.0015279767528574883,-0.00015605312364641577,-0.0015178261542271065
2024-04-09 16:00:00+00:00,0.001291435,0.0003327716840431094,0.00041697827006696047,-0.00015934326802380383,0.001420007883724075
2024-04-09 17:00:00+00:00,-0.0010575674,0.00031867556390352547,-0.00016705592873360922,-0.00015493390674237162,-0.0011460401266326489
2024-04-09 18:00:00+00:00,-0.0020130505,0.0003051820967812091,-0.001573412029683947,-0.00015941068704705685,-0.002064616840083736
2024-04-10 10:00:00+00:00,0.00031919833,0.0002884772256948054,0.0002716294647907712,-0.00016442948253825307,0.0003781856918008311
2024-04-10 11:00:00+00:00,0.0016763139,0.0002747526450548321,0.0016881402040425063,-0.00017037686484400183,0.001787342111245675
2024-04-10 12:00:00+00:00,0.0017902284,0.0002628031943459064,0.0015086481809090302,-0.00017812286387197673,0.0018129565297716457
2024-04-10 13:00:00+00:00,0.00275646,0.00024880460114218295,0.0023514426703232475,-0.00018570608517620713,0.0028095895369604574
2024-04-10 14:00:00+00:00,-0.00025900517,0.00023471019812859595,9.100384362725423e-05,-0.00019462248019408435,-0.000404193392929081
2024-04-10 15:00:00+00:00,-5.8211112e-06,0.00022057343448977917,-3.276710509386572e-05,-0.00020502156985457987,-4.751259389841929e-05
2024-04-10 16:00:00+00:00,-0.0011474204,0.00020955146464984864,-0.0009682260941743367,-0.0002158294228138402,-0.001230806259912634
2024-04-10 17:00:00+00:00,0.0014006074,0.00019403632904868573,0.0013146890468919597,-0.00022099212219472975,0.001468907966530456
2024-04-10 18:00:00+00:00,0.0007213769,0.00018556434952188283,0.000839092658981405,-0.00022838123550172895,0.0007250435877887056
2024-04-11 10:00:00+00:00,0.0016386159,0.00017930904868990183,0.0007321240733582162,-0.00023762478667777032,0.0017088225228751354
2024-04-11 11:00:00+00:00,-0.0011763938,0.00017502665286883712,-0.001175595988606457,-0.00024536746786907315,-0.0013332384806602293
2024-04-11 12:00:00+00:00,-0.00072976894,0.00017000788648147136,-0.0005935355493676469,-0.00025373941753059626,-0.00079627868190839
2024-04-11 13:00:00+00:00,-4.6537196e-05,0.00016524696548003703,-0.0002154834968933614,-0.00026208761846646667,-4.295086704622212e-05
2024-04-11 14:00:00+00:00,-0.0009253763,0.0001618315582163632,-0.00043098288363360216,-0.00027014987426809967,-0.0009663670856100935
2024-04-11 15:00:00+00:00,0.00057918794,0.00015735063061583787,0.00029436196040839933,-0.0002748923725448549,0.0006231802381485782
2024-04-11 16:00:00+00:00,0.0008405354,0.00015264080138877034,0.000567791519357655,-0.0002787965058814734,0.0008731058233189679
2024-04-11 17:00:00+00:00,0.00060742133,0.0001402134948875755,0.0006073294114540953,-0.0002769852289929986,0.0005785134333757072
2024-04-11 18:00:00+00:00,-0.0006655671,0.00012767368752975017,-0.0002255803412933901,-0.0002818111388478428,-0.0007452146851084279
2024-04-12 10:00:00+00:00,0.0036276297,0.00011678324517561123,0.003630686818894509,-0.00028444029157981277,0.0037795308118792723
2024-04-12 11:00:00+00:00,0.0005936772,0.00010812081745825708,0.0011520274036052175,-0.00028942202334292233,0.0004829623490534668
2024-04-12 12:00:00+00:00,0.00084501994,0.00010135739285033196,0.0007650040108548345,-0.0002946685126516968,0.0007886503218588077
2024-04-12 13:00:00+00:00,0.00047717858,9.477933053858578e-05,0.0004668222609364679,-0.000297229882562533,0.00047628598386900706
2024-04-12 14:00:00+00:00,-0.00037593985,8.591447112848982e-05,-0.0002759275941196665,-0.0002982409205287695,-0.00045173149545334185
2024-04-12 15:00:00+00:00,-0.0013951041,7.554883632110432e-05,-0.0014127397556649027,-0.0002982030273415148,-0.001463004633831829
2024-04-12 16:00:00+00:00,0.0020138838,6.720278179273009e-05,0.00132182814861328,-0.00029925533453933895,0.002182195039138588
2024-04-12 17:00:00+00:00,0.001242186,5.0779726734617725e-05,0.001253776480056185,-0.00029926394927315414,0.0012099555021160716
2024-04-12 18:00:00+00:00,-0.0021820723,3.828463013633154e-05,-0.0017000092517381377,-0.0002998771669808775,-0.002420701583958754
2024-04-15 10:00:00+00:00,0.00046571568,2.6669817088986747e-05,0.00043632785937701397,-0.00030148623045533895,0.00048057447178011004
2024-04-15 11:00:00+00:00,0.0026945749,1.539405457151588e-05,0.001942538978904772,-0.0003034294641111046,0.002915892866675228
2024-04-15 12:00:00+00:00,0.00079571933,6.405614385585068e-06,0.0007993521548792145,-0.00030657771276310086,0.0006934647961648174
2024-04-15 13:00:00+00:00,0.0005445297,-2.3913346467452357e-06,0.0005907582847020386,-0.00031182196107693017,0.0005299072695653106
2024-04-15 14:00:00+00:00,-0.00077222526,-1.0378393199061975e-05,-0.000784838987112798,-0.00031554570887237787,-0.0008237322579773904
2024-04-15 15:00:00+00:00,0.0003487278,-2.3844364477554336e-05,-4.615523415383408e-05,-0.0003196934412699193,0.000343354141490226
2024-04-15 16:00:00+00:00,0.0012066392,-3.300474054412916e-05,0.001162113784458974,-0.0003234826435800642,0.0012464517862475278
2024-04-15 17:00:00+00:00,0.000451755,-3.918600486940704e-05,0.0005268433661228926,-0.00032651456422172487,0.0003681997508801004
2024-04-15 18:00:00+00:00,-0.0011312105,-4.167198858340271e-05,-0.0011228948260690373,-0.0003302814729977399,-0.0012045081407879973
2024-04-16 10:00:00+00:00,-0.0009854545,-3.757156810024753e-05,-0.0009905407326485799,-0.00033352727768942714,-0.0010063790435846803
2024-04-16 11:00:00+00:00,0.00019313338,-3.0454622901743278e-05,0.0001765150101397642,-0.00033693411387503147,0.00020820198637487168
2024-04-16 12:00:00+00:00,0.0005359659,-2.6661316951503977e-05,0.00047019200480346473,-0.0003411030920688063,0.0005273384695536106
2024-04-16 13:00:00+00:00,-0.0005964963,-2.200115704908967e-05,-0.00038938419856908955,-0.00034445367055013776,-0.000647811275856887
2024-04-16 14:00:00+00:00,-0.0021064302,-1.862290082499385e-05,-0.0015849787973879945,-0.0003507868095766753,-0.002178674357168238
2024-04-16 15:00:00+00:00,0.0001617464,-1.584948768140748e-05,-0.00010912046995582118,-0.0003557912423275411,0.0003016002781803953
2024-04-16 16:00:00+00:00,0.0011805338,-1.3836035577696748e-05,0.001006116174695289,-0.0003607358376029879,0.0012688970053188803
2024-04-16 17:00:00+00:00,-0.0014202744,-2.6844336389331147e-05,-0.0012597829097078471,-0.0003626547986641526,-0.0015367314683914562
2024-04-16 18:00:00+00:00,0.00036969644,-3.486711284494959e-05,0.0003277380394338775,-0.00036486380849964917,0.0004267009862799054
2024-04-17 10:00:00+00:00,0.0015264382,-4.2464413127163425e-05,0.0015378867136056514,-0.0003672917955555022,0.001568582624778833
2024-04-17 11:00:00+00:00,-0.0025174168,-4.845040166401304e-05,-0.002553545989136316,-0.0003708051808644086,-0.002711169053551615
2024-04-17 12:00:00+00:00,-0.0025411576,-5.292259083944373e-05,-0.001899129814890849,-0.0003747656010091305,-0.0026025776657684694
2024-04-17 13:00:00+00:00,0.0014363449,-5.841844904352911e-05,0.0014392096944060625,-0.00037712272023782134,0.0016414279485529443
2024-04-17 14:00:00+00:00,-0.002352513,-6.770631443941966e-05,-0.0022271615642551193,-0.0003793490177486092,-0.0024920592390024403
2024-04-17 15:00:00+00:00,0.0013304871,-7.872906280681491e-05,0.0011168968446654706,-0.0003807562461588532,0.0014382898934846827
2024-04-17 16:00:00+00:00,0.00057049445,-8.659058948978782e-05,0.0007309436864830364,-0.00038251548539847136,0.0005842038849321378
2024-04-17 17:00:00+00:00,0.000850793,-0.00010292122897226363,0.0008305464840993373,-0.00038237476837821305,0.0008327494797605858
2024-04-17 18:00:00+00:00,-0.00086816365,-0.00011594653915381059,-0.00045631106927890243,-0.0003812757786363363,-0.0009664061203503365
2024-04-18 10:00:00+00:00,-0.0021824166,-0.00012557324953377247,-0.001988966316739448,-0.00038087155553512275,-0.002266489991387281
2024-04-18 11:00:00+00:00,-0.0004266057,-0.00013210196630097926,-0.0005957972149415297,-0.0003805778978858143,-0.00031819015459468687
2024-04-18 12:00:00+00:00,0.00035986988,-0.00013746284821536392,0.0003613405459794656,-0.0003798987891059369,0.00042147025232678405
2024-04-18 13:00:00+00:00,-0.0016436864,-0.00014384968380909413,-0.0016505315719108796,-0.0003801496932283044,-0.0017611570361008107
2024-04-18 14:00:00+00:00,3.1970194e-05,-0.0001497897901572287,2.7029752108322157e-05,-0.0003806323220487684,8.765429773608649e-05
2024-04-18 15:00:00+00:00,0.0021744787,-0.00015510582306887954,0.00213673390075373,-0.0003816260723397136,0.0022451522345538254
2024-04-18 16:00:00+00:00,0.00035663907,-0.0001579803938511759,0.000529911544873669,-0.00038247997872531414,0.00028653488228623915
2024-04-18 17:00:00+00:00,0.00034492003,-0.0001636427768971771,0.0004156029264911568,-0.00038580564432777464,0.0002959363485684423
2024-04-18 18:00:00+00:00,0.0014913512,-0.00016504728409927338,0.0014741626134213688,-0.0003888351784553379,0.0015643442006970081
2024-04-19 10:00:00+00:00,0.0016451438,-0.00016633942141197622,0.0016424099620075707,-0.0003917953581549227,0.0016295535923858257
2024-04-19 11:00:00+00:00,-0.00033228015,-0.00016935411258600652,-0.00027139279174278447,-0.0003937905712518841,-0.000492257665980064
2024-04-19 12:00:00+00:00,-0.0016543749,-0.0001723142631817609,-0.0013210624033386635,-0.0003946747165173292,-0.0017867328326356894
2024-04-19 13:00:00+00:00,0.0010531007,-0.00017673379625193775,0.0006520901018452031,-0.00039534311508759856,0.001146773204830211
2024-04-19 14:00:00+00:00,0.00078043033,-0.00017947188462130725,0.0007820883478706976,-0.0003965577925555408,0.0007988773895610258
2024-04-19 15:00:00+00:00,0.0018071025,-0.00018397535313852131,0.001559776536275736,-0.0003987385716754943,0.0017934976017804217
2024-04-19 16:00:00+00:00,0.00056801393,-0.0001854745642049238,0.0006148114241972612,-0.00039886264130473137,0.0005367299146017191
2024-04-19 17:00:00+00:00,0.00158412,-0.00019188987789675593,0.0013917867619562686,-0.00039971439400687814,0.0016227883584078485
2024-04-19 18:00:00+00:00,-0.0011028582,-0.00019534985767677426,-0.0008423823680336683,-0.000399716489482671,-0.0012740921140711597
2024-04-22 10:00:00+00:00,0.0006077303,-0.00019802975293714553,0.0006477114888602466,-0.00040035959682427347,0.0006251289905000559
2024-04-22 11:00:00+00:00,-0.0002879778,-0.00019844401685986668,-0.0002312950652390744,-0.00040118038305081427,-0.0003539548076050645
2024-04-22 12:00:00+00:00,0.00032252955,-0.00019663528655655682,0.00029708143838261074,-0.00040315205114893615,0.00037210044320743656
2024-04-22 13:00:00+00:00,0.00045194227,-0.0001948273420566693,0.00045022646151071774,-0.0004046332323923707,0.0004190849990347037
2024-04-22 14:00:00+00:00,-0.0017974633,-0.00019536107720341533,-0.0014855638677625036,-0.0004062954103574157,-0.0019372576515152473
2024-04-22 15:00:00+00:00,0.00016144283,-0.00019715135567821562,-8.993668627595492e-05,-0.00040772129432298243,0.0002750577526966611
2024-04-22 16:00:00+00:00,-8.360107e-05,-0.00019808254728559405,-7.781389255172197e-05,-0.0004096798365935683,-5.9335497190555464e-05
2024-04-22 17:00:00+00:00,0.0026688986,-0.0002028690796578303,0.0025520928511927683,-0.0004111976595595479,0.0027346681198599098
2024-04-22 18:00:00+00:00,0.0003420941,-0.00020415495964698493,0.0005820156636879912,-0.00041173689533025026,0.000249212448488239
2024-04-23 10:00:00+00:00,-0.00027596595,-0.00020638538990169764,-0.0002643221941468142,-0.00041262939339503646,-0.0003059167508411389
2024-04-23 11:00:00+00:00,0.0013216456,-0.00020791143469978124,0.0005518590911298151,-0.0004124570987187326,0.0013729295396843037
2024-04-23 12:00:00+00:00,-0.003462968,-0.0002099372068187222,-0.0029788515567872598,-0.0004139654920436442,-0.003763737367853069
2024-04-23 13:00:00+00:00,-0.00040345007,-0.00020977642270736396,-0.0008612761504758747,-0.0004164384736213833,-0.00030821866533559464
2024-04-23 14:00:00+00:00,-0.0016904955,-0.0002126637555193156,-0.001535672604011268,-0.0004177016671746969,-0.001700914771286526
2024-04-23 15:00:00+00:00,-0.002801661,-0.00021589008974842727,-0.002868786968164551,-0.0004188688180875033,-0.0028627948213130884
2024-04-23 16:00:00+00:00,-0.0006980217,-0.00021887070033699274,-0.0007104448200920196,-0.00042088187183253467,-0.0005918192453206269
2024-04-23 17:00:00+00:00,0.00072986993,-0.00022482586791738868,0.0006067247976169267,-0.0004247946781106293,0.0008298960649248875
2024-04-23 18:00:00+00:00,-0.0042098607,-0.00022815719421487302,-0.0036205965346072858,-0.0004253994848113507,-0.004437483730022784
2024-04-24 10:00:00+00:00,0.00039243101,-0.0002317254402441904,0.00018471271337487498,-0.000425228412495926,0.0005236222120998433
2024-04-24 11:00:00+00:00,-0.0027065428,-0.00023563449212815613,-0.002490518408335795,-0.0004258393310010433,-0.002784282354663863
2024-04-24 12:00:00+00:00,0.0005127682,-0.00024136579304467887,0.00014193522288200196,-0.0004270074423402548,0.0006599777715954591
2024-04-24 13:00:00+00:00,-0.0013115788,-0.0002463738201186061,-0.001067254148954698,-0.00042680223123170435,-0.0014405045625312054
2024-04-24 14:00:00+00:00,0.0030722169,-0.0002530580386519432,0.002283099914006317,-0.0004271149809937924,0.0032783315508557306
2024-04-24 15:00:00+00:00,-0.0024395296,-0.0002592305245343596,-0.0015941849878412123,-0.0004260292917024344,-0.0025985652130460887
2024-04-24 16:00:00+00:00,0.0017821995,-0.00026335896109230816,0.0007832711495591515,-0.0004247347533237189,0.001875700353583007
2024-04-24 17:00:00+00:00,-0.001123697,-0.0002694042632356286,-0.0007376997895048148,-0.00042518400005064905,-0.0012637273606926442
2024-04-24 18:00:00+00:00,-0.0012328607,-0.00027440465055406094,-0.001255329985195252,-0.00042366961133666337,-0.0012499612964648765
2024-04-25 10:00:00+00:00,-0.00052216504,-0.00028006749926134944,-0.0006217520769610143,-0.00042228735401295125,-0.0004988931094480563
2024-04-25 11:00:00+00:00,0.0020462603,-0.0002855001366697252,0.0018049779400742235,-0.0004201135889161378,0.002184182439504716
2024-04-25 12:00:00+00:00,0.0001455854,-0.00028837978607043624,0.00024899968638931867,-0.0004187806334812194,5.9018141390056736e-05
2024-04-25 13:00:00+00:00,-0.00013102592,-0.00029163173167034984,-0.000168723184511999,-0.0004173082415945828,-0.0001628471005266448
2024-04-25 14:00:00+00:00,-0.00046309578,-0.00029612836078740656,-0.0001757932610868687,-0.0004167121078353375,-0.0005196047438083285
2024-04-25 15:00:00+00:00,8.448e-05,-0.0002921181439887732,9.196608653762241e-05,-0.00041639566188678145,0.00013109723453474497
2024-04-25 16:00:00+00:00,0.0012576164,-0.0002882818225771189,0.0013811897759728104,-0.0004152224282734096,0.0012885834226045352
2024-04-25 17:00:00+00:00,0.0010235565,-0.00029040523804724216,0.0010246585680020216,-0.00041502679232507944,0.0010151364115170056
2024-04-25 18:00:00+00:00,-0.00028776936,-0.00028133258456364274,-0.0002966218495015074,-0.0004136344068683684,-0.0003296036444406163
2024-04-26 10:00:00+00:00,0.0033145,-0.00027148250956088305,0.0028664373822158986,-0.0004127149295527488,0.003405823397423559
2024-04-26 11:00:00+00:00,0.0019076711,-0.00025992721202783287,0.001959918863410191,-0.00041222531581297517,0.0018887369045330648
2024-04-26 12:00:00+00:00,-0.0015397486,-0.0002437963121337816,-0.0013932407550747835,-0.00041186745511367917,-0.0017594682238364144
2024-04-26 13:00:00+00:00,-0.000930207,-0.0002288262330694124,-0.0010758963212821467,-0.00041246996261179447,-0.000950909685693322
2024-04-26 14:00:00+00:00,-0.0025254812,-0.00021468372142408043,-0.0016564051136656606,-0.0004128545115236193,-0.002608884199827149
2024-04-26 15:00:00+00:00,0.00033419402,-0.00019624213746283203,0.00017147859668059732,-0.00041366074583493173,0.0004639690413466784
2024-04-26 16:00:00+00:00,0.001503943,-0.00018063763855025172,0.0009714621498972817,-0.00041351804975420237,0.001578532891995043
2024-04-26 17:00:00+00:00,0.001006204,-0.0001648743054829538,0.0009351272908745817,-0.0004148777516093105,0.0010209170637208913
2024-04-26 18:00:00+00:00,-0.00016521476,-0.00014072404883336276,-9.096197578667097e-05,-0.00041576247895136476,-0.00024355084419823002
2024-04-27 10:00:00+00:00,0.0025505382,-0.00012876327673438936,0.0020307798310226534,-0.0004165355348959565,0.0026160100900026904
2024-04-27 11:00:00+00:00,-0.00061894255,-0.00011498844105517492,8.122338639018988e-05,-0.00041764104389585555,-0.0007436101374125746
2024-04-27 12:00:00+00:00,-0.00033276764,-9.635150490794331e-05,-0.0003809832327238491,-0.0004189305764157325,-0.0003244463267173163
2024-04-27 13:00:00+00:00,-2.894155e-05,-7.924161764094606e-05,-4.686515479158598e-05,-0.00041994175990112126,-2.1529863438060887e-05
2024-04-27 14:00:00+00:00,0.00078691187,-6.763540295651183e-05,0.0007342184587606898,-0.0004213126958347857,0.0008629330949018466
2024-04-27 15:00:00+00:00,0.00020241392,-5.613106259261258e-05,0.0003676475413026354,-0.0004244064330123365,0.00013190959904729236
2024-04-27 16:00:00+00:00,-0.0006189372,-4.845874718739651e-05,-0.0005250695405381038,-0.0004223821160849184,-0.000654957162543525
2024-04-27 17:00:00+00:00,0.0026898785,-3.5702094464795664e-05,0.0013216466004594848,-0.0004254310915712267,0.002819024017097968
2024-04-27 18:00:00+00:00,2.0197269e-05,-1.5723304386483505e-05,0.00045379644243448045,-0.00042619529995135963,-0.00011227626343981425
2024-04-29 10:00:00+00:00,0.002794827,-2.767276100712479e-06,0.0023695318628398376,-0.00042822823161259294,0.002869869583684297
2024-04-29 11:00:00+00:00,-0.001047865,1.0262272553518414e-05,-0.0009464505526759043,-0.00042797019705176353,-0.0011977247728091893
2024-04-29 12:00:00+00:00,0.000857949,1.9809474906651303e-05,0.00046661666974115624,-0.0004280306166037917,0.0009062629784406556
2024-04-29 13:00:00+00:00,0.001078589,2.9913549951743335e-05,0.0010940838391433644,-0.0004297560954000801,0.00115752995707691
2024-04-29 14:00:00+00:00,-0.001092978,4.291833101888187e-05,-0.001015830926792347,-0.00043088666279800236,-0.00127721684987791
2024-04-29 15:00:00+00:00,0.00056389574,5.184947804082185e-05,0.0003651307686032123,-0.0004298340645618737,0.0005953565569943162
2024-04-29 16:00:00+00:00,0.0006124447,6.724854029016569e-05,0.0005587139000741087,-0.00043041122262366116,0.0006753086638454773
2024-04-29 17:00:00+00:00,-0.00058943534,7.991628808667883e-05,-0.0004413630842781915,-0.0004363499174360186,-0.0006957836319862548
2024-04-29 18:00:00+00:00,0.00034507748,9.708940342534333e-05,0.00033468767205578425,-0.0004386819200590253,0.00038386933690622276
2024-04-30 10:00:00+00:00,-0.001332081,0.00011007554712705314,-0.0014267915771447675,-0.0004394433053676039,-0.0013954300667699381
2024-04-30 11:00:00+00:00,-0.0006911945,0.0001179521277663298,-0.000701309121828651,-0.0004384845669846982,-0.0006870365021491411
2024-04-30 12:00:00+00:00,0.00039461537,0.00012554127897601575,0.00039140790228734594,-0.0004385073552839458,0.0004452997151928704
2024-04-30 13:00:00+00:00,-0.00055596285,0.0001339591690339148,-0.0005387256904347943,-0.0004393236886244267,-0.000609313726295813
2024-04-30 14:00:00+00:00,-0.000204603,0.00014145120803732425,-0.00032719446120289044,-0.00043757399544119835,-0.00018081209158480154
2024-04-30 15:00:00+00:00,-0.00042951427,0.0001512047601863742,-0.00041527932604450537,-0.00044082681415602565,-0.0004491650707568122
2024-04-30 16:00:00+00:00,-0.00063163455,0.00016305928875226527,-0.0007270490380280529,-0.00043950238614343107,-0.000639721891423956
2024-04-30 17:00:00+00:00,0.0011447241,0.0001712096855044365,0.0011219273765161063,-0.00044271908700466156,0.0012300752071677647
2024-04-30 18:00:00+00:00,-6.916526e-05,0.0001854568108683452,3.725648308857904e-05,-0.00044111936585977674,-9.260807678551536e-05
2024-05-02 10:00:00+00:00,0.0016327521,0.00020413121092133224,0.0013958795856529947,-0.0004469131527002901,0.001682243388029437
2024-05-02 11:00:00+00:00,-0.001471374,0.00022374032414518297,-0.0010527806818852107,-0.00044781819451600313,-0.001628638548070916
2024-05-02 12:00:00+00:00,-0.0011388488,0.00024680086062289774,-0.0012252692026185402,-0.00044792602420784533,-0.0011415413567314099
2024-05-02 13:00:00+00:00,-0.00072434806,0.00026110769249498844,-0.0007099961006777483,-0.0004497286572586745,-0.0007019160675077488
2024-05-02 14:00:00+00:00,0.00058298267,0.000274421414360404,0.0005210999864966419,-0.00045048954780213535,0.0006729712242769805
2024-05-02 15:00:00+00:00,-0.0024265195,0.00027739276993088424,-0.002428394099757756,-0.0004500465583987534,-0.0025491176079671884
2024-05-02 16:00:00+00:00,-0.0029834341,0.0002742125652730465,-0.002476884804219261,-0.0004498578782659024,-0.003105103801587689
2024-05-02 17:00:00+00:00,-2.6108108e-05,0.00027834883076138794,-0.00020578869119037294,-0.0004523587122093886,0.00010210785061891554
2024-05-02 18:00:00+00:00,-0.0012568961,0.0002776176843326539,-0.0012976740014715399,-0.000454521068604663,-0.0012540265809633843
2024-05-03 10:00:00+00:00,-0.002798124,0.0002811680897139013,-0.002762574878778654,-0.0004573288606479764,-0.0028871823269909277
2024-05-03 11:00:00+00:00,-0.0021431486,0.00028094035224057734,-0.002283823284267453,-0.0004587590810842812,-0.0021689926624781732
2024-05-03 12:00:00+00:00,0.0015487758,0.0002809556608553976,0.0006858383767665132,-0.0004584883863572031,0.0017316728924977164
2024-05-03 13:00:00+00:00,0.0014445272,0.00027286517433822155,0.0013870445602545808,-0.0004584365233313292,0.0014736914557859457
2024-05-03 14:00:00+00:00,0.0008378012,0.000261883222265169,0.0008797417942251616,-0.0004571301396936178,0.0008764121604708142
2024-05-03 15:00:00+00:00,0.0016125357,0.0002540575515013188,0.0014013563833825344,-0.00045708174002356827,0.0016397691445975526
2024-05-03 16:00:00+00:00,0.0012794607,0.00024585038772784173,0.0007956469968100026,-0.0004561979731079191,0.001242327827795211
2024-05-03 17:00:00+00:00,-0.00033928925,0.00024418707471340895,-0.00017031034009605008,-0.000458671769592911,-0.00045990127093276177
2024-05-03 18:00:00+00:00,-0.0017504726,0.00023737087030895054,-0.0012744427800412933,-0.00045898646931163967,-0.001857510805930253
2024-05-06 10:00:00+00:00,-0.0007266344,0.0002298482577316463,-0.0008566544256028962,-0.00046050295350141823,-0.0007846084232958318
2024-05-06 11:00:00+00:00,-0.0026698243,0.0002245927753392607,-0.002529758097675342,-0.00046132414718158543,-0.0027516587008241627
2024-05-06 12:00:00+00:00,-0.0014645861,0.00021542183822020888,-0.0013990026834194275,-0.00046085953363217413,-0.0014832818735138011
2024-05-06 13:00:00+00:00,0.0020154389,0.00020994259102735668,0.0015907619272637148,-0.00046115246368572116,0.002164124028276953
2024-05-06 14:00:00+00:00,0.0016943729,0.0002044105640379712,0.0011476094699803122,-0.0004612790362443775,0.0017566729103198825
2024-05-06 15:00:00+00:00,-0.00024437145,0.0002004703419515863,-1.8495512111947458e-05,-0.00045933626824989915,-0.0003886896155364942
2024-05-06 16:00:00+00:00,-0.00032592154,0.0001900935749290511,-0.0003447534561608274,-0.0004580058157444,-0.00025726685275263904
2024-05-06 17:00:00+00:00,0.001535558,0.0001816616131691262,0.0008905334910301892,-0.00045394283370114863,0.0015963368705878022
2024-05-06 18:00:00+00:00,-0.00147735,0.0001665879099164158,-0.0007866260466909663,-0.0004497455374803394,-0.0015921860379166178
2024-05-07 10:00:00+00:00,-0.004643994,0.00015621269994881004,-0.00419486542438792,-0.00044657362741418183,-0.004868088509125552
2024-05-07 11:00:00+00:00,0.0013090345,0.00015436265675816685,0.0003418569986225814,-0.0004439445328898728,0.0015613351060884309
2024-05-07 12:00:00+00:00,-0.0008705509,0.00015396109665744007,-0.0003027004362003676,-0.00044157885713502765,-0.0008808327922389949
2024-05-07 13:00:00+00:00,-0.00023091077,0.000160572788445279,-0.00024389046259023318,-0.0004386951623018831,-0.000248358470459219
2024-05-07 14:00:00+00:00,-0.00052340026,0.00016030400001909584,-0.00015069351607138726,-0.0004351278184913099,-0.0005215312228761596
2024-05-07 15:00:00+00:00,0.00021348681,0.00016005638462956995,0.00019088914739477344,-0.0004299605789128691,0.00024122782098790486
2024-05-07 16:00:00+00:00,0.00083888334,0.00015975593123584986,0.00068308547315923,-0.0004232638457324356,0.0008734702815514635
2024-05-07 17:00:00+00:00,0.0013401677,0.00016039048205129802,0.0007876116452482626,-0.00041677115950733423,0.0013623241598337548
2024-05-07 18:00:00+00:00,0.000107952765,0.00015910349611658603,0.00017414781065043384,-0.0004123474645894021,6.736808395714664e-05
2024-05-08 10:00:00+00:00,0.0024767923,0.00015517801512032747,0.0018800630814033417,-0.0004061062354594469,0.002546552710463877
2024-05-08 11:00:00+00:00,-0.0005676633,0.00015458522830158472,-2.398686871456774e-05,-0.0004021306231152266,-0.0007336644573464875
2024-05-08 12:00:00+00:00,-0.0006058629,0.0001522990205558017,-0.0006279762673404929,-0.0003975922882091254,-0.0006603055607821133
2024-05-08 13:00:00+00:00,0.00092321186,0.0001495508913649246,0.0005845302376809203,-0.000392860354622826,0.0010116081203388355
2024-05-08 14:00:00+00:00,-0.00031443703,0.00013605559070128947,6.73438932433416e-05,-0.0003887849743478,-0.0003900935030614476
2024-05-08 15:00:00+00:00,9.026519e-05,0.00012741675891447812,1.0500405582034575e-05,-0.0003841924772132188,9.13280529207671e-05
2024-05-08 16:00:00+00:00,-0.00016015352,0.00012020412395941094,-0.00017036238762222595,-0.000379003380658105,-0.00015684164415676518
2024-05-08 17:00:00+00:00,4.0768784e-05,0.00011131058272439986,5.888005582184017e-05,-0.00037364655872806907,-3.978656410831936e-06
2024-05-08 18:00:00+00:00,-0.00044563477,0.00010625102004269138,-0.00043811805416349187,-0.0003694634360726923,-0.0004465732281440471
2024-05-10 10:00:00+00:00,0.004575044,9.462382149649784e-05,0.003187574996377132,-0.00036429104511626065,0.0047690320960889964
2024-05-10 11:00:00+00:00,-0.00068753544,8.007721044123173e-05,-0.0002703208718500397,-0.000360516452929005,-0.0009037516829971922
2024-05-10 12:00:00+00:00,0.0009948879,6.93089168635197e-05,0.0006790064018525147,-0.00035647564800456166,0.001018473032978545
2024-05-10 13:00:00+00:00,0.0005101124,6.757715891581029e-05,0.0005125209735380037,-0.00035261912853457034,0.00045524232196388087
2024-05-10 14:00:00+00:00,-0.0003477757,6.139120523585007e-05,-0.0003728365981968066,-0.0003512204857543111,-0.0003877257442536968
2024-05-10 15:00:00+00:00,-3.7682963e-05,5.8941590395988896e-05,-5.8988132404459845e-05,-0.00035007004044018686,-6.049781541735088e-05
2024-05-10 16:00:00+00:00,7.826302e-05,5.793877789983526e-05,7.294705694738415e-05,-0.00034764560405164957,8.114555137701902e-05
2024-05-10 17:00:00+00:00,0.00024924142,5.956507447990589e-05,0.0002373507850399826,-0.0003472867247182876,0.0002585291532397237
2024-05-10 18:00:00+00:00,-0.0003246057,6.94599948474206e-05,-0.0002647397336948212,-0.0003449755604378879,-0.00036224749527223214
2024-05-13 10:00:00+00:00,0.0038998812,7.519531936850399e-05,0.0028383552360736093,-0.0003420204157009721,0.004108861831531923
2024-05-13 11:00:00+00:00,0.00029736344,8.487972081638873e-05,0.00043517494177478845,-0.0003381859860382974,0.00016007040959968835
2024-05-13 12:00:00+00:00,-0.0011003977,9.686812700238079e-05,-0.0009165282592602407,-0.0003363551804795861,-0.0012585604788125484
2024-05-13 13:00:00+00:00,8.379989e-05,0.00010795370326377451,-0.00022925748380120192,-0.00033357509528286755,0.00011034299378636873
2024-05-13 14:00:00+00:00,-0.00086723507,0.00012241219519637525,-0.000866247496133679,-0.0003318520321045071,-0.0009672177286036732
2024-05-13 15:00:00+00:00,-0.0010908929,0.00013839987514074892,-0.0011026409350030433,-0.0003303554840385914,-0.0010993181421332576
2024-05-13 16:00:00+00:00,0.00045733605,0.00015358327073045075,0.00013940892402692785,-0.0003274065675213933,0.0004840902523707612
2024-05-13 17:00:00+00:00,0.0018416983,0.00016903674986679107,0.0016533395246995828,-0.00032481615198776126,0.0019684436126836432
2024-05-13 18:00:00+00:00,-0.0013990342,0.00018882098083849996,-0.0009087123169322872,-0.00032404225203208625,-0.0015460255862884504
2024-05-14 10:00:00+00:00,0.0017022855,0.00020891755411867052,0.0015920553021195533,-0.00032270519295707345,0.0017914872732024583
2024-05-14 11:00:00+00:00,-0.0013494518,0.000234050618018955,-0.0007345068771575263,-0.00032218938576988876,-0.0014625489051929377
2024-05-14 12:00:00+00:00,0.00069662544,0.0002528949989937246,0.0002538467574727725,-0.0003200152132194489,0.0007617122627125245
2024-05-14 13:00:00+00:00,-0.00041618256,0.00026929908199235797,-0.0002706195188268863,-0.00031777468393556774,-0.0004290121483780764
2024-05-14 14:00:00+00:00,0.0007310945,0.00028034066781401634,0.0005066115146742917,-0.0003175384772475809,0.0007478588482475421
2024-05-14 15:00:00+00:00,0.0003696783,0.0002887292066588998,0.00048409143007234126,-0.00031658326042816043,0.00031963056387286415
2024-05-14 16:00:00+00:00,0.0009034037,0.0002922992571257055,0.000915531208846261,-0.0003171751741319895,0.000937545397235969
2024-05-14 17:00:00+00:00,-0.0012499731,0.00029462974634952843,-0.0009972332902621719,-0.0003201474028173834,-0.0014077098037147675
2024-05-14 18:00:00+00:00,0.0005833228,0.000296829326543957,0.0002766911217448978,-0.0003240118676330894,0.0006485094271516284
2024-05-15 10:00:00+00:00,0.0020792875,0.0002964578743558377,0.0019156908993368442,-0.0003269089793320745,0.002126535599751714
2024-05-15 11:00:00+00:00,-0.0012683992,0.000289515417534858,-0.0010095259014862455,-0.00032844359520822763,-0.0014258202618953463
2024-05-15 12:00:00+00:00,0.00078140886,0.0002799534413497895,0.00048803337921147973,-0.0003283186524640769,0.0008256245879771234
2024-05-15 13:00:00+00:00,-0.00090256747,0.0002658937592059374,-0.0004994797122036084,-0.0003281105309724808,-0.0009242637400062058
2024-05-15 14:00:00+00:00,0.00034036074,0.0002484574797563255,0.00028278580213446716,-0.00032476865453645587,0.00028245629544085754
2024-05-15 15:00:00+00:00,0.0006659642,0.00023051671450957656,0.0006682228084718508,-0.0003258743672631681,0.0007013403114637618
2024-05-15 16:00:00+00:00,0.00085846806,0.0002169375220546499,0.0008865261592538829,-0.0003274271439295262,0.0008832053149589287
2024-05-15 17:00:00+00:00,0.0008059433,0.00020145549206063151,0.0008186258666165348,-0.0003328231687191874,0.0007551753968538086
2024-05-15 18:00:00+00:00,-0.0014021836,0.0001875685411505401,-0.001047415816085243,-0.00034403635072521865,-0.0014959937605105
2024-05-16 10:00:00+00:00,0.0022448509,0.00017369964916724712,0.0010711867188572077,-0.0003547055821400136,0.002425244156880719
2024-05-16 11:00:00+00:00,0.00043399847,0.00015881469880696386,0.00037753788564644106,-0.0003598635667003691,0.0003539833553649097
2024-05-16 12:00:00+00:00,0.0003964697,0.00014043138071428984,0.0003968252110220023,-0.0003653206513263285,0.00034378255777663466
2024-05-16 13:00:00+00:00,0.00033027137,0.00012400186096783727,0.0003787055039091304,-0.0003707442956510931,0.0003264382970593628
2024-05-16 14:00:00+00:00,0.00036460778,0.00010567309072939679,0.0003310605099059035,-0.00037095838342793286,0.00031640464451780176
2024-05-16 15:00:00+00:00,0.0005796536,8.920206892071292e-05,0.0005964874644549787,-0.00036990988883189857,0.0006118168127692828
2024-05-16 16:00:00+00:00,0.0010121531,7.288628694368526e-05,0.0010130929859807436,-0.0003724813286680728,0.0010343690868736945
2024-05-16 17:00:00+00:00,-2.8658428e-06,6.491989188361913e-05,1.2501852544667384e-05,-0.000383017206331715,-5.7241013119951485e-05
2024-05-16 18:00:00+00:00,-0.00089167577,5.244382919045165e-05,-0.0009183427158205673,-0.0003898669092450291,-0.0009638485173143876
2024-05-17 10:00:00+00:00,0.0030130167,3.8329799281200394e-05,0.002474005419261062,-0.0003964982752222568,0.0032143281191723974
2024-05-17 11:00:00+00:00,-0.0008897854,2.161488009733148e-05,-0.0002056683356713825,-0.000404268765123561,-0.001132662664934921
2024-05-17 12:00:00+00:00,0.00015741518,3.910897703462979e-06,4.026450061152533e-05,-0.0004125344567000866,0.00019931038745468543
2024-05-17 13:00:00+00:00,0.00015452899,-1.2455422620405443e-05,0.00016518069047546566,-0.00041731109376996756,0.0001445832633900341
2024-05-17 14:00:00+00:00,0.00074369437,-3.08522030536551e-05,0.0007381953195079987,-0.00042175676207989454,0.0007691421190452464
2024-05-17 15:00:00+00:00,0.00093455415,-4.987250213162042e-05,0.0009347475651069783,-0.00042600289452821016,0.0009606626994965812
2024-05-17 16:00:00+00:00,-0.00035714236,-6.875794497318566e-05,-0.00025258101636462926,-0.0004270335484761745,-0.00047126623083903834
2024-05-17 17:00:00+00:00,0.0020154677,-8.412604802288115e-05,0.001609676298508891,-0.0004306221380829811,0.00217216834330255
2024-05-17 18:00:00+00:00,-0.001298455,-0.00010035132436314598,-0.0011431471616692092,-0.00043469315278343856,-0.0014743426075535411
2024-05-20 10:00:00+00:00,-0.00024561182,-0.00011770462879212573,-0.0002479614579819582,-0.00043835656833834946,-0.0001941806492237231
2024-05-20 11:00:00+00:00,-0.002450852,-0.00013539931387640536,-0.0024712157516618145,-0.0004411880508996546,-0.002579714710771615
2024-05-20 12:00:00+00:00,-0.003821222,-0.00015353685012087226,-0.003955227167981018,-0.000443619821453467,-0.003986215202430861
2024-05-20 13:00:00+00:00,-0.00068143493,-0.00017259221931453794,-0.0006751924148636175,-0.0004471418506000191,-0.0005002906310307061
2024-05-20 14:00:00+00:00,0.0023672117,-0.00019110481662210077,0.0021118121630216372,-0.0004500967916101217,0.0026082103570956973
2024-05-20 15:00:00+00:00,-0.0020566268,-0.00020879953808616847,-0.0012427784226644307,-0.00045479193795472383,-0.0022530352359449663
2024-05-20 16:00:00+00:00,0.00091106753,-0.0002264312352053821,0.0003798325564394634,-0.00046021578600630164,0.001035992326166256
2024-05-20 17:00:00+00:00,-0.00041375743,-0.00023561019042972475,-0.0004049103409503492,-0.00046310469042509794,-0.00046756753172082124
2024-05-20 18:00:00+00:00,-0.0033075868,-0.0002441366814309731,-0.00330679335259661,-0.00046435941476374865,-0.003461321384304605
2024-05-21 10:00:00+00:00,-0.009805449,-0.00025065962108783424,-0.008047273729230035,-0.0004609827883541584,-0.010306154728641001
2024-05-21 11:00:00+00:00,0.0006054802,-0.0002573302772361785,-0.0010321279460969075,-0.00045645813224837184,0.0010376616238006132
2024-05-21 12:00:00+00:00,0.00066909485,-0.0002594643156044185,8.726249149411208e-05,-0.00045258895261213183,0.0008032134958636158
2024-05-21 13:00:00+00:00,-0.00087864266,-0.0002641029132064432,-0.0006167502609820884,-0.0004510230210144073,-0.000965165016419604
2024-05-21 14:00:00+00:00,-0.000762892,-0.0002618493454065174,-0.0007640612179617227,-0.0004513564635999501,-0.0007746022636614449
2024-05-21 15:00:00+00:00,-0.0028236823,-0.0002604633627925068,-0.00278975086460935,-0.000451088126283139,-0.0029163644946098763
2024-05-21 16:00:00+00:00,-0.0029986696,-0.00025876620202325284,-0.0029135021444215434,-0.00044974678894504905,-0.003073022090599551
2024-05-21 17:00:00+00:00,0.0058048745,-0.00025162272504530847,0.0038060696761491896,-0.0004501613148022443,0.0063066493799048
2024-05-21 18:00:00+00:00,-0.0013262775,-0.00023933591728564352,-0.0006553764650683801,-0.00044825486838817596,-0.0015473266454860087
2024-05-22 10:00:00+00:00,0.0037818016,-0.00023041492386255413,0.0027765121743461994,-0.00044632895151153207,0.004016266251272325
2024-05-22 11:00:00+00:00,0.0015069842,-0.00021713119349442422,0.0011347835263117673,-0.00044100647210143507,0.0013743575552994745
2024-05-22 12:00:00+00:00,-0.0006501347,-0.000204560361453332,-0.00023490882086273215,-0.0004414794675540179,-0.000838833221737034
2024-05-22 13:00:00+00:00,-0.0002700462,-0.00019426245125941932,-0.0003419220158260964,-0.00044000972411595285,-0.00031293833520941715
2024-05-22 14:00:00+00:00,-8.712724e-05,-0.00018420627748128027,-0.00010036695756367842,-0.00043649316648952663,-0.00010065542441431996
2024-05-22 15:00:00+00:00,0.00012488003,-0.00016912657883949578,0.00012082731137539397,-0.00042961971485055983,8.214702630487782e-05
2024-05-22 16:00:00+00:00,-1.7424183e-05,-0.00015810703916940838,-3.85483819924075e-06,-0.0004279243294149637,-3.033910940842175e-05
2024-05-22 17:00:00+00:00,0.00035713508,-0.00014152604853734374,0.00032158970870689065,-0.00042412555194459856,0.00033963918116958224
2024-05-22 18:00:00+00:00,-1.45152e-05,-0.00012830064224544913,1.1221512419297742e-05,-0.00042460602708160877,-2.221056836611187e-06
2024-05-23 10:00:00+00:00,-0.007094057,-0.00011148783232783899,-0.006753912700793839,-0.0004222840361762792,-0.007486319579874255
2024-05-23 11:00:00+00:00,-5.8476282e-05,-9.695804328657687e-05,-0.001037961956075556,-0.00042398853111080825,0.0001521978756674109
2024-05-23 12:00:00+00:00,-0.000336305,-8.277590677607805e-05,-0.0003254314760807547,-0.00041804739157669246,-0.00022475199843042683
2024-05-23 13:00:00+00:00,0.0013065689,-6.674247561022639e-05,0.0010285175423267701,-0.0004138361837249249,0.0013933551804856234
2024-05-23 14:00:00+00:00,0.0002833031,-5.380691072787158e-05,0.00034069911857844684,-0.00040620157960802317,0.0002802400500399596
2024-05-23 15:00:00+00:00,0.0016223349,-4.4129163143225014e-05,0.0010868872819605336,-0.00040387632907368243,0.0016996720074783376
2024-05-23 16:00:00+00:00,0.0030682283,-3.0217641324270517e-05,0.0022971887711055734,-0.0003956436994485557,0.0032021882713898857
2024-05-23 17:00:00+00:00,0.0009354782,-1.189532304124441e-05,0.0009422176225220396,-0.00039767930866219103,0.0007906994870198792
2024-05-23 18:00:00+00:00,-0.00026428557,3.3941739729925757e-06,-9.270513463171357e-05,-0.0004001942288596183,-0.00036260310511728074
2024-05-24 10:00:00+00:00,-0.0050201463,1.741604137350805e-05,-0.00443426130087952,-0.0004013203433714807,-0.005240348846679772
2024-05-24 11:00:00+00:00,-0.0013437525,3.309744715807028e-05,-0.0013850392875407007,-0.00040361183346249163,-0.0012715201178738
2024-05-24 12:00:00+00:00,0.00023674831,5.082352799945511e-05,-0.00010183909780369919,-0.000411349261412397,0.0003098859322587548
2024-05-24 13:00:00+00:00,-0.0024989112,6.853650120319799e-05,-0.0024753400959188652,-0.00040814190288074315,-0.002591834903420155
2024-05-24 14:00:00+00:00,-0.008701119,8.476624498143792e-05,-0.007639200329432029,-0.00040302082197740674,-0.008977268351757235
2024-05-24 15:00:00+00:00,0.0003782182,9.685254917712882e-05,-0.00030361356092510665,-0.00039759534411132336,0.0006073165039955609
2024-05-24 16:00:00+00:00,0.004827425,0.00010603821283439174,0.004383674264050356,-0.00039179562008939683,0.005093139030916709
2024-05-24 17:00:00+00:00,0.0013808667,0.00011518092651385814,0.001335248588311273,-0.0003885018522851169,0.0013650148373924298
2024-05-24 18:00:00+00:00,-0.0027960285,0.00012440049613360316,-0.002409225792415309,-0.00038250803481787443,-0.002961996885173044
2024-05-27 10:00:00+00:00,-0.01394038,0.00013059322373010218,-0.012151663371559901,-0.00037508943933062255,-0.014359914296428062
2024-05-27 11:00:00+00:00,0.001026498,0.00013483481598086655,-0.0006655636222652195,-0.00036951692891307175,0.0013262948037018423
2024-05-27 12:00:00+00:00,-0.0015998858,0.00013726155157200992,-0.0022420429573713654,-0.00035935413325205445,-0.0015612961088682003
2024-05-27 13:00:00+00:00,0.0009584479,0.00014479857054539025,0.0006320184001463185,-0.00034687729203142226,0.0009712113020010066
2024-05-27 14:00:00+00:00,-0.0008001362,0.00014747200475540012,-0.0004109224319184079,-0.00033586210338398814,-0.0007181093471462965
2024-05-27 15:00:00+00:00,-0.0014286998,0.00015137447917368263,-0.0014087351100672033,-0.00032353150891140103,-0.0016028591945564557
2024-05-27 16:00:00+00:00,-0.0041361884,0.00015492532111238688,-0.0040826464166544224,-0.000312062562443316,-0.004182767852263442
2024-05-27 17:00:00+00:00,-0.0065297377,0.00015939406875986606,-0.004786510717381515,-0.00030250527197495103,-0.006606364425939965
2024-05-27 18:00:00+00:00,-0.0026093314,0.00016582247917540371,-0.003736120167014469,-0.0002925514127127826,-0.002528323664540779
2024-05-28 10:00:00+00:00,0.012039191,0.0001696468098089099,0.007698777686424399,-0.0002776065666694194,0.012352491783364634
2024-05-28 11:00:00+00:00,-0.0028100226,0.0001715375983621925,0.00039448131012700656,-0.00026168199838139117,-0.003086183058166635
2024-05-28 12:00:00+00:00,0.0029926854,0.00017630743968766183,0.0013911313329381919,-0.0002436670329188928,0.003090338883417925
2024-05-28 13:00:00+00:00,0.00095768535,0.00018124858615919948,0.0007121148188682008,-0.0002260207402287051,0.0009871740901158865
2024-05-28 14:00:00+00:00,0.00060705654,0.00018325448036193848,0.0005028051915727315,-0.00020965738804079592,0.0005865002834487395
2024-05-28 15:00:00+00:00,-0.0029520185,0.00018580837058834732,-0.001362575380719169,-0.00019368456560187042,-0.0030710381048577925
2024-05-28 16:00:00+00:00,-0.0038543101,0.00019224434799980372,-0.0028509100745657493,-0.00017875641060527414,-0.0038905189423193575
2024-05-28 17:00:00+00:00,-0.0013282634,0.00020010014122817665,-0.0015854066974592608,-0.00017917224613483995,-0.0013305343542662084
2024-05-28 18:00:00+00:00,-0.0045341826,0.00020770161063410342,-0.003040154672951865,-0.00017585186287760735,-0.004611832861453337
2024-05-29 10:00:00+00:00,-0.00016956184,0.00021996193390805274,-0.0003578393990617942,-0.0001759264268912375,-0.00014537813083257052
2024-05-29 11:00:00+00:00,-8.47917e-05,0.00023089564638212323,-0.0001671073889223088,-0.00017853063764050603,3.165997044729578e-05
2024-05-29 12:00:00+00:00,-0.00041800702,0.00023625203175470233,-0.0003154013213754866,-0.00017980967822950333,-0.0004149547644217194
2024-05-29 13:00:00+00:00,2.4237062e-05,0.00024388459860347211,-4.396908568893735e-06,-0.00018423258734401315,-1.3322572170761703e-06
2024-05-29 14:00:00+00:00,-0.002174583,0.00024800331448204815,-0.0005606994833070557,-0.00018847275350708514,-0.0022306036212358334
2024-05-29 15:00:00+00:00,-0.0019937276,0.0002489670878276229,-0.0044431624021831415,-0.00019464475917629898,-0.0019799692588240024
2024-05-29 16:00:00+00:00,0.002351934,0.00025126372929662466,0.0002605770371387202,-0.0002033552882494405,0.0024523168949955134
2024-05-29 17:00:00+00:00,0.0025250511,0.0002585352922324091,0.0009972178042092434,-0.0002215574204456061,0.0026810154832204868
2024-05-29 18:00:00+00:00,0.0045067845,0.0002603829198051244,0.0009353871863109182,-0.0002381582889938727,0.004656998075501691
2024-05-30 10:00:00+00:00,0.004246508,0.0002618024591356516,0.0009680874278567822,-0.0002567715710029006,0.004423157714166909
2024-05-30 11:00:00+00:00,-0.003782485,0.0002628917864058167,-0.0005633261405440757,-0.00027883268194273114,-0.003856088110186182
2024-05-30 12:00:00+00:00,-1.2049826e-05,0.00026382217765785754,-0.0006434120711007989,-0.0002975020033773035,-4.725568750248496e-05
2024-05-30 13:00:00+00:00,-0.002077752,0.0002669207751750946,-0.00021287720592602692,-0.0003181052743457258,-0.002059226924779628
2024-05-30 14:00:00+00:00,-0.0030051388,0.0002688941895030439,-0.0018498503690374723,-0.0003430785145610571,-0.003108629345997317
2024-05-30 15:00:00+00:00,-0.0010057437,0.0002638971200212836,-0.001251985707330742,-0.0003619217313826084,-0.000962158216854494
2024-05-30 16:00:00+00:00,0.0006120489,0.00025592499878257513,-0.0005139175536374998,-0.0003827228501904756,0.0005345889251839796
2024-05-30 17:00:00+00:00,-0.0018827915,0.00024113076506182551,-0.0010331614017899666,-0.00041009069536812603,-0.0019882098544793864
2024-05-30 18:00:00+00:00,-0.003955994,0.0002158671268261969,-0.0021327158868467825,-0.0004339580191299319,-0.004085140474264459
2024-05-31 10:00:00+00:00,-0.016158834,0.00019248179160058498,-0.005020981317175134,-0.00045858792145736516,-0.016330712596081983
2024-05-31 11:00:00+00:00,0.010062009,0.00016134018369484693,0.0011109648540111223,-0.0004840038309339434,0.010125543185645784
2024-05-31 12:00:00+00:00,-0.005184727,0.00013023683277424425,-0.0002473817704447635,-0.0005084527656435966,-0.00514035881979642
2024-05-31 13:00:00+00:00,-0.0035652753,9.62363337748684e-05,-0.003387607430633612,-0.0005290513508953154,-0.0036357763747552137
2024-05-31 14:00:00+00:00,0.005012449,6.103974010329694e-05,0.0005473508709384932,-0.0005439724773168564,0.00505742792941713
2024-05-31 15:00:00+00:00,-0.00013846857,2.2556036128662527e-05,0.0003824290291896564,-0.0005552765214815736,-0.00026158742140134424
2024-05-31 16:00:00+00:00,-0.003560604,-1.640088521526195e-05,-0.0014256681693775573,-0.0005591722438111901,-0.0035386603691291854
2024-05-31 17:00:00+00:00,-0.0007507311,-3.188121991115622e-05,-0.0019085359766860912,-0.0005835899501107633,-0.0008469729437529972
2024-05-31 18:00:00+00:00,-0.0057153464,-3.915716297342442e-05,-0.002486470100829756,-0.0006056640995666385,-0.005765605543459764
2024-06-03 10:00:00+00:00,-0.00797655,-4.4044139940524474e-05,-0.0031097442941451434,-0.000627101631835103,-0.008100431840417926
2024-06-03 11:00:00+00:00,-0.0072987173,-5.205303386901505e-05,-0.0038077513925026613,-0.0006437877309508622,-0.007394016133572114
2024-06-03 12:00:00+00:00,-0.0011684569,-6.656956247752532e-05,-0.0010682523575239638,-0.0006493752589449286,-0.0014729700365036275
2024-06-03 13:00:00+00:00,-0.010974073,-8.281422924483195e-05,-0.002008062433424877,-0.0006553824641741812,-0.010937443713574522
2024-06-03 14:00:00+00:00,-0.011344609,-0.00010545922123128548,-0.00457633630073365,-0.0006580735207535326,-0.011233445281964063
2024-06-03 15:00:00+00:00,0.008599789,-0.00012845361197832972,-0.000297456480867486,-0.0006554158753715456,0.007971064264720013
2024-06-03 16:00:00+00:00,0.003817665,-0.00014776841271668673,0.0012084038959991512,-0.0006477030692622066,0.0035439523478625503
2024-06-03 17:00:00+00:00,0.0066286074,-0.00014965706213843077,0.0009747660790945606,-0.000645169522613287,0.006253012635449773
2024-06-03 18:00:00+00:00,-0.0041170362,-0.00014534650836139917,-0.00046740917172997736,-0.0006493238615803421,-0.004170150857264429
2024-06-04 10:00:00+00:00,0.008037214,-0.00014418091450352222,0.0005000003222000055,-0.0006524933269247413,0.007782938106993728
2024-06-04 11:00:00+00:00,-0.005913045,-0.00013635982759296894,-0.0007599586131749575,-0.0006555946893058717,-0.006006828080429431
2024-06-04 12:00:00+00:00,0.0058246227,-0.00011936249939026311,-0.00028772399296239865,-0.0006616308819502592,0.005641164727792006
2024-06-04 13:00:00+00:00,0.0030617947,-0.0001030190906021744,6.382704600413458e-05,-0.00067616329761222,0.002973109547109783
2024-06-04 14:00:00+00:00,0.0031340548,-8.062434790190309e-05,0.00029335244844554305,-0.0006764315767213702,0.0030846448161274756
2024-06-04 15:00:00+00:00,0.0027268298,-5.329673513188027e-05,0.0015707192992262535,-0.0006662712548859417,0.0027276583386554166
2024-06-04 16:00:00+00:00,-0.0016822338,-2.2336691472446546e-05,0.0011275870897480074,-0.0006412129732780159,-0.001700281986042779
2024-06-04 17:00:00+00:00,0.0027083529,7.641502634214703e-06,0.0013025622124983557,-0.0006479087751358747,0.0026935026950654947
2024-06-04 18:00:00+00:00,-0.0035144466,3.321731128380634e-05,-0.0001495802163801271,-0.0006629031267948449,-0.0034976446329054865
2024-06-05 10:00:00+00:00,0.006957382,5.842949394718744e-05,0.0021465878688134957,-0.0006704138941131532,0.006896009179710475
2024-06-05 11:00:00+00:00,0.0051035266,7.771101809339598e-05,0.0015021519809334048,-0.0006822771392762661,0.005133968973749354
2024-06-05 12:00:00+00:00,0.0025667676,9.390087507199496e-05,0.0012977205280849378,-0.0006927586509846151,0.0025849303125340724
2024-06-05 13:00:00+00:00,-0.001810605,0.0001066160766640678,0.00025957959914737734,-0.0006990790134295821,-0.0017578177684832565
2024-06-05 14:00:00+00:00,-0.0036466205,0.00011881109821842983,-0.0010388813980198486,-0.0007106515695340931,-0.003766799711403803
2024-06-05 15:00:00+00:00,-0.0016647922,0.0001319457805948332,-0.0011604637990001408,-0.0007252807263284922,-0.0017566904615794873
2024-06-05 16:00:00+00:00,0.0010800969,0.00014722446212545037,-0.0003297273797015629,-0.0007430060068145394,0.0008881318173432735
2024-06-05 17:00:00+00:00,0.0031526808,0.00014668094809167087,1.942711520149834e-05,-0.000764581433031708,0.0030548100489633774
2024-06-05 18:00:00+00:00,-0.0038279938,0.0001454332668799907,-0.0006545630356726757,-0.0007781343883834779,-0.0038765654364953206
2024-06-06 10:00:00+00:00,-0.0024842178,0.0001371648977510631,-0.001680315619154059,-0.000783582276199013,-0.0026914546267504274
2024-06-06 11:00:00+00:00,0.0015965926,0.00012604679795913398,-0.00044381518828829096,-0.0007921271026134491,0.0015250439108975035
2024-06-06 12:00:00+00:00,-0.0024020926,0.00011983111471636221,-0.0006336375457815354,-0.0008030481985770166,-0.002462751928279734
2024-06-06 13:00:00+00:00,-0.00449522,0.00011133841326227412,-0.0014932968242203776,-0.0008197741699405015,-0.004593493115527885
2024-06-06 14:00:00+00:00,0.0003231023,0.00010505854152143002,-0.00034804475956488445,-0.0008386918343603611,0.00022338659436320888
2024-06-06 15:00:00+00:00,0.0019145119,9.583285282133147e-05,0.0005627481698871523,-0.0008584322640672326,0.0017788491443443285
2024-06-06 16:00:00+00:00,0.0003912247,8.701413753442466e-05,0.0002981796210294964,-0.0008749004337005317,0.0003536069445159705
2024-06-06 17:00:00+00:00,-0.0013527225,7.255597301991656e-05,-0.0008882113992797786,-0.0008889376185834408,-0.001359308193543869
2024-06-06 18:00:00+00:00,0.00030702812,6.407728506019339e-05,8.579445196965356e-05,-0.0009000033605843782,0.0003238273427077019
2024-06-07 10:00:00+00:00,0.002537203,5.8042995078722015e-05,0.0007602775839979213,-0.0009097477304749191,0.002492804016169665
2024-06-07 11:00:00+00:00,0.0030199722,5.377532943384722e-05,0.0011216172649718365,-0.0009177163010463119,0.002939511632277404
2024-06-07 12:00:00+00:00,0.0038770041,5.2190942369634286e-05,0.0017180859211762404,-0.0009260053629986942,0.0037971507997933583
2024-06-07 13:00:00+00:00,0.010283193,5.2378065447555855e-05,0.001869110758259155,-0.0009357640519738197,0.010348778020212274
2024-06-07 14:00:00+00:00,-0.0072096987,5.0906430260511115e-05,-0.0015430537220745412,-0.0009400109993293881,-0.007249792084749429
2024-06-07 15:00:00+00:00,-0.0007179551,4.981836536899209e-05,-0.0011545289347148168,-0.000938132987357676,-0.0008704925932400005
2024-06-07 16:00:00+00:00,-4.6437257e-05,4.2012237827293575e-05,-0.0004612085327445756,-0.0009343554847873747,-0.00011162240357907264
2024-06-07 17:00:00+00:00,-0.0007804685,2.4916553229559213e-05,-0.0005919560998898639,-0.0009315781644545496,-0.0010132045099388223
2024-06-07 18:00:00+00:00,0.0017490126,1.6589401639066637e-05,0.00015975026004275204,-0.0009320839308202267,0.0016178027703867407
2024-06-10 10:00:00+00:00,0.0062497216,1.4894667401676998e-05,0.0020108264311610603,-0.0009324319544248283,0.0061063400518801955
2024-06-10 11:00:00+00:00,-0.0026591423,1.806852924346458e-05,-0.000598843819284125,-0.0009319110540673137,-0.0027212095581519075
2024-06-10 12:00:00+00:00,-0.0045591234,2.3909698938950896e-05,-0.0012205387438154135,-0.0009306544088758528,-0.004628769353007523
2024-06-10 13:00:00+00:00,-0.0014003218,2.680616671568714e-05,-0.0003275324760308143,-0.000922699342481792,-0.0015067056683333165
2024-06-10 14:00:00+00:00,-0.0038859248,3.149500480503775e-05,-0.00151596013779235,-0.0009109906386584044,-0.003932236986157075
2024-06-10 15:00:00+00:00,-0.0015947676,3.71102723875083e-05,-0.0006922604628717623,-0.0008960356353782117,-0.0017579539642650853
2024-06-10 16:00:00+00:00,0.0025404587,4.118513970752247e-05,0.00023110201403087353,-0.0008853493491187692,0.0024546791550264166
2024-06-10 17:00:00+00:00,-0.0030393456,4.6553908759960905e-05,-0.0015603423971837207,-0.0008806106634438038,-0.0031025308363875656
2024-06-10 18:00:00+00:00,-0.0079533495,4.6911729441490024e-05,-0.00431303601326352,-0.0008895116043277085,-0.007965722431022174
2024-06-11 10:00:00+00:00,-0.0005031225,4.6192824811441824e-05,-0.0012253661663711496,-0.0008853902691043913,-0.0007368276976254194
2024-06-11 11:00:00+00:00,0.00032391414,4.082914529135451e-05,0.0003156043964805891,-0.0008869290468282998,0.0002548744952027913
2024-06-11 12:00:00+00:00,-0.0038591903,3.066413046326488e-05,-0.0028981319473353737,-0.0008893045596778393,-0.0038825406861434904
2024-06-11 13:00:00+00:00,-0.0016395388,2.0240360754542053e-05,-0.0021383711495742965,-0.0008818921050988138,-0.001777345464932604
2024-06-11 14:00:00+00:00,0.0019267342,1.1631642337306403e-05,-0.0008484508041151416,-0.0008762163342908025,0.0017876909525085653
2024-06-11 15:00:00+00:00,-0.0016864795,4.660303147829836e-06,-0.00026604268385899105,-0.0008748732507228851,-0.001708795403364674
2024-06-11 16:00:00+00:00,0.002957354,9.17445163395314e-07,0.0011344640059196124,-0.0008702000486664474,0.002900723223550929
2024-06-11 17:00:00+00:00,0.0007844237,-2.590124722701148e-06,0.0008268353662707729,-0.0008753524161875248,0.0007321848239938538
2024-06-11 18:00:00+00:00,-0.0014023149,-9.242095984518528e-06,9.598341921729545e-05,-0.0008768773404881358,-0.0014701692792108477
2024-06-13 10:00:00+00:00,-0.019430082,-1.6687663446646184e-05,0.00033727940739277805,-0.0008804215467534959,-0.0192238806502891
2024-06-13 11:00:00+00:00,0.006231189,-2.6497204089537263e-05,0.0014586769733382304,-0.00088342628441751,0.005802638806374961
2024-06-13 12:00:00+00:00,-0.001714191,-3.8414309528889135e-05,0.00031211950323260063,-0.000897605495993048,-0.0016897077681530131
2024-06-13 13:00:00+00:00,-0.0015408003,-5.445933129522018e-05,0.00024276883444137814,-0.0009089952800422907,-0.0016492933224200638
2024-06-13 14:00:00+00:00,0.004136527,-6.991960253799334e-05,0.0006790976956045675,-0.0009177533211186528,0.003915467338741698
2024-06-13 15:00:00+00:00,0.010395042,-8.52900484460406e-05,0.0006666937256175127,-0.0009244670509360731,0.01013028072112433
2024-06-13 16:00:00+00:00,0.0014176316,-0.00010028285760199651,0.0010442408583816035,-0.0009272719617001712,0.0013076450813431207
2024-06-13 17:00:00+00:00,0.0017243368,-0.00011849424481624737,0.0006844593775989142,-0.0009330887696705759,0.001565805023206787
2024-06-13 18:00:00+00:00,-0.0010336146,-0.0001316279376624152,0.00010571640549138015,-0.000932895636651665,-0.0010189125403202402
2024-06-14 10:00:00+00:00,-0.0009210689,-0.00014507344167213887,0.0011417525520864686,-0.0009364098659716547,-0.000901109434887578
2024-06-14 11:00:00+00:00,-0.0002240868,-0.0001580367679707706,-7.478122505062191e-06,-0.0009388563921675086,-0.00023643774143262915
2024-06-14 12:00:00+00:00,0.003579377,-0.00016637305088806897,0.001155413958245683,-0.0009423785377293825,0.0035007643882091254
2024-06-14 13:00:00+00:00,0.0016247621,-0.00017441851377952844,0.0014234466228933984,-0.0009464109898544848,0.0015949699894614708
2024-06-14 14:00:00+00:00,0.001728712,-0.00017883061082102358,0.0006908966821414868,-0.0009500907035544515,0.0016371601990850452
2024-06-14 15:00:00+00:00,0.0010464414,-0.0001778079749783501,0.001076114001772634,-0.0009569990215823054,0.0009335538890019497
2024-06-14 16:00:00+00:00,0.0069961124,-0.00017146651225630194,0.0020959682219133715,-0.0009595028241164982,0.0070365679396223015
2024-06-14 17:00:00+00:00,-0.0010204654,-0.0001676755491644144,0.0005974985927604753,-0.0009645625250414014,-0.0010405288532048466
2024-06-14 18:00:00+00:00,0.0010360132,-0.00016430433606728911,0.00037906010977091503,-0.0009689724538475275,0.0009287107855557386
2024-06-17 10:00:00+00:00,-0.00020836087,-0.00016131126903928816,0.0013399736855890538,-0.0009723801631480455,-0.00025667786152496955
2024-06-17 11:00:00+00:00,-0.0062398026,-0.00015795360377524048,-0.002153917563683091,-0.0009749045129865408,-0.006237243327447022
2024-06-17 12:00:00+00:00,0.002647311,-0.00015329070447478443,-0.0007395112182888441,-0.00097819569054991,0.002541606181164335
2024-06-17 13:00:00+00:00,0.0016685461,-0.00014295466826297343,0.0004935137131673183,-0.0009831269271671772,0.0015926147449299435
2024-06-17 14:00:00+00:00,-0.0021368628,-0.0001344044867437333,-0.0006248453630440231,-0.00098890601657331,-0.0022137015850043477
2024-06-17 15:00:00+00:00,-0.001894236,-0.0001255200622836128,-0.0007945811882738289,-0.0009915506234392524,-0.0018947847477369854
2024-06-17 16:00:00+00:00,-0.001408936,-0.00012012614024570212,-0.0009162597053946023,-0.0009937228169292212,-0.001483577798424132
2024-06-17 17:00:00+00:00,0.0007798566,-0.00011381478543626145,-0.00033701693288370517,-0.0009945485508069396,0.0007317640807991706
2024-06-17 18:00:00+00:00,-0.0032801207,-0.00010897551692323759,-0.0017087419112612036,-0.0009925925405696034,-0.0032646464345157497
2024-06-18 10:00:00+00:00,-0.0043629566,-0.00010160412784898654,-0.0016244629466487376,-0.0009899777360260487,-0.004431297636680879
2024-06-18 11:00:00+00:00,-0.002799025,-8.857666398398578e-05,-0.0015970034568287296,-0.0009892237139865756,-0.0028022064766794427
2024-06-18 12:00:00+00:00,-0.0020869859,-7.965887925820425e-05,-0.0022073921458267156,-0.000987323233857751,-0.0021451686762327424
2024-06-18 13:00:00+00:00,0.0011469562,-7.372033724095672e-05,-0.0009363332346803074,-0.0009856565156951547,0.0010586807755082047
2024-06-18 14:00:00+00:00,-0.0024094945,-6.754324567737058e-05,-0.0025192977144047513,-0.0009832298383116722,-0.0024458196616678734
2024-06-18 15:00:00+00:00,-0.005771466,-6.159492477308959e-05,-0.0033847198364751157,-0.0009784931316971779,-0.005717301119448284
2024-06-18 16:00:00+00:00,8.9388326e-05,-5.894990681554191e-05,-0.002121914379259734,-0.0009709268342703581,-0.00010805238209463504
2024-06-18 17:00:00+00:00,-0.0029092184,-5.821627200930379e-05,-0.002984719735982135,-0.0009611371206119657,-0.002897458859741186
2024-06-18 18:00:00+00:00,-0.0029787167,-5.8767665905179456e-05,-0.0037934762480545383,-0.0009504524641670287,-0.0030279711506368276
2024-06-19 10:00:00+00:00,-0.008053795,-5.8986010117223486e-05,-0.0016801468117678287,-0.000938557495828718,-0.008058364712970808
2024-06-19 11:00:00+00:00,-0.0023561565,-6.577199383173138e-05,-0.0024026362297916125,-0.0009377332171425223,-0.0023607388864796933
2024-06-19 12:00:00+00:00,-0.0025698978,-6.944953929632902e-05,-0.0030700379174336176,-0.0009325954597443342,-0.002633475707713609
2024-06-19 13:00:00+00:00,-0.004443836,-7.336916314670816e-05,-0.0041398784460827745,-0.0009264133987016976,-0.00446233817947218
2024-06-19 14:00:00+00:00,0.0033208858,-7.782923057675362e-05,-0.002043188022083831,-0.0009175728773698211,0.002916622882243126
2024-06-19 15:00:00+00:00,0.001929394,-8.078904647845775e-05,-7.46970202296221e-05,-0.0009137366432696581,0.0016357551039053835
2024-06-19 16:00:00+00:00,-0.0054300134,-8.675874414620921e-05,-0.0024064744479974525,-0.0009067290811799467,-0.0053245866335623684
2024-06-19 17:00:00+00:00,-0.010315093,-9.483953181188554e-05,-0.0039179927037105225,-0.0008988386252894998,-0.010027027869704814
2024-06-19 18:00:00+00:00,-0.0003104421,-0.00010168116568820551,-0.0037422068000386517,-0.0008992711082100868,-0.0005685780466318088
2024-06-20 10:00:00+00:00,0.015730448,-0.00010720127465901896,0.00025230446140815573,-0.0009040459990501404,0.014820038423994614
2024-06-20 11:00:00+00:00,0.0026497394,-0.00010670084884623066,0.0007813220182445793,-0.0009105992503464222,0.0026087277270459433
2024-06-20 12:00:00+00:00,-0.0022401297,-9.904201579047367e-05,-0.0005810047292424397,-0.0009154360159300268,-0.0022111014816498646
2024-06-20 13:00:00+00:00,-0.009358741,-9.010532812681049e-05,-0.0017842711085903381,-0.0009190179989673197,-0.008885144584538427
2024-06-20 14:00:00+00:00,-0.011038135,-8.109929331112653e-05,-0.002632285049793347,-0.0009204500820487738,-0.010590665754765045
2024-06-20 15:00:00+00:00,0.01991573,-7.05664133420214e-05,1.6906421096238896e-05,-0.0009262648527510464,0.018698448660170067
2024-06-20 16:00:00+00:00,0.0017544149,-6.057555219740607e-05,0.000542496432879633,-0.0009407159523107111,0.0018144526713671058
2024-06-20 17:00:00+00:00,0.00982289,-5.1627914217533544e-05,0.0015971623626981502,-0.0009387207101099193,0.009583608756202084
2024-06-20 18:00:00+00:00,0.003968253,-3.69976187357679e-05,0.001930838567812775,-0.0009408746846020222,0.003983724587412102
2024-06-21 10:00:00+00:00,-0.0015764333,-1.852435161708854e-05,0.0006344506735135719,-0.0009465663461014628,-0.0013545941424186522
2024-06-21 11:00:00+00:00,-0.0006543726,-3.317891469123424e-06,-0.00019899346498428844,-0.00095591094577685,-0.00047350268303952944
2024-06-21 12:00:00+00:00,-0.0062347613,7.171706329245353e-06,-0.0012459507502274032,-0.0009609974804334342,-0.005900045520511291
2024-06-21 13:00:00+00:00,0.005454729,1.9205870557925664e-05,0.00023166629085655382,-0.000968689564615488,0.0053010833813434445
2024-06-21 14:00:00+00:00,0.00247923,3.131524863420054e-05,0.0004704419334821005,-0.0009756007930263877,0.0025428702760490014
2024-06-21 15:00:00+00:00,0.00042274766,4.315009937272407e-05,0.00037816395068669917,-0.0009822146967053413,0.0006088942304892162
2024-06-21 16:00:00+00:00,-0.00068224955,5.592715024249628e-05,0.0001485495245179736,-0.00099221954587847,-0.0005841715868774147
2024-06-21 17:00:00+00:00,-0.0018569214,4.970769441570155e-05,-0.0006302419328833249,-0.0009943015174940228,-0.0018255469652380836
2024-06-21 18:00:00+00:00,-0.00026326266,5.4629344958812e-05,-0.00022990749296130324,-0.0009984802454710007,-0.00030956001279260894
2024-06-24 10:00:00+00:00,0.0034586194,5.740184860769659e-05,0.0015374093684562802,-0.0010009405668824911,0.003254947469452745
2024-06-24 11:00:00+00:00,-0.0040881624,5.9402522310847417e-05,-0.0011266643176816133,-0.0010037851752713323,-0.003937830692166424
2024-06-24 12:00:00+00:00,-0.0029280807,5.8818277466343716e-05,-0.0012253871520351554,-0.0010023912182077765,-0.0029435806051199996
2024-06-24 13:00:00+00:00,0.0017482268,5.485720612341538e-05,-0.00039230540306801616,-0.0010033879661932588,0.001605783490500243
2024-06-24 14:00:00+00:00,0.00030554534,5.004022750654258e-05,-9.087891696623297e-05,-0.0010026177624240518,0.0002474668981434781
2024-06-24 15:00:00+00:00,-0.0020279933,4.786618228536099e-05,-0.0009305692915975675,-0.0010038657346740365,-0.002034259709454231
2024-06-24 16:00:00+00:00,0.0019122189,4.843804708798416e-05,8.958322888884497e-05,-0.0010016708401963115,0.0017980790536716142
2024-06-24 17:00:00+00:00,-0.0027084446,4.550768426270224e-05,-0.0011537234997549242,-0.000999578507617116,-0.002719436488381962
2024-06-24 18:00:00+00:00,-0.0009195106,3.746939546545036e-05,-0.0015747906664889547,-0.0009910112712532282,-0.0009107023258970523
2024-06-25 10:00:00+00:00,-0.0033043025,3.0185859941411763e-05,-0.0016311732346857718,-0.0009813547367230058,-0.003256729921098861
2024-06-25 11:00:00+00:00,-0.003175548,2.5506667952868156e-05,-0.0024330256578261196,-0.0009696090128272772,-0.0030839072941468816
2024-06-25 12:00:00+00:00,0.0018987564,2.086214954033494e-05,-0.0005042438011938734,-0.000961942714639008,0.001876136486333741
2024-06-25 13:00:00+00:00,0.004690835,1.827272899390664e-05,0.0006461836560323219,-0.0009604746010154486,0.004408677420946064
2024-06-25 14:00:00+00:00,-0.0022359157,1.4284871213021688e-05,-0.0004746165614437545,-0.0009580072946846485,-0.002230817352595668
2024-06-25 15:00:00+00:00,0.00022316989,1.1085719961556606e-05,-0.0005472107371423169,-0.0009530733223073184,7.856000698678941e-05
2024-06-25 16:00:00+00:00,0.0023160833,9.806228263187222e-06,0.0006622657421756536,-0.0009529844974167645,0.002180115145044692
2024-06-25 17:00:00+00:00,-0.0008876824,8.119967787934002e-06,-0.00015189687256227536,-0.0009504266199655831,-0.0008878064524078489
2024-06-25 18:00:00+00:00,0.004771295,9.937169124896172e-06,0.0013015987024058758,-0.0009494220139458776,0.004585313371007502
2024-06-26 10:00:00+00:00,0.009761323,1.2167985005362425e-05,0.004254502688751283,-0.0009478590218350291,0.009446833797449025
2024-06-26 11:00:00+00:00,9.866123e-05,1.5737210560473613e-05,0.0011582698218218102,-0.0009468294447287917,8.143711038551383e-05
2024-06-26 12:00:00+00:00,0.0015295944,2.336299257876817e-05,0.0009385382374273676,-0.0009438680135644972,0.001505978063017273
2024-06-26 13:00:00+00:00,0.0010798005,3.361404378665611e-05,0.001164619533471202,-0.0009372509666718543,0.0010954226753112826
2024-06-26 14:00:00+00:00,-0.0018236353,4.5223838242236525e-05,-0.00010818304787512601,-0.0009355234797112644,-0.0017255998359774235
2024-06-26 15:00:00+00:00,-0.0015084399,5.629083898384124e-05,-0.00022477528067299404,-0.0009273897740058601,-0.0013956666596617378
2024-06-26 16:00:00+00:00,0.0022967602,6.870941433589906e-05,0.00037063703218215293,-0.0009249981958419085,0.0022124009147728037
2024-06-26 17:00:00+00:00,-0.00067066844,7.793171243974939e-05,0.00016633915780875954,-0.0009154836880043149,-0.0007255199711653755
2024-06-26 18:00:00+00:00,0.0021090219,8.884528506314382e-05,0.0008017875546256705,-0.0009097199654206634,0.00200178575268084
2024-06-27 10:00:00+00:00,-0.0052107475,9.891937952488661e-05,-0.0006330962634435781,-0.0009021819569170475,-0.005074749692424462
2024-06-27 11:00:00+00:00,-0.0008168371,0.00010888573888223618,-0.0002649192636089672,-0.0008950772462412715,-0.0008810101153573824
2024-06-27 12:00:00+00:00,-0.0017475904,0.00011920522229047492,-6.357083913294189e-05,-0.0008864608244039118,-0.0017451703030973713
2024-06-27 13:00:00+00:00,0.0030809876,0.00012543381308205426,-1.8681025779502874e-06,-0.0008775342139415443,0.0029265259289167032
2024-06-27 14:00:00+00:00,-0.0015600602,0.00013333150127436966,-0.000743280718285645,-0.0008690611575730145,-0.0015084285276820493
2024-06-27 15:00:00+00:00,0.0058258157,0.00014106034359429032,0.001165704922594323,-0.0008611881639808416,0.005651091841024434
2024-06-27 16:00:00+00:00,-0.00013332741,0.00014732072304468602,0.00043252843278043503,-0.0008506998419761658,-0.0001724362107906595
2024-06-27 17:00:00+00:00,0.00075528707,0.00014979288971517235,0.0004132283581761668,-0.0008351337164640427,0.0007310315373870676
2024-06-27 18:00:00+00:00,-0.00063148246,0.000157125701662153,-7.703724999751652e-05,-0.0008165380568243563,-0.0006014204214992776
2024-06-28 10:00:00+00:00,0.0034128698,0.00016278502880595624,0.0014129749010061935,-0.0007968891877681017,0.0034219695866988067
2024-06-28 11:00:00+00:00,-0.00084183615,0.00017423788085579872,8.786621319654614e-05,-0.0007829502574168146,-0.0008458882619676311
2024-06-28 12:00:00+00:00,0.000987345,0.0001910662103909999,0.00046728834410800994,-0.0007666113669984043,0.0008751427545256017
2024-06-28 13:00:00+00:00,-0.001646117,0.00020831656001973897,-0.0004479954393474912,-0.0007531497976742685,-0.0015212633588991132
2024-06-28 14:00:00+00:00,-0.003805925,0.00022246767184697092,-0.0007287016109720753,-0.0007415227009914815,-0.0036976297550805064
2024-06-28 15:00:00+00:00,0.0026615441,0.0002334818709641695,-6.454495343073831e-05,-0.0007231938652694225,0.002640938889716591
2024-06-28 16:00:00+00:00,-0.0001649495,0.0002475425135344267,0.00013826150464710634,-0.0007057610782794654,-0.00010826716911837108
2024-06-28 17:00:00+00:00,-0.00038075657,0.0002543214650359005,-0.00044015166122305673,-0.0006992630660533905,-0.0004022413467009891
2024-06-28 18:00:00+00:00,0.0010594128,0.0002645497443154454,1.9980102702335197e-05,-0.0006833185325376689,0.0010414209066547193
2024-07-01 10:00:00+00:00,0.0024349287,0.0002749357954598963,0.00048548608920416557,-0.000669281929731369,0.002329636132340895
2024-07-01 11:00:00+00:00,-0.0012594699,0.00029088673181831837,-0.00030676597480854196,-0.0006529567181132734,-0.0012114411166088462
2024-07-01 12:00:00+00:00,-0.0012071613,0.0003023702302016318,-0.00021571941725319381,-0.0006356401136144996,-0.0011454398612638773
2024-07-01 13:00:00+00:00,0.003765577,0.0003036984708160162,0.001008000634995464,-0.000618886377196759,0.003697566284109667
2024-07-01 14:00:00+00:00,0.0016189481,0.0003162492939736694,0.0019412580997696695,-0.0006027398630976677,0.0014939525595695736
2024-07-01 15:00:00+00:00,0.0010085444,0.00032070063753053546,0.000715624396712257,-0.0005833026953041553,0.0009192507557283535
2024-07-01 16:00:00+00:00,0.0017279179,0.0003186276007909328,0.0004122103489462934,-0.0005632121465168893,0.0016757420717686078
2024-07-01 17:00:00+00:00,0.0016495924,0.00032364577054977417,0.001029300826116547,-0.0005421413225121796,0.0015721832678217685
2024-07-01 18:00:00+00:00,0.0003013457,0.00033245497616007924,0.0005990437503029439,-0.0005220749299041927,0.00030929893377351804
2024-07-02 10:00:00+00:00,0.006182613,0.0003444471803959459,0.0024728054438423563,-0.0005034407367929816,0.006120229022199467
2024-07-02 11:00:00+00:00,-0.0013671438,0.0003548116947058588,0.00010634124685765727,-0.00048528038314543664,-0.00138469469315173
2024-07-02 12:00:00+00:00,0.0020437813,0.0003583444922696799,0.0004301691452556394,-0.00046802268479950726,0.002002037672764369
2024-07-02 13:00:00+00:00,-0.00041777737,0.0003624060773290694,0.00024510722115517967,-0.00044491494190879166,-0.0003674757399856585
2024-07-02 14:00:00+00:00,0.0017665675,0.00036471307976171374,-0.00015867196169418467,-0.000423163000959903,0.0017691103462733459
2024-07-02 15:00:00+00:00,0.0010453841,0.00036597176222130656,0.0007915991544110359,-0.0004002135246992111,0.0011124558632268512
2024-07-02 16:00:00+00:00,-0.00054744584,0.0003716474457178265,0.00029640439867586034,-0.00038386808591894805,-0.0005727106914714392
2024-07-02 17:00:00+00:00,0.0019985926,0.0003748712479136884,0.0004064342907800363,-0.00036346432170830667,0.0019979723257411283
2024-07-02 18:00:00+00:00,-0.0009910265,0.0003817940887529403,-0.0004057500823891239,-0.0003507960063870996,-0.0010086004558372615
2024-07-03 10:00:00+00:00,-0.0021500802,0.000387825770303607,-0.0007815520285300183,-0.0003348819736856967,-0.0021334099193660284
2024-07-03 11:00:00+00:00,-0.0006605761,0.0003968528762925416,-0.001180312340848299,-0.00032755490974523127,-0.0007246370968087548
2024-07-03 12:00:00+00:00,0.004248721,0.00040577794425189495,0.0011771039219103782,-0.00032317356090061367,0.004294901819309963
2024-07-03 13:00:00+00:00,-0.0012857744,0.00041874818271026015,-0.00043024704301321433,-0.00032951406319625676,-0.0012986045744529332
2024-07-03 14:00:00+00:00,0.0006679394,0.0004312899545766413,-0.0006909348692281629,-0.00032765226205810905,0.000633455603375693
2024-07-03 15:00:00+00:00,-0.00030750738,0.00044360183528624475,-0.0006408704882325081,-0.00032858221675269306,-0.00029545939842730035
2024-07-03 16:00:00+00:00,-0.0032922097,0.00045678578317165375,-0.0016237201003696177,-0.0003216516925022006,-0.0032622190685870946
2024-07-03 17:00:00+00:00,-0.0034375614,0.0004658001125790179,-0.0031994924396479612,-0.0003102746850345284,-0.003352994454885046
2024-07-03 18:00:00+00:00,0.0017873832,0.00047237679245881736,-0.0005465344224764049,-0.0003011281369253993,0.0018070171924542944
2024-07-04 10:00:00+00:00,-0.0048069344,0.0004778828879352659,-0.001596726398959952,-0.00028941172058694065,-0.004789793129806069
2024-07-04 11:00:00+00:00,4.391771e-05,0.0004837275773752481,-0.00041453194728709967,-0.0002748630940914154,4.2912940242300046e-05
2024-07-04 12:00:00+00:00,-0.0006495514,0.000490130390971899,-0.0007818183003684354,-0.0002730981505010277,-0.0006550140640530864
2024-07-04 13:00:00+00:00,-0.003720288,0.0004954270552843809,-0.002494288515471476,-0.0002747533144429326,-0.003617711015392668
2024-07-04 14:00:00+00:00,-0.0013115293,0.000496683525852859,-0.0014492274974638774,-0.00027207290986552835,-0.001354253280691583
2024-07-04 15:00:00+00:00,-0.001212171,0.0004956103512085974,-0.002217706747036352,-0.0002766924153547734,-0.0011521151050939004
2024-07-04 16:00:00+00:00,-0.008204891,0.0004929082933813334,-0.0033694332098797497,-0.00027596260770224035,-0.008091948153304385
2024-07-04 17:00:00+00:00,0.0011648966,0.00048808223800733685,-0.001981594139182598,-0.000272682576905936,0.0009878791976618067
2024-07-04 18:00:00+00:00,-0.0031636572,0.000481873081298545,-0.0014033393024668963,-0.00027946048066951334,-0.0031750103583430785
2024-07-05 10:00:00+00:00,-0.003103275,0.0004736086411867291,-0.0038093748916348006,-0.00028603122336789966,-0.003134503144769098
2024-07-05 11:00:00+00:00,-0.0012235004,0.0004618390812538564,-0.0028319078847703896,-0.00029425768298096955,-0.0013827967537496308
2024-07-05 12:00:00+00:00,0.007942022,0.00045004941057413816,-0.000280237752902183,-0.00030766005511395633,0.007622581158310136
2024-07-05 13:00:00+00:00,0.0016202258,0.0004424906801432371,0.0005741812753289271,-0.0003205622488167137,0.001535451248644725
2024-07-05 14:00:00+00:00,-0.0034851439,0.00043773322249762714,0.00017564675034595313,-0.00033275975147262216,-0.003471654883865971
2024-07-05 15:00:00+00:00,-0.0011027644,0.0004318315186537802,0.00020525510661256903,-0.00034403445897623897,-0.0011395703140695322
2024-07-05 16:00:00+00:00,0.00036984842,0.0004285445611458272,0.00019227087309394705,-0.0003546640509739518,0.0003228494861500419
2024-07-05 17:00:00+00:00,0.0018217377,0.00042541444418020546,-4.7414162198775804e-05,-0.00036851997720077634,0.00171160460456834
2024-07-05 18:00:00+00:00,0.0020883635,0.00042721748468466103,0.0005295140881939517,-0.0003839805140160024,0.0020466650051893377
2024-07-08 10:00:00+00:00,0.004915992,0.00042850023601204157,0.0013308323269716346,-0.0004034175362903625,0.004817382837176866
2024-07-08 11:00:00+00:00,-0.002404296,0.0004323155153542757,0.0001256149399306174,-0.00042228878010064363,-0.002378531758406229
2024-07-08 12:00:00+00:00,-0.0050519994,0.0004431049164850265,-0.0013137700302541236,-0.00043817400000989437,-0.004974361985304797
2024-07-08 13:00:00+00:00,-5.0935625e-05,0.0004530950100161135,-0.0009033705987704264,-0.0004478168848436326,-8.037248106642332e-05
2024-07-08 14:00:00+00:00,-0.0025117954,0.000458567519672215,-0.00041192358788435634,-0.0004615826765075326,-0.0024835580418890247
2024-07-08 15:00:00+00:00,1.9149202e-05,0.0004612858756445348,-0.00025165911839238606,-0.0004765775811392814,1.2950125009573232e-05
2024-07-08 16:00:00+00:00,0.0014702015,0.0004591368488036096,9.482926184303325e-05,-0.000495673157274723,0.0013848068977598998
2024-07-08 17:00:00+00:00,-0.0004398771,0.0004536357882898301,-0.0005081801956963571,-0.000506600015796721,-0.00046429589713817444
2024-07-08 18:00:00+00:00,-0.0012665236,0.0004465303791221231,-0.0015530634255121582,-0.0005213183467276394,-0.0012372447277776354
2024-07-09 10:00:00+00:00,-0.007211712,0.0004352819814812392,-0.004799569119651317,-0.0005336967296898365,-0.00711180778897205
2024-07-09 11:00:00+00:00,-0.003220542,0.0004248173499945551,-0.004070348840115184,-0.000550073862541467,-0.003114720393059842
2024-07-09 12:00:00+00:00,-0.00097141747,0.00041828874964267015,-0.0031752331741830594,-0.000566448608879,-0.0009695989876357887
2024-07-09 13:00:00+00:00,0.0021352298,0.00040882223402149975,-0.0014968382744370268,-0.000580104417167604,0.002004018856871269
2024-07-09 14:00:00+00:00,-0.004025904,0.0004032107535749674,-0.0024090184728164203,-0.0005993449594825506,-0.0038429101529504585
2024-07-09 15:00:00+00:00,-0.0023999973,0.0003944245690945536,-0.003357513561116641,-0.0006242748349905014,-0.0023721131691443018
2024-07-09 16:00:00+00:00,-0.0014732943,0.00038119335658848286,-0.002665725388610869,-0.0006426192121580243,-0.0015470739591629324
2024-07-09 17:00:00+00:00,-0.0060358588,0.00036705585080198944,-0.0037517802375400767,-0.000656368036288768,-0.005873767749281036
2024-07-09 18:00:00+00:00,-0.0021783223,0.0003545641666278243,-0.003238436924721011,-0.0006649158312939107,-0.0022114043125704167
2024-07-10 10:00:00+00:00,-0.0061615664,0.000345682812621817,-0.003686055196370653,-0.0006775279762223363,-0.006005381800284006
2024-07-10 11:00:00+00:00,-0.0029100287,0.0003346634330227971,-0.0042455149047099135,-0.0006816353416070342,-0.0030323527957123978
2024-07-10 12:00:00+00:00,0.004845354,0.0003223792009521276,-0.0023436580688063215,-0.0006961858016438782,0.00447203966218058
2024-07-10 13:00:00+00:00,-0.0010922742,0.0003090903046540916,-0.0015896905745813395,-0.00071033148560673,-0.0012223353927510187
2024-07-10 14:00:00+00:00,-0.004268661,0.0002959056291729212,-0.0024351248782275535,-0.0007260908023454249,-0.004090268159358023
2024-07-10 15:00:00+00:00,-0.0073194527,0.0002798060013446957,-0.0035544266552524984,-0.0007435163133777678,-0.007105568055766685
2024-07-10 16:00:00+00:00,-0.0032621995,0.00026616608374752104,-0.0033780799915351183,-0.0007621826371178031,-0.003354746078030149
2024-07-10 17:00:00+00:00,-0.0062168934,0.00025376889971084893,-0.0038364189562574823,-0.0007668179459869862,-0.005994532231527438
2024-07-10 18:00:00+00:00,0.00040670286,0.00024172221310436726,-0.0034125617640992346,-0.0007814968121238053,3.019916306135462e-05
2024-07-11 10:00:00+00:00,-0.0055974224,0.00023243376926984638,-0.0015936020181052768,-0.0007939829374663532,-0.005568925968616348
2024-07-11 11:00:00+00:00,-0.0025038586,0.00022423715563490987,-0.0012985636690599624,-0.0008118978585116565,-0.0026296686643833634
2024-07-11 12:00:00+00:00,0.0075533697,0.00021322243264876306,0.000728065410831183,-0.000830821052659303,0.006694222683114946
2024-07-11 13:00:00+00:00,-0.0005347549,0.0001986367133213207,8.973414671582e-05,-0.000844944326672703,-0.0008095937034564669
2024-07-11 14:00:00+00:00,0.0058933897,0.00018597346206661314,0.00016550128092794272,-0.0008570088539272547,0.005265830298223458
2024-07-11 15:00:00+00:00,-0.0036318842,0.00017360891797579825,1.482121599415492e-05,-0.0008667898364365101,-0.0035690477972345888
2024-07-11 16:00:00+00:00,0.00021143955,0.00016687919560354203,-0.00043364129548354564,-0.0008798612980172038,3.276807620709072e-05
2024-07-11 17:00:00+00:00,0.0012241278,0.00016299007984343916,-0.00060317000656079,-0.0008897878578864038,0.001161302140966486
2024-07-11 18:00:00+00:00,0.00290173,0.00016315233369823545,-0.0001641146283238471,-0.0009053597459569573,0.002661554375555908
2024-07-12 10:00:00+00:00,-0.0026738388,0.000159424205776304,-0.00011091085769045667,-0.0009049273212440312,-0.0023479857971429614
2024-07-12 11:00:00+00:00,-0.0013077288,0.00015816446102689952,-0.00036350164511710656,-0.0009132736013270915,-0.0013139618419715905
2024-07-12 12:00:00+00:00,0.00043945355,0.0001533982576802373,-0.0004558550856621266,-0.0009179587359540164,0.0004680472868718933
2024-07-12 13:00:00+00:00,-6.707763e-06,0.00015020354476291686,-0.0005633738035298114,-0.0009196510654874146,1.4791587866525764e-05
2024-07-12 14:00:00+00:00,-0.0040900405,0.00014965145965106785,-0.0011890538553083725,-0.0009190194541588426,-0.0038147461980181864
2024-07-12 15:00:00+00:00,-0.00050190405,0.00015176554734352976,-0.0016998817540084857,-0.0009182136273011565,-0.0004706787084965624
2024-07-12 16:00:00+00:00,0.009977185,0.00015557681035716087,0.00042460174261948173,-0.000913374125957489,0.00924616044960045
2024-07-12 17:00:00+00:00,-0.005405364,0.0001590008760103956,-0.0009340393100083274,-0.0009153129649348557,-0.004966934874284624
2024-07-12 18:00:00+00:00,-0.0028011224,0.0001652386854402721,-0.001950361600267298,-0.0009115785942412913,-0.0026099015357826396
2024-07-15 10:00:00+00:00,-0.007491304,0.0001739689614623785,-0.0033349860639736006,-0.0009093141998164356,-0.0068485750982390245
2024-07-15 11:00:00+00:00,0.0045102844,0.00018336049106437713,-0.001031535936716785,-0.0009132713894359767,0.004121085002413013
2024-07-15 12:00:00+00:00,-0.0023202219,0.0001929050195030868,-0.0010728238861557877,-0.0009141949121840298,-0.002126770708670461
2024-07-15 13:00:00+00:00,0.0003008856,0.0002063385909423232,-0.0011721819602310073,-0.0009118117159232497,0.00027861522507962
2024-07-15 14:00:00+00:00,-0.0040407656,0.0002181680320063606,-0.0020369968019990736,-0.0009083753684535623,-0.0037551278652672945
2024-07-15 15:00:00+00:00,-0.00049902993,0.000229993078391999,-0.00042423603898229074,-0.0008952750358730555,-0.0005066738665710372
2024-07-15 16:00:00+00:00,-0.0043388004,0.00024647440295666456,-0.001961399318090042,-0.0008870645542629063,-0.004015385794405547
2024-07-15 17:00:00+00:00,-0.0039433357,0.00025903695495799184,-0.00309135674029291,-0.0008767435792833567,-0.003714330250595433
2024-07-15 18:00:00+00:00,-0.0024716468,0.00026882608653977513,-0.0028053321722787024,-0.0008658263250254095,-0.0023701289447376405
2024-07-16 10:00:00+00:00,-0.0013738719,0.00027675103046931326,-0.0032253326983842073,-0.0008507799357175827,-0.0013862501532736742
2024-07-16 11:00:00+00:00,-0.007794573,0.0002847644791472703,-0.0035684205705281144,-0.000841676548589021,-0.007234591806418248
2024-07-16 12:00:00+00:00,0.008361524,0.0002942899300251156,-0.0011177349602246036,-0.0008392299641855061,0.007383745258063735
2024-07-16 13:00:00+00:00,-0.004068544,0.0003030155203305185,-0.0010890474450831625,-0.0008347128750756383,-0.003839806237200564
2024-07-16 14:00:00+00:00,0.0018263523,0.00031208532163873315,-0.0004527883785389917,-0.0008280030451714993,0.0013734417629851139
2024-07-16 15:00:00+00:00,-0.0021126682,0.0003153499274048954,-0.0008406663261318541,-0.0008180394652299583,-0.002024357914264515
2024-07-16 16:00:00+00:00,-0.0013395294,0.00031783466693013906,-0.0008291438084806219,-0.0008062054985202849,-0.0014221969514298838
2024-07-16 17:00:00+00:00,0.014269296,0.0003122928610537201,0.0011906290124389103,-0.0007900047348812222,0.01296528045662329
2024-07-16 18:00:00+00:00,0.0029450494,0.0003107835364062339,0.002376812156350946,-0.0007855687290430069,0.002763719131560811
2024-07-17 10:00:00+00:00,-0.0010226426,0.00031148616108112037,0.0005036440599903713,-0.0007818046142347157,-0.0008436586268358824
2024-07-17 11:00:00+00:00,0.008573372,0.00031336050597019494,0.0024818326900223116,-0.0007735872641205788,0.008062177445138081
2024-07-17 12:00:00+00:00,0.000121319965,0.0003183598455507308,0.0013313681039249165,-0.0007693913648836315,0.00039683824397213866
2024-07-17 13:00:00+00:00,-0.0026386576,0.00032448305864818394,-0.0003895350317563898,-0.0007639178656972945,-0.0023132168294378013
2024-07-17 14:00:00+00:00,-0.00060158916,0.00033041794085875154,-0.0002854966846344317,-0.0007547333952970803,-0.00044297991133190797
2024-07-17 15:00:00+00:00,0.0025997807,0.0003368936013430357,0.00044301816853208693,-0.0007453111466020346,0.0025048145002527365
2024-07-17 16:00:00+00:00,0.0015835636,0.0003443592577241361,0.00031001673158399334,-0.000735528243239969,0.0015694438261784735
2024-07-17 17:00:00+00:00,-0.002899491,0.00035231001675128937,7.507425299414909e-05,-0.0007207661401480436,-0.0025082045631084184
2024-07-17 18:00:00+00:00,-0.0049077943,0.00036154926056042314,-0.00046917287360216165,-0.0007014840957708657,-0.004561953611646562
2024-07-18 10:00:00+00:00,-0.008682964,0.0003705299168359488,9.365370293546176e-05,-0.0006821642746217549,-0.00816068092634837
2024-07-18 11:00:00+00:00,0.0025261042,0.00037729140603914857,0.00014114920924099435,-0.0006608518888242543,0.002113396264687168
2024-07-18 12:00:00+00:00,0.0024107613,0.00038547912845388055,0.000649632467658171,-0.0006425544270314276,0.002047860775327659
2024-07-18 13:00:00+00:00,9.195074e-05,0.0003926261269953102,-2.8589110519652844e-05,-0.0006223450182005763,-9.563564346335034e-06
2024-07-18 14:00:00+00:00,-0.00022137721,0.0003986537631135434,-0.00025449624612442097,-0.0006007486954331398,-0.0003752780292658965
2024-07-18 15:00:00+00:00,0.0012254737,0.00040567980613559484,0.00012410605934417255,-0.0005796426557935774,0.000981598606038056
2024-07-18 16:00:00+00:00,0.004280757,0.00041446389514021575,0.0006383703839977288,-0.0005589367938227952,0.0038721151908453727
2024-07-18 17:00:00+00:00,0.005118903,0.0004213376669213176,0.0019460020125291683,-0.0005328998086042702,0.004648754607640344
2024-07-18 18:00:00+00:00,0.0045125852,0.0004291360382921994,0.0029497331502650014,-0.000513289647642523,0.00421101646306465
2024-07-19 10:00:00+00:00,-0.00044295896,0.00043701985850930214,0.001426483653849146,-0.0004904384259134531,-0.00022237832543733132
2024-07-19 11:00:00+00:00,-0.0005304666,0.0004448830150067806,-0.00046200396693184384,-0.0004700503486674279,-0.0002899425145962205
2024-07-19 12:00:00+00:00,0.0062336368,0.00045419897651299834,0.0018862989992880041,-0.0004507333505898714,0.006024746078506386
2024-07-19 13:00:00+00:00,0.0067951786,0.00046678425860591233,0.0038658350459055447,-0.00042928970651701093,0.006577153147494046
2024-07-19 14:00:00+00:00,-0.0011641735,0.00047874596202746034,0.0013023907439135343,-0.0004098183417227119,-0.0008543228047696866
2024-07-19 15:00:00+00:00,0.00048440773,0.0004914571181870997,0.0009940067870054053,-0.0003891918167937547,0.0005941700718138657
2024-07-19 16:00:00+00:00,-0.0018326942,0.0005020478856749833,9.419615050383713e-05,-0.00037040418828837574,-0.0014929571273692406
2024-07-19 17:00:00+00:00,0.00055813213,0.0004978796350769699,-0.0004215544129192268,-0.0003451353113632649,0.0006251316348287495
2024-07-19 18:00:00+00:00,-0.0008772047,0.0005026198923587799,-0.00040984949846467925,-0.00032614145311526954,-0.0006984476025524779
2024-07-22 10:00:00+00:00,0.0075638015,0.0005048421444371343,0.0027904631677353985,-0.00030586819048039615,0.007134086872970279
2024-07-22 11:00:00+00:00,0.0013550338,0.0005075242952443659,0.0018110154522551717,-0.0002916652010753751,0.0013935707510782205
2024-07-22 12:00:00+00:00,-0.00342244,0.000508459925185889,-0.000395394309166584,-0.0002788761048577726,-0.003154071337490743
2024-07-22 13:00:00+00:00,-0.00014216732,0.0005082217394374311,-0.0007086918336677259,-0.0002671399270184338,-0.00015744818634227175
2024-07-22 14:00:00+00:00,0.0022722553,0.0005065205623395741,-0.0002622384325892353,-0.0002612024254631251,0.0021289649054899284
2024-07-22 15:00:00+00:00,-0.0019978576,0.0005046169389970601,-0.000731692191579917,-0.000252125202678144,-0.00188974598136481
2024-07-22 16:00:00+00:00,-0.002197294,0.0005018655210733414,-0.0003142710219916524,-0.000241344518144615,-0.002113679664416766
2024-07-22 17:00:00+00:00,0.0019989416,0.0004955488839186728,-0.00031618769868364035,-0.0002281678025610745,0.0019161726946224484
2024-07-22 18:00:00+00:00,-2.6449954e-05,0.0004907610127702355,-0.0004962599141949337,-0.0002157558046746999,-5.6126609522154684e-05
2024-07-23 10:00:00+00:00,-0.0005688433,0.00048476149095222354,7.386112430086814e-05,-0.00020196870900690556,-0.0006199642358269348
2024-07-23 11:00:00+00:00,-0.0015560496,0.0004790390667039901,0.000361812594439093,-0.0001903450902318582,-0.0014544756187334618
2024-07-23 12:00:00+00:00,-0.0034119077,0.0004744191828649491,-0.0015317718893701597,-0.00017781656060833484,-0.0032268030397441744
2024-07-23 13:00:00+00:00,0.0027059214,0.0004683976003434509,0.0008209477601579279,-0.00016317512199748307,0.0024693915985087586
2024-07-23 14:00:00+00:00,-0.0016293161,0.0004636599333025515,-0.000575972833851749,-0.000145587939186953,-0.0015228064478982472
2024-07-23 15:00:00+00:00,0.00065735524,0.0004612658522091806,-0.0004232191151377267,-0.0001425214868504554,0.0005684892174064865
2024-07-23 16:00:00+00:00,-4.3146436e-05,0.00045868419692851603,0.00014418318305531067,-0.00014079546963330358,-7.405493377832724e-05
2024-07-23 17:00:00+00:00,0.004896834,0.00045244317152537405,0.002432974704503186,-0.00013168813893571496,0.004536020775317778
2024-07-23 18:00:00+00:00,9.577706e-05,0.00044979783706367016,0.0011377664770377003,-0.000117258976388257,2.048877108754747e-05
2024-07-24 10:00:00+00:00,0.002697802,0.00044802084448747337,0.0021992686294375658,-0.0001094535764423199,0.0024604077381569474
2024-07-24 11:00:00+00:00,0.0017177837,0.00044718512799590826,0.0025749428360054586,-9.967707592295483e-05,0.0016161853683443587
2024-07-24 12:00:00+00:00,-0.00032884892,0.0004470981366466731,0.0011372473714408736,-9.165534720523283e-05,-0.00034065885772703835
2024-07-24 13:00:00+00:00,-0.0007468887,0.0004467662947718054,3.7171724990680134e-06,-8.189208165276796e-05,-0.0007189388716381145
2024-07-24 14:00:00+00:00,0.002304675,0.0004473924054764211,0.0021451903299798203,-7.606114377267659e-05,0.0021297031582699195
2024-07-24 15:00:00+00:00,-0.00031202016,0.0004471105639822781,0.0004889766205122124,-6.449495413107798e-05,-0.00029342643098260627
2024-07-24 16:00:00+00:00,0.002201766,0.00044645718298852444,0.0012956819002507463,-5.049707033322193e-05,0.00213247254862825
2024-07-24 17:00:00+00:00,0.00059308973,0.000442609132733196,0.0015747290443354196,-3.141726483590901e-05,0.0005823125498188255
2024-07-24 18:00:00+00:00,-0.00031452312,0.000438137591117993,0.00036498073492713655,-1.2874779713456519e-05,-0.0002899279651072234
2024-07-25 10:00:00+00:00,-0.0056520347,0.0004333668912295252,-0.0012505237422191693,9.779857464309316e-06,-0.005369051622041581
2024-07-25 11:00:00+00:00,-0.0045215692,0.0004286940093152225,-0.0026831355590774975,2.3856604457250796e-05,-0.004213833821427668
2024-07-25 12:00:00+00:00,0.0020932306,0.00042207352817058563,0.0008925236041595811,4.0420116420136765e-05,0.0019285633343389987
2024-07-25 13:00:00+00:00,0.003732455,0.00041546925785951316,0.0012300084002349445,5.249651803751476e-05,0.0034404505108439946
2024-07-25 14:00:00+00:00,-0.0021909638,0.00040763075230643153,0.000454255845088983,6.399981066351756e-05,-0.0021312281067517543
2024-07-25 15:00:00+00:00,-0.0006268724,0.00040109967812895775,-0.0005330862531370154,8.62714005052112e-05,-0.0006860614896867996
2024-07-25 16:00:00+00:00,0.0013027943,0.0003916740242857486,0.0008657488714186004,9.85750084510073e-05,0.0012187833966709736
2024-07-25 17:00:00+00:00,0.0025742073,0.00038337893784046173,0.001097867327501244,0.00010232256317976862,0.002334676923228088
2024-07-25 18:00:00+00:00,-0.0001216483,0.00037531432462856174,0.0008123862078804514,0.00010838761227205396,-0.00015376939633847408
2024-07-26 10:00:00+00:00,0.0014489542,0.0003680144145619124,0.001091398750443316,0.00011019015073543414,0.0013114285495317232
2024-07-26 11:00:00+00:00,0.0009877646,0.0003616444591898471,0.0010899911259470482,0.00010952840966638178,0.0009543874969525825
2024-07-26 12:00:00+00:00,0.0028364446,0.00035722384927794337,0.002575347070100528,0.0001089403813239187,0.0027192010465720393
2024-07-26 13:00:00+00:00,-0.01157634,0.0003551365516614169,-0.0027889647081890405,0.00010980371735058725,-0.010831470963533783
2024-07-26 14:00:00+00:00,-0.009244321,0.0003525705251377076,-0.005160652603535473,0.00010967694834107533,-0.00862599033356055
2024-07-26 15:00:00+00:00,-0.00028389876,0.00035069629666395485,-0.0013672798060887221,0.00010780088632600382,-0.0004441514062957163
2024-07-26 16:00:00+00:00,0.004220105,0.0003475791309028864,0.001441234754875574,0.00010205501166637987,0.003863512765522455
2024-07-26 17:00:00+00:00,-0.00025949226,0.00034004589542746544,0.0012286063410789515,9.518228034721687e-05,-0.0002602904742889338
2024-07-26 18:00:00+00:00,-0.004084217,0.00033464134321548045,-0.0006784797010494138,9.269329893868417e-05,-0.0039015025523560782
2024-07-29 10:00:00+00:00,-0.013697416,0.0003299720701761544,-0.004115363592051126,9.079626033781096e-05,-0.012911201259446043
2024-07-29 11:00:00+00:00,-0.0062480774,0.0003231475711800158,-0.003759268361055846,8.712613634997979e-05,-0.006001278814542
2024-07-29 12:00:00+00:00,-0.0016509197,0.00031592469895258546,-0.003064208366858194,8.266059012385085e-05,-0.001857193245540974
2024-07-29 13:00:00+00:00,-0.0013015075,0.00030770470038987696,-0.0021141744139060712,7.724372699158266e-05,-0.0014840740041953228
2024-07-29 14:00:00+00:00,0.004573405,0.0002995045797433704,-8.658898866886072e-05,7.26566941011697e-05,0.0038861877494330726
2024-07-29 15:00:00+00:00,0.0010542676,0.0002918296668212861,0.0002501487047972737,6.840180139988661e-05,0.0007100356841958244
2024-07-29 16:00:00+00:00,0.0011482267,0.00028424241463653743,0.00018235200419899466,6.382702849805355e-05,0.0008296261970098272
2024-07-29 17:00:00+00:00,-0.008048299,0.00027516722911968827,-0.0030464970205589773,5.66609414818231e-05,-0.007519920910621894
2024-07-29 18:00:00+00:00,-0.00507833,0.0002661790349520743,-0.001759516800993787,5.106744356453419e-05,-0.004908671810931947
2024-07-30 10:00:00+00:00,0.0060669747,0.00025667957379482687,-5.03686867330249e-06,4.809856181964278e-05,0.005250060971357507
2024-07-30 11:00:00+00:00,-0.0015501094,0.0002483924326952547,4.3514356732736684e-05,4.4518190406961367e-05,-0.0015710886432986607
2024-07-30 12:00:00+00:00,0.004309033,0.00024356580979656428,0.0006554696593079703,3.958630622946657e-05,0.003773448600751381
2024-07-30 13:00:00+00:00,0.0022377355,0.00024025730090215802,0.0012686923200288002,3.497848229017109e-05,0.0020705984794510005
2024-07-30 14:00:00+00:00,0.0018049289,0.00023896098718978465,0.0005143474734109907,2.9200667995610274e-05,0.0016014390225210073
2024-07-30 15:00:00+00:00,0.001357497,0.00023969780886545777,0.0013785421945706788,2.480610419297591e-05,0.001210183127245444
2024-07-30 16:00:00+00:00,-0.0005529576,0.00024102475435938686,0.0012009842613121668,1.9175717170583084e-05,-0.000589657129220492
2024-07-30 17:00:00+00:00,0.0004986931,0.0002410411834716797,0.0014026176589667422,1.8151460608351044e-05,0.00039236162142692097
2024-07-30 18:00:00+00:00,-0.0012421055,0.0002431466564303264,-0.0002601814728260849,1.6552732631680556e-05,-0.0011215302413207057
2024-07-31 10:00:00+00:00,0.00045833326,0.0002460280084051192,0.0005216367201900479,1.2855627574026585e-05,0.0005509812616570631
2024-07-31 11:00:00+00:00,0.002752367,0.0002490956103429198,0.0013938546964413366,8.697396879142616e-06,0.0025322154347625
2024-07-31 12:00:00+00:00,-0.007945504,0.0002522956929169595,-0.0009697523916302323,5.544130090129329e-06,-0.007178357739296639
2024-07-31 13:00:00+00:00,0.0006139636,0.00025451419060118496,-0.0008836958105301388,1.1729174786978547e-07,0.0005382847424980626
2024-07-31 14:00:00+00:00,0.0047794166,0.0002559420245233923,0.0010960872565573842,-6.398983259714441e-06,0.004278611961275599
2024-07-31 15:00:00+00:00,0.00093958667,0.00025778423878364265,0.00047553641253144724,-1.1222020475543104e-05,0.0008369964460691205
2024-07-31 16:00:00+00:00,0.0022419407,0.0002587786002550274,-4.619977604094396e-05,-1.695577520877123e-05,0.002040295429262843
2024-07-31 17:00:00+00:00,-0.0029982897,0.0002589954237919301,-0.001230362292679031,-2.0840590877924114e-05,-0.002707704950844571
2024-07-31 18:00:00+00:00,-0.0015551944,0.0002590501098893583,-0.0014257191988409305,-2.416103598079644e-05,-0.0014161219398434765
2024-08-01 10:00:00+00:00,0.007229098,0.0002581155567895621,0.002847157809958602,-2.6775287551572546e-05,0.006584754623164596
2024-08-01 11:00:00+00:00,-0.0030985565,0.0002582348824944347,-0.00042262769471227346,-2.5805977202253416e-05,-0.0028403141279534686
2024-08-01 12:00:00+00:00,-0.00038249398,0.00025731039931997657,-0.0010240760708721298,-2.4890694476198405e-05,-0.0003764285031218933
2024-08-01 13:00:00+00:00,0.000264038,0.00025584001559764147,-0.0004250861961620238,-2.4223605578299612e-05,0.0003314471001602876
2024-08-01 14:00:00+00:00,-0.002029467,0.0002545651514083147,-0.0008399936940413086,-2.3848057026043534e-05,-0.0018414907694966859
2024-08-01 15:00:00+00:00,-0.0010247675,0.0002522012509871274,-0.0005868074587192327,-1.9827413780149072e-05,-0.0009063613997300391
2024-08-01 16:00:00+00:00,0.001865514,0.00025024384376592934,-1.9658312980081475e-05,-1.9286770111648366e-05,0.0017141731446300337
2024-08-01 17:00:00+00:00,-0.0025549384,0.00024668616242706776,-0.0005179467061644951,-1.6963076632237062e-05,-0.0023847426761814173
2024-08-01 18:00:00+00:00,-0.002646638,0.0002429955784464255,-0.0016608992342700298,-1.5745306882308796e-05,-0.0024816792617438866
2024-08-02 10:00:00+00:00,-0.003712998,0.00023924802371766418,-0.0011998816948393736,-1.2747685104841366e-05,-0.003425951436199863
2024-08-02 11:00:00+00:00,-0.0040151477,0.00023562561545986682,-0.0020118232958594175,-1.249942579306662e-05,-0.0036868519012048053
2024-08-02 12:00:00+00:00,-0.0014359329,0.00023050419986248016,-0.001453148014635738,-1.1661442840704694e-05,-0.0013554161329619363
2024-08-02 13:00:00+00:00,-0.00028193227,0.00022543557861354202,-0.0020299294175001414,-1.2673968740273267e-05,-0.0003885400573594477
2024-08-02 14:00:00+00:00,-0.003917446,0.00022050153347663581,-0.0017571197171793091,-1.3910248526372015e-05,-0.003690424298770036
2024-08-02 15:00:00+00:00,-0.0014233107,0.00021565613860730082,-0.002068228051290658,-1.630889528314583e-05,-0.001503440496000505
2024-08-02 16:00:00+00:00,0.0029790334,0.0002108776825480163,0.0005257632710120132,-1.783286643330939e-05,0.0025022723693071155
2024-08-02 17:00:00+00:00,0.0022241664,0.00020699795277323574,0.0010884885589450219,-1.9816463463939726e-05,0.0018760206276469571
2024-08-02 18:00:00+00:00,-0.0029931015,0.00020517144002951682,0.00010761579092952564,-2.250938632641919e-05,-0.0027812691840732166
2024-08-05 10:00:00+00:00,-0.017404815,0.00020434478938113898,-0.004533446923504562,-2.1489104256033897e-05,-0.01585558740200117
2024-08-05 11:00:00+00:00,-0.004467701,0.00020209762442391366,-0.004634167960351817,-2.0075280190212652e-05,-0.00430100310664273
2024-08-05 12:00:00+00:00,-0.0006807004,0.0002003454719670117,-0.003222193990907298,-2.0101611880818382e-05,-0.0010399866224547441
2024-08-05 13:00:00+00:00,0.00093804667,0.00019871466793119907,-0.002051358860661198,-2.2769312636228278e-05,0.0004174280489869134
2024-08-05 14:00:00+00:00,-0.0038990122,0.00019856287690345198,-0.0025226794091433337,-2.557022889959626e-05,-0.003816146820884282
2024-08-05 15:00:00+00:00,-0.005112179,0.00019859519670717418,-0.003985871938168889,-2.8526337700895965e-05,-0.004840496320318188
2024-08-05 16:00:00+00:00,0.0006577813,0.0001989503507502377,-0.003614674949595667,-3.393981387489475e-05,0.00025227378361863733
2024-08-05 17:00:00+00:00,0.005469463,0.00019894989964086562,0.00018648560197359794,-3.960024696425535e-05,0.004450199055805447
2024-08-05 18:00:00+00:00,-4.2421114e-05,0.00019840938330162317,-8.957892368324663e-05,-4.597854058374651e-05,-0.0003192274871231769
2024-08-06 10:00:00+00:00,0.011752272,0.0001990790042327717,0.0026563494511455256,-5.8810659538721666e-05,0.010214070523592998
2024-08-06 11:00:00+00:00,-0.007948604,0.00020080151443835348,-0.0005030072122862048,-7.039406045805663e-05,-0.007041638606269186
2024-08-06 12:00:00+00:00,0.00038027635,0.00020529904577415437,-0.0011897577596726864,-7.821172766853124e-05,0.000332469365395176
2024-08-06 13:00:00+00:00,0.0022118886,0.00020554385264404118,0.00017588873142793435,-7.596096838824451e-05,0.0019925183726085247
2024-08-06 14:00:00+00:00,-0.0034624147,0.00021385021682363003,0.00014713166206138575,-7.711382204433903e-05,-0.003016037579229107
2024-08-06 15:00:00+00:00,-0.0052693547,0.00022325728787109256,-0.0017552266908486313,-8.02339127403684e-05,-0.0046910128085971186
2024-08-06 16:00:00+00:00,0.0003684494,0.00023518763191532344,-0.0012006139650080397,-8.722754137124866e-05,0.00027194737430649176
2024-08-06 17:00:00+00:00,0.002476422,0.00023860206420067698,0.0005618940303398572,-8.437578071607277e-05,0.0021900510904611136
2024-08-06 18:00:00+00:00,0.00020844705,0.00024497948470525444,-1.2276000667823343e-05,-7.78312241891399e-05,0.00017418031698449466
2024-08-07 10:00:00+00:00,0.00034613808,0.0002506185555830598,0.0006492306230899355,-6.984077481320128e-05,0.0004213928402511875
2024-08-07 11:00:00+00:00,-0.0059824106,0.0002565871982369572,-0.002729380188503811,-5.7825574913294986e-05,-0.00537125328645997
2024-08-07 12:00:00+00:00,0.004720902,0.0002611085365060717,0.0012208197664801284,-5.0442973588360474e-05,0.0040537947534636624
2024-08-07 13:00:00+00:00,-0.0037728073,0.00026665072073228657,-0.000716844089397911,-4.4774653360946104e-05,-0.003300177964613594
2024-08-07 14:00:00+00:00,0.0042217616,0.0002726524253375828,0.0002617861161930944,-3.774693686864339e-05,0.003610494222346756
2024-08-07 15:00:00+00:00,0.005512394,0.0002768483245745301,0.0009087724146222391,-2.8040049073752016e-05,0.004923846073321383
2024-08-07 16:00:00+00:00,0.00039358597,0.00027954333927482367,0.0019814179973795475,-1.2411957868607715e-05,0.00035144420555743855
2024-08-07 17:00:00+00:00,0.0066603883,0.0002769005368463695,0.004144129034969348,3.7350753245846136e-06,0.006046446369253654
2024-08-07 18:00:00+00:00,0.0033901585,0.00027816183865070343,0.003053308133803216,1.816664735088125e-05,0.003181080356370177
2024-08-08 10:00:00+00:00,0.0005355199,0.0002793347230181098,0.0027384915893047448,3.5717330320039764e-05,0.0006178586720282028
2024-08-08 11:00:00+00:00,0.0014659958,0.00027955728000961244,0.0017413436220022672,5.0834241847041994e-05,0.001478594062836973
2024-08-08 12:00:00+00:00,-0.0024433616,0.0002792488085106015,5.326991911844887e-05,6.242995732463896e-05,-0.0019655436501942077
2024-08-08 13:00:00+00:00,-0.0034999077,0.0002786126860883087,-0.0017158830760035978,7.346710481215268e-05,-0.002920041150618079
2024-08-08 14:00:00+00:00,0.0011970637,0.00027707117260433733,-0.0005172651646665602,8.429177978541702e-05,0.0012069522807341612
2024-08-08 15:00:00+00:00,-0.0018922274,0.0002751006104517728,-0.0005285707777985245,9.600064367987216e-05,-0.0015734502852923285
2024-08-08 16:00:00+00:00,-0.0024561526,0.00027364722336642444,-0.000933968141674529,0.00010493589797988534,-0.002210312491308454
2024-08-08 17:00:00+00:00,0.0017045528,0.0002721003256738186,-0.0007465153062103216,0.00011478688975330442,0.0014783444455332855
2024-08-08 18:00:00+00:00,-0.0024439788,0.00027139889425598085,-0.00028971097480664604,0.00012158433673903346,-0.002284488941473415
2024-08-09 10:00:00+00:00,0.0040583475,0.0002719555632211268,0.00026892996163989716,0.00012067524949088693,0.003526274483818487
2024-08-09 11:00:00+00:00,-0.0019326581,0.0002734603767748922,-0.0002252797984861779,0.00012306621647439897,-0.0017386204263176116
2024-08-09 12:00:00+00:00,-0.0029112713,0.00027475543902255595,-0.00015701873672203226,0.000128077736007981,-0.002704480868798729
2024-08-09 13:00:00+00:00,-5.2627976e-05,0.00027567415963858366,-0.00012906561954340642,0.00013237909297458827,-0.000133333493198554
2024-08-09 14:00:00+00:00,0.00052615517,0.0002773073792923242,0.0005975725277402486,0.00013522675726562738,0.0003690887635201786
2024-08-09 15:00:00+00:00,0.00093236833,0.0002788980782497674,0.0005009954744662826,0.0001356257707811892,0.0007494414288779449
2024-08-09 16:00:00+00:00,-0.0032460098,0.00028121101786382496,-0.0004222140729889667,0.00013533794844988734,-0.002910102495074778
2024-08-09 17:00:00+00:00,0.000593842,0.00028243669657967985,0.0004286229273389655,0.00014087193994782865,0.0004527727025413932
2024-08-09 18:00:00+00:00,0.0005513599,0.00028637918876484036,0.0012275450188003502,0.00014148700574878603,0.0003966347297318213
2024-08-12 10:00:00+00:00,-0.006035825,0.0002908837341237813,-0.0021855894026999037,0.0001416459126630798,-0.0054173322468557775
2024-08-12 11:00:00+00:00,-0.0041943626,0.0002950298658106476,-0.002458693642514811,0.0001416061568306759,-0.003835759389927593
2024-08-12 12:00:00+00:00,0.0020338965,0.0002988121996168047,0.00036081840767819453,0.00014145755267236382,0.0016232568610048401
2024-08-12 13:00:00+00:00,0.0029407628,0.0003037057176697999,0.001846557530200375,0.0001417432213202119,0.002515052261138756
2024-08-12 14:00:00+00:00,0.0028652758,0.00031086013768799603,0.0013608515357775215,0.0001432928693247959,0.002460428233707428
2024-08-12 15:00:00+00:00,0.00407756,0.0003187114780303091,0.0011766130544333686,0.0001439024053979665,0.003598481185504715
2024-08-12 16:00:00+00:00,-0.002941478,0.0003277612559031695,0.0003672821482052297,0.000143352837767452,-0.002633899207839552
2024-08-12 17:00:00+00:00,0.0018964543,0.000336195167619735,0.0005722749557638057,0.0001431839627912268,0.0016478916796322008
2024-08-12 18:00:00+00:00,-0.001878878,0.0003461276937741786,-0.000345818559990556,0.0001422103523509577,-0.0017156569685523738
2024-08-13 10:00:00+00:00,0.008798449,0.0003557299205567688,0.002505184149592727,0.00014305315562523901,0.007804986427643006
2024-08-13 11:00:00+00:00,0.0014728287,0.0003676049236673862,0.002270029285202947,0.0001396790612488985,0.0013287064800430392
2024-08-13 12:00:00+00:00,0.003296418,0.00037825797335244715,0.0031851860669954556,0.0001358083973173052,0.003132302019504916
2024-08-13 13:00:00+00:00,-0.0005029649,0.00039023731369525194,0.0012054688764376801,0.00012702167441602796,-0.00033661555776728344
2024-08-13 14:00:00+00:00,-0.00050668936,0.0004005575901828706,0.0006207320047883237,0.00011589399218792096,-0.00037175529249286964
2024-08-13 15:00:00+00:00,0.0015539587,0.0004089013091288507,0.001386885416877819,0.00010690359340514988,0.0014811919972282823
2024-08-13 16:00:00+00:00,0.0024232366,0.00041661891737021506,0.002806199650528173,9.555151336826384e-05,0.0022154051987163465
2024-08-13 17:00:00+00:00,-0.0013874499,0.000416552706155926,0.0003416060759200459,0.00010064842354040593,-0.0010825431656242353
2024-08-13 18:00:00+00:00,-0.0012437662,0.0004190515319351107,-0.000833147411078485,0.00011161120346514508,-0.001063887293569297
2024-08-14 10:00:00+00:00,0.0048416196,0.0004191058105789125,0.0020888111131289197,0.00013000730541534722,0.004537455170840196
2024-08-14 11:00:00+00:00,0.0025462622,0.0004192320629954338,0.0019095397300510912,0.00014499908138532192,0.0023213808158252733
2024-08-14 12:00:00+00:00,-0.0010707764,0.0004189385799691081,0.0004311621457625805,0.0001591695472598076,-0.0009546401791607702
2024-08-14 13:00:00+00:00,-0.004412244,0.0004160466487519443,-0.0010546791165404238,0.00017864431720227003,-0.003982612191169356
2024-08-14 14:00:00+00:00,-2.4220908e-05,0.0004107979475520551,-0.0007644617321068785,0.0002025091671384871,-7.397772167920937e-05
2024-08-14 15:00:00+00:00,-9.6889504e-05,0.00040788869955576956,-0.000654713763634235,0.0002279480977449566,-0.00010201470897519271
2024-08-14 16:00:00+00:00,-0.0005053617,0.000406326144002378,-0.00020631174834007728,0.0002539778652135283,-0.0005397477880830998
2024-08-14 17:00:00+00:00,-0.0029889273,0.000402444857172668,-0.001392540601617487,0.00027916955878026783,-0.002705614209196133
2024-08-14 18:00:00+00:00,-0.0029769896,0.0004002871864940971,-0.0013017960070709274,0.00028617505449801683,-0.0027689961822198943
2024-08-15 10:00:00+00:00,-0.006625619,0.0003995685838162899,-0.004047210473562109,0.00029253680258989334,-0.0060418896182903815
2024-08-15 11:00:00+00:00,-0.002137514,0.0004000292101409286,-0.0019491661805616264,0.00029585015727207065,-0.002123385127968495
2024-08-15 12:00:00+00:00,0.005431349,0.0003992398560512811,0.0008836603110742424,0.0002970031928271055,0.004648964734851821
2024-08-15 13:00:00+00:00,-0.0027645498,0.00039741932414472103,-0.0001677691982786955,0.0002967003092635423,-0.002528746694196902
2024-08-15 14:00:00+00:00,-0.0014097104,0.00039655130240134895,-0.0009510996925051092,0.0002942501159850508,-0.0013885261266068272
2024-08-15 15:00:00+00:00,-0.0029098596,0.00039700447814539075,-0.0022371597394947947,0.0002902694104705006,-0.0027417295404392784
2024-08-15 16:00:00+00:00,0.0007634273,0.00039921142160892487,-0.0019703017456103237,0.000282345776213333,0.0004765354327029392
2024-08-15 17:00:00+00:00,-0.0016824236,0.00040193242602981627,-0.0018415434506670872,0.00027441620477475226,-0.001640450016390676
2024-08-15 18:00:00+00:00,-0.00022547676,0.0004034960875287652,-0.001957912868943868,0.0002699910837691277,-0.0004253867727214722
2024-08-16 10:00:00+00:00,-0.0008777295,0.00040731194894760847,-0.0035908951098260365,0.00026333628920838237,-0.0009553745279432411
2024-08-16 11:00:00+00:00,-0.0011856286,0.0004112732131034136,-0.0019869845287267774,0.00025685926084406674,-0.0011994439845481237
2024-08-16 12:00:00+00:00,-0.00011299036,0.0004145471903029829,-0.00201636817821739,0.0002511499624233693,-0.00016821656869029543
2024-08-16 13:00:00+00:00,-0.0008195621,0.0004161547985859215,-0.0012708526754413487,0.00024522445164620876,-0.0009616841400230634
2024-08-16 14:00:00+00:00,-0.000120164696,0.00041789698298089206,-0.0004727654856193504,0.00023763341596350074,-0.0002691208136865179
2024-08-16 15:00:00+00:00,0.0018432925,0.0004188583989161998,0.0007384809352957226,0.00023128354223445058,0.0014290570284824118
2024-08-16 16:00:00+00:00,0.0021250998,0.0004215355438645929,0.0013226394490208117,0.00022374065883923322,0.001775926952692688
2024-08-16 17:00:00+00:00,-0.0018252681,0.0004232178907841444,-1.0841421957005578e-05,0.00021585123613476753,-0.0016813430912789688
2024-08-16 18:00:00+00:00,-0.0025249193,0.000425253325374797,-0.0014256225542925466,0.00020663898612838238,-0.0022682637707317176
2024-08-19 10:00:00+00:00,-0.0067300424,0.0004271461220923811,-0.0026231901664155637,0.0001938601053552702,-0.0060653487205410365
2024-08-19 11:00:00+00:00,0.0011846762,0.00042872861376963556,-0.0007732675288462527,0.00017835682956501842,0.0009526356305192447
2024-08-19 12:00:00+00:00,-0.0050579957,0.00043137214379385114,-0.003766738378012606,0.00016038189642131329,-0.004550071141450237
2024-08-19 13:00:00+00:00,-0.0012157317,0.0004339810984674841,-0.0027526318041621784,0.00013672914064954966,-0.0012882863737167767
2024-08-19 14:00:00+00:00,-0.0029130357,0.0004363056505098939,-0.002021937326250646,0.00010719650163082406,-0.002668617181639051
2024-08-19 15:00:00+00:00,-0.0019647253,0.0004387640510685742,-0.002312933941126027,6.903415487613529e-05,-0.001900940386984901
2024-08-19 16:00:00+00:00,0.004333779,0.00044274161336943507,0.0006392483852046939,3.9212907722685486e-05,0.0035206988902072326
2024-08-19 17:00:00+00:00,-0.0003293961,0.00044502021046355367,0.00010918608853449063,-2.786999402815127e-06,-0.0004871957790931421
2024-08-19 18:00:00+00:00,-0.0060666436,0.0004476935137063265,-0.002290282623277762,-4.145225102547556e-05,-0.005456788757620504
2024-08-20 10:00:00+00:00,-0.0037792353,0.00045050596236251295,-0.0036993127282763843,-8.528128819307312e-05,-0.0035306159055070565
2024-08-20 11:00:00+00:00,0.0016224531,0.00045270053669810295,-0.0006373945047414958,-0.00010647295857779682,0.0010617316472300038
2024-08-20 12:00:00+00:00,0.005394032,0.0004565623530652374,0.0028815761641326565,-0.0001232162321684882,0.004520739712994122
2024-08-20 13:00:00+00:00,0.0029726229,0.00046006322372704744,0.0014151800960729207,-0.000136578906676732,0.0025241247720623632
2024-08-20 14:00:00+00:00,-0.0002828971,0.0004617443191818893,0.0012069196494863433,-0.00014775017916690558,-0.00018834202609702033
2024-08-20 15:00:00+00:00,-0.0035951,0.00046349517651833594,-0.0003520639767858202,-0.00014723978529218584,-0.003112572208578277
2024-08-20 16:00:00+00:00,0.0036667269,0.0004659200203604996,0.0011001409247190677,-0.0001433218567399308,0.003148937637285231
2024-08-20 17:00:00+00:00,-0.004947146,0.0004641376144718379,-0.00011716689479477735,-0.0001448321418138221,-0.004348451154905768
2024-08-20 18:00:00+00:00,-0.0036560476,0.0004625036963261664,-0.00016558973031351317,-0.00014663298497907817,-0.003241434322390321
2024-08-21 10:00:00+00:00,0.0014330037,0.00046178317279554904,9.131031889210184e-05,-0.00014661147724837065,0.001264108974225282
2024-08-21 11:00:00+00:00,-0.00477623,0.0004596649669110775,-0.0025413006972683167,-0.00014205298793967813,-0.004119669888979558
2024-08-21 12:00:00+00:00,-0.0021115502,0.00045910439803265035,-0.004344011345390764,-0.00013929378474131227,-0.0018958884743843622
2024-08-21 13:00:00+00:00,0.00055916025,0.0004596239887177944,-0.0018423543651564266,-0.00013275783567223698,0.00018914037066339702
2024-08-21 14:00:00+00:00,0.0018748974,0.0004577871586661786,0.001044290268313419,-0.0001283469027839601,0.001376383706389717
2024-08-21 15:00:00+00:00,0.0002535846,0.00045807191054336727,0.0003521701126690938,-0.00012053269165335223,6.424548605577106e-05
2024-08-21 16:00:00+00:00,0.00523481,0.0004582492110785097,0.00103003704019536,-0.00011354088928783312,0.004374548146033772
2024-08-21 17:00:00+00:00,-0.00060553197,0.000458044494735077,0.000642403194447098,-0.00010001130431191996,-0.0006086756710614199
2024-08-21 18:00:00+00:00,-0.00196329,0.00045870334724895656,-0.0005780114963462144,-9.811882773647085e-05,-0.0018232832340014033
2024-08-22 10:00:00+00:00,0.0016062869,0.0004593786725308746,0.0008190423663617938,-9.89622130873613e-05,0.0013534840522289044
2024-08-22 11:00:00+00:00,0.0031437338,0.00046031191595830023,0.0017632798833757072,-9.209046402247623e-05,0.002640840705015637
2024-08-22 12:00:00+00:00,-0.0008848635,0.000464291253592819,-0.0001481719312582964,-8.991824870463461e-05,-0.0007726099787649092
2024-08-22 13:00:00+00:00,-0.0022336235,0.0004682568833231926,-0.00027971470642212156,-8.634289406472817e-05,-0.0019562800109279516
2024-08-22 14:00:00+00:00,-0.0051853494,0.0004714141832664609,-0.0018453739872350832,-8.334631274919957e-05,-0.004476480330293161
2024-08-22 15:00:00+00:00,-0.0030536149,0.0004754870315082371,-0.004219417801889264,-8.479467942379415e-05,-0.0026827807446463217
2024-08-22 16:00:00+00:00,-0.002862368,0.0004795988788828254,-0.002901650769476982,-8.704967331141233e-05,-0.002645279069794935
2024-08-22 17:00:00+00:00,0.00030993903,0.00048164406325668097,-0.002118329076186504,-9.153893915936351e-05,7.726334979438109e-06
2024-08-22 18:00:00+00:00,-0.0062721353,0.0004855445004068315,-0.005229905984913337,-9.28418303374201e-05,-0.005616051675702468
2024-08-23 10:00:00+00:00,-0.0103811305,0.0004900229978375137,-0.003962819271569115,-9.661766671342775e-05,-0.009180140926621566
2024-08-23 11:00:00+00:00,0.0015890393,0.0004943676758557558,-0.0027974686103420503,-9.789109753910452e-05,0.0008798729551919126
2024-08-23 12:00:00+00:00,0.0034877614,0.0004991829628124833,0.0008360337601771782,-0.0001015901580103673,0.0025964323151969433
2024-08-23 13:00:00+00:00,-0.0038986693,0.0005027310107834637,0.0002259462099868187,-0.00010328515054425225,-0.003639132355014365
2024-08-23 14:00:00+00:00,-0.0045200083,0.0005066909943707287,-0.004472653703282446,-0.00011028360313503072,-0.004240707818508973
2024-08-23 15:00:00+00:00,0.0012563703,0.0005095700034871697,-0.0023615634942235207,-0.00011563281441340223,0.0005293892957799918
2024-08-23 16:00:00+00:00,-0.00082129426,0.000510295620188117,-0.0010987480096242624,-0.00011976634414168075,-0.001069806109923891
2024-08-23 17:00:00+00:00,-0.009079037,0.0005102113937027752,-0.004689866299789401,-0.00011892556358361617,-0.008055688892641667
2024-08-23 18:00:00+00:00,-0.0011223872,0.0005107913166284561,-0.0029749688927712373,-0.00012037170381518081,-0.0014894802083567679
2024-08-26 10:00:00+00:00,0.03062881,0.000508112192619592,0.004973838134210961,-0.00011504362191772088,0.025834280446134623
2024-08-26 11:00:00+00:00,0.0014778095,0.0005066735320724547,0.004145213794958026,-0.00011150971840834245,0.0014904712312101302
2024-08-26 12:00:00+00:00,0.001468365,0.0005047913873568177,0.002085403125560348,-0.00010878322791540995,0.0014020714173640966
2024-08-26 13:00:00+00:00,0.0049163825,0.0005025463178753853,0.0033982558367211353,-0.00010581219248706475,0.004524980004604302
2024-08-26 14:00:00+00:00,0.0031032953,0.0004996116040274501,0.0025856405978856045,-0.00010350127558922395,0.0029548408978213292
2024-08-26 15:00:00+00:00,0.00097590673,0.0004976243944838643,0.0018030871790930883,-0.0001033614098560065,0.0012577649661354706
2024-08-26 16:00:00+00:00,-0.0002627889,0.0004948967252857983,0.001915749575223379,-0.00010080581705551594,0.0003094318046507021
2024-08-26 17:00:00+00:00,-0.0024620476,0.0004935947945341468,-0.0004262825672958035,-9.684096585260704e-05,-0.001727925854598756
2024-08-26 18:00:00+00:00,-0.0025115428,0.0004937987541779876,-0.0005061535699240443,-9.339791722595692e-05,-0.0017548181718744457
2024-08-27 10:00:00+00:00,0.005779737,0.0004929050919599831,0.0021751634102028196,-8.945040463004261e-05,0.005546459968954924
2024-08-27 11:00:00+00:00,-0.006351588,0.000491899496410042,-0.0009662007249798617,-8.851681195665151e-05,-0.005472849857801167
2024-08-27 12:00:00+00:00,0.0011433741,0.0004907445982098579,-0.0002043531827968993,-8.552374492865056e-05,0.0008758624014037517
2024-08-27 13:00:00+00:00,-0.0038223923,0.0004900692729279399,-0.0006530064285580785,-8.181882003555074e-05,-0.0033476072534059194
2024-08-27 14:00:00+00:00,0.0016285673,0.000490803737193346,-0.0013516127991197676,-7.876084418967366e-05,0.0011623053061414392
2024-08-27 15:00:00+00:00,-0.0058191577,0.0004951744922436774,-0.0029121199286212436,-7.67511737649329e-05,-0.005193623138496913
2024-08-27 16:00:00+00:00,-0.0045706974,0.0005017240764573216,-0.004016127678847591,-7.405127689708024e-05,-0.004220540598785788
2024-08-27 17:00:00+00:00,0.00091873924,0.0005087683675810695,-0.0008201743568784758,-7.017454481683671e-05,0.0004792747519200947
2024-08-27 18:00:00+00:00,-0.0010542424,0.0005137798143550754,-0.0017633891145819394,-6.360691622830927e-05,-0.001194415520035097
2024-08-28 10:00:00+00:00,-0.004860937,0.0005165100446902215,-0.0021013757963217303,-5.7606968766776845e-05,-0.004454402191136237
2024-08-28 11:00:00+00:00,-0.004633224,0.0005193992983549833,-0.004621207544587011,-5.244755811872892e-05,-0.00419762753946659
2024-08-28 12:00:00+00:00,-0.0034482474,0.0005214207340031862,-0.004422798878478142,-4.8263453209074214e-05,-0.0033027654592261858
2024-08-28 13:00:00+00:00,-0.004428644,0.0005219077575020492,-0.003314280594937053,-4.3637184717226774e-05,-0.004155577128321589
2024-08-28 14:00:00+00:00,-0.0070495647,0.000524180184584111,-0.004682658651924074,-3.734355414053425e-05,-0.0063992465831160614
2024-08-28 15:00:00+00:00,0.008371659,0.0005289196851663291,-0.0015209710389811487,-3.0631752451881766e-05,0.00656856015715857
2024-08-28 16:00:00+00:00,0.007197944,0.0005333020235411823,0.00215041351390291,-2.6447251002537087e-05,0.005822612872847738
2024-08-28 17:00:00+00:00,-8.868524e-05,0.0005344838136807084,0.0016147183474417408,-2.5818684662226588e-05,-0.0003110530979963874
2024-08-28 18:00:00+00:00,-0.0022567278,0.0005319979973137379,0.000975838491871091,-2.8924503567395732e-05,-0.002204232443575595
2024-08-29 10:00:00+00:00,0.0026853,0.0005310580600053072,0.0012475057350749524,-3.565377483027987e-05,0.002099738659793914
2024-08-29 11:00:00+00:00,0.0024791572,0.0005299371550790966,0.0009209610145610866,-4.010980046587065e-05,0.002015144082866132
2024-08-29 12:00:00+00:00,-0.010448804,0.0005333980079740286,-0.0010573258449075665,-4.44318211521022e-05,-0.008915684655930591
2024-08-29 13:00:00+00:00,0.004272717,0.0005354242166504264,0.0005953007017662273,-4.7681420255685225e-05,0.0034816008743786707
2024-08-29 14:00:00+00:00,-0.00021134868,0.0005375210312195122,0.00018732754452032346,-4.501476723817177e-05,-0.00021403618421871545
2024-08-29 15:00:00+00:00,-0.00139528,0.0005379663198255002,0.00024065718462652479,-4.466763130039908e-05,-0.0011159387876149697
2024-08-29 16:00:00+00:00,0.00032301722,0.0005364026292227209,0.00016035367086554786,-4.6873352403054014e-05,0.00028009645494435614
2024-08-29 17:00:00+00:00,0.0047515,0.0005342052318155766,0.002514070413319974,-4.705402898252942e-05,0.003779050999429537
2024-08-29 18:00:00+00:00,0.00060943066,0.000530840246938169,0.000419274714729949,-4.914946839562617e-05,0.0003686558030958736
2024-08-30 10:00:00+00:00,-0.0034546566,0.0005265229265205562,7.038330617143175e-05,-5.364042226574384e-05,-0.0029363176249332856
2024-08-30 11:00:00+00:00,0.00074816484,0.0005231022951193154,-0.0008147297278661744,-5.919090108363889e-05,0.0004162621887426731
2024-08-30 12:00:00+00:00,-0.009586895,0.0005227727815508842,-0.0033266247119238595,-6.52250018902123e-05,-0.008217065941787175
2024-08-30 13:00:00+00:00,-0.002777499,0.0005217475118115544,-0.0017072078980104337,-6.942670734133571e-05,-0.0025499251894596808
2024-08-30 14:00:00+00:00,-0.005672489,0.0005211956449784338,-0.004472589480512522,-6.383594882208854e-05,-0.004970034667395602
2024-08-30 15:00:00+00:00,0.0022066585,0.0005208024522289634,-0.0005792167734313037,-6.528652738779783e-05,0.0014622507242951564
2024-08-30 16:00:00+00:00,-0.00019185375,0.0005205170018598437,0.000492728333344651,-6.369073526002467e-05,-0.00041633346070683603
2024-08-30 17:00:00+00:00,-0.0041205613,0.0005208736401982605,-0.002852903009055753,-6.0739123000530526e-05,-0.003763089073046395
2024-08-30 18:00:00+00:00,0.001219464,0.0005209544906392694,-0.00019706762427755038,-5.626888378174044e-05,0.0006504735449500583
2024-09-02 10:00:00+00:00,-0.02280246,0.0005204314365983009,-0.005042387577836013,-4.88295809191186e-05,-0.01930704859025033
2024-09-02 11:00:00+00:00,-0.0066654906,0.0005200061132200062,-0.004943893009358561,-4.499130227486603e-05,-0.006250875797055905
2024-09-02 12:00:00+00:00,0.000540004,0.0005181599408388138,-0.004279521080068346,-4.264701419742778e-05,-0.0003453704212448561
2024-09-02 13:00:00+00:00,0.004622758,0.0005173294339329004,-0.002821550341472182,-4.181352778687142e-05,0.0029976853770918147
2024-09-02 14:00:00+00:00,-0.006644414,0.0005171556840650737,-0.003878488302989585,-4.062026710016653e-05,-0.005993483249669239
2024-09-02 15:00:00+00:00,-0.008174826,0.0005171028315089643,-0.00450413318390833,-4.171550244791433e-05,-0.007326497932332898
2024-09-02 16:00:00+00:00,0.0011058651,0.0005170842632651329,-0.004457789754962643,-4.6237353672040626e-05,6.506358413424553e-05
2024-09-02 17:00:00+00:00,0.003314183,0.0005148393684066832,-0.0026270203331744857,-5.053761196904816e-05,0.0019396885690791384
2024-09-02 18:00:00+00:00,-0.0058178534,0.0005089873448014259,-0.003921664138442928,-5.9350324590923265e-05,-0.00534560444518114
2024-09-03 10:00:00+00:00,-0.0076992936,0.0004968451685272157,-0.004438714050433753,-6.636990292463452e-05,-0.006785598328594168
2024-09-03 11:00:00+00:00,0.024955742,0.00048385083209723234,0.003270168506616836,-7.677698158659041e-05,0.019736863382456112
2024-09-03 12:00:00+00:00,-0.0015305001,0.00047361032920889556,0.0017004410887380336,-8.846388664096594e-05,-0.0012576383603678926
2024-09-03 13:00:00+00:00,0.0007462182,0.0004676104581449181,0.0003294538448814537,-9.71856206888333e-05,0.0006060425658734313
2024-09-03 14:00:00+00:00,-0.011365525,0.0004637294914573431,0.00013242824406936677,-0.0001073375970008783,-0.009257039846239259
2024-09-03 15:00:00+00:00,-0.0022816362,0.00045965806930325925,5.083538658337561e-05,-0.0001180828912765719,-0.0021611417145187854
2024-09-03 16:00:00+00:00,0.0004191468,0.00045784946996718645,0.00017667424988317476,-0.00013109784049447626,0.00018004818299482994
2024-09-03 17:00:00+00:00,-0.0109790815,0.0004556189232971519,-0.0036692911100740465,-0.00012480081932153553,-0.009006325347860259
2024-09-03 18:00:00+00:00,-0.00042773632,0.0004555277992039919,-0.002648205305707889,-0.00011436994100222364,-0.0008163560831033219
2024-09-04 10:00:00+00:00,0.012244585,0.00045681901974603534,0.002843262587665128,-0.00010741176811279729,0.009613313100648767
2024-09-04 11:00:00+00:00,0.00069238944,0.000457922404166311,0.0012769892890272237,-9.883433813229203e-05,0.0007074793441625029
2024-09-04 12:00:00+00:00,0.0015082959,0.0004593381891027093,0.0004557352887449401,-9.016800322569907e-05,0.000905939655061417
2024-09-04 13:00:00+00:00,0.0071044248,0.00045961758587509394,0.0011470238009010098,-8.076608355622739e-05,0.005563279001182626
2024-09-04 14:00:00+00:00,0.0013560007,0.00046016208943910897,0.002545519989168447,-7.144067785702646e-05,0.000942438785016108
2024-09-04 15:00:00+00:00,-0.0018446115,0.00045973510714247823,0.0007306733765733496,-6.391624629031867e-05,-0.0014097132724388882
2024-09-04 16:00:00+00:00,-0.00019395933,0.00045934077934361994,0.0006241703659362018,-5.6803601182764396e-05,-4.341681367651779e-05
2024-09-04 17:00:00+00:00,0.0055363006,0.0004582140827551484,0.0013334037065977848,-4.220263508614153e-05,0.004703307304621914
2024-09-04 18:00:00+00:00,0.005091341,0.00046078459126874804,0.002414108529625447,-3.791580820688978e-05,0.004607516548394077
2024-09-05 10:00:00+00:00,0.006500523,0.00046389561612159014,0.00357319272859396,-3.367291355971247e-05,0.005879873853778909
2024-09-05 11:00:00+00:00,0.00056045374,0.000469490623800084,0.0017675347303331233,-3.175123129040003e-05,0.0008478418583788746
2024-09-05 12:00:00+00:00,0.007367187,0.00047356379218399525,0.003943910651958666,-3.099100649706088e-05,0.0065908291096496725
2024-09-05 13:00:00+00:00,0.0004312334,0.00047980574890971184,0.002654699444966121,-3.549995744833723e-05,0.0008122882647795725
2024-09-05 14:00:00+00:00,0.0035600192,0.0004864511138293892,0.0027339593833817987,-3.9508347981609404e-05,0.0034255866347224244
2024-09-05 15:00:00+00:00,-0.001553826,0.0004931666189804673,0.0025960532521184044,-4.4756274292012677e-05,-0.0008236192371547872
2024-09-05 16:00:00+00:00,-0.00039638573,0.0005012681940570474,0.00038253012456359193,-5.127449912833981e-05,4.457046885546185e-05
2024-09-05 17:00:00+00:00,-0.0038701745,0.0005090372287668288,-8.683348661546236e-05,-5.311444328981452e-05,-0.002864966512320348
2024-09-05 18:00:00+00:00,-0.006296838,0.0005159768625162542,-0.00026127801133407646,-5.8235145843354985e-05,-0.005106710533119878
2024-09-06 10:00:00+00:00,0.0005491279,0.0005205050110816956,-0.00015660707934246458,-5.9517307818168774e-05,0.0004509047085092413
2024-09-06 11:00:00+00:00,-0.0036550823,0.0005269361427053809,0.00014808377420977363,-6.059599036234431e-05,-0.0030880090607723317
2024-09-06 12:00:00+00:00,0.0017585515,0.0005253080744296312,0.00026848232457549475,-6.45379041088745e-05,0.0012188146249567165
2024-09-06 13:00:00+00:00,-0.0015098727,0.0005254147690720856,0.00014098863310026014,-6.902639142936096e-05,-0.0014616650729819102
2024-09-06 14:00:00+00:00,0.0024337838,0.0005252186092548072,-0.0005361578020689539,-7.121660019038245e-05,0.0017149256982729507
2024-09-06 15:00:00+00:00,0.008227809,0.0005271585541777313,0.0013237652486683062,-7.254399679368362e-05,0.00661001726395177
2024-09-06 16:00:00+00:00,0.00080583384,0.0005315461894497275,0.0007852970134819799,-7.79367474024184e-05,0.0004722821601856364
2024-09-06 17:00:00+00:00,-0.007413135,0.0005351192085072398,-0.00041828829974198335,-8.060353138716891e-05,-0.006155746748715976
2024-09-06 18:00:00+00:00,-0.0005297125,0.0005400612717494369,-0.0005435897015564944,-8.225303463404998e-05,-0.0006291254075934183
2024-09-09 10:00:00+00:00,0.018285166,0.0005424891132861376,0.00635707259961332,-8.540382259525359e-05,0.015282688586965356
2024-09-09 11:00:00+00:00,0.0011521255,0.0005492492346093059,0.0027957246726157776,-8.920546679291874e-05,0.0011859113560708139
2024-09-09 12:00:00+00:00,0.0036719474,0.0005561208818107843,0.0022069649864579874,-9.381166455568746e-05,0.003318848079941823
2024-09-09 13:00:00+00:00,0.0028008565,0.0005578879499807954,0.0033691605353364782,-9.49144596233964e-05,0.0027333275066249367
2024-09-09 14:00:00+00:00,-0.0023241944,0.0005644459743052721,0.00091894931531075,-0.00010021466005127877,-0.0015711035872839907
2024-09-09 15:00:00+00:00,-0.0007597879,0.0005703665083274245,0.0002443507862604662,-0.00010252557694911957,-0.00031692591654951366
2024-09-09 16:00:00+00:00,-0.00014159291,0.0005777112091891468,0.0004654825389200973,-0.00010550065053394064,3.091188958765686e-05
2024-09-09 17:00:00+00:00,0.0037974282,0.0005817158380523324,0.0025805454396653897,-0.00010796408605528995,0.003346987374170528
2024-09-09 18:00:00+00:00,0.003483459,0.0005876655923202634,0.001659450072887307,-0.00011284513311693445,0.0032938441683972356
2024-09-10 10:00:00+00:00,0.0014823443,0.0005925590521655977,0.0012198377428610174,-0.00012141546903876588,0.0016720186646829516
2024-09-10 11:00:00+00:00,-0.00399737,0.0005957168759778142,-0.0007411843710575948,-0.00012830349442083389,-0.0033313175623151735
2024-09-10 12:00:00+00:00,0.00041157834,0.000600096769630909,-0.00030194629429246647,-0.00013577428762800992,0.00031779719709224355
2024-09-10 13:00:00+00:00,-0.00099401,0.0006034474354237318,-0.00012150397904608364,-0.0001407153031323105,-0.0008531930845232801
2024-09-10 14:00:00+00:00,-0.0012178958,0.0006095684366300702,-0.0002853403714064068,-0.0001472999429097399,-0.001131570673687858
2024-09-10 15:00:00+00:00,-0.0022801126,0.0006131028640083969,-0.002020133631829568,-0.0001528522407170385,-0.001989238527896701
2024-09-10 16:00:00+00:00,0.003253063,0.0006179275223985314,0.00038270902190395674,-0.00015711606829427183,0.0027361480609692486
2024-09-10 17:00:00+00:00,-0.0069576898,0.000619203201495111,-0.0030532886282664384,-0.0001554002083139494,-0.005929656432619647
2024-09-10 18:00:00+00:00,-0.001529873,0.0006207746337167919,-0.0021210020159184995,-0.00015759290545247495,-0.001483449554977589
2024-09-11 10:00:00+00:00,0.0005052291,0.0006218028138391674,-0.003226802797377028,-0.0001600554824108258,0.00022538190824961438
2024-09-11 11:00:00+00:00,-0.0031740766,0.0006219157367013395,-0.0024737230061011427,-0.0001660722482483834,-0.0028569916055027826
2024-09-11 12:00:00+00:00,0.0012228563,0.0006184537778608501,-0.0009413397315727364,-0.00017264117195736617,0.0008305628088464749
2024-09-11 13:00:00+00:00,-0.00037870053,0.000613948330283165,-0.000471215255330316,-0.00017898283840622753,-0.0005613387668735979
2024-09-11 14:00:00+00:00,0.004157839,0.000609103066381067,0.0008523499630897944,-0.0001860538322944194,0.0032911060026066643
2024-09-11 15:00:00+00:00,0.00041446133,0.0006036676932126284,0.0017376213671210135,-0.00019172867177985609,0.00021058432811748329
2024-09-11 16:00:00+00:00,-0.00080667756,0.0005988628836348653,0.001001185169704003,-0.00019920025079045445,-0.000769189387431555
2024-09-11 17:00:00+00:00,-0.004302048,0.0005959462141618133,-0.00025979851062153675,-0.00021972248214296997,-0.0037636865281503685
2024-09-11 18:00:00+00:00,0.0011062964,0.0005910256877541542,0.0007566529521989412,-0.00022580174845643342,0.0008003645787245839
2024-09-12 10:00:00+00:00,-0.015596839,0.000585576519370079,-0.004036883225760243,-0.0002272178535349667,-0.01306375047104564
2024-09-12 11:00:00+00:00,-0.00089123513,0.0005818809731863439,-0.003104132309257541,-0.0002296877937624231,-0.0011818969359623115
2024-09-12 12:00:00+00:00,-0.00090728543,0.0005777586484327912,-0.0014282330150174587,-0.00023674157273489982,-0.001031981207168492
2024-09-12 13:00:00+00:00,-0.00044250488,0.0005736440070904791,-8.284997715465297e-05,-0.000243392787524499,-0.0008359725877091958
2024-09-12 14:00:00+00:00,0.001128763,0.000568162533454597,-0.00039186313057576905,-0.000245504779741168,0.00047566044037742174
2024-09-12 15:00:00+00:00,-0.006201013,0.0005636162823066115,-0.004414350511871539,-0.00024687638506293297,-0.005578410380297364
2024-09-12 16:00:00+00:00,0.0026120176,0.0005593177047558129,-6.990722239592022e-05,-0.0002496022207196802,0.0015881143448676412
2024-09-12 17:00:00+00:00,0.0012652545,0.0005551150534301996,0.00026448982847698387,-0.00024934057728387415,0.0005780637241564444
2024-09-12 18:00:00+00:00,-0.0010434325,0.0005507197929546237,0.00020821939520043444,-0.0002487934834789485,-0.0012219758783070691
2024-09-13 10:00:00+00:00,0.0075090216,0.0005468915333040059,0.0016146978388446602,-0.00025216914946213365,0.0058757262425124706
2024-09-13 11:00:00+00:00,-0.0006910168,0.0005437952349893749,0.0013744692802586578,-0.00025477074086666107,-0.0007158766328668274
2024-09-13 12:00:00+00:00,0.00024304936,0.0005414212355390191,0.0002673349498773101,-0.0002556252293288708,0.000129609051317952
2024-09-13 13:00:00+00:00,-0.011241865,0.0005392215098254383,-0.004427075038105544,-0.00025236429064534605,-0.009274771330425141
2024-09-13 14:00:00+00:00,-0.001264196,0.0005378388450480998,0.0003047713379477457,-0.0002498872927390039,-0.0014257960329382435
2024-09-13 15:00:00+00:00,0.010552402,0.0005355069297365844,0.003103570926977048,-0.0002424814592814073,0.008476840788326298
2024-09-13 16:00:00+00:00,0.007096987,0.0005328809493221343,0.004387552461768044,-0.00022676115622743964,0.005908694385017169
2024-09-13 17:00:00+00:00,0.0064390996,0.0005308852414600551,0.0026351590410103815,-0.00021269111311994493,0.0054968969376532435
2024-09-13 18:00:00+00:00,0.0055322796,0.0005288984975777566,0.0026280233897329574,-0.0001992512115975842,0.004858192978463412
2024-09-16 10:00:00+00:00,0.003718363,0.0005267918459139764,0.0023830875393230384,-0.00020692594989668578,0.0035397325029690977
2024-09-16 11:00:00+00:00,0.0076132766,0.0005249971291050315,0.0036095809793817097,-0.00020855381444562227,0.006748592477938052
2024-09-16 12:00:00+00:00,0.0077278945,0.0005240151658654213,0.004635743274972727,-0.00021001625282224268,0.007112006106323548
2024-09-16 13:00:00+00:00,-0.0001428391,0.000522441288921982,0.002805488328646121,-0.00021041995205450803,0.00042762481782696407
2024-09-16 14:00:00+00:00,0.0023341416,0.0005213886615820229,0.001859686875678455,-0.00020858182688243687,0.0027680848335819496
2024-09-16 15:00:00+00:00,0.0016321229,0.0005204916815273464,0.0022559660482429685,-0.00020610034698620439,0.0022584854131262604
2024-09-16 16:00:00+00:00,-0.00011310381,0.000519821944180876,0.0022215817164216466,-0.00020328456594143063,0.0004699324930684533
2024-09-16 17:00:00+00:00,0.0013564021,0.0005191782838664949,0.0015425681684583495,-0.00020120255067013204,0.001646687412969803
2024-09-16 18:00:00+00:00,-7.6522105e-05,0.0005184210021980107,0.0013478143119732386,-0.00020152849901933223,0.00027271154941014886
2024-09-17 10:00:00+00:00,-0.00078742456,0.0005165302427485585,0.001516445069999311,-0.00020124491129536182,-0.0003571543360052838
2024-09-17 11:00:00+00:00,0.002724182,0.0005147671909071505,0.0019831223998836543,-0.00020117967505939305,0.0025833477590344145
2024-09-17 12:00:00+00:00,-0.0015906327,0.0005136278923600912,-0.00010703286722387411,-0.0001998318766709417,-0.001256432978893798
2024-09-17 13:00:00+00:00,-0.00097309775,0.0005133383674547076,-0.0006370539928931215,-0.00019377490389160812,-0.0008725082641399946
2024-09-17 14:00:00+00:00,-0.0031298015,0.0005128868506290019,-0.0007616167284604041,-0.00019051606068387628,-0.0027854583442259947
2024-09-17 15:00:00+00:00,0.0040956135,0.0005116790998727083,6.807626769126174e-05,-0.0001892474538180977,0.0034300535697132455
2024-09-17 16:00:00+00:00,0.00288822,0.0005107721081003547,0.0007660479876451088,-0.00018930375517811626,0.0024688985378933017
2024-09-17 17:00:00+00:00,0.0074799373,0.0005094903171993792,0.003234911183810192,-0.00018496309348847717,0.006512103722896857
2024-09-17 18:00:00+00:00,0.00010815137,0.0005081081762909889,0.0008336265635602191,-0.00018362709670327604,0.00022721277222417582
2024-09-18 10:00:00+00:00,0.00012616182,0.0005066978628747165,0.0017178951423985748,-0.00018015498062595725,0.00013749042041829123
2024-09-18 11:00:00+00:00,-0.0033685686,0.0005061161355115473,-0.000402887210718524,-0.00017481880786363035,-0.0028598955254374647
2024-09-18 12:00:00+00:00,-0.0009081683,0.000505634059663862,-0.00024134797712233453,-0.00017278111772611737,-0.0008096029244843339
2024-09-18 13:00:00+00:00,-0.0026532426,0.0005053513450548053,0.00021413794722908153,-0.00016948366828728467,-0.002362469604685389
2024-09-18 14:00:00+00:00,-0.0041279467,0.0005053105414845049,-0.0012852001617812414,-0.0001676674437476322,-0.0035878259043291257
2024-09-18 15:00:00+00:00,0.0017478194,0.0005044233403168619,0.0007114375342374098,-0.00016396357386838645,0.0014288541411459548
2024-09-18 16:00:00+00:00,0.00377287,0.000504245690535754,0.0015592809098161598,-0.00016100257926154882,0.003209436993236909
2024-09-18 17:00:00+00:00,-0.00039151288,0.0005026531289331615,0.0012030442306302789,-0.0001563495898153633,-0.00040484945806158854
2024-09-18 18:00:00+00:00,-0.0022723489,0.0005017419462092221,0.0005313398689324863,-0.00015476402768399566,-0.002148390474805763
2024-09-19 10:00:00+00:00,-0.0019861774,0.0005001864046789706,-0.0015542760838176135,-0.0001529854052932933,-0.001946145708235375
2024-09-19 11:00:00+00:00,0.0044543017,0.0004996142815798521,0.0017011518933875954,-0.0001531152956886217,0.003636905074868569
2024-09-19 12:00:00+00:00,0.0067993067,0.0004990157322026789,0.0028000823279548492,-0.00015336278011091053,0.0057448012096470375
2024-09-19 13:00:00+00:00,-0.004901546,0.0004980866797268391,0.0006387614013127533,-0.00015125612844713032,-0.004255818418763229
2024-09-19 14:00:00+00:00,0.002453776,0.0004977321368642151,0.00028414965852769486,-0.00014811824075877666,0.002098958785183038
2024-09-19 15:00:00+00:00,-0.006104004,0.000497056229505688,-0.0007271642086427267,-0.00014530135376844555,-0.005273153160186572
2024-09-19 16:00:00+00:00,0.0016799623,0.000497985805850476,0.0010518346881905336,-0.00014594673120882362,0.001291830917252422
2024-09-19 17:00:00+00:00,0.0020136836,0.0004984366823919117,0.0015562362997283115,-0.0001428819086868316,0.0015675361083027832
2024-09-19 18:00:00+00:00,-0.0018034335,0.0004986031563021243,0.0008095628424745229,-0.00014226794883143157,-0.0016600611518688719
2024-09-20 10:00:00+00:00,0.0064310995,0.0004989451845176518,0.0025444935460263926,-0.00013908625987824053,0.005447386302343856
2024-09-20 11:00:00+00:00,0.0030529106,0.0005005371058359742,0.0027217898943086545,-0.00013671316264662892,0.002614398837937064
2024-09-20 12:00:00+00:00,0.00071782357,0.0005022012046538293,0.0012646153771896523,-0.00013250690244603902,0.0006282032044251174
2024-09-20 13:00:00+00:00,-0.00010046429,0.0005059241084381938,0.0007982789083315759,-0.00012553829583339393,-0.00021097285743399682
2024-09-20 14:00:00+00:00,0.0013840833,0.0005129027413204312,0.0014793085692747462,-0.00012158479512436315,0.001172153701520598
2024-09-20 15:00:00+00:00,-0.0020804347,0.0005207131616771221,-0.00037491828167016014,-0.0001195250588352792,-0.001834356295560408
2024-09-20 16:00:00+00:00,-0.0013474161,0.0005260561592876911,-0.001314120385194585,-0.00011704637290677056,-0.0011345835809976794
2024-09-20 17:00:00+00:00,-0.00052508543,0.0005262788035906851,-0.0005764950672436671,-0.00011216206621611491,-0.00038507511079761286
2024-09-20 18:00:00+00:00,0.0009277039,0.0005263088969513774,-0.0003137698206993978,-0.00010812194523168728,0.0007209653458239215
2024-09-23 10:00:00+00:00,0.010553848,0.0005261217011138797,0.00417515310290524,-0.00010356019629398361,0.009254473436711663
2024-09-23 11:00:00+00:00,0.0007643236,0.0005257307784631848,0.002366555030119831,-9.994156425818801e-05,0.0006980144234823187
2024-09-23 12:00:00+00:00,-0.0012801277,0.0005233473493717611,0.00015048648630440123,-9.592913556843996e-05,-0.0011349212062033516
2024-09-23 13:00:00+00:00,0.0033001045,0.0005206245114095509,0.001976216415249133,-9.466131450608373e-05,0.0028732720784414327
2024-09-23 14:00:00+00:00,0.00095708715,0.000518190034199506,0.0019092259427441426,-9.545451757730916e-05,0.0008537404387667461
2024-09-23 15:00:00+00:00,-0.00043234814,0.0005159788415767252,0.0004477912705780316,-9.481252345722169e-05,-0.00024793443044940366
2024-09-23 16:00:00+00:00,0.0023508514,0.000512444821652025,0.002166000365007923,-9.311322355642915e-05,0.0021744639485886947
2024-09-23 17:00:00+00:00,0.0014029188,0.0005105640739202499,0.0026209638273433167,-9.165886149276048e-05,0.0013844697495027404
2024-09-23 18:00:00+00:00,-0.004221767,0.0005084769800305367,-0.0005202243887103661,-9.372412750963122e-05,-0.0036445448356897886
2024-09-24 10:00:00+00:00,0.005922418,0.0005068621248938143,0.0007020595130870245,-0.00010127900168299675,0.005335453092993062
2024-09-24 11:00:00+00:00,0.004084546,0.0005040211835876107,0.0025721238177541846,-0.00010603484406601638,0.0036692565601994754
2024-09-24 12:00:00+00:00,0.0032038726,0.0005008071893826127,0.002823845402121633,-0.0001107690404751338,0.002927128468267035
2024-09-24 13:00:00+00:00,-0.00032902797,0.0004994819755665958,0.0017647838043396773,-0.0001122073081205599,-0.00016383472927678232
2024-09-24 14:00:00+00:00,-0.000924658,0.0004979294608347118,0.00032395358060232656,-0.0001069263307726942,-0.0008494212643292949
2024-09-24 15:00:00+00:00,-0.00069054845,0.0004965750849805772,-0.0006464122162620204,-9.91602209978737e-05,-0.0006321771599444668
2024-09-24 16:00:00+00:00,0.0019862303,0.0004957430646754801,0.0008836399003103709,-9.110127575695515e-05,0.001737338209089972
2024-09-24 17:00:00+00:00,0.0037270922,0.0004942190716974437,0.002397877278430511,-8.003707625903189e-05,0.003276180649124601
2024-09-24 18:00:00+00:00,0.0013240143,0.000493486353661865,0.0028167815245888454,-6.619887426495552e-05,0.0011685877442689262
2024-09-25 10:00:00+00:00,-0.005313609,0.0004925751709379256,-0.0008061234330416526,-4.977725257049315e-05,-0.004706064636308408
2024-09-25 11:00:00+00:00,0.0029256293,0.0004917486221529543,-4.493681786309228e-05,-3.537468728609383e-05,0.002600089857960072
2024-09-25 12:00:00+00:00,0.006113673,0.0004901573993265629,0.0028374122643639887,-2.119945565937087e-05,0.005412416323479719
2024-09-25 13:00:00+00:00,-0.0012426717,0.0004893105942755938,0.0016746287604480715,-1.2191854693810456e-05,-0.0011994190242569922
2024-09-25 14:00:00+00:00,-0.004574373,0.0004884342197328806,-0.0009579323688869786,-3.5526338706404204e-06,-0.004179878681749608
2024-09-25 15:00:00+00:00,-0.00055843306,0.000487342884298414,-0.0003733214116423148,4.360905677458504e-06,-0.0005732699725209689
2024-09-25 16:00:00+00:00,-0.0064690914,0.0004864993679802865,-0.004505760347556684,1.0556506822467782e-05,-0.005745340763412053
2024-09-25 17:00:00+00:00,-0.0026036275,0.00048478247481398284,-0.0018982306785785244,1.9201463146600872e-05,-0.002576782964426915
2024-09-25 18:00:00+00:00,-0.0029566404,0.00048359233187511563,-0.003997501660892493,2.9450688089127652e-05,-0.0028215119205319376
2024-09-26 10:00:00+00:00,-0.0063129263,0.0004822273913305253,-0.004316943533812745,3.711420504259877e-05,-0.005917492939385109
2024-09-26 11:00:00+00:00,0.0059984014,0.0004822971241082996,-0.0005808705478235296,4.4546999561134726e-05,0.004985121244469772
2024-09-26 12:00:00+00:00,0.0027848731,0.0004820539033971727,0.0012766488087353409,5.1625098421936855e-05,0.0022112173998140913
2024-09-26 13:00:00+00:00,-0.0028803104,0.000480588962091133,0.0007214311066438298,6.112322444096208e-05,-0.0027786829347439855
2024-09-26 14:00:00+00:00,0.0032538602,0.00047939675278030336,0.0015676777843592427,7.220827683340758e-05,0.0026015994422043873
2024-09-26 15:00:00+00:00,-0.0044352077,0.00047800183529034257,6.713646730462299e-05,8.7610402260907e-05,-0.004106265273073148
2024-09-26 16:00:00+00:00,-0.0036696508,0.00047669504419900477,-0.0020626594042724607,0.00010023284994531423,-0.0033915822326561922
2024-09-26 17:00:00+00:00,0.0026675954,0.00047399397590197623,0.0005610674261543414,0.00011628701031440869,0.0020834751185391655
2024-09-26 18:00:00+00:00,0.002430814,0.00047108132275752723,0.0014065313642477185,0.00013089423009660095,0.001982030637352304
2024-09-27 10:00:00+00:00,0.0009042965,0.0004680172132793814,0.001574086003678618,0.00014367676340043545,0.0006809762071321476
2024-09-27 11:00:00+00:00,0.0027819371,0.00046483229380100965,0.0016138035990927203,0.00015507701027672738,0.0023983834462643267
2024-09-27 12:00:00+00:00,0.0019979323,0.00046208349522203207,0.0014514137049910522,0.00016208106535486877,0.0016415778611001738
2024-09-27 13:00:00+00:00,0.000119468015,0.00045878777746111155,0.0017347760304005236,0.00017158323316834867,-5.98747185312073e-05
2024-09-27 14:00:00+00:00,-0.0017618423,0.00045657381997443736,-0.0002988960903347676,0.00018516626732889563,-0.001623352832816593
2024-09-27 15:00:00+00:00,-3.871801e-05,0.00045562119339592755,-0.00026769780512491683,0.0001973103208001703,-0.00017425813679544959
2024-09-27 16:00:00+00:00,0.001477261,0.00045576432603411376,0.0005414652301270664,0.00020309672981966287,0.001229672268391964
2024-09-27 17:00:00+00:00,0.0031056744,0.0004528287681750953,0.0012716101128394995,0.00020656298147514462,0.0027351907707643696
2024-09-27 18:00:00+00:00,0.0015789634,0.0004502953088376671,0.0004031662104366443,0.00020288817177060992,0.0014072437173848656
2024-09-30 10:00:00+00:00,0.006753284,0.00045099726412445307,0.002902142001324678,0.00020542733545880765,0.006024886899808739
2024-09-30 11:00:00+00:00,0.00062872656,0.000452275387942791,0.0013505239362541538,0.0001995002676267177,0.0005731490929763692
2024-09-30 12:00:00+00:00,-0.007416994,0.00045134531683288515,-0.0009447724071678788,0.00019735110981855541,-0.0066767988973752655
2024-09-30 13:00:00+00:00,0.00069593685,0.00044743847684003413,-0.0008081600722883859,0.0001941053051268682,0.0004510041029098408
2024-09-30 14:00:00+00:00,-0.0054264325,0.00044626620365306735,-0.0012122748058915368,0.00018340381211601198,-0.004947769042300131
2024-09-30 15:00:00+00:00,0.0040690815,0.00044536974746733904,-0.00017938214687010252,0.00017220749577973038,0.0035835232017662863
2024-09-30 16:00:00+00:00,0.00081882894,0.00044487050035968423,8.570204079232063e-05,0.00015551532851532102,0.0006252306356878492
2024-09-30 17:00:00+00:00,-0.003321459,0.00044570647878572345,-0.00027114512481834406,0.00015379954129457474,-0.0030508164367189926
2024-09-30 18:00:00+00:00,0.0028491395,0.00044886310934089124,0.0008428556368776045,0.00015976910071913153,0.002399219655522519
2024-10-01 10:00:00+00:00,-0.015069798,0.0004515528562478721,-0.003866064749100095,0.00016263833094853908,-0.013587629713395395
2024-10-01 11:00:00+00:00,-0.0031704092,0.0004542299429886043,-0.0035613034003936263,0.00016553747991565615,-0.0031610953793612204
2024-10-01 12:00:00+00:00,0.004803283,0.0004589173477143049,-0.0008384796411044165,0.00017493072664365172,0.0038486301117740497
2024-10-01 13:00:00+00:00,-0.00076285907,0.0004625484871212393,-0.00027580943320023335,0.00017953965289052576,-0.0009610751056086878
2024-10-01 14:00:00+00:00,-0.0004970585,0.00046223707613535225,-0.00014531382161378503,0.0001856781600508839,-0.000718594667870255
2024-10-01 15:00:00+00:00,-0.002677711,0.00046054364065639675,-0.00026346403159193174,0.00019337792764417827,-0.002621460358633259
2024-10-01 16:00:00+00:00,0.0018321441,0.00045874982606619596,0.0005138226653135623,0.00019802061433438212,0.0012917130391921496
2024-10-01 17:00:00+00:00,0.0030981037,0.0004528742574620992,0.0014057716861232703,0.0002209825615864247,0.0024224745054056843
2024-10-01 18:00:00+00:00,-0.0028493332,0.00044791988329961896,-5.449249465223842e-05,0.00024073505483102053,-0.0028027164328961575
2024-10-02 10:00:00+00:00,0.008026856,0.00044369380339048803,0.0019179812258656506,0.00025190223823301494,0.006800458594606813
2024-10-02 11:00:00+00:00,-0.0013156945,0.0004414496070239693,0.0007105212168765566,0.00026312514091841877,-0.0011662798567934982
2024-10-02 12:00:00+00:00,-0.0025127372,0.00043831669609062374,-6.945118579823503e-05,0.00027268074336461723,-0.0022898676478016315
2024-10-02 13:00:00+00:00,0.0012871971,0.0004341797612141818,0.0002577905173077539,0.0002780976064968854,0.0009746491751019191
2024-10-02 14:00:00+00:00,-0.0015526223,0.0004300493746995926,0.00022174777132681026,0.00028865973581559956,-0.001457482189784083
2024-10-02 15:00:00+00:00,-0.0052806525,0.0004267912881914526,-0.0002461989272460464,0.0003009923384524882,-0.004800644963845014
2024-10-02 16:00:00+00:00,-0.0006050791,0.00042407211731188,6.365366359800568e-05,0.00030629581306129694,-0.0006913992117407172
2024-10-02 17:00:00+00:00,-0.0075801937,0.00041549207526259124,-0.004032804378740427,0.00032072581234388053,-0.00680711716671139
2024-10-02 18:00:00+00:00,-0.0074537457,0.00041121451067738235,-0.004204141594826303,0.00033200992038473487,-0.006860530497241436
2024-10-03 10:00:00+00:00,-0.00023857204,0.00040595472091808915,-0.0019353887352572315,0.0003506984794512391,-0.0005860769087024728
2024-10-03 11:00:00+00:00,-0.0030884952,0.00040158056071959436,-0.0032093955040741924,0.00036978439311496913,-0.003077569332616188
2024-10-03 12:00:00+00:00,-6.527628e-05,0.00039518289850093424,-0.002405700379432663,0.0003855058166664094,-0.00044856415944407815
2024-10-03 13:00:00+00:00,-0.004128303,0.0003888755163643509,-0.002637683161055661,0.00040035133133642375,-0.004005423868251868
2024-10-03 14:00:00+00:00,-0.0005026645,0.0003830194182228297,-0.0025165480653163053,0.00041419247281737626,-0.0010218149374682
2024-10-03 15:00:00+00:00,0.010438357,0.00037685854476876557,0.0023130871789703786,0.0004283098387531936,0.00858305230651893
2024-10-03 16:00:00+00:00,0.0038289956,0.000371069269021973,0.002102829772956202,0.0004397208977025002,0.0031178417732427317
2024-10-03 17:00:00+00:00,-0.000107759784,0.0003627438854891807,0.0007338389184843563,0.00045051140477880836,-0.00030607836743557214
2024-10-03 18:00:00+00:00,-0.0005138146,0.0003558620810508728,0.0002722191278166387,0.000459778297226876,-0.0005687920323140758
2024-10-04 10:00:00+00:00,0.010400765,0.00034755957312881947,0.003662855237557997,0.000475819077109918,0.00913466547743141
2024-10-04 11:00:00+00:00,0.0013364804,0.0003395529056433588,0.002403831146548229,0.0004899852210655808,0.0012392527986037768
2024-10-04 12:00:00+00:00,-0.00265338,0.00033036357490345836,0.00016860211750818,0.0004957476630806923,-0.002219820734361481
2024-10-04 13:00:00+00:00,0.002191501,0.0003201957733836025,0.0009982034374194802,0.0004976741620339453,0.002131480170939723
2024-10-04 14:00:00+00:00,-0.0015008022,0.00031001458410173655,0.0007471003682800241,0.0004967493005096912,-0.0011566697710926254
2024-10-04 15:00:00+00:00,-0.0042085503,0.00030037431861273944,-0.000977364503928691,0.0004950785078108311,-0.0035183259820449914
2024-10-04 16:00:00+00:00,-0.00070791907,0.00029091985197737813,-0.001090709855465927,0.0004903126391582191,-0.0006780374190531281
2024-10-04 17:00:00+00:00,0.0018438323,0.0002824267139658332,-0.00032084153945792585,0.00048067106399685144,0.0015009704844448093
2024-10-04 18:00:00+00:00,0.0012558602,0.0002732648281380534,-0.0004974741516732502,0.0004743113531731069,0.001027110476364235
2024-10-07 10:00:00+00:00,-0.0028422093,0.0002653238479979336,-5.157325915554681e-05,0.00047203750000335276,-0.0025484357328563237
2024-10-07 11:00:00+00:00,0.0009864048,0.00025791526422835886,-0.0006323861903347213,0.0004651800263673067,0.0006653028161959705
2024-10-07 12:00:00+00:00,-0.0042420044,0.00025069585535675287,-0.0014547642113239673,0.0004595679056365043,-0.0038669230863214764
2024-10-07 13:00:00+00:00,-0.0015257888,0.00024441402638331056,-0.0013379122508545896,0.0004544462717603892,-0.0015426935284193572
2024-10-07 14:00:00+00:00,0.0013033481,0.00023976937518455088,-6.096800863099593e-05,0.00045014856732450426,0.0008640702077940763
2024-10-07 15:00:00+00:00,-0.0017777144,0.00023618509294465184,-0.0023337113587007254,0.0004497275222092867,-0.0017552362885488834
2024-10-07 16:00:00+00:00,0.004697791,0.00023285442148335278,0.0013210416860341347,0.0004522352246567607,0.003970558784085103
2024-10-07 17:00:00+00:00,-0.0019911765,0.0002297800820088014,0.0002983039657742071,0.00045404682168737054,-0.0018364457269795665
2024-10-07 18:00:00+00:00,0.0015402859,0.00022574047034140676,0.0004642614697383871,0.00046314045903272927,0.0011872568897390175
2024-10-08 10:00:00+00:00,-0.005145938,0.00022112534497864544,-0.002911425007012226,0.00047192274359986186,-0.004634946823945604
2024-10-08 11:00:00+00:00,0.00011512199,0.00021796517830807716,-0.00039552139785969335,0.0004809341917280108,-8.682586437432641e-05
2024-10-08 12:00:00+00:00,0.0059502744,0.00021309735893737525,0.0017217716574856729,0.0004896387690678239,0.005005773394852884
2024-10-08 13:00:00+00:00,0.00046477374,0.0002083514555124566,0.0008892770474235851,0.0004943523672409356,0.00031792091721000035
2024-10-08 14:00:00+00:00,-0.0034014126,0.00020350316481199116,-0.000557139952472021,0.0005008407169952989,-0.003013960058693377
2024-10-08 15:00:00+00:00,-0.0007570444,0.00019830150995403528,0.00013591484055923918,0.0005104549927636981,-0.0007666456863706586
2024-10-08 16:00:00+00:00,0.0004126782,0.00019304787565488368,0.0004178795867648339,0.0005198288126848638,0.0003099051503629909
2024-10-08 17:00:00+00:00,0.00024393831,0.00018492437084205449,0.0008297693297269808,0.0005366687546484172,1.7428027150895677e-05
2024-10-08 18:00:00+00:00,0.00015781073,0.00017795097664929926,0.0004258270570525165,0.0005547580076381564,-3.3495868214492396e-05
2024-10-09 10:00:00+00:00,-0.004237241,0.00016898132162168622,-0.002269471222398912,0.0005666305078193545,-0.0037690734208799623
2024-10-09 11:00:00+00:00,-7.92373e-05,0.00016370386583730578,-3.406198440477441e-05,0.0005793296732008457,-0.00023692109647914378
2024-10-09 12:00:00+00:00,-0.0019865849,0.0001598360249772668,0.0002715005996725842,0.000587326125241816,-0.0018264156452402025
2024-10-09 13:00:00+00:00,-0.0029601485,0.00015525284106843174,-0.001070337040087229,0.0005897806258872151,-0.0028113256819832207
2024-10-09 14:00:00+00:00,0.0012660931,0.00015130217070691288,0.00013000094252034412,0.0005994460079818964,0.0008318869061791661
2024-10-09 15:00:00+00:00,-0.0008462961,0.0001499053614679724,0.00037094803966398115,0.0006068313377909362,-0.00095203564838812
2024-10-09 16:00:00+00:00,-0.0043185647,0.00014810357242822647,-0.003003865774210057,0.0006188220577314496,-0.003985902782412407
2024-10-09 17:00:00+00:00,0.00035968545,0.0001470650895498693,-0.001625212322775911,0.0006213587475940585,4.218236677992545e-05
2024-10-09 18:00:00+00:00,-0.0014868107,0.000145702637382783,-0.0024418713516657546,0.0006149630062282085,-0.0015104554077997382
2024-10-10 10:00:00+00:00,0.0053769425,0.00014494472998194396,0.0012101813655238025,0.0006097696023061872,0.004386764308550225
2024-10-10 11:00:00+00:00,0.0035469995,0.00014674884732812643,0.0016185500255535047,0.0006007329211570323,0.0029058668060781864
2024-10-10 12:00:00+00:00,-0.0018911307,0.00014859516522847116,0.00035131612487383416,0.0005987322074361145,-0.00183235976233487
2024-10-10 13:00:00+00:00,-0.0030028315,0.00015330668247770518,-0.0005000228642069058,0.0005971243954263628,-0.002731713983052285
2024-10-10 14:00:00+00:00,-0.0022598715,0.0001577568764332682,-0.0010254297777363432,0.0005944020231254399,-0.002075028130589115
2024-10-10 15:00:00+00:00,0.0022562481,0.0001619241083972156,0.0011903399050384451,0.0005934032378718257,0.001770618467151266
2024-10-10 16:00:00+00:00,0.0012854519,0.0001674205850576982,0.0009829897641151822,0.0005912345368415117,0.0008923196182037659
2024-10-10 17:00:00+00:00,-0.00024609952,0.00016923977818805724,0.0005846149654155012,0.0005931220366619527,-0.0002989076153967721
2024-10-10 18:00:00+00:00,-0.0004453045,0.0001718612329568714,-0.00021452570123304957,0.0005946983001194894,-0.0005202793977144595
2024-10-11 10:00:00+00:00,-0.0029883028,0.00017507521260995418,-0.001658439907300345,0.0005974567029625177,-0.0026855486634025125
2024-10-11 11:00:00+00:00,1.815986e-05,0.00017745977675076574,-0.00022662231319369076,0.0006013187230564654,-0.00014047608252330644
2024-10-11 12:00:00+00:00,-0.0036968754,0.0001791769900592044,-0.0025286778155640005,0.0006023854366503656,-0.0033830930219966838
2024-10-11 13:00:00+00:00,-0.0009482511,0.00018016599642578512,-0.0021314874152078703,0.0006048317300155759,-0.000981954629265253
2024-10-11 14:00:00+00:00,0.00048517925,0.00018192017159890383,-0.0002407789956680751,0.0006067078793421388,0.0002007777687695495
2024-10-11 15:00:00+00:00,-0.0003027534,0.00018502653983887285,-0.0014799159204251686,0.000604405882768333,-0.00035230913520040575
2024-10-11 16:00:00+00:00,-0.00042692863,0.00018842409190256149,-0.0019498688210665047,0.0006021001026965678,-0.0005700178867805067
2024-10-11 17:00:00+00:00,0.001706622,0.00019170719315297902,0.0008748137200351226,0.0005978484987281263,0.0012688707672977597
2024-10-11 18:00:00+00:00,0.0036078538,0.00019488016550894827,0.0012423884475352349,0.00059152563335374,0.002938550153936151
2024-10-14 10:00:00+00:00,-0.009095447,0.00019850906392093748,-0.0034411668420115606,0.0005868686712346971,-0.007947353821562348
2024-10-14 11:00:00+00:00,-0.0012977446,0.000203845149371773,-0.0024663287631537336,0.0005813370225951076,-0.0012913525411149954
2024-10-14 12:00:00+00:00,0.0036031324,0.0002084834995912388,0.0004401055292964531,0.0005770879797637463,0.0028540226372026664
2024-10-14 13:00:00+00:00,0.008494892,0.0002140917640645057,0.003644508265058694,0.0005790858995169401,0.0071891642622575035
2024-10-14 14:00:00+00:00,0.0025481964,0.00021900465071666986,0.0016879713992341253,0.0005808153073303401,0.0021703404598776128
2024-10-14 15:00:00+00:00,-0.00023138608,0.00022175036428961903,0.000865912120757572,0.0005824549007229507,-0.00020411049619505916
2024-10-14 16:00:00+00:00,0.0058513326,0.00022405042545869946,0.0035522246887286883,0.0005852782051078975,0.0051212817541119345
2024-10-14 17:00:00+00:00,-0.0008523142,0.00022660582908429205,0.00043294752481602667,0.0005988716147840023,-0.0006635514364803785
2024-10-14 18:00:00+00:00,-0.0022042783,0.00022844837803859264,-0.0006634552188519618,0.0006109633250162005,-0.0019050107838711036
2024-10-15 10:00:00+00:00,0.002499254,0.00023129183682613075,0.0019535310324326244,0.0006210568244569004,0.0021250328739062458
2024-10-15 11:00:00+00:00,0.0052410704,0.00023453743779100478,0.002035333838957678,0.0006347849266603589,0.0047518071034719275
2024-10-15 12:00:00+00:00,0.0022587008,0.00023770570987835526,0.002385366460921884,0.0006449120119214058,0.002208791152303641
2024-10-15 13:00:00+00:00,-0.001736459,0.00024108096840791404,0.0005089655791782831,0.0006537704612128437,-0.0014503666556331964
2024-10-15 14:00:00+00:00,0.0042820964,0.0002448427549097687,0.0016986797641685056,0.0006572192651219666,0.0038612242611308777
2024-10-15 15:00:00+00:00,-0.003434928,0.0002487811725586653,-0.00014141891585858063,0.0006606475217267871,-0.003024843082159815
2024-10-15 16:00:00+00:00,-0.0013729881,0.0002541896537877619,-0.00043656247381740137,0.0006650137947872281,-0.0012367684851686928
2024-10-15 17:00:00+00:00,0.0023479515,0.0002580972795840353,0.0003136132863743258,0.0006649722927249968,0.0020131805697433023
2024-10-15 18:00:00+00:00,0.0015408598,0.0002603761095087975,0.0005580053786254536,0.0006646254332736135,0.001269139027780252
2024-10-16 10:00:00+00:00,0.00397315,0.00026413268642500043,0.0026320392595358564,0.0006624027737416327,0.0035238059536111714
2024-10-16 11:00:00+00:00,0.0030872154,0.00027136143762618303,0.0033702140896178763,0.0006603138172067702,0.0027033241722090855
2024-10-16 12:00:00+00:00,-0.008329975,0.00027633842546492815,-0.0011367320426273362,0.0006590329576283693,-0.00733180894802142
2024-10-16 13:00:00+00:00,-0.0002998062,0.0002799807698465884,-0.000582478414756614,0.0006588760879822075,-0.00047182144687005293
2024-10-16 14:00:00+00:00,-0.003142661,0.00028393929824233055,0.000381581859802381,0.0006622641813009977,-0.002834084484137127
2024-10-16 15:00:00+00:00,-0.00014324595,0.00028611411107704043,0.00020444386258771432,0.0006600058986805379,-0.000287726381410787
2024-10-16 16:00:00+00:00,-0.001304482,0.00028843508334830403,-0.002576201178868432,0.0006573701393790543,-0.0012883236195645176
2024-10-16 17:00:00+00:00,-0.0021000605,0.0002918729151133448,-0.0025525361570199524,0.0006533496780321002,-0.001959858251713138
2024-10-16 18:00:00+00:00,0.0002694851,0.00029459831421263516,-0.002554968357130248,0.0006497735739685595,1.5958903085136415e-05
2024-10-17 10:00:00+00:00,0.0011131021,0.0002968393382616341,-0.0011719332907391,0.0006534999120049179,0.0007271164460926672
2024-10-17 11:00:00+00:00,-0.0011274727,0.00029736346914432943,-0.0021300955251918685,0.0006517319707199931,-0.0012671188900443419
2024-10-17 12:00:00+00:00,-0.0034693766,0.0002995288232341409,-0.001411133494109538,0.0006488682120107114,-0.003321391228423616
2024-10-17 13:00:00+00:00,-0.0014647788,0.0003004852042067796,-0.0022522685956534094,0.0006470496882684529,-0.001587141370647973
2024-10-17 14:00:00+00:00,0.0007975964,0.0003036458801943809,-0.0006254925429079064,0.0006435750983655453,0.00046626249380134097
2024-10-17 15:00:00+00:00,0.00019479114,0.00030853066709823906,-0.0005066635352864319,0.0006411350332200527,-1.936451091275803e-05
2024-10-17 16:00:00+00:00,0.0005517023,0.00030904210871085525,-9.953217251867306e-05,0.0006355888326652348,0.0002411219247783423
2024-10-17 17:00:00+00:00,0.00015860314,0.00031334563391283154,0.0006809750241331964,0.000628792739007622,-5.785787240851384e-05
2024-10-17 18:00:00+00:00,-0.003940077,0.0003150970733258873,-0.00266199107048161,0.0006255288608372211,-0.0035697126387363703
2024-10-18 10:00:00+00:00,-0.0014593442,0.000316931982524693,-0.00043410352856820247,0.0006212860462255776,-0.0015693413074007738
2024-10-18 11:00:00+00:00,0.00028624278,0.0003167979884892702,0.0007275711842178662,0.0006142508937045932,3.364649474699756e-05
2024-10-18 12:00:00+00:00,-0.00053631933,0.00031486767693422735,0.0005740467439336076,0.0006116329459473491,-0.0006720092656019071
2024-10-18 13:00:00+00:00,-0.0039770002,0.0003144331567455083,-0.0027924498810014955,0.0006089556845836341,-0.003674369044832759
2024-10-18 14:00:00+00:00,0.0013746707,0.0003143846115563065,-0.0003525545986168321,0.0006060423329472542,0.000970429726528483
2024-10-18 15:00:00+00:00,0.00012718879,0.00031358053092844784,0.00017111161653214375,0.0006042150780558586,-0.00014507255529419712
2024-10-18 16:00:00+00:00,-0.0018075986,0.00031184169347397983,-0.0025393554235613692,0.0006024166941642761,-0.0017643901980899338
2024-10-18 17:00:00+00:00,0.0028644565,0.0003113763523288071,0.0016145660803168298,0.0006086359499022365,0.0022132502482017083
2024-10-18 18:00:00+00:00,-0.0010895621,0.0003099122259300202,0.0005878703079301335,0.000614662712905556,-0.0011367119746713197
2024-10-21 10:00:00+00:00,0.006815632,0.0003090553800575435,0.0019110241110469055,0.0006167407846078277,0.005686437453531346
2024-10-21 11:00:00+00:00,-0.0010399816,0.0003080436435993761,0.0008594608364228898,0.0006167526007629931,-0.0009877707755326197
2024-10-21 12:00:00+00:00,0.002904184,0.00030716010951437056,0.0007664630638948923,0.0006176536553539336,0.002384028445636739
2024-10-21 13:00:00+00:00,0.000687831,0.0003067601646762341,0.0015929638930188203,0.0006203117081895471,0.0005125566416578223
2024-10-21 14:00:00+00:00,-0.0023824167,0.00030475284438580275,-0.0012677137435609628,0.0006223078235052526,-0.002061488153669875
2024-10-21 15:00:00+00:00,0.0015865064,0.00030260850326158106,0.00024350490994432694,0.0006222096853889525,0.001292632479032927
2024-10-21 16:00:00+00:00,0.0009326998,0.0003021825395990163,0.0006044327430478481,0.0006205369718372822,0.0007954343164575307
2024-10-21 17:00:00+00:00,-0.0015381598,0.0003032413078472018,3.0395514417953e-05,0.000616501783952117,-0.0013353206359887893
2024-10-21 18:00:00+00:00,-0.0022376138,0.00030250908457674086,-0.001332031828235253,0.0006123710772953928,-0.002003312113811091
2024-10-22 10:00:00+00:00,-0.0019457369,0.0002995440154336393,-0.0012211102615122163,0.0006052212556824088,-0.0017930167817446848
2024-10-22 11:00:00+00:00,-0.0003222437,0.0002962365106213838,0.00011822955881550157,0.0005989166093058884,-0.00046818073501540624
2024-10-22 12:00:00+00:00,0.0048912573,0.00029268322396092117,0.0029880211602733267,0.0005921231349930167,0.0041109230735212905
2024-10-22 13:00:00+00:00,-0.0014713628,0.0002887011505663395,-6.495126418930265e-05,0.0005848134751431644,-0.0013556058019967966
2024-10-22 14:00:00+00:00,-0.0004331661,0.0002856705687008798,-0.0006031556187295602,0.0005779626662842929,-0.0005347403291897495
2024-10-22 15:00:00+00:00,-0.0021541761,0.00028417824069038033,-0.0004748741491765173,0.0005717315943911672,-0.002005693513883357
2024-10-22 16:00:00+00:00,-0.0003908512,0.0002831932797562331,0.0001369753603907854,0.0005676021100953221,-0.00048482394053967436
2024-10-22 17:00:00+00:00,-0.0013039417,0.00028370623476803303,-0.0022594889264879094,0.0005587733467109501,-0.001302582360119034
2024-10-22 18:00:00+00:00,-0.0014036363,0.00028270308393985033,-0.002372783862010276,0.0005502064595930278,-0.0013953992181241792
2024-10-23 10:00:00+00:00,-0.008218231,0.0002806834236253053,-0.005068532980766186,0.0005435083294287324,-0.0072661224299118065
2024-10-23 11:00:00+00:00,0.0025108973,0.00027976161800324917,-0.000484605050550496,0.0005450090975500643,0.0019232807964035799
2024-10-23 12:00:00+00:00,0.00062035647,0.00027880139532499015,-0.00037402876152788366,0.0005410573212429881,0.0003052760731802377
2024-10-23 13:00:00+00:00,0.0025248905,0.00027819411479867995,0.0014093999124897931,0.00053530337754637,0.0019192357966508376
2024-10-23 14:00:00+00:00,-0.0025869089,0.0002774203603621572,0.0004027169902632405,0.0005379135254770517,-0.002428841669651375
2024-10-23 15:00:00+00:00,0.0025905475,0.0002780346549116075,0.0007756284219121132,0.0005377600900828838,0.0019804673597940926
2024-10-23 16:00:00+00:00,-0.00048043852,0.00027934100944548845,0.0008089665573694495,0.0005346492398530245,-0.0005577063163531615
2024-10-23 17:00:00+00:00,-0.0016870016,0.0002794765750877559,0.0003651082223995723,0.0005328470142558217,-0.001674984219107493
2024-10-23 18:00:00+00:00,-0.0026546766,0.000280150183243677,-0.0004502601940228401,0.0005374571774154902,-0.002433082080772036
2024-10-24 10:00:00+00:00,-0.010442165,0.0002811319718603045,-0.003767768671941076,0.0005402523675002158,-0.009181472077874318
2024-10-24 11:00:00+00:00,0.0011521078,0.00028220852254889905,-0.0018183324398322945,0.0005412971950136125,0.0007151483535723598
2024-10-24 12:00:00+00:00,-0.0050132093,0.00028333018417470157,-0.0039006779078306977,0.00054265430662781,-0.004572379427817248
2024-10-24 13:00:00+00:00,0.0018898414,0.00028395134722813964,0.00038156224833657044,0.0005400298396125436,0.001190514171241527
2024-10-24 14:00:00+00:00,0.0027099436,0.00028626961284317076,0.001742477180759368,0.0005392355960793793,0.0019672500414504796
2024-10-24 15:00:00+00:00,-0.0029135782,0.00028928654501214623,0.0002550836184955756,0.0005419605295173824,-0.0028149095686392407
2024-10-24 16:00:00+00:00,0.0060395487,0.00029081874527037144,0.0018076622560105394,0.0005420359666459262,0.0048256149675641935
2024-10-24 17:00:00+00:00,0.0042859805,0.00029086979338899255,0.0013793397216445551,0.0005463649868033826,0.003350292477924854
2024-10-24 18:00:00+00:00,-0.0037634817,0.0002914484648499638,8.362122758053167e-05,0.0005565477767959237,-0.00334894207814841
2024-10-25 10:00:00+00:00,0.0020689142,0.0002935662923846394,0.00037406155689133987,0.0005558633711189032,0.0016076122198528315
2024-10-25 11:00:00+00:00,0.0003670331,0.0002934581134468317,0.00014103869864689274,0.0005598766729235649,0.00027637547207309436
2024-10-25 12:00:00+00:00,0.00033021465,0.0002925118897110224,0.0005118247383227182,0.000558611995074898,0.000280906501368606
2024-10-25 13:00:00+00:00,0.004567772,0.000293654011329636,0.002647952825195903,0.0005614190013147891,0.0038975867592011206
2024-10-25 14:00:00+00:00,-0.0084013,0.0002955503878183663,-0.00020192965728235132,0.0005659712478518486,-0.007106360305518301
2024-10-25 15:00:00+00:00,-0.0037447768,0.0002974987437482923,-0.0016269350414036638,0.000568266143091023,-0.0032751529994776638
2024-10-25 16:00:00+00:00,-0.012156973,0.00029647539486177266,-0.00425485987012437,0.0005702554481104016,-0.010455343827454359
2024-10-25 17:00:00+00:00,-0.005270762,0.00029417144833132625,-0.0036613502815306823,0.0005739460466429591,-0.0048989914211152105
2024-10-25 18:00:00+00:00,0.0006504995,0.00029480468947440386,-0.002907090736768966,0.0005755485617555678,0.00010644433825374631
2024-10-28 10:00:00+00:00,-0.010542681,0.00029399138293229043,-0.0023626042701951158,0.0005745772505179048,-0.009426230501077678
2024-10-28 11:00:00+00:00,0.0037953155,0.000294770288746804,-0.00018275507601230127,0.0005748352268710732,0.0024184358024510466
2024-10-28 12:00:00+00:00,-0.0037611276,0.0002939507830888033,-0.000719603414364733,0.0005756312166340649,-0.0036404170826084864
2024-10-28 13:00:00+00:00,-0.00089306926,0.00029426542459987104,-0.00010239955284447883,0.0005779860075563192,-0.0014845689884043466
2024-10-28 14:00:00+00:00,-0.009032381,0.00029425989487208426,-0.00355920797843434,0.0005803264211863279,-0.008143098617767006
2024-10-28 15:00:00+00:00,0.0015832159,0.0002935380907729268,-0.0035091591462257103,0.0005848154542036355,0.0006304538534065524
2024-10-28 16:00:00+00:00,-0.0061706533,0.00029345019720494747,-0.0035922557735858602,0.0005841133533976972,-0.005800940252217073
2024-10-28 17:00:00+00:00,0.002194444,0.00029033899772912264,-0.001759881970810063,0.0005865854327566922,0.0010918477599828047
2024-10-28 18:00:00+00:00,-0.00976168,0.0002881016698665917,-0.003375842469069909,0.0005877619842067361,-0.008478676118729886
2024-10-29 10:00:00+00:00,0.0099001145,0.0002867189468815923,0.00022563730199680215,0.0005885253776796162,0.007373927127938614
2024-10-29 11:00:00+00:00,-0.012758498,0.00028543887310661376,-0.003448623254894162,0.0005878729862160981,-0.010791770209517283
2024-10-29 12:00:00+00:00,0.0033204022,0.0002843002148438245,-0.0005622157443066912,0.0005895674112252891,0.0018853690162770327
2024-10-29 13:00:00+00:00,0.00052388024,0.0002854863996617496,0.0006779081673669176,0.0005878002266399562,-0.00015846615170190203
2024-10-29 14:00:00+00:00,0.004775976,0.00028526352252811193,0.002253817867646331,0.000585454108659178,0.003378109998321282
2024-10-29 15:00:00+00:00,0.0014622847,0.00028510013362392783,0.000852939556169835,0.0005838412325829268,0.0008950733998146179
2024-10-29 16:00:00+00:00,0.0008555441,0.00028630191809497774,0.0004560200609308414,0.0005793441669084132,0.0004685830531467895
2024-10-29 17:00:00+00:00,0.0007085453,0.0002853424521163106,0.0007621925346906297,0.0005815991316922009,0.00038458070459679577
2024-10-29 18:00:00+00:00,0.00071958365,0.0002848762960638851,0.00037477844343709047,0.0005760483909398317,0.00048160065189247104
2024-10-30 10:00:00+00:00,0.008026448,0.00028364508762024343,0.0037574786153663133,0.0005772571894340217,0.006577915078744698
2024-10-30 11:00:00+00:00,-0.00010685106,0.0002828382421284914,0.0010586009736325795,0.0005778531776741147,-3.571374841266848e-05
2024-10-30 12:00:00+00:00,0.00087736704,0.0002798301575239748,0.000522121341385249,0.0005784603417851031,0.0009802750741131488
2024-10-30 13:00:00+00:00,-0.0020993336,0.00027689157286658883,-9.18883391365147e-05,0.0005805569817312062,-0.0016178241093517205
2024-10-30 14:00:00+00:00,-0.007825336,0.00027228842373006046,-0.0009784711807504878,0.0005834649200551212,-0.006398862912366463
2024-10-30 15:00:00+00:00,0.0032142624,0.00026529032038524747,-6.218258033996075e-05,0.0005848965956829488,0.0024248970619401046
2024-10-30 16:00:00+00:00,-0.00081796455,0.0002615022240206599,0.0003505895660959461,0.0005843793042004108,-0.0008188592678837441
2024-10-30 17:00:00+00:00,0.0060516642,0.00025725699379108846,0.001109456212405783,0.000584329420235008,0.00484984958774361
2024-10-30 18:00:00+00:00,-0.0012915209,0.0002517004031687975,-0.0003548623787076521,0.0005841416423209012,-0.0011217073522008366
2024-10-31 10:00:00+00:00,-0.012423046,0.00023733885609544814,-0.002285851402716837,0.0005907068843953311,-0.010403486254169658
2024-10-31 11:00:00+00:00,-0.0032377986,0.00022229198657441884,-0.0032793616685851583,0.0005915245274081826,-0.0029862932751813487
2024-10-31 12:00:00+00:00,-0.0031820773,0.00020793246221728623,-0.0008485732578498098,0.0005902442499063909,-0.003112645817584211
2024-10-31 13:00:00+00:00,0.0049476866,0.00018384009308647364,0.0017927818292494825,0.00058623036602512,0.003553807084427968
2024-10-31 14:00:00+00:00,0.0042325077,0.00014462193939834833,0.0016104680526417994,0.0005847739521414042,0.003055303269593311
2024-10-31 15:00:00+00:00,-0.0045892587,0.00014221873425412923,-1.9266114674800148e-05,0.0005813230527564883,-0.0039007565167343936
2024-10-31 16:00:00+00:00,-0.0040884432,0.0001399313478032127,-5.616075474869421e-05,0.0005771035794168711,-0.0036154506895882633
2024-10-31 17:00:00+00:00,-0.0041599735,0.0001301422598771751,-0.0020625369496169296,0.0005728307296521962,-0.003738895793661692
2024-10-31 18:00:00+00:00,0.001176381,0.00012429036723915488,-1.3754608898882965e-05,0.0005734185106121004,0.00045690335839244266
2024-11-01 10:00:00+00:00,-0.00083622173,0.00011923468264285475,-0.0017276237793025665,0.0005732803256250918,-0.0011684773738833548
2024-11-01 11:00:00+00:00,-0.0011460558,0.0001163943306892179,-0.001532749197958346,0.0005733451689593494,-0.0012927645012663594
2024-11-01 12:00:00+00:00,-0.002653088,0.00011373726010788232,-0.0021411279386822735,0.0005694801802746952,-0.0024048869842960012
2024-11-01 13:00:00+00:00,0.0011961325,0.00010825599747477099,-0.00012933441856920837,0.0005678287125192583,0.0006782586638683706
2024-11-01 14:00:00+00:00,0.0032321964,0.00010418864985695109,0.002169877919636113,0.0005661118193529546,0.0023517201389861167
2024-11-01 15:00:00+00:00,-0.0029422028,0.00010141755046788603,0.0007644300638832592,0.0005642775795422494,-0.0027027971243019848
2024-11-01 16:00:00+00:00,0.005408228,9.821651474339887e-05,0.001291551403759331,0.000560485350433737,0.0041478765528726765
2024-11-01 17:00:00+00:00,0.0030196102,9.435336687602103e-05,0.001980645543395252,0.0005546738975681365,0.002261559545334165
2024-11-01 18:00:00+00:00,0.00037292705,9.167449024971575e-05,0.00033612739931355653,0.0005557751283049583,0.00025330123052435903
2024-11-02 10:00:00+00:00,0.005403461,9.00534723768942e-05,0.0015610503870822387,0.0005526978056877851,0.004371968374731021
2024-11-02 11:00:00+00:00,-0.0014496762,8.730026456760243e-05,0.00033176461607843747,0.0005516322562471032,-0.0011089523731227949
2024-11-02 12:00:00+00:00,3.8685994e-06,8.5049046901986e-05,-8.688656128531276e-05,0.0005505048902705312,4.7933975953810175e-05
2024-11-02 13:00:00+00:00,0.0014419446,8.374569733859971e-05,0.0007642187886927666,0.0005460771499201655,0.0012307799353194092
2024-11-02 14:00:00+00:00,0.0026272605,8.30279677757062e-05,0.0011934945254099276,0.0005482363048940897,0.0021905069411378734
2024-11-02 15:00:00+00:00,3.082258e-05,8.157963748089969e-05,0.0003743875921588528,0.0005510473856702447,7.852951753008158e-05
2024-11-02 16:00:00+00:00,0.0024050823,8.003001858014613e-05,0.0014692668062052583,0.0005462258704937994,0.002043642049662006
2024-11-02 17:00:00+00:00,-0.0008690102,7.796254067216069e-05,0.0003859437109644461,0.0005466556176543236,-0.0006339526974045341
2024-11-02 18:00:00+00:00,-0.0019830924,7.657585956621915e-05,-0.0007247623755095042,0.0005453642806969583,-0.0016129651739763915
2024-11-05 10:00:00+00:00,0.0073350994,7.669552724109963e-05,0.0025469798956586306,0.0005456056096591055,0.0060535916847097495
2024-11-05 11:00:00+00:00,-0.00080001995,7.560980884591118e-05,0.0005144829685296477,0.0005583598976954818,-0.0007430875733644438
2024-11-05 12:00:00+00:00,0.0035435478,7.660610572202131e-05,0.0009125299923170054,0.0005558849661611021,0.003021168992903167
2024-11-05 13:00:00+00:00,-0.0008131028,7.803517655702308e-05,0.0009535397782400843,0.0005568803753703833,-0.0005829629079964818
2024-11-05 14:00:00+00:00,-0.0022136124,7.943553646327928e-05,-0.0013952663632849566,0.000551542267203331,-0.0017402209456560235
2024-11-05 15:00:00+00:00,7.654506e-05,7.833919516997412e-05,-0.0011352866985630836,0.0005470611504279077,8.730981101764398e-05
2024-11-05 16:00:00+00:00,-0.0016930135,7.701316644670442e-05,-0.0005237661639322448,0.0005429248558357358,-0.0014374098840897226
2024-11-05 17:00:00+00:00,0.0006323426,7.721381552983075e-05,-0.00015472606437880084,0.0005370747530832887,0.00039744978788542137
2024-11-05 18:00:00+00:00,0.0024260154,7.68950703786686e-05,0.0005631151970279281,0.0005377104971557856,0.001919565492700345
2024-11-06 10:00:00+00:00,0.028925838,7.628256571479142e-05,0.0036598737080340846,0.000531399913597852,0.024296633949942532
2024-11-06 11:00:00+00:00,0.0016064022,7.595205534016714e-05,0.002137449458578993,0.0005271476111374795,0.0018921266535922546
2024-11-06 12:00:00+00:00,-0.0013242603,7.681773422518745e-05,0.0011913836011616693,0.0005217586294747889,-0.0006941152855551883
2024-11-06 13:00:00+00:00,-0.004408268,7.755566912237555e-05,3.8739207385766135e-05,0.0005206255009397864,-0.00331193789680052
2024-11-06 14:00:00+00:00,-0.002385206,7.802296022418886e-05,-0.0003160607767975461,0.0005158809944987297,-0.0017852774054756236
2024-11-06 15:00:00+00:00,-0.004029304,7.831227412680164e-05,-0.0006016215044140331,0.0005158817511983216,-0.003139395024503363
2024-11-06 16:00:00+00:00,-0.0017726372,7.881812052801251e-05,-0.0002550973796209002,0.000509117147885263,-0.001396352466521465
2024-11-06 17:00:00+00:00,-6.0144495e-05,7.936078327475116e-05,0.0003774267094558187,0.0005146046169102192,0.00022555917593494423
2024-11-06 18:00:00+00:00,0.0010106988,7.98762048361823e-05,0.0003447416417775439,0.0005079205147922039,0.0010320251002772045
2024-11-07 11:00:00+00:00,0.0,7.989060395630077e-05,0.00030877391798067296,0.000507661490701139,9.090766421155436e-05
2024-11-07 12:00:00+00:00,-0.0046448684,7.971156446728855e-05,0.0007515363928120625,0.0005051339394412935,-0.004243798221148462
2024-11-07 13:00:00+00:00,-0.0059561376,8.067188173299655e-05,-0.0007604064226170313,0.0005044941790401936,-0.005477395066933317
2024-11-07 14:00:00+00:00,0.0061598495,8.247285586548969e-05,0.0007371756878589242,0.0005062914569862187,0.004712416823172405
2024-11-07 15:00:00+00:00,0.0028513817,8.493472705595195e-05,-2.871243278766735e-05,0.0005075904191471636,0.0020112863143207753
2024-11-07 16:00:00+00:00,0.00028957982,8.696832082932815e-05,9.785372363581493e-05,0.0005096535896882415,7.997235850477987e-06
2024-11-07 17:00:00+00:00,0.012599792,8.880474342731759e-05,0.003037765941858791,0.0005107527249492705,0.010493952082782532
2024-11-07 18:00:00+00:00,-0.000928719,9.125491487793624e-05,0.0029773076844589745,0.0005207841168157756,-0.0008028152524387124
2024-11-08 10:00:00+00:00,0.017540012,9.258234786102548e-05,0.004260338825776592,0.0005270439432933927,0.015047047827164038
2024-11-08 11:00:00+00:00,-0.0034717494,9.534783748677e-05,0.0009279565326918707,0.0005352714215405285,-0.0026745253046492855
2024-11-08 12:00:00+00:00,0.0006301267,9.781681001186371e-05,0.0002290564945686891,0.0005450701573863626,0.0008079981103408283
2024-11-08 13:00:00+00:00,-0.0045921565,0.00010070556163555011,-0.00020394766020929696,0.0005456502549350262,-0.003583476722576778
2024-11-08 14:00:00+00:00,0.00072086917,0.00010427814413560554,-0.0006091859795706165,0.0005499136168509722,0.0009962625267735505
2024-11-08 15:00:00+00:00,0.0030908976,0.00010668333561625332,0.0002946214260885879,0.0005509617039933801,0.002996359812744363
2024-11-08 16:00:00+00:00,-0.0011148518,0.0001086042684619315,0.0001226981920212102,0.0005608362844213843,-0.0007683711156517528
2024-11-08 17:00:00+00:00,0.0011624987,0.00011102716234745458,4.287572546263462e-05,0.000566731090657413,0.0011765417148634398
2024-11-08 18:00:00+00:00,0.002229533,0.00011419264774303883,0.0011180034814240259,0.0005631510284729302,0.001928086420043151
2024-11-11 10:00:00+00:00,0.0155194895,0.00011701093899318948,0.0021725951185073383,0.000561088731046766,0.013689234319536616
2024-11-11 11:00:00+00:00,0.0056799566,0.00012024082388961688,0.0040379805078982105,0.0005579168209806085,0.005190395427405887
2024-11-11 12:00:00+00:00,-0.0039603584,0.00012257471098564565,0.0021540958522349254,0.0005595997790805995,-0.0033564362965578572
2024-11-11 13:00:00+00:00,0.0023049426,0.00012441848230082542,0.0015065526748243268,0.0005657122237607837,0.002172383848978277
2024-11-11 14:00:00+00:00,-0.0061006285,0.0001263156154891476,-0.0005759774422159967,0.000567389652132988,-0.005162470110761701
2024-11-11 15:00:00+00:00,0.0012872497,0.0001282552839256823,-0.00014443798690565456,0.0005660377210006118,0.0012264990622065483
2024-11-11 16:00:00+00:00,0.003683113,0.00012982782209292054,0.0022105994768101996,0.000562946021091193,0.0032724292721661593
2024-11-11 17:00:00+00:00,-0.0020952653,0.00013172185572329909,0.0004521644300848806,0.0005597425624728203,-0.001620894595787701
2024-11-11 18:00:00+00:00,0.0020701336,0.00013408446102403104,0.000677705292067954,0.0005570945213548839,0.0019337907376481623
2024-11-12 10:00:00+00:00,-0.009422019,0.00013816719001624733,-0.0006437503799569946,0.0005544093437492847,-0.00821760465641194
2024-11-12 11:00:00+00:00,0.0014739837,0.0001428851974196732,0.0005561471926841365,0.0005531552014872432,0.0011447897113881823
2024-11-12 12:00:00+00:00,0.0028945568,0.0001471786090405658,0.0016050143516982427,0.0005520095583051443,0.0021356258687839844
2024-11-12 13:00:00+00:00,-0.0015022446,0.00015141531184781343,0.0009080663429945445,0.0005502671119756997,-0.001531565922739722
2024-11-12 14:00:00+00:00,-0.0019027092,0.00015551081742160022,-0.0004611065263269412,0.0005461284308694303,-0.0018026488456624663
2024-11-12 15:00:00+00:00,-0.0023671568,0.00015974110283423215,-0.0024175802418975405,0.0005446381401270628,-0.002244327335261674
2024-11-12 16:00:00+00:00,-0.0025110256,0.00016368059732485563,-0.002667602793483053,0.0005423181573860347,-0.002327144054729777
2024-11-12 17:00:00+00:00,0.0049759382,0.00016702724678907543,0.0011405933336583335,0.0005389894940890372,0.003949195993176218
2024-11-12 18:00:00+00:00,-0.0019424238,0.00016925460658967495,0.00047549286126047434,0.0005395801272243261,-0.001887104374030872
2024-11-13 10:00:00+00:00,-0.0026951942,0.00017289271636400372,-0.0008863355888228854,0.0005373648018576205,-0.0026560174095089104
2024-11-13 11:00:00+00:00,0.0029236972,0.00017712273984216154,0.000592002273772789,0.0005379426293075085,0.002337757852567214
2024-11-13 12:00:00+00:00,0.0016777159,0.00018070076475851238,0.0010240897274569156,0.0005403659888543189,0.0012351251924241596
2024-11-13 13:00:00+00:00,-0.00042731484,0.0001850322150858119,0.000623314007653811,0.0005440734676085413,-0.0006407691258839537
2024-11-13 14:00:00+00:00,-0.002378916,0.0001893577864393592,0.0008200609957789551,0.0005451072938740253,-0.0021855239294406204
2024-11-13 15:00:00+00:00,0.0026215662,0.00019513566803652793,0.0018326995578189294,0.0005496722878888249,0.0019857370142904976
2024-11-13 16:00:00+00:00,0.0008542399,0.00020260352175682783,0.0012246122684736699,0.000550470722373575,0.0006247156298659778
2024-11-13 17:00:00+00:00,-5.0654897e-05,0.0002088582405121997,0.0007677340855932044,0.0005486045847646892,-0.00023356531210616738
2024-11-13 18:00:00+00:00,9.4071336e-05,0.00021067775378469378,0.0006546340214125848,0.000555765233002603,-7.813454210429049e-05
2024-11-14 10:00:00+00:00,-0.011037575,0.000211668448173441,-0.001988011354888323,0.0005546844913624227,-0.009594979899088717
2024-11-14 11:00:00+00:00,-0.0027400188,0.00021509650105144829,-0.0023036828113992143,0.0005598618881776929,-0.0025728298982840474
2024-11-14 12:00:00+00:00,0.0004620801,0.00022046390222385526,0.0007874975633215003,0.0005602174205705523,0.00011107977145964558
2024-11-14 13:00:00+00:00,0.0001246517,0.00022787609486840665,0.0008160716977423958,0.0005581607110798359,-0.00021557504400295565
2024-11-14 14:00:00+00:00,-0.0023379717,0.0002373028837610036,-0.0012320590924468052,0.0005538149271160364,-0.002345284469473148
2024-11-14 15:00:00+00:00,-0.0011176965,0.00024992323596961796,-0.002456240373899749,0.0005473213968798518,-0.0013672063532330272
2024-11-14 16:00:00+00:00,-0.00020234834,0.00026921177050098777,-0.002149334242210255,0.0005384188261814415,-0.0005328128591526183
2024-11-14 17:00:00+00:00,-0.005967413,0.00028068231767974794,-0.0038073455670902647,0.0005273293354548514,-0.005494857578366208
2024-11-14 18:00:00+00:00,-0.0015446993,0.0002577033592388034,-0.0028738118088491643,0.0005661645554937422,-0.001831438196939288
2024-11-15 10:00:00+00:00,0.0032680917,0.00025649380404502153,-0.0009147258753586997,0.0005696869920939207,0.0022973962147699667
2024-11-15 11:00:00+00:00,0.003507863,0.00025851436657831073,0.0008714035175911224,0.0005682641640305519,0.002565919097493708
2024-11-15 12:00:00+00:00,-0.0012785204,0.00026135152438655496,0.0009891989907061392,0.0005616762209683657,-0.001354330393979878
2024-11-15 13:00:00+00:00,-0.0015792196,0.00026470160810276866,0.0004354280061950925,0.0005548752378672361,-0.0016025397892107953
2024-11-15 14:00:00+00:00,0.00072719355,0.0002645118220243603,0.0014966894591132423,0.0005476755322888494,0.0003991892658734644
2024-11-15 15:00:00+00:00,0.005530741,0.00026320142205804586,0.0017131534567074178,0.000539334665518254,0.004570552577740049
2024-11-15 16:00:00+00:00,6.97208e-05,0.0002614687546156347,0.00023060529925317925,0.0005314796580933034,-9.100624442157657e-05
2024-11-15 17:00:00+00:00,0.00027149788,0.0002581239095889032,-0.00036001385370736376,0.0005253099952824414,0.00012076185058971043
2024-11-15 18:00:00+00:00,0.004837893,0.00025509746046736836,0.0017630759696242045,0.0005190524389036,0.004135801725310447
2024-11-18 10:00:00+00:00,-0.010012686,0.00025173541507683694,-0.0013143310344620224,0.0005129894707351923,-0.00865075758796146
2024-11-18 11:00:00+00:00,0.0016653284,0.00024998991284519434,-0.0007255985413037785,0.0005069882026873529,0.0012417656806643239
2024-11-18 12:00:00+00:00,-0.006618725,0.00024786469293758273,-0.002357604115917037,0.0005011580069549382,-0.005779575473465034
2024-11-18 13:00:00+00:00,0.0020027957,0.0002465228899382055,-0.00014061396199296873,0.0004945551045238972,0.001383329411958776
2024-11-18 14:00:00+00:00,0.002434228,0.0002460448886267841,0.0011106451873608486,0.0004829459358006716,0.001824853087498371
2024-11-18 15:00:00+00:00,-0.0017096199,0.00024329520238097757,0.00024382675617323898,0.00048204557970166206,-0.001647321787266749
2024-11-18 16:00:00+00:00,0.005182619,0.0002411910827504471,0.0011079358230334192,0.0004708201449830085,0.004085635997713694
2024-11-18 17:00:00+00:00,0.0016347226,0.00023677440185565501,0.001778048057561987,0.00048723179497756064,0.0011655798095744632
2024-11-18 18:00:00+00:00,-0.0013332919,0.00023249145306181163,-0.0004030656457514896,0.0004838718450628221,-0.001335472591811575
2024-11-19 10:00:00+00:00,-0.0072706398,0.0002301880595041439,-0.0017733667728543373,0.0004779237788170576,-0.0064908124026788645
2024-11-19 11:00:00+00:00,-0.006369602,0.0002277049352414906,-0.003966736706253063,0.00047087593702599406,-0.005624687958921283
2024-11-19 12:00:00+00:00,0.001939316,0.00022552329755853862,0.0004232627517350321,0.0004660237464122474,0.0012010299167782039
2024-11-19 13:00:00+00:00,-0.00075517886,0.00022344800527207553,6.0415633196041197e-05,0.00046073581324890256,-0.0009447344874928818
2024-11-19 14:00:00+00:00,-0.0019519688,0.00022105351672507823,-4.370769676821475e-05,0.00045369251165539026,-0.0019217509892030952
2024-11-19 15:00:00+00:00,-0.0036870842,0.00021874801313970238,-0.003759824580014148,0.00044776505092158914,-0.003447584669645697
2024-11-19 16:00:00+00:00,-0.008671536,0.00021529164223466069,-0.0035936097884191965,0.0004394936840981245,-0.007683948816532077
2024-11-19 17:00:00+00:00,-0.0047111264,0.00021246736287139356,-0.0019714145480552443,0.0004542744718492031,-0.004631445645842966
2024-11-19 18:00:00+00:00,-0.0022593646,0.00020942218543495983,-0.003280130877227994,0.0004566661373246461,-0.002555010349986424
2024-11-20 10:00:00+00:00,0.00076001993,0.00020546818268485367,-0.002101722322027828,0.00044913971214555204,-2.556853980775824e-05
2024-11-20 11:00:00+00:00,0.0017268965,0.00020331714767962694,-0.0012672379322544002,0.0004461383505258709,0.0008635106848064478
2024-11-20 12:00:00+00:00,0.0019510279,0.00019935601449105889,-0.00023555520990106683,0.0004348291549831629,0.001210025356649535
2024-11-20 13:00:00+00:00,0.00041244837,0.00019506739045027643,9.472649788167126e-05,0.00042666378431022167,-9.874330704093352e-05
2024-11-20 14:00:00+00:00,0.0011683105,0.00019188164151273668,0.0015854440137049424,0.0004240456910338253,0.0005526339210351876
2024-11-20 15:00:00+00:00,-0.003217092,0.00018864865705836564,0.0008551719596179364,0.0004202938871458173,-0.0030389114010326576
2024-11-20 16:00:00+00:00,-0.0069729905,0.00018513144459575415,-0.0031212576792131958,0.0004175298672635108,-0.006213469767215347
2024-11-20 17:00:00+00:00,-0.0049098027,0.0001812754344427958,-0.003409694235562743,0.00041397492168471217,-0.004443904257309541
2024-11-20 18:00:00+00:00,-0.0037819871,0.00017741518968250602,-0.0035296969187385533,0.0004196480440441519,-0.003570877760639334
2024-11-21 10:00:00+00:00,-0.005591504,0.0001732997188810259,-0.0035669008778599696,0.00042181089520454407,-0.005021256566337283
2024-11-21 11:00:00+00:00,-0.0030988054,0.00016858670278452337,-0.0035092471766227946,0.00042023477726615965,-0.0031097115721516223
2024-11-21 12:00:00+00:00,0.0016727636,0.0001645139855099842,-0.0007273511801902479,0.0004171243344899267,0.00069977511997955
2024-11-21 13:00:00+00:00,0.0049591227,0.00015998983872123063,0.0009499201855734459,0.00041644537122920156,0.003472715767040258
2024-11-21 14:00:00+00:00,-0.0019466756,0.0001564719423186034,0.0005346523636998348,0.0004144345293752849,-0.0021199790907857584
2024-11-21 15:00:00+00:00,-0.0038543008,0.00015234440797939897,-0.00044838199339678115,0.0004166712169535458,-0.00370460547013629
2024-11-21 16:00:00+00:00,0.0032509896,0.0001474487071391195,0.0008861334308581325,0.00041116218199022114,0.0020986872370697372
2024-11-21 17:00:00+00:00,-0.009359121,0.000142446588142775,-0.003338528047972703,0.00041024424717761576,-0.007998992716905946
2024-11-21 18:00:00+00:00,0.003013959,0.00013906025560572743,-0.0012425206485307272,0.0004130307643208653,0.0020873645566784507
2024-11-22 10:00:00+00:00,0.017662147,0.00013570795999839902,0.0024421296000768917,0.00041423659422434866,0.014169616914794304
2024-11-22 11:00:00+00:00,-0.006046464,0.00013118848437443376,0.0006419624646937885,0.0004106412234250456,-0.0049271611601600426
2024-11-22 12:00:00+00:00,0.0044884705,0.00012702314415946603,0.0008951044991525026,0.00040611703298054636,0.0036647005005963967
2024-11-22 13:00:00+00:00,-0.0012688581,0.00012479719589464366,0.00038717730925182944,0.0004054478486068547,-0.0009644385112837945
2024-11-22 14:00:00+00:00,-0.003100325,0.0001226693857461214,-0.00015779083297647755,0.0004047274705953896,-0.00261472287277526
2024-11-22 15:00:00+00:00,-0.0027703678,0.00012193652946734801,-0.0001160110164547196,0.00040247043943963945,-0.0024280532524710292
2024-11-22 16:00:00+00:00,-0.0027161592,0.00012190283450763673,0.0002130123470907544,0.0003997372405137867,-0.00237954105158192
2024-11-22 17:00:00+00:00,-0.0023861,0.00012004639575025067,-0.001319138773690494,0.0003936884750146419,-0.002122221006253116
2024-11-22 18:00:00+00:00,0.0009729456,0.00011848387657664716,-0.00018020957698482181,0.00039399898378178477,0.000663856770442316
2024-11-25 10:00:00+00:00,-0.008325762,0.00011635460396064445,-0.004153094391712118,0.00039189084782265127,-0.006816653907700144
2024-11-25 11:00:00+00:00,0.0010230539,0.0001112756144721061,-0.0021676106475119784,0.0003878652350977063,0.00030128629451651475
2024-11-25 12:00:00+00:00,0.0013884287,0.0001052905063261278,-0.00017528674782806838,0.00038529979065060616,0.0007236096580102456
2024-11-25 13:00:00+00:00,-0.0006978735,0.00010153060429729521,8.057998721296521e-06,0.0003826184256467968,-0.0010474599153697912
2024-11-25 14:00:00+00:00,-0.0009794034,9.778406092664227e-05,-0.0007146433012849855,0.0003801020502578467,-0.0013261890707046966
2024-11-25 15:00:00+00:00,-0.006717731,9.293846960645169e-05,-0.0024468929892691393,0.00037275112117640674,-0.00575958832642049
2024-11-25 16:00:00+00:00,-0.00073522335,8.812788291834295e-05,-0.0032361942452047614,0.00036542763700708747,-0.001155387533671955
2024-11-25 17:00:00+00:00,-0.0073940046,8.2797632785514e-05,-0.0029460334520164614,0.0003668368444778025,-0.006447100457872905
2024-11-25 18:00:00+00:00,0.0027342152,7.766653288854286e-05,-0.0006319385068775614,0.00036728993291035295,0.001581956614656922
2024-11-26 10:00:00+00:00,-0.003971221,7.201490370789543e-05,-0.0006073871080323289,0.0003603504737839103,-0.0038379325519432464
2024-11-26 11:00:00+00:00,0.0029551715,6.60369623801671e-05,0.0011579959664572966,0.00035003997618332505,0.001813087308528019
2024-11-26 12:00:00+00:00,-0.002717167,6.017839041305706e-05,0.0005336399788705461,0.0003390475467313081,-0.002619719966889845
2024-11-26 13:00:00+00:00,-0.0020725396,5.608416176983155e-05,0.0004948150284832958,0.0003382045542821288,-0.002140131219317926
2024-11-26 14:00:00+00:00,-0.009580572,5.268126915325411e-05,-0.003392538041339047,0.00032726855715736747,-0.00814802169473222
2024-11-26 15:00:00+00:00,-0.0054924744,4.973259274265729e-05,-0.0016318669097725978,0.000315404700813815,-0.00519006467698683
2024-11-26 16:00:00+00:00,-0.001586959,5.048300954513252e-05,-0.0016869681342365202,0.00030469108605757356,-0.001990463080138451
2024-11-26 17:00:00+00:00,-0.0070037413,4.6874090912751853e-05,-0.0034205078181530134,0.00029208353953436017,-0.006239355568872817
2024-11-26 18:00:00+00:00,0.0029055907,4.420798723003827e-05,-0.0027006652853472637,0.00028027466032654047,0.0014526919314839493
2024-11-27 10:00:00+00:00,-0.012897555,3.918632501154207e-05,-0.003659046354724679,0.00025719075347296894,-0.010810271987573481
2024-11-27 11:00:00+00:00,0.0062081586,3.663004463305697e-05,-0.00018956663188620287,0.0002444710407871753,0.0036819554799561137
2024-11-27 12:00:00+00:00,0.015870648,3.4186101402156055e-05,0.0033907414101094456,0.00022933520085643977,0.011609393759532998
2024-11-27 13:00:00+00:00,-0.0009372807,3.58232828148175e-05,0.0015088869358938844,0.0002101639547618106,-0.0012762897047039847
2024-11-27 14:00:00+00:00,0.008479891,3.736019061761908e-05,0.0013355188650983,0.00020405190298333764,0.006245099539329973
2024-11-27 15:00:00+00:00,-0.015884236,3.846634353976697e-05,0.0001332318853010457,0.00019522510410752147,-0.012708230642270184
2024-11-27 16:00:00+00:00,0.009832223,3.8974336348474026e-05,0.0013208058184534177,0.00018241403449792415,0.007371435973113275
2024-11-27 17:00:00+00:00,-0.0019370038,3.58551878889557e-05,0.0004817558426411643,0.00016536752809770405,-0.0016694149949553917
2024-11-27 18:00:00+00:00,0.0023745203,3.1872510589892045e-05,0.0011678997317572028,0.0001496519398642704,0.001835908844431905
2024-11-28 10:00:00+00:00,0.020232324,2.645378845045343e-05,0.004223915404796933,0.0001411416451446712,0.016270675037486197
2024-11-28 11:00:00+00:00,0.00046787673,2.1129049855517223e-05,0.0029538487132368847,0.00012690344010479748,0.0010018495303716058
2024-11-28 12:00:00+00:00,-0.003240307,1.635701300983783e-05,0.0006262844793874974,0.00011863582767546177,-0.002103081753862161
2024-11-28 13:00:00+00:00,-0.003298319,1.171412441181019e-05,-4.9129390102996804e-05,0.00010889671102631837,-0.00264788429067177
2024-11-28 14:00:00+00:00,-0.006828621,6.212169409991475e-06,-0.0005756405828243695,9.812910138862208e-05,-0.00548065913623488
2024-11-28 15:00:00+00:00,-0.0012596468,1.1617609061431722e-06,-0.0005427985182139427,8.971340139396489e-05,-0.0012869798079364401
2024-11-28 16:00:00+00:00,0.003746374,-1.9725705442397157e-06,-0.00040050076207481333,8.496564987581223e-05,0.0028961643785684753
2024-11-28 17:00:00+00:00,0.0069380095,-5.846598014613846e-06,0.001019226723194181,8.643193723401055e-05,0.005454742017795506
2024-11-28 18:00:00+00:00,0.0054665054,-7.4804906944336835e-06,0.002118246655170651,9.035139373736456e-05,0.004427090039986326
2024-11-29 10:00:00+00:00,0.0022346554,-9.89764703263063e-06,0.002286997486348868,9.249151480617002e-05,0.0018656116652362067
2024-11-29 11:00:00+00:00,0.007148629,-1.3429167665890418e-05,0.004049779522691991,9.375728404847905e-05,0.005486007974809352
2024-11-29 12:00:00+00:00,0.0014802989,-1.7219867004314438e-05,0.002825666004487163,9.311392204836011e-05,0.0011584735956900465
2024-11-29 13:00:00+00:00,-0.0025034123,-2.0743045752169564e-05,0.0005498155759920118,8.709123358130455e-05,-0.002124479853974331
2024-11-29 14:00:00+00:00,0.0020529497,-2.4340199161088094e-05,0.00219792953452113,7.71227860241197e-05,0.0016531434749178734
2024-11-29 15:00:00+00:00,-0.00022530746,-2.9084862035233527e-05,0.0018712691416414107,6.873068923596293e-05,7.179177953512482e-05
2024-11-29 16:00:00+00:00,-0.0042554,-3.4792286896845326e-05,-0.0004118919342907159,6.300335371633992e-05,-0.0032931924824703552
2024-11-29 17:00:00+00:00,0.0027624273,-4.1416169551666826e-05,0.00013202579821712155,5.910550316912122e-05,0.00235758442833003
2024-11-29 18:00:00+00:00,0.0030574233,-4.831444312003441e-05,0.0013598941295399787,5.31740952283144e-05,0.0024530880025442924
2024-12-02 10:00:00+00:00,0.0061948914,-5.582323137787171e-05,0.0029625401172950487,5.149233402335085e-05,0.004988113615965448
2024-12-02 11:00:00+00:00,-0.001805779,-6.192937871674076e-05,0.0014357219778846834,4.67585887236055e-05,-0.0014966153172726651
2024-12-02 12:00:00+00:00,-0.0011090053,-6.957686855457723e-05,0.00046392843371475097,3.690860467031598e-05,-0.0011743721953459006
2024-12-02 13:00:00+00:00,-0.00062653254,-7.799503509886563e-05,-0.00037068005880105373,2.4397868401138112e-05,-0.0006831907726858986
2024-12-02 14:00:00+00:00,0.0011019711,-8.690044342074543e-05,1.3824402163456096e-05,1.6983096429612488e-05,0.0006954340688679312
2024-12-02 15:00:00+00:00,-0.0021586833,-9.769806638360023e-05,-0.0002554025596034473,6.981496198932291e-07,-0.0019221461275573263
2024-12-02 16:00:00+00:00,0.0008516503,-0.00010873433348024264,-0.0006177090078347389,-2.208129671998904e-06,0.0004074120554998519
2024-12-02 17:00:00+00:00,0.0006150597,-0.0001146656068158336,-7.629359919953383e-06,8.733765753277112e-06,0.0002547288719682339
2024-12-02 18:00:00+00:00,0.00032091868,-0.00011472000187495723,0.00015942475381099577,-5.244110525381984e-06,8.28921240338518e-05
2024-12-03 10:00:00+00:00,-0.007496892,-0.00011566399916773662,-0.0018914068035390192,-1.278939816984348e-05,-0.0063540416004494666
2024-12-03 11:00:00+00:00,-0.0054012914,-0.00011852361058117822,-0.003985107872681718,-2.7271122235106304e-05,-0.004810045821292435
2024-12-03 12:00:00+00:00,-1.5664344e-05,-0.00012048823555232957,-0.002310833804763936,-4.087745401193388e-05,-0.0005083474704161319
2024-12-03 13:00:00+00:00,0.002010861,-0.00012478190183173865,0.00021152202330015273,-5.6717140978435054e-05,0.0011299590466909435
2024-12-03 14:00:00+00:00,-1.1724818e-05,-0.00013012925046496093,0.0005375561024155477,-7.481978536816314e-05,-0.0004900831141303985
2024-12-03 15:00:00+00:00,-0.007473158,-0.00013510255666915327,-0.0039040404867127163,-9.046756167663261e-05,-0.006523439367959094
2024-12-03 16:00:00+00:00,-0.000799655,-0.00013785657938569784,-0.003939807560934617,-0.0001013303262880072,-0.0011989004039240259
2024-12-03 17:00:00+00:00,0.0008744668,-0.00014522974379360676,6.10432228791338e-05,-0.00011171808728249744,0.00014567400553962815
2024-12-03 18:00:00+00:00,-6.299907e-05,-0.0001516536285635084,0.0009166962377943702,-0.00012406679161358625,-0.0006466667119045601
2024-12-04 10:00:00+00:00,-0.00449893,-0.00015818116662558168,-0.001286136835398946,-0.00013816192222293466,-0.004211671188597243
2024-12-04 11:00:00+00:00,0.009471505,-0.0001654412189964205,0.001392016419580789,-0.0001478513440815732,0.007070288479322629
2024-12-04 12:00:00+00:00,-0.00082312594,-0.0001734936813591048,0.0012863427056257338,-0.0001569590822327882,-0.000993702817369963
2024-12-04 13:00:00+00:00,-0.0013616042,-0.00018244428792968392,0.0005413149509758354,-0.0001674175582593307,-0.0014205998747847236
2024-12-04 14:00:00+00:00,0.002803588,-0.00019132404122501612,0.000998499667249408,-0.00017427695274818689,0.001955047691907075
2024-12-04 15:00:00+00:00,-0.0068285936,-0.00020195907563902438,0.0005130132632144586,-0.0001793444826034829,-0.0057608830135814455
2024-12-04 16:00:00+00:00,-0.0057606967,-0.00021001642744522542,-0.004125591844851939,-0.0001773153489921242,-0.004841628312996859
2024-12-04 17:00:00+00:00,-0.0063924924,-0.00021959631703794003,-0.003836578352848942,-0.0001783536863513291,-0.005539615313579778
2024-12-04 18:00:00+00:00,-0.008109864,-0.00022591689776163548,-0.004008806207516849,-0.00017879923689179122,-0.006951237602553517
2024-12-05 10:00:00+00:00,-0.002981565,-0.00023211921507027,-0.0013082313994918105,-0.0001848130632424727,-0.0031510658300955103
2024-12-05 11:00:00+00:00,-0.004468816,-0.00023890395823400468,-0.0023655630128291572,-0.00018864052253775299,-0.004143760107821175
2024-12-05 12:00:00+00:00,0.0012719041,-0.0002462861593812704,-0.0010092565846737326,-0.00019018661987502128,0.00016044553722449753
2024-12-05 13:00:00+00:00,-0.0034996052,-0.0002539535635150969,-0.0022017159655733985,-0.00019118741329293698,-0.00352507205705632
2024-12-05 14:00:00+00:00,-0.004445863,-0.00026009202701970935,-0.0031504011068602955,-0.00018787579028867185,-0.004277495344237375
2024-12-05 15:00:00+00:00,-0.0022099186,-0.0002666324144229293,-0.0030549817259274523,-0.00018484379688743502,-0.002707149009988317
2024-12-05 16:00:00+00:00,0.01201577,-0.0002705378283280879,0.000950258409718736,-0.00017739659233484417,0.008546452393081518
2024-12-05 17:00:00+00:00,0.016923277,-0.00028053461574018,0.0027450962877338062,-0.0001731894735712558,0.012964207113597054
2024-12-05 18:00:00+00:00,-0.0025139335,-0.0002820117224473506,0.000749686782524705,-0.00016227897140197456,-0.002054475265670467
2024-12-06 10:00:00+00:00,0.013587998,-0.0002843765541911125,0.0035060976568042183,-0.00014384803944267333,0.010954716162569938
2024-12-06 11:00:00+00:00,-0.006286466,-0.0002823743561748415,0.001071068688438719,-0.0001344699994660914,-0.004698922913492516
2024-12-06 12:00:00+00:00,-0.006242683,-0.0002804689866025001,-0.0012643985121068293,-0.00011756378080463037,-0.004785734546716302
2024-12-06 13:00:00+00:00,0.0009345182,-0.00028427731012925506,-0.000804432196820739,-0.00010455020674271509,0.0008562886317437567
2024-12-06 14:00:00+00:00,0.009096601,-0.00028645896236412227,0.0012473586037245884,-8.301254274556413e-05,0.007542093546521442
2024-12-06 15:00:00+00:00,0.0018849183,-0.0002903327695094049,0.002120796629094027,-6.834105442976579e-05,0.002069568782032092
2024-12-06 16:00:00+00:00,-0.001380876,-0.0002903640561271459,0.0018127648465362993,-5.469489042297937e-05,-0.0005677100601308202
2024-12-06 17:00:00+00:00,-0.000925585,-0.00028872230905108154,-4.192996790398706e-05,-3.875946276821196e-05,-0.0005022337597171757
2024-12-06 18:00:00+00:00,-0.0006030757,-0.0002859656233340502,-0.00032308523938461557,-3.0441467970376834e-05,-0.000581503516350614
2024-12-09 10:00:00+00:00,0.009785458,-0.0002842397952917963,0.003992952662802448,-2.1836855012224987e-05,0.007873462399538157
2024-12-09 11:00:00+00:00,-0.0033203976,-0.00028688882593996823,0.0016694540678614505,-9.124947609961964e-06,-0.0027762546960923666
2024-12-09 12:00:00+00:00,-0.002003824,-0.0002930167829617858,3.2090628082001e-05,5.1755375096718126e-08,-0.0017451445581152544
2024-12-09 13:00:00+00:00,0.00037283485,-0.0003005215257871896,-0.001276309267478314,1.2131445146223996e-05,0.00035873406356168465
2024-12-09 14:00:00+00:00,0.0021753667,-0.0003027035854756832,-7.63147402988942e-05,1.691492070676759e-05,0.0017424093676245056
2024-12-09 15:00:00+00:00,0.0063227867,-0.0003046200727112591,0.0027047787535155895,2.325228342670016e-05,0.00502225369841911
2024-12-09 16:00:00+00:00,0.005521114,-0.0003001083096023649,0.0036129208335548726,2.5785911930142902e-05,0.004460219892630609
2024-12-09 17:00:00+00:00,-0.0035000239,-0.0002939630358014256,0.0001739849108132295,2.8279389880481176e-05,-0.0027203712824898567
2024-12-09 18:00:00+00:00,-0.001002261,-0.000289297808194533,-0.0003076078364302661,4.136974530410953e-05,-0.0007418101766377095
2024-12-10 10:00:00+00:00,-0.012015668,-0.0002811920421663672,-0.002989801766117935,5.377066190703772e-05,-0.009751373458852094
2024-12-10 11:00:00+00:00,0.0004129493,-0.00027130634407512844,-0.0016072382300586412,7.31139734853059e-05,1.2159104980113405e-05
2024-12-10 12:00:00+00:00,-0.0042516952,-0.0002607858332339674,-0.0014090290922598673,9.606392995920032e-05,-0.003734422855025303
2024-12-10 13:00:00+00:00,0.000753935,-0.0002495450899004936,0.00034217593330582337,0.0001109920849557966,0.0003009562900556938
2024-12-10 14:00:00+00:00,-0.004250774,-0.00024209961702581495,-0.0011183374553796214,0.000125380844110623,-0.003715483200862452
2024-12-10 15:00:00+00:00,-0.0008047365,-0.00023602215514983982,-0.0017955597605496712,0.00013145267439540476,-0.0011271996435398305
2024-12-10 16:00:00+00:00,0.0025705071,-0.00023177491675596684,-0.0003301745789323679,0.0001385043142363429,0.0016318167247735185
2024-12-10 17:00:00+00:00,-0.0019995929,-0.00022725081362295896,-0.00055663320245456,0.00014263889170251787,-0.002129614048248344
2024-12-10 18:00:00+00:00,-9.5129755e-05,-0.00022056116722524166,-0.0005875427883513823,0.00013504164235200733,-0.0006171527199794565
2024-12-11 10:00:00+00:00,-0.00573637,-0.00021438064868561924,-0.0036566474235843233,0.00012537374277599156,-0.00513744217716462
2024-12-11 11:00:00+00:00,0.00056994025,-0.00020702238543890417,-0.001371877866778912,0.0001116567655117251,-1.5839438272506525e-05
2024-12-11 12:00:00+00:00,0.0037463356,-0.00019825587514787912,-0.0002945571210789253,0.00010228312748949975,0.0025090826903705612
2024-12-11 13:00:00+00:00,-0.004958346,-0.00019038740720134228,-0.0006135546952635485,9.926080383593217e-05,-0.004259775503483013
2024-12-11 14:00:00+00:00,0.0019050662,-0.0001818085729610175,0.0004860385505168349,9.689422586234286e-05,0.0010946574566402943
2024-12-11 15:00:00+00:00,0.00046177057,-0.00017220467270817608,0.001383139047096617,0.0001008476028800942,-1.5262602105044368e-05
2024-12-11 16:00:00+00:00,0.0037895986,-0.00016078047337941825,0.0018148038501395987,0.00010570753511274233,0.0027543075449525866
2024-12-11 17:00:00+00:00,-0.0003925931,-0.00015287139103747904,0.0008489299668883775,0.00010826833749888465,-0.0005765567132312302
2024-12-11 18:00:00+00:00,-0.003440785,-0.00014660813030786812,-0.00022693341879863018,0.00011075849033659324,-0.003027148219776193
2024-12-12 10:00:00+00:00,0.013307858,-0.00014119860134087503,0.005180718528472004,0.00012187744141556323,0.010420082144170926
2024-12-12 11:00:00+00:00,-0.0047714,-0.00013529043644666672,-4.600887878453884e-05,0.00013846631918568164,-0.0037922004607726574
2024-12-12 12:00:00+00:00,-0.0005960546,-0.00012953740952070802,-0.0007832046799549087,0.0001488340349169448,-0.0005284750932124003
2024-12-12 13:00:00+00:00,-0.0036472136,-0.0001236111274920404,-0.0006392545614169415,0.00014656026905868202,-0.003036257513708398
2024-12-12 14:00:00+00:00,-0.002936918,-0.00011774010636145249,-0.00015683210016699328,0.00015181653725448996,-0.002483844434591445
2024-12-12 15:00:00+00:00,0.0034202854,-0.00011048619489884004,0.0006233798479373514,0.00015838377294130623,0.0024406558698709204
2024-12-12 16:00:00+00:00,-0.0055091525,-0.00010213242057943717,-0.0004483196572629306,0.00016444145876448601,-0.004578850067042875
2024-12-12 17:00:00+00:00,-0.006132599,-9.52870977926068e-05,-0.003867953780958404,0.0001724304020171985,-0.005161153638869958
2024-12-12 18:00:00+00:00,-0.0010906219,-8.73598110047169e-05,-0.0024359438492910896,0.00019185154815204442,-0.0013268442895586683
2024-12-13 10:00:00+00:00,-0.0050919144,-8.1230653449893e-05,-0.0023873321708797707,0.00020652569946832955,-0.004500489913109117
2024-12-13 11:00:00+00:00,-0.0025031606,-7.811199611751363e-05,-0.0035793023799245895,0.00022272167552728206,-0.0027216334936137547
2024-12-13 12:00:00+00:00,-0.0012296493,-7.355227717198431e-05,-0.003194004653246953,0.00023778957256581634,-0.0016308888559177456
2024-12-13 13:00:00+00:00,0.004212539,-7.041504431981593e-05,0.0005673106378455619,0.0002494163054507226,0.002720081492419322
2024-12-13 14:00:00+00:00,-0.0019526056,-6.716968346154317e-05,-0.00036442871103443194,0.000260786444414407,-0.0021664437651276996
2024-12-13 15:00:00+00:00,0.0033179694,-6.27145345788449e-05,0.0012596011605146055,0.00026455530314706266,0.0021523918765765345
2024-12-13 16:00:00+00:00,-0.003952176,-5.803566818940453e-05,-0.00018228230181283885,0.00026779441395774484,-0.0035605776781197254
2024-12-13 17:00:00+00:00,0.002353023,-5.286116720526479e-05,0.0006016363672815558,0.0002763643569778651,0.001395796367612786
2024-12-13 18:00:00+00:00,0.0018607354,-4.755773625220172e-05,0.0012334873859594876,0.0002839871449396014,0.001190649892963204
2024-12-16 10:00:00+00:00,-0.0089892605,-4.3011834350181744e-05,-0.0019688142932849646,0.000291117699816823,-0.007410270476098169
2024-12-16 11:00:00+00:00,-0.005116683,-3.949064193875529e-05,-0.0035496221634090178,0.00029220758005976677,-0.004328858093035804
2024-12-16 12:00:00+00:00,-0.0031554922,-3.825543899438344e-05,-0.0033827849016994627,0.00028658509836532176,-0.0029703158513140282
2024-12-16 13:00:00+00:00,-0.0014420854,-3.993459540652111e-05,-0.0029469559474300973,0.00028004281921312213,-0.0015602933114505129
2024-12-16 14:00:00+00:00,-0.0032317503,-4.097547571291216e-05,-0.0031176725178989296,0.00028139425558038056,-0.0031116699905697908
2024-12-16 15:00:00+00:00,-0.0015477076,-4.193113272776827e-05,-0.0026042950196518825,0.0002872341137845069,-0.0018360713042335538
2024-12-16 16:00:00+00:00,0.0031956858,-4.112124224775471e-05,0.00012794883176521705,0.0002880878746509552,0.0018112432909978848
2024-12-16 17:00:00+00:00,-0.003995175,-3.8541111280210316e-05,-0.0022772019555711972,0.00029576587257906795,-0.003704197818437617
2024-12-16 18:00:00+00:00,-0.0021791717,-3.274892151239328e-05,-0.0025177393671567574,0.00029470512527041137,-0.002363353698146341
2024-12-17 10:00:00+00:00,-0.0070903166,-2.6216875994578004e-05,-0.0009883715297040285,0.00028909198590554297,-0.006335271006780824
2024-12-17 11:00:00+00:00,-0.0035933324,-1.889859777293168e-05,-0.0020256962697536513,0.0002843283291440457,-0.003461068319509454
2024-12-17 12:00:00+00:00,0.0057049496,-1.1171076039317995e-05,0.00017080651141522253,0.0002884906134568155,0.0036547304575641924
2024-12-17 13:00:00+00:00,-0.0036940936,-2.9868572255509207e-06,3.402187931027305e-05,0.00028861418832093477,-0.00336737347813141
2024-12-17 14:00:00+00:00,-0.0056045735,2.6524264740146464e-06,-0.0031674090584646697,0.00028847751673310995,-0.004873767202190561
2024-12-17 15:00:00+00:00,-0.0009266695,7.923588782432489e-06,-0.0024877950037490637,0.00028570793801918626,-0.0013758167722872424
2024-12-17 16:00:00+00:00,-0.003336404,1.012194661598187e-05,-0.0027279332546000326,0.00028727296739816666,-0.0031953135637841717
2024-12-17 17:00:00+00:00,0.002958781,1.2581207556650043e-05,0.0003704379568572702,0.0002985339961014688,0.0014022337000791898
2024-12-17 18:00:00+00:00,-0.002407549,1.5877601981628686e-05,-0.000732887574476633,0.00029571313643828034,-0.002462077697278021
2024-12-18 10:00:00+00:00,0.006060307,1.8466371329850517e-05,0.00082854273548127,0.00029418212943710387,0.004046417864607124
2024-12-18 11:00:00+00:00,-0.00300669,2.117845360771753e-05,-0.00046041084278588076,0.0002934924850706011,-0.0026274999666926614
2024-12-18 12:00:00+00:00,0.0017096456,2.3520657123299316e-05,0.00046965779537551573,0.0002906027948483825,0.0009771256511714782
2024-12-18 13:00:00+00:00,-0.0007287562,2.517524262657389e-05,0.0006097193789612809,0.0002919982362072915,-0.0009627034667638363
2024-12-18 14:00:00+00:00,0.00070363545,2.5693889256217517e-05,0.0005335332037362198,0.0002960592391900718,0.0001910454605166579
2024-12-18 15:00:00+00:00,-0.00015073735,2.5710996851557866e-05,0.0002992778538323506,0.00029275540146045387,-0.00021695844256857657
2024-12-18 16:00:00+00:00,-7.956499e-05,2.8090091291232966e-05,0.00021011291535534454,0.0002904436259996146,-0.00022759396414311246
2024-12-18 17:00:00+00:00,0.0065574828,2.857044637494255e-05,0.0019856277638472617,0.0002831718302331865,0.004909814043763809
2024-12-18 18:00:00+00:00,0.0023893882,2.9220684155006893e-05,0.0025619308746816596,0.0002802851377055049,0.0017858050877671277
2024-12-19 10:00:00+00:00,0.005405911,2.8017124350299127e-05,0.0009991194770749146,0.0002752224390860647,0.004296297956545339
2024-12-19 11:00:00+00:00,0.009155413,2.509487785573583e-05,0.003974120525332423,0.00027248254627920687,0.007186178240788874
2024-12-19 12:00:00+00:00,0.0029897708,2.1175977963139303e-05,0.003365760206480796,0.00026884168619289994,0.0026433477867430196
2024-12-19 13:00:00+00:00,-0.0025276514,1.5923258615657687e-05,0.0012696844056153229,0.0002668920496944338,-0.0016191208249680313
2024-12-19 14:00:00+00:00,-0.0028661292,8.921612788981292e-06,-0.0009228479791221782,0.00026715046260505915,-0.001974905278253213
2024-12-19 15:00:00+00:00,0.004002117,2.087894927171874e-06,0.000777271154984494,0.00026358911418356,0.0033459368464726445
2024-12-19 16:00:00+00:00,-0.0065845647,-4.738524239655817e-06,-0.0008554473356617804,0.00026509902090765536,-0.004813962168064338
2024-12-19 17:00:00+00:00,-0.0042432644,-1.4033717889105901e-05,-0.0008501678995644421,0.0002631416718941182,-0.0031015162780939276
2024-12-19 18:00:00+00:00,-0.0023890825,-2.374855466769077e-05,1.77301039563076e-05,0.00026287217042408884,-0.0019374256408249883
2024-12-20 10:00:00+00:00,0.0022899953,-3.2378651667386293e-05,1.7766165117385157e-06,0.0002619100268930197,0.0015145711821177754
2024-12-20 11:00:00+00:00,0.0036226772,-4.3132542487001047e-05,0.0008532930954046388,0.00025265972362831235,0.002609124289209708
2024-12-20 12:00:00+00:00,0.0060660313,-5.1937047828687355e-05,0.0014054288704422272,0.0002473436761647463,0.004352785856804984
2024-12-20 13:00:00+00:00,0.039942794,-6.250404840102419e-05,0.005073088972637728,0.00025137540069408715,0.031622798245625264
2024-12-20 14:00:00+00:00,0.0097471345,-6.994058639975265e-05,0.0037179721445217214,0.00025744090089574456,0.008575289241929396
2024-12-20 15:00:00+00:00,0.009518165,-7.474019366782159e-05,0.0034709895513991267,0.00026758454623632133,0.008788936956881564
2024-12-20 16:00:00+00:00,0.0072499146,-8.121308928821236e-05,0.0029944237136992676,0.00027914499514736235,0.007165472449245152
2024-12-20 17:00:00+00:00,0.005353677,-8.11774079920724e-05,0.004018251331945001,0.00030227817478589714,0.0058090537615560316
2024-12-20 18:00:00+00:00,0.0040903427,-8.455370698357001e-05,0.0030468624141664737,0.00030596653232350945,0.00518696226045366
2024-12-23 10:00:00+00:00,0.028324366,-8.714263822184876e-05,0.003852763996679716,0.00029324775096029043,0.026084199420381912
2024-12-23 11:00:00+00:00,-0.00023582298,-8.990800415631384e-05,0.003094043103904096,0.00028345914324745536,0.002386927534972549
2024-12-23 12:00:00+00:00,-0.0069893375,-9.199292253470048e-05,0.0015346618111118865,0.00027229677652940154,-0.0038224068001251697
2024-12-23 13:00:00+00:00,0.0024166598,-9.041785233421251e-05,0.002492623616800795,0.0002660920436028391,0.003912444000282041
2024-12-23 14:00:00+00:00,8.5143714e-05,-9.286251588491723e-05,0.001984654751459157,0.0002561175497248769,0.0010516566162828618
2024-12-23 15:00:00+00:00,0.0019415292,-9.962561307474971e-05,0.0024006181352743856,0.00025953460135497153,0.002367463346500575
2024-12-23 16:00:00+00:00,0.004324359,-9.930373926181346e-05,0.003032621051074886,0.00027092135860584676,0.004187498061946064
2024-12-23 17:00:00+00:00,-0.0025230355,-9.503972250968218e-05,0.0027133374356494346,0.0002722889475990087,-0.0018359858537988127
2024-12-23 18:00:00+00:00,-0.003354245,-0.0001000549309537746,0.00018812759147152053,0.0002846132265403867,-0.002546247976966424
2024-12-24 10:00:00+00:00,-0.005167855,-0.00010559524525888264,-0.00038278856114046494,0.0003011857916135341,-0.004450354261851664
2024-12-24 11:00:00+00:00,0.007167719,-0.00010858751920750365,0.0008223537448011169,0.0003184851666446775,0.005725088904509944
2024-12-24 12:00:00+00:00,-0.0012267991,-0.00010955810284940526,0.0005691393022507786,0.0003307812730781734,-0.0012877494651356868
2024-12-24 13:00:00+00:00,0.0003548918,-0.0001081422742572613,0.0005897023716940619,0.00034245115239173174,5.565652125201756e-05
2024-12-24 14:00:00+00:00,0.0023922308,-0.00010793901310535148,0.0004819550894029582,0.00035724934423342347,0.001895172035909578
2024-12-24 15:00:00+00:00,-0.0021704873,-0.00010494800517335534,0.0004134942752036406,0.0003682670940179378,-0.0019761799086528142
2024-12-24 16:00:00+00:00,-0.0061084963,-0.00010185701830778271,-0.001321191384923511,0.0003824408049695194,-0.005328694410618924
2024-12-24 17:00:00+00:00,0.0025880632,-9.612420399207622e-05,0.0009527212452518665,0.00039345194818452,0.0018756441453449848
2024-12-24 18:00:00+00:00,-0.0021011296,-9.19377853279002e-05,0.0006005194628989402,0.00040364128653891385,-0.0020611960387539124
2024-12-25 10:00:00+00:00,-0.006670383,-8.8052089267876e-05,-0.0035218968305034517,0.0004147989966440946,-0.005924617107641316
2024-12-25 11:00:00+00:00,0.0052758562,-8.269492536783218e-05,0.001230648754829846,0.00042565667536109686,0.004210138400804924
2024-12-25 12:00:00+00:00,0.00610293,-7.829746027709916e-05,0.001928300216040991,0.000431294203735888,0.00488915508618282
2024-12-25 13:00:00+00:00,0.0056136204,-7.977163477335125e-05,0.002729552347297165,0.00043446957715786994,0.00462011076592989
2024-12-25 14:00:00+00:00,-0.00092728203,-8.400384103879333e-05,0.00228308274292799,0.0004437844327185303,-0.0009226872036938834
2024-12-25 15:00:00+00:00,0.0042576627,-8.745170634938404e-05,0.003540127772990991,0.0004506990662775934,0.003445723984233845
2024-12-25 16:00:00+00:00,0.006594896,-8.761973731452599e-05,0.003020487510803551,0.0004574746126309037,0.005633034366133791
2024-12-25 17:00:00+00:00,-0.0045002787,-8.57487611938268e-05,0.0011476191592026813,0.0004615277866832912,-0.003824316173372407
2024-12-25 18:00:00+00:00,-0.00030732644,-8.350758434971794e-05,0.0007384380214952811,0.00046598250628449023,-0.00031268333082256727
2024-12-26 10:00:00+00:00,0.012191059,-8.006023563211784e-05,0.003149407436921287,0.0004766107886098325,0.010695519760667216
2024-12-26 11:00:00+00:00,-0.007991796,-7.474270387319848e-05,0.0006963747567930808,0.0004813603882212192,-0.006607015600907857
2024-12-26 12:00:00+00:00,0.006218939,-7.153168553486466e-05,0.0017907338101064447,0.0004850414989050478,0.005413907768135211
2024-12-26 13:00:00+00:00,-0.000536094,-6.961196049815044e-05,0.0008801675182052687,0.0004870982374995947,-0.0003544489718793507
2024-12-26 14:00:00+00:00,0.0004274495,-6.944067717995495e-05,0.0012754085533361525,0.0004888864932581782,0.0002299742147508164
2024-12-26 15:00:00+00:00,0.0025536423,-6.730091263307258e-05,0.00169086547591852,0.0004936736659146845,0.002174378623417027
2024-12-26 16:00:00+00:00,-0.001196434,-6.557841697940603e-05,0.0010615426603672738,0.0004935031174682081,-0.0009439159378533643
2024-12-26 17:00:00+00:00,-0.00034726996,-6.273630424402654e-05,0.0005041654217423168,0.0004982348182238638,-0.00036103425009382725
2024-12-26 18:00:00+00:00,0.00095108774,-6.079852391849272e-05,0.0006148100068773355,0.0004994064220227301,0.0008123176717135537
2024-12-27 10:00:00+00:00,-0.0025189205,-5.6655870139366016e-05,-6.710309454560447e-05,0.0005007112631574273,-0.0022476456312132877
2024-12-27 11:00:00+00:00,5.073052e-05,-5.101486385683529e-05,0.00020352532469822209,0.0005011831526644528,-0.00013306212853658587
2024-12-27 12:00:00+00:00,0.001082845,-4.268783959560096e-05,0.0010173204674670624,0.0004972403403371572,0.0008035195732487803
2024-12-27 13:00:00+00:00,-0.0046256655,-3.56574819306843e-05,0.00021025236135896832,0.0004936279146932065,-0.004055931228780184
2024-12-27 14:00:00+00:00,0.002277413,-2.8797596314689144e-05,0.0009641103113167495,0.0004885952221229672,0.0017321839199887802
2024-12-27 15:00:00+00:00,0.0016820253,-1.7573125660419464e-05,0.001655946678680768,0.00048444734420627356,0.0012701614858187835
2024-12-27 16:00:00+00:00,-0.00066304713,-3.725965370904305e-06,0.001311479142309777,0.0004776949353981763,-0.0008555964962003749
2024-12-27 17:00:00+00:00,-0.00091014087,8.036279723455664e-06,0.0009286209887091431,0.0004697282856795937,-0.001004703901399454
2024-12-27 18:00:00+00:00,0.00032281407,1.782704930519685e-05,0.0004748355971124543,0.000461927498690784,5.044545944132855e-05
2024-12-28 10:00:00+00:00,0.009108152,2.7324194888933562e-05,0.00367229907684302,0.00044818015885539353,0.007758218119876119
2024-12-28 11:00:00+00:00,0.0037340177,4.0405491745332256e-05,0.002727720654078437,0.000429995299782604,0.0031822026556386513
2024-12-28 12:00:00+00:00,0.00059772545,5.5840922868810594e-05,0.0015868324021947133,0.00040652972529642284,0.0004950891612607927
2024-12-28 13:00:00+00:00,-0.0018157568,6.451970693888143e-05,0.0005639759932979174,0.00039593756082467735,-0.001601131718572388
2024-12-28 14:00:00+00:00,-0.00044459265,7.48357706470415e-05,-0.00017220552221639473,0.00037525504012592137,-0.0004157719842433293
2024-12-28 15:00:00+00:00,7.1721865e-05,8.319087646668777e-05,0.0004809087580529025,0.00035557241062633693,1.3264775950161344e-05
2024-12-28 16:00:00+00:00,-0.0028189516,9.234109165845439e-05,-0.00020874981055011096,0.00033256536698900163,-0.0026143758521759972
2024-12-28 17:00:00+00:00,0.0010351372,0.00010040587221737951,7.932077640372357e-05,0.0003091334365308285,0.0007432461755084455
2024-12-28 18:00:00+00:00,0.0010735412,0.00010760269651655108,0.0003604522270010421,0.0002785331744235009,0.0008154530301960421
2024-12-30 10:00:00+00:00,0.018925026,0.00011405268014641479,0.00339248012229272,0.00024392684281338006,0.016739172272377905
2024-12-30 11:00:00+00:00,0.004756427,0.00011506735609145835,0.0038366972226416183,0.0002664109051693231,0.0042125778657291
2024-12-30 12:00:00+00:00,0.00088975456,0.00011728490790119395,0.0027453685486688215,0.000254051701631397,0.0006708978897864887
2024-12-30 13:00:00+00:00,0.0007245299,0.00011924869613721967,0.002271269799981502,0.00023854902246966958,0.0005754538273118959
2024-12-30 14:00:00+00:00,0.0054120864,0.00011950833140872419,0.0027217226461159288,0.00021545182971749455,0.004866238597458059
2024-12-30 15:00:00+00:00,-0.00299379,0.00012035602412652224,9.468723459974907e-05,0.00018435585661791265,-0.0025194807575828677
2024-12-30 16:00:00+00:00,-0.0010686411,0.00011792469013016671,-0.00020367689447520307,0.00015320772945415229,-0.0008289602916868601
2024-12-30 17:00:00+00:00,0.0037839927,0.00011274363350821659,0.0009460779189337817,0.00015700364019721746,0.003424401889596813
2024-12-30 18:00:00+00:00,0.003568572,0.0001112746394937858,0.002575346133804141,0.00013274975935928524,0.003337871089884678
2025-01-03 10:00:00+00:00,-0.01181406,0.00011538225953700021,-0.0009785579627751269,9.195256279781461e-05,-0.010444136895353128
2025-01-03 11:00:00+00:00,-0.0007935254,0.00012000084097962826,-0.0007330422772994479,6.214297900442034e-05,-0.001019322172372363
2025-01-03 12:00:00+00:00,-0.008122341,0.00012601527851074934,0.0005204712584444891,2.899047285609413e-05,-0.007497851956074637
2025-01-03 13:00:00+00:00,0.00064429344,0.0001326060591964051,0.0011570777088314422,9.762603667695657e-07,9.859672234250001e-05
2025-01-03 14:00:00+00:00,0.00064741523,0.00013904200750403106,2.5816881626275197e-05,-2.8220132662681863e-05,0.0001537461209099259
2025-01-03 15:00:00+00:00,-0.0010969609,0.00014685027417726815,-0.00012508987168491787,-6.080455568735488e-05,-0.0013608320641114852
2025-01-03 16:00:00+00:00,0.0005910929,0.0001526634587207809,-0.00033892321925511204,-8.716386219020933e-05,5.659035358559128e-05
2025-01-03 17:00:00+00:00,0.0011387267,0.00015475612599402666,0.0005559362134433569,-0.00011315888696117327,0.0005808406978525001
2025-01-03 18:00:00+00:00,-0.0002933987,0.00015399638505186886,0.00030232230210972,-0.00013781974848825485,-0.0006800626728239016
2025-01-06 10:00:00+00:00,-0.00788321,0.00015085899212863296,-0.0016227361283826073,-0.0001608563179615885,-0.007531131992085512
2025-01-06 11:00:00+00:00,0.0046855975,0.00014767177344765514,0.0008200738070693079,-0.0001725990150589496,0.0036293509269707744
2025-01-06 12:00:00+00:00,-0.0053450484,0.00013999831571709365,-0.0006745977015017031,-0.0001808455999707803,-0.004990835937390609
2025-01-06 13:00:00+00:00,0.0006487604,0.0001284871541429311,-0.00028632213014357554,-0.0001822727790568024,0.00018953442203765243
2025-01-06 14:00:00+00:00,0.0030563383,0.00010962608212139457,0.0007651508622255994,-0.00018841422570403665,0.0023458891350683383
2025-01-06 15:00:00+00:00,-0.0011019089,9.091182437259704e-05,0.0010742100115741131,-0.00019475739100016654,-0.001380362361607656
2025-01-06 16:00:00+00:00,0.000661291,7.047734106890857e-05,0.0011510483790362265,-0.00019874778809025884,0.0002204580372708499
2025-01-06 17:00:00+00:00,0.002091208,5.541280552279204e-05,0.0017634980596982787,-0.0002063988649751991,0.001446079481222816
2025-01-06 18:00:00+00:00,-0.0011498007,4.3547745008254424e-05,0.000714165541586599,-0.00020868630963377655,-0.0014007160966555488
2025-01-08 10:00:00+00:00,0.0028755674,3.261082019889727e-05,0.001777839437073015,-0.00020436930935829878,0.0022251306331478905
2025-01-08 11:00:00+00:00,0.0010262509,2.002447763516102e-05,0.0004891501515240939,-0.0001940603251568973,0.0006706088338176539
2025-01-08 12:00:00+00:00,0.00062584976,3.6340741189633263e-06,0.0007168517086003243,-0.00019229642930440605,0.00028770004858263043
2025-01-08 13:00:00+00:00,0.0020868687,-1.3718570698983967e-05,0.0013034315327884519,-0.00018495494441594929,0.001671644055720488
2025-01-08 14:00:00+00:00,0.0003773605,-3.053813270526007e-05,0.0013466526215043608,-0.00017702179320622236,0.00010585755026273066
2025-01-08 15:00:00+00:00,0.0013214021,-4.700342469732277e-05,0.0005899997746555107,-0.00018848043691832572,0.000934663735495276
2025-01-08 16:00:00+00:00,0.0024935696,-6.556267180712894e-05,0.0012567802636053644,-0.00020236335694789886,0.002093369255653851
2025-01-08 17:00:00+00:00,-0.0009734755,-7.933950837468728e-05,0.0006252824018901064,-0.00019954047456849366,-0.001060089086233133
2025-01-08 18:00:00+00:00,-0.0011609745,-9.165491064777598e-05,-0.0005969067305607892,-0.00022110417194198817,-0.0012589989701782232
2025-01-09 10:00:00+00:00,-0.009201629,-0.00010413693962618709,-0.003533305191058185,-0.00023426707775797695,-0.008296696575065687
2025-01-09 11:00:00+00:00,-0.0035411874,-0.00011724812065949664,-0.0015578272888738367,-0.00025408685905858874,-0.0034597201269822918
2025-01-09 12:00:00+00:00,-0.005287017,-0.00013268933980725706,-0.0017536035718511737,-0.0002735304005909711,-0.005058701618302895
2025-01-09 13:00:00+00:00,-0.0006094982,-0.0001464012311771512,-0.001733942164600203,-0.0002895600628107786,-0.0009671024488091605
2025-01-09 14:00:00+00:00,-0.0044426145,-0.00015945218910928816,-0.003477017496813968,-0.00030296065961010754,-0.004299373902997628
2025-01-09 15:00:00+00:00,-0.0015141304,-0.00017311284318566322,-0.0036857243208119257,-0.00031294944346882403,-0.0018166026376748281
2025-01-09 16:00:00+00:00,0.006924598,-0.00018484817701391876,0.0005802731063200479,-0.0003185859532095492,0.005551971830144082
2025-01-09 17:00:00+00:00,-0.0025219608,-0.0001963659015018493,-8.719816479584299e-05,-0.0003149098192807287,-0.0025927752643309676
2025-01-09 18:00:00+00:00,-0.0039157025,-0.0002087666216539219,-0.002427060207404047,-0.0003043938195332885,-0.00390341316650108
2025-01-10 10:00:00+00:00,-0.00015146543,-0.00022354650718625635,-0.00318467162570097,-0.00030147944926284254,-0.0005796459833317129
2025-01-10 11:00:00+00:00,-0.003938934,-0.0002390832087257877,-0.0013786645482338296,-0.0003060126327909529,-0.0037965090424725745
2025-01-10 12:00:00+00:00,-0.005609884,-0.00025017870939336717,-0.003730620192727733,-0.00030381925171241164,-0.0052961487897151835
2025-01-10 13:00:00+00:00,0.021394562,-0.0002613140386529267,0.002761394566466682,-0.0002984973252750933,0.018289238977070382
2025-01-10 14:00:00+00:00,-0.00023525974,-0.00026921016979031265,0.001520940305109873,-0.00030366648570634425,-0.0003444611996924676
2025-01-10 15:00:00+00:00,0.0032708438,-0.0002798943896777928,0.0029615361150142285,-0.0003076363354921341,0.0027259651611322394
2025-01-10 16:00:00+00:00,0.001462897,-0.00029243496828712523,0.0027665183411252512,-0.0003163600049447268,0.001215895584839672
2025-01-10 17:00:00+00:00,0.007870619,-0.00030172348488122225,0.0040813413871113365,-0.00030367408180609345,0.006902953736126943
2025-01-10 18:00:00+00:00,-0.005673198,-0.0003082978946622461,0.0007003742197319557,-0.0003014456888195127,-0.005039803635122991
2025-01-13 10:00:00+00:00,0.012101697,-0.0003104172646999359,0.0019423694973294712,-0.0003040363371837884,0.010835101421534434
2025-01-13 11:00:00+00:00,0.0047004065,-0.0003099645546171814,0.0033803504826338997,-0.00031117256730794907,0.004552531764694773
2025-01-13 12:00:00+00:00,0.0019893514,-0.0003081988252233714,0.00414207638919543,-0.00031532792490907013,0.0020402762558582557
2025-01-13 13:00:00+00:00,-0.0070885806,-0.00030702969525009394,0.0003021140062904655,-0.000316143297823146,-0.00599830663832604
2025-01-13 14:00:00+00:00,-0.0045346622,-0.00030479967244900763,-0.0004379444027060883,-0.0003181491047143936,-0.004148223822427046
2025-01-13 15:00:00+00:00,0.0017524733,-0.0003030177322216332,0.00038762035109702464,-0.00031502614729106426,0.0013524201007070462
2025-01-13 16:00:00+00:00,0.00086632173,-0.0002953092334792018,0.0013499952219451364,-0.0003173528239130974,0.0006248539366023591
2025-01-13 17:00:00+00:00,0.004979919,-0.0002911699702963233,0.0013692553526925865,-0.0003091321559622884,0.0043659735032852325
2025-01-13 18:00:00+00:00,-0.00017443727,-0.00028874186682514846,-0.0002608771608465397,-0.00031281900010071695,-0.00031285341691178036
2025-01-14 10:00:00+00:00,-0.010035851,-0.0002858448133338243,-0.0012388613962668682,-0.00031245278660207987,-0.00918904766551956
2025-01-14 11:00:00+00:00,0.008373683,-0.0002816866908688098,0.0010119121550079086,-0.00031071645207703114,0.007109667145272641
2025-01-14 12:00:00+00:00,-8.737516e-05,-0.00028116346220485866,8.417916629954467e-05,-0.00030871437047608197,-0.0004172774878539108
2025-01-14 13:00:00+00:00,0.0047525903,-0.0002801674127113074,0.0017304740124798016,-0.00030747175333090127,0.004042586631493967
2025-01-14 14:00:00+00:00,-0.0033555033,-0.00027869956102222204,-0.0006792529673858626,-0.0003004447789862752,-0.0031643574280176053
2025-01-14 15:00:00+00:00,0.0015449998,-0.0002794601896312088,-0.0005717034176643813,-0.0002882784465327859,0.001188368372420756
2025-01-14 16:00:00+00:00,0.0002613327,-0.000282702618278563,6.543820052755709e-05,-0.0002731226559262723,0.00013804608902751487
2025-01-14 17:00:00+00:00,-0.0005994243,-0.0002853538317140192,-0.0004193526971729835,-0.0002640187449287623,-0.0007132848198756227
2025-01-14 18:00:00+00:00,-0.0031598802,-0.0002793395542539656,-0.0006166010882054663,-0.00025222121621482074,-0.0029900806698752386
2025-01-15 10:00:00+00:00,-0.0005212041,-0.00026850090944208205,-0.00012156184868833539,-0.0002410592423984781,-0.0006449120639920939
2025-01-15 11:00:00+00:00,-0.002010403,-0.00025552682927809656,0.0013169637753334491,-0.00022609738516621292,-0.0019861779191560564
2025-01-15 12:00:00+00:00,-0.0035508296,-0.00024092277453746647,-0.0003653343197630562,-0.00021024938905611634,-0.0033783836075097326
2025-01-15 13:00:00+00:00,0.0017085008,-0.00022313497902359813,0.0008241768035726044,-0.00019621025421656668,0.0013043264181423612
2025-01-15 14:00:00+00:00,-2.8099852e-05,-0.00020464770204853266,0.0011814817732844574,-0.0001819571334635839,-0.0002734352782912599
2025-01-15 15:00:00+00:00,0.0027360278,-0.00018881409778259695,0.0017895744882772857,-0.00016558016068302095,0.0021211395537214877
2025-01-15 16:00:00+00:00,-0.0016722969,-0.00017572927754372358,-0.00034104102391060574,-0.00015230495773721486,-0.001721132070133259
2025-01-15 17:00:00+00:00,-0.00074063026,-0.00016438390593975782,0.00017683228654413334,-0.00014341637142933905,-0.0009917393206263759
2025-01-15 18:00:00+00:00,-0.0017255836,-0.00015179574256762862,-1.7056795945094902e-06,-0.00013243441935628653,-0.001828785271401415
2025-01-16 10:00:00+00:00,0.020406207,-0.00013983092503622174,0.005110459267806652,-0.00012436094402801245,0.018132852728402753
2025-01-16 11:00:00+00:00,0.0041958056,-0.00012987441732548177,0.004818152719189362,-0.00011864842235809192,0.0037633593248245336
2025-01-16 12:00:00+00:00,0.00088848796,-0.00012117315054638311,0.0029364635280509604,-0.00011460582754807547,0.0008528460998972861
2025-01-16 13:00:00+00:00,0.00089797686,-0.00011311530397506431,0.001771997490576317,-0.0001127178329625167,0.0008494720038178612
2025-01-16 14:00:00+00:00,0.0023234538,-0.00010312542872270569,0.0031023360492268433,-0.00011290724069112912,0.002129614402224371
2025-01-16 15:00:00+00:00,-0.0017823152,-9.446124022360891e-05,0.0023022502465641693,-0.00011546596215339378,-0.0016273461232840694
2025-01-16 16:00:00+00:00,-0.0044852127,-8.839977817842737e-05,-5.8725596511874676e-05,-0.00011213398101972416,-0.0040737997191464485
2025-01-16 17:00:00+00:00,0.0021095604,-8.463318954454735e-05,-4.217804794668406e-05,-0.0001067846969817765,0.0018568459837658585
2025-01-16 18:00:00+00:00,-0.00080344453,-8.242323383456096e-05,-0.00011864741811204419,-0.00010370677773607895,-0.0007500127536111472
2025-01-17 10:00:00+00:00,-0.00017863093,-8.309602708322927e-05,0.0008512888353123239,-0.00010199549433309585,-0.0003446634489940905
2025-01-17 11:00:00+00:00,0.0036624174,-8.373345190193504e-05,0.0030694324633726462,-9.876042895484716e-05,0.0030996073148926743
2025-01-17 12:00:00+00:00,9.241559e-05,-8.195108966901898e-05,0.002174374478152433,-9.471312660025433e-05,-0.00017373101013636478
2025-01-17 13:00:00+00:00,0.0023383508,-8.294354483950883e-05,0.0029204072765910273,-9.254201722797006e-05,0.0019380237259472315
2025-01-17 14:00:00+00:00,0.0008294153,-8.946011075749993e-05,0.001580298920481723,-8.894841448636726e-05,0.0005528699486107612
2025-01-17 15:00:00+00:00,0.00055938144,-0.00010250754712615162,0.0018606523398032773,-8.431328024016693e-05,0.0004157482536320864
2025-01-17 16:00:00+00:00,0.0046505146,-0.00012154703290434554,0.002902372395483776,-7.705210009589791e-05,0.004140703149501192
2025-01-17 17:00:00+00:00,0.0007294627,-0.0001306671620113775,0.0037462148558311203,-7.386774086626247e-05,0.0005732209946090195
2025-01-17 18:00:00+00:00,-0.0009942366,-0.00012680128565989435,0.0016783298641458045,-6.609198317164555e-05,-0.0010615101186980138
2025-01-20 10:00:00+00:00,0.010146884,-0.00011753323633456603,0.003257608914515289,-6.059599036234431e-05,0.009302005519870149
2025-01-20 11:00:00+00:00,-0.0033157924,-0.0001150552780018188,0.0008825131368032474,-5.08152625116054e-05,-0.0031108478268163956
2025-01-20 12:00:00+00:00,-0.010886126,-0.00011630824155872688,-0.0009825597162679163,-4.286978946765885e-05,-0.010058016705629672
2025-01-20 13:00:00+00:00,0.0010016798,-0.00011804556561401114,0.0007658025427468198,-3.4255139325978234e-05,0.0007650545313417246
2025-01-20 14:00:00+00:00,0.004200202,-0.00012141509068896994,0.0009298274963661612,-2.50287375820335e-05,0.0036959576384937624
2025-01-20 15:00:00+00:00,-0.0001119124,-0.00012335462088230997,0.0009680618402632011,-2.4290086003020406e-05,-0.0002581867892981675
2025-01-20 16:00:00+00:00,0.0016807581,-0.00012150059774285182,0.0006293138574738581,-1.722828164929524e-05,0.0014667211833744647
2025-01-20 17:00:00+00:00,-0.0070127803,-0.00012096236605430022,-0.000877002455505509,-1.0195546565228142e-05,-0.006581973689940033
2025-01-20 18:00:00+00:00,-0.0011394575,-0.00011905447900062427,-0.0005147670982327524,-2.282007926623919e-06,-0.0013356592966839024
2025-01-21 10:00:00+00:00,-0.0017492378,-0.00011965132580371574,0.00018377369099275306,4.498168436839478e-06,-0.0019612628220642
2025-01-21 11:00:00+00:00,-0.0038302934,-0.00012129382957937196,-0.002599600757325866,2.7047870389651507e-05,-0.003780590722849887
2025-01-21 12:00:00+00:00,-0.0034694977,-0.00012199699267512187,-0.0034055410009929013,2.3356566089205444e-05,-0.0035432024161874236
2025-01-21 13:00:00+00:00,0.0007988101,-0.00012224976671859622,-0.001962275184258162,1.6854437490110286e-05,0.0004064720397937715
2025-01-21 14:00:00+00:00,-0.0064430586,-0.00012358870299067348,-0.0032599216203368846,1.5871697542024776e-05,-0.006206818556766806
2025-01-21 15:00:00+00:00,0.0027501103,-0.0001236036914633587,4.464328307513619e-05,1.3491951904143207e-05,0.0020534428267194346
2025-01-21 16:00:00+00:00,0.0041678003,-0.00012509683438111097,0.0012066068376835283,1.0051515346276574e-05,0.0034688615064878987
2025-01-21 17:00:00+00:00,0.0064979047,-0.00012732628965750337,0.0024088324838288213,1.958281427505426e-05,0.005566870088916634
2025-01-21 18:00:00+00:00,0.0030372755,-0.00012618486653082073,0.002241457417549835,1.7131047570728697e-05,0.002536883932973776
2025-01-22 10:00:00+00:00,-0.0022207412,-0.00012663113011512905,0.0012878207878704204,1.3674838555743918e-05,-0.0022205396346868856
2025-01-22 11:00:00+00:00,0.0053745075,-0.00012554314162116498,0.0009545595547945377,8.217954018618912e-06,0.004759931221944362
2025-01-22 12:00:00+00:00,0.0035907167,-0.0001254813832929358,0.002708297305815805,-3.4636034342838684e-06,0.0031759939133415194
2025-01-22 13:00:00+00:00,-0.00042316294,-0.00012681448424700648,0.001717220848533287,5.589314469034434e-07,-0.0004281504738041527
2025-01-22 14:00:00+00:00,0.003909971,-0.00012566887016873807,0.003117702509628396,7.285009360202821e-06,0.003621284202716895
2025-01-22 15:00:00+00:00,-0.0044451053,-0.0001228504697792232,-0.00029737146930220853,1.786689790606033e-05,-0.004059212914218695
2025-01-22 16:00:00+00:00,0.0008229046,-0.00011936513328691944,-0.00027199622696024437,2.6130894184461795e-05,0.0007435741884671617
2025-01-22 17:00:00+00:00,0.0025423197,-0.0001159003222710453,0.0019930589959362118,3.076452776440419e-05,0.0022915840549057953
2025-01-22 18:00:00+00:00,0.0036836674,-0.00011394077591830865,0.0033835759747019257,4.4954420445719734e-05,0.003270377829231314
2025-01-23 10:00:00+00:00,-0.010398285,-0.00011196466948604211,-0.0003606431478943978,5.505334775079973e-05,-0.00986843762847985
2025-01-23 11:00:00+00:00,-0.002900319,-0.00010876301530515775,-0.0008677080968440188,7.262769213411957e-05,-0.0029276662023102686
2025-01-23 12:00:00+00:00,-0.0050170817,-0.00010398175800219178,-0.0007448386487974753,8.326569513883442e-05,-0.004853205724035463
2025-01-23 13:00:00+00:00,0.0025492804,-9.835987293627113e-05,0.00033839098665825525,9.598428732715547e-05,0.0019756957656457113
2025-01-23 14:00:00+00:00,0.0035887572,-9.298768418375403e-05,0.0018193276355511988,0.00010492260480532423,0.0029817133345136026
2025-01-23 15:00:00+00:00,-0.0031035908,-8.766799874138087e-05,0.0006442897180724591,0.00011185510084033012,-0.003135425751088443
2025-01-23 16:00:00+00:00,0.0013517574,-8.250362589024007e-05,0.0010635207350892376,0.0001180493927677162,0.0010156368816924438
2025-01-23 17:00:00+00:00,-0.0011092625,-7.887466927058995e-05,0.0008591673124791392,0.00012370826152618974,-0.001278720243827768
2025-01-23 18:00:00+00:00,-0.0007344966,-7.51368934288621e-05,0.0006823495429052963,0.00012989416427444667,-0.000922269055549966
2025-01-24 10:00:00+00:00,0.008571885,-7.181637920439243e-05,0.0026101258986311222,0.00013313013187143952,0.007677972430457267
2025-01-24 11:00:00+00:00,0.0013138159,-6.860327994218096e-05,0.0024859667743680593,0.0001339195587206632,0.0010810699465929087
2025-01-24 12:00:00+00:00,0.0019945106,-6.703036342514679e-05,0.0011847209475493996,0.00013294535165186971,0.0017161533934455485
2025-01-24 13:00:00+00:00,-0.00023305103,-6.682219100184739e-05,-7.928110112770257e-05,0.00013483014481607825,-0.00020300852896884856
2025-01-24 14:00:00+00:00,0.0024797122,-6.566927186213434e-05,0.0027610738741877484,0.00013450758706312627,0.002118922288870981
2025-01-24 15:00:00+00:00,-0.0008056538,-6.373944779625162e-05,0.0016175455958726969,0.00013409469102043658,-0.000853507691687048
2025-01-24 16:00:00+00:00,-0.008214836,-6.200619100127369e-05,-0.001215377109935813,0.00013321310689207166,-0.007687455702367629
2025-01-24 17:00:00+00:00,0.002044775,-6.217467307578772e-05,-0.0003192753262685388,0.00014652012032456696,0.0016761733909449197
2025-01-24 18:00:00+00:00,0.00028498535,-6.262178794713691e-05,0.0004939683765274596,0.00015080902085173875,0.00013258879128462262
2025-01-27 09:00:00+00:00,-0.00060399383,-6.427559128496796e-05,0.000212194787480462,0.00015444439486600459,-0.0007208445589198205
2025-01-27 10:00:00+00:00,-0.0035703273,-6.6707085352391e-05,0.0008457177475826368,0.00015900783182587475,-0.0035455393855119647
2025-01-27 11:00:00+00:00,-0.008287931,-6.663962994934991e-05,-0.0033901639327537396,0.0001646821474423632,-0.007814398211863735
2025-01-27 12:00:00+00:00,0.0028570518,-6.644461973337457e-05,-0.00031717309344723267,0.0001691081270109862,0.0022541194824745097
2025-01-27 13:00:00+00:00,0.0004862231,-6.637559272348881e-05,0.0009021039067402788,0.00016951678844634444,0.00014153753879883504
2025-01-27 14:00:00+00:00,-0.0038208175,-6.453329842770472e-05,-0.002721079831498306,0.00017461970855947584,-0.003757730785097737
2025-01-27 15:00:00+00:00,0.0037968543,-6.143719656392932e-05,0.000979951730379117,0.00018390078912489116,0.0031073063387884207
2025-01-27 16:00:00+00:00,-0.007035726,-6.057092468836345e-05,-0.0033224248007295135,0.00019290884665679187,-0.00662851462459288
2025-01-27 17:00:00+00:00,-0.0032217267,-5.981356298434548e-05,-0.00313372096756824,0.00020650471560657024,-0.0032822512123059813
2025-01-27 18:00:00+00:00,3.1127383e-05,-5.7955756346927956e-05,-0.0023492213972841616,0.00021444543381221592,-0.0003711289261331884
2025-01-28 09:00:00+00:00,-0.0027776065,-5.653847983921878e-05,-0.0026614877672161957,0.00022189138690009713,-0.0027839964168468235
2025-01-28 10:00:00+00:00,-0.00035381533,-5.6469787523383275e-05,-0.0014351104901304122,0.00022743939189240336,-0.0007653234967815263
2025-01-28 11:00:00+00:00,-0.0013227125,-5.6458640756318346e-05,-0.0027146311095711927,0.000231678452109918,-0.0014259366688432096
2025-01-28 12:00:00+00:00,-0.0008897354,-5.8375761000206694e-05,-0.0005379389536175902,0.00023915822384878993,-0.0011363568838543823
2025-01-28 13:00:00+00:00,0.003872907,-6.119734462117776e-05,0.0008291493382185349,0.0002454786445014179,0.0032544304054197863
2025-01-28 14:00:00+00:00,0.0074157873,-6.51550290058367e-05,0.0026517917049085106,0.0002453697379678488,0.006503582659846082
2025-01-28 15:00:00+00:00,0.004034989,-7.242588617373258e-05,0.003230252092184827,0.00025189746520482004,0.003448454683321096
2025-01-28 16:00:00+00:00,0.00025678205,-7.888187246862799e-05,0.0020401021680321995,0.0002518530818633735,5.444993547996319e-05
2025-01-28 17:00:00+00:00,0.001576907,-8.212931425077841e-05,0.0018598107494498539,0.00025372294476255774,0.0013312405213374262
2025-01-28 18:00:00+00:00,0.002123694,-8.516288653481752e-05,0.0013316982622021136,0.0002607572532724589,0.0019352057459967834
2025-01-29 09:00:00+00:00,0.0010601581,-8.912682824302465e-05,0.001155311767450734,0.0002652131370268762,0.0010245450239656218
2025-01-29 10:00:00+00:00,-0.0011761278,-9.459208376938477e-05,0.0014751744160944598,0.0002691908448468894,-0.0011120306147457883
2025-01-29 11:00:00+00:00,0.00489313,-0.00010060379281640053,0.003050187510727751,0.00027741631492972374,0.0045296864865442404
2025-01-29 12:00:00+00:00,0.0020752312,-0.00010296326217940077,0.0027882511317933265,0.00028013921109959483,0.0019084588879034723
2025-01-29 13:00:00+00:00,-0.0011930708,-0.00010315482359146699,0.0014800595818614457,0.00028814366669394076,-0.0011190957010725794
2025-01-29 14:00:00+00:00,-0.0029447,-0.00010336762352380902,-0.00017045629268157747,0.00029736250871792436,-0.0027553008242765663
2025-01-29 15:00:00+00:00,-0.0012218595,-0.00010327513882657513,-0.0009729893930980869,0.0003066287317778915,-0.0012239098625215434
2025-01-29 16:00:00+00:00,-0.0021478257,-0.00010350919183110818,-0.0007260521736692371,0.0003157808387186378,-0.0021154717703473
2025-01-29 17:00:00+00:00,0.0048651956,-0.00010662132990546525,0.0004636631311078,0.00032652958179824054,0.004273857852602001
2025-01-29 18:00:00+00:00,0.0021509689,-0.00011107468890259042,0.0006731262847092713,0.0003278950462117791,0.0018291353538088205
2025-01-30 09:00:00+00:00,-0.00012201322,-0.00011616860138019547,-0.0001958364862787986,0.00032947532599791884,-0.00025316125876622737
2025-01-30 10:00:00+00:00,7.45654e-05,-0.0001224173029186204,0.0010602947439274583,0.0003300467215012759,-0.00013658977421509332
2025-01-30 11:00:00+00:00,-0.0007832142,-0.0001281670411117375,-0.00017886631009391573,0.00033351595629937947,-0.0008757188072214646
2025-01-30 12:00:00+00:00,-0.0002001401,-0.0001324253826169297,-0.0005312434561445756,0.000336399330990389,-0.00037061436457897976
2025-01-30 13:00:00+00:00,0.0009460723,-0.00013528906856663525,0.00012303252413165932,0.00033663137583062053,0.0006792436212828791
2025-01-30 14:00:00+00:00,0.00021350541,-0.00013670686166733503,0.0003543935989080473,0.0003388144832570106,1.4677292975996133e-05
2025-01-30 15:00:00+00:00,0.00036251586,-0.00013932079309597611,0.00024284213871214675,0.00034005061024799943,0.00015234751365019892
2025-01-30 16:00:00+00:00,0.0008227959,-0.00014208527863956988,0.0010318560777183867,0.0003375740197952837,0.0005541428532511594
2025-01-30 17:00:00+00:00,0.0026601378,-0.00014318012108560652,0.002337523888767022,0.00033432611962780356,0.0022851103084860643
2025-01-30 18:00:00+00:00,0.0016998604,-0.00014085035945754498,0.0024984281997681326,0.00032762938644737005,0.0013652723649947834
2025-01-31 09:00:00+00:00,0.0060206535,-0.0001381072506774217,0.0014756918614399475,0.0003209963033441454,0.005486034238079703
2025-01-31 10:00:00+00:00,4.3544453e-05,-0.00013692905486095697,0.0029235754999908828,0.00031219355878420174,-0.00018787421753654584
2025-01-31 11:00:00+00:00,-0.0044311434,-0.00013848446542397141,-0.0007808911427655162,0.00030887877801433206,-0.004158057554456941
2025-01-31 12:00:00+00:00,0.001714361,-0.00014078349340707064,-0.0006698673025177492,0.0002971260400954634,0.0014880151087292934
2025-01-31 13:00:00+00:00,-0.00054760376,-0.0001399133470840752,-0.0002584318616503651,0.00028829221264459193,-0.0006399018271596454
2025-01-31 14:00:00+00:00,0.0015043505,-0.0001400202017975971,0.00014135141049352937,0.00028247738373465836,0.0013261057293449117
2025-01-31 15:00:00+00:00,-0.007094939,-0.00014203658793121576,-0.0009650602682567289,0.0002804463147185743,-0.006694550813387448
2025-01-31 16:00:00+00:00,-0.0017181553,-0.00014581932919099927,-0.001491990471076746,0.0002829581208061427,-0.0018274149682329115
2025-01-31 17:00:00+00:00,-0.0022773803,-0.00014797819312661886,-0.002308363168514528,0.00027764495462179184,-0.0023057655112548392
2025-01-31 18:00:00+00:00,0.00023746926,-0.00015007735055405647,-0.0004903768262784633,0.0002804048708640039,-0.00012197126078790996
2025-02-03 09:00:00+00:00,-0.005858176,-0.0001521609228802845,-0.002559981384092418,0.00027856824453920126,-0.00560328815952745
2025-02-03 10:00:00+00:00,0.0030932566,-0.000152418710058555,-0.00016730570125217983,0.0002823397808242589,0.0023847225012339278
2025-02-03 11:00:00+00:00,-0.0026975493,-0.0001505352120148018,-0.0026004098903083276,0.0002917508245445788,-0.00274399868419326
2025-02-03 12:00:00+00:00,-6.48034e-05,-0.00014500728866551071,-0.0012289634855009713,0.0002997826086357236,-0.00043294288563258703
2025-02-03 13:00:00+00:00,0.0005114915,-0.00014044027193449438,0.000505032378181884,0.0003026125195901841,0.00016414258265869832
2025-02-03 14:00:00+00:00,-0.0017025752,-0.00013604557898361236,-0.0007364542113361204,0.0003022662422154099,-0.0018597494107508163
2025-02-03 15:00:00+00:00,-0.00302332,-0.00012695447367150337,-0.0030800699489977584,0.0002973952214233577,-0.003012094175069909
2025-02-03 16:00:00+00:00,0.002490457,-0.00011802776862168685,0.0005376888636357229,0.00028540793573483825,0.002006944836153102
2025-02-03 17:00:00+00:00,-0.0019733822,-0.00011011728929588571,-0.0023734765518187402,0.00026291003450751305,-0.0020402398588474763
2025-02-03 18:00:00+00:00,0.0017581069,-0.00010131434828508645,0.0007176160388102683,0.00025340807042084634,0.0013278886802118176
2025-02-04 09:00:00+00:00,0.005983084,-9.266476990887895e-05,0.001775593586918786,0.0002446002617944032,0.005248644157864473
2025-02-04 10:00:00+00:00,0.00011888971,-8.279419125756249e-05,0.0011513805544533314,0.00023252163373399526,-8.95196361717033e-05
2025-02-04 11:00:00+00:00,-0.00410818,-8.221551252063364e-05,-2.1433134024857953e-05,0.0002235671563539654,-0.003932722203807639
2025-02-04 12:00:00+00:00,-0.0010954118,-8.831419836496934e-05,0.00030808937911216364,0.00021338278020266443,-0.0011755182528918988
2025-02-04 13:00:00+00:00,-0.0010761046,-9.60268298513256e-05,0.0003580241333504681,0.00021135929273441434,-0.0011117853463552426
2025-02-04 14:00:00+00:00,5.810506e-05,-0.00010721405124058947,0.000399827932420664,0.0002052291383733973,-0.00014288343510416595
2025-02-04 15:00:00+00:00,-0.00031449122,-0.00011937751696677878,0.0002403691014052171,0.00018935564730782062,-0.000491003185523205
2025-02-04 16:00:00+00:00,-0.001296611,-0.000132185552502051,9.080188216255394e-06,0.00018464797176420689,-0.0013697511423185116
2025-02-04 17:00:00+00:00,-0.0019703696,-0.00014577191905118525,-0.0004643623261581211,0.00016679734108038247,-0.0018992393559191837
2025-02-04 18:00:00+00:00,0.0008057507,-0.0001600805262569338,0.0009428825141958068,0.00015883635205682367,0.0005125289744293706
2025-02-05 09:00:00+00:00,-0.00405935,-0.0001720386353554204,-0.0010417497448600038,0.00015433593944180757,-0.0038813656177901354
2025-02-05 10:00:00+00:00,0.0018119154,-0.00018345283751841635,-0.00024049628290221704,0.00014994986122474074,0.0013550213228168888
2025-02-05 11:00:00+00:00,-0.0064788493,-0.00019747640180867165,-0.003939840293350993,0.000148326886119321,-0.006059303959146071
2025-02-05 12:00:00+00:00,0.008966169,-0.0002105102757923305,0.002657782068340563,0.00014753609139006585,0.00788255717776711
2025-02-05 13:00:00+00:00,-0.0032983224,-0.00022460533364210278,-0.00041593592307530975,0.00013580740778706968,-0.0031959845306269666
2025-02-05 14:00:00+00:00,-0.0006465236,-0.00024116957501973957,-0.000176104180998567,0.00013673560169991106,-0.0007823324497529604
2025-02-05 15:00:00+00:00,0.0006018306,-0.000252457131864503,0.001003080706947795,0.00014211428060662001,0.00035931177711668363
2025-02-05 16:00:00+00:00,0.0004365304,-0.0002569305943325162,0.0005901788493105298,0.00014360566274262965,0.00013214450713686392
2025-02-05 17:00:00+00:00,0.006586644,-0.000256554369116202,0.003395198941721522,0.00014075846411287785,0.005790257354578992
2025-02-05 18:00:00+00:00,0.0004744246,-0.00025404401822015643,0.0009177898182589076,0.0001361333706881851,0.0002882406258223381
2025-02-06 09:00:00+00:00,0.010495612,-0.00025118677876889706,0.0013293094824666043,0.00013248591858427972,0.009646469746167978
2025-02-06 10:00:00+00:00,0.0029199463,-0.00024408833996858448,0.00361881475546903,0.00012115579738747329,0.002633644343175856
2025-02-06 11:00:00+00:00,-0.0031630977,-0.00024006956664379686,0.0011089313882245082,0.00011592722876230255,-0.0029127830435212846
2025-02-06 12:00:00+00:00,0.0011915512,-0.00023372126452159137,0.0024853344736302397,0.00012004173186141998,0.001079407789909533
2025-02-06 13:00:00+00:00,-0.002912184,-0.00022481015184894204,-0.00011056851056972123,0.00011931272456422448,-0.0027241611474601787
2025-02-06 14:00:00+00:00,0.00015562096,-0.00021535286214202642,0.0005605013669037603,0.00011343877122271806,8.595627342019946e-05
2025-02-06 15:00:00+00:00,0.0033467493,-0.00020915929053444415,0.0018281582121732684,0.000104535385617055,0.003031591231493593
2025-02-06 16:00:00+00:00,0.0005965773,-0.00020412879530340433,0.0013614904188412374,9.564308129483834e-05,0.0005135554750787121
2025-02-06 17:00:00+00:00,0.0030917749,-0.00019773961685132235,0.0026756460155123074,9.129759564530104e-05,0.0028232698168955237
2025-02-06 18:00:00+00:00,-0.0023137259,-0.00019321538275107741,-0.000251347422286634,9.987855446524918e-05,-0.0022346845771761196
2025-02-07 09:00:00+00:00,0.0047829626,-0.00018877052934840322,0.0017699709875458667,0.00010508163541089743,0.004372923299516963
2025-02-07 10:00:00+00:00,-0.0005362721,-0.00018298320355825126,0.0031344928363766273,0.00011215660924790427,-0.000749668364617214
2025-02-07 11:00:00+00:00,-0.005186488,-0.00018000740965362638,-0.0007893629241941872,0.00012178176257293671,-0.004876950973763215
2025-02-07 12:00:00+00:00,-0.00084286334,-0.00018131860997527838,-0.0012144981859100342,0.00013688478793483227,-0.0009599542463913236
2025-02-07 13:00:00+00:00,0.0026576633,-0.00018439959967508912,0.00044722813682222893,0.00014289874525275081,0.00233208302112778
2025-02-07 14:00:00+00:00,-0.0026239352,-0.0001821813202695921,-0.00012420163708513318,0.0001482936495449394,-0.002578122390985341
2025-02-07 15:00:00+00:00,0.0001989731,-0.00017981902055907995,0.00039446983468530535,0.00015154806897044182,-1.2588677727464164e-05
2025-02-07 16:00:00+00:00,0.000667451,-0.00017466793360654265,0.0006609657091648022,0.00014906443539075553,0.0004038693701578832
2025-02-07 17:00:00+00:00,-0.0016120822,-0.00016899616457521915,0.0006532946616002638,0.00014812653535045683,-0.0017023354406431465
2025-02-07 18:00:00+00:00,0.0012851543,-0.00016438345483038574,0.00022920438790780326,0.0001481269864598289,0.0010096843235735881
2025-02-10 09:00:00+00:00,0.0091739455,-0.0001582057448104024,0.0021694266536991624,0.00014518352691084146,0.008279323861026179
2025-02-10 10:00:00+00:00,-0.0006749397,-0.0001523464306956157,0.002215207001568818,0.00015192688442766666,-0.000819860785178715
2025-02-10 11:00:00+00:00,-0.0030998746,-0.00014739841572009027,-0.0010213554332411737,0.00015048086061142385,-0.002967687134373047
2025-02-10 12:00:00+00:00,0.0021669061,-0.00014503828424494714,0.00010543348045500627,0.00014844961697235703,0.0018035312451445953
2025-02-10 13:00:00+00:00,0.0011735933,-0.00014180027937982231,0.001048927839588515,0.0001484512467868626,0.000956552641437697
2025-02-10 14:00:00+00:00,0.0048170052,-0.00013854469580110162,0.0034860334294837176,0.0001486911642132327,0.004353485175462051
2025-02-10 15:00:00+00:00,-0.00053222984,-0.00013681279961019754,0.0023807363857619138,0.00015369968605227768,-0.0006218427783926806
2025-02-10 16:00:00+00:00,0.0029735279,-0.0001373971172142774,0.0034176696050059216,0.0001519915385870263,0.002711777953461604
2025-02-10 17:00:00+00:00,0.00046433418,-0.0001416742306901142,0.002897090731101644,0.00015553754928987473,0.00033942105971246204
2025-02-10 18:00:00+00:00,-0.0011214036,-0.00014500474208034575,0.0014094335652636626,0.0001612675259821117,-0.0011469904984462277
2025-02-11 09:00:00+00:00,-0.0038248722,-0.00014691241085529327,-0.0012648610480618862,0.00016894264263100922,-0.0037521905730327257
2025-02-11 10:00:00+00:00,-0.000393294,-0.00015201362839434296,-0.0005440595351435366,0.00017021594976540655,-0.0006199939655787263
2025-02-11 11:00:00+00:00,-0.0044771056,-0.00015354239440057427,-0.00028000701502229464,0.00018104244372807443,-0.004299804860510273
2025-02-11 12:00:00+00:00,0.0042303847,-0.00015739790978841484,0.0003716481481867326,0.00018932508828584105,0.003747730629528313
2025-02-11 13:00:00+00:00,0.0039402493,-0.00016259118274319917,0.0025113439640774716,0.00019788843928836286,0.0035311282648027792
2025-02-11 14:00:00+00:00,-0.0011299023,-0.00016691988275852054,0.00014701417413660002,0.00020762074564117938,-0.0012755432664526118
2025-02-11 15:00:00+00:00,0.0015051462,-0.00017352186841890216,0.00040998106405325144,0.0002178534778067842,0.001215717480096553
2025-02-11 16:00:00+00:00,0.0005343964,-0.00018005039601121098,0.0009115160191178575,0.00022763329616282135,0.00028310332356401037
2025-02-11 17:00:00+00:00,0.0014523801,-0.00018751746392808855,0.0014607328535624167,0.0002412929170532152,0.0011658533363123143
2025-02-11 18:00:00+00:00,2.982132e-05,-0.00019465813238639385,0.0006401497426394046,0.000251805322477594,-0.00010519910892499902
2025-02-12 09:00:00+00:00,0.008144292,-0.0002016639627981931,0.0012879624725894683,0.00026582885766401887,0.007665126873987534
2025-02-12 10:00:00+00:00,0.00054870406,-0.00020599027629941702,0.0031299854713208383,0.00028014866984449327,0.0004999023137005252
2025-02-12 11:00:00+00:00,0.0024441509,-0.00020313813001848757,0.0034920250729841063,0.00029279920272529125,0.002272455286856779
2025-02-12 12:00:00+00:00,-0.0011836009,-0.00020045225392095745,0.0016608248768598976,0.00030152316321618855,-0.0011759845118663804
2025-02-12 13:00:00+00:00,0.0008460404,-0.00019715116650331765,0.0014915209054084699,0.0003153695724904537,0.0006835226862727747
2025-02-12 14:00:00+00:00,-0.0026552943,-0.00019455600704532117,0.001035870142896186,0.00032600737176835537,-0.002528751835326947
2025-02-12 15:00:00+00:00,-0.0024712535,-0.0001894969609566033,-0.0002257610207887828,0.000338464742526412,-0.0024696315432012174
2025-02-12 16:00:00+00:00,0.0030790814,-0.00018511094094719738,0.0017114362173419459,0.0003513275005389005,0.0028332709947833583
2025-02-12 17:00:00+00:00,-0.0070438497,-0.0001795495772967115,-0.0013054460978950439,0.0003600636264309287,-0.006692816989444887
2025-02-12 18:00:00+00:00,0.0008100767,-0.00017544132424518466,0.00040751307092906826,0.0003720135136973113,0.0005886153790086458
2025-02-13 09:00:00+00:00,0.070199385,-0.0001703736197669059,0.003079523358230569,0.0003842542937491089,0.06913548546920799
2025-02-13 10:00:00+00:00,-0.019698802,-0.0001711636286927387,0.0006381998452774621,0.0003791977360378951,-0.019362073211914507
2025-02-13 11:00:00+00:00,0.008697747,-0.00016958327614702284,0.001170710793828286,0.0003933200496248901,0.008728930418766085
2025-02-13 12:00:00+00:00,0.0033027963,-0.00017044479318428785,0.0027842721683452184,0.0004033277800772339,0.003644120325270092
2025-02-13 13:00:00+00:00,-0.0066009103,-0.00017073750495910645,0.0005142672435482852,0.00042347583803348243,-0.006434145658836578
2025-02-13 14:00:00+00:00,-0.0035379648,-0.0001716164842946455,-0.0010420901941381158,0.00042815678170882165,-0.003236888883371738
2025-02-13 15:00:00+00:00,0.0072285067,-0.00017469629528932273,0.0006168119306853385,0.00043882947647944093,0.00726624216275998
2025-02-13 16:00:00+00:00,-0.0030094343,-0.0001791645772755146,0.0008178134610502209,0.0004461908247321844,-0.0027820516278755356
2025-02-13 17:00:00+00:00,0.004244888,-0.00018085070769302547,0.0011342815394859514,0.00045576904085464776,0.004295302069044595
2025-02-13 18:00:00+00:00,-0.0026189806,-0.00018248580454383045,0.0008535073715154448,0.0004735386755783111,-0.002597181785487198
2025-02-14 09:00:00+00:00,0.018153694,-0.0001816386211430654,0.0014016745054040052,0.0004825732030440122,0.018298424406840243
2025-02-14 10:00:00+00:00,0.002260344,-0.00017420315998606384,0.0028291646425706684,0.0005045401630923152,0.002219704310865398
2025-02-14 11:00:00+00:00,0.00056505203,-0.000171318490174599,0.0022534443493137392,0.0005198961589485407,0.00044805246158635133
2025-02-14 12:00:00+00:00,-0.0005314454,-0.00016387272626161575,0.0016167764282821841,0.0005304219666868448,-0.0007095601008714336
2025-02-14 13:00:00+00:00,-0.018833715,-0.00015583320055156946,-0.002592988658866947,0.0005388322751969099,-0.01904700873366603
2025-02-14 14:00:00+00:00,0.003310052,-0.00014399860810954124,-0.0007701647435854795,0.0005410621524788439,0.0031083498773833624
2025-02-14 15:00:00+00:00,-0.0031450673,-0.0001343026669928804,-0.0019996566720697976,0.0005445146816782653,-0.0031830907867388745
2025-02-14 16:00:00+00:00,-0.016299302,-0.00012402176798786968,-0.003346444875641173,0.0005479484680108726,-0.016423664656194718
2025-02-14 17:00:00+00:00,0.004473108,-0.00011110446212114766,-0.00133055246373078,0.000551597389858216,0.004054406195430072
2025-02-14 18:00:00+00:00,0.0031730034,-9.751453035278246e-05,-0.0004186876543296938,0.0005555949173867702,0.003034503788947006
2025-02-17 09:00:00+00:00,0.023734923,-8.374352182727307e-05,0.0018785921744324707,0.0005465162685140967,0.02367659038043335
2025-02-17 10:00:00+00:00,-0.0010123166,-7.315355469472706e-05,0.0021244930005202274,0.0005355722969397902,-0.0010647917373008604
2025-02-17 11:00:00+00:00,-0.001311399,-6.17749392404221e-05,0.0003878008569158751,0.0005265820072963834,-0.0015038594322637291
2025-02-17 12:00:00+00:00,0.0059229336,-5.265986328595318e-05,0.0021338134252434178,0.0005150921060703695,0.005966293532761408
2025-02-17 13:00:00+00:00,0.001608721,-4.2159645090578124e-05,0.002048761609367996,0.0005006964784115553,0.001630205113163925
2025-02-17 14:00:00+00:00,-0.0029354962,-3.374939115019515e-05,0.0005919930697516394,0.00048598411376588047,-0.003132440950608072
2025-02-17 15:00:00+00:00,0.0061512757,-2.6189176423940808e-05,0.0023531464105929862,0.00046380708226934075,0.006184134411875901
2025-02-17 16:00:00+00:00,0.0015129516,-2.069299080176279e-05,0.0021019943266261166,0.0004421203921083361,0.0016391271277024742
2025-02-17 17:00:00+00:00,0.0021803314,-1.643998984945938e-05,0.0028543230039890658,0.0004185855505056679,0.0020818816052156097
2025-02-17 18:00:00+00:00,0.0021634977,-1.367719960398972e-05,0.002076178454441678,0.0003939511370845139,0.0021950831281162004
2025-02-18 09:00:00+00:00,-0.00026300078,-1.3153761756257154e-05,0.00014886002860868764,0.00037760220584459603,-0.0004221537592839888
2025-02-18 10:00:00+00:00,0.0015286689,-8.002883987501264e-06,0.0025184259709606417,0.00037642120150849223,0.001306184706306846
2025-02-18 11:00:00+00:00,-0.012992325,-3.973442744609201e-06,-0.0005724399137917164,0.0003613980079535395,-0.013518653625206727
2025-02-18 12:00:00+00:00,0.006535493,7.09204527993279e-07,-0.000489761484359956,0.00034337706165388227,0.006580937741199204
2025-02-18 13:00:00+00:00,0.002206431,4.842538601224078e-06,0.00034795266498133855,0.0003284498234279454,0.0021184795386466676
2025-02-18 14:00:00+00:00,0.008140068,1.0749666216725018e-05,0.002983986651953646,0.0003079790039919317,0.0080749682595547
2025-02-18 15:00:00+00:00,-0.017230693,1.8670114513952285e-05,-0.003584826259396002,0.0002956636599265039,-0.017698720769447493
2025-02-18 16:00:00+00:00,0.0006911675,2.6149053155677393e-05,-0.0022998955416804524,0.0002755442983470857,0.0004131056788376547
2025-02-18 17:00:00+00:00,-0.0030649558,3.5181943530915305e-05,-0.0029980935946977,0.00025929303956218064,-0.0032826592960871308
2025-02-18 18:00:00+00:00,-0.0006718091,4.443122088559903e-05,-0.0024140085775388497,0.00024004066654015332,-0.0006627436911323377
2025-02-19 09:00:00+00:00,0.004167738,5.425262133940123e-05,0.000582425007139453,0.0002207512443419546,0.00416182974788859
2025-02-19 10:00:00+00:00,-0.0077275657,6.302154361037537e-05,-0.003952068687986681,0.00018470428767614067,-0.007714327344003051
2025-02-19 11:00:00+00:00,-0.005044762,6.791295163566247e-05,-0.0026441712026221043,0.0001671706122579053,-0.0052163733950125754
2025-02-19 12:00:00+00:00,0.0026706578,7.381356408586726e-05,-0.0011517890470484089,0.00014477421063929796,0.0025301704716483285
2025-02-19 13:00:00+00:00,0.0043123695,7.736193219898269e-05,-0.00041072888350480227,0.00013306881010066718,0.004244807075908088
2025-02-19 14:00:00+00:00,0.0017412325,7.960754010127857e-05,7.134361420586733e-05,0.00011729021207429469,0.0017471526097648693
2025-02-19 15:00:00+00:00,0.00074838137,7.976996130309999e-05,0.0001074616114214435,8.815723413135856e-05,0.00045589084083430775
2025-02-19 16:00:00+00:00,0.0026424543,7.78052635723725e-05,5.237384718087966e-05,6.198837945703417e-05,0.002649950729586136
2025-02-19 17:00:00+00:00,0.0045215674,7.242685387609527e-05,0.0014396277866682195,3.3640008041402325e-05,0.0043436267139327625
2025-02-19 18:00:00+00:00,-0.004393144,6.725284038111567e-05,5.001664587211519e-05,4.359992544777924e-06,-0.00448820394212043
2025-02-20 09:00:00+00:00,0.008015147,6.30430513410829e-05,0.0021525671667530395,-2.6537720259511843e-05,0.008054373978321254
2025-02-20 10:00:00+00:00,-0.0019400297,6.020876389811747e-05,0.001984739923604254,-4.7268458729377016e-05,-0.0020585750298498596
2025-02-20 11:00:00+00:00,-0.0012041637,5.393508035922423e-05,0.0001348301093334647,-7.374116830760613e-05,-0.0013718295275273712
2025-02-20 12:00:00+00:00,0.0059882235,5.004609556635842e-05,0.0018716697818652707,-9.385533485328779e-05,0.006059082526026816
2025-02-20 13:00:00+00:00,-0.0017345323,4.705342507804744e-05,0.0007736531882157403,-0.00012135368160670623,-0.0017790936007703359
2025-02-20 14:00:00+00:00,0.0013957327,4.2387007852084935e-05,0.0009027152046360096,-0.0001535568735562265,0.0011994298496209748
2025-02-20 15:00:00+00:00,0.0026226987,3.553494025254622e-05,0.0020650961796883915,-0.00018892469233833253,0.002356679912576909
2025-02-20 16:00:00+00:00,0.0016552826,2.8368202038109303e-05,0.0020981185994314476,-0.00022671990154776722,0.0015185663910962709
2025-02-20 17:00:00+00:00,-0.0007142395,1.916832843562588e-05,0.0003325874994444673,-0.0002512089558877051,-0.0010579142508217816
2025-02-20 18:00:00+00:00,-0.007386204,9.050109838426579e-06,-0.0015167451561732882,-0.0002945231681223959,-0.007636040655594144
2025-02-21 09:00:00+00:00,0.005983364,4.527211331151193e-06,0.00031240810951853,-0.00031889183446764946,0.006005273644549725
2025-02-21 10:00:00+00:00,0.00027770735,7.115523203538032e-06,0.0005232843899400579,-0.00029525437275879085,9.785801884792502e-05
2025-02-21 11:00:00+00:00,0.0003621111,-4.974193643647595e-07,0.0003355912429277389,-0.0003308761806692928,0.000270791427905425
2025-02-21 12:00:00+00:00,-0.0026978583,-1.9783713014476234e-06,-0.0007343245816605545,-0.0003427451883908361,-0.0028959628647981617
2025-02-21 13:00:00+00:00,-0.008396799,5.697769367429828e-08,-0.00645359387462648,-0.0003647756821010262,-0.00863943491577188
2025-02-21 14:00:00+00:00,-0.00028985905,-8.328457568040903e-08,-0.0011902062102403233,-0.0003935409476980567,-0.0004437476238663672
2025-02-21 15:00:00+00:00,-0.0034389454,8.533515938324854e-06,-0.003648272548419662,-0.0004242210416123271,-0.0036764814650482843
2025-02-21 16:00:00+00:00,0.0011843321,1.1806969268945977e-05,-0.0012627909080262436,-0.0004496427427511662,0.0011455204246277198
2025-02-21 17:00:00+00:00,0.004086939,1.4328017641673796e-05,0.0017549477357043407,-0.0004717352276202291,0.004026633300793734
2025-02-21 18:00:00+00:00,9.1375936e-05,1.4546882994181942e-05,0.0003241040204045633,-0.0004939521313644946,-6.521269072130987e-05
2025-02-24 09:00:00+00:00,0.008337842,8.20867353468202e-06,0.0014666315215155804,-0.0005312749417498708,0.008448986395860175
2025-02-24 10:00:00+00:00,-0.004613772,5.36890865987516e-06,-0.0006645683325515535,-0.0005651777028106153,-0.004850260578939617
2025-02-24 11:00:00+00:00,0.00013047086,-1.5948815416777506e-05,-0.0012614178447981187,-0.0005965894088149071,8.543589318092382e-05
2025-02-24 12:00:00+00:00,0.00037917914,-3.7221438105916604e-05,-0.0007534810541802799,-0.0006285597337409854,0.00036789037361746753
2025-02-24 13:00:00+00:00,-0.0010924253,-6.220537034096196e-05,-0.0007794639017273217,-0.0006617063190788031,-0.0011070839155935008
2025-02-24 14:00:00+00:00,-0.00023684953,-9.170568955596536e-05,-0.0005622147492768401,-0.0006775090587325394,-0.00030291864332057807
2025-02-24 15:00:00+00:00,-0.0040350487,-0.00012093720579287037,-0.0009130378602724839,-0.0007035938906483352,-0.004275177557685093
2025-02-24 16:00:00+00:00,0.00011281296,-0.00014016770001035184,-0.0011506438566468672,-0.0007424706127494574,-6.949363563997462e-05
2025-02-24 17:00:00+00:00,0.0029104392,-0.00015766317665111274,-0.00020774467584321098,-0.0007505488465540111,0.002801083041591308
2025-02-24 18:00:00+00:00,0.0042832466,-0.00017146754544228315,0.001448965219840709,-0.0007881175843067467,0.004271640554281748
2025-02-25 09:00:00+00:00,0.018578447,-0.0001906844845507294,0.0010661521874097701,-0.0008125600288622081,0.0191739103195787
2025-02-25 10:00:00+00:00,-0.002356008,-0.00020295524154789746,0.0014334563198451816,-0.0008152087102644145,-0.002714715134629597
2025-02-25 11:00:00+00:00,-0.0023317193,-0.00022147296112962067,0.00036269467416426477,-0.0008457638323307037,-0.002606196523200485
2025-02-25 12:00:00+00:00,0.000987619,-0.00023789236729498953,0.00012071257507855265,-0.0008600886794738472,0.0008149722118613148
2025-02-25 13:00:00+00:00,-0.0037168432,-0.0002632087271194905,-0.0011683077648016547,-0.0008685978827998042,-0.00396806662981093
2025-02-25 14:00:00+00:00,0.0041461983,-0.0002841343521140516,-4.241079374647691e-05,-0.0008814244065433741,0.004121567111759209
2025-02-25 15:00:00+00:00,-0.0019932867,-0.00030053878435865045,-0.0003937861221908357,-0.0008993707597255707,-0.002203025372871766
2025-02-25 16:00:00+00:00,3.8829443e-05,-0.00031731495982967317,-0.001004771995869566,-0.0009191939607262611,-0.00011539241666674503
2025-02-25 17:00:00+00:00,-0.0012642245,-0.00033688422990962863,-0.0007900775915843348,-0.0009297085925936699,-0.0015287087358468244
2025-02-25 18:00:00+00:00,-0.005298403,-0.00035541719989851117,-0.0014634764991827297,-0.0009478402207605541,-0.005664016565609671
2025-02-26 09:00:00+00:00,0.0023933046,-0.0003816990938503295,-0.0009775635361492089,-0.0009678748901933432,0.0023244954181620985
2025-02-26 10:00:00+00:00,-0.001524807,-0.0004010779084637761,-0.0009208100594660475,-0.0009645416866987944,-0.0017786018784366664
2025-02-26 11:00:00+00:00,-0.0026378771,-0.00043596955947577953,-0.0008190235882559462,-0.0009806932648643851,-0.002815144959538621
2025-02-26 12:00:00+00:00,-0.004255698,-0.0004669062327593565,-0.005272307908431094,-0.0009675221517682076,-0.004478474287506542
2025-02-26 13:00:00+00:00,-0.010667189,-0.0004936981713399291,-0.004932644425964832,-0.000978573109023273,-0.010984431189993463
2025-02-26 14:00:00+00:00,0.0029335604,-0.0005100666894577444,-0.001129365416018004,-0.00098688795696944,0.0028687739867110035
2025-02-26 15:00:00+00:00,-0.009792694,-0.0005313463043421507,-0.0045740688560571485,-0.0009812528733164072,-0.009958987879843204
2025-02-26 16:00:00+00:00,0.003598016,-0.0005552109214477241,-0.0008187601279072789,-0.0009513130644336343,0.0034676244830462158
2025-02-26 17:00:00+00:00,0.0045229006,-0.0005669223610311747,-6.641564933557354e-05,-0.0009541094186715782,0.004454864746473119
2025-02-26 18:00:00+00:00,0.00024117682,-0.000572754826862365,-0.0002915941684847953,-0.00096511235460639,0.00013791138657766653
2025-02-27 09:00:00+00:00,-0.010173677,-0.0005840974044986069,-0.0031244544251659697,-0.0009784114081412554,-0.010414746853240451
2025-02-27 10:00:00+00:00,-0.0019817085,-0.000595523917581886,-0.004154026376546356,-0.0009776907972991467,-0.0019731426410282402
2025-02-27 11:00:00+00:00,-0.0047076107,-0.0006103436462581158,-0.003170538860842917,-0.0009931378299370408,-0.0048105783381117454
2025-02-27 12:00:00+00:00,-0.006993809,-0.0006281006499193609,-0.004824290859387511,-0.0009899759897962213,-0.007107504434371687
2025-02-27 13:00:00+00:00,0.005888026,-0.0006398519617505372,-0.001455930288894082,-0.0009810113115236163,0.005613479230309859
2025-02-27 14:00:00+00:00,-0.0038237392,-0.0006488246144726872,-0.0009474309660717484,-0.000979413976892829,-0.0040131395743026235
2025-02-27 15:00:00+00:00,0.010106677,-0.0006530052050948143,0.0018680840511049936,-0.0009708234574645758,0.009986351553466397
2025-02-27 16:00:00+00:00,-0.0007260336,-0.0006583011127077043,0.0008475985285219408,-0.0009678573114797473,-0.0007719877357580775
2025-02-27 17:00:00+00:00,0.0005005562,-0.0006624727975577116,9.13699012920931e-05,-0.000973487738519907,0.00030447018489292903
2025-02-27 18:00:00+00:00,-0.0014096134,-0.0006662821979261935,-0.00021189341900414068,-0.0009821258718147874,-0.0014203483884986199
2025-02-28 09:00:00+00:00,-0.010213926,-0.0006725550629198551,-0.0022983432468099913,-0.0009848249610513449,-0.010465781436937266
2025-02-28 10:00:00+00:00,-0.01151678,-0.0006767542799934745,-0.005425120158095317,-0.000987671664915979,-0.011487767649241663
2025-02-28 11:00:00+00:00,0.0023367004,-0.0006883159512653947,-0.0023905550268995793,-0.0009997189044952393,0.0019569944308064483
2025-02-28 12:00:00+00:00,-0.0044697546,-0.0007008879329077899,-0.0038298578420230996,-0.0010126353008672595,-0.00463898353126767
2025-02-28 13:00:00+00:00,0.006124244,-0.0007149218581616879,-0.0010519953740888417,-0.001013997825793922,0.005800134391983574
2025-02-28 14:00:00+00:00,0.000777452,-0.0007223620195873082,-0.0007045392168522765,-0.0010255242232233286,0.0005550536587007309
2025-02-28 15:00:00+00:00,-0.0046611605,-0.0007282192818820477,-0.0025900106841741832,-0.0010319718858227134,-0.004864776654285763
2025-02-28 16:00:00+00:00,0.0033419675,-0.0007368497317656875,-0.001128832763292756,-0.0010385167552158237,0.0030504627624122057
2025-02-28 17:00:00+00:00,0.005068903,-0.0007433098508045077,-0.00018131710036145923,-0.0010391297983005643,0.0048679702128968895
2025-02-28 18:00:00+00:00,0.0032109185,-0.0007523300009779632,-0.0007916373320787566,-0.0010453530121594667,0.003171539457573395
2025-03-03 09:00:00+00:00,-0.0040544765,-0.0007589149754494429,-0.0007316590649657929,-0.001053319894708693,-0.004080263915007401
2025-03-03 10:00:00+00:00,-0.010184929,-0.0007662519928999245,-0.0040924565512156395,-0.001053393934853375,-0.010119025408906385
2025-03-03 11:00:00+00:00,-0.002392543,-0.0007722877198830247,-0.003650172993203145,-0.0010589906014502048,-0.00250040637206526
2025-03-03 12:00:00+00:00,-0.0030959432,-0.0007792154210619628,-0.0029338016453516586,-0.0010653488570824265,-0.0032624035923410812
2025-03-03 13:00:00+00:00,0.001270719,-0.0007803745102137327,-0.0010573794263534237,-0.001068213488906622,0.0010387130385702361
2025-03-03 14:00:00+00:00,0.0030380767,-0.0007714118692092597,0.00035428092285832074,-0.0010691427160054445,0.0028317332693984848
2025-03-03 15:00:00+00:00,-0.0014384403,-0.0007564857951365411,-0.0006414303186408437,-0.001063698553480208,-0.001622018198488937
2025-03-03 16:00:00+00:00,0.005472798,-0.0007379729067906737,-0.00020475558606489658,-0.0010632764315232635,0.005195912176181101
2025-03-03 17:00:00+00:00,-0.0042152395,-0.000717855233233422,-0.0016805472871741938,-0.0010621569817885756,-0.004229709229029255
2025-03-03 18:00:00+00:00,-0.0016548433,-0.0006996348965913057,-0.0013919223539628394,-0.0010601156391203403,-0.0017729941026595605
2025-03-04 09:00:00+00:00,0.018566264,-0.0006812395877204835,0.0030432360133661645,-0.0010603172704577446,0.018284764827496417
2025-03-04 10:00:00+00:00,0.008844653,-0.000665456464048475,0.0031532607106752692,-0.001060310984030366,0.008820670324749176
2025-03-04 11:00:00+00:00,0.0026564132,-0.000655256153549999,0.002987533556131572,-0.0010665148729458451,0.0026835718709731253
2025-03-04 12:00:00+00:00,-0.0026347628,-0.0006464591133408248,0.0016270143996962587,-0.0010728599736467004,-0.0026033595933747157
2025-03-04 13:00:00+00:00,-0.0023316639,-0.0006370993796736002,0.0001624642241539151,-0.0010822763433679938,-0.002376236300150662
2025-03-04 14:00:00+00:00,0.0011401909,-0.0006248136050999165,0.0008675867697019734,-0.0010935099562630057,0.0010409788155205284
2025-03-04 15:00:00+00:00,-0.002554842,-0.0006147028761915863,-6.873923084533645e-05,-0.0011047159787267447,-0.0027498851374114525
2025-03-04 16:00:00+00:00,0.0034864782,-0.0006024915492162108,0.0010404082701356357,-0.0011170420330017805,0.0034235757788201072
2025-03-04 17:00:00+00:00,-0.0011546148,-0.0005901504773646593,-9.515753726001437e-05,-0.0011238171719014645,-0.0013437108986348529
2025-03-04 18:00:00+00:00,0.0040121963,-0.0005745648522861302,0.0010238371785721446,-0.001130203832872212,0.003940102691320447
2025-03-05 09:00:00+00:00,0.00040403605,-0.000562317727599293,0.0006385731855821452,-0.0011370349675416946,0.0002784331660909308
2025-03-05 10:00:00+00:00,-0.001984737,-0.0005538880359381437,0.0006842883826306233,-0.0011361141223460436,-0.002238166146234051
2025-03-05 11:00:00+00:00,0.009370422,-0.0005539358244277537,0.002248952265534154,-0.0011417524656280875,0.009366952057558966
2025-03-05 12:00:00+00:00,0.0011685925,-0.0005476306541822851,0.001975166012526089,-0.0011525095906108618,0.0010163243260806053
2025-03-05 13:00:00+00:00,-0.0027339528,-0.0005426199059002101,-0.0011208798194697672,-0.0011639160802587867,-0.002923957650015943
2025-03-05 14:00:00+00:00,-0.0009354839,-0.0005322655197232962,-0.0011193474671609845,-0.0011663305340334773,-0.0010712706094916501
2025-03-05 15:00:00+00:00,-0.0018121122,-0.0005271855043247342,-0.0007878891308224672,-0.0011645876802504063,-0.0019621350617279845
2025-03-05 16:00:00+00:00,0.0029100664,-0.0005262552294880152,-0.0001826848539025933,-0.0011681002797558904,0.00276806140617564
2025-03-05 17:00:00+00:00,-0.0017640612,-0.0005251005059108138,-0.00016538866690423744,-0.001166463945992291,-0.0019243736489153419
2025-03-05 18:00:00+00:00,0.002137949,-0.000523759110365063,0.00016203436802667828,-0.0011613869573920965,0.00202185719938425
2025-03-06 09:00:00+00:00,-0.010701681,-0.0005183498142287135,-0.0017066751080481194,-0.0011590075446292758,-0.011035882345691469
2025-03-06 10:00:00+00:00,-0.0013543272,-0.0005077430396340787,-0.002603048089993938,-0.0011535085504874587,-0.0015750670927838185
2025-03-06 11:00:00+00:00,-0.003684859,-0.0004929215065203607,-0.0024342264794529173,-0.0011470307363197207,-0.003880762957376213
2025-03-06 12:00:00+00:00,-0.0022249375,-0.0004784849297720939,-0.0031555859026570683,-0.0011409682920202613,-0.0023695696478648856
2025-03-06 13:00:00+00:00,-0.0033310656,-0.0004622200212907046,-0.0038196974891987106,-0.0011355067836120725,-0.003477516015277068
2025-03-06 14:00:00+00:00,-0.00075775606,-0.00044159629032947123,-0.003672871985363203,-0.0011262083426117897,-0.0009948926747577714
2025-03-06 15:00:00+00:00,0.0044662254,-0.00042283532093279064,-0.00047679244778748436,-0.0011158555280417204,0.004271645026140029
2025-03-06 16:00:00+00:00,0.0048188516,-0.00040524991345591843,0.002005086058162512,-0.001114416983909905,0.00466747430525755
2025-03-06 17:00:00+00:00,3.1034551e-06,-0.00038532307371497154,0.00045180449345572207,-0.0011182693997398019,1.2923872304618632e-05
2025-03-06 18:00:00+00:00,-0.0045163934,-0.0003635670873336494,-0.0005105203147560066,-0.001120773726142943,-0.004528457361572643
2025-03-07 09:00:00+00:00,0.0059739524,-0.00034378739655949175,0.0005968917801942519,-0.0011237220605835319,0.005858193777570634
2025-03-07 10:00:00+00:00,0.003186815,-0.0003236244956497103,0.0008688638994872125,-0.001122974557802081,0.0030589628904936247
2025-03-07 11:00:00+00:00,0.0029118387,-0.00030470555066131055,0.0006073364196992059,-0.0011232992401346564,0.002663734118952213
2025-03-07 12:00:00+00:00,-0.0041822535,-0.0002837258216459304,0.00013765818429900632,-0.0011194157414138317,-0.004324307819673464
2025-03-07 13:00:00+00:00,0.0019374312,-0.0002640151069499552,0.0004991155223239326,-0.0011177817359566689,0.001742317737780833
2025-03-07 14:00:00+00:00,4.3217213e-05,-0.00024545317864976823,0.0008354000941911564,-0.001121046021580696,-0.00013091173358875343
2025-03-07 15:00:00+00:00,-0.0017517927,-0.0002238326269434765,-0.000528582601090557,-0.0011192262172698975,-0.0018515370279709698
2025-03-07 16:00:00+00:00,0.0024800305,-0.0002117826952598989,0.000986484828987354,-0.001121653476729989,0.0022880772891669707
2025-03-07 17:00:00+00:00,-0.019265922,-0.0001972440368263051,-0.0050682314588850735,-0.0011240352177992463,-0.019429348232459617
2025-03-07 18:00:00+00:00,-0.00414061,-0.0001790058013284579,-0.006189353910321733,-0.001123145455494523,-0.004292078247068062
2025-03-10 09:00:00+00:00,0.017776689,-0.00016001124458853155,0.0015484969614202296,-0.0011162811424583197,0.017583513205060634
2025-03-10 10:00:00+00:00,-0.0059581306,-0.00014090980403125286,-0.00011138518457076989,-0.0011105102021247149,-0.005996281534482669
2025-03-10 11:00:00+00:00,-0.00062431133,-0.00012968214286956936,-0.000660052213188485,-0.001104747294448316,-0.0007242338251851023
2025-03-10 12:00:00+00:00,0.0024450729,-0.00012065968621755019,3.851137372145576e-05,-0.001103355665691197,0.0022471778841824416
2025-03-10 13:00:00+00:00,0.0015717915,-0.00011236707359785214,-0.00047073571474880887,-0.0011036312207579613,0.0013611594334824206
2025-03-10 14:00:00+00:00,0.0017245696,-0.00010742965241661295,-0.0005759375871997581,-0.0011059935204684734,0.001600359072472749
2025-03-10 15:00:00+00:00,-0.0012022238,-0.00010175351053476334,-0.0004113253171788133,-0.0011068981839343905,-0.0013342432576914332
2025-03-10 16:00:00+00:00,-0.00036374773,-9.532600961392745e-05,-0.001031686614667371,-0.0011030137538909912,-0.000420258282577798
2025-03-10 17:00:00+00:00,-0.0035542718,-9.031219815369695e-05,-0.0009875802136747255,-0.0011001493548974395,-0.003618742736929356
2025-03-10 18:00:00+00:00,-0.0011584103,-8.335011807503179e-05,-0.0002832619370745453,-0.0010984548134729266,-0.0012478706015636688
2025-03-11 09:00:00+00:00,-0.003473899,-7.769248622935265e-05,-0.0005826207341097058,-0.0010965148685500026,-0.0035250001829362746
2025-03-11 10:00:00+00:00,0.0035176373,-7.145647396100685e-05,-0.0007561091569141987,-0.0010893485741689801,0.003398426246501721
2025-03-11 11:00:00+00:00,0.0011053106,-7.249122427310795e-05,2.5850643894781737e-05,-0.0010909701231867075,0.0009964736916108807
2025-03-11 12:00:00+00:00,-0.00026216655,-7.358059519901872e-05,-0.0002023781716794625,-0.001087617827579379,-0.0003509014086555097
2025-03-11 13:00:00+00:00,0.00037762287,-7.43628479540348e-05,-0.000361177667658819,-0.0010783311445266008,0.0004007977858611654
2025-03-11 14:00:00+00:00,-0.0051052757,-7.133120379876345e-05,-0.00225494374350783,-0.0010682115098461509,-0.005188499363715401
2025-03-11 15:00:00+00:00,0.0027185504,-7.059679046506062e-05,-0.0001658809584396487,-0.0010576351778581738,0.00257149517798522
2025-03-11 16:00:00+00:00,0.0011847027,-6.343956192722544e-05,0.000269939050164752,-0.001044955919496715,0.0010880984366570844
2025-03-11 17:00:00+00:00,0.00019054669,-5.949048136244528e-05,-0.0007073015362508669,-0.00103340158239007,0.00011205467152903032
2025-03-11 18:00:00+00:00,-0.00020929096,-4.73408326797653e-05,-0.0003743047630185509,-0.00101138383615762,-0.00028787070466423605
2025-03-12 09:00:00+00:00,-0.004684568,-2.5612360332161188e-05,-0.0015741464219652635,-0.0009865117026492953,-0.004788169993457266
2025-03-12 10:00:00+00:00,-0.005315437,-1.3727190889767371e-05,-0.005590252474696226,-0.0009676400804892182,-0.005259790724860543
2025-03-12 11:00:00+00:00,-0.0011366149,-1.8185954104410484e-05,-0.004177687653044439,-0.0009597113239578903,-0.0012920468023446786
2025-03-12 12:00:00+00:00,0.0035885621,-2.341237268410623e-05,-0.00042264968296630806,-0.0009501724853180349,0.0034043012980225526
2025-03-12 13:00:00+00:00,-0.0017705979,-2.761968062259257e-05,-0.0005382456326549065,-0.0009375933441333473,-0.0018288867241233432
2025-03-12 14:00:00+00:00,0.0034657933,-2.945089727290906e-05,0.0007617291180776571,-0.0009254994802176952,0.003242725818086548
2025-03-12 15:00:00+00:00,0.0021659161,-3.552722409949638e-05,0.00039105781812064707,-0.0009182029752992094,0.0020887783003791824
2025-03-12 16:00:00+00:00,-0.0035023335,-4.095295662409626e-05,-0.0009771635744680919,-0.0009078127332031727,-0.003521845181605862
2025-03-12 17:00:00+00:00,0.00058509887,-4.971483940607868e-05,-0.00037522122029677303,-0.0009023380698636174,0.0005044099155815971
2025-03-12 18:00:00+00:00,0.0012853856,-5.753308141720481e-05,3.449440157969887e-05,-0.0008924690191633999,0.001175858573066627
2025-03-13 09:00:00+00:00,-0.010993095,-7.023766374913976e-05,-0.0033992895919405424,-0.0008884776034392416,-0.010893014319744928
2025-03-13 10:00:00+00:00,-0.0023335007,-7.502387597924098e-05,-0.004461218804496153,-0.0008799944771453738,-0.0024468371197309794
2025-03-13 11:00:00+00:00,-0.004424412,-8.437665383098647e-05,-0.005414936747425538,-0.0008778975461609662,-0.004471192293660827
2025-03-13 12:00:00+00:00,0.0068849227,-9.108415542868897e-05,0.0014967741415153296,-0.0008860766538418829,0.006558485131041018
2025-03-13 13:00:00+00:00,-0.0035082232,-9.99380717985332e-05,-0.001690456237656951,-0.0008943579741753638,-0.0035719769756321043
2025-03-13 14:00:00+00:00,-0.006848247,-0.00010503960947971791,-0.005541298240324289,-0.0008928677998483181,-0.006763573747843473
2025-03-13 15:00:00+00:00,-0.0037154572,-0.00010780129377963021,-0.004408025861704301,-0.0008933364297263324,-0.00373581517579796
2025-03-13 16:00:00+00:00,0.0040907343,-0.00011335658928146586,-0.002333314593006778,-0.0008937320089899004,0.0036932536436216665
2025-03-13 17:00:00+00:00,-0.00030470153,-0.00011830288713099435,-0.0003297941003077761,-0.0009037611889652908,-0.00044338804270810064
2025-03-13 18:00:00+00:00,0.0013592142,-0.00012492825044319034,6.127907314250352e-05,-0.0009028378990478814,0.0011924168429294257
2025-03-14 09:00:00+00:00,0.012223289,-0.0001318849972449243,0.0011622819845924592,-0.000896410143468529,0.011928512694129815
2025-03-14 10:00:00+00:00,-0.0012824838,-0.0001355532876914367,8.231377121128481e-05,-0.0008802083320915699,-0.001225656762511015
2025-03-14 11:00:00+00:00,-0.0063542933,-0.00014285155339166522,-0.001231067454567584,-0.0008614094112999737,-0.0062419504628616305
2025-03-14 12:00:00+00:00,0.0045846174,-0.0001480625942349434,-0.00012389154090835004,-0.0008306355448439717,0.004424496308292284
2025-03-14 13:00:00+00:00,0.0027388157,-0.00015309765876736492,0.0008948667047191227,-0.0008090842165984213,0.0026824433485222485
2025-03-14 14:00:00+00:00,0.0008575068,-0.0001593223278177902,0.00047821206841824627,-0.0007901998469606042,0.0008728014212982558
2025-03-14 15:00:00+00:00,0.0024640048,-0.00016405469796154648,0.0008491189796319418,-0.0007786311325617135,0.002410175495928094
2025-03-14 16:00:00+00:00,0.009389505,-0.00017139533883892,0.003686185429717153,-0.0007711381185799837,0.009334683629905364
2025-03-14 17:00:00+00:00,-0.003161855,-0.00018154314602725208,0.0008283475407259116,-0.0007647337042726576,-0.0032341534434545097
2025-03-14 18:00:00+00:00,0.0018169406,-0.0001896661560749635,0.0002527182463999754,-0.0007562395767308772,0.001719598909278922
2025-03-17 09:00:00+00:00,0.018039295,-0.00019568800053093582,0.0011911619225369527,-0.0007485570386052132,0.018227960698762594
2025-03-17 10:00:00+00:00,-0.00093796663,-0.00020089239114895463,0.0028268538838023653,-0.00074881681939587,-0.001029112599823353
2025-03-17 11:00:00+00:00,0.0020101683,-0.00021104345796629786,0.0025719657852939525,-0.0007405063370242715,0.002035943404070487
2025-03-17 12:00:00+00:00,-0.0019640182,-0.0002211285609519109,0.000768084985264024,-0.0007317545241676271,-0.002013425704060431
2025-03-17 13:00:00+00:00,-0.0011574717,-0.00023068625887390226,0.00038997639261244434,-0.0007149653974920511,-0.0011736355539932431
2025-03-17 14:00:00+00:00,-0.005476098,-0.00024280698562506586,-0.0001988058312564017,-0.0007096685585565865,-0.005561980936260532
2025-03-17 15:00:00+00:00,0.0039780163,-0.0002569731150288135,0.00041579548503913483,-0.0007111031445674598,0.003889386387885999
2025-03-17 16:00:00+00:00,0.0014888409,-0.00026869025896303356,0.0004559474712529127,-0.0007182203116826713,0.0014272787713485756
2025-03-17 17:00:00+00:00,-0.0006131463,-0.00027775848866440356,-9.256466267270938e-05,-0.0007246717577800155,-0.0006933476652017347
2025-03-17 18:00:00+00:00,0.00019415232,-0.00028749345801770687,-0.00011899097758625955,-0.0007262696162797511,0.00014925421324446837
2025-03-18 09:00:00+00:00,0.005601825,-0.0002944994776044041,0.0008694044464304801,-0.0007389088277705014,0.005560547901570182
2025-03-18 10:00:00+00:00,-0.002657185,-0.00030028264154680073,0.0007089139838186559,-0.0007529996219091117,-0.002706715768408138
2025-03-18 11:00:00+00:00,-0.0021129856,-0.0003064709308091551,-0.00021447664919011265,-0.0007564136176370084,-0.002226109622011471
2025-03-18 12:00:00+00:00,0.00083403994,-0.00031300843693315983,-0.0012088491795227687,-0.0007619314710609615,0.0007371038630486524
2025-03-18 13:00:00+00:00,0.0014079789,-0.0003216313780285418,-4.227033289183485e-05,-0.0007739553693681955,0.0014063176831092294
2025-03-18 14:00:00+00:00,0.00038085878,-0.0003280550881754607,-4.53029308285017e-06,-0.0007880367338657379,0.00030254470140162235
2025-03-18 15:00:00+00:00,-0.0001443407,-0.00033589982194826007,0.00040071672217913124,-0.0008011458558030427,-0.00014244446002125948
2025-03-18 16:00:00+00:00,0.0018594781,-0.0003430333163123578,0.0010769870050361331,-0.0008048388408496976,0.0018651836448560532
2025-03-18 17:00:00+00:00,0.0028041492,-0.000348216068232432,0.0017652324604275377,-0.0008154719835147262,0.002828049732119645
2025-03-18 18:00:00+00:00,-0.004190759,-0.0003559055330697447,-0.0014999922444090777,-0.0008169052307493985,-0.004337015345509506
2025-03-19 09:00:00+00:00,-0.013104719,-0.0003666486591100693,-0.0035637672682885197,-0.0008091343333944678,-0.013168635536669079
2025-03-19 10:00:00+00:00,-0.0043015108,-0.0003709792799782008,-0.004335654761162433,-0.0007976751076057553,-0.004346301052646048
2025-03-19 11:00:00+00:00,0.003009885,-0.00037611849256791174,-0.0010743735820598335,-0.0008026208961382508,0.002946012429038639
2025-03-19 12:00:00+00:00,-0.0011592145,-0.00037912066909484565,2.849927118173069e-05,-0.0008093276992440224,-0.0012117277675509042
2025-03-19 13:00:00+00:00,-0.0024006017,-0.0003807164612226188,-0.0020416793698629847,-0.0008171091903932393,-0.0024422837336965345
2025-03-19 14:00:00+00:00,0.0052463776,-0.00038003185181878507,0.0005129760144860679,-0.000816445448435843,0.005110804687152474
2025-03-19 15:00:00+00:00,0.0050550583,-0.0003789815818890929,0.001288896966799197,-0.0008196661365218461,0.004952697194628378
2025-03-19 16:00:00+00:00,-0.00012683898,-0.000378213677322492,-3.6375400733958823e-06,-0.0008282272610813379,-0.00019339738289774993
2025-03-19 17:00:00+00:00,-0.00046727742,-0.0003801967541221529,8.513637800185445e-05,-0.0008308635442517698,-0.0005217087060140315
2025-03-19 18:00:00+00:00,-0.00029099826,-0.000382896134397015,0.00010133498222459792,-0.0008364256354980171,-0.00024777263849190225
2025-03-20 09:00:00+00:00,0.0032457123,-0.00038712273817509413,0.00043336282992025997,-0.0008394857868552208,0.0032716286559518223
2025-03-20 10:00:00+00:00,-0.0050276006,-0.00038836486055515707,-0.0002846325977842736,-0.0008405030821450055,-0.005118576452581344
2025-03-20 11:00:00+00:00,-0.00040019918,-0.00039453530916944146,-0.0009278198175612733,-0.0008518981048837304,-0.0005819128919385932
2025-03-20 12:00:00+00:00,0.0010203465,-0.0003998655010946095,0.00032784027611283586,-0.0008613301906734705,0.0009680357393742654
2025-03-20 13:00:00+00:00,-0.0025512672,-0.0004035831952933222,1.9286097764239742e-06,-0.0008685010834597051,-0.0027114702164700547
2025-03-20 14:00:00+00:00,-0.0021621832,-0.00040724550490267575,-0.0006131577213891013,-0.0008768170373514295,-0.0022428719643949294
2025-03-20 15:00:00+00:00,-0.0042289696,-0.00041024936945177615,-0.00241752803814291,-0.0008825974655337632,-0.004353553930642014
2025-03-20 16:00:00+00:00,0.006723621,-0.000414988404372707,0.00019242371667082116,-0.00088693288853392,0.006595931221694166
2025-03-20 17:00:00+00:00,0.0034393657,-0.00041788435191847384,0.001112634149953847,-0.0008938892278820276,0.003349721371875894
2025-03-20 18:00:00+00:00,-0.0021199055,-0.0004189029277767986,-0.0008225440852832348,-0.000897402293048799,-0.002203470139321148
2025-03-21 09:00:00+00:00,-0.00044686912,-0.0004204098368063569,-0.00047717749805547486,-0.0008964776061475277,-0.00047326036930800077
2025-03-21 10:00:00+00:00,0.0020620003,-0.0004192035412415862,7.618592421806847e-05,-0.0009011748479679227,0.0020079126065473715
2025-03-21 11:00:00+00:00,0.0016187117,-0.00041820216574706137,0.0006274972751261314,-0.0009067104547284544,0.0015852670914514066
2025-03-21 12:00:00+00:00,0.0006986716,-0.0004153871559537947,0.0007122686554655109,-0.0009082370670512319,0.0006294388262622661
2025-03-21 13:00:00+00:00,-0.0054943236,-0.00041618532850407064,-0.001547784041079804,-0.0009078698349185288,-0.005491742747104119
2025-03-21 14:00:00+00:00,-0.0007025223,-0.0004177009395789355,-0.0009186467015654994,-0.0009072539396584034,-0.0007371552001790817
2025-03-21 15:00:00+00:00,-0.0025406566,-0.00041822210187092423,-0.001786022543240434,-0.000912733084987849,-0.002544646143940618
2025-03-21 16:00:00+00:00,-0.002837838,-0.0004200022085569799,-0.0014929180528878972,-0.0009182044304907322,-0.002783494988119081
2025-03-21 17:00:00+00:00,-0.0011229963,-0.00042333381134085357,-0.001267525172740748,-0.0009197797626256943,-0.0011153002300582882
2025-03-21 18:00:00+00:00,-0.001064726,-0.0004251969512552023,-0.0008319130312681102,-0.0009210908319801092,-0.0010677455039209106
2025-03-24 09:00:00+00:00,0.002462805,-0.00042624305933713913,-0.0008029120659836183,-0.000924130086787045,0.0024494351097137964
2025-03-24 10:00:00+00:00,-0.0038737466,-0.0004296365659683943,-0.004249359398770351,-0.0009201040957123041,-0.0038604417498115354
2025-03-24 11:00:00+00:00,-0.000878925,-0.0004335232079029083,-0.004224241045529943,-0.0009275736520066857,-0.0009138663466822763
2025-03-24 12:00:00+00:00,0.000690649,-0.0004386304644867778,-0.0013722660373925314,-0.0009377094684168696,0.000649841329266657
2025-03-24 13:00:00+00:00,-0.0025829577,-0.00044211078784428537,-0.0029357396055785397,-0.0009432165534235537,-0.0025711935072473793
2025-03-24 14:00:00+00:00,-0.00022656258,-0.0004440172342583537,-0.003308107363009305,-0.0009514463599771261,-0.00029875958896868573
2025-03-24 15:00:00+00:00,0.0007770216,-0.0004462057549972087,-0.002284291150961327,-0.0009606713429093361,0.0006844967210389328
2025-03-24 16:00:00+00:00,-0.0020996607,-0.0004496688488870859,-0.0036484707851392583,-0.0009662447264418006,-0.0021247024257570715
2025-03-24 17:00:00+00:00,0.0015554943,-0.0004577316576614976,-0.00128277598554312,-0.0009751186007633805,0.0014047545738583055
2025-03-24 18:00:00+00:00,0.000110115354,-0.00046474262489937246,-0.0008447419601427366,-0.0009856695542111993,1.5431818784442518e-05
2025-03-25 09:00:00+00:00,0.0032946994,-0.00047069916035979986,0.0012814981422380582,-0.0009911831002682447,0.003146989385147073
2025-03-25 10:00:00+00:00,-0.0023544934,-0.0004773799155373126,-9.244529583984459e-05,-0.0009890064829960465,-0.002360125152773115
2025-03-25 11:00:00+00:00,0.00080743094,-0.0004830676771234721,6.013563662762354e-05,-0.0010020375484600663,0.0007300112997404327
2025-03-25 12:00:00+00:00,-0.010547798,-0.0004912280710414052,-0.006138962016572905,-0.0010110621806234121,-0.010366571699545964
2025-03-25 13:00:00+00:00,0.0014176774,-0.0004972937167622149,-0.002994811394059609,-0.0010161231039091945,0.0012784444088145862
2025-03-25 14:00:00+00:00,0.00046260943,-0.0005014031194150448,-0.001095612474922511,-0.0010221016127616167,0.00044210391084559584
2025-03-25 15:00:00+00:00,-0.0007764185,-0.000504197261761874,-0.002456526734899022,-0.001034171087667346,-0.0007961937785802533
2025-03-25 16:00:00+00:00,-0.0026379838,-0.0005089927581138909,-0.0033333709393949013,-0.00103397062048316,-0.002645710634834039
2025-03-25 17:00:00+00:00,0.0028693879,-0.0005127877229824662,0.0011882774951111614,-0.0010387031361460686,0.002620338354137722
2025-03-25 18:00:00+00:00,0.00303815,-0.0005164422327652574,0.0008143216819381618,-0.001043030759319663,0.0029199702290332893
2025-03-26 09:00:00+00:00,0.010858416,-0.0005207329522818327,0.0020159141741742208,-0.0010412344709038734,0.010740760142443243
2025-03-26 10:00:00+00:00,-0.0054254695,-0.0005233224364928901,-0.0005997532935102395,-0.001038174144923687,-0.005333241682205333
2025-03-26 11:00:00+00:00,-0.0009716019,-0.0005241759936325252,-0.0008070443192209197,-0.0010393803240731359,-0.0010260215767169923
2025-03-26 12:00:00+00:00,0.002758267,-0.0005256905569694936,0.0007061427015088058,-0.0010374425910413265,0.0026432627457955746
2025-03-26 13:00:00+00:00,-0.003551341,-0.0005267824162729084,-0.0003728155549534336,-0.0010319644352421165,-0.0035378076543645634
2025-03-26 14:00:00+00:00,-0.0026007816,-0.0005259039462544024,-0.0008389916283163229,-0.0010243384167551994,-0.00261599737929091
2025-03-26 15:00:00+00:00,-0.0008431584,-0.000527252210304141,-0.0006979326183267462,-0.0010105796391144395,-0.0008165442939935232
2025-03-26 16:00:00+00:00,-0.0019922971,-0.0005294764414429665,-0.0003203276003082237,-0.000997711787931621,-0.0019778878847029305
2025-03-26 17:00:00+00:00,-0.0028625657,-0.0005344513920135796,-0.0005074464544427254,-0.0009861200815066695,-0.0028185516445199924
2025-03-26 18:00:00+00:00,-0.0011721152,-0.0005397276254370809,-0.0005982055297737157,-0.000975745846517384,-0.0012228426060937848
2025-03-27 09:00:00+00:00,-0.008695457,-0.000546443450730294,-0.003606586921290885,-0.0009712198516353965,-0.008564927490507464
2025-03-27 10:00:00+00:00,-0.000779382,-0.000549409247469157,-0.0035383785240313925,-0.0009473728132434189,-0.0008812681982243688
2025-03-27 11:00:00+00:00,-0.0040832264,-0.0005542770959436893,-0.005197219626318292,-0.000932572060264647,-0.004016492850578309
2025-03-27 12:00:00+00:00,0.0017928852,-0.000557668216060847,-0.00308706081269839,-0.0009147600503638387,0.0016150130195631861
2025-03-27 13:00:00+00:00,0.0012951851,-0.0005589364445768297,-0.0009012526280156188,-0.0008992483490146697,0.0011463308152207007
2025-03-27 14:00:00+00:00,-9.635799e-05,-0.0005604446632787585,-0.0006205923511854628,-0.0008924607536755502,-0.00018771649395093695
2025-03-27 15:00:00+00:00,-0.009400861,-0.0005611160886473954,-0.004954002155092417,-0.0008825973491184413,-0.009115887639137007
2025-03-27 16:00:00+00:00,0.001017604,-0.000560915912501514,-0.0034049654315056656,-0.000872817647177726,0.0007605043123140618
2025-03-27 17:00:00+00:00,-0.0013581167,-0.0005608397768810391,-0.0032418628259220294,-0.000870554125867784,-0.001406986317970812
2025-03-27 18:00:00+00:00,0.00030160288,-0.0005572932423092425,-0.0017972548892715395,-0.0008657886064611375,0.00018812636229254318
2025-03-28 09:00:00+00:00,-0.009870243,-0.0005519116530194879,-0.002828052716428072,-0.000853964127600193,-0.009664420771781031
2025-03-28 10:00:00+00:00,0.007506874,-0.0005469716270454228,-0.0018127947234731264,-0.0008320645429193974,0.0070665294121459755
2025-03-28 11:00:00+00:00,-0.0060735764,-0.0005454155034385622,-0.003583657504173968,-0.0008223887998610735,-0.005827071710779726
2025-03-28 12:00:00+00:00,-0.0056304554,-0.0005375663167797029,-0.0038245891165732196,-0.0008061096305027604,-0.005562347432384648
2025-03-28 13:00:00+00:00,-0.0012734559,-0.000533365411683917,-0.0037124404941184614,-0.0007927557453513145,-0.0014002160562080446
2025-03-28 14:00:00+00:00,-0.009621249,-0.0005283256759867072,-0.005013081611810485,-0.0007766931084915996,-0.00926003000729397
2025-03-28 15:00:00+00:00,0.0021055227,-0.0005228472873568535,-0.003788656388726121,-0.000759406597353518,0.001599138295705963
2025-03-28 16:00:00+00:00,0.0001758131,-0.0005228283698670566,-0.0036841359356535436,-0.0007569308509118855,-6.057564588618184e-05
2025-03-28 17:00:00+00:00,0.0012728932,-0.0005153192323632538,-0.0017768381498995648,-0.0007429872639477253,0.000979371598919535
2025-03-28 18:00:00+00:00,0.0023096073,-0.000509853707626462,5.004611094009566e-05,-0.0007282870938070118,0.001998175873030142
2025-03-31 09:00:00+00:00,-0.0050729155,-0.000502906390465796,-0.0015168765785575546,-0.0007149724406190217,-0.004968999441427421
2025-03-31 10:00:00+00:00,-0.008865427,-0.0004943677922710776,-0.003964910485594778,-0.0006998019525781274,-0.008412149643742758
2025-03-31 11:00:00+00:00,-0.001787928,-0.0004857619933318347,-0.0035991013648324762,-0.000689731037709862,-0.0019075562399388203
2025-03-31 12:00:00+00:00,0.007079273,-0.000479075446492061,0.00019605491287864936,-0.0006811071652919054,0.0064499078074964945
2025-03-31 13:00:00+00:00,0.0030457636,-0.0004729348293039948,0.0012431287216410898,-0.0006728707230649889,0.002674015651894571
2025-03-31 14:00:00+00:00,0.000916904,-0.0004671957576647401,0.000429077228327991,-0.000666074629407376,0.000820702796989373
2025-03-31 15:00:00+00:00,-0.003166212,-0.0004579647211357951,-0.0005500760194144487,-0.0006569637334905565,-0.003085037690777334
2025-03-31 16:00:00+00:00,0.0018670164,-0.0004506512195803225,5.26778516272964e-05,-0.0006465561455115676,0.0016259680227682127
2025-03-31 17:00:00+00:00,0.0022484346,-0.0004405872314237058,0.0005875532790390666,-0.0006343796849250793,0.0020013413945212974
2025-03-31 18:00:00+00:00,-0.00033511786,-0.0004312818928156048,-0.0002907051170420939,-0.0006229493301361799,-0.00032357814098931916
2025-04-01 09:00:00+00:00,0.0068063694,-0.00042059298721142113,0.0023237822154728717,-0.0006090999231673777,0.0064581844531977385
2025-04-01 10:00:00+00:00,-0.0012070803,-0.00040891338721849024,0.001130440955982787,-0.0005934056825935841,-0.0010060475080530507
2025-04-01 11:00:00+00:00,-0.00037957492,-0.00039653663407079875,-4.648577364322557e-07,-0.0005861068493686616,-0.0002260781281899184
2025-04-01 12:00:00+00:00,0.0025321727,-0.0003876567934639752,0.0013655018365566584,-0.000573799479752779,0.0024195935297262636
2025-04-01 13:00:00+00:00,-0.0062563377,-0.0003765980654861778,-0.0012830296960885453,-0.0005625734920613468,-0.0058691369345746335
2025-04-01 14:00:00+00:00,-0.010388882,-0.0003669200523290783,-0.0028905471147340446,-0.0005555205279961228,-0.009723740527004473
2025-04-01 15:00:00+00:00,-0.0025344477,-0.00035729925730265677,-0.003551865133909575,-0.0005483547574840486,-0.002543661505978342
2025-04-01 16:00:00+00:00,-0.0039047375,-0.00034886691719293594,-0.0019930695948109384,-0.0005427885917015374,-0.0037523349141787535
2025-04-01 17:00:00+00:00,0.0069111697,-0.00033910665661096573,0.002005079286502555,-0.0005378197529353201,0.006342803659737776
2025-04-01 18:00:00+00:00,-0.007949616,-0.0003290589665994048,-0.002173978467834957,-0.0005328450351953506,-0.007451729615706334
