Datetime,y_true,LSTM_att,CatBoost,Hybrid,SARIMAX
2023-11-10 13:00:00+00:00,-0.0009660746,,-0.001224127493625824,,-0.0010673778547169183
2023-11-10 14:00:00+00:00,-0.00019874789,,0.00014075253214087627,,-0.00016046237223381077
2023-11-10 15:00:00+00:00,0.0006954449,,0.0011274160243370296,,0.0008656125843501922
2023-11-10 16:00:00+00:00,-0.0013823325,,-0.0005909201560290663,,-0.0014791027662028168
2023-11-10 17:00:00+00:00,0.00025311878,,-0.00017204941172248127,,0.0002874440579176943
2023-11-10 18:00:00+00:00,0.0009937754,,0.0011167525075732943,,0.0009621793164065846
2023-11-13 10:00:00+00:00,0.0007311492,,0.0009681985404003488,,0.0007014452329860565
2023-11-13 11:00:00+00:00,0.0018660674,,0.0025353475048816325,,0.0020279248960522853
2023-11-13 12:00:00+00:00,0.00062124943,,0.0007509235909280732,,0.000541777792846117
2023-11-13 13:00:00+00:00,-0.0003600976,,-0.0006707675872030561,,-0.0004474923914411158
2023-11-13 14:00:00+00:00,0.0029579569,,0.0029476108179321697,,0.00310488980651987
2023-11-13 15:00:00+00:00,-0.0016532197,,-0.0011067764767993436,,-0.002088144956037672
2023-11-13 16:00:00+00:00,0.0013748795,,0.000723722249791589,,0.0017293218197494816
2023-11-13 17:00:00+00:00,0.0009962798,,0.0013243650979104518,,0.0007608053950772132
2023-11-13 18:00:00+00:00,0.0024460952,,0.0026001643574497277,,0.0026182204872175355
2023-11-14 10:00:00+00:00,-0.0074284337,,-0.006504732468219977,,-0.008408604124136467
2023-11-14 11:00:00+00:00,0.00104529,,-0.00030427882463569415,,0.0021135131737020983
2023-11-14 12:00:00+00:00,-0.0011354524,,-0.00038027365545127337,,-0.0014942173809086167
2023-11-14 13:00:00+00:00,0.001495644,,0.0006619441773990618,,0.0018269100490405457
2023-11-14 14:00:00+00:00,-0.00066645653,,0.00012873182749579979,,-0.0008684144137537737
2023-11-14 15:00:00+00:00,0.002078956,,0.0009480771982043872,,0.0023750781471913265
2023-11-14 16:00:00+00:00,0.0042613763,,0.003387106343166527,,0.004323716591937478
2023-11-14 17:00:00+00:00,-0.0006178948,,0.0007333462857638909,,-0.0012060658936837276
2023-11-14 18:00:00+00:00,0.0005552272,,0.00045578794637206007,,0.0008212576973206437
2023-11-15 10:00:00+00:00,0.0002327455,,0.0005445162247348867,,0.00031390569439354533
2023-11-15 11:00:00+00:00,0.004269312,,0.0033932031785641227,,0.004409531753495693
2023-11-15 12:00:00+00:00,0.0028835135,,0.0016392700739244392,,0.0022671845182311136
2023-11-15 13:00:00+00:00,0.003008135,,0.002796981562602779,,0.002869438357665284
2023-11-15 14:00:00+00:00,0.0010007041,,0.0011792145667710373,,0.0007352400229256239
2023-11-15 15:00:00+00:00,-0.0018073095,,-0.0011939064564659202,,-0.0023141353262990474
2023-11-15 16:00:00+00:00,0.0034788186,,0.0032198778294809448,,0.003446613306146945
2023-11-15 17:00:00+00:00,0.0013775566,,0.001299561832855705,,0.00118074861731892
2023-11-15 18:00:00+00:00,0.0008996852,,0.0006888149149754212,,0.0008774400564507559
2023-11-16 10:00:00+00:00,-0.00022925466,,0.00025019423981884834,,-0.00048778063479189835
2023-11-16 11:00:00+00:00,0.0035124049,,0.001078221596162573,,0.003492252091378508
2023-11-16 12:00:00+00:00,-0.0029481803,,-0.0019075415455745723,,-0.0033919913265532953
2023-11-16 13:00:00+00:00,-0.0011375913,,-0.0010317694976961702,,-0.0011617619631100354
2023-11-16 14:00:00+00:00,0.0005380921,,0.0003450331386486519,,0.0007647675056640818
2023-11-16 15:00:00+00:00,-0.0013590195,,-0.0008407852293947423,,-0.0018157547971382865
2023-11-16 16:00:00+00:00,0.002839483,,0.0006611488190522832,,0.0038225606906270347
2023-11-16 17:00:00+00:00,-0.003802504,,-0.0024653695542601974,,-0.0037492868837539625
2023-11-16 18:00:00+00:00,-0.0018491244,,-0.001991782664855825,,-0.0013449101581892154
2023-11-17 10:00:00+00:00,-0.005096118,,-0.0021754891731316063,,-0.005513280864607933
2023-11-17 11:00:00+00:00,-0.0054712007,,-0.004135101489813709,,-0.005521669943575868
2023-11-17 12:00:00+00:00,0.0029401404,,0.0006038291884913013,,0.0038243497924597145
2023-11-17 13:00:00+00:00,3.569325e-05,,0.0007498638339040911,,0.0006036842464525601
2023-11-17 14:00:00+00:00,0.0026466711,,0.0012050647130733964,,0.003458004297063042
2023-11-17 15:00:00+00:00,0.0012096094,,0.001212082586877026,,0.001791089057633915
2023-11-17 16:00:00+00:00,-0.0013431119,,-0.00011525883351833434,,-0.0009459479384734041
2023-11-17 17:00:00+00:00,-0.0019065783,,-0.0013073474961610035,,-0.0016612582448315575
2023-11-17 18:00:00+00:00,0.0006596953,,-0.00023263028222033497,,0.0014143626498589656
2023-11-20 10:00:00+00:00,0.014746803,,0.014157671397415939,,0.016487177053328757
2023-11-20 11:00:00+00:00,0.004905535,,0.0056994236114388435,,0.005357939154875226
2023-11-20 12:00:00+00:00,-0.0019330607,,-0.0019562763103366625,,-0.0024028641107782106
2023-11-20 13:00:00+00:00,-0.0004203447,,-0.0008399022836713068,,-0.0007441126804519869
2023-11-20 14:00:00+00:00,-0.000814921,,-0.0005524629824080302,,-0.0011647121053551858
2023-11-20 15:00:00+00:00,0.00021913006,,0.00010094629745437445,,-0.00019724460628943317
2023-11-20 16:00:00+00:00,0.00084101345,,0.00023676278533547401,,0.0007645229526099771
2023-11-20 17:00:00+00:00,0.000551531,,0.0005466764006517786,,0.00031460377423904494
2023-11-20 18:00:00+00:00,-7.001882e-05,,-9.441131990396992e-05,,-0.0002598698746400971
2023-11-21 10:00:00+00:00,0.006838647,-0.0015193797880783677,0.004511403861777542,-0.0014307505916804075,0.007441347461998318
2023-11-21 11:00:00+00:00,-0.004041712,-0.0015094800619408488,-0.0013415943457767434,-0.0014352205907925963,-0.00487966505053444
2023-11-21 12:00:00+00:00,-0.0012226969,-0.001501670922152698,-0.001181973310096245,-0.0014354727463796735,-0.0011296755536090827
2023-11-21 13:00:00+00:00,0.0009782771,-0.0014968609903007746,0.0007422772112808708,-0.0014387303963303566,0.0015844277778572823
2023-11-21 14:00:00+00:00,0.0022673176,-0.0014908998273313046,0.0013660840984079299,-0.001438422012142837,0.002478571065489492
2023-11-21 15:00:00+00:00,-0.00052277104,-0.001482310239225626,-0.0005948842465724895,-0.0014385349350050092,-0.0005001326531334199
2023-11-21 16:00:00+00:00,0.003028275,-0.0014755378942936659,0.002216953325558442,-0.0014396581100299954,0.0035285676892121503
2023-11-21 17:00:00+00:00,0.0016321574,-0.001465900568291545,0.002027437513540373,-0.0014412668533623219,0.0020118624025529056
2023-11-21 18:00:00+00:00,0.0013869748,-0.001465644221752882,0.0009893191429736078,-0.001448931056074798,0.0016322176570429403
2023-11-22 10:00:00+00:00,0.0036316826,-0.0014638543361797929,0.002036691726531009,-0.001457798294723034,0.0037406537135849386
2023-11-22 11:00:00+00:00,-0.0042035766,-0.0014585416065528989,-0.002708398174118001,-0.0014664300251752138,-0.005000513630848244
2023-11-22 12:00:00+00:00,0.00035530597,-0.0014621155569329858,-0.0005377141558488278,-0.001476616831496358,0.0003668140295030157
2023-11-22 13:00:00+00:00,0.00028588632,-0.001460420899093151,0.00026801092012120184,-0.0014844272518530488,0.00046605435181519073
2023-11-22 14:00:00+00:00,-0.0011353641,-0.001459610415622592,-0.0009092224440506333,-0.0014967522583901882,-0.0012030899986744865
2023-11-22 15:00:00+00:00,-0.00023416665,-0.0014618257991969585,-0.00023933974794042762,-0.0015084438491612673,-0.0002391032281284025
2023-11-22 16:00:00+00:00,-0.0009111697,-0.0014652112731710076,-0.0007340357257517782,-0.0015213319566100836,-0.0008939302293318083
2023-11-22 17:00:00+00:00,-0.00059922104,-0.0014515976654365659,-0.0005659273003746301,-0.001521809259429574,-0.00029519545189806134
2023-11-22 18:00:00+00:00,0.00068603485,-0.0014407559065148234,-0.0002075791659345774,-0.0015278743812814355,0.0011465583489131805
2023-11-23 10:00:00+00:00,0.0034317838,-0.0014291072729974985,0.002377682050467622,-0.001528243999928236,0.004321811388579601
2023-11-23 11:00:00+00:00,0.00035463908,-0.0014187040505930781,0.0006609152420483506,-0.0015317944344133139,0.0005340032793395055
2023-11-23 12:00:00+00:00,-0.0018177731,-0.001406378811225295,-0.0012311564182135959,-0.0015319311060011387,-0.0016293110004803233
2023-11-23 13:00:00+00:00,-0.0021162378,-0.0013979430077597499,-0.002096669038410217,-0.001534049166366458,-0.002188829210058963
2023-11-23 14:00:00+00:00,-0.00012155943,-0.0014000810915604234,-0.0008593277560076872,-0.0015410424675792456,-1.6541643127518e-05
2023-11-23 15:00:00+00:00,-0.0016511979,-0.0014020358212292194,-0.0011093459844607057,-0.0015476664993911982,-0.0014921377307092274
2023-11-23 16:00:00+00:00,-0.00061772706,-0.001403734553605318,-0.0006386002202478578,-0.001558057265356183,-0.0004299716115407434
2023-11-23 17:00:00+00:00,-0.0013498863,-0.0014035444473847747,-0.0013850941042957323,-0.00156887446064502,-0.0007663444093836671
2023-11-23 18:00:00+00:00,0.00130637,-0.0014134657103568316,0.0013009487137273783,-0.001580180018208921,0.001883015007119489
2023-11-24 10:00:00+00:00,-0.0047371746,-0.0014225939521566033,-0.002195180199299983,-0.0015890495851635933,-0.004892726294974302
2023-11-24 11:00:00+00:00,0.005998379,-0.0014327924000099301,0.003874681286482902,-0.0015956810675561428,0.007398600979885629
2023-11-24 12:00:00+00:00,-0.0078101875,-0.0014399768551811576,-0.003889989302575002,-0.0016002445481717587,-0.008167200158573676
2023-11-24 13:00:00+00:00,0.00014891967,-0.001449877512641251,-0.0009242423493807771,-0.0016000032192096114,0.0006725228614137209
2023-11-24 14:00:00+00:00,-0.002288802,-0.0014639615546911955,-0.0021036798875097287,-0.0016030191909521818,-0.0020822511535224415
2023-11-24 15:00:00+00:00,-0.0024084535,-0.0014752697898074985,-0.0024627177019986477,-0.0016046082600951195,-0.0022511769591244853
2023-11-24 16:00:00+00:00,0.0021011273,-0.0014893707120791078,0.0017177907896699695,-0.0016056873137131333,0.002755190397310408
2023-11-24 17:00:00+00:00,0.003585443,-0.0015031042275950313,0.003218040260503003,-0.0016041620401665568,0.004431127113332083
2023-11-24 18:00:00+00:00,0.00033247008,-0.001517741708084941,0.0009124571855718082,-0.0016045604133978486,0.0006540455290143473
2023-11-27 10:00:00+00:00,-0.00058627164,-0.0015318026999011636,-0.0005721693698428951,-0.00159960868768394,-0.00025493794751751123
2023-11-27 11:00:00+00:00,0.00097109895,-0.0015434399247169495,0.000497253954978329,-0.0015947712818160653,0.0013168168784611059
2023-11-27 12:00:00+00:00,-0.0026267648,-0.0015540462918579578,-0.0016516621429345534,-0.001592208631336689,-0.002812410899301626
2023-11-27 13:00:00+00:00,-0.00071041106,-0.0015655802562832832,-0.0009285884349921836,-0.0015887657646089792,-0.0006124457479406691
2023-11-27 14:00:00+00:00,0.0012363163,-0.0015822588466107845,0.000650996024845255,-0.001587252481840551,0.001445673282433605
2023-11-27 15:00:00+00:00,-0.0025093015,-0.0015970327658578753,-0.0011337162475511533,-0.0015841824933886528,-0.0024333952783385368
2023-11-27 16:00:00+00:00,-0.0026829597,-0.0016165848355740309,-0.0034708718564484334,-0.0015814582584425807,-0.0028206527631942503
2023-11-27 17:00:00+00:00,-0.0023722711,-0.0016323659801855683,-0.001616264852711233,-0.0015720212832093239,-0.002276512745515439
2023-11-27 18:00:00+00:00,-0.000476897,-0.001643564086407423,6.0900596987052745e-05,-0.0015621063066646457,-0.00024829037370375926
2023-11-28 10:00:00+00:00,-0.0060160286,-0.0016530926804989576,-0.00469656352923826,-0.0015523841138929129,-0.006280622952207937
2023-11-28 11:00:00+00:00,0.0018733663,-0.001660951180383563,0.0008571788562904773,-0.0015419992851093411,0.002465145387225415
2023-11-28 12:00:00+00:00,0.0011170214,-0.0016680333064869046,0.0010823013951873186,-0.001531454618088901,0.0016426041105887738
2023-11-28 13:00:00+00:00,-0.0011436323,-0.0016720572020858526,-0.0005295670996430879,-0.0015210130950435996,-0.0009654065238921927
2023-11-28 14:00:00+00:00,0.0009221003,-0.0016794829862192273,0.0003175332777652379,-0.0015097316354513168,0.0012084205387410786
2023-11-28 15:00:00+00:00,0.0015850881,-0.0016833266708999872,0.0011676307753610475,-0.0014977888204157352,0.002027054947036059
2023-11-28 16:00:00+00:00,-0.0041584526,-0.0016909779515117407,-0.0024481074395627514,-0.0014887829311192036,-0.004220076694262734
2023-11-28 17:00:00+00:00,0.0032820944,-0.00171545275952667,0.0019100913149014092,-0.0014864002587273717,0.00391428883353937
2023-11-28 18:00:00+00:00,-0.0005049185,-0.0017374804010614753,0.0003698243044281678,-0.0014821661170572042,-0.0007569558706963016
2023-11-29 10:00:00+00:00,-0.0005760956,-0.0017581230495125055,-0.0006516212480402569,-0.0014782818034291267,-0.0008940835308983526
2023-11-29 11:00:00+00:00,-0.001206444,-0.001778371981345117,-0.0004918447389703877,-0.0014791502617299557,-0.0014807930798037914
2023-11-29 12:00:00+00:00,-0.0011190353,-0.0017957474337890744,-0.001147449239394241,-0.0014813172165304422,-0.001596715503727206
2023-11-29 13:00:00+00:00,0.0007106437,-0.0018173763528466225,0.0006106561337406726,-0.001487085479311645,0.00039898864967811347
2023-11-29 14:00:00+00:00,0.0039526094,-0.0018382563721388578,0.003734558895421973,-0.0014931511832401156,0.0035366566634282897
2023-11-29 15:00:00+00:00,0.0037520183,-0.001854412374086678,0.003989121409382739,-0.0015021295985206962,0.0038173289838012974
2023-11-29 16:00:00+00:00,-0.001066789,-0.00186603469774127,-0.0007477476921830958,-0.0015115471323952079,-0.0016572717511547205
2023-11-29 17:00:00+00:00,-0.0008383599,-0.0018793208291754127,-0.0016419907639481247,-0.0015246991533786058,-0.001278000799908495
2023-11-29 18:00:00+00:00,-0.0041403165,-0.0018906648037955165,-0.003729831229114381,-0.0015293564647436142,-0.005025560821304264
2023-11-30 10:00:00+00:00,-0.0038371056,-0.001905288314446807,-0.004846436848769399,-0.001538340700790286,-0.004574518657078582
2023-11-30 11:00:00+00:00,-0.0009883051,-0.001921430230140686,-0.0011295132464081957,-0.00154381082393229,-0.0015933336928320055
2023-11-30 12:00:00+00:00,0.0005610498,-0.0019338546553626657,0.000944671772239183,-0.0015458498382940888,0.00027381389241251533
2023-11-30 13:00:00+00:00,0.002844927,-0.0019433508859947324,0.0021786158620989743,-0.0015452129300683737,0.0022641135682411077
2023-11-30 14:00:00+00:00,-0.0013681108,-0.001956428401172161,-0.0005642026960374827,-0.0015482212183997035,-0.001812171616349595
2023-11-30 15:00:00+00:00,-0.0011029576,-0.0019692517817020416,-0.0010146500400387661,-0.0015506421914324164,-0.0018299948236060585
2023-11-30 16:00:00+00:00,-0.0065090386,-0.001981167821213603,-0.0052641834222285026,-0.0015542536275461316,-0.007428778470883465
2023-11-30 17:00:00+00:00,-0.0021881063,-0.0019914936274290085,-0.0020487764573075885,-0.0015545961214229465,-0.0028743102642076203
2023-11-30 18:00:00+00:00,0.0009960026,-0.001998600549995899,0.00011547141522043965,-0.0015498277498409152,0.0005858246852823795
2023-12-01 10:00:00+00:00,-0.0053505637,-0.002009735908359289,-0.0029663953587045705,-0.0015446809120476246,-0.006385089510982788
2023-12-01 11:00:00+00:00,-0.0018049569,-0.002025248948484659,-0.0019750698326420706,-0.0015381831908598542,-0.00224866564154902
2023-12-01 12:00:00+00:00,-0.0022970014,-0.002041131490841508,-0.00235969644873992,-0.0015291910385712981,-0.0032088231304318892
2023-12-01 13:00:00+00:00,9.958581e-05,-0.002058799844235182,-0.001152392272848197,-0.0015193232102319598,-0.0002780865879399635
2023-12-01 14:00:00+00:00,-0.001068802,-0.0020758742466568947,-0.001227742204374944,-0.0015057929558679461,-0.00176743008590244
2023-12-01 15:00:00+00:00,-0.003677059,-0.002092710230499506,-0.0016043533306783365,-0.0014915596693754196,-0.004523637243063469
2023-12-01 16:00:00+00:00,-0.0014381813,-0.0021097189746797085,-0.0014306134864527221,-0.0014786535175517201,-0.0018634061627041713
2023-12-01 17:00:00+00:00,-0.0028734473,-0.002127513289451599,-0.0025510429213136798,-0.0014696352882310748,-0.0037640362154168655
2023-12-01 18:00:00+00:00,0.00055709033,-0.00214318186044693,-0.0003396433809732356,-0.0014628326753154397,5.473400215069409e-05
2023-12-04 10:00:00+00:00,-0.011524409,-0.0021563060581684113,-0.0039032446386222733,-0.0014555547386407852,-0.012682025401462828
2023-12-04 11:00:00+00:00,-0.00016626026,-0.0021653887815773487,-0.00037178597457123124,-0.0014472032198682427,-0.0007872488767673332
2023-12-04 12:00:00+00:00,0.003724983,-0.002174371387809515,0.0021909571180314122,-0.0014394649770110846,0.003226348276575849
2023-12-04 13:00:00+00:00,-0.0037157454,-0.002184947719797492,-0.0014853163930960654,-0.0014305912191048265,-0.004571911446826425
2023-12-04 14:00:00+00:00,0.0015137813,-0.0021944253239780664,0.0006759313434395836,-0.0014238886069506407,0.0012314111997211252
2023-12-04 15:00:00+00:00,9.223348e-06,-0.002201125957071781,0.0003876252435852325,-0.0014153205556795,-0.0005401813231678826
2023-12-04 16:00:00+00:00,-0.003779465,-0.002208070131018758,-0.0021558615514917574,-0.0014064686838537455,-0.004530022031948574
2023-12-04 17:00:00+00:00,-0.002298681,-0.0022128154523670673,-0.0024995827056017534,-0.001394040184095502,-0.002937620975885548
2023-12-04 18:00:00+00:00,-0.00060335186,-0.0022173041943460703,-0.0018966617518912372,-0.001389126991853118,-0.0014323188859107726
2023-12-05 10:00:00+00:00,-0.004588082,-0.0022196185309439898,-0.003080845392351268,-0.0013826359063386917,-0.005728036054255251
2023-12-05 11:00:00+00:00,-0.003944115,-0.002223256742581725,-0.002644318893492965,-0.0013800911838188767,-0.00504815102995222
2023-12-05 12:00:00+00:00,-0.0010775207,-0.002228216966614127,-0.001196392919224956,-0.0013775236438959837,-0.0020056932603488425
2023-12-05 13:00:00+00:00,0.004583131,-0.0022318693809211254,0.0029013256258858134,-0.00137197389267385,0.004249756757497682
2023-12-05 14:00:00+00:00,0.00081154826,-0.0022324302699416876,0.0019105280955490846,-0.0013645007275044918,-2.2264042857739847e-05
2023-12-05 15:00:00+00:00,-0.0053853043,-0.002232565777376294,-0.0028536214933785626,-0.0013571616727858782,-0.006767195928553413
2023-12-05 16:00:00+00:00,-0.00025314913,-0.0022337224800139666,-0.001431075109954231,-0.0013490592828020453,-0.0011861176163974407
2023-12-05 17:00:00+00:00,0.0005156065,-0.002233136212453246,0.0004689555290772056,-0.0013409361708909273,-0.0005402451754636169
2023-12-05 18:00:00+00:00,-0.00079695845,-0.0022380731534212828,-0.0019174260359615077,-0.00133241037838161,-0.0022320017912820537
2023-12-06 10:00:00+00:00,-0.006738532,-0.0022461230400949717,-0.003784840260452335,-0.001325505319982767,-0.008297751484041887
2023-12-06 11:00:00+00:00,-0.0027517357,-0.0022565918043255806,-0.0029332464332602034,-0.0013195291394367814,-0.0041799781122386324
2023-12-06 12:00:00+00:00,-0.007527837,-0.002267712727189064,-0.0034983665694071505,-0.0013129949802532792,-0.008882472039979123
2023-12-06 13:00:00+00:00,0.0043696254,-0.0022761865984648466,0.0033034393866600035,-0.0013056942261755466,0.0031762900705783995
2023-12-06 14:00:00+00:00,0.002817264,-0.00227744085714221,0.0030379133666298555,-0.0012933482648804784,0.0009512020139812605
2023-12-06 15:00:00+00:00,0.0013725539,-0.002280095126479864,0.0009834034215341,-0.0012869169004261494,0.00016794088997031846
2023-12-06 16:00:00+00:00,-0.004816956,-0.002276369836181402,-0.0028365888610576862,-0.0012797676026821136,-0.006671537510399743
2023-12-06 17:00:00+00:00,-0.0070394613,-0.0022690293844789267,-0.00716003888786425,-0.0012706078123301268,-0.008801723892746681
2023-12-06 18:00:00+00:00,0.00056460145,-0.0022693693172186613,-0.0012906353575904438,-0.0012663855450227857,-0.0009852593137323691
2023-12-07 10:00:00+00:00,-0.0047948845,-0.002261989051476121,-0.003871887556607286,-0.0012576438020914793,-0.006322029354373569
2023-12-07 11:00:00+00:00,-0.0010290985,-0.002256471198052168,-0.0007424131831907806,-0.0012467748019844294,-0.00258514094410258
2023-12-07 12:00:00+00:00,0.00071182597,-0.0022491177078336477,0.0006053276980442703,-0.00123407575301826,-0.0009307201069112107
2023-12-07 13:00:00+00:00,0.0013357103,-0.0022404571063816547,0.0011160270882021245,-0.0012199366465210915,-0.0006239375558590042
2023-12-07 14:00:00+00:00,-0.002913954,-0.0022247962187975645,-0.0008871346196461428,-0.0012035949621349573,-0.0045721507125429635
2023-12-07 15:00:00+00:00,0.0041423845,-0.0022156666964292526,0.0029567013438298187,-0.001190754002891481,0.0020780436332425447
2023-12-07 16:00:00+00:00,0.0022801093,-0.002206240314990282,0.002978526769115475,-0.0011733353603631258,0.000474241822198847
2023-12-07 17:00:00+00:00,0.001396154,-0.0021940749138593674,0.0015183349408188311,-0.0011567863402888179,-0.0011257328612447014
2023-12-07 18:00:00+00:00,0.004528842,-0.0021811644546687603,0.002464243002247393,-0.0011350606800988317,0.002339031904104592
2023-12-08 10:00:00+00:00,0.0070053986,-0.0021588385570794344,0.0054052494745123756,-0.0011118882102891803,0.005167214865039338
2023-12-08 11:00:00+00:00,0.0020006425,-0.002133571542799473,0.00199701901320318,-0.0010913757141679525,-0.00041870579480409245
2023-12-08 12:00:00+00:00,0.0006879751,-0.002114746021106839,0.0007094840132814868,-0.001075762789696455,-0.0013979235143574363
2023-12-08 13:00:00+00:00,0.0016473305,-0.0021020560525357723,0.0012693093648260476,-0.0010634560603648424,-0.0007896135134352732
2023-12-08 14:00:00+00:00,0.002245408,-0.002084422158077359,0.002433098206178078,-0.001048694713972509,-8.213608835099494e-07
2023-12-08 15:00:00+00:00,-0.0073089963,-0.0020647484343498945,-0.004739508167110453,-0.0010276301763951778,-0.010315025691222616
2023-12-08 16:00:00+00:00,-0.0022240002,-0.0020376420579850674,-0.0024717093093297457,-0.0010039850603789091,-0.005106689136670382
2023-12-08 17:00:00+00:00,0.00035996098,-0.00201430800370872,-0.00010121119577957303,-0.000977913849055767,-0.002511123255133744
2023-12-08 18:00:00+00:00,-0.0014975312,-0.001987854717299342,-0.000386882041503401,-0.0009485874907113612,-0.0042602705670191626
2023-12-11 10:00:00+00:00,0.0015070022,-0.0019651269540190697,0.0011003405071844086,-0.0009184954105876386,-0.0010540243110486916
2023-12-11 11:00:00+00:00,0.0018356616,-0.0019471199484542012,0.0012085599665121118,-0.000883382570464164,-0.0010401010290737084
2023-12-11 12:00:00+00:00,0.00044421552,-0.0019231855403631926,0.0005263080487205798,-0.0008445116691291332,-0.0024450363954086596
2023-12-11 13:00:00+00:00,0.0009633639,-0.001896442729048431,0.0003369187763393444,-0.0008081012638285756,-0.0017107115482127492
2023-12-11 14:00:00+00:00,0.00069833064,-0.0018648202531039715,-0.0003838647890308007,-0.0007709169294685125,-0.0016766170837940364
2023-12-11 15:00:00+00:00,-0.008402814,-0.0018354948842898011,-0.00812445244558711,-0.0007362215546891093,-0.011461252934496385
2023-12-11 16:00:00+00:00,0.0009128513,-0.001812879228964448,-0.0026105488082943237,-0.000694198242854327,-0.0019510026485603316
2023-12-11 17:00:00+00:00,-0.0010650742,-0.0017827372066676617,-0.0011507458093014758,-0.0006457463605329394,-0.00411493484102967
2023-12-11 18:00:00+00:00,-0.0029157319,-0.0017498807283118367,-0.0033245626285359252,-0.0006030480726622045,-0.00593001308140971
2023-12-12 10:00:00+00:00,0.004094854,-0.0017153385560959578,0.0041318781469467745,-0.0005636973073706031,0.0015212499183738589
2023-12-12 11:00:00+00:00,-0.004066227,-0.0016779666766524315,0.0005635431678187489,-0.0005287773674353957,-0.007149380492287203
2023-12-12 12:00:00+00:00,0.0037810828,-0.001637347275391221,0.002356359565124139,-0.0004937363555654883,0.0009295219835189438
2023-12-12 13:00:00+00:00,0.0044011567,-0.0015843058936297894,0.0025731867417984507,-0.000454513676231727,0.0019067328702494727
2023-12-12 14:00:00+00:00,0.008932249,-0.001521456753835082,0.00801360668527971,-0.0004185641591902822,0.006674361517899994
2023-12-12 15:00:00+00:00,-0.0011638276,-0.0014403971144929528,0.001159376939797379,-0.0003757886297535151,-0.0039840462001147735
2023-12-12 16:00:00+00:00,-0.0036975576,-0.0013498121406883001,-0.002658641362623333,-0.00032885625842027366,-0.006585481838740324
2023-12-12 17:00:00+00:00,-0.0022270044,-0.0012493807589635253,-0.001948948252593118,-0.00026692519895732403,-0.005008897736125678
2023-12-12 18:00:00+00:00,-0.0023834757,-0.0011456594802439213,-0.00164698547193324,-0.00021481320436578244,-0.005349685248041556
2023-12-13 10:00:00+00:00,0.0011262381,-0.001042338670231402,0.0007142089452556271,-0.00015943175822030753,-0.0017892274379557752
2023-12-13 11:00:00+00:00,0.004190939,-0.0009290481102652848,0.0026407439448975457,-0.00010085316171171144,0.0015213184269006622
2023-12-13 12:00:00+00:00,0.0020231018,-0.0008170751971192658,0.0020903449066064957,-5.0462611397961155e-05,-0.0006570222194435256
2023-12-13 13:00:00+00:00,-9.400705e-05,-0.0006971313268877566,0.00041395779838149195,-2.5712392925925087e-07,-0.0029782935603619937
2023-12-13 14:00:00+00:00,0.002994478,-0.0005539612611755729,0.002889906223147082,5.9420261095510796e-05,0.0002549231944743752
2023-12-13 15:00:00+00:00,-0.0025057378,-0.0003880367730744183,-0.001480101389069102,0.00012220960343256593,-0.005520506247731262
2023-12-13 16:00:00+00:00,-0.0017022241,-0.00022445265494752675,-0.002018227886976479,0.00019721446733456105,-0.004631640923049317
2023-12-13 17:00:00+00:00,0.0006022226,-5.3937150369165465e-05,-0.0007584799591132375,0.0002895345678552985,-0.001976137540459058
2023-12-13 18:00:00+00:00,-0.00035752592,0.00010952714364975691,-0.00022237777972947863,0.00038463075179606676,-0.0033818182569526596
2023-12-14 10:00:00+00:00,0.007294512,0.0002616142446640879,0.0025370897536947925,0.0004699198470916599,0.005003351993544824
2023-12-14 11:00:00+00:00,0.0014376134,0.00041603081626817584,0.0013536025206909838,0.0005320623167790473,-0.0011603074868796917
2023-12-14 12:00:00+00:00,-0.004412748,0.0005765886162407696,-0.0018693670531090367,0.0005993875092826784,-0.007476781351994046
2023-12-14 13:00:00+00:00,-0.00039360486,0.0007627904415130615,-0.000715049847315101,0.0006794372457079589,-0.003074721709661433
2023-12-14 14:00:00+00:00,-0.0010222216,0.0009706449345685542,-0.00023330688453100356,0.000748294813092798,-0.0036263254958393467
2023-12-14 15:00:00+00:00,-0.0035719024,0.0011771847493946552,-0.0034808531475184106,0.0008202548488043249,-0.006474462550070701
2023-12-14 16:00:00+00:00,-0.0026684408,0.001365488045848906,-0.0035333879200214217,0.0009183934307657182,-0.0054175946471926055
2023-12-14 17:00:00+00:00,-0.0038027896,0.0015706586418673396,-0.003317438290807162,0.0010155208874493837,-0.006698158551206224
2023-12-14 18:00:00+00:00,0.0003221894,0.0017649782821536064,-0.0006218930232550977,0.0010749662760645151,-0.0023293520076179157
2023-12-15 10:00:00+00:00,-0.009691991,0.001941834227181971,-0.0031397503803401155,0.0011388087878003716,-0.012791607702565344
2023-12-15 11:00:00+00:00,-0.0012923671,0.0021040253341197968,-0.0007876080411659363,0.0011687865480780602,-0.003913246225578032
2023-12-15 12:00:00+00:00,0.0011966934,0.002198696369305253,4.524932486216016e-05,0.0012855444801971316,-0.0011806151646348707
2023-12-15 13:00:00+00:00,0.0059906123,0.0023494530469179153,0.004094795209819238,0.001310763880610466,0.0036385617571594235
2023-12-15 14:00:00+00:00,0.004460057,0.0025274106301367283,0.0038340717113514097,0.001331906532868743,0.0023335794791175674
2023-12-15 15:00:00+00:00,-0.004859585,0.002666817046701908,-0.002227416190229193,0.0014344280352815986,-0.007535797268905256
2023-12-15 16:00:00+00:00,0.00528557,0.002841055626049638,0.002670316201877931,0.0014292052946984768,0.0031440654800369045
2023-12-15 17:00:00+00:00,0.0009176179,0.003001848701387644,0.0027850968824932295,0.0014385371468961239,-0.0015792854787697894
2023-12-15 18:00:00+00:00,0.0028986759,0.0031592990271747112,0.002617089547084208,0.0014288041274994612,0.0004211025665179467
2023-12-18 10:00:00+00:00,0.0062221168,0.0033058137632906437,0.003919017865899519,0.001407560077495873,0.0038596496111317834
2023-12-18 11:00:00+00:00,0.00400225,0.0034398052375763655,0.004297180950864439,0.001404294976964593,0.001510545601117319
2023-12-18 12:00:00+00:00,-0.00373993,0.0035917467903345823,-0.001142212072976266,0.001406237599439919,-0.006526997469999591
2023-12-18 13:00:00+00:00,-0.00093717204,0.0037066724617034197,-0.0012293496228846343,0.0013954302994534373,-0.0036288124042444425
2023-12-18 14:00:00+00:00,0.0031267286,0.0038057402707636356,0.0019582885780665194,0.0013929251581430435,0.0008952991354251988
2023-12-18 15:00:00+00:00,-0.00019630296,0.003869169857352972,0.0008471801692553927,0.001391777885146439,-0.0028357661062643935
2023-12-18 16:00:00+00:00,0.0034716749,0.00391691830009222,0.0030096101708550556,0.0013938648626208305,0.0008747315416112377
2023-12-18 17:00:00+00:00,0.0047029606,0.003939460031688213,0.0012032202532602945,0.0013806939823552966,0.002094767663054925
2023-12-18 18:00:00+00:00,-0.0027391554,0.003974184859544039,-0.0019686336423613963,0.0013690147316083312,-0.005427501809605731
2023-12-19 10:00:00+00:00,0.0022568656,0.004006208851933479,2.4902611001242114e-05,0.001344923977740109,-7.834738346364917e-06
2023-12-19 11:00:00+00:00,0.0034636077,0.0040231021121144295,0.002176722101959409,0.0013120189541950822,0.0010909772521809184
2023-12-19 12:00:00+00:00,-0.0029071402,0.004030304029583931,-0.0004651747636214208,0.0012704231776297092,-0.005444319625523123
2023-12-19 13:00:00+00:00,-0.0018746757,0.004049430135637522,-0.0014695141890670603,0.0012527939397841692,-0.004514182448802309
2023-12-19 14:00:00+00:00,-0.005103525,0.004064576700329781,-0.0034479406104884086,0.00123788439668715,-0.007856692579191537
2023-12-19 15:00:00+00:00,-0.0011771302,0.004047570750117302,-0.0019653665377723844,0.0012200307101011276,-0.0036205200757597226
2023-12-19 16:00:00+00:00,0.001914466,0.004027813207358122,0.0006144509946848388,0.0012156435986980796,-0.00021156800125674826
2023-12-19 17:00:00+00:00,0.0024507646,0.004000066313892603,0.002420543659475724,0.0011817087652161717,0.0005227937541251427
2023-12-19 18:00:00+00:00,-4.653652e-05,0.003986617550253868,0.000565707966236713,0.0011343014193698764,-0.002309400679304912
2023-12-20 10:00:00+00:00,0.006577354,0.003955955617129803,0.004706890447652123,0.0010935436002910137,0.004476866784800889
2023-12-20 11:00:00+00:00,0.0013767807,0.003945198841392994,0.0020289698811796924,0.0010405209613963962,-0.0008677003351286695
2023-12-20 12:00:00+00:00,-0.00146925,0.003942138981074095,-0.0005302267011670802,0.0009903075406327844,-0.003983542138691984
2023-12-20 13:00:00+00:00,0.0010351681,0.003949924372136593,0.0006976771074925732,0.0009963824413716793,-0.0009040847175021513
2023-12-20 14:00:00+00:00,-0.0016826927,0.003940580878406763,-0.0005281899425719028,0.0009997021406888962,-0.004164889562397753
2023-12-20 15:00:00+00:00,0.00026831107,0.003934601787477732,5.9258948555332216e-05,0.001027385820634663,-0.0018982195160253878
2023-12-20 16:00:00+00:00,-0.0029368324,0.003942213952541351,-0.0014767720785175387,0.0010716612450778484,-0.005148960511744568
2023-12-20 17:00:00+00:00,0.0010015302,0.003905740799382329,0.00023229560670429237,0.0010867791716009378,-0.0010410086867775545
2023-12-20 18:00:00+00:00,-0.003509753,0.0038621965795755386,-0.0032525041725407905,0.001107021584175527,-0.005762054432605793
2023-12-21 10:00:00+00:00,-0.008622233,0.003794238669797778,-0.007973613104098111,0.0011008998844772577,-0.011144921613041908
2023-12-21 11:00:00+00:00,-0.0018405489,0.00370651762932539,-0.0027842851502206337,0.0010707768378779292,-0.003858314776768299
2023-12-21 12:00:00+00:00,-0.007225833,0.0035996981896460056,-0.0010730726633825071,0.0010063785593956709,-0.00906030290400045
2023-12-21 13:00:00+00:00,-0.0042408924,0.0034954024013131857,-0.002686474582898523,0.0009518671431578696,-0.006391882268943902
2023-12-21 14:00:00+00:00,0.0018997147,0.0033720771316438913,0.00025460562977973756,0.0009068722138181329,0.00010552466997093232
2023-12-21 15:00:00+00:00,-0.009055961,0.0032435597386211157,-0.004442483412462529,0.0008678619051352143,-0.010955800758272323
2023-12-21 16:00:00+00:00,0.0048527555,0.003093613777309656,0.002341941502255816,0.0008460363023914397,0.003497335972422727
2023-12-21 17:00:00+00:00,0.0011238524,0.002940368140116334,0.001667216264505,0.0008249433012679219,-0.0005294395009397951
2023-12-21 18:00:00+00:00,0.0012556959,0.0027691235300153494,0.00020590541306400877,0.0007828409434296191,-0.00045984725444957295
2023-12-22 10:00:00+00:00,0.0062360414,0.0025877857115119696,0.004110297684677979,0.0007273482624441385,0.00495201518287286
2023-12-22 11:00:00+00:00,0.0025664992,0.0024141555186361074,0.0021130566529406355,0.0006620932254008949,0.0010595648729325026
2023-12-22 12:00:00+00:00,0.0021368635,0.0022392035461962223,0.001444022905089892,0.0005765632959082723,0.00025558733702927064
2023-12-22 13:00:00+00:00,0.0011089914,0.002093263901770115,0.0010196109406554344,0.000502837065141648,-0.0009464715208209185
2023-12-22 14:00:00+00:00,-0.0035663075,0.0019605441484600306,8.859386439450279e-05,0.00043230250594206154,-0.005465082615094502
2023-12-22 15:00:00+00:00,-0.0023594266,0.0018368253950029612,0.0002478461710023158,0.0003581800847314298,-0.004386706735763128
2023-12-22 16:00:00+00:00,0.00088779756,0.0017213959945365787,0.000643273710012855,0.0003007147170137614,-0.0007377793948715352
2023-12-22 17:00:00+00:00,0.0011133547,0.0016119665233418345,0.0007011452886074801,0.00022394703410100192,-0.0010010957233570195
2023-12-22 18:00:00+00:00,-0.0027100672,0.0015130281681194901,-0.0021147780922819307,0.00013753035455010831,-0.004842595380061677
2023-12-25 10:00:00+00:00,0.005403405,0.001426724367775023,0.00296140847287421,6.0812915762653574e-05,0.0036597093256079843
2023-12-25 11:00:00+00:00,-5.6429162e-05,0.0013437819434329867,0.0008810943641959225,-3.257563730585389e-05,-0.002051249171017706
2023-12-25 12:00:00+00:00,0.00081791135,0.0012640015920624137,0.00029383233935356494,-0.00012144516949774697,-0.0008990992325302379
2023-12-25 13:00:00+00:00,-0.002257932,0.0012062335154041648,-0.001424401700765591,-0.00017839822976384312,-0.004220481500011288
2023-12-25 14:00:00+00:00,-0.002159207,0.0011445909040048718,-0.0015495844691040914,-0.00020740072068292648,-0.00418691001044559
2023-12-25 15:00:00+00:00,-0.002012539,0.0010867356322705746,-0.006537268147451873,-0.0002115912502631545,-0.003866160029586769
2023-12-25 16:00:00+00:00,0.0048778974,0.001021288800984621,0.002608064315363999,-0.00021416084200609475,0.0032069424288770996
2023-12-25 17:00:00+00:00,0.0011194049,0.000944460101891309,0.00256093898724329,-0.00020921438408549875,-0.0004992087282346283
2023-12-25 18:00:00+00:00,9.401457e-06,0.0008850047015585005,0.0005750228650433823,-0.00021172116976231337,-0.0019956492814208015
2023-12-26 10:00:00+00:00,-0.0035128896,0.0008230091189034283,-0.003662087555036734,-0.00020736700389534235,-0.005694098104289397
2023-12-26 11:00:00+00:00,0.0018003671,0.0007479875348508358,0.0002681212878931026,-0.00021413694776128978,-0.0002869040307813915
2023-12-26 12:00:00+00:00,-0.00038619313,0.0006706290878355503,0.00034344019278070647,-0.00022476525919046253,-0.0024364231598189737
2023-12-26 13:00:00+00:00,-0.0013764368,0.0006000984576530755,-0.0014390088322829807,-0.00021733898029197007,-0.0033672794522105814
2023-12-26 14:00:00+00:00,0.0018944666,0.000512127298861742,0.0010851818049770483,-0.0002354456519242376,-5.849824467792173e-05
2023-12-26 15:00:00+00:00,0.0011575328,0.00043614330934360623,0.0028642163525338772,-0.00026434395113028586,-0.000580032815944109
2023-12-26 16:00:00+00:00,-0.00049861,0.00039330986328423023,0.000349694805099028,-0.0002915065851993859,-0.002449914365178309
2023-12-26 17:00:00+00:00,0.00088415673,0.0003225439286325127,0.0002490022263755205,-0.00033275969326496124,-0.0009481368954056047
2023-12-26 18:00:00+00:00,-0.0005454511,0.00024345867859665304,-0.00039250316505074607,-0.00037387796328403056,-0.0026895608841320177
2023-12-27 10:00:00+00:00,0.0038868908,0.0001713612291496247,0.0030504222955782677,-0.0003984544600825757,0.0017522090663174006
2023-12-27 11:00:00+00:00,0.0013390706,0.00011121380521217361,0.002582430950051633,-0.00042166156345047057,-0.0008512156609987722
2023-12-27 12:00:00+00:00,-0.0008519284,5.940147093497217e-05,-0.0007232339585240168,-0.00045080791460350156,-0.0031975662788107256
2023-12-27 13:00:00+00:00,-0.000974522,2.2786722183809616e-05,-0.0014211812363246644,-0.00047961686505004764,-0.0032846591369052854
2023-12-27 14:00:00+00:00,0.0012554576,-3.157436731271446e-05,0.001240263902487029,-0.0005081931594759226,-0.0007186084677511504
2023-12-27 15:00:00+00:00,0.00023405282,-7.715236279182136e-05,0.00020663754884062073,-0.0005349504062905908,-0.002021135747773003
2023-12-27 16:00:00+00:00,0.0004960109,-0.00010876734449993819,0.0004160277643539238,-0.0005422277608886361,-0.0018535545370097538
2023-12-27 17:00:00+00:00,-0.000636436,-0.00014194475079420954,-0.000457786663114264,-0.0005654924316331744,-0.002904974593281171
2023-12-27 18:00:00+00:00,0.00056158216,-0.00018310976156499237,0.0005405709482207003,-0.0005971915670670569,-0.0018517348284794641
2023-12-28 10:00:00+00:00,0.006268268,-0.00021717790514230728,0.004472367310268151,-0.0006205230602063239,0.00440303587755859
2023-12-28 11:00:00+00:00,-0.0023459985,-0.0002479113172739744,-0.0016330049838947482,-0.0006520926835946739,-0.005072713666647352
2023-12-28 12:00:00+00:00,0.0005124932,-0.00027494633104652166,-0.0005634845501712441,-0.0006616865284740925,-0.002084625667521043
2023-12-28 13:00:00+00:00,0.0044615543,-0.0002915705554187298,0.004071405954320091,-0.0006564843934029341,0.002177281834165925
2023-12-28 14:00:00+00:00,0.003610413,-0.00030196690931916237,0.0036524510519095475,-0.0006502093165181577,0.0016134480904488632
2023-12-28 15:00:00+00:00,0.0025011203,-0.00030799623345956206,0.0030713579952297092,-0.0006540057947859168,0.0004486064773043803
2023-12-28 16:00:00+00:00,0.004148563,-0.00030707946280017495,0.0036163005840614375,-0.0006682960083708167,0.002431217030592377
2023-12-28 17:00:00+00:00,-0.0026472064,-0.00031544736702926457,-0.0018844396581270673,-0.000692522618919611,-0.004820699537264342
2023-12-28 18:00:00+00:00,0.004069023,-0.00031929745455272496,0.003399134566877264,-0.0007125483825802803,0.002293857851657041
2023-12-29 10:00:00+00:00,-0.0024780203,-0.0003058302099816501,-0.00020085510393559274,-0.0007340824231505394,-0.005294212239294271
2023-12-29 11:00:00+00:00,0.002817123,-0.0002984909515362233,-0.0002822704863517635,-0.000759147631470114,0.00063915872479225
2023-12-29 12:00:00+00:00,-0.0054947715,-0.00028911096160300076,-0.002490826333940256,-0.0007704911404289305,-0.00805016035230609
2023-12-29 13:00:00+00:00,0.0009025521,-0.0002739633491728455,-0.0006160877518400523,-0.0007863823557272553,-0.0011518126323958994
2023-12-29 14:00:00+00:00,-0.0024239977,-0.00025251522311009467,-0.0010021505240195114,-0.0007930408464744687,-0.005026576025741997
2023-12-29 15:00:00+00:00,-0.0017363521,-0.00024174503050744534,-0.0014587557754712503,-0.0008020536624826491,-0.003868660298201608
2023-12-29 16:00:00+00:00,0.0007669527,-0.00022872391855344176,1.7183234453567862e-05,-0.0007853927090764046,-0.0014420761264219964
2023-12-29 17:00:00+00:00,-0.0012015122,-0.0002003643021453172,-0.0003372813769072302,-0.000773562875110656,-0.003022195554606059
2023-12-29 18:00:00+00:00,0.001995566,-0.0001715805847197771,8.088094277524971e-05,-0.0007736128754913807,-2.627780003321015e-05
2024-01-03 10:00:00+00:00,-0.0062679877,-0.0001370678364764899,-0.002078809826898011,-0.0007734147948212922,-0.008855124441467285
2024-01-03 11:00:00+00:00,0.00042713614,-0.00010170172026846558,0.00046998226893609537,-0.0007809322560206056,-0.0014372305472037058
2024-01-03 12:00:00+00:00,-0.0011704165,-7.738079875707626e-05,-0.0005545178070841532,-0.000791029364336282,-0.0029258572910788585
2024-01-03 13:00:00+00:00,-0.001311378,-5.2542960474966094e-05,-0.0005667790427468087,-0.0007888794643804431,-0.003171097349999196
2024-01-03 14:00:00+00:00,-0.0010335726,-4.470241037779488e-05,-0.0010761054441527868,-0.0008130633505061269,-0.0028363838520241696
2024-01-03 15:00:00+00:00,-0.0011838678,-4.510688086156733e-05,-0.0014291660897099222,-0.000825502269435674,-0.002922193034922264
2024-01-03 16:00:00+00:00,0.0026733626,-4.190882827970199e-05,0.002100953188974706,-0.000824401737190783,0.0010756471309056525
2024-01-03 17:00:00+00:00,0.00037202728,-4.317508501117118e-05,0.0015173765104162067,-0.0008411542512476444,-0.0013008187716005602
2024-01-03 18:00:00+00:00,-0.002094456,-5.195862831897102e-05,-0.0012841450896889405,-0.000851478602271527,-0.003927408563169997
2024-01-04 10:00:00+00:00,0.009524544,-6.923582986928523e-05,0.008557188500194744,-0.0008576387772336602,0.008524147957180879
2024-01-04 11:00:00+00:00,-0.0004154415,-7.073710730765015e-05,0.002210324376021094,-0.0008576404070481658,-0.002237214884648434
2024-01-04 12:00:00+00:00,0.00096909516,-6.902179302414879e-05,0.0005180931264284535,-0.0008543322328478098,-0.0009249882251490257
2024-01-04 13:00:00+00:00,-0.0022349474,-6.510107050416991e-05,-0.0011798744037376516,-0.0008501203265041113,-0.004486443483029975
2024-01-04 14:00:00+00:00,-0.0011748872,-7.508299313485622e-05,-0.0010958224783941806,-0.0008468497544527054,-0.0031972220137019653
2024-01-04 15:00:00+00:00,0.0010269459,-8.067307499004528e-05,0.0007452182418547861,-0.0008406508131884038,-0.0006915082252300028
2024-01-04 16:00:00+00:00,0.00045300115,-7.44241988286376e-05,0.0010898937527319167,-0.0008112157811410725,-0.0011632149173276855
2024-01-04 17:00:00+00:00,-0.0013040886,-8.720339246792719e-05,-0.00033563269316427125,-0.0008100157720036805,-0.003426217485748491
2024-01-04 18:00:00+00:00,0.0014796869,-0.0001028166152536869,0.0005963356121398897,-0.0008084131986834109,-6.04375155336726e-05
2024-01-05 10:00:00+00:00,0.00059126224,-0.00010585885320324451,0.0008842148520238376,-0.0008211187669076025,-0.001199580027719793
2024-01-05 11:00:00+00:00,-0.0004434139,-8.974694355856627e-05,-4.410917839481617e-06,-0.0008281182963401079,-0.002028028007980032
2024-01-05 12:00:00+00:00,0.0006004092,-5.568111009779386e-05,0.00020458579465587197,-0.0008288633543998003,-0.0011639618383337377
2024-01-05 13:00:00+00:00,0.00073847064,2.182150865337462e-06,0.0008824736960852435,-0.0008132829680107534,-0.0011071827764615682
2024-01-05 14:00:00+00:00,-0.00029532282,4.014436490251683e-05,-0.00022253475724120925,-0.0008062599808908999,-0.0021037935385043254
2024-01-05 15:00:00+00:00,4.614994e-05,6.978603050811216e-05,-0.0005097858484525342,-0.0007936815964058042,-0.0013633331467297772
2024-01-05 16:00:00+00:00,0.0006643231,9.21232276596129e-05,0.0011096326852926598,-0.0007834728457964957,-0.0011564333047291123
2024-01-05 17:00:00+00:00,0.00087586266,0.00013613805640488863,0.002132369536521862,-0.0007600288954563439,-0.0007408520058394521
2024-01-05 18:00:00+00:00,0.0020529635,0.00017412232409697026,0.0016799016158373654,-0.0007417657179757953,0.00039832827581589734
2024-01-08 10:00:00+00:00,0.0024525013,0.00021132922847755253,0.0022761124407632426,-0.0007158261141739786,0.0007934359069236693
2024-01-08 11:00:00+00:00,0.0012469058,0.00025193564943037927,0.0019217308571977429,-0.000687664607539773,-0.0007514706514300663
2024-01-08 12:00:00+00:00,0.0018308653,0.000271900586085394,0.00020099679642485198,-0.0006609695847146213,-0.00022214280525327122
2024-01-08 13:00:00+00:00,0.0012065374,0.00027539816801436245,0.001242184684672268,-0.0006402774597518146,-0.00045915674994731373
2024-01-08 14:00:00+00:00,-0.0057256874,0.0002822728711180389,-0.002891514667211691,-0.000623920641373843,-0.008098172042707486
2024-01-08 15:00:00+00:00,-0.00068929075,0.0002841892128344625,-0.0015958265637771567,-0.0006142961792647839,-0.0025163641188315758
2024-01-08 16:00:00+00:00,-0.0013615958,0.0003034751280210912,-0.0010352124279266503,-0.0005969211924821138,-0.0034755303640647017
2024-01-08 17:00:00+00:00,0.00025774146,0.0002941651619039476,8.441453382637667e-05,-0.0005956440581940114,-0.0017036786057709787
2024-01-08 18:00:00+00:00,0.0029592619,0.00027401745319366455,0.0026030088806698283,-0.0005953752552159131,0.0012743339231745222
2024-01-09 10:00:00+00:00,0.003993045,0.00026314539718441665,0.00496718043197654,-0.0005975571111775935,0.0021579688904939994
2024-01-09 11:00:00+00:00,0.001433967,0.0002683786442503333,0.00228142497359212,-0.0006009676726534963,-0.0006417169193122581
2024-01-09 12:00:00+00:00,0.0032985287,0.0002745915262494236,0.0033333403903192615,-0.0006055032135918736,0.0015335403178672194
2024-01-09 13:00:00+00:00,0.0037953123,0.0002899652754422277,0.0017122735640447064,-0.0006008411291986704,0.001992642170807452
2024-01-09 14:00:00+00:00,0.00087867497,0.00031437966390512884,0.0009625099903907844,-0.0005964904557913542,-0.001290170747598918
2024-01-09 15:00:00+00:00,0.0018183057,0.0003461581072770059,0.0017569456801493442,-0.0005797614576295018,-0.0004883091568241306
2024-01-09 16:00:00+00:00,0.0015894378,0.00038049035356380045,-0.0003393364740337301,-0.0005463573033921421,-0.0004499469512474288
2024-01-09 17:00:00+00:00,0.0029464127,0.00039187836227938533,0.0016737224923931407,-0.0005366304540075362,0.00124587792044966
2024-01-09 18:00:00+00:00,-0.00481607,0.00041783408960327506,-0.0015741964607126795,-0.0005172806559130549,-0.007317752188359845
2024-01-10 10:00:00+00:00,0.007628228,0.0004328980576246977,0.005259546301187242,-0.0004947209963575006,0.005996076695976199
2024-01-10 11:00:00+00:00,0.003197853,0.0004338996368460357,0.0036659773895628125,-0.00047485734103247523,0.0010997841071319434
2024-01-10 12:00:00+00:00,-0.0018440115,0.00043448887299746275,5.049741434021879e-05,-0.00045780258369632065,-0.004492401442644727
2024-01-10 13:00:00+00:00,0.0018887268,0.0004301528097130358,0.0021206311149233126,-0.00044102806714363396,-0.0002474066652142844
2024-01-10 14:00:00+00:00,0.00047385952,0.0004272259247954935,0.002263584866192485,-0.0004260417481418699,-0.0018539653380579039
2024-01-10 15:00:00+00:00,-7.1511575e-05,0.0004337582504376769,-0.0011015992275008636,-0.0003939858579542488,-0.0021895023102845245
2024-01-10 16:00:00+00:00,-0.0012701822,0.0004213890933897346,-0.0012409684569044516,-0.00037235324271023273,-0.003603791717106927
2024-01-10 17:00:00+00:00,0.0001521491,0.00041524486732669175,4.705073026281653e-06,-0.00033787282882258296,-0.0019142134645093773
2024-01-10 18:00:00+00:00,-0.001701808,0.0004018690960947424,-0.0011141242596331437,-0.00031634856713935733,-0.004114024113980662
2024-01-11 10:00:00+00:00,0.0028019622,0.0004015059967059642,0.0010951673720364314,-0.0002791064325720072,0.0010017327378500618
2024-01-11 11:00:00+00:00,0.001491771,0.0004011533746961504,0.001158201598426733,-0.0002555748214945197,-0.00044332534798973994
2024-01-11 12:00:00+00:00,0.0014004168,0.00041680881986394525,0.0016773060542756867,-0.00022398497094400227,-0.00036614401557959913
2024-01-11 13:00:00+00:00,0.0027682972,0.00044644702575169504,0.003188326611109354,-0.00018614684813655913,0.0012217408765344325
2024-01-11 14:00:00+00:00,0.00042657947,0.000476683460874483,0.0003019426372929928,-0.00014991358330007643,-0.001609827551051737
2024-01-11 15:00:00+00:00,-0.0011201594,0.0005084202857688069,-0.0014582462202936885,-0.00011666939099086449,-0.003318363088281563
2024-01-11 16:00:00+00:00,-0.0021638572,0.0005181284504942596,-0.0024519456520019586,-7.144850678741932e-05,-0.004254785011262396
2024-01-11 17:00:00+00:00,0.0027152037,0.0005419954541139305,0.0017430825169518632,-3.072197796427645e-05,0.0013831956788662714
2024-01-11 18:00:00+00:00,0.0062833927,0.0005658904556185007,0.00628574001672271,-3.92353331335471e-06,0.00512004619419268
2024-01-12 10:00:00+00:00,0.0036772366,0.0005917957751080394,0.001983650530829071,2.6414156309328973e-05,0.0019422698677329182
2024-01-12 11:00:00+00:00,0.003102331,0.0006119474419392645,0.0030028579002493528,5.954190783086233e-05,0.001662152721669976
2024-01-12 12:00:00+00:00,-0.00021061869,0.0006283680559135973,0.0003580645842682951,9.159950423054397e-05,-0.0022468247417539496
2024-01-12 13:00:00+00:00,0.0005878663,0.0006348664755932987,0.000832264535286129,0.00012708772555924952,-0.0012962071570803003
2024-01-12 14:00:00+00:00,0.0015863907,0.0006350170588120818,0.0019975820107534887,0.0001556305942358449,-0.0002530786205828411
2024-01-12 15:00:00+00:00,-0.0038344313,0.0006273793405853212,-0.00278575638196625,0.0001912024599732831,-0.006241051862913127
2024-01-12 16:00:00+00:00,0.0005185514,0.0006130209076218307,-0.0005497242991968436,0.00022992411686573178,-0.0011914715268765686
2024-01-12 17:00:00+00:00,0.00028113578,0.0005658490117639303,0.0003079231413164537,0.00023220040020532906,-0.001576322285978556
2024-01-12 18:00:00+00:00,-0.002057632,0.0005223400075919926,-0.0012996181272533962,0.00023799257178325206,-0.004048731363915023
2024-01-15 10:00:00+00:00,0.0092872325,0.0004766050260514021,0.004707410234489042,0.00022748367337044328,0.008682816080624156
2024-01-15 11:00:00+00:00,-0.00014826766,0.0004384427156765014,0.0008631746088852804,0.00023243205214384943,-0.001965485269713652
2024-01-15 12:00:00+00:00,0.002021523,0.00040169665589928627,0.001951487135066285,0.0002450919710099697,0.0005399345559915093
2024-01-15 13:00:00+00:00,-0.0025711772,0.00037492578849196434,-0.0017951590900446687,0.00026509573217481375,-0.004564622135104239
2024-01-15 14:00:00+00:00,-9.6002375e-05,0.00034186526318080723,-0.000892289706988467,0.0002896219666581601,-0.001723424202923546
2024-01-15 15:00:00+00:00,-0.0035761008,0.00030426628654822707,-0.0035655612917446784,0.0003084929194301367,-0.005234968344304529
2024-01-15 16:00:00+00:00,0.0022398385,0.0002525535528548062,0.0011076966268391214,0.0003074862761422992,0.0011565270981349872
2024-01-15 17:00:00+00:00,-0.0022135614,0.00019982672529295087,-0.001314057042067266,0.0002962732978630811,-0.003690710156629449
2024-01-15 18:00:00+00:00,0.0031307964,0.00013900012709200382,0.0018743319398677547,0.0002830508165061474,0.002076947071772156
2024-01-16 10:00:00+00:00,-0.0046560154,8.853073813952506e-05,-0.0036214158793701793,0.0002643862389959395,-0.006598738642944365
2024-01-16 11:00:00+00:00,-0.00054403144,3.397730324650183e-05,-0.0010207261527925414,0.00023107777815312147,-0.0017418590398240203
2024-01-16 12:00:00+00:00,0.0011316038,-1.8591099433251657e-05,0.0008149486378490422,0.0002008130104513839,0.0003720148355821207
2024-01-16 13:00:00+00:00,-0.0003682886,-6.121159094618633e-05,-0.00021371671059709473,0.0001618872774997726,-0.0014124119289729222
2024-01-16 14:00:00+00:00,-0.00092131534,-0.00010008040408138186,-0.00017675438932856512,0.00011852281750179827,-0.0018727273665224585
2024-01-16 15:00:00+00:00,-0.00059711456,-0.0001404979993822053,-0.0007237733383466869,6.896095146657899e-05,-0.0017625288274476067
2024-01-16 16:00:00+00:00,-0.0008260106,-0.00018650239508133382,-0.0008886084414850494,2.0651257727877237e-05,-0.00204102567559963
2024-01-16 17:00:00+00:00,0.0032911943,-0.00023278806474991143,0.003528016414313025,-2.8924239813932218e-05,0.0027812159777722556
2024-01-16 18:00:00+00:00,4.3809498e-05,-0.00027561339084059,0.0012919107123176715,-6.352829950628802e-05,-0.0010649459206128165
2024-01-17 10:00:00+00:00,-0.007554773,-0.00032156446832232177,-0.006310950282450443,-9.827743633650243e-05,-0.009498472472891054
2024-01-17 11:00:00+00:00,0.0051336125,-0.0003717199433594942,0.001990698988038255,-0.0001387704978697002,0.0047635973144077816
2024-01-17 12:00:00+00:00,-0.0034312294,-0.00040761331911198795,-0.0009088326814119896,-0.00016142084496095777,-0.004975606604918081
2024-01-17 13:00:00+00:00,-0.0012169528,-0.00044105315464548767,-0.0012189876768305115,-0.00018494678079150617,-0.002366869373965339
2024-01-17 14:00:00+00:00,-0.0005119153,-0.0004725084872916341,-0.0005066543942501145,-0.00019654090283438563,-0.0015759238544777955
2024-01-17 15:00:00+00:00,0.0008030605,-0.0005081416456960142,0.0007999625297886096,-0.00020302557095419616,9.188439311940322e-05
2024-01-17 16:00:00+00:00,-0.0018188405,-0.0005471552140079439,-0.000710700753004313,-0.00022509862901642919,-0.0028754441087104517
2024-01-17 17:00:00+00:00,-0.0034879947,-0.0005958605324849486,-0.003488528629776472,-0.00025841910974122584,-0.004807515892415697
2024-01-17 18:00:00+00:00,0.0019048552,-0.0006500183953903615,0.0004728275219034912,-0.0002988344931509346,0.001449989725786826
2024-01-18 10:00:00+00:00,0.002863736,-0.0007005377556197345,0.002114503014442549,-0.00034604768734425306,0.002360023820529482
2024-01-18 11:00:00+00:00,0.0011290964,-0.0007508692215196788,0.0011722523850549139,-0.0003977674641646445,0.0004801703482573028
2024-01-18 12:00:00+00:00,-0.00029097323,-0.0007956804474815726,0.00016531524436993021,-0.0004505279939621687,-0.0011693426584206742
2024-01-18 13:00:00+00:00,-0.000238132,-0.0008383654057979584,-0.00032047226049555636,-0.0004971130401827395,-0.0013194750789156922
2024-01-18 14:00:00+00:00,-0.0013858181,-0.0008774798479862511,-0.0007498515934953268,-0.000519871071446687,-0.002591402454770005
2024-01-18 15:00:00+00:00,-0.0015381218,-0.0009201901848427951,-0.0013390678831814917,-0.0005601122393272817,-0.0029113681821597813
2024-01-18 16:00:00+00:00,-0.0048330477,-0.0009580246405676007,-0.004938437200015315,-0.0005905719008296728,-0.0061189477949308065
2024-01-18 17:00:00+00:00,0.00035551446,-0.0010054080048575997,-0.0007171637420869189,-0.0006353576900437474,-0.00048610299254443344
2024-01-18 18:00:00+00:00,-0.00031106826,-0.001050711376592517,-0.000187258284574405,-0.000676693394780159,-0.0012033025538951971
2024-01-19 10:00:00+00:00,-0.0014499653,-0.0010926075046882033,0.00013939192537226687,-0.0007138040382415056,-0.0027422314903324243
2024-01-19 11:00:00+00:00,0.0002581231,-0.001129841897636652,0.0007058517257651327,-0.0007601119577884674,-0.00086778027448918
2024-01-19 12:00:00+00:00,0.004112071,-0.0011655790731310844,0.0031297224273251606,-0.0008088084869086742,0.0031366730076713414
2024-01-19 13:00:00+00:00,-0.0014279825,-0.001196145312860608,4.247507692310188e-05,-0.0008550722268410027,-0.0028303224843670496
2024-01-19 14:00:00+00:00,0.002340468,-0.0012287866557016969,0.0014838349176145532,-0.0008990205824375153,0.0012320767816061623
2024-01-19 15:00:00+00:00,-0.0022339642,-0.0012520510936155915,-0.0010840415000318133,-0.0009383647120557725,-0.0036824635010674848
2024-01-19 16:00:00+00:00,-0.00017751269,-0.0012751288013532758,-0.00021060326116417385,-0.0009668120183050632,-0.0013609402743016588
2024-01-19 17:00:00+00:00,0.0036946347,-0.001295561669394374,0.002997483093839703,-0.000988388666883111,0.0026650000706131514
2024-01-19 18:00:00+00:00,-0.0006192498,-0.0013077461626380682,0.00027750436317965104,-0.0010140144731849432,-0.0021332176851167825
2024-01-22 10:00:00+00:00,0.0024482196,-0.001321473391726613,0.002444757436937607,-0.00104527419898659,0.0013042728401859666
2024-01-22 11:00:00+00:00,0.0020194633,-0.001335748704150319,0.0010160375459858898,-0.001080126385204494,0.0005413476151861925
2024-01-22 12:00:00+00:00,0.00036113325,-0.0013461330672726035,0.0001771684546209538,-0.0011162996524944901,-0.0012537872692023548
2024-01-22 13:00:00+00:00,0.0026209108,-0.0013486091047525406,0.0028287952737515295,-0.0011464173439890146,0.0013312381221924868
2024-01-22 14:00:00+00:00,-0.00283229,-0.0013443459756672382,-0.0019242153363092966,-0.0011659220326691866,-0.004918467498516685
2024-01-22 15:00:00+00:00,0.0024105937,-0.0013453973224386573,0.0011848269681306158,-0.0011872380273416638,0.0011066315919599475
2024-01-22 16:00:00+00:00,-0.00027244005,-0.0013510920107364655,0.0005552291276700228,-0.0012148957466706634,-0.0020302878646901333
2024-01-22 17:00:00+00:00,-0.0002549305,-0.0013566359411925077,-0.0002181671029740841,-0.001242934842593968,-0.0018645734451219246
2024-01-22 18:00:00+00:00,-0.00044848374,-0.0013604959240183234,-0.0007360657932710736,-0.001270872657187283,-0.0022859165453899587
2024-01-23 10:00:00+00:00,0.0013975506,-0.0013624775456264615,-0.00023957134073397912,-0.0012964486377313733,-0.0003512616729317683
2024-01-23 11:00:00+00:00,0.00079020153,-0.001368480734527111,0.000787118500556303,-0.0013222172856330872,-0.0009534708585769472
2024-01-23 12:00:00+00:00,-0.0018183979,-0.0013728502672165632,-0.0011474373691751209,-0.0013510140124708414,-0.003943883171042554
2024-01-23 13:00:00+00:00,-0.0039291745,-0.001378716086037457,-0.003472204674197188,-0.0013747276971116662,-0.006199933327115204
2024-01-23 14:00:00+00:00,-0.00036197816,-0.0013956017792224884,-0.0009813693032902063,-0.0013957535848021507,-0.002113349208592954
2024-01-23 15:00:00+00:00,-6.181425e-05,-0.0014152800431475043,-0.0007663445119642778,-0.0014127229806035757,-0.0018561098650196602
2024-01-23 16:00:00+00:00,0.001067966,-0.0014321670169010758,0.0004820631031560537,-0.001424604095518589,-0.0003719468686574981
2024-01-23 17:00:00+00:00,-0.0020663536,-0.0014492310583591461,-0.0017505160645121948,-0.001445009489543736,-0.003885406114600542
2024-01-23 18:00:00+00:00,-0.0010347802,-0.0014664455084130168,-0.001062837000857058,-0.0014608334749937057,-0.003009527582121207
2024-01-24 10:00:00+00:00,0.0026864395,-0.0014829105930402875,0.002179330888785007,-0.0014859559014439583,0.0013845857167813615
2024-01-24 11:00:00+00:00,-0.0018638347,-0.0014955902006477118,-0.00045096800227888167,-0.0015044126193970442,-0.003973264326774997
2024-01-24 12:00:00+00:00,-0.0014510709,-0.0015025440370664,-0.001843962329856696,-0.001522430102340877,-0.0036403997470899584
2024-01-24 13:00:00+00:00,0.000106247346,-0.0015069544315338135,-0.00015506921820932661,-0.00153528549708426,-0.00158939689518978
2024-01-24 14:00:00+00:00,-0.003352226,-0.0015193441649898887,-0.002935650142760732,-0.0015502349706366658,-0.005500102443730196
2024-01-24 15:00:00+00:00,0.0017839317,-0.0015263892710208893,0.0017746961585956894,-0.0015598494792357087,0.0003093690829087136
2024-01-24 16:00:00+00:00,-0.00053218385,-0.0015337154036387801,-8.167362962071845e-05,-0.001567337429150939,-0.002295679824043797
2024-01-24 17:00:00+00:00,-0.0010119302,-0.0015389991458505392,-0.0006393941488916809,-0.001566683524288237,-0.002978782476972343
2024-01-24 18:00:00+00:00,-0.0016888293,-0.001540584722533822,-0.003099956784668348,-0.0015677346382290125,-0.0035378788183621735
2024-01-25 10:00:00+00:00,-0.0033416087,-0.0015446047764271498,-0.001920991632009451,-0.0015659448690712452,-0.005286586544924396
2024-01-25 11:00:00+00:00,-0.00072325626,-0.0015468397177755833,-0.001064250319978269,-0.0015640469500795007,-0.0025619903812166517
2024-01-25 12:00:00+00:00,-0.00013399377,-0.0015462847659364343,-0.0004170695113903325,-0.0015610953560099006,-0.001783381103488405
2024-01-25 13:00:00+00:00,0.00010719646,-0.0015444240998476744,-0.00024055186732194802,-0.0015608718385919929,-0.0017763211854368987
2024-01-25 14:00:00+00:00,0.000660791,-0.0015478048007935286,0.000520649361373271,-0.0015581705374643207,-0.0010580398131300511
2024-01-25 15:00:00+00:00,-0.0019210756,-0.0015617646276950836,-0.0019029279245979345,-0.0015518987784162164,-0.0038247060210165823
2024-01-25 16:00:00+00:00,-0.0017814067,-0.0015801286790519953,-0.0017905369196500169,-0.001549109467305243,-0.0038592779931238435
2024-01-25 17:00:00+00:00,0.0009582362,-0.001591358333826065,0.0011522443929126093,-0.0015451123472303152,-0.0005261384165877231
2024-01-25 18:00:00+00:00,0.0019851923,-0.001608605613000691,0.0016630205891005232,-0.0015470152720808983,0.0002443069792657051
2024-01-26 10:00:00+00:00,0.00042871307,-0.0016250042244791985,0.0013102156180403318,-0.0015412914799526334,-0.0014280426857075051
2024-01-26 11:00:00+00:00,-0.0048605707,-0.0016404906054958701,-0.004421460208891937,-0.0015402425779029727,-0.007137911714929963
2024-01-26 12:00:00+00:00,0.001121011,-0.0016602494288235903,0.0008209908371195343,-0.0015384285943582654,-0.00067827521654529
2024-01-26 13:00:00+00:00,-0.0037895842,-0.0016757933190092444,-0.0018157058779864068,-0.0015372463967651129,-0.005932469843807697
2024-01-26 14:00:00+00:00,0.000791431,-0.001690046745352447,-0.00021979070256275912,-0.0015383778372779489,-0.0013394024389175897
2024-01-26 15:00:00+00:00,-0.0014934507,-0.0017021793173626065,-0.0016837122227500022,-0.0015344067942351103,-0.00358761074063508
2024-01-26 16:00:00+00:00,0.00043207043,-0.0017191037768498063,0.0007338588518721596,-0.0015299407532438636,-0.0014343155476029112
2024-01-26 17:00:00+00:00,-0.0007472395,-0.0017332467250525951,-0.0007239650404973893,-0.0015265875263139606,-0.0028901365175451176
2024-01-26 18:00:00+00:00,-0.00035130547,-0.0017513649072498083,-0.0006942134025100596,-0.0015255839098244905,-0.002491053794156337
2024-01-29 10:00:00+00:00,0.0042972537,-0.0017695995047688484,0.004364909665050189,-0.0015261812368407845,0.0027724119009773
2024-01-29 11:00:00+00:00,0.0014969995,-0.0017875063931569457,0.002996294098759224,-0.0015301902312785387,-0.000530776927448632
2024-01-29 12:00:00+00:00,0.0009848248,-0.0018013863591477275,0.001487493905195555,-0.0015354229835793376,-0.0009664132461052871
2024-01-29 13:00:00+00:00,0.0012073246,-0.001810648711398244,0.0011708447638186165,-0.0015400388510897756,-0.0011873429042577452
2024-01-29 14:00:00+00:00,0.0009826694,-0.0018129793461412191,0.0015012998761821017,-0.0015400556148961186,-0.0014200003706868489
2024-01-29 15:00:00+00:00,-1.78581e-05,-0.0018116376595571637,0.000675219249061145,-0.001540888100862503,-0.002486570409319232
2024-01-29 16:00:00+00:00,0.00095496076,-0.001810405869036913,0.0008379844442471515,-0.0015413538785651326,-0.001526561993954853
2024-01-29 17:00:00+00:00,0.0029216867,-0.001809726352803409,7.00781047965165e-05,-0.001537775038741529,0.0006888942727509392
2024-01-29 18:00:00+00:00,0.00083574135,-0.001810945919714868,0.0007841952911418231,-0.0015331348404288292,-0.0018059811464600957
2024-01-30 10:00:00+00:00,-0.00069343817,-0.0018153280252590775,-0.0005450565285078393,-0.0015313464682549238,-0.0032178139299745673
2024-01-30 11:00:00+00:00,0.0015551205,-0.0018169491086155176,0.001068482824007117,-0.0015284756664186716,-0.0007657891750207204
2024-01-30 12:00:00+00:00,-0.0008439082,-0.0018198196776211262,-1.4141311240633532e-05,-0.0015305449487641454,-0.0034169352953071926
2024-01-30 13:00:00+00:00,0.00035541656,-0.0018182651838287711,0.00016676169571868657,-0.0015279889339581132,-0.0022103651876863154
2024-01-30 14:00:00+00:00,-0.0011911431,-0.001815201947465539,-0.0004665562824160974,-0.0015244990354403853,-0.003835086172139168
2024-01-30 15:00:00+00:00,-0.0029216346,-0.001819065073505044,-0.0031096089650825137,-0.0015260516665875912,-0.005661880210099436
2024-01-30 16:00:00+00:00,0.0018270217,-0.0018252383451908827,0.0006022948683771478,-0.0015152522828429937,-0.0003332294104204875
2024-01-30 17:00:00+00:00,-0.0015951169,-0.001833383459597826,-0.0014801345076227834,-0.0015170961851254106,-0.0040533719187402974
2024-01-30 18:00:00+00:00,0.0011141765,-0.0018478506244719028,0.00012695197894049587,-0.0015218923799693584,-0.0011415739712042538
2024-01-31 10:00:00+00:00,0.00261566,-0.0018640941707417369,0.002389246509021342,-0.001527298940345645,0.0003764678990035575
2024-01-31 11:00:00+00:00,0.001943963,-0.0018827622989192605,0.0022423855259930993,-0.0015376664232462645,-0.00022314571243506982
2024-01-31 12:00:00+00:00,-0.0031619738,-0.001896709087304771,-0.002879820129779163,-0.0015449181664735079,-0.005936365429746135
2024-01-31 13:00:00+00:00,0.0020084789,-0.0019157257629558444,0.0003977261654291269,-0.0015551492106169462,-0.0001756235397740182
2024-01-31 14:00:00+00:00,0.00072774396,-0.0019301273860037327,0.0013096011155541815,-0.0015626308741047978,-0.0017647009720708079
2024-01-31 15:00:00+00:00,0.0011792402,-0.0019413708942010999,0.001183039922467893,-0.0015702892560511827,-0.001149725242494228
2024-01-31 16:00:00+00:00,0.0005226766,-0.0019475537119433284,0.0007725431027391421,-0.001577294198796153,-0.002014805741455557
2024-01-31 17:00:00+00:00,-0.0017995103,-0.0019513358129188418,-0.0016781465153920972,-0.0015851770294830203,-0.004460991671859723
2024-01-31 18:00:00+00:00,-0.001278466,-0.0019554910250008106,-0.0015030326063857225,-0.0015932837268337607,-0.003907815116900868
2024-02-01 10:00:00+00:00,0.0037420017,-0.001956175547093153,0.0026564037632061943,-0.0015993105480447412,0.0016661686701320748
2024-02-01 11:00:00+00:00,-0.0027741236,-0.0019513723673298955,-0.0013976665720628063,-0.0016017070738598704,-0.0054373962941425815
2024-02-01 12:00:00+00:00,4.4375614e-05,-0.0019472710555419326,-0.0007469419595938975,-0.0016050986014306545,-0.0021781974868883207
2024-02-01 13:00:00+00:00,-8.875319e-05,-0.001943945069797337,-5.7658805483530606e-05,-0.0016054398147389293,-0.002536366553395424
2024-02-01 14:00:00+00:00,0.0,-0.0019390543457120657,-0.00020457670577108636,-0.0016084940871223807,-0.00231892080518163
2024-02-01 15:00:00+00:00,-0.0014744549,-0.0019317369442433119,-0.0010671813573995526,-0.0016096655745059252,-0.004035874707193398
2024-02-01 16:00:00+00:00,1.7777462e-05,-0.0019267729949206114,-0.0002686911917627378,-0.001610001316294074,-0.002223325307498194
2024-02-01 17:00:00+00:00,-0.0020197623,-0.0019230464240536094,-0.00227419175479701,-0.0016112618613988161,-0.004385632293280293
2024-02-01 18:00:00+00:00,0.0016997197,-0.0019202197436243296,0.001044229399510545,-0.0016125569818541408,-0.0002483253885322825
2024-02-02 10:00:00+00:00,-0.0045360443,-0.0019172077300027013,-0.003907515355702565,-0.0016151483869180083,-0.007110760492650001
2024-02-02 11:00:00+00:00,0.0018115381,-0.0019172761822119355,0.0009929358458005042,-0.0016165077686309814,-0.0003696521844720952
2024-02-02 12:00:00+00:00,0.00061499793,-0.0019159635994583368,0.0007621533511008603,-0.0016154750483110547,-0.0017125607215703192
2024-02-02 13:00:00+00:00,-0.0017300888,-0.0019157817587256432,-0.001244332314874256,-0.0016175094060599804,-0.004190448058601122
2024-02-02 14:00:00+00:00,-0.00016960273,-0.0019153788452968001,-0.0003973810152486718,-0.0016205039573833346,-0.0023028995520788837
2024-02-02 15:00:00+00:00,-0.0029682368,-0.0019134109606966376,-0.002675728409129119,-0.0016254554502665997,-0.005415686437112912
2024-02-02 16:00:00+00:00,-0.00065383775,-0.0019133378518745303,6.244864857581217e-05,-0.0016280680429190397,-0.0028982233131448756
2024-02-02 17:00:00+00:00,0.0046660136,-0.0019119586795568466,0.0043691928158156755,-0.0016317268600687385,0.0031043523339513864
2024-02-02 18:00:00+00:00,-0.003600388,-0.001908014644868672,-0.0014268740117557265,-0.0016378245782107115,-0.006197899949465912
2024-02-05 10:00:00+00:00,-0.0043682097,-0.0019081165082752705,-0.006037818878774059,-0.0016407659277319908,-0.006902169361714707
2024-02-05 11:00:00+00:00,-0.0008723375,-0.0019070005510002375,-0.002977463675598916,-0.0016433341661468148,-0.0029694333614109242
2024-02-05 12:00:00+00:00,0.0034937593,-0.0019011771073564887,0.0036252228737895294,-0.0016470724949613214,0.0017676026706578128
2024-02-05 13:00:00+00:00,-0.0001703631,-0.0018914166139438748,0.0009551933806162477,-0.001648922567255795,-0.0022480282536426295
2024-02-05 14:00:00+00:00,0.0006185484,-0.0018822657875716686,0.0005934392940538659,-0.0016519787022843957,-0.0015502784005311607
2024-02-05 15:00:00+00:00,0.0033014107,-0.0018754542106762528,0.003424970402302924,-0.001656886888667941,0.0013313098714832143
2024-02-05 16:00:00+00:00,0.003495291,-0.0018690009601414204,0.004482839825672349,-0.0016581556992605329,0.0013685264131716827
2024-02-05 17:00:00+00:00,0.0032524688,-0.0018609004328027368,0.0021330716928229933,-0.0016601276583969593,0.001527590054764483
2024-02-05 18:00:00+00:00,-0.0030299688,-0.0018488724017515779,-0.002592039645699065,-0.001662270980887115,-0.005514086988041221
2024-02-06 10:00:00+00:00,0.0006583103,-0.001837426912970841,4.0011553612926545e-05,-0.0016671492485329509,-0.0016035341845090927
2024-02-06 11:00:00+00:00,-0.00021345857,-0.0018214941956102848,9.379562153728023e-05,-0.001667649019509554,-0.0027699229391797047
2024-02-06 12:00:00+00:00,-0.002654246,-0.0018013762310147285,-0.001473915711581563,-0.0016698740655556321,-0.005429715810596707
2024-02-06 13:00:00+00:00,0.00015160636,-0.0017827667761594057,5.104114250273321e-05,-0.001668892684392631,-0.0022781515196997966
2024-02-06 14:00:00+00:00,0.00058837165,-0.0017664942424744368,0.0005866681612496366,-0.0016661088448017836,-0.001798176399035302
2024-02-06 15:00:00+00:00,-0.0022305108,-0.0017495988868176937,-0.0009798601701912135,-0.001659535220824182,-0.004960006777128926
2024-02-06 16:00:00+00:00,0.0010801884,-0.0017325814114883542,0.0003367717781731134,-0.001647805911488831,-0.0013401727364917826
2024-02-06 17:00:00+00:00,-0.000821194,-0.0017211503582075238,-0.0006335323516868103,-0.0016376784769818187,-0.0033326025478463616
2024-02-06 18:00:00+00:00,-0.00075931166,-0.0017127968603745103,-0.0010207961418615037,-0.0016286143800243735,-0.0031198277706318096
2024-02-07 10:00:00+00:00,0.0029179645,-0.001706328708678484,0.001917577133319655,-0.0016255916561931372,0.0008955006445350256
2024-02-07 11:00:00+00:00,0.00089954893,-0.0017015289049595594,0.0009822396972472332,-0.001625319360755384,-0.0013439807933101377
2024-02-07 12:00:00+00:00,0.00021363527,-0.0016984899993985891,0.00020973294200110648,-0.001628349651582539,-0.0021161541094228313
2024-02-07 13:00:00+00:00,0.00037375194,-0.0016960883513092995,0.0005931515198021233,-0.0016327670309692621,-0.002157715338832049
2024-02-07 14:00:00+00:00,0.0018489058,-0.001696988008916378,0.00201955499995634,-0.0016385819762945175,-0.000822001588206782
2024-02-07 15:00:00+00:00,0.002403794,-0.0016959516797214746,0.002452677919907886,-0.0016441682819277048,0.00015328133705460895
2024-02-07 16:00:00+00:00,9.744905e-05,-0.0016921393107622862,0.00018171368944498655,-0.0016410170355811715,-0.0028018431989180236
2024-02-07 17:00:00+00:00,-0.003860923,-0.0016896729357540607,-0.003934819990169185,-0.0016389426309615374,-0.006814326207508945
2024-02-07 18:00:00+00:00,0.00018673223,-0.0016912610735744238,-0.0006646973144654832,-0.0016390061937272549,-0.0026106237745933112
2024-02-08 10:00:00+00:00,-0.0037769845,-0.0016887052915990353,-0.002783640157779736,-0.0016360178124159575,-0.00680209580846614
2024-02-08 11:00:00+00:00,-0.00016065978,-0.00168991566170007,-0.0006722934871272492,-0.001631175517104566,-0.0027746168509028605
2024-02-08 12:00:00+00:00,8.92622e-06,-0.001690667006187141,8.308127582533646e-05,-0.0016254512593150139,-0.0026148103359525873
2024-02-08 13:00:00+00:00,-0.00018746736,-0.0016904881922528148,-4.823952702953419e-05,-0.0016185513231903315,-0.002785925807926698
2024-02-08 14:00:00+00:00,0.0010618507,-0.0016924504889175296,0.0009369872174275679,-0.0016152695752680302,-0.0014346279196100792
2024-02-08 15:00:00+00:00,0.00025859955,-0.0016911462880671024,0.0006186510791207872,-0.0016079844208434224,-0.002266106060380882
2024-02-08 16:00:00+00:00,-0.0011954681,-0.0016898856265470386,-0.0007074105214481719,-0.0016019669128581882,-0.004027754565099647
2024-02-08 17:00:00+00:00,0.0029147912,-0.0016901062335819006,0.0023983029838319115,-0.0015965295024216175,0.0004300818304375218
2024-02-08 18:00:00+00:00,0.0012808882,-0.0016964649548754096,0.0015386124610549984,-0.0015907082706689835,-0.001298467791884219
2024-02-09 10:00:00+00:00,-0.0057859025,-0.0017014024779200554,-0.003847756006323826,-0.0015840210253372788,-0.00917445742006024
2024-02-09 11:00:00+00:00,0.0001251654,-0.0017114854417741299,-0.0010628157558279835,-0.0015793060883879662,-0.0027432932814490996
2024-02-09 12:00:00+00:00,0.004406551,-0.0017245218623429537,0.0031532303820510123,-0.0015752569306641817,0.002123026981072485
2024-02-09 13:00:00+00:00,-0.00066776184,-0.0017368098488077521,0.0006460223276888628,-0.0015744682168588042,-0.0034583229754368634
2024-02-09 14:00:00+00:00,0.0014062321,-0.0017506664153188467,0.0008130354336191568,-0.001574232941493392,-0.001279085002193298
2024-02-09 15:00:00+00:00,-0.0011746909,-0.0017566635506227612,-0.00021612079471859048,-0.0015718272188678384,-0.0040069411758331
2024-02-09 16:00:00+00:00,-0.001853833,-0.0017617944395169616,-0.001517889458307725,-0.0015657568583264947,-0.005025606998982447
2024-02-09 17:00:00+00:00,0.0022010445,-0.001771794050000608,0.001262387004534586,-0.001560973934829235,-0.0004250756496588289
2024-02-09 18:00:00+00:00,-0.0009350747,-0.0017767820972949266,-0.0007071578636203668,-0.0015547829680144787,-0.003943438931686098
2024-02-12 10:00:00+00:00,-0.0020334637,-0.0017857297789305449,-0.001893422146082645,-0.0015488077187910676,-0.0048635655274205936
2024-02-12 11:00:00+00:00,-0.00083062786,-0.0017984900623559952,-0.0009202447110761049,-0.001541483448818326,-0.003848974543928603
2024-02-12 12:00:00+00:00,-0.0011085782,-0.0018057324923574924,-0.001009134226117256,-0.001535366172902286,-0.004090511051913728
2024-02-12 13:00:00+00:00,0.0007332296,-0.0018083971226587892,9.772502618349868e-05,-0.0015280534280464053,-0.001864314950497649
2024-02-12 14:00:00+00:00,-0.002774796,-0.0018074255203828216,-0.0018404058393061778,-0.0015212666476145387,-0.005900675939601254
2024-02-12 15:00:00+00:00,0.00040327097,-0.0018048136262223125,-0.0015135581293419982,-0.0015141071053221822,-0.0020739727948769775
2024-02-12 16:00:00+00:00,0.0002777143,-0.0018038891721516848,0.0007337129709973149,-0.0015079030999913812,-0.0025523409108956533
2024-02-12 17:00:00+00:00,0.0015573539,-0.0017981447745114565,0.0017717409714833095,-0.0014995732344686985,-0.001060216614625407
2024-02-12 18:00:00+00:00,0.002492085,-0.001794090261682868,0.0027567612797051834,-0.0014961013803258538,-7.524243816781767e-05
2024-02-13 10:00:00+00:00,0.004539434,-0.0017921709222719073,0.005418020712821154,-0.001489231246523559,0.0020715858567959045
2024-02-13 11:00:00+00:00,-0.0023027451,-0.0017860799562186003,-0.0010976518332339166,-0.0014831642620265484,-0.005624454990471533
2024-02-13 12:00:00+00:00,0.0003648807,-0.0017873746110126376,-0.0003268155433645021,-0.0014789985725656152,-0.0026258830239033787
2024-02-13 13:00:00+00:00,-0.0008634695,-0.0017890026792883873,-0.0004929001185538975,-0.0014715668512508273,-0.0039042026591836893
2024-02-13 15:00:00+00:00,0.00031164713,-0.001789602218195796,-0.0002803485904022269,-0.0014660952147096395,-0.0032120160231906276
2024-02-13 16:00:00+00:00,-0.00061448314,-0.00180247169919312,-0.000303089942241699,-0.0014606580371037126,-0.0037555141004712643
2024-02-13 17:00:00+00:00,0.00018705658,-0.0018131056567654014,-4.4296662341855635e-05,-0.0014522295678034425,-0.0026641916949608443
2024-02-13 18:00:00+00:00,0.00028497132,-0.0018165968358516693,0.00013253281751077493,-0.0014441180974245071,-0.0025597400353707857
2024-02-14 10:00:00+00:00,0.0011568617,-0.0018150740070268512,0.0008817063835966526,-0.0014356839237734675,-0.0019384080910724547
2024-02-14 11:00:00+00:00,-0.0004536862,-0.0018233603332191706,-0.0005215000754823325,-0.0014240065356716514,-0.0038176834839686495
2024-02-14 12:00:00+00:00,-0.00068536744,-0.0018413395155221224,-0.0006870537095669945,-0.0014172691153362393,-0.00361064465126921
2024-02-14 13:00:00+00:00,-0.00021371708,-0.0018603189382702112,-0.00023703726324367566,-0.0014116395032033324,-0.003146658431267777
2024-02-14 14:00:00+00:00,0.00013357852,-0.0018901663133874536,-0.0002505079812023734,-0.001409966149367392,-0.002650166873670774
2024-02-14 15:00:00+00:00,-0.0014703461,-0.0019229636527597904,-0.001946829905512137,-0.0013973828172311187,-0.004332409001100495
2024-02-14 16:00:00+00:00,0.0022091581,-0.0019611380994319916,0.0015616276183929604,-0.0014012944884598255,-0.0003591610292208269
2024-02-14 17:00:00+00:00,-0.0032173712,-0.0019890822004526854,-0.0031900920830375996,-0.0014055275823920965,-0.00643401825918552
2024-02-14 18:00:00+00:00,0.0020421364,-0.0020191266667097807,0.0014392009397241393,-0.0014125859597697854,-0.0006799276274457563
2024-02-15 10:00:00+00:00,-0.006183781,-0.002044298453256488,-0.0037413446200886017,-0.001418231870047748,-0.009616328783574775
2024-02-15 11:00:00+00:00,-0.0002599836,-0.0020584678277373314,-0.0016818255760303502,-0.0014207058120518923,-0.0030541432609786563
2024-02-15 12:00:00+00:00,-0.0005829675,-0.002071086084470153,-0.0012977594844018284,-0.0014262988697737455,-0.0033930922961961287
2024-02-15 13:00:00+00:00,-0.0025870912,-0.002082634950056672,-0.0023484203318973216,-0.001433459110558033,-0.00551404319312623
2024-02-15 14:00:00+00:00,0.003439006,-0.0020917821675539017,0.002492267754813637,-0.0014373557642102242,0.001250259517402146
2024-02-15 15:00:00+00:00,-8.963746e-06,-0.002098290016874671,0.0008564713545704487,-0.0014417549828067422,-0.002664363313478886
2024-02-15 16:00:00+00:00,0.00061831006,-0.002103619510307908,0.0003290664504196878,-0.0014444903936237097,-0.0020437100343256884
2024-02-15 17:00:00+00:00,-0.0013267,-0.0021095778793096542,-0.0008526338906713902,-0.0014450681628659368,-0.0041877066686947
2024-02-15 18:00:00+00:00,-0.0010410778,-0.0021193120628595352,-0.0010014682421132536,-0.0014462947146967053,-0.0038923802572923705
2024-02-16 10:00:00+00:00,0.0030125636,-0.002131842076778412,0.0022047392546259894,-0.0014445966808125377,0.0005521104470722184
2024-02-16 11:00:00+00:00,-0.0033628247,-0.002143307588994503,-0.0014372704715369517,-0.0014463713159784675,-0.006492265263305104
2024-02-16 12:00:00+00:00,0.0009517055,-0.002159758238121867,-0.00014492537862871674,-0.001452083233743906,-0.0017586788210516542
2024-02-16 13:00:00+00:00,-0.0031458721,-0.0021756587084382772,-0.00303451170423907,-0.0014617127599194646,-0.006077627303762257
2024-02-16 14:00:00+00:00,-0.00643937,-0.0021968362852931023,-0.004383939508183289,-0.0014742144849151373,-0.009536293234889807
2024-02-16 15:00:00+00:00,-0.0026400918,-0.002216456225141883,-0.0025706874090697506,-0.00148571387398988,-0.005595953733225167
2024-02-16 16:00:00+00:00,0.004025391,-0.0022298868279904127,0.0024006772144003078,-0.001491857343353331,0.0016653045725698967
2024-02-16 17:00:00+00:00,0.0013653113,-0.002245130715891719,0.0014981817800609675,-0.0014953596983104944,-0.0012285452841992507
2024-02-16 18:00:00+00:00,0.00054199074,-0.0022544499952346087,0.00045665902143002366,-0.0014919351087883115,-0.0023832598128789165
2024-02-19 10:00:00+00:00,-0.001418831,-0.002266615629196167,-0.0008398171926134826,-0.0014900441747158766,-0.0043835698298564756
2024-02-19 11:00:00+00:00,-0.001212571,-0.0022749437484890223,-0.001160326021120284,-0.0014872720930725336,-0.003925063138204201
2024-02-19 12:00:00+00:00,0.0019538677,-0.00228523719124496,0.0004547925918995275,-0.0014821711229160428,-0.0005228600427287862
2024-02-19 13:00:00+00:00,-0.00012652394,-0.0022932561114430428,0.00019251408129513896,-0.001478986581787467,-0.0030960050154967347
2024-02-19 14:00:00+00:00,0.0014089344,-0.0023031269665807486,0.0007092215012855645,-0.0014797467738389969,-0.0013888198408201348
2024-02-19 15:00:00+00:00,0.0015961983,-0.002309235278517008,0.0010595323292930928,-0.0014817462069913745,-0.0011685688115567726
2024-02-19 16:00:00+00:00,-0.0001892463,-0.002312697237357497,0.000438390133642136,-0.0014781862264499068,-0.002937716605501302
2024-02-19 17:00:00+00:00,-0.0008114615,-0.0023235941771417856,-0.0001828724119258936,-0.0014849720755591989,-0.0038338633497870898
2024-02-19 18:00:00+00:00,-0.0027367705,-0.002323433058336377,-0.0009759363608531177,-0.0014853723114356399,-0.00587151859371686
2024-02-20 10:00:00+00:00,-0.0034156474,-0.0023271613754332066,-0.0030979895023689258,-0.0014839554205536842,-0.006635383137001307
2024-02-20 11:00:00+00:00,-0.0045389915,-0.0023337239399552345,-0.004962984359830739,-0.0014848281862214208,-0.0077185797737892164
2024-02-20 12:00:00+00:00,0.00044662593,-0.0023432536981999874,-0.0010997405597830085,-0.0014852172462269664,-0.00253731766713828
2024-02-20 13:00:00+00:00,0.0010565241,-0.002354957163333893,0.0012067346278817992,-0.0014885354321449995,-0.0019689271347705112
2024-02-20 14:00:00+00:00,0.00040045872,-0.0023655924014747143,0.0007098842519974031,-0.001494914060458541,-0.0026110862388593085
2024-02-20 15:00:00+00:00,0.000500348,-0.002377512864768505,0.0005640458236603503,-0.0014996831305325031,-0.002183405886162716
2024-02-20 16:00:00+00:00,-0.00035476638,-0.0023920710664242506,-9.071394165020013e-05,-0.0015051354421302676,-0.003547468505609491
2024-02-20 17:00:00+00:00,-0.0016390162,-0.002397744683548808,-0.0017648979337968693,-0.0015030772192403674,-0.004846637341843079
2024-02-20 18:00:00+00:00,-0.0034232696,-0.002405441366136074,-0.0033410041922352757,-0.0015057133277878165,-0.006669639694924585
2024-02-21 10:00:00+00:00,-0.0083193015,-0.002417148556560278,-0.0020658819896403344,-0.0015046806074678898,-0.01183513837338197
2024-02-21 11:00:00+00:00,-0.0058631124,-0.002422211691737175,-0.0034876443965383475,-0.0015017562545835972,-0.008831629347300946
2024-02-21 12:00:00+00:00,-0.0018102577,-0.00243071629665792,-0.0027671240232159276,-0.0014992272481322289,-0.004586337901389902
2024-02-21 13:00:00+00:00,-0.0027075703,-0.0024347270373255014,-0.0030739437962789937,-0.0014920264948159456,-0.005870537216213405
2024-02-21 14:00:00+00:00,-0.0028550655,-0.0024372527841478586,-0.002777924119562632,-0.0014840683434158564,-0.005707729807673999
2024-02-21 15:00:00+00:00,0.0068626394,-0.00243898993358016,0.004700279691266336,-0.0014720141189172864,0.004427904275129006
2024-02-21 16:00:00+00:00,0.0016874825,-0.00244121253490448,0.002113126713242706,-0.0014582135481759906,-0.0011377306786239227
2024-02-21 17:00:00+00:00,-0.0040008035,-0.0024434986989945173,-0.000954674686136896,-0.0014482944970950484,-0.0071462821225437585
2024-02-21 18:00:00+00:00,-0.006569578,-0.0024526191409677267,-0.007517665985609116,-0.0014433881733566523,-0.010087289493062375
2024-02-22 10:00:00+00:00,0.0052293073,-0.002463569864630699,0.0007135099182585149,-0.0014372828882187605,0.0026332538105077706
2024-02-22 11:00:00+00:00,-0.0011275902,-0.0024716376792639494,-0.0004726899558116501,-0.0014345285017043352,-0.004179862653645831
2024-02-22 12:00:00+00:00,-0.00482289,-0.0024770384188741446,-0.0036522754907920593,-0.001433572848327458,-0.008091307900705334
2024-02-22 13:00:00+00:00,0.0034606317,-0.00245609600096941,0.0011062085440661017,-0.0014151023933663964,0.0006588564581769727
2024-02-22 14:00:00+00:00,0.004071921,-0.002460228744894266,0.0031790175889089946,-0.0014113812940195203,0.0010825338478804504
2024-02-22 15:00:00+00:00,0.00078080705,-0.0024644541554152966,0.0018523258543736805,-0.0014096908271312714,-0.0025522560692123482
2024-02-22 16:00:00+00:00,-0.0049367636,-0.0024716195184737444,-0.0019934568993832755,-0.0014086824376136065,-0.008530340262417807
2024-02-22 17:00:00+00:00,-0.004079538,-0.002461765194311738,-0.004509941813117659,-0.0013988681603223085,-0.007430428008688163
2024-02-22 18:00:00+00:00,-0.0019990527,-0.0024374027270823717,-0.0012383905644378019,-0.001374153420329094,-0.00540093360710611
2024-02-26 10:00:00+00:00,0.020273352,-0.0024396548978984356,0.01870671871957945,-0.0013726265169680119,0.018294743723361755
2024-02-26 11:00:00+00:00,0.0006810171,-0.0024438900873064995,0.003985385465812922,-0.0013683447614312172,-0.0031872343683538645
2024-02-26 12:00:00+00:00,0.0045344057,-0.002445740159600973,0.004397400586108784,-0.001366571756079793,0.0008241439555787635
2024-02-26 13:00:00+00:00,0.00236916,-0.002444850280880928,0.0017668491895174387,-0.0013644627761095762,-0.0014494295450754357
2024-02-26 14:00:00+00:00,0.0,-0.002444466343149543,0.0003527182401063809,-0.0013668856117874384,-0.0037291050365530235
2024-02-26 15:00:00+00:00,0.0039756047,-0.002441211137920618,0.001762830059889372,-0.0013678488321602345,0.0006508958923149839
2024-02-26 16:00:00+00:00,-0.0024874615,-0.002441390883177519,-0.0008173693262688721,-0.0013694824883714318,-0.006707879572238682
2024-02-26 17:00:00+00:00,0.0019412969,-0.0024343712721019983,0.0009372864242380689,-0.001365973032079637,-0.001963596699749301
2024-02-26 18:00:00+00:00,-0.00079246884,-0.002424751641228795,-2.1580861216042925e-05,-0.0013670467305928469,-0.004966583264241666
2024-02-27 10:00:00+00:00,0.003956079,-0.0024177744053304195,0.001989952835663286,-0.0013647224986925721,0.0003984551052438707
2024-02-27 11:00:00+00:00,-0.0023080849,-0.0024078546557575464,-0.00034702911808176946,-0.0013660200638696551,-0.0067195304963252045
2024-02-27 12:00:00+00:00,0.0011910554,-0.00239915051497519,0.0005722203652426073,-0.001368227181956172,-0.0028007264452375234
2024-02-27 13:00:00+00:00,-0.0011182785,-0.0023882922250777483,0.00017196030617161904,-0.0013679657131433487,-0.005074151905060175
2024-02-27 14:00:00+00:00,-0.0029060915,-0.0023747538216412067,-0.0023632747839071036,-0.0013685430167242885,-0.006793034469387666
2024-02-27 15:00:00+00:00,0.00018244846,-0.0023589525371789932,-0.0005404825844969287,-0.0013686331221833825,-0.0036849031256049004
2024-02-27 16:00:00+00:00,-3.648703e-05,-0.002341765444725752,-0.00016828742281336625,-0.0013608159497380257,-0.003758642162452604
2024-02-27 17:00:00+00:00,-0.00011859204,-0.002331692026928067,-0.0009200892671770114,-0.0013586864806711674,-0.003548676474565627
2024-02-27 18:00:00+00:00,0.0011032749,-0.0023229685612022877,0.0003746163126152691,-0.0013535673497244716,-0.002348096882502601
2024-02-28 10:00:00+00:00,0.008150123,-0.00232043513096869,0.008794717918071907,-0.0013493553269654512,0.005064895319812288
2024-02-28 11:00:00+00:00,0.00076801796,-0.0023143552243709564,0.002135629434098401,-0.0013424697099253535,-0.003148310514775739
2024-02-28 12:00:00+00:00,-0.0012652853,-0.0023092739284038544,-0.001414908574097484,-0.0013354024849832058,-0.005368398755318689
2024-02-28 13:00:00+00:00,0.0020236888,-0.002302480861544609,0.0011584855008486287,-0.0013340095756575465,-0.0014898883463094238
2024-02-28 14:00:00+00:00,0.00018048749,-0.0022928088437765837,0.0008639878594315591,-0.0013343446189537644,-0.0035713152174507742
2024-02-28 15:00:00+00:00,0.0033691297,-0.0022809903603047132,0.002875213377306379,-0.001332332962192595,-8.322380966366586e-05
2024-02-28 16:00:00+00:00,0.000746158,-0.0022673169150948524,0.0018087065039588347,-0.0013286937028169632,-0.003017087298846238
2024-02-28 17:00:00+00:00,-0.0028798233,-0.0022506066597998142,-0.002444348120447082,-0.0013224802678450942,-0.006967634603733066
2024-02-28 18:00:00+00:00,0.0047562406,-0.002232059370726347,0.0026495325072918713,-0.0013222559355199337,0.001380985258256993
2024-02-29 10:00:00+00:00,0.0022935995,-0.0022113232407718897,0.0010636165721062206,-0.0013224310241639614,-0.0012170577766738378
2024-02-29 11:00:00+00:00,0.0024133443,-0.0021901270374655724,0.0023530464382068047,-0.001321891788393259,-0.0009226034328052848
2024-02-29 12:00:00+00:00,0.003021864,-0.0021694384049624205,0.0016107004908453158,-0.0013198248343542218,-0.00039788519938999123
2024-02-29 13:00:00+00:00,0.0010230453,-0.00215023010969162,0.001889747486821618,-0.001315613160841167,-0.0027232810939772324
2024-02-29 14:00:00+00:00,-0.00016895271,-0.0021316043566912413,0.0008910058519784215,-0.0013087629340589046,-0.003864709362048096
2024-02-29 15:00:00+00:00,-0.0024396554,-0.0021119797602295876,-0.0016617563360013898,-0.0013030259869992733,-0.006306910575314422
2024-02-29 16:00:00+00:00,0.0027419718,-0.00209270347841084,0.002184450336138644,-0.0012980239698663354,-0.0004252459218559803
2024-02-29 17:00:00+00:00,0.0015723483,-0.0020714898128062487,0.0011441651691588683,-0.0012900808360427618,-0.0015635084638648202
2024-02-29 18:00:00+00:00,0.00064776326,-0.0020479040686041117,-4.255011921306484e-05,-0.0012853433145210147,-0.002786344555943722
2024-03-01 10:00:00+00:00,-0.0024957492,-0.0020271555986255407,-0.0015944756359706795,-0.0012791634071618319,-0.006206015505283142
2024-03-01 11:00:00+00:00,-0.0011923407,-0.0020075340289622545,-0.0014175513585659373,-0.001274951733648777,-0.004625298526333874
2024-03-01 12:00:00+00:00,8.902975e-05,-0.0019881105981767178,-0.0001538666994712963,-0.001270665437914431,-0.0032163513393235104
2024-03-01 13:00:00+00:00,-0.0003205442,-0.001968951663002372,-0.00023670712821259563,-0.0012676309561356902,-0.00341948843732904
2024-03-01 14:00:00+00:00,-0.00047209937,-0.0019514070590958,-0.0008338930775866016,-0.0012639494379982352,-0.003618176882880186
2024-03-01 15:00:00+00:00,0.0025715763,-0.0019344215979799628,0.0014376745291669788,-0.0012589918915182352,-6.854619616688618e-05
2024-03-01 16:00:00+00:00,0.00030210408,-0.0019193753832951188,0.0005833100699508789,-0.0012555242283269763,-0.002495000190518661
2024-03-01 17:00:00+00:00,-0.0027489532,-0.001908472622744739,-0.0027349663882266393,-0.0012489001965150237,-0.005691473559332776
2024-03-01 18:00:00+00:00,-0.00017818641,-0.0018984368070960045,-0.0003299429051278967,-0.0012520636664703488,-0.002852069325410728
2024-03-04 10:00:00+00:00,0.007695384,-0.001888361992314458,0.008316291329192147,-0.0012612633872777224,0.00568369655230893
2024-03-04 11:00:00+00:00,0.0026402131,-0.0018796594813466072,0.003362205003684144,-0.0012697662459686399,-7.164672286174645e-05
2024-03-04 12:00:00+00:00,0.0014451889,-0.0018727554706856608,0.0014875702013571036,-0.0012814438669010997,-0.0013186203663870437
2024-03-04 13:00:00+00:00,-0.0008633373,-0.001866739708930254,-0.000609072052820275,-0.0012951651588082314,-0.004079930336693171
2024-03-04 14:00:00+00:00,0.0016995351,-0.001856055692769587,0.0009547299084870621,-0.0013056885218247771,-0.0010742120032394978
2024-03-04 15:00:00+00:00,0.00010557525,-0.001839975593611598,9.64782496049267e-05,-0.0013133739121258259,-0.0026755276549431137
2024-03-04 16:00:00+00:00,-0.00022876047,-0.0018270050641149282,-0.0002004720149531209,-0.0012980218743905425,-0.003035317521050642
2024-03-04 17:00:00+00:00,0.0010729615,-0.0018109551165252924,0.0011652378281387652,-0.0013061345089226961,-0.0014648403962239766
2024-03-04 18:00:00+00:00,-0.00010548616,-0.0017905640415847301,0.00016317140680102322,-0.001309191924519837,-0.003033474915305672
2024-03-05 10:00:00+00:00,-0.002720108,-0.0017670377856120467,-0.002983535757267428,-0.0013132704189047217,-0.005892828111662602
2024-03-05 11:00:00+00:00,0.0034055691,-0.0017505703726783395,0.001370365157358091,-0.0013201371766626835,0.001397074844189735
2024-03-05 12:00:00+00:00,0.0015010998,-0.0017334513831883669,0.0014543150943745684,-0.0013233423233032227,-0.0009674668676325614
2024-03-05 13:00:00+00:00,0.0035462738,-0.0017141522839665413,0.0028332182203974427,-0.0013244921574369073,0.0014227135443709415
2024-03-05 14:00:00+00:00,-0.0012857126,-0.0016876454465091228,-0.0013025990423056251,-0.0013276224490255117,-0.004063874973810617
2024-03-05 15:00:00+00:00,0.0036778075,-0.0016585357952862978,0.002508912551075826,-0.001335499226115644,0.0016860860027788156
2024-03-05 16:00:00+00:00,-0.00018313341,-0.0016249491600319743,9.315493463304004e-05,-0.0013467884855344892,-0.00248627801646553
2024-03-05 17:00:00+00:00,0.00019185322,-0.001614877488464117,-0.0007642969061041644,-0.0013612555339932442,-0.0021743586562056687
2024-03-05 18:00:00+00:00,0.00071476516,-0.0016063139773905277,0.0007454737843358608,-0.0013633144553750753,-0.0016240839782108143
2024-03-06 10:00:00+00:00,0.0007926174,-0.001605833531357348,0.0007820196605707451,-0.0013670518528670073,-0.001486224693113292
2024-03-06 11:00:00+00:00,0.0027996122,-0.0016047919634729624,0.0007622078044055362,-0.0013700281269848347,0.0006096837850842608
2024-03-06 12:00:00+00:00,0.00196894,-0.0016035755397751927,0.002170183270965277,-0.001377183012664318,-0.0005504013331031953
2024-03-06 13:00:00+00:00,0.0004937951,-0.0016025833319872618,0.0006981933571823357,-0.0013899080222472548,-0.0020499368292927044
2024-03-06 14:00:00+00:00,-0.002237021,-0.001591988024301827,-0.0016661916424500478,-0.0014004056574776769,-0.0048615952328584615
2024-03-06 15:00:00+00:00,-0.00035595684,-0.001584162819199264,-0.0004734503248961524,-0.0014100660337135196,-0.0026310882660289326
2024-03-06 16:00:00+00:00,-0.00097301626,-0.0015744190895929933,-0.0008835237530155728,-0.0014030979946255684,-0.003332831845231852
2024-03-06 17:00:00+00:00,-0.00010430792,-0.0015762249240651727,-0.0003569866866758998,-0.0014031543396413326,-0.002222592482568656
2024-03-06 18:00:00+00:00,0.0011294234,-0.0015726423589512706,-4.3094425882208166e-05,-0.0014047441072762012,-0.0011206590381349487
2024-03-07 10:00:00+00:00,-0.0007209461,-0.0015817622188478708,-0.0004324961296291808,-0.001408846233971417,-0.003128309390855145
2024-03-07 11:00:00+00:00,-0.001922166,-0.0015906569315120578,-0.0019377309917311264,-0.0014151750365272164,-0.0041315508713631
2024-03-07 12:00:00+00:00,-0.0015421413,-0.001599740469828248,-0.0015633643931026184,-0.0014225193299353123,-0.0036524050722888373
2024-03-07 13:00:00+00:00,0.0008454228,-0.0016064265510067344,0.0003065841131711425,-0.0014296574518084526,-0.0010688772552551662
2024-03-07 14:00:00+00:00,7.8405064e-05,-0.0016057351604104042,0.00031166609789472915,-0.001436172635294497,-0.0017703118764860017
2024-03-07 15:00:00+00:00,4.3555716e-05,-0.0016045232769101858,0.00021475636071368942,-0.0014394072350114584,-0.001788669631022872
2024-03-07 16:00:00+00:00,0.003339424,-0.0015995670109987259,0.0026453390165903337,-0.0014394113095477223,0.0020787340439038095
2024-03-07 17:00:00+00:00,-0.0013726838,-0.0016075127059593797,-0.00016148980747546481,-0.001453544944524765,-0.003283004198109188
2024-03-07 18:00:00+00:00,0.0016331073,-0.0016195890493690968,0.0009273567891255712,-0.0014657677384093404,-9.756704633819891e-05
2024-03-11 10:00:00+00:00,0.005306522,-0.0016333991661667824,0.004531052048098899,-0.0014757781755179167,0.004184769365301197
2024-03-11 11:00:00+00:00,-0.0016331049,-0.001650234218686819,-0.0008693848988118696,-0.001489479560405016,-0.0039834526228265665
2024-03-11 12:00:00+00:00,0.0008644089,-0.001669514924287796,0.0004815006727893864,-0.001502583734691143,-0.001189226408099829
2024-03-11 13:00:00+00:00,0.00038010333,-0.0016887950478121638,0.00042435991745396937,-0.0015162475174292922,-0.001469256477467656
2024-03-11 14:00:00+00:00,0.0013809772,-0.001703812973573804,0.0013273343203367503,-0.001528530498035252,-0.00047183507170063554
2024-03-11 15:00:00+00:00,-0.0019252608,-0.001710573211312294,-0.000630457013236916,-0.001534446608275175,-0.00424511472116797
2024-03-11 16:00:00+00:00,-0.0007348206,-0.0017232992686331272,-0.0008151123621176426,-0.0015443534357473254,-0.002847889734797709
2024-03-11 17:00:00+00:00,-0.0012894016,-0.0017373253358528018,-0.0010536158811248254,-0.0015522417379543185,-0.00312358020337649
2024-03-11 18:00:00+00:00,-0.0010223178,-0.0017521959962323308,-0.0010251822069645598,-0.0015609284164384007,-0.003009000826423536
2024-03-12 10:00:00+00:00,-0.0031601912,-0.0017706452636048198,-0.002421076380694605,-0.0015656332252547145,-0.0053284244544892665
2024-03-12 11:00:00+00:00,0.00067802507,-0.0017880441155284643,-0.0006650096425106784,-0.0015713293105363846,-0.0009101189343218178
2024-03-12 12:00:00+00:00,-0.0021747837,-0.001806318061426282,-0.002178265866849612,-0.0015784556744620204,-0.0039385840203271325
2024-03-12 13:00:00+00:00,-2.6126147e-05,-0.0018220904748886824,-0.0008919451658680497,-0.0015839393017813563,-0.001775078458638692
2024-03-12 14:00:00+00:00,0.0008443998,-0.0018360507674515247,0.0008708527571678062,-0.0015927490312606096,-0.0006271413827320113
2024-03-12 15:00:00+00:00,-0.0002088573,-0.0018465426983311772,0.0002206705204825593,-0.0015988136874511838,-0.0019545716830258533
2024-03-12 16:00:00+00:00,-0.00523566,-0.0018573531415313482,-0.0042545581423301575,-0.0015947152860462666,-0.0074956011206331954
2024-03-12 17:00:00+00:00,2.6246604e-05,-0.0018721952801570296,-0.0012466646283403311,-0.0015948549844324589,-0.001406374914187846
2024-03-12 18:00:00+00:00,0.0013201899,-0.0018873208900913596,0.0006530898215887311,-0.0015942835016176105,-0.00033385661138956267
2024-03-13 10:00:00+00:00,0.0022603811,-0.0019035005243495107,0.0020140345630418836,-0.0015892781084403396,0.0008426856572988459
2024-03-13 11:00:00+00:00,-6.102425e-05,-0.0019158234354108572,0.00024186330607863389,-0.0015862328000366688,-0.0017713714409728022
2024-03-13 12:00:00+00:00,-0.0014482389,-0.001928257755935192,-0.0005956245492762689,-0.0015844383742660284,-0.003423477747469714
2024-03-13 13:00:00+00:00,-0.0004016906,-0.00193915911950171,-0.00036691989076223313,-0.001585413352586329,-0.0022341601565023894
2024-03-13 14:00:00+00:00,7.860434e-05,-0.0019502606010064483,0.00021995828923653546,-0.0015826891176402569,-0.0017464774977625993
2024-03-13 15:00:00+00:00,0.00018338609,-0.001957676839083433,0.00018484756182923133,-0.0015762714901939034,-0.0016812850143909145
2024-03-13 16:00:00+00:00,-8.731909e-06,-0.0019656275399029255,-3.6547049102224586e-05,-0.001569150947034359,-0.002072527778143488
2024-03-13 17:00:00+00:00,0.0023809846,-0.0019822127651423216,0.002006700223480646,-0.0015699176583439112,0.0007423492585643685
2024-03-13 18:00:00+00:00,-0.004855184,-0.0020034590270370245,-0.004783223837096877,-0.0015692951856181026,-0.007365700419186199
2024-03-14 10:00:00+00:00,-0.009428142,-0.0020321195479482412,-0.009952972554146539,-0.0015677945921197534,-0.012311144653233986
2024-03-14 11:00:00+00:00,0.0018980447,-0.002054909011349082,0.0004486660761793337,-0.0015651545254513621,0.00048517307090898895
2024-03-14 12:00:00+00:00,0.0036622982,-0.0020758090540766716,0.002943690341466011,-0.0015612769639119506,0.00248434794407502
2024-03-14 13:00:00+00:00,-0.0008175717,-0.002094484167173505,-6.8050103996054255e-06,-0.0015574861317873001,-0.002775298330695944
2024-03-14 14:00:00+00:00,-0.00075662934,-0.0021151225082576275,-0.0006668150615952136,-0.0015532888937741518,-0.0025523397308558167
2024-03-14 15:00:00+00:00,-0.0040745107,-0.002134784357622266,-0.003935323475870497,-0.001547768129967153,-0.0062479120639510445
2024-03-14 16:00:00+00:00,0.0006007545,-0.0021578194573521614,-0.0006996840486930366,-0.0015412663342431188,-0.0009461637274745722
2024-03-14 17:00:00+00:00,0.0018001011,-0.002178987953811884,0.0014644553267145284,-0.001531390706077218,0.0001360144128624433
2024-03-14 18:00:00+00:00,-0.0010320146,-0.002203594660386443,-0.0004611567511625269,-0.0015268161660060287,-0.003031288965539449
2024-03-15 10:00:00+00:00,-0.00050316245,-0.002228993223980069,-0.0008462401488450789,-0.0015204480150714517,-0.002684389653222052
2024-03-15 11:00:00+00:00,-0.0003885793,-0.0022577508352696896,-0.0003274402153940989,-0.0015177548630163074,-0.0024999992821181185
2024-03-15 12:00:00+00:00,0.00040623843,-0.0022865363862365484,6.707593155302896e-05,-0.0015127471415326,-0.0015316672043614932
2024-03-15 13:00:00+00:00,0.00029133027,-0.002315341727808118,0.0002527558124630937,-0.0015126178041100502,-0.0015769030392170191
2024-03-15 14:00:00+00:00,-0.00015006863,-0.0023397181648761034,0.0006212596133428476,-0.001510127098299563,-0.00235065675679561
2024-03-15 15:00:00+00:00,-0.0023333726,-0.0023621274158358574,-0.0023108544497106756,-0.0015097687719389796,-0.0046988129577775675
2024-03-15 16:00:00+00:00,-0.0059641795,-0.0023814099840819836,-0.004482348000523233,-0.0015005826717242599,-0.008684253686388019
2024-03-15 17:00:00+00:00,0.0003560081,-0.0024077172856777906,-0.0006147316933520627,-0.0014959952095523477,-0.0017722990882877688
2024-03-15 18:00:00+00:00,-0.0036640365,-0.0024362425319850445,-0.0035620722316807582,-0.001491438946686685,-0.006077853087383633
2024-03-18 10:00:00+00:00,0.0082629295,-0.0024625547230243683,0.0077061649643255055,-0.0014860121300444007,0.007141443154552606
2024-03-18 11:00:00+00:00,-0.000593648,-0.0024886897299438715,0.0011728372465143213,-0.001480517559684813,-0.0029194314368160136
2024-03-18 12:00:00+00:00,0.0016737146,-0.002511633327230811,0.0009039661717348272,-0.0014768629334867,-0.00046166137940233153
2024-03-18 13:00:00+00:00,0.0004069356,-0.0025319389533251524,0.0006263163327976913,-0.0014757511671632528,-0.0022238702960971236
2024-03-18 14:00:00+00:00,0.0010696276,-0.0025497949682176113,0.0002528636321719074,-0.001474364660680294,-0.0012004807667342088
2024-03-18 15:00:00+00:00,-0.0009634977,-0.0025623547844588757,-0.00019331167268189857,-0.001473941607400775,-0.0034353166965876373
2024-03-18 16:00:00+00:00,0.0045705694,-0.0025675189681351185,0.0031915816861614005,-0.0014667569193989038,0.002838804160794937
2024-03-18 17:00:00+00:00,-0.0014271621,-0.002574012614786625,-0.0006058095876034636,-0.0014633750542998314,-0.004328836180173289
2024-03-18 18:00:00+00:00,-0.0042494796,-0.002584173809736967,-0.003982695223933281,-0.0014605071628466249,-0.007533901304196429
2024-03-19 10:00:00+00:00,-0.0004073428,-0.002598916180431843,-0.0009499233167684003,-0.0014552960637956858,-0.003094059554272674
2024-03-19 11:00:00+00:00,0.00046046224,-0.0026129768230021,0.00015030938004377886,-0.0014527260791510344,-0.001979962064396636
2024-03-19 12:00:00+00:00,-0.0023931726,-0.0026222416199743748,-0.0017552832028677977,-0.0014479411765933037,-0.005218385706917959
2024-03-19 13:00:00+00:00,-0.0015541951,-0.002632617484778166,-0.0015438229179753564,-0.0014427080750465393,-0.004059371707951347
2024-03-19 14:00:00+00:00,-0.0032850693,-0.0026417989283800125,-0.003275476856125963,-0.0014382795197889209,-0.006038572747319891
2024-03-19 15:00:00+00:00,-0.00055302336,-0.002648809924721718,-0.0006299156455968811,-0.0014311005361378193,-0.002986931905958676
2024-03-19 16:00:00+00:00,-0.0018575414,-0.0026540879625827074,-0.0023626930131664466,-0.0014233854599297047,-0.004363773242462203
2024-03-19 17:00:00+00:00,-0.005953039,-0.0026624358724802732,-0.0053421237466867435,-0.0014210866065695882,-0.008736501392512351
2024-03-19 18:00:00+00:00,-0.0004677016,-0.0026718557346612215,-0.0006592240156301029,-0.0014156873803585768,-0.002656846792889595
2024-03-20 10:00:00+00:00,0.0022286135,-0.002682917285710573,0.0013199143653257275,-0.001411423203535378,0.0001537674336329702
2024-03-20 11:00:00+00:00,-0.0001526094,-0.0026979795657098293,0.0005501175899843175,-0.0014041775139048696,-0.002665287158438649
2024-03-20 12:00:00+00:00,0.0004039153,-0.002716410905122757,0.00044257389648225505,-0.0013975484762340784,-0.002044210547524959
2024-03-20 13:00:00+00:00,0.0009239036,-0.0027324766851961613,0.0007175845690204786,-0.0013897810131311417,-0.0014464292191658863
2024-03-20 14:00:00+00:00,-0.003844742,-0.0027457743417471647,-0.0020054281867550776,-0.001384157221764326,-0.006837874409977654
2024-03-20 15:00:00+00:00,-3.600198e-05,-0.002758587244898081,-0.0008190381859723231,-0.001380888163112104,-0.0026366196950439137
2024-03-20 16:00:00+00:00,0.005699146,-0.0027659309562295675,0.003681838248438203,-0.001370850601233542,0.0035255398555922093
2024-03-20 17:00:00+00:00,-0.00029537734,-0.0027749210130423307,0.0008860354530593622,-0.0013646469451487064,-0.0030936215410214416
2024-03-20 18:00:00+00:00,-0.0028508438,-0.0027802574913948774,-0.0022923367599516093,-0.0013618983794003725,-0.006188225544594726
2024-03-21 10:00:00+00:00,0.0070584426,-0.00279497099108994,0.005065553349712349,-0.0013583420077338815,0.005223511320259093
2024-03-21 11:00:00+00:00,-0.0002853067,-0.0028042129706591368,0.001590709262538027,-0.0013569563161581755,-0.003175690272994658
2024-03-21 12:00:00+00:00,0.004395377,-0.0028077070601284504,0.001477220375798214,-0.0013577454956248403,0.002215307471632433
2024-03-21 13:00:00+00:00,0.0018537823,-0.002807950833812356,0.0014747776193760253,-0.0013583849649876356,-0.0010647548596116564
2024-03-21 14:00:00+00:00,-0.0010195986,-0.0028031710535287857,-0.0005022803226763406,-0.001357560744509101,-0.003968100081863444
2024-03-21 15:00:00+00:00,-0.0037415116,-0.002796097891405225,-0.0032930455800910642,-0.001359563204459846,-0.006959323870328312
2024-03-21 16:00:00+00:00,0.00016025642,-0.002786600962281227,-0.0008684117935189678,-0.001357260043732822,-0.0025641951336185043
2024-03-21 17:00:00+00:00,-0.00185342,-0.002780808135867119,-0.0013101845937745077,-0.0013565713306888938,-0.004782632656105313
2024-03-21 18:00:00+00:00,0.0029567112,-0.002775075612589717,0.0009479787697986054,-0.001355195534415543,0.00054340151227566
2024-03-22 10:00:00+00:00,-0.0011478044,-0.002769100246950984,-0.0008222822987481821,-0.0013535619946196675,-0.004138205522756224
2024-03-22 11:00:00+00:00,-0.0035496135,-0.0027617861051112413,-0.003230220516996075,-0.0013524118112400174,-0.006489745359388485
2024-03-22 12:00:00+00:00,-0.0035532918,-0.0027538291178643703,-0.003578435245374036,-0.0013513159938156605,-0.006413009081973361
2024-03-22 13:00:00+00:00,0.0003765128,-0.002745380625128746,-0.001013251117189945,-0.001350971288047731,-0.0022773344996932037
2024-03-22 14:00:00+00:00,-0.00065450603,-0.0027372227050364017,0.0005691361680786416,-0.001349013764411211,-0.0032695256355319948
2024-03-22 15:00:00+00:00,-0.0018313051,-0.0027336813509464264,-0.0013778755103318174,-0.001347556826658547,-0.004676512545883581
2024-03-22 16:00:00+00:00,-0.0018526685,-0.0027285898104310036,-0.0021754727197297406,-0.0013387133367359638,-0.004906049350459815
2024-03-22 17:00:00+00:00,-0.0025507803,-0.002725770231336355,-0.0026242170383183553,-0.0013364054029807448,-0.005391476368302839
2024-03-22 18:00:00+00:00,0.004502281,-0.002722737845033407,0.0033649721541369835,-0.0013398181181401014,0.0022719594165906817
2024-03-25 10:00:00+00:00,-0.008598925,-0.002718512434512377,-0.005412806931294369,-0.0013423783238977194,-0.01187535178227168
2024-03-25 11:00:00+00:00,-0.0009791657,-0.0027138434816151857,-0.0017484310969871821,-0.0013429474784061313,-0.0034218262653377732
2024-03-25 12:00:00+00:00,-0.0034346497,-0.0027078206185251474,-0.0027083340809027543,-0.0013418751768767834,-0.0061544881127567515
2024-03-25 13:00:00+00:00,0.0039968803,-0.0026992217171937227,0.0033391994512840546,-0.001339521142654121,0.001561791108686888
2024-03-25 14:00:00+00:00,0.0018024469,-0.0026928861625492573,0.0017366317313131628,-0.0013396701542660594,-0.0006563062102394918
2024-03-25 15:00:00+00:00,0.0021514327,-0.0026866334956139326,0.0018365551091046501,-0.0013389668893069029,-0.000363138982480948
2024-03-25 16:00:00+00:00,0.0024080859,-0.0026771335396915674,0.0020988915284653837,-0.001339342212304473,-0.00016585358949591008
2024-03-25 17:00:00+00:00,0.002177611,-0.00266772648319602,0.0021638192421410208,-0.0013378557050600648,-0.0006373918167118277
2024-03-25 18:00:00+00:00,0.0027915554,-0.002658276120200753,0.0028822371783751724,-0.0013349311193451285,0.00019871768866076703
2024-03-26 10:00:00+00:00,-0.0009326435,-0.002651158720254898,-0.00020939046279653157,-0.0013319904683157802,-0.003910070376249085
2024-03-26 11:00:00+00:00,0.0023478817,-0.002644720021635294,0.002325357025743865,-0.0013307991903275251,-0.00014334613332240252
2024-03-26 12:00:00+00:00,0.00063530984,-0.0026370417326688766,0.00104245659198737,-0.0013281552819535136,-0.0021796833411777475
2024-03-26 13:00:00+00:00,-0.0018533695,-0.002628912916406989,-0.0016085274449532975,-0.001325941295363009,-0.005102811526885833
2024-03-26 14:00:00+00:00,0.0023452337,-0.00262208329513669,0.0008780457643423855,-0.0013243950670585036,-9.872118582858079e-05
2024-03-26 15:00:00+00:00,-0.0004292498,-0.002615627832710743,1.776641560159332e-05,-0.0013242275454103947,-0.003639717234075602
2024-03-26 16:00:00+00:00,-0.0018442922,-0.0026088766753673553,-0.0018145614080212957,-0.0013245411682873964,-0.005035017258646374
2024-03-26 17:00:00+00:00,0.0003673391,-0.00260575651191175,-0.00010294340960045431,-0.0013212132034823298,-0.0025146560994919417
2024-03-26 18:00:00+00:00,-0.00011645876,-0.0026008079294115305,3.356699756111971e-05,-0.001317725284025073,-0.0029853818133551684
2024-03-27 10:00:00+00:00,0.0016649662,-0.002596686128526926,0.0008288073313801276,-0.0013182188849896193,-0.0010710953581885721
2024-03-27 11:00:00+00:00,-0.0014051923,-0.0025930446572601795,-0.0007491549350526264,-0.0013174093328416348,-0.004519641233825114
2024-03-27 12:00:00+00:00,1.791296e-05,-0.002589783165603876,-0.00037380741738917794,-0.0013195028295740485,-0.00268877892841152
2024-03-27 13:00:00+00:00,0.0012710007,-0.0025840862654149532,0.0003513981009413775,-0.0013211773475632071,-0.001301387803412522
2024-03-27 14:00:00+00:00,0.00080472825,-0.002582611283287406,0.000793699029021022,-0.0013266823953017592,-0.0017347118609703247
2024-03-27 15:00:00+00:00,0.0023389736,-0.0025788757484406233,0.00254279958005713,-0.0013289515627548099,-0.00025094172067491533
2024-03-27 16:00:00+00:00,0.0049100807,-0.0025713020004332066,0.0036700244183817195,-0.00131475948728621,0.0027209509990687333
2024-03-27 17:00:00+00:00,0.0022601283,-0.002564955037087202,0.0006500256176590643,-0.0013112734304741025,-0.00028539317251804336
2024-03-27 18:00:00+00:00,0.00037176695,-0.002559185493737459,0.0006137303780253479,-0.0013097361661493778,-0.0026670608023701163
2024-03-28 10:00:00+00:00,-0.00083224144,-0.0025560411158949137,-0.0008069571349604435,-0.0013060184428468347,-0.003963819758769608
2024-03-28 11:00:00+00:00,-0.0014536561,-0.002549030352383852,-0.0015279371856163166,-0.0013071312569081783,-0.004616461875389455
2024-03-28 12:00:00+00:00,0.0010727189,-0.0025417942088097334,0.0003745992265518729,-0.0013067013351246715,-0.0018407796651472475
2024-03-28 13:00:00+00:00,-0.00044313277,-0.0025334402453154325,-7.878807015844586e-05,-0.00130599329713732,-0.003432134449356706
2024-03-28 14:00:00+00:00,0.0005405956,-0.0025232266634702682,0.00039297330913322745,-0.001306765479966998,-0.002339560615507253
2024-03-28 15:00:00+00:00,-0.0023861385,-0.002512376056984067,-0.0010370286243389104,-0.0013053029542788863,-0.0055055988281065525
2024-03-28 16:00:00+00:00,0.00013320605,-0.0025004656054079533,1.2627332137419713e-05,-0.0013094390742480755,-0.0027058241837957524
2024-03-28 17:00:00+00:00,8.879772e-06,-0.0024889407213777304,0.00023897950483688985,-0.0013116187183186412,-0.0027984367026032027
2024-03-28 18:00:00+00:00,0.0018630074,-0.002477512462064624,0.0011604212273961933,-0.0013148889411240816,-0.000661446347058178
2024-03-29 10:00:00+00:00,0.00085936155,-0.002467913320288062,0.0005630310287040825,-0.001319324248470366,-0.001728749490980762
2024-03-29 11:00:00+00:00,-0.0015686695,-0.0024592350237071514,-0.000830757833059138,-0.0013228770112618804,-0.004445338497008439
2024-03-29 12:00:00+00:00,2.6608128e-05,-0.002453029155731201,-0.000811059096902043,-0.0013221121625974774,-0.002652620947208883
2024-03-29 13:00:00+00:00,0.003523749,-0.0024492524098604918,0.003257354463326115,-0.0013232575729489326,0.0013777066571397725
2024-03-29 14:00:00+00:00,0.0004329712,-0.002444435376673937,0.002162399743176368,-0.001326315919868648,-0.002125533069530199
2024-03-29 15:00:00+00:00,0.0022590104,-0.0024397994857281446,0.002277924190783782,-0.001328736892901361,-0.0001697328092459733
2024-03-29 16:00:00+00:00,-0.00017630155,-0.002435632748529315,-0.00031521572857023,-0.0013092762092128396,-0.00284690756681971
2024-03-29 17:00:00+00:00,0.0030983759,-0.0024369372986257076,0.0021680934182569996,-0.001308215083554387,0.0007731980769510784
2024-03-29 18:00:00+00:00,-0.0008176723,-0.0024351843167096376,0.0002754362153497277,-0.0013058034237474203,-0.0036636472460063554
2024-04-01 10:00:00+00:00,0.007972288,-0.0024341989774256945,0.0025818237104691583,-0.0013067761901766062,0.006206059227486961
2024-04-01 11:00:00+00:00,-3.490432e-05,-0.0024332678876817226,0.0006570369662959226,-0.0013052235590294003,-0.002903282348633397
2024-04-01 12:00:00+00:00,0.00012215979,-0.0024312050081789494,7.931363280646805e-05,-0.0013048987602815032,-0.0027330805694734876
2024-04-01 13:00:00+00:00,0.00046232692,-0.002426393097266555,0.0005032929972050802,-0.001302031916566193,-0.0023200548187472373
2024-04-01 14:00:00+00:00,-0.0011780466,-0.002421335782855749,-0.0008158958321436054,-0.0013031942071393132,-0.004078638981023026
2024-04-01 15:00:00+00:00,0.0016663108,-0.0024152828846126795,0.0008198917196141318,-0.001303350436501205,-0.0007569207121756758
2024-04-01 16:00:00+00:00,0.0005838602,-0.0024105266202241182,0.0008772432278511994,-0.0013041519559919834,-0.002074137376249452
2024-04-01 17:00:00+00:00,6.0980656e-05,-0.0024050786159932613,0.0002735593517462699,-0.0013013392454013228,-0.0026078435011481797
2024-04-01 18:00:00+00:00,-9.5828414e-05,-0.0023959223181009293,0.00019281743041939397,-0.0013024051440879703,-0.0027947201168408795
2024-04-02 10:00:00+00:00,-0.003036413,-0.0023862095549702644,-0.003033421853265566,-0.0013027290115132928,-0.006011598884497829
2024-04-02 11:00:00+00:00,0.0007512361,-0.002376195043325424,-0.0006243735887169073,-0.0013051271671429276,-0.0014701803165383521
2024-04-02 12:00:00+00:00,0.00061978155,-0.0023664955515414476,0.00042627444007300536,-0.0013044277438893914,-0.0015365112024793054
2024-04-02 13:00:00+00:00,-0.00013090776,-0.0023564177099615335,-3.270175018168874e-05,-0.001303764060139656,-0.002387970307200617
2024-04-02 14:00:00+00:00,0.0004973583,-0.002347709843888879,-0.00028811903098530735,-0.001303519238717854,-0.0017096003132530658
2024-04-02 15:00:00+00:00,-0.00046244793,-0.002340236445888877,-0.0006366867553541242,-0.0013020348269492388,-0.002856134734442423
2024-04-02 16:00:00+00:00,-0.0013012363,-0.002335076918825507,-0.0012256787205617726,-0.001305660349316895,-0.0035826943332452174
2024-04-02 17:00:00+00:00,0.0019643027,-0.002330388640984893,0.0017372400003526603,-0.0013066751416772604,0.00011130028031226141
2024-04-02 18:00:00+00:00,0.0012028661,-0.00232223654165864,0.001966523181207579,-0.0013178460067138076,-0.0008854003792292067
2024-04-03 10:00:00+00:00,0.005039764,-0.00232368684373796,0.004987185925410286,-0.001327967387624085,0.0036375446243514346
2024-04-03 11:00:00+00:00,0.0005718841,-0.0023235518019646406,0.0007756327096089823,-0.001339800888672471,-0.0015031437255351382
2024-04-03 12:00:00+00:00,0.00043302792,-0.0023233823012560606,0.0010336550894160575,-0.0013501824578270316,-0.0017143693322943948
2024-04-03 13:00:00+00:00,0.0017561697,-0.0023198651615530252,0.0011410503844511912,-0.0013597571523860097,-8.529632755108229e-05
2024-04-03 14:00:00+00:00,-0.0020592697,-0.002318368759006262,-0.0016800003057797842,-0.0013681878335773945,-0.004449301049638409
2024-04-03 15:00:00+00:00,-0.00061514205,-0.0023163941223174334,-0.0006322158732009094,-0.001376093365252018,-0.0026241386036463202
2024-04-03 16:00:00+00:00,0.0011346856,-0.002313417149707675,0.0004528772125165303,-0.0013769773067906499,-0.0008574424394873228
2024-04-03 17:00:00+00:00,0.00299941,-0.0023092941846698523,0.003332787362914389,-0.0013836350990459323,0.001111458078731104
2024-04-03 18:00:00+00:00,-0.0010708026,-0.002306037349626422,2.0711281358536633e-05,-0.0013920344645157456,-0.003446904047932544
2024-04-04 10:00:00+00:00,0.00069960573,-0.002301987959071994,-0.00011332615164914662,-0.001398442662321031,-0.0012890517983496779
2024-04-04 11:00:00+00:00,0.0012080423,-0.0022968698758631945,0.0010340603101508898,-0.0014029690064489841,-0.0005970019822059327
2024-04-04 12:00:00+00:00,0.0023859062,-0.0022916749585419893,0.0011164082401369335,-0.001411561155691743,0.0008185813382934062
2024-04-04 13:00:00+00:00,0.00035266543,-0.00228491029702127,0.0008524118668961191,-0.0014192673843353987,-0.001587948614520027
2024-04-04 14:00:00+00:00,4.2999472e-05,-0.0022787500638514757,5.312681695813564e-05,-0.0014280998148024082,-0.001966448659905047
2024-04-04 15:00:00+00:00,-0.00060216093,-0.0022721393033862114,-0.00058736396357663,-0.0014389228308573365,-0.0025784538120340364
2024-04-04 16:00:00+00:00,8.604519e-05,-0.0022657474037259817,-0.00022156011904328197,-0.0014486799482256174,-0.0018735464862389532
2024-04-04 17:00:00+00:00,0.0009374127,-0.002261222107335925,0.0004516565031876396,-0.0014580158749595284,-0.0006109947689351203
2024-04-04 18:00:00+00:00,0.0003781563,-0.002256054198369384,0.0005927001187882894,-0.0014650517841801047,-0.0017210153190667559
2024-04-05 10:00:00+00:00,-0.004806335,-0.002255162224173546,-0.00412405261371858,-0.0014740156475454569,-0.007243980642636462
2024-04-05 11:00:00+00:00,0.00013813825,-0.002252092119306326,-0.0014798924250781422,-0.001484644366428256,-0.001448178073954342
2024-04-05 12:00:00+00:00,-0.0026192395,-0.0022481989581137896,-0.0024158433187579337,-0.0014941715635359287,-0.004572092260315514
2024-04-05 13:00:00+00:00,-8.65606e-05,-0.002244242001324892,-0.0007005138556244026,-0.0015051009831950068,-0.001221332100502011
2024-04-05 14:00:00+00:00,0.0011852289,-0.0022419760935008526,0.0012062521526338297,-0.0015143158379942179,-0.00014798178831757652
2024-04-05 15:00:00+00:00,0.0005618439,-0.0022406645584851503,0.0009147086019047045,-0.0015213553560897708,-0.0006720151803167805
2024-04-05 16:00:00+00:00,-0.0020760715,-0.002239942317828536,-0.0020752766105500467,-0.001517638796940446,-0.003755720422969411
2024-04-05 17:00:00+00:00,0.00190323,-0.0022416075225919485,0.0009402993094450758,-0.001517780707217753,0.0008137276050637458
2024-04-05 18:00:00+00:00,-0.0009684645,-0.0022434319835156202,-0.00030296860256678166,-0.0015199328772723675,-0.0025112469961498197
2024-04-08 10:00:00+00:00,0.005598921,-0.0022490674164146185,0.005246687928745701,-0.0015217541949823499,0.004914615854176389
2024-04-08 11:00:00+00:00,0.0010575961,-0.0022555848117917776,0.002691051243655308,-0.0015221771318465471,-0.0004741498997680735
2024-04-08 12:00:00+00:00,0.00087618333,-0.0022609431762248278,0.0008707485137824597,-0.0015229246346279979,-0.0007134122081566185
2024-04-08 13:00:00+00:00,-0.00027479843,-0.0022649122402071953,-8.586708642106103e-05,-0.0015220621135085821,-0.0020673354814428136
2024-04-08 14:00:00+00:00,-0.0015643537,-0.002268714364618063,-0.001504526926459245,-0.0015227855183184147,-0.003345676589693253
2024-04-08 15:00:00+00:00,-1.7204302e-05,-0.002273167483508587,-0.0002659823552833922,-0.0015269359573721886,-0.001568726263535446
2024-04-08 16:00:00+00:00,-0.00041299206,-0.002276672748848796,-0.00037407321744426354,-0.0015335134230554104,-0.0020561106688898566
2024-04-08 17:00:00+00:00,0.0011611057,-0.0022789309732615948,0.0011585824961465338,-0.0015381121775135398,-0.00030343265376551163
2024-04-08 18:00:00+00:00,-0.0009115693,-0.0022811980452388525,-0.00019377421387210125,-0.0015429055783897638,-0.002448983938506788
2024-04-09 10:00:00+00:00,0.0034183958,-0.0022834870032966137,0.00222878233919688,-0.001546689891256392,0.0024401767922050148
2024-04-09 11:00:00+00:00,0.0019016786,-0.002287177834659815,0.0014266733266903274,-0.0015542948385700583,0.0007796775589360896
2024-04-09 12:00:00+00:00,-0.0020817546,-0.002290295669808984,-0.0013425523467386583,-0.0015618647448718548,-0.003752616000301032
2024-04-09 13:00:00+00:00,0.00096003024,-0.0022943804506212473,0.00022530309775903225,-0.0015701648080721498,-8.002201610844413e-05
2024-04-09 14:00:00+00:00,-0.0037252624,-0.0022975958418101072,-0.002752726671949543,-0.001576476963236928,-0.0056040469102357025
2024-04-09 15:00:00+00:00,-0.0013768773,-0.0023037095088511705,-0.0023663066108874317,-0.0015826760791242123,-0.0027171907876840677
2024-04-09 16:00:00+00:00,0.001909908,-0.0023075840435922146,0.0011443332059643794,-0.0015843850560486317,0.0010787399390115254
2024-04-09 17:00:00+00:00,-0.0012126269,-0.002311895601451397,-0.0003172909874067546,-0.0015863794833421707,-0.0024882952199324435
2024-04-09 18:00:00+00:00,-0.0031200198,-0.002316907048225403,-0.003131199006237759,-0.0015848425682634115,-0.004713363651523606
2024-04-10 10:00:00+00:00,-0.0041001034,-0.0023275399580597878,-0.0032386643335170517,-0.001581565011292696,-0.005697073921729434
2024-04-10 11:00:00+00:00,0.0024759131,-0.0023342352360486984,0.001680731702543516,-0.0015781576512381434,0.0017506069705255107
2024-04-10 12:00:00+00:00,0.0017450353,-0.0023398231714963913,0.001788644028160441,-0.0015735168708488345,0.0008422089621062633
2024-04-10 13:00:00+00:00,0.002766802,-0.002347846981137991,0.0019175515389845783,-0.0015696430345997214,0.002022433297558601
2024-04-10 14:00:00+00:00,-0.00062853826,-0.002357116434723139,-0.00013062759933546648,-0.0015655047027394176,-0.0019437624097375119
2024-04-10 15:00:00+00:00,-0.0030449564,-0.002366843167692423,-0.001477051496692657,-0.0015614652074873447,-0.004625280641182707
2024-04-10 16:00:00+00:00,0.0005441143,-0.002375878393650055,-0.00034487565711224333,-0.001558929681777954,-0.0006101928748287774
2024-04-10 17:00:00+00:00,-0.00058731064,-0.002383399521932006,-8.070120952692446e-05,-0.0015536453574895859,-0.0018619164122538135
2024-04-10 18:00:00+00:00,0.0016487765,-0.00239005871117115,0.0008186696298911108,-0.0015528601361438632,0.0007064812476468424
2024-04-11 10:00:00+00:00,-0.0017783768,-0.0023996734526008368,-0.00038305914290324213,-0.0015516756102442741,-0.0032282668649663915
2024-04-11 11:00:00+00:00,-0.0011239065,-0.002405196661129594,-0.0008748934022577129,-0.0015514172846451402,-0.0022768860319096204
2024-04-11 12:00:00+00:00,-0.0005191524,-0.002406853949651122,-0.0005775149293010728,-0.001551529741846025,-0.0016514033661018668
2024-04-11 13:00:00+00:00,0.00072673796,-0.00240622041746974,0.0005627588271138219,-0.0015496640698984265,-0.0003235915006203099
2024-04-11 14:00:00+00:00,-9.513801e-05,-0.0024053521919995546,8.118330010697472e-05,-0.001547843567095697,-0.0012097377688642741
2024-04-11 15:00:00+00:00,0.0023843679,-0.0024046613834798336,0.0010921614093832572,-0.001547410269267857,0.0014903598435205036
2024-04-11 16:00:00+00:00,0.0030413098,-0.002402246231213212,0.002365870418708315,-0.0015345565043389797,0.00229808135857276
2024-04-11 17:00:00+00:00,-0.0005421057,-0.002407879801467061,7.449205773047711e-05,-0.0015349084278568625,-0.0018684969600162877
2024-04-11 18:00:00+00:00,0.00046468002,-0.002417013980448246,0.0004764094240632971,-0.0015338464872911572,-0.0007079982796683922
2024-04-12 10:00:00+00:00,0.0014786543,-0.0024279095232486725,0.0017578579089819525,-0.001532914349809289,0.0005003907322857692
2024-04-12 11:00:00+00:00,-7.7317265e-05,-0.0024350392632186413,0.0006036891900407802,-0.0015339776873588562,-0.0013042281186411554
2024-04-12 12:00:00+00:00,0.00230835,-0.002440720098093152,0.0006224678874373765,-0.0015319592785090208,0.0014841165885451956
2024-04-12 13:00:00+00:00,-0.0008231865,-0.0024462889414280653,-0.0004355652153256009,-0.001530201407149434,-0.00224364187798922
2024-04-12 14:00:00+00:00,-0.00070367544,-0.0024544214829802513,-0.0003635350434707224,-0.0015280286315828562,-0.00208599669234948
2024-04-12 15:00:00+00:00,-0.0010392556,-0.002460784511640668,-0.0009935045151646886,-0.0015245319809764624,-0.0024562733444269133
2024-04-12 16:00:00+00:00,0.002686109,-0.002466148929670453,0.0015579322335014065,-0.0015205962117761374,0.0017337752594153064
2024-04-12 17:00:00+00:00,0.0013617504,-0.0024716476909816265,0.0014251659300155654,-0.001515532610937953,8.415172944269632e-05
2024-04-12 18:00:00+00:00,-0.002467931,-0.0024775932542979717,-0.0020963290687344253,-0.0015114137204363942,-0.004395108399658766
2024-04-15 10:00:00+00:00,-0.0018635492,-0.0024866985622793436,-0.0018963785623201115,-0.0015096651623025537,-0.0034780052755806557
2024-04-15 11:00:00+00:00,0.0030639987,-0.002493681851774454,0.001155536332684256,-0.001509198802523315,0.0023063992524121548
2024-04-15 12:00:00+00:00,0.0010106894,-0.0024993361439555883,0.0013976019616830874,-0.0015077701536938548,-0.0001300958151229034
2024-04-15 13:00:00+00:00,0.0005135184,-0.00250663748010993,0.0005304830878322503,-0.0015067232307046652,-0.000758083176585818
2024-04-15 14:00:00+00:00,-0.00028240247,-0.002514040097594261,-0.0007369185952104583,-0.0015053438255563378,-0.0016181763084472578
2024-04-15 15:00:00+00:00,-0.0007448981,-0.00252129090949893,-0.0011732773074539231,-0.0015041310107335448,-0.002143290954644869
2024-04-15 16:00:00+00:00,0.0010615258,-0.002526094438508153,0.00090036327106711,-0.0014907000586390495,-0.00020880271689740918
2024-04-15 17:00:00+00:00,0.00055599515,-0.002533061197027564,0.0008285192090930914,-0.001487932400777936,-0.0007640604197774192
2024-04-15 18:00:00+00:00,-0.0021229975,-0.0025401709135621786,-0.001398413608580371,-0.0014868498547002673,-0.0036312371271429826
2024-04-16 10:00:00+00:00,-0.0036057113,-0.0025486054364591837,-0.0036457066663246134,-0.0014853024622425437,-0.005306808251795055
2024-04-16 11:00:00+00:00,-0.0014889984,-0.0025555810425430536,-0.003100310251839905,-0.0014848487917333841,-0.002838074640830952
2024-04-16 12:00:00+00:00,0.0005769272,-0.002559670014306903,0.0005371671630265951,-0.0014846059493720531,-0.0005446358465370262
2024-04-16 13:00:00+00:00,0.00010329511,-0.0025612572208046913,0.00016256044523652765,-0.0014848688151687384,-0.001010682404191968
2024-04-16 14:00:00+00:00,-0.0042092977,-0.0025637804064899683,-0.003863667475106775,-0.0014882157556712627,-0.005804812670583482
2024-04-16 15:00:00+00:00,0.0011575975,-0.0025639713276177645,0.00044590867402076397,-0.001491675851866603,0.000400089938633154
2024-04-16 16:00:00+00:00,0.00014676365,-0.002564238617196679,0.00034139852085646795,-0.0014929288299754262,-0.0008513478138501778
2024-04-16 17:00:00+00:00,-0.001935557,-0.0025633014738559723,-0.0014773364475317422,-0.001492209266871214,-0.003333185305837513
2024-04-16 18:00:00+00:00,-0.0006142852,-0.0025625976268202066,-0.0016004533710457392,-0.001490164315328002,-0.001813552669726432
2024-04-17 10:00:00+00:00,0.0027138465,-0.0025659974198788404,0.0022827416099236667,-0.001488406676799059,0.002202170034440262
2024-04-17 11:00:00+00:00,-0.0033285094,-0.00256668240763247,-0.003001147237909147,-0.0014869647566229105,-0.004665471947971737
2024-04-17 12:00:00+00:00,-0.0021499605,-0.002568339230492711,-0.0022211081213783,-0.001485091750510037,-0.0033543278304675062
2024-04-17 13:00:00+00:00,0.0025222662,-0.0025686784647405148,0.0019137692554257334,-0.0014827140839770436,0.00175206841477453
2024-04-17 14:00:00+00:00,-0.0018802617,-0.002568542491644621,-0.0005923006849694856,-0.0014788934495300055,-0.0031805481562861997
2024-04-17 15:00:00+00:00,0.0006242576,-0.0025691380724310875,0.0006303411088191515,-0.0014736381126567721,-0.0004902340775011649
2024-04-17 16:00:00+00:00,0.0011607762,-0.002570666838437319,0.0012738445131521134,-0.0014684366760775447,6.149686816784455e-05
2024-04-17 17:00:00+00:00,0.0012977801,-0.0025720582343637943,0.0012354215408412403,-0.0014621482696384192,0.00018360015953090857
2024-04-17 18:00:00+00:00,-0.0019819553,-0.002572389552369714,-0.0011257373824836046,-0.0014575030654668808,-0.003300782075245776
2024-04-18 10:00:00+00:00,-0.002211613,-0.002573413774371147,-0.0012799081155475507,-0.0014521045377478004,-0.003497594599422938
2024-04-18 11:00:00+00:00,0.0019776737,-0.002572002587839961,0.0015941856454052216,-0.001447157934308052,0.0010368447660982218
2024-04-18 12:00:00+00:00,0.00041585445,-0.0025708565954118967,0.0008909076521630327,-0.001442063832655549,-0.000804095791285692
2024-04-18 13:00:00+00:00,-0.0019247782,-0.002570684999227524,-0.0015910318023418097,-0.0014389310963451862,-0.003294200283353863
2024-04-18 14:00:00+00:00,0.0009108298,-0.0025687103625386953,2.3749830002414162e-05,-0.0014365165261551738,-0.00011154546807573334
2024-04-18 15:00:00+00:00,0.002891802,-0.0025652050971984863,0.0030977964050986546,-0.0014351754216477275,0.002071340362788756
2024-04-18 16:00:00+00:00,0.00089873665,-0.00256554177030921,0.0014504182322962302,-0.0014223072212189436,-0.0005492114853119162
2024-04-18 17:00:00+00:00,0.0005095013,-0.0025677387602627277,0.0005193461554764169,-0.0014232576359063387,-0.000825868860635831
2024-04-18 18:00:00+00:00,0.0019923332,-0.0025695967487990856,0.001195800734747098,-0.001426443923264742,0.0010468848363415207
2024-04-19 10:00:00+00:00,0.0035092584,-0.002571586985141039,0.002963788764281464,-0.0014274513814598322,0.002439065166777716
2024-04-19 11:00:00+00:00,-8.586087e-06,-0.002572548110038042,0.0012244266793444694,-0.0014279138995334506,-0.0018515606665675311
2024-04-19 12:00:00+00:00,0.0009954947,-0.0025720016565173864,0.0006528448432241945,-0.0014285147190093994,-0.0005983596753686483
2024-04-19 13:00:00+00:00,0.0018253576,-0.002571810968220234,0.0011809315150811922,-0.0014281520852819085,0.0005518432505331704
2024-04-19 14:00:00+00:00,0.0004964691,-0.00257099443115294,0.0007040841987656969,-0.0014284861972555518,-0.0010597792457643558
2024-04-19 15:00:00+00:00,0.0034683992,-0.0025699560064822435,0.0010109811064677899,-0.0014278594171628356,0.0020876807886509256
2024-04-19 16:00:00+00:00,0.0005712167,-0.0025702202692627907,0.0002941454101435702,-0.0014160125283524394,-0.0015140442652529613
2024-04-19 17:00:00+00:00,0.0011840218,-0.002569882431998849,0.0011044119652276123,-0.0014149020425975323,-0.0005184925438512765
2024-04-19 18:00:00+00:00,-0.0008346322,-0.002568944124504924,-9.176511730444186e-05,-0.001414996455423534,-0.002989572525123457
2024-04-22 10:00:00+00:00,0.00013631406,-0.0025668111629784107,0.00023368408235780645,-0.001416324987076223,-0.0019883450614658817
2024-04-22 11:00:00+00:00,-0.00067323144,-0.002564338967204094,-0.00048523615105599784,-0.0014183109160512686,-0.0026964564626427504
2024-04-22 12:00:00+00:00,1.7049426e-05,-0.002562439301982522,1.3934142441544175e-05,-0.0014215778792276978,-0.001691919130021175
2024-04-22 13:00:00+00:00,0.00032388387,-0.002559462795034051,0.00035249430438298937,-0.0014251195825636387,-0.0014512329320998936
2024-04-22 14:00:00+00:00,-0.0018594976,-0.0025568408891558647,-0.000604181211169486,-0.0014277114532887936,-0.0038751084643338044
2024-04-22 15:00:00+00:00,-0.00017930864,-0.002554365899413824,-0.0004924234294740904,-0.0014296239241957664,-0.001884340038493303
2024-04-22 16:00:00+00:00,4.269545e-05,-0.002555618993937969,-0.00016419100299989363,-0.0014226030325517058,-0.0015353764265091338
2024-04-22 17:00:00+00:00,0.0011009128,-0.0025570939760655165,0.0008809338758584208,-0.0014229059452190995,-0.0003104852482069356
2024-04-22 18:00:00+00:00,0.0015085852,-0.0025578001514077187,0.001557285968756982,-0.0014230347005650401,0.00010629346900350328
2024-04-23 10:00:00+00:00,0.0002810101,-0.0025587715208530426,5.055704939147242e-05,-0.0014239914016798139,-0.0012940217244945922
2024-04-23 11:00:00+00:00,0.000978661,-0.002562024397775531,6.542612199776553e-05,-0.0014240412274375558,-0.0006769844434451723
2024-04-23 12:00:00+00:00,-0.003835014,-0.002563823014497757,-0.003689282244808015,-0.0014253007248044014,-0.006250695906939599
2024-04-23 13:00:00+00:00,-0.00030743744,-0.00256799953058362,-0.00044913837120015413,-0.001426842762157321,-0.001840192783758386
2024-04-23 14:00:00+00:00,0.0013400766,-0.002568087773397565,0.0017705356202970966,-0.0014297518646344543,-3.188148405113564e-05
2024-04-23 15:00:00+00:00,-0.0056198426,-0.002566609298810363,-0.004316491169495429,-0.0014354116283357143,-0.007930041324704628
2024-04-23 16:00:00+00:00,0.00023157579,-0.002565971575677395,-0.0003453738335501742,-0.001427124603651464,-0.0012175536722805185
2024-04-23 17:00:00+00:00,0.0024753653,-0.0025627193972468376,0.0022418540390611048,-0.0014269661623984575,0.001669385310883662
2024-04-23 18:00:00+00:00,-0.0046732062,-0.002561494940891862,-0.004682226406289245,-0.001428069663234055,-0.00676505196974902
2024-04-24 10:00:00+00:00,0.0066986145,-0.0025606348644942045,0.0039055456116366943,-0.0014279946917667985,0.006365789263953104
2024-04-24 11:00:00+00:00,-0.002401885,-0.0025582662783563137,0.000404341199040656,-0.0014288935344666243,-0.004332505270216474
2024-04-24 12:00:00+00:00,0.0007442609,-0.0025577768683433533,3.785408850773949e-05,-0.0014282123884186149,-0.0007192491494502118
2024-04-24 13:00:00+00:00,-0.00078705134,-0.0025588837452232838,-0.00017282608331510322,-0.0014254942070692778,-0.002433963260297544
2024-04-24 14:00:00+00:00,0.0026922289,-0.0025608676951378584,0.0017031390336151376,-0.0014218512224033475,0.0015926789192505107
2024-04-24 15:00:00+00:00,-0.0020163537,-0.0025617957580834627,9.318470859367013e-05,-0.0014164975145831704,-0.0036066823575744275
2024-04-24 16:00:00+00:00,0.0035600443,-0.0025625256821513176,0.0027098012531357003,-0.0014092226047068834,0.0025179808711065644
2024-04-24 17:00:00+00:00,-0.0022438273,-0.002565826987847686,0.00029830842626663603,-0.0014005961129441857,-0.004064175063569411
2024-04-24 18:00:00+00:00,0.00023058693,-0.002571346238255501,-3.665561778304483e-05,-0.0013927974505349994,-0.0014295485567471706
2024-04-25 10:00:00+00:00,0.0012971277,-0.002575658028945327,0.00024531865016430923,-0.0013844291679561138,-0.00013712421004489052
2024-04-25 11:00:00+00:00,0.0014146805,-0.002581225009635091,0.0011647842567521734,-0.0013782893074676394,-0.0001911690278830671
2024-04-25 12:00:00+00:00,-0.0010906613,-0.0025874697603285313,-0.00020653665800082855,-0.00137330440338701,-0.0028402361759381576
2024-04-25 13:00:00+00:00,0.0017547002,-0.0025929564144462347,0.0011514330580093375,-0.0013712879735976458,0.00026879342148366354
2024-04-25 14:00:00+00:00,-0.00091103767,-0.0025970619171857834,0.00023667341581240433,-0.0013692287029698491,-0.0027980552759766745
2024-04-25 15:00:00+00:00,0.0007748605,-0.0026013152673840523,0.00016287130894429447,-0.0013682337012141943,-0.0006995828587084554
2024-04-25 16:00:00+00:00,0.00028935433,-0.0026068228762596846,0.000370180583092319,-0.0013544907560572028,-0.0014504580293295906
2024-04-25 17:00:00+00:00,0.0015814581,-0.002609275048598647,0.0013892934008307959,-0.001352038816548884,0.00046817901040584545
2024-04-25 18:00:00+00:00,0.0013838483,-0.0026119831018149853,0.0013618304851972366,-0.001349707948975265,-4.2463151945937565e-05
2024-04-26 10:00:00+00:00,0.0010260368,-0.0026181235443800688,0.0004652253000192233,-0.0013457535533234477,-0.000437088529127631
2024-04-26 11:00:00+00:00,0.00083023414,-0.0026212416123598814,0.0009258415428721036,-0.0013441437622532248,-0.0006833034805869824
2024-04-26 12:00:00+00:00,0.001176396,-0.0026258297730237246,0.001377850982029732,-0.001340801129117608,-0.000574419854861549
2024-04-26 13:00:00+00:00,-0.00048223964,-0.0026285958010703325,-0.000990949585444132,-0.0013366148341447115,-0.0024023518566121645
2024-04-26 14:00:00+00:00,0.001192485,-0.0026308023370802402,-2.4752534795159068e-05,-0.0013309770729392767,-0.0005369825826645257
2024-04-26 15:00:00+00:00,0.001418979,-0.002632795600220561,0.0014247869898554634,-0.0013231454649940133,-0.0002561386297578101
2024-04-26 16:00:00+00:00,0.00094486866,-0.002634870819747448,0.0011286330905571618,-0.0013178858207538724,-0.0007922367194671948
2024-04-26 17:00:00+00:00,0.0026947157,-0.0026370296254754066,0.0008868466478522192,-0.0013129254803061485,0.0012591450535495478
2024-04-26 18:00:00+00:00,-0.0019529448,-0.002639199374243617,-0.0014153340652069296,-0.0013102850643917918,-0.00430793740134709
2024-04-27 10:00:00+00:00,-0.00085139746,-0.0026450548321008682,-0.000636737784470573,-0.0013040389167144895,-0.00291398225896943
2024-04-27 11:00:00+00:00,0.0017189084,-0.0026478986255824566,0.0008833655793449903,-0.0013001596089452505,0.0002190728671533147
2024-04-27 12:00:00+00:00,-0.0015418255,-0.0026501785032451153,-0.0005399032516851882,-0.0012994050048291683,-0.0034650273954229486
2024-04-27 13:00:00+00:00,0.00014332989,-0.002651036949828267,-0.00038757532998387527,-0.0012995977886021137,-0.0015755046388806146
2024-04-27 14:00:00+00:00,-0.00043848556,-0.0026502676773816347,-0.0006071729277928928,-0.0013012491399422288,-0.00205317417456037
2024-04-27 15:00:00+00:00,-0.002736442,-0.0026475065387785435,-0.0021442594203876834,-0.0013048779219388962,-0.004804421564077352
2024-04-27 16:00:00+00:00,-0.0014387883,-0.0026460366789251566,-0.0014472022980369524,-0.0013074047164991498,-0.0030262984028737836
2024-04-27 17:00:00+00:00,0.0019968194,-0.0026464778929948807,0.0011244795627862079,-0.001307391794398427,0.0009586558654642889
2024-04-27 18:00:00+00:00,-0.0006848997,-0.0026452220045030117,-0.0006676194863933627,-0.001307802740484476,-0.0020291329458525503
2024-04-29 10:00:00+00:00,-0.00250684,-0.0026474413461983204,-0.0005595532760554847,-0.0013064135564491153,-0.004371272829824658
2024-04-29 11:00:00+00:00,-0.003686969,-0.0026469151489436626,-0.0030138587209002036,-0.0013072737492620945,-0.005443653179420655
2024-04-29 12:00:00+00:00,0.002032063,-0.002646228764206171,0.0010191692093100093,-0.0013081298675388098,0.0011962571153850336
2024-04-29 13:00:00+00:00,0.0006707791,-0.002643682062625885,0.0009126836767482878,-0.0013105844845995307,-0.00030033559493841005
2024-04-29 14:00:00+00:00,-0.0020562152,-0.002641461556777358,-0.0009398313248918944,-0.0013137401547282934,-0.003805233007085165
2024-04-29 15:00:00+00:00,0.00027213892,-0.0026410825084894896,-0.0001016670911126565,-0.0013169206213206053,-0.0008799589037543588
2024-04-29 16:00:00+00:00,0.0024628881,-0.002639480633661151,0.0016621139409247775,-0.0013196173822507262,0.0014481592063993933
2024-04-29 17:00:00+00:00,-0.00031389316,-0.0026380913332104683,0.0004886146414628661,-0.001322545693255961,-0.0018508522866727641
2024-04-29 18:00:00+00:00,-0.0009677502,-0.002636075485497713,-0.0007990338596646869,-0.001325411256402731,-0.0024555003252292257
2024-04-30 10:00:00+00:00,-0.0024745646,-0.0026368258986622095,-0.002525700896159964,-0.0013285226887091994,-0.004059744733825114
2024-04-30 11:00:00+00:00,-0.0029331786,-0.0026376310270279646,-0.0021288669153174565,-0.001331206294707954,-0.00467565823013143
2024-04-30 12:00:00+00:00,0.0017404811,-0.002635134384036064,0.0015708622045134434,-0.001333408523350954,0.0007827478504475278
2024-04-30 13:00:00+00:00,-0.00061394164,-0.0026338768657296896,-5.8890552869276754e-05,-0.00133424811065197,-0.0022493058631687904
2024-04-30 14:00:00+00:00,-0.00085332245,-0.0026310028042644262,-0.0008895946803391401,-0.001333628548309207,-0.002250134104779796
2024-04-30 15:00:00+00:00,-0.0006148434,-0.002627698238939047,-0.0015160356236702795,-0.0013312267838045955,-0.001995991556018606
2024-04-30 16:00:00+00:00,0.003155599,-0.0026233382523059845,0.003190251787384865,-0.0013329604407772422,0.0023287686916579247
2024-04-30 17:00:00+00:00,0.0013785125,-0.0026182353030890226,0.0017368660908125561,-0.001330956001766026,0.0002618717867140109
2024-04-30 18:00:00+00:00,-0.001114576,-0.0026133714709430933,-0.0003840145652341187,-0.0013295289827510715,-0.0025165061142198497
2024-05-02 10:00:00+00:00,0.009851879,-0.0026111917104572058,0.005667081655559111,-0.0013205407885834575,0.010109676262774559
2024-05-02 11:00:00+00:00,0.002155627,-0.0026123737916350365,0.002153572736560202,-0.0013148098951205611,0.0006468479705971258
2024-05-02 12:00:00+00:00,0.00039525525,-0.0026127290911972523,0.000690007938961392,-0.0013119763461872935,-0.0014348770177715594
2024-05-02 13:00:00+00:00,-0.001118893,-0.0026135349180549383,-0.0006956638188803873,-0.001310967025347054,-0.0030674686762882956
2024-05-02 14:00:00+00:00,-0.00022729664,-0.00261313677765429,-0.0003427427907153376,-0.0013111202279105783,-0.002133959887369997
2024-05-02 15:00:00+00:00,-0.003998757,-0.0026114098727703094,-0.002069069502635598,-0.0013146793935447931,-0.006194985825770815
2024-05-02 16:00:00+00:00,-0.004719488,-0.002608419628813863,-0.0034212257646089937,-0.0013159989612177014,-0.007048562639032791
2024-05-02 17:00:00+00:00,-0.00052670925,-0.002603823086246848,-0.0007720600268122506,-0.001318683149293065,-0.00204736548754983
2024-05-02 18:00:00+00:00,0.0009767408,-0.002599602099508047,0.0004669785789682831,-0.001319743343628943,-0.0004970281613947928
2024-05-03 10:00:00+00:00,-4.2447165e-05,-0.0025975017342716455,0.0002466694743682371,-0.0013218167005106807,-0.001547479749183585
2024-05-03 11:00:00+00:00,-0.00032265735,-0.0025954470038414,-0.0002813491132230299,-0.0013250584015622735,-0.0018615154326662169
2024-05-03 12:00:00+00:00,0.0020869395,-0.0025903445202857256,0.000224040492766667,-0.0013296341057866812,0.0011258718909750048
2024-05-03 13:00:00+00:00,0.0014904268,-0.0025854939594864845,0.0007296470466214055,-0.0013350190129131079,0.0004957449250525066
2024-05-03 14:00:00+00:00,-0.00030467936,-0.002580377971753478,1.1137312234804227e-05,-0.0013407905353233218,-0.0017936597770810477
2024-05-03 15:00:00+00:00,0.0027809846,-0.0025748012121766806,0.0013231852010714227,-0.0013456621672958136,0.0016454723923203017
2024-05-03 16:00:00+00:00,0.0019058709,-0.0025684095453470945,0.0021424695976626777,-0.0013519239146262407,0.0007019000195536435
2024-05-03 17:00:00+00:00,-0.0011211567,-0.0025668989401310682,-0.0005440528716559545,-0.001356493216007948,-0.0027832076153059167
2024-05-03 18:00:00+00:00,-0.0007847141,-0.002566136186942458,-0.0013290503750541082,-0.0013628666056320071,-0.0027400756892271717
2024-05-06 10:00:00+00:00,-0.0010979453,-0.0025687653105705976,-0.0005375945285366772,-0.0013652025954797864,-0.0031982559033797184
2024-05-06 11:00:00+00:00,-0.0011414513,-0.002572676632553339,-0.0006372889016013011,-0.001370126730762422,-0.0031514276260601725
2024-05-06 12:00:00+00:00,-0.00090563233,-0.0025748026091605425,-0.0010358051520501163,-0.0013735393295064569,-0.002978691512516422
2024-05-06 13:00:00+00:00,0.004174313,-0.0025779996067285538,0.003247958122070292,-0.0013767961645498872,0.00302433965915548
2024-05-06 14:00:00+00:00,0.0034597304,-0.0025794857647269964,0.0029387858531598845,-0.0013791611418128014,0.0019913323279054885
2024-05-06 15:00:00+00:00,-0.0030719147,-0.002579973777756095,-0.0023156794988659656,-0.0013830889947712421,-0.005471824451130572
2024-05-06 16:00:00+00:00,-0.00042154608,-0.002582709537819028,-0.000993829568933794,-0.0013793762773275375,-0.0023252717090520426
2024-05-06 17:00:00+00:00,0.002669599,-0.002584911650046706,0.0017945485295218471,-0.0013822256587445736,0.0013230750642669006
2024-05-06 18:00:00+00:00,-0.0023829283,-0.0025854327250272036,-0.0009075146581237794,-0.001386928022839129,-0.004379482077679687
2024-05-07 10:00:00+00:00,-0.0023041193,-0.0025890979450196028,-0.001909102291648896,-0.0013915013987571,-0.004604303262789308
2024-05-07 11:00:00+00:00,0.00013518652,-0.0025912828277796507,-2.7100673642873503e-05,-0.0013945717364549637,-0.0014525535532479402
2024-05-07 12:00:00+00:00,-0.00094668963,-0.0025931617710739374,-0.0003754005965764465,-0.0013978914357721806,-0.0027885376562954405
2024-05-07 13:00:00+00:00,0.00013529626,-0.0025960211642086506,-0.00013571927717226498,-0.0014002665411680937,-0.0014559629219869843
2024-05-07 14:00:00+00:00,0.00015218642,-0.002599627710878849,0.00014730347544199092,-0.00140283047221601,-0.00139727263121845
2024-05-07 15:00:00+00:00,-0.00095577637,-0.002600200241431594,-0.0007679334197608641,-0.0014072334161028266,-0.0027816469525326687
2024-05-07 16:00:00+00:00,-6.7700224e-05,-0.0026003713719546795,-0.00019017252607527192,-0.0014024268602952361,-0.0017097735660027678
2024-05-07 17:00:00+00:00,0.0012432606,-0.002600964857265353,0.0003935768287746678,-0.0014046623837202787,-0.00040324549069116976
2024-05-07 18:00:00+00:00,0.00159621,-0.00260254112072289,0.0015665064966783394,-0.0014081753324717283,-0.0001649920350016321
2024-05-08 10:00:00+00:00,-0.0041690157,-0.002606828697025776,-0.002107116433428276,-0.0014074144419282675,-0.006693730116815108
2024-05-08 11:00:00+00:00,-0.00027120713,-0.0026108985766768456,-0.000580774593055091,-0.0014097107341513038,-0.0020355598640397054
2024-05-08 12:00:00+00:00,-0.0014250454,-0.002614673925563693,-0.0007558945679279426,-0.0014113923534750938,-0.003392661063476604
2024-05-08 13:00:00+00:00,-0.002745538,-0.002617619698867202,-0.002951427960848956,-0.0014125494053587317,-0.0048517050005538655
2024-05-08 14:00:00+00:00,0.001530951,-0.002623717999085784,0.0003929226536630095,-0.0014129562769085169,0.0002343448021546355
2024-05-08 15:00:00+00:00,-0.00028900013,-0.0026245606131851673,0.00019625187890706146,-0.0014114034129306674,-0.0018825393556948864
2024-05-08 16:00:00+00:00,0.0009431919,-0.002627599984407425,0.0006418472870768358,-0.0014006756246089935,-0.0007249075326344399
2024-05-08 17:00:00+00:00,-0.0019042928,-0.0026311317924410105,-0.0019438962471086695,-0.0013979958603158593,-0.003833635933723994
2024-05-08 18:00:00+00:00,0.000961101,-0.002638690872117877,4.348041411794295e-05,-0.0013965279795229435,-0.0007452809229872084
2024-05-10 10:00:00+00:00,0.0029286325,-0.0026482539251446724,0.0038498844794945092,-0.0013956523034721613,0.0015460412486880829
2024-05-10 11:00:00+00:00,-0.0018240826,-0.0026550255715847015,-0.0005472257705349951,-0.0013951885048300028,-0.004073587770054887
2024-05-10 12:00:00+00:00,-0.00011889294,-0.002664585132151842,-0.0007586936460333828,-0.0013956503244116902,-0.0018946531031780811
2024-05-10 13:00:00+00:00,0.00043304195,-0.002673844341188669,0.00014766057384234398,-0.0013963538222014904,-0.001559644384881469
2024-05-10 14:00:00+00:00,-0.00014432648,-0.0026827757246792316,0.00029406683230145443,-0.001395907369442284,-0.0023399956233543773
2024-05-10 15:00:00+00:00,-0.0016314881,-0.002690039575099945,-0.0013271363908046072,-0.0013960328651592135,-0.003922963471278185
2024-05-10 16:00:00+00:00,0.0016824292,-0.0026992675848305225,0.0003815076888179964,-0.0013962078373879194,-0.00011309625801140654
2024-05-10 17:00:00+00:00,0.00038197584,-0.0027095209807157516,0.0007741100900420702,-0.001396374311298132,-0.001696190595147883
2024-05-10 18:00:00+00:00,-0.0002461455,-0.002719160635024309,-0.00023406133687480882,-0.0013976793270558119,-0.0023487398779621265
2024-05-13 10:00:00+00:00,0.008166761,-0.002729996107518673,0.007243215542741573,-0.0013986503472551703,0.007592217702700231
2024-05-13 11:00:00+00:00,0.0017665917,-0.0027380904648452997,0.0021979677200525565,-0.0014004609547555447,-0.00033241259192057747
2024-05-13 12:00:00+00:00,0.002761401,-0.0027444008737802505,0.002649538054061618,-0.0014028403675183654,0.0006702240736539689
2024-05-13 13:00:00+00:00,-0.0008469141,-0.002749031875282526,-0.000218120173524169,-0.001403170172125101,-0.0037518443658002562
2024-05-13 14:00:00+00:00,-0.0020405685,-0.0027507785707712173,-0.0016983748849564435,-0.0014039423549547791,-0.004741180785296106
2024-05-13 15:00:00+00:00,-0.0003951589,-0.0027530579827725887,-0.0004760141543205711,-0.0014042670372873545,-0.0029000629163019407
2024-05-13 16:00:00+00:00,0.00071453495,-0.0027526060584932566,9.183464586765659e-05,-0.0014036912471055984,-0.001777496282161144
2024-05-13 17:00:00+00:00,0.002232781,-0.002749447710812092,0.0017585823571354688,-0.0014059979002922773,-0.00015280450813283516
2024-05-13 18:00:00+00:00,0.0006621601,-0.0027450553607195616,0.000869423318159595,-0.0014054967323318124,-0.0018279475484600208
2024-05-14 10:00:00+00:00,0.00068684196,-0.0027398057281970978,5.852691412516444e-05,-0.0014040222158655524,-0.0017885160764756496
2024-05-14 11:00:00+00:00,-0.0030273194,-0.002732539549469948,-0.001994012974365406,-0.0014029137091711164,-0.006104870509651314
2024-05-14 12:00:00+00:00,0.001946587,-0.0027283853851258755,0.0005110485628319614,-0.0014001528033986688,-0.00015440342552122633
2024-05-14 13:00:00+00:00,-0.00091408833,-0.0027216041926294565,-0.00031218278683319743,-0.0013977892231196165,-0.003456110857285881
2024-05-14 14:00:00+00:00,0.0028819912,-0.002713443012908101,0.001325636774175174,-0.0013926075771450996,0.0009524930505112579
2024-05-14 15:00:00+00:00,0.00069412217,-0.002700811717659235,0.0009018361538303396,-0.0013886431697756052,-0.0017407738453906313
2024-05-14 16:00:00+00:00,-0.00020902224,-0.0026881108060479164,0.0002808725626341598,-0.0013710400089621544,-0.002987663648586625
2024-05-14 17:00:00+00:00,-0.0017072563,-0.0026792697608470917,-0.0014732090502570796,-0.0013607052387669683,-0.004446598222928055
2024-05-14 18:00:00+00:00,0.0006280066,-0.0026718650478869677,0.0003634442355165501,-0.001352298422716558,-0.001897113939587896
2024-05-15 10:00:00+00:00,0.0022909709,-0.0026692263782024384,0.002026068441485032,-0.0013418130110949278,3.183765901466299e-06
2024-05-15 11:00:00+00:00,-0.0010946634,-0.0026667239144444466,-0.0005080598973212249,-0.0013383598998188972,-0.0038867803345012278
2024-05-15 12:00:00+00:00,0.0013702295,-0.002664031460881233,0.0010107545987987248,-0.001334472675807774,-0.0010128104620297216
2024-05-15 13:00:00+00:00,-0.0005512081,-0.0026583459693938494,0.00044086350707304414,-0.0013318684650585055,-0.003166988023864812
2024-05-15 14:00:00+00:00,0.0015359448,-0.0026505885180085897,0.0018256821698966297,-0.0013313825475052,-0.000760539417179852
2024-05-15 15:00:00+00:00,0.0005670352,-0.002638466889038682,0.0005842024224903136,-0.0013316454133018851,-0.0018467410619175766
2024-05-15 16:00:00+00:00,-0.00023344616,-0.002629749244078994,-0.0008867357827767532,-0.0013258041581138968,-0.0030053835229200943
2024-05-15 17:00:00+00:00,0.0026896622,-0.002623028587549925,0.0021937126053428293,-0.0013266990426927805,0.0005522361788152376
2024-05-15 18:00:00+00:00,-0.0016812322,-0.0026128690224140882,-0.0014163763503939658,-0.001329814549535513,-0.004694839036749995
2024-05-16 10:00:00+00:00,0.003326434,-0.0026067965663969517,0.0019043259641484045,-0.0013267468893900514,0.0013438725459098974
2024-05-16 11:00:00+00:00,-0.0008887376,-0.00260196253657341,9.790722131235497e-05,-0.0013300833525136113,-0.003762137405373112
2024-05-16 12:00:00+00:00,0.002473215,-0.0025999078061431646,0.0024938692191799347,-0.0013375518610700965,0.00028029029599239107
2024-05-16 13:00:00+00:00,0.0010687258,-0.0025918991304934025,0.0016431139208654842,-0.0013416603906080127,-0.0015644128445471608
2024-05-16 14:00:00+00:00,0.00015731277,-0.0025842480827122927,-6.797371216384405e-05,-0.0013462408678606153,-0.0025604255504620603
2024-05-16 15:00:00+00:00,0.0007034648,-0.002578700426965952,0.0005696244898346441,-0.0013502647634595633,-0.001998256789545788
2024-05-16 16:00:00+00:00,0.00014890554,-0.002570568583905697,0.0007251940625967701,-0.0013534039026126266,-0.0026939177141381498
2024-05-16 17:00:00+00:00,-0.0008440914,-0.002560590161010623,-0.0008724821738589416,-0.0013529023854061961,-0.0037093374541252613
2024-05-16 18:00:00+00:00,4.139364e-05,-0.002552158199250698,-0.00016003306704980868,-0.0013536657206714153,-0.0026037248224556526
2024-05-17 10:00:00+00:00,0.002323573,-0.002543870359659195,0.0016752488029373688,-0.0013549415161833167,0.00011245765450784836
2024-05-17 11:00:00+00:00,-0.0010164157,-0.0025356800761073828,-0.00048772677678253284,-0.001357463886961341,-0.004014102808361543
2024-05-17 12:00:00+00:00,4.133786e-05,-0.002528569893911481,-9.540733656805786e-05,-0.0013599066296592355,-0.0027253313625592544
2024-05-17 13:00:00+00:00,0.0007024823,-0.0025204832199960947,0.0005984047635917694,-0.0013633648632094264,-0.0018597480008811641
2024-05-17 14:00:00+00:00,-0.0002726698,-0.002512378850951791,-0.000264146822277274,-0.0013665371807292104,-0.0029012580777733232
2024-05-17 15:00:00+00:00,0.001395616,-0.0025028560776263475,0.0014211781069551706,-0.0013715501409024,-0.0009092452240490572
2024-05-17 16:00:00+00:00,-0.0005365449,-0.0024892750661820173,-0.00016142721375809975,-0.001368233235552907,-0.0032806086088976835
2024-05-17 17:00:00+00:00,0.0016829604,-0.002477897796779871,0.0016658364714738818,-0.0013696695677936077,-0.000525676625696954
2024-05-17 18:00:00+00:00,-0.0010721474,-0.002464834600687027,-0.0016148079675536587,-0.001370715326629579,-0.003938733388567734
2024-05-20 10:00:00+00:00,0.002735822,-0.002457419876009226,0.0013807805210470149,-0.0013676268281415105,0.0007327130169308576
2024-05-20 11:00:00+00:00,-0.0021088887,-0.0024534794501960278,-0.0018936677115369877,-0.0013664766447618604,-0.005126794538853855
2024-05-20 12:00:00+00:00,-0.0025927713,-0.0024496305268257856,-0.0020574761989821627,-0.0013672749046236277,-0.005698344604178722
2024-05-20 13:00:00+00:00,0.0001818783,-0.0024458037223666906,-0.00010470787497328982,-0.0013685537269338965,-0.0023294238100787135
2024-05-20 14:00:00+00:00,0.0010988332,-0.0024400355760008097,0.0007893373254929098,-0.0013701902935281396,-0.0013309165957422174
2024-05-20 15:00:00+00:00,-0.00272865,-0.0024312958121299744,-0.002200786495218381,-0.0013700129929929972,-0.00556563873390407
2024-05-20 16:00:00+00:00,0.00023181111,-0.002421983750537038,-1.5121133433293704e-05,-0.0013577939243987203,-0.0020915063399359313
2024-05-20 17:00:00+00:00,0.00043863824,-0.002412301255390048,0.0005532846056464233,-0.0013571560848504305,-0.001854687213023155
2024-05-20 18:00:00+00:00,-0.003688894,-0.0024019666016101837,-0.004368082254163911,-0.0013577915960922837,-0.007016584510445463
2024-05-21 10:00:00+00:00,-0.0061312066,-0.0023979488760232925,-0.0051735678204191116,-0.0013563986867666245,-0.009454301352374631
2024-05-21 11:00:00+00:00,0.00018381585,-0.0023916149511933327,-0.0008297734355731516,-0.0013557984493672848,-0.0018607354485175522
2024-05-21 12:00:00+00:00,0.0008517959,-0.002381758764386177,0.0007487249510817681,-0.0013549902942031622,-0.0010170347064552493
2024-05-21 13:00:00+00:00,-0.0016123444,-0.0023689887020736933,-0.0005645751711794574,-0.0013519861968234181,-0.003998043827242876
2024-05-21 14:00:00+00:00,0.00023407652,-0.0023580542765557766,4.466116601580704e-05,-0.001349451020359993,-0.0017371180040475147
2024-05-21 15:00:00+00:00,-0.0030305083,-0.0023497783113271,-0.003064780903392883,-0.0013467104872688651,-0.005494454867538931
2024-05-21 16:00:00+00:00,-0.0010905493,-0.0023410602007061243,-0.001096179782121224,-0.0013375849230214953,-0.0033394948203780486
2024-05-21 17:00:00+00:00,0.0077006104,-0.002343235770240426,0.005034302212224309,-0.0013379186857491732,0.0069307081533522275
2024-05-21 18:00:00+00:00,-0.0011333901,-0.0023482635151594877,0.0004218110889398883,-0.0013403421035036445,-0.0039869137115689565
2024-05-22 10:00:00+00:00,0.0026813908,-0.002360912272706628,0.001985633981426816,-0.0013412735424935818,0.0007073291092806271
2024-05-22 11:00:00+00:00,0.001387833,-0.0023660268634557724,0.0013924769502939656,-0.0013445247896015644,-0.000993055378151646
2024-05-22 12:00:00+00:00,-0.00091392495,-0.002368377987295389,-0.0005883300659447867,-0.0013467976823449135,-0.004038583927880838
2024-05-22 13:00:00+00:00,-0.00021614073,-0.002370832022279501,-0.0002442943856713856,-0.0013496250612661242,-0.002941471221176684
2024-05-22 14:00:00+00:00,0.0,-0.0023768404498696327,0.00034572686310998493,-0.0013549249852076173,-0.002815868041227407
2024-05-22 15:00:00+00:00,0.0011549792,-0.0023853026796132326,0.0011567238903143788,-0.001363197574391961,-0.0014176290011621562
2024-05-22 16:00:00+00:00,-0.0016705804,-0.0023917327634990215,-0.0009516300018027055,-0.0013724014861509204,-0.0048316315250725795
2024-05-22 17:00:00+00:00,0.0029569357,-0.0023981654085218906,0.0020144329799775826,-0.0013775109546259046,0.0007578995499157703
2024-05-22 18:00:00+00:00,-0.0017681269,-0.0023985591251403093,-0.001168992628293664,-0.001382269780151546,-0.004889975139900051
2024-05-23 10:00:00+00:00,-0.008267716,-0.002401939360424876,-0.007733202440488821,-0.0013860337203368545,-0.012501236087171793
2024-05-23 11:00:00+00:00,-3.35101e-05,-0.0024084309116005898,-0.002046775923838519,-0.001388259814120829,-0.002511254964135743
2024-05-23 12:00:00+00:00,-0.00015080934,-0.002415683353319764,-0.0001071865210914965,-0.001393403159454465,-0.002565361111202052
2024-05-23 13:00:00+00:00,0.0009882251,-0.002424291567876935,0.00046550192423816864,-0.0013999701477587223,-0.0013661088072944286
2024-05-23 14:00:00+00:00,0.0016476604,-0.002433614805340767,0.0014447852047165498,-0.0014061462134122849,-0.0006723917653645994
2024-05-23 15:00:00+00:00,0.001428005,-0.0024392162449657917,0.001387649334783155,-0.0014104663860052824,-0.0008436635056171438
2024-05-23 16:00:00+00:00,0.004570913,-0.0024430735502392054,0.003611575316145615,-0.0014022734249010682,0.0026476666548410563
2024-05-23 17:00:00+00:00,0.0011208018,-0.002448825165629387,0.001275081119550593,-0.0014064382994547486,-0.0015752461355610851
2024-05-23 18:00:00+00:00,-0.00023235937,-0.0024543944746255875,-0.00011323169100203347,-0.0014083236455917358,-0.003320950854854043
2024-05-24 10:00:00+00:00,-0.0013038731,-0.00246170605532825,-0.001212657784167819,-0.0014121847925707698,-0.00450784236362539
2024-05-24 11:00:00+00:00,-0.0013471823,-0.002470466075465083,-0.0014704428633260914,-0.0014140199637040496,-0.0046401419381934695
2024-05-24 12:00:00+00:00,0.00020801698,-0.0024823553394526243,-0.0005670125008286685,-0.0014148331247270107,-0.003037639241552773
2024-05-24 13:00:00+00:00,-0.0018987189,-0.002492692554369569,-0.0014808642179786058,-0.0014164764434099197,-0.00525823220215396
2024-05-24 14:00:00+00:00,-0.009909987,-0.0025012942496687174,-0.009652703427829317,-0.0014165299944579601,-0.01460668275186858
2024-05-24 15:00:00+00:00,0.0022368552,-0.002515817992389202,-0.0012360291124090654,-0.0014163617743179202,-9.443239010526946e-05
2024-05-24 16:00:00+00:00,0.0071311696,-0.0025234788190573454,0.005898443723077353,-0.0014119100524112582,0.005529491739848307
2024-05-24 17:00:00+00:00,0.00047527527,-0.002529046731069684,0.0008085446863990766,-0.0014107810566201806,-0.002535155971815954
2024-05-24 18:00:00+00:00,-0.0033484085,-0.002534434897825122,-0.0022543838774919446,-0.0014072105986997485,-0.006762364980018553
2024-05-27 10:00:00+00:00,-0.005687028,-0.002546315547078848,-0.005854204207357814,-0.0014058829983696342,-0.009475355912722482
2024-05-27 11:00:00+00:00,0.0041049547,-0.0025623172987252474,0.0006800038404442094,-0.0014032506151124835,0.001906990816175032
2024-05-27 12:00:00+00:00,-0.0012573978,-0.002575392136350274,-0.000509571760669485,-0.0014022700488567352,-0.004177805092806232
2024-05-27 13:00:00+00:00,-0.001158204,-0.0025893854908645153,-0.0010252828228129128,-0.0014008547877892852,-0.004226617473394001
2024-05-27 14:00:00+00:00,-0.0028761267,-0.0026032286696135998,-0.002617494792943806,-0.0013981993542984128,-0.006181413429292991
2024-05-27 15:00:00+00:00,-0.0008172516,-0.0026141915004700422,-0.0014556012866691031,-0.001393321086652577,-0.003806870413639183
2024-05-27 16:00:00+00:00,-0.0028022572,-0.0026240223087370396,-0.0027713951813241045,-0.001389978569932282,-0.006127526956277173
2024-05-27 17:00:00+00:00,-0.0056111827,-0.0026356270536780357,-0.005289367086963516,-0.0013854873832315207,-0.009362133696371568
2024-05-27 18:00:00+00:00,-0.0021783535,-0.0026460979133844376,-0.00314512581597756,-0.0013797273859381676,-0.00541175638299949
2024-05-28 10:00:00+00:00,0.014998717,-0.0026596426032483578,0.011517059260809842,-0.0013739782152697444,0.014563314543611316
2024-05-28 11:00:00+00:00,-0.0040024268,-0.002668431494385004,-6.0535649553576225e-05,-0.0013691185740754008,-0.00815943661216772
2024-05-28 12:00:00+00:00,0.0034232351,-0.0026797906029969454,0.0004916240529939421,-0.0013662355486303568,0.0005359607386853115
2024-05-28 13:00:00+00:00,-0.00100809,-0.002690790453925729,-0.0007574508841320399,-0.0013642081758007407,-0.004444750066126822
2024-05-28 14:00:00+00:00,-4.202581e-05,-0.0026988331228494644,-0.0002686251174575029,-0.0013631103793159127,-0.0035463992961934252
2024-05-28 15:00:00+00:00,-0.0043128203,-0.0027054797392338514,-0.002148971248126199,-0.0013652642956003547,-0.008386372613925594
2024-05-28 16:00:00+00:00,-0.0028488964,-0.0027043400332331657,-0.0019277023029265247,-0.0013575853081420064,-0.00652904028755597
2024-05-28 17:00:00+00:00,-0.00066054676,-0.0027055491227656603,-0.0011971587451185416,-0.0013559977523982525,-0.004154820566055437
2024-05-28 18:00:00+00:00,-0.004840363,-0.002704463666304946,-0.0031219067295373947,-0.0013532442972064018,-0.008967175929980791
2024-05-29 10:00:00+00:00,-0.0067818295,-0.002704086946323514,-0.006232292098156055,-0.0013493834994733334,-0.01113242579886113
2024-05-29 11:00:00+00:00,0.00032562125,-0.0027028906624764204,-0.0011223427911554384,-0.0013437735615298152,-0.002551753573137651
2024-05-29 12:00:00+00:00,-0.0021871242,-0.002702209632843733,-0.0020242821205729107,-0.0013376743299886584,-0.005474089933261861
2024-05-29 13:00:00+00:00,-0.003733434,-0.0027046939358115196,-0.0028222446010991347,-0.0013320883736014366,-0.007343495153013118
2024-05-29 14:00:00+00:00,5.1709427e-05,-0.002707551931962371,-0.002041238323866339,-0.0013273304793983698,-0.003041903810639327
2024-05-29 15:00:00+00:00,-0.0027529327,-0.002709819935262203,-0.0029999253696281944,-0.0013244837755337358,-0.006127678999393812
2024-05-29 16:00:00+00:00,0.0028649606,-0.0027099973522126675,0.0010131954118692732,-0.001312545733526349,0.00010655267987378595
2024-05-29 17:00:00+00:00,0.0015154518,-0.0027149864472448826,0.0011923892453425842,-0.0013063282240182161,-0.0014548304767573526
2024-05-29 18:00:00+00:00,0.004695348,-0.0027209201361984015,0.0025689084953810252,-0.0013031283160671592,0.0017624615087080534
2024-05-30 10:00:00+00:00,0.0016001305,-0.002730343025177717,0.001195470310906058,-0.0012978080194443464,-0.0017475631994003397
2024-05-30 11:00:00+00:00,-0.0040265983,-0.0027384127024561167,-0.0016853685548658978,-0.0012958778534084558,-0.008474420296826017
2024-05-30 12:00:00+00:00,-0.0015550032,-0.0027458127588033676,-0.001558308834774008,-0.0012963834451511502,-0.005528472335199722
2024-05-30 13:00:00+00:00,-0.0009031831,-0.002751602791249752,-0.0009141586242913799,-0.001296226168051362,-0.004477745456906663
2024-05-30 14:00:00+00:00,-0.0021882225,-0.002756852190941572,-0.001642447670454768,-0.0012965102214366198,-0.006098216310321407
2024-05-30 15:00:00+00:00,-0.001199522,-0.002758581656962633,-0.0017133219795560548,-0.0012978182639926672,-0.005148701073426461
2024-05-30 16:00:00+00:00,-0.0008552141,-0.0027553297113627195,-0.00025782621035760623,-0.0012834445806220174,-0.004866162015912244
2024-05-30 17:00:00+00:00,-0.0010635585,-0.0027559956070035696,-0.0010522757475114257,-0.0012774951756000519,-0.004961003906874602
2024-05-30 18:00:00+00:00,-0.0043350914,-0.0027584789786487818,-0.0046015255533468705,-0.0012726268032565713,-0.008635899724654734
2024-05-31 10:00:00+00:00,-0.01991229,-0.0027618026360869408,-0.017433584076554192,-0.0012662803055718541,-0.02589708207103731
2024-05-31 11:00:00+00:00,0.0096414555,-0.0027606328949332237,0.00567318522222941,-0.001263618585653603,0.007732988752561806
2024-05-31 12:00:00+00:00,-0.0051664235,-0.002760509727522731,-0.0026799171814033333,-0.0012571174884214997,-0.008752814742656646
2024-05-31 13:00:00+00:00,-0.0032702875,-0.002764805220067501,-0.0034152845456928036,-0.0012542682234197855,-0.006986656174338265
2024-05-31 14:00:00+00:00,0.0059580468,-0.002768393140286207,0.0022438407336783962,-0.0012483838945627213,0.0034919912503034627
2024-05-31 15:00:00+00:00,0.00096758595,-0.0027736921329051256,0.0009022577562644359,-0.0012455293908715248,-0.0023996307477160105
2024-05-31 16:00:00+00:00,-0.0044233436,-0.0027763776015490294,-0.002868751492449981,-0.001244857208803296,-0.008359963898459038
2024-05-31 17:00:00+00:00,-0.0014758585,-0.0027752635069191456,-0.0027273649761504286,-0.0012395161902531981,-0.00529839032723133
2024-05-31 18:00:00+00:00,-0.0044584563,-0.0027748013380914927,-0.0038705681427783473,-0.0012349371099844575,-0.008641151881631722
2024-06-03 10:00:00+00:00,-0.0039342446,-0.0027739712968468666,-0.0038877106916936645,-0.001228048698976636,-0.008255069188138902
2024-06-03 11:00:00+00:00,-0.005329626,-0.002772949868813157,-0.004882411876240851,-0.0012203698279336095,-0.009833993682997668
2024-06-03 12:00:00+00:00,0.0019885174,-0.0027715270407497883,-0.0008366923648017074,-0.0012151452247053385,-0.0017339015900282484
2024-06-03 13:00:00+00:00,-0.0109227775,-0.0027681419160217047,-0.007223158083474336,-0.0012065927730873227,-0.01556324566347651
2024-06-03 14:00:00+00:00,-0.01105255,-0.002766743302345276,-0.009317485032256795,-0.001202138140797615,-0.015589018612857058
2024-06-03 15:00:00+00:00,0.010690618,-0.002766130492091179,0.0038540776656147504,-0.001197311095893383,0.007956890997381616
2024-06-03 16:00:00+00:00,0.0045057526,-0.002763486234471202,0.0033397139649585937,-0.0011908545857295394,0.0009749132425826909
2024-06-03 17:00:00+00:00,0.0033817543,-0.0027614333666861057,0.0021365898365100985,-0.001184948836453259,-0.00012954494554411576
2024-06-03 18:00:00+00:00,-0.0019593046,-0.0027622871566563845,-0.0007901912473240618,-0.001178378821350634,-0.006197812123604853
2024-06-04 10:00:00+00:00,0.010479734,-0.0027626152150332928,0.004314710744996852,-0.0011746012605726719,0.007136217541908052
2024-06-04 11:00:00+00:00,-0.0030672136,-0.002760000992566347,-0.0007054736060914489,-0.0011712643317878246,-0.007965616871607567
2024-06-04 12:00:00+00:00,0.0052459897,-0.0027535378467291594,0.0029012936736055846,-0.0011677311267703772,0.0012474570856684459
2024-06-04 13:00:00+00:00,0.0010920472,-0.0027434686198830605,0.0013884134880421514,-0.0011655380949378014,-0.003810765231970056
2024-06-04 14:00:00+00:00,0.0018794332,-0.0027336899656802416,0.0018395265451045292,-0.0011651983950287104,-0.0026807743502127433
2024-06-04 15:00:00+00:00,0.0029273534,-0.002717997645959258,0.0027088613669668396,-0.0011692439438775182,-0.0018274391392203646
2024-06-04 16:00:00+00:00,-0.00057418214,-0.0026943080592900515,-0.00020642435411065549,-0.0011783912777900696,-0.005855339533003134
2024-06-04 17:00:00+00:00,0.002197774,-0.002667427994310856,0.0022613616979414407,-0.0011850112350657582,-0.0026402860489084805
2024-06-04 18:00:00+00:00,-0.0025336025,-0.002640628721565008,-0.0009555824370068165,-0.001194729353301227,-0.008342023072595616
2024-06-05 10:00:00+00:00,0.0053158086,-0.002613570773974061,0.0012154482248275997,-0.001205463893711567,0.00048092542343440136
2024-06-05 11:00:00+00:00,0.006467693,-0.0025874727871268988,0.003146743098591271,-0.0012181791244074702,0.00156316682600264
2024-06-05 12:00:00+00:00,0.0035055322,-0.0025576807092875242,0.0032741678746051168,-0.0012307681608945131,-0.001866614029004171
2024-06-05 13:00:00+00:00,-0.0022658554,-0.002525671385228634,-0.0009587165085873679,-0.001244331942871213,-0.007822726971275385
2024-06-05 14:00:00+00:00,-0.0013794551,-0.002492569386959076,-0.0014016978967132923,-0.0012575270375236869,-0.00705591812466522
2024-06-05 15:00:00+00:00,-0.0043867207,-0.0024577497970312834,-0.00338588971576944,-0.0012696024496108294,-0.01000150522004536
2024-06-05 16:00:00+00:00,0.0002807658,-0.0024267607368528843,-0.0004526831174000743,-0.0012786993756890297,-0.004802161654052802
2024-06-05 17:00:00+00:00,0.003843818,-0.0024039626587182283,0.0018915213821344887,-0.0012855085078626871,-0.0010792478549658223
2024-06-05 18:00:00+00:00,-0.003431586,-0.002378491684794426,-0.0018166851667463832,-0.0012885571923106909,-0.009172278266735747
2024-06-06 10:00:00+00:00,-0.00014031518,-0.002359427511692047,-0.0008607548128959396,-0.0012966071953997016,-0.005502337891907747
2024-06-06 11:00:00+00:00,0.00091169693,-0.0023415270261466503,0.0004976781398716881,-0.0013037575408816338,-0.004487130151793363
2024-06-06 12:00:00+00:00,-0.005940942,-0.002324966713786125,-0.004864366866022732,-0.0013116435147821903,-0.012001644099449708
2024-06-06 13:00:00+00:00,-0.004036377,-0.0023134639486670494,-0.00420109941720131,-0.0013172158505767584,-0.009642704241955562
2024-06-06 14:00:00+00:00,-0.0013461336,-0.002303794492036104,-0.001116618378115106,-0.001321342308074236,-0.0065850203512940585
2024-06-06 15:00:00+00:00,0.0033972713,-0.0022920146584510803,0.0023176798061181033,-0.0013260033447295427,-0.0014798275182223387
2024-06-06 16:00:00+00:00,0.0006533582,-0.0022758985869586468,0.0007934272923303102,-0.0013280697166919708,-0.004330104765942182
2024-06-06 17:00:00+00:00,-0.003129395,-0.0022578006610274315,-0.0016445836480993357,-0.0013294498203322291,-0.0083593072676946
2024-06-06 18:00:00+00:00,0.002237543,-0.0022373173851519823,0.0010871838814977398,-0.0013352545211091638,-0.0025718704115602017
2024-06-07 10:00:00+00:00,0.0031664437,-0.002213277854025364,0.0031646083440211538,-0.001338206697255373,-0.0015812867639195673
2024-06-07 11:00:00+00:00,0.0028842792,-0.002185824094340205,0.002894140599711926,-0.001341999159194529,-0.0020157419014889054
2024-06-07 12:00:00+00:00,0.0041272584,-0.002154785906895995,0.004274042766605422,-0.0013471227139234543,-0.000613151487789774
2024-06-07 13:00:00+00:00,0.010343765,-0.0021222217474132776,0.0037351437567703996,-0.0013513390440493822,0.006485331503204424
2024-06-07 14:00:00+00:00,-0.0058503556,-0.0020911782048642635,-0.004144201103240396,-0.001357593690045178,-0.01226400406305499
2024-06-07 15:00:00+00:00,-0.0020566098,-0.0020626960322260857,-0.002232323363892413,-0.0013639553217217326,-0.007621868434556426
2024-06-07 16:00:00+00:00,-0.003110368,-0.0020334655418992043,-0.0022969934081484527,-0.0013605159474536777,-0.008693206817634452
2024-06-07 17:00:00+00:00,-0.0038049861,-0.002004916314035654,-0.0026888935687525775,-0.0013611617032438517,-0.009733004688271325
2024-06-07 18:00:00+00:00,0.004189938,-0.0019765712786465883,0.001724543045783485,-0.0013598983641713858,-0.000769355655568937
2024-06-10 10:00:00+00:00,0.006877852,-0.0019487423123791814,0.003765229549229649,-0.0013613220071420074,0.002299296265353251
2024-06-10 11:00:00+00:00,-0.0027402402,-0.0019197826040908694,-0.001199448228620091,-0.0013617860386148095,-0.008648170222857021
2024-06-10 12:00:00+00:00,-0.0038402504,-0.0018931932281702757,-0.0029191486328095945,-0.0013609915040433407,-0.009470339021103457
2024-06-10 13:00:00+00:00,0.00082165684,-0.0018691918812692165,3.439756416499897e-05,-0.0013611974427476525,-0.004227472279936457
2024-06-10 14:00:00+00:00,-0.0037729451,-0.001849678112193942,-0.0038844237848666436,-0.001360944821499288,-0.009193057387716832
2024-06-10 15:00:00+00:00,-0.0011583725,-0.0018327611032873392,-0.0011900309190144545,-0.0013598799705505371,-0.006077110406693785
2024-06-10 16:00:00+00:00,0.0017896468,-0.001820154837332666,0.0004196987719166917,-0.0013518065679818392,-0.003002681752549612
2024-06-10 17:00:00+00:00,-0.003793638,-0.001808786764740944,-0.0037987607936641136,-0.0013433854328468442,-0.00892271202763668
2024-06-10 18:00:00+00:00,-0.0050099334,-0.0018021159339696169,-0.004250256579003316,-0.0013523476663976908,-0.010376373858696431
2024-06-11 10:00:00+00:00,-0.0052573606,-0.0017908202717080712,-0.0036090538947685215,-0.001354119391180575,-0.010492462599096669
2024-06-11 11:00:00+00:00,0.000382156,-0.001773830153979361,0.0005098748633349992,-0.0013581118546426296,-0.004286778390013816
2024-06-11 12:00:00+00:00,-0.0040690093,-0.0017586881294846535,-0.003515649167863814,-0.0013623879058286548,-0.009203237758963466
2024-06-11 13:00:00+00:00,-0.0011605176,-0.0017427443526685238,-0.0017683341394706918,-0.0013620411045849323,-0.0058507909809681555
2024-06-11 14:00:00+00:00,0.001312178,-0.0017236280255019665,0.0005007979646722265,-0.001361170900054276,-0.0032542252865782285
2024-06-11 15:00:00+00:00,-0.0014461706,-0.0017052112380042672,-0.0005191055886446584,-0.0013622347032651305,-0.006343067495002868
2024-06-11 16:00:00+00:00,0.0018475137,-0.0016908461693674326,0.001492784405020413,-0.0013627259759232402,-0.002529655724434379
2024-06-11 17:00:00+00:00,0.00096256693,-0.00168111571110785,0.0011642398744525038,-0.001361154718324542,-0.0035495030800372224
2024-06-11 18:00:00+00:00,-0.002702885,-0.0016744423191994429,-0.0029450422928350498,-0.0013560119550675154,-0.00807951137024511
2024-06-13 10:00:00+00:00,-0.017062861,-0.0016734376549720764,-0.00872644627425461,-0.0013522990047931671,-0.023764384973093716
2024-06-13 11:00:00+00:00,0.0062318477,-0.001667546108365059,0.003271375933307414,-0.001343621057458222,0.0021534712146995417
2024-06-13 12:00:00+00:00,-0.0017171265,-0.001659703440964222,-0.0008168454169909642,-0.0013340550940483809,-0.006687521598587184
2024-06-13 13:00:00+00:00,-0.0015388796,-0.0016505700768902898,-0.0008178063896130842,-0.001332086161710322,-0.006032568008578389
2024-06-13 14:00:00+00:00,0.0041405307,-0.001641767448745668,0.0023334256533184463,-0.001320551848039031,-5.529172101819552e-06
2024-06-13 15:00:00+00:00,0.010393014,-0.0016295849345624447,0.0042389106574719825,-0.0013048280961811543,0.006698905927642724
2024-06-13 16:00:00+00:00,0.0014186235,-0.0016188661102205515,0.0018424501026821096,-0.0012814801884815097,-0.0034535390520805597
2024-06-13 17:00:00+00:00,0.010897961,-0.001619132119230926,0.006152889814330425,-0.0012641765642911196,0.0071801438196180106
2024-06-13 18:00:00+00:00,-0.0010323789,-0.0016187235014513135,-0.0001976661622857786,-0.001240207115188241,-0.006090652584961139
2024-06-14 10:00:00+00:00,-0.00091856567,-0.0016308982158079743,-0.000501222372846689,-0.0012318385997787118,-0.00613799006372039
2024-06-14 11:00:00+00:00,-0.0002209349,-0.0016488786786794662,-0.00021752975238907031,-0.0012269113212823868,-0.00529818370965359
2024-06-14 12:00:00+00:00,0.0035731497,-0.001667419564910233,0.002539825914220729,-0.0012313721235841513,-0.001335564095690957
2024-06-14 13:00:00+00:00,0.0016279412,-0.0016851285472512245,0.0019133160898129643,-0.0012390923220664263,-0.0034293229822507498
2024-06-14 14:00:00+00:00,0.0017306285,-0.0016987380804494023,0.0018625828872680353,-0.0012468660715967417,-0.0036963268541252703
2024-06-14 15:00:00+00:00,0.0010439559,-0.001713830977678299,0.001551022934358526,-0.0012588577810674906,-0.004263826409333167
2024-06-14 16:00:00+00:00,0.0069987485,-0.001724627218209207,0.00451158972944859,-0.0012690789299085736,0.0024140081644211447
2024-06-14 17:00:00+00:00,-0.010696975,-0.00174033478833735,-0.008675916917820221,-0.001281056902371347,-0.017315387936637096
2024-06-14 18:00:00+00:00,0.001029146,-0.0017660385929048061,0.00024083071179635497,-0.0012940641026943922,-0.00403835079408108
2024-06-17 10:00:00+00:00,-0.00020222714,-0.0017938839737325907,-0.0007236062523043497,-0.0013070156564936042,-0.005558720365316092
2024-06-17 11:00:00+00:00,-0.006245169,-0.001816114061512053,-0.004106993265843091,-0.0013141273520886898,-0.012110447776866692
2024-06-17 12:00:00+00:00,0.0026510214,-0.0018399605760350823,0.0002689748340917741,-0.0013196042273193598,-0.002012141978481917
2024-06-17 13:00:00+00:00,0.0016665421,-0.0018638222245499492,9.03140231527892e-05,-0.0013183897826820612,-0.0031968520233256565
2024-06-17 14:00:00+00:00,-0.0021343783,-0.0018882483709603548,-0.001160792613535279,-0.0013265974121168256,-0.007282973960800871
2024-06-17 15:00:00+00:00,-0.0019000744,-0.0019166582496836782,-0.0013163129126873892,-0.0013366079656407237,-0.006850065755323556
2024-06-17 16:00:00+00:00,-0.0014074971,-0.001939966226927936,-0.0016003867322826834,-0.0013438621535897255,-0.006124753545320253
2024-06-17 17:00:00+00:00,0.00096510147,-0.0019600794184952974,0.00048223809906833585,-0.001349570811726153,-0.0034189550757821275
2024-06-17 18:00:00+00:00,-0.003288704,-0.0019750907085835934,-0.003323867285572077,-0.0013583549298346043,-0.008184309196195356
2024-06-18 10:00:00+00:00,-0.0043602134,-0.001982846762984991,-0.003686677833561626,-0.0013631322653964162,-0.009528978162477605
2024-06-18 11:00:00+00:00,-0.0027951812,-0.001987119670957327,-0.0018803951592607545,-0.001363766728900373,-0.00761748985260219
2024-06-18 12:00:00+00:00,-0.0020858427,-0.001993871293962002,-0.0020421946316587997,-0.0013629647437483072,-0.006838746459364252
2024-06-18 13:00:00+00:00,0.0011464091,-0.0020043228287249804,3.193553586450655e-07,-0.0013603870756924152,-0.003044650258156288
2024-06-18 14:00:00+00:00,-0.0024107734,-0.0020121762063354254,-0.0017591627371560954,-0.001357595669105649,-0.006950117491763095
2024-06-18 15:00:00+00:00,-0.00577719,-0.0020170228090137243,-0.0037965027549848062,-0.001346234930679202,-0.010463298258620576
2024-06-18 16:00:00+00:00,9.0243746e-05,-0.002023558132350445,-0.0007396170225823836,-0.0013356147101148963,-0.004203877423814044
2024-06-18 17:00:00+00:00,0.019976722,-0.002034888369962573,0.012916749122609763,-0.0013254431542009115,0.017708552941570255
2024-06-18 18:00:00+00:00,-0.002976509,-0.0020452302414923906,0.0001509480294299674,-0.0013224584981799126,-0.008113827009945281
2024-06-19 10:00:00+00:00,-0.008061435,-0.0020631281659007072,-0.006636299308230277,-0.001326730358414352,-0.0133813519733968
2024-06-19 11:00:00+00:00,-0.0023549544,-0.00208799890242517,-0.0026557496133272577,-0.0013335864059627056,-0.007229526732753095
2024-06-19 12:00:00+00:00,-0.0025672112,-0.0021095923148095608,-0.0017478796900518255,-0.0013357301941141486,-0.007131820735606225
2024-06-19 13:00:00+00:00,-0.0044408287,-0.002130238339304924,-0.004420263543729882,-0.0013382795732468367,-0.008969955760349708
2024-06-19 14:00:00+00:00,0.0033167228,-0.002149640815332532,0.0016050443452060427,-0.0013356924755498767,-0.00048351391998801337
2024-06-19 15:00:00+00:00,0.0019326804,-0.0021608518436551094,0.0015144478846993504,-0.0013287353795021772,-0.002200145526104913
2024-06-19 16:00:00+00:00,-0.005429975,-0.002175711328163743,-0.0025500964649633412,-0.0013242056593298912,-0.01028390920954065
2024-06-19 17:00:00+00:00,0.04164911,-0.0021945529151707888,0.026465432385549773,-0.0013227692106738687,0.04199115523631153
2024-06-19 18:00:00+00:00,-0.0003118476,-0.002209787955507636,0.0019657777142165936,-0.0013229923788458109,-0.005694877179380463
2024-06-20 10:00:00+00:00,0.015730353,-0.0022249354515224695,0.01129521228274495,-0.0013285917229950428,0.012469330117255912
2024-06-20 11:00:00+00:00,0.0026488728,-0.0022351746447384357,0.002702817666151744,-0.001337871653959155,-0.0025722288343761855
2024-06-20 12:00:00+00:00,-0.0022395854,-0.0022437789011746645,-0.0012839430418824622,-0.0013505188981071115,-0.00796802889208446
2024-06-20 13:00:00+00:00,-0.009361592,-0.0022507396060973406,-0.00615147605485471,-0.0013665888691321015,-0.01575373386365432
2024-06-20 14:00:00+00:00,-0.011032339,-0.0022579990327358246,-0.01070872673136762,-0.0013820243766531348,-0.017906720741399398
2024-06-20 15:00:00+00:00,0.019907884,-0.002265390008687973,0.0043622956335950605,-0.0013956743059679866,0.017188965684529614
2024-06-20 16:00:00+00:00,0.0017554777,-0.0022710300981998444,0.0020488386494997147,-0.0014002989046275616,-0.004022094992023968
2024-06-20 17:00:00+00:00,-0.023378873,-0.002273264341056347,-0.01790219531683049,-0.0014116347301751375,-0.032143635080556246
2024-06-20 18:00:00+00:00,0.0039751455,-0.0022828264627605677,-0.0011524962868248688,-0.0014280058676376939,-0.0006946151672492639
2024-06-21 10:00:00+00:00,-0.0015812066,-0.0022828462533652782,-0.0014567685744558752,-0.0014405042165890336,-0.0062142895315286046
2024-06-21 11:00:00+00:00,-0.00065232423,-0.0022819102741777897,-0.0009621895601943566,-0.0014532085042446852,-0.00514234924468209
2024-06-21 12:00:00+00:00,-0.0062315287,-0.0022794033866375685,-0.00454682679870899,-0.0014632728416472673,-0.011030495451307687
2024-06-21 13:00:00+00:00,0.0054481775,-0.0022757090628147125,0.001706373309469616,-0.0014704411150887609,0.0024132551011572657
2024-06-21 14:00:00+00:00,0.0024871957,-0.002275531878694892,0.0012788610675639567,-0.00147782894782722,-0.0012412099286380394
2024-06-21 15:00:00+00:00,0.00041682587,-0.002275546547025442,0.0006913298094177548,-0.0014847272541373968,-0.0033795711744954056
2024-06-21 16:00:00+00:00,-0.0006774303,-0.002277550520375371,-0.0006386079332007388,-0.0014770444249734282,-0.004684722494424528
2024-06-21 17:00:00+00:00,-0.031184422,-0.002279838314279914,-0.030603375220362702,-0.001473529962822795,-0.03786039290753443
2024-06-21 18:00:00+00:00,-0.00025996496,-0.002289104275405407,-0.0009797731498816693,-0.0014828263083472848,-0.0029909534196521812
2024-06-24 10:00:00+00:00,0.0034546987,-0.0022940891794860363,0.0011411726146291726,-0.0014824285171926022,0.0007719727055880699
2024-06-24 11:00:00+00:00,-0.00409145,-0.0022950051352381706,-0.0031129969709271354,-0.0014762671198695898,-0.007527041225958316
2024-06-24 12:00:00+00:00,-0.0029198937,-0.002298294100910425,-0.0029620463201998066,-0.0014712457777932286,-0.006221073073499751
2024-06-24 13:00:00+00:00,0.0017439774,-0.002305121859535575,0.0012123690736766052,-0.001467911060899496,-0.0007747175458598953
2024-06-24 14:00:00+00:00,0.00030533253,-0.0023121326230466366,0.0003609574654389392,-0.001457965699955821,-0.0022113098110006293
2024-06-24 15:00:00+00:00,-0.0020313154,-0.0023222588934004307,-0.001851323588966438,-0.0014564812881872058,-0.004758697330509134
2024-06-24 16:00:00+00:00,0.0019145815,-0.0023374801967293024,0.0009911046431006973,-0.0014457895886152983,-0.0007840177251958345
2024-06-24 17:00:00+00:00,-0.0027066537,-0.0023516325745731592,-0.0016991547326781168,-0.0014343190705403686,-0.00590893806677013
2024-06-24 18:00:00+00:00,-0.00091886934,-0.0023691055830568075,-0.001242455462204497,-0.0014230418018996716,-0.0034997672879398785
2024-06-25 10:00:00+00:00,-0.003304087,-0.0023876233026385307,-0.0026010589117931976,-0.0014175021788105369,-0.006110265387263605
2024-06-25 11:00:00+00:00,-0.0031789618,-0.002408083761110902,-0.002928806658648521,-0.0014122804859653115,-0.006460806050698705
2024-06-25 12:00:00+00:00,0.008589791,-0.002422956982627511,0.005502005179537692,-0.001406226772814989,0.006606794112576208
2024-06-25 13:00:00+00:00,0.004692675,-0.00243738922290504,0.005874928796645076,-0.0013979194918647408,0.002269622962666965
2024-06-25 14:00:00+00:00,-0.008928671,-0.0024512798991054296,-0.0059562419731715435,-0.001391510828398168,-0.012467186073354064
2024-06-25 15:00:00+00:00,0.0069125323,-0.002466666279360652,0.0021513219006809537,-0.0013714950764551759,0.004629073819801946
2024-06-25 16:00:00+00:00,0.0023204465,-0.002479755552485585,0.0028204651779258198,-0.0013630054891109467,-0.0006043101598679681
2024-06-25 17:00:00+00:00,0.00020580275,-0.0024902517907321453,0.0005133152684670886,-0.001353924861177802,-0.0025098554425869884
2024-06-25 18:00:00+00:00,0.0047752387,-0.002497558481991291,0.0037392576011441073,-0.0013391594402492046,0.0018629857294154878
2024-06-26 10:00:00+00:00,0.00976482,-0.0025073967408388853,0.0076746649826144025,-0.0013314152602106333,0.0071207328785154265
2024-06-26 11:00:00+00:00,9.699193e-05,-0.0025172627065330744,0.00015795516312987535,-0.001325296121649444,-0.0038674476249821897
2024-06-26 12:00:00+00:00,0.0015241824,-0.002524967771023512,0.001505025052781069,-0.0013235805090516806,-0.002271554133306013
2024-06-26 13:00:00+00:00,0.001082256,-0.002531698439270258,0.001095975911135939,-0.0013260142877697945,-0.002137705579198573
2024-06-26 14:00:00+00:00,-0.0018220312,-0.0025391930248588324,-0.0007851525554727202,-0.001329510472714901,-0.005806777156885711
2024-06-26 15:00:00+00:00,-0.0015076642,-0.00254644313827157,-0.0015336483453774435,-0.0013370908563956618,-0.005060618925508806
2024-06-26 16:00:00+00:00,0.0023002597,-0.0025490105617791414,0.0017428923829035466,-0.0013422832125797868,-0.000859795310892671
2024-06-26 17:00:00+00:00,-0.0067217196,-0.0025512271095067263,-0.00627483064855374,-0.0013446899829432368,-0.011480197259381566
2024-06-26 18:00:00+00:00,0.0021070533,-0.002555143553763628,0.0006132435685459822,-0.0013476579915732145,-0.001153722961635518
2024-06-27 10:00:00+00:00,-0.005213748,-0.0025570227298885584,-0.0038149976962207795,-0.001351208658888936,-0.009442133162792863
2024-06-27 11:00:00+00:00,-0.00080932415,-0.0025604218244552612,-0.001953852671618533,-0.0013583195395767689,-0.004121248957901908
2024-06-27 12:00:00+00:00,-0.0017543004,-0.002564681228250265,-0.0013911974100833378,-0.0013616100186482072,-0.005306989948400207
2024-06-27 13:00:00+00:00,0.003079116,-0.002568845171481371,-0.0003966464416169501,-0.0013646791921928525,-0.00013022351873305743
2024-06-27 14:00:00+00:00,-0.0015561715,-0.002572794212028384,-0.001610259508022544,-0.001367068849503994,-0.004680937579760614
2024-06-27 15:00:00+00:00,0.005829834,-0.0025864788331091404,0.0038357306100782634,-0.0013765268959105015,0.0036070593215165626
2024-06-27 16:00:00+00:00,-0.00013272281,-0.0025928595568984747,0.000893315763773998,-0.001374116400256753,-0.003126424164479071
2024-06-27 17:00:00+00:00,0.0336629,-0.0025924532674252987,0.024977079038753763,-0.0013690432533621788,0.03475152191293386
2024-06-27 18:00:00+00:00,-0.0006333339,-0.0025926223024725914,0.0002539759373846082,-0.0013687380123883486,-0.005018893876557073
2024-06-28 10:00:00+00:00,0.0034101286,-0.0025883864145725965,0.0028846479133812775,-0.0013708515325561166,-0.0006485133766392726
2024-06-28 11:00:00+00:00,-0.00084503804,-0.0025829914957284927,-0.0004968557027580947,-0.001373493461869657,-0.004734930028523545
2024-06-28 12:00:00+00:00,0.0009900738,-0.0025785567704588175,0.0007779444464251662,-0.0013802018947899342,-0.0030917624951857948
2024-06-28 13:00:00+00:00,-0.0016478195,-0.0025701532140374184,-0.0015382596979007569,-0.0013824461493641138,-0.006063665272696656
2024-06-28 14:00:00+00:00,-0.0038011791,-0.002556322142481804,-0.0033961556452131556,-0.0013774337712675333,-0.008292408597127578
2024-06-28 15:00:00+00:00,0.0026640526,-0.002550691133365035,0.0005753925134760027,-0.0013792463578283787,-0.0013172233912191096
2024-06-28 16:00:00+00:00,-0.00017110836,-0.0025389299262315035,-0.00017480151480952382,-0.0013732508523389697,-0.004271410020293145
2024-06-28 17:00:00+00:00,-0.00955999,-0.002532562706619501,-0.008593451006056697,-0.0013783256290480494,-0.014429170701316428
2024-06-28 18:00:00+00:00,0.0010533223,-0.002513956045731902,0.0001965554838434471,-0.0013798580039292574,-0.0020503821105964776
2024-07-01 10:00:00+00:00,0.0024390991,-0.0024881435092538595,0.0013857915934792813,-0.0013768248027190566,-0.0001538603367211809
2024-07-01 11:00:00+00:00,-0.00126621,-0.002462042961269617,-0.0009971582173478027,-0.001368560129776597,-0.004171837817499727
2024-07-01 12:00:00+00:00,-0.0012074067,-0.002426818711683154,-0.0007482435217780935,-0.0013535148464143276,-0.0037710162873132004
2024-07-01 13:00:00+00:00,0.0037726143,-0.002408611821010709,-0.0007525465796662324,-0.001340846880339086,0.0018770361172335956
2024-07-01 14:00:00+00:00,0.0016149402,-0.00237514590844512,0.0006762904747252934,-0.0013047921238467097,-0.0007687391185864753
2024-07-01 15:00:00+00:00,0.0010123021,-0.0023671486414968967,0.0011864614967448703,-0.0013046229723840952,-0.0014764406637597844
2024-07-01 16:00:00+00:00,0.0017305489,-0.0023477207869291306,0.0017272232222995565,-0.0012879901332780719,-0.0008136739865693035
2024-07-01 17:00:00+00:00,-0.016257854,-0.0023302296176552773,-0.015975814794834602,-0.0012689509894698858,-0.020811771730145364
2024-07-01 18:00:00+00:00,0.00029575505,-0.0023186933249235153,-0.0015187912165766932,-0.0012559504248201847,-0.001968964823106387
2024-07-02 10:00:00+00:00,0.006182092,-0.0023092362098395824,0.004762842837234897,-0.0012508081272244453,0.004853844637165014
2024-07-02 11:00:00+00:00,-0.0013666522,-0.002295971615239978,0.00041714297661322775,-0.0012438609264791012,-0.0032917549132100684
2024-07-02 12:00:00+00:00,0.0020492785,-0.002273525344207883,0.001359094476011091,-0.0012375761289149523,0.0004072302155898968
2024-07-02 13:00:00+00:00,-0.00042334627,-0.002248972188681364,0.0003024736360764774,-0.0012240312062203884,-0.002395201774193751
2024-07-02 14:00:00+00:00,0.0017699501,-0.002237889217212796,0.001209316181536434,-0.0012219914933666587,-0.00022242973636634757
2024-07-02 15:00:00+00:00,0.0010432339,-0.002249387325718999,0.0007993506545370618,-0.0012232669396325946,-0.0009378886276317027
2024-07-02 16:00:00+00:00,-0.00054303557,-0.0022386694326996803,-0.0003283424102321688,-0.0012420971179381013,-0.002712853032568887
2024-07-02 17:00:00+00:00,-0.0059322207,-0.0022321674041450024,-0.0062738673906981655,-0.0012605306692421436,-0.008342946582223811
2024-07-02 18:00:00+00:00,-0.0009979218,-0.0022383194882422686,-0.0010927822780540763,-0.0012732449686154723,-0.002534058967704
2024-07-03 10:00:00+00:00,-0.0021467349,-0.0022466054651886225,-0.0021122284419054825,-0.0012947531649842858,-0.003511732628936762
2024-07-03 11:00:00+00:00,-0.000661462,-0.0022470992989838123,-0.0006495914669464269,-0.0013113826280459762,-0.0023958263013548085
2024-07-03 12:00:00+00:00,0.004257026,-0.002254702150821686,0.0023529693587429736,-0.0013265906600281596,0.003536724120417959
2024-07-03 13:00:00+00:00,-0.001292567,-0.002262366469949484,0.0005739074957345037,-0.0013380692107602954,-0.0031785329646726104
2024-07-03 14:00:00+00:00,0.0006681795,-0.0022738375701010227,0.0006629877320446545,-0.0013482386711984873,-0.00043584361743782656
2024-07-03 15:00:00+00:00,-0.00030366261,-0.0022826879285275936,-0.0002688093953435127,-0.0013527512783184648,-0.0019023930163255824
2024-07-03 16:00:00+00:00,-0.0032941513,-0.0022840360179543495,-0.0024469457830066594,-0.0013518724590539932,-0.005232867874094819
2024-07-03 17:00:00+00:00,-0.0029644377,-0.0022833244875073433,-0.004016506531780984,-0.0013472073478624225,-0.004711233084059784
2024-07-03 18:00:00+00:00,0.0017884333,-0.0022863601334393024,0.00145548228928452,-0.0013411842519417405,0.0005744998494061463
2024-07-04 10:00:00+00:00,-0.0048142336,-0.0022838893346488476,-0.0035147706840732676,-0.0013398603769019246,-0.006880985478515506
2024-07-04 11:00:00+00:00,4.3790697e-05,-0.002279862528666854,-0.00010224661865569773,-0.0013376303249970078,-0.0008817209098695197
2024-07-04 12:00:00+00:00,-0.00064829824,-0.002276553539559245,-0.00016984798804883116,-0.001324538723565638,-0.0015867216223495832
2024-07-04 13:00:00+00:00,-0.0037139023,-0.00227321102283895,-0.0030101716992816468,-0.0013306187465786934,-0.004966132668299858
2024-07-04 14:00:00+00:00,-0.0013114987,-0.0022680030670017004,-0.0013570154428995023,-0.0013256497913971543,-0.002560200684151099
2024-07-04 15:00:00+00:00,-0.0012162128,-0.002264542505145073,-0.001847665034805146,-0.0013207090087234974,-0.002268417779333172
2024-07-04 16:00:00+00:00,-0.008199452,-0.002261659363284707,-0.006012068825175895,-0.0013206069124862552,-0.01000673024434342
2024-07-04 17:00:00+00:00,-0.00076492724,-0.0022677939850836992,-0.002958927399064648,-0.0013251666678115726,-0.0017313844103656125
2024-07-04 18:00:00+00:00,-0.0031637559,-0.0022722685243934393,-0.0027329054927073973,-0.001320886891335249,-0.004699158503105604
2024-07-05 10:00:00+00:00,-0.0031111175,-0.002276879968121648,-0.0035886308537975663,-0.0013176260981708765,-0.004323755317705174
2024-07-05 11:00:00+00:00,-0.0012184744,-0.0022781912703067064,-0.000926567903399834,-0.0013148155994713306,-0.0023469073677063854
2024-07-05 12:00:00+00:00,0.007938144,-0.0022807030472904444,0.0058105235689875825,-0.0013072160072624683,0.007461939492905101
2024-07-05 13:00:00+00:00,0.00161739,-0.002279374748468399,0.0013073699250990489,-0.0013007097877562046,0.00036762678627485297
2024-07-05 14:00:00+00:00,-0.003477955,-0.002280757063999772,-0.0013903284212670281,-0.001298466231673956,-0.005165340131076116
2024-07-05 15:00:00+00:00,-0.0011055144,-0.00228619622066617,-0.00113348190326053,-0.0012801819248124957,-0.0026494319310710283
2024-07-05 16:00:00+00:00,0.0003656682,-0.002289676107466221,0.00013385580697826074,-0.0012761220568791032,-0.0009061715843018527
2024-07-05 17:00:00+00:00,0.0016661102,-0.0022971408907324076,0.0010361136154960183,-0.0012625817907974124,3.2185007498906557e-05
2024-07-05 18:00:00+00:00,0.0020898464,-0.002303321612998843,0.001786876326688613,-0.0012531161773949862,0.0006136888791339905
2024-07-08 10:00:00+00:00,0.004909486,-0.0023103454150259495,0.0039620460254170915,-0.0012419135309755802,0.003719778524139848
2024-07-08 11:00:00+00:00,-0.0023985603,-0.002320673316717148,-0.00040445756072394253,-0.0012379524996504188,-0.004194744144874982
2024-07-08 12:00:00+00:00,-0.00505489,-0.0023277068976312876,-0.003803202107302851,-0.0012336112558841705,-0.007169957070807002
2024-07-08 13:00:00+00:00,-5.343926e-05,-0.0023361551575362682,-0.0005547349623936151,-0.0012360261753201485,-0.0017250891821667513
2024-07-08 14:00:00+00:00,-0.002505943,-0.0023398057091981173,-0.0015346440991065673,-0.0012329526944085956,-0.004322902717727719
2024-07-08 15:00:00+00:00,1.78581e-05,-0.0023514574859291315,-0.00021429733331654655,-0.0012390132760629058,-0.0015976600458574017
2024-07-08 16:00:00+00:00,0.0014721958,-0.0023640047293156385,1.8602605332853744e-05,-0.0012328608427196741,0.00010830213846654922
2024-07-08 17:00:00+00:00,-0.00082951656,-0.002376361982896924,-0.0007540554566288193,-0.0012323037954047322,-0.002383754137610204
2024-07-08 18:00:00+00:00,-0.0012679026,-0.0023884607944637537,-0.0013332923987925801,-0.0012305011041462421,-0.0030431015762725482
2024-07-09 10:00:00+00:00,-0.0072093066,-0.0024021484423428774,-0.007179058507293082,-0.0012304134434089065,-0.009456888341303912
2024-07-09 11:00:00+00:00,-0.003217886,-0.0024186032824218273,-0.003352574981838507,-0.0012278086505830288,-0.004838250044546782
2024-07-09 12:00:00+00:00,-0.0009755217,-0.002434362191706896,-0.0023901580218913384,-0.0012231525033712387,-0.0024876765765416676
2024-07-09 13:00:00+00:00,0.0021394824,-0.0024518887512385845,0.0005950726180114187,-0.001223657513037324,0.0006445345487389716
2024-07-09 14:00:00+00:00,-0.0040300046,-0.002469607861712575,-0.003265506872789569,-0.0012183638755232096,-0.006093515300271029
2024-07-09 15:00:00+00:00,-0.0024022239,-0.002489877864718437,-0.0024902417338524916,-0.001201357808895409,-0.004259355093841552
2024-07-09 16:00:00+00:00,-0.0014713765,-0.0025087480898946524,-0.0013127766701607401,-0.0011977879330515862,-0.0030608725429626922
2024-07-09 17:00:00+00:00,-0.004153314,-0.0025258304085582495,-0.0041728054427253546,-0.0011953283101320267,-0.006106952654689371
2024-07-09 18:00:00+00:00,-0.002174609,-0.002542709931731224,-0.0027698723894789973,-0.0011905395658686757,-0.0041342783334987025
2024-07-10 10:00:00+00:00,-0.006165723,-0.0025540904607623816,-0.005210598278894581,-0.001186566543765366,-0.008061142835494538
2024-07-10 11:00:00+00:00,-0.0029125519,-0.002565575996413827,-0.003592428356207261,-0.0011830683797597885,-0.004566334328327578
2024-07-10 12:00:00+00:00,0.0048434273,-0.0025729984045028687,0.0011907770471597647,-0.0011753037106245756,0.0036393925903407
2024-07-10 13:00:00+00:00,-0.0010845091,-0.0025818434078246355,-0.00044585539196637385,-0.0011644556652754545,-0.0027051369530154855
2024-07-10 14:00:00+00:00,-0.0042759525,-0.0025896066799759865,-0.0035070511309557217,-0.0011539525585249066,-0.005999460503678131
2024-07-10 15:00:00+00:00,-0.007313206,-0.0025989890564233065,-0.005305674036955607,-0.0011394575703889132,-0.009532586772144396
2024-07-10 16:00:00+00:00,-0.0032613385,-0.002606688067317009,-0.003192238412170032,-0.001134944031946361,-0.004973747549031661
2024-07-10 17:00:00+00:00,-0.004536937,-0.0026144422590732574,-0.0045792710258313355,-0.0011280141770839691,-0.00646481547979824
2024-07-10 18:00:00+00:00,0.0004030765,-0.0026183612644672394,-0.0016653665925085784,-0.0011194230755791068,-0.0010734151767525218
2024-07-11 10:00:00+00:00,-0.005591936,-0.0026192290242761374,-0.0044052044757392,-0.0011136849643662572,-0.007652034667918319
2024-07-11 11:00:00+00:00,-0.0025100745,-0.0026149796321988106,-0.0017621698908523286,-0.0011010539019480348,-0.004423706467069223
2024-07-11 12:00:00+00:00,0.0075582876,-0.0026142399292439222,0.0015761733000536095,-0.0010874168947339058,0.005889466270093107
2024-07-11 13:00:00+00:00,-0.0005346365,-0.0026129952166229486,-0.0001615065521967906,-0.0010702895233407617,-0.0027455867338831816
2024-07-11 14:00:00+00:00,0.0058933203,-0.0026132180355489254,0.0010360113670733432,-0.001054916880093515,0.004313629401781761
2024-07-11 15:00:00+00:00,-0.0036347876,-0.002617965452373028,-0.0007335964838607694,-0.0010366194183006883,-0.005978706732342817
2024-07-11 16:00:00+00:00,0.0002152782,-0.0026192497462034225,-8.070179378624078e-05,-0.0010245508747175336,-0.001799960159033419
2024-07-11 17:00:00+00:00,-0.00029016845,-0.0026190730277448893,-0.0005552500371013374,-0.0010117574129253626,-0.002757654002279336
2024-07-11 18:00:00+00:00,0.0028979024,-0.0026178222615271807,0.0005659276852386709,-0.0010065906681120396,0.0007763574990160738
2024-07-12 10:00:00+00:00,-0.0026732485,-0.0026159172412008047,-0.0008724534791416882,-0.0010013573337346315,-0.004970939101354835
2024-07-12 11:00:00+00:00,-0.0013018213,-0.0026096897199749947,-0.0009667490086842237,-0.0009926366619765759,-0.003506267003222239
2024-07-12 12:00:00+00:00,0.00044037384,-0.002602906199172139,-2.7272874316939478e-05,-0.0009857863187789917,-0.0017327955069850265
2024-07-12 13:00:00+00:00,-9.367637e-06,-0.002592840464785695,-5.480756841038943e-05,-0.0009779041865840554,-0.0023375579617792982
2024-07-12 14:00:00+00:00,-0.004092673,-0.0025820531882345676,-0.0010449484430055868,-0.0009687928250059485,-0.006557604011918372
2024-07-12 15:00:00+00:00,-0.00049864757,-0.00257323682308197,-0.00219766718938703,-0.0009630637941882014,-0.0025431133424982217
2024-07-12 16:00:00+00:00,0.009972599,-0.002563964808359742,0.0024370088064015975,-0.0009573647403158247,0.008109480269329767
2024-07-12 17:00:00+00:00,-0.002612283,-0.0025569170247763395,-0.00041885753792605224,-0.0009477523854002357,-0.004994736425763513
2024-07-12 18:00:00+00:00,-0.0027971,-0.002551659941673279,-0.002160643711971483,-0.0009439613786526024,-0.0054556918952185195
2024-07-15 10:00:00+00:00,-0.007494264,-0.0025462487246841192,-0.0073532966762869115,-0.0009403020376339555,-0.010213306762566227
2024-07-15 11:00:00+00:00,0.0045108115,-0.002540977206081152,0.00039769383726880725,-0.000942033773753792,0.0021660039271462366
2024-07-15 12:00:00+00:00,-0.0023140756,-0.002537225838750601,-0.0009543410264158892,-0.0009404266020283103,-0.005140317376356281
2024-07-15 13:00:00+00:00,0.0003013211,-0.002534386469051242,-0.0006961557967966628,-0.0009425603202544153,-0.0023688706017597465
2024-07-15 14:00:00+00:00,-0.0040471563,-0.0025335303507745266,-0.00406516375533447,-0.0009387448662891984,-0.006773809401553579
2024-07-15 15:00:00+00:00,-0.00050113705,-0.002535681240260601,-0.000377084839047542,-0.0009358212118968368,-0.0031692291857757598
2024-07-15 16:00:00+00:00,-0.0043315757,-0.0025334106758236885,-0.00401864309101048,-0.0009393513901159167,-0.00730033164781637
2024-07-15 17:00:00+00:00,-0.004693928,-0.002532882383093238,-0.004644938644207473,-0.0009459491120651364,-0.007522978075552078
2024-07-15 18:00:00+00:00,-0.0024652677,-0.0025315764360129833,-0.0030631040808416893,-0.0009519730811007321,-0.005211820347653958
2024-07-16 10:00:00+00:00,-0.0013690304,-0.0025298641994595528,-0.0026929716422812847,-0.000957919517531991,-0.004023662057557231
2024-07-16 11:00:00+00:00,-0.0077998787,-0.0025283568538725376,-0.006102325789759711,-0.000957952463068068,-0.01050302767723235
2024-07-16 12:00:00+00:00,0.008364951,-0.0025234778877347708,0.0038731281759576833,-0.0009582336060702801,0.006023883663747844
2024-07-16 13:00:00+00:00,-0.0040679714,-0.0025151148438453674,-0.0009416657327876775,-0.0009559954050928354,-0.006729811742509801
2024-07-16 14:00:00+00:00,0.0018249582,-0.002504807896912098,0.0005273798002150046,-0.0009581338381394744,-0.0004944224896990894
2024-07-16 15:00:00+00:00,-0.0021134142,-0.0024928816128522158,9.331820406034182e-05,-0.0009572245762683451,-0.004790202065090463
2024-07-16 16:00:00+00:00,-0.0013375997,-0.002483250107616186,-0.0015501887751654072,-0.0009569854009896517,-0.003947740462383263
2024-07-16 17:00:00+00:00,0.0088773575,-0.0024763857945799828,0.006489223633412193,-0.0009519522427581251,0.006327340427883545
2024-07-16 18:00:00+00:00,0.0029448646,-0.002469373634085059,0.0036350468492232267,-0.0009403083240613341,0.000394177609744608
2024-07-17 10:00:00+00:00,-0.0010282876,-0.0024601309560239315,0.0007558565058781568,-0.0009272316237911582,-0.0037172308777766298
2024-07-17 11:00:00+00:00,0.0085747065,-0.0024531639646738768,0.005317018377972545,-0.0009226946858689189,0.006134584759662256
2024-07-17 12:00:00+00:00,0.00012277413,-0.00243955641053617,0.0007282989350964434,-0.0009175398736260831,-0.0028487535299745563
2024-07-17 13:00:00+00:00,-0.002638237,-0.0024237947072833776,-0.0014881194773354355,-0.0009176569292321801,-0.005779376419399679
2024-07-17 14:00:00+00:00,-0.00059669546,-0.00240615988150239,-0.001028358227067681,-0.0009170158882625401,-0.003481280641838343
2024-07-17 15:00:00+00:00,0.0025925625,-0.0023857217747718096,0.0008573157252747973,-0.0009146742522716522,-0.0002964079584999086
2024-07-17 16:00:00+00:00,0.0015862827,-0.002361828228458762,0.0009452471588013141,-0.0009144110372290015,-0.0013469552232654948
2024-07-17 17:00:00+00:00,-0.0006889685,-0.002335821744054556,-7.616432504676592e-05,-0.000913551077246666,-0.0035419536711196265
2024-07-17 18:00:00+00:00,-0.004902527,-0.0023087116423994303,-0.0029418466294794977,-0.0009228052804246545,-0.007945576935092893
2024-07-18 10:00:00+00:00,-0.008690321,-0.002284781076014042,-0.005322717160380587,-0.0009348713210783899,-0.011736826371160193
2024-07-18 11:00:00+00:00,0.0025329415,-0.0022620060481131077,-0.00039468046148076653,-0.000946433690842241,-0.00032763189370820563
2024-07-18 12:00:00+00:00,0.002402747,-0.0022377180866897106,0.0016331771696357616,-0.0009518900187686086,-0.0005255219782780321
2024-07-18 13:00:00+00:00,9.522812e-05,-0.0022136052139103413,-0.00024368645660976187,-0.0009570381371304393,-0.002417637567973305
2024-07-18 14:00:00+00:00,-0.00021903824,-0.002190719824284315,-0.00011335054233920015,-0.0009633871959522367,-0.002885275999608598
2024-07-18 15:00:00+00:00,0.0012278991,-0.002168313367292285,0.0010328710891518795,-0.0009678248316049576,-0.0013853276701334685
2024-07-18 16:00:00+00:00,0.004281076,-0.0021486813202500343,0.002087647158968007,-0.0009767041774466634,0.0017358412481472889
2024-07-18 17:00:00+00:00,0.0075209257,-0.0021302204113453627,0.006729883315344096,-0.0009789220057427883,0.005172301639206084
2024-07-18 18:00:00+00:00,0.004511758,-0.002108166925609112,0.004820576678755107,-0.0009839158738031983,0.00197100292445575
2024-07-19 10:00:00+00:00,-0.00043996162,-0.0020842438098043203,-0.0008581263973443775,-0.0009907728526741266,-0.003340361222789663
2024-07-19 11:00:00+00:00,-0.0005338303,-0.0020544202998280525,-0.000712335521637245,-0.000993411522358656,-0.003495048679704726
2024-07-19 12:00:00+00:00,0.0062382882,-0.0020255176350474358,0.004614239032482662,-0.0010008240351453424,0.00368279713046564
2024-07-19 13:00:00+00:00,0.006791576,-0.001994376303628087,0.005687365744515477,-0.0010017178719863296,0.004199231840248622
2024-07-19 14:00:00+00:00,-0.0011657601,-0.001961778849363327,0.0006563914589614234,-0.001010253094136715,-0.004140558187817381
2024-07-19 15:00:00+00:00,0.00049052504,-0.0019290182972326875,0.0004943645183397291,-0.0010201958939433098,-0.002563142659497337
2024-07-19 16:00:00+00:00,-0.0018337583,-0.0018919648136943579,-0.0014644382933595235,-0.0010325598996132612,-0.004805440026476196
2024-07-19 17:00:00+00:00,-0.0010944472,-0.0018669028067961335,-0.0011469692095502737,-0.0010408081579953432,-0.004246414553690396
2024-07-19 18:00:00+00:00,-0.0008819939,-0.0018316928762942553,-0.0004682514254542047,-0.0010522721568122506,-0.0036528623260525216
2024-07-22 10:00:00+00:00,0.0075690644,-0.0017995735397562385,0.005121740259561392,-0.0010726192267611623,0.005380269342444623
2024-07-22 11:00:00+00:00,0.0013541587,-0.00176381622441113,0.0013868052753190432,-0.001086811418645084,-0.0013385162204113624
2024-07-22 12:00:00+00:00,-0.0034211713,-0.001732070348225534,-0.0018809921701798276,-0.0011080179829150438,-0.006214702031818544
2024-07-22 13:00:00+00:00,-0.00013856876,-0.0016975009348243475,-0.0011329192778413528,-0.0011194774415344,-0.00258575910060187
2024-07-22 14:00:00+00:00,0.0022701067,-0.0016598744550719857,0.0006929072131037494,-0.0011323392391204834,-4.502583465703595e-05
2024-07-22 15:00:00+00:00,-0.0020022243,-0.0016412284458056092,-0.0006275418663340608,-0.0011273398995399475,-0.0043516104930088175
2024-07-22 16:00:00+00:00,-0.002191351,-0.0016016059089452028,-0.0018697315154606372,-0.0011379491770640016,-0.004550647177944267
2024-07-22 17:00:00+00:00,0.0047280537,-0.0015668260166421533,0.0015880621722543797,-0.001142846536822617,0.0031573554037159224
2024-07-22 18:00:00+00:00,-2.7638434e-05,-0.0015271789161488414,0.0005757617768227868,-0.0011473617050796747,-0.002201639475892342
2024-07-23 10:00:00+00:00,-0.0005713654,-0.0014852258609607816,-0.0006026577948054872,-0.0011548075126484036,-0.0024955975286136984
2024-07-23 11:00:00+00:00,-0.0015498587,-0.0014420286752283573,-0.001258714784337203,-0.0011674457928165793,-0.0037423394025477737
2024-07-23 12:00:00+00:00,-0.0034126097,-0.0013931674184277654,-0.0030178970938934567,-0.00117822689935565,-0.005527084636591562
2024-07-23 13:00:00+00:00,0.002701454,-0.0013424149947240949,0.0008565043191723003,-0.001195952296257019,0.001262781928810236
2024-07-23 14:00:00+00:00,-0.0016273998,-0.0013009080430492759,-0.0014483437835722908,-0.001207537017762661,-0.0034474838953629074
2024-07-23 15:00:00+00:00,0.00065682665,-0.0012569120153784752,-0.0005969568673771813,-0.001217847689986229,-0.0009554631457472365
2024-07-23 16:00:00+00:00,-4.624128e-05,-0.0012107033981010318,0.00011740639630914321,-0.001230723923072219,-0.0015580318100293685
2024-07-23 17:00:00+00:00,0.004898918,-0.001167316222563386,0.005964890197174536,-0.001242659636773169,0.0037724119438321668
2024-07-23 18:00:00+00:00,0.0055982964,-0.0011173752136528492,0.005589548209949501,-0.0012588785029947758,0.004737972946305923
2024-07-24 10:00:00+00:00,0.0026961707,-0.0010621766559779644,0.0027320648938679126,-0.0012715450720861554,0.0014252780373255891
2024-07-24 11:00:00+00:00,0.0017235645,-0.0009992981795221567,0.0017206605527325294,-0.0012866220204159617,0.00022460648273695655
2024-07-24 12:00:00+00:00,-0.00033718362,-0.0009271763847209513,0.0005043036877110399,-0.0013001544866710901,-0.0022710509464739935
2024-07-24 13:00:00+00:00,-0.00074767723,-0.0008534127846360207,-0.00029006460487955755,-0.001312669483013451,-0.0022876106927575864
2024-07-24 14:00:00+00:00,0.0023050618,-0.0007793415570631623,0.002101370564313311,-0.0013228534953668714,0.0008861438045340241
2024-07-24 15:00:00+00:00,-0.00030946228,-0.0007091250154189765,0.0005310863229976008,-0.001338923117145896,-0.0019339002956494929
2024-07-24 16:00:00+00:00,0.002200561,-0.0006438920390792191,0.001994258074371959,-0.0013550752773880959,0.0007228456887142928
2024-07-24 17:00:00+00:00,0.0005902357,-0.0005907317972742021,0.0020051878152824816,-0.0013716040411964059,-0.0010115593062385733
2024-07-24 18:00:00+00:00,0.008307955,-0.0005417623906396329,0.0027714355206093586,-0.0013850900577381253,0.007719331357141807
2024-07-25 10:00:00+00:00,-0.005651671,-0.0005040598916821182,-0.0032808731510677765,-0.001410547993145883,-0.007738004040758657
2024-07-25 11:00:00+00:00,-0.004528077,-0.0004666251770686358,-0.0033265940966230763,-0.0014283879427239299,-0.006247684206796232
2024-07-25 12:00:00+00:00,0.0020987128,-0.00043388718040660024,9.148931083478135e-05,-0.00144934409763664,0.0009120109103815117
2024-07-25 13:00:00+00:00,0.0037322603,-0.0004037092730868608,0.001901589044614844,-0.001466612215153873,0.0030957319823642798
2024-07-25 14:00:00+00:00,-0.0021905615,-0.0003723663976415992,-0.0010670513999698197,-0.0014876998029649258,-0.00340220802219805
2024-07-25 15:00:00+00:00,-0.00062546175,-0.00037754757795482874,-0.001629832829562098,-0.0015029223868623376,-0.001549936351142765
2024-07-25 16:00:00+00:00,0.0012958123,-0.00036404537968337536,0.0002665701124202119,-0.0015173169085755944,0.000637147767958344
2024-07-25 17:00:00+00:00,0.015839193,-0.0003476908023003489,0.010348358180940369,-0.0015296066412702203,0.01680997085062515
2024-07-25 18:00:00+00:00,-0.00012479609,-0.0003372686915099621,0.0016138348238459125,-0.0015440788120031357,-0.0013204460834535235
2024-07-26 10:00:00+00:00,0.0014520191,-0.00032472959719598293,0.0013873194531541315,-0.001554874237626791,0.00022948145144005636
2024-07-26 11:00:00+00:00,0.0009875929,-0.00030829745810478926,0.0009503514813489133,-0.0015693315071985126,-6.771004712806546e-05
2024-07-26 12:00:00+00:00,0.0028328001,-0.00029290560632944107,0.002984813077298918,-0.0015846313908696175,0.0019309008885473123
2024-07-26 13:00:00+00:00,-0.011577011,-0.00027850319747813046,-0.009808676070209571,-0.0015985843492671847,-0.013778519960184284
2024-07-26 14:00:00+00:00,-0.009237753,-0.0002701254852581769,-0.009282614194983354,-0.0016033462015911937,-0.010848727237775116
2024-07-26 15:00:00+00:00,-0.00028977633,-0.00026735366554930806,-0.0007048964189599956,-0.0016041576163843274,-0.0010597772702600275
2024-07-26 16:00:00+00:00,0.0042206165,-0.00026246573543176055,0.0027830501091476293,-0.0016071529826149344,0.0036883173604738586
2024-07-26 17:00:00+00:00,-0.0020674127,-0.0002563502930570394,-0.002109215141690616,-0.0016170039307326078,-0.0030077868314116866
2024-07-26 18:00:00+00:00,-0.0040841703,-0.0002563677553553134,-0.0028945707513569736,-0.0016298650298267603,-0.004821068638824603
2024-07-29 10:00:00+00:00,-0.013704977,-0.0002646121720317751,-0.012492863513303492,-0.0016468579415231943,-0.014748394281886151
2024-07-29 11:00:00+00:00,-0.006238312,-0.0002693423011805862,-0.0062344375158501645,-0.0016651828773319721,-0.006490269452498248
2024-07-29 12:00:00+00:00,-0.0016583982,-0.00027296689222566783,-0.0019741378893121954,-0.0016809629742056131,-0.0017243285176938399
2024-07-29 13:00:00+00:00,-0.0012989907,-0.0002815409970935434,-0.0012602514037820278,-0.0016942305956035852,-0.0011827043264355306
2024-07-29 14:00:00+00:00,0.0045760735,-0.0002992195950355381,0.0018436750521349165,-0.0017070890171453357,0.0051555075137510046
2024-07-29 15:00:00+00:00,0.0010530498,-0.0003171513380948454,0.0011246565473993235,-0.001714142388664186,0.0013030504451844835
2024-07-29 16:00:00+00:00,0.0011441649,-0.00033519091084599495,0.0007187536614034386,-0.0017183212330564857,0.0014978169443404569
2024-07-29 17:00:00+00:00,-0.019555882,-0.0003499616286717355,-0.01570250746816104,-0.001720210537314415,-0.020481633871110433
2024-07-29 18:00:00+00:00,-0.0050816326,-0.0003591514832805842,-0.005098628127702068,-0.0017203981988132,-0.0046268952448823095
2024-07-30 10:00:00+00:00,0.006068563,-0.00037386230542324483,0.0030817141856147355,-0.0017143848817795515,0.006780064093679929
2024-07-30 11:00:00+00:00,-0.0015419188,-0.0003844313323497772,0.000283232875679306,-0.0017015030607581139,-0.0014336043880016287
2024-07-30 12:00:00+00:00,0.004309522,-0.0003839733835775405,0.002119598435196933,-0.0016876348527148366,0.004545266524629115
2024-07-30 13:00:00+00:00,0.0022366245,-0.00038273012614808977,0.0020088309292589455,-0.0016734182136133313,0.0022297973812276306
2024-07-30 14:00:00+00:00,0.0018025007,-0.0003793431678786874,0.0018027469658947423,-0.0016629251185804605,0.0020076916300346827
2024-07-30 15:00:00+00:00,0.0013520761,-0.0003918111906386912,0.0016403994738606311,-0.0016567070269957185,0.001516793545389418
2024-07-30 16:00:00+00:00,-0.0005499345,-0.00038501230301335454,0.001117994205564682,-0.0016531203873455524,-0.0006627350030469285
2024-07-30 17:00:00+00:00,0.0031092062,-0.0003794743097387254,0.00187245722533765,-0.0016493189614266157,0.0030832766391736153
2024-07-30 18:00:00+00:00,-0.0012462451,-0.0003612188738770783,0.00010003291259695998,-0.0016412603436037898,-0.0014182700200304702
2024-07-31 10:00:00+00:00,0.00045589666,-0.0003349895996507257,0.0002665944408723611,-0.0016378234140574932,0.0005736586093940939
2024-07-31 11:00:00+00:00,0.0027588531,-0.0003046765341423452,0.0022272557827198638,-0.0016413172706961632,0.0026680989595163377
2024-07-31 12:00:00+00:00,-0.007944126,-0.00027136571588926017,-0.0024974285261372634,-0.0016449736431241035,-0.008259431774958654
2024-07-31 13:00:00+00:00,0.0006075817,-0.00023910586605779827,0.0005359442950658646,-0.0016489052213728428,0.0004590246986509055
2024-07-31 14:00:00+00:00,0.0047823116,-0.0002068489557132125,0.003321116122032676,-0.0016526448307558894,0.004901074184891126
2024-07-31 15:00:00+00:00,0.0009388581,-0.00017190110520459712,0.0009472102245156836,-0.001654764637351036,0.0004479071371134436
2024-07-31 16:00:00+00:00,0.0022459615,-0.00013714061060454696,0.0014008854212551791,-0.001649503014050424,0.001991017303037198
2024-07-31 17:00:00+00:00,-0.0004358046,-9.758809756021947e-05,1.0312254681866585e-05,-0.0016442162450402975,-0.0008257351608631557
2024-07-31 18:00:00+00:00,-0.0015593242,-6.313771154964343e-05,-0.001527668919378114,-0.0016429017996415496,-0.0020474464607846666
2024-08-01 10:00:00+00:00,0.0072284676,-2.950376619992312e-05,0.004512795219980589,-0.0016471437411382794,0.007087692409230431
2024-08-01 11:00:00+00:00,-0.0030941619,6.9807633735763375e-06,-0.0007335743542628626,-0.001650070189498365,-0.003973384267031904
2024-08-01 12:00:00+00:00,-0.00038860104,3.831920548691414e-05,-0.0009894346690928644,-0.0016528450651094317,-0.000923917646517323
2024-08-01 13:00:00+00:00,0.0002683359,6.246133125387132e-05,0.0003120453565457136,-0.001652972074225545,-8.357338437821294e-05
2024-08-01 14:00:00+00:00,-0.0020281821,8.150809298967943e-05,-0.0008709749317616423,-0.0016520717181265354,-0.0026438191747052754
2024-08-01 15:00:00+00:00,-0.0010295558,7.800255116308108e-05,-0.0010051095453511563,-0.0016467777313664556,-0.001710099689272751
2024-08-01 16:00:00+00:00,0.0018635533,6.142642087070271e-05,0.0006857744512370324,-0.0016404339112341404,0.001293096712859176
2024-08-01 17:00:00+00:00,0.0012404423,4.3448282667668536e-05,0.001196236330087212,-0.0016368359792977571,0.00035398074902095837
2024-08-01 18:00:00+00:00,-0.0026493762,2.5496961825410835e-05,-0.0013884769337939465,-0.0016334154643118382,-0.0038193169579358224
2024-08-02 10:00:00+00:00,-0.0037079242,1.2079201951564755e-05,-0.00366782610591378,-0.0016291325446218252,-0.004632780071353316
2024-08-02 11:00:00+00:00,-0.004020809,1.155660584117868e-06,-0.004370850755765036,-0.0016216071089729667,-0.004703978659543851
2024-08-02 12:00:00+00:00,-0.0014312377,-1.6825842976686545e-05,-0.0017557309684978473,-0.00161276466678828,-0.0019789503005606373
2024-08-02 13:00:00+00:00,-0.00028087522,-3.268986984039657e-05,-0.0007859759665587595,-0.001599863637238741,-0.0010221318819668374
2024-08-02 14:00:00+00:00,-0.0039217575,-4.871951023233123e-05,-0.0013025271012140909,-0.0015887669287621975,-0.004744705966758845
2024-08-02 15:00:00+00:00,-0.0014205015,-5.7740679039852694e-05,-0.0014452830118315645,-0.0015771882608532906,-0.0021581447383460187
2024-08-02 16:00:00+00:00,0.0029797875,-6.595197919523343e-05,0.0024575108978364835,-0.0015707827406004071,0.002493157639107667
2024-08-02 17:00:00+00:00,0.0022220043,-6.11924406257458e-05,0.0023964596018069516,-0.0015587294474244118,0.0015234400494915934
2024-08-02 18:00:00+00:00,-0.0020530713,-5.6106564443325624e-05,-0.0005115073086978478,-0.0015473704552277923,-0.002869952391466453
2024-08-05 10:00:00+00:00,-0.017398987,-5.6594075431348756e-05,-0.01535167648544031,-0.001536163967102766,-0.01871863274037116
2024-08-05 11:00:00+00:00,-0.004469399,-6.446587212849408e-05,-0.005135691919661745,-0.0015249308198690414,-0.004973420840411359
2024-08-05 12:00:00+00:00,-0.0006812545,-6.38493656879291e-05,-0.0013491773849683157,-0.001511131413280964,-0.0011101140490949654
2024-08-05 13:00:00+00:00,0.00094020134,-5.651088213198818e-05,0.0008865967743084597,-0.0014991844072937965,0.0005335488952695752
2024-08-05 14:00:00+00:00,-0.003900888,-4.6743596612941474e-05,-0.002804397131914037,-0.0014812186127528548,-0.004394898276468843
2024-08-05 15:00:00+00:00,-0.005115298,-3.861471122945659e-05,-0.00497205253593585,-0.0014631495578214526,-0.005422013868621079
2024-08-05 16:00:00+00:00,0.00065776746,-1.7788139302865602e-05,-0.0009350664409296632,-0.001441110041923821,0.00013304263639271933
2024-08-05 17:00:00+00:00,0.014324361,7.953017302497756e-06,0.006889938689184509,-0.0014226316707208753,0.014133702872397976
2024-08-05 18:00:00+00:00,-4.7662852e-05,5.45990296814125e-05,0.001145408407089657,-0.0014011820312589407,-0.0007358059731241673
2024-08-06 10:00:00+00:00,0.011760772,0.00010602620022837073,0.006699535978324356,-0.0013796661514788866,0.01162618671230661
2024-08-06 11:00:00+00:00,-0.007945408,0.00016802681784611195,-0.0005365483070053993,-0.0013595425989478827,-0.008716097399706507
2024-08-06 12:00:00+00:00,0.0003797877,0.00023998072720132768,-0.0001624532525590123,-0.0013429089449346066,-0.00016563017973402925
2024-08-06 13:00:00+00:00,0.0022094008,0.00030993035761639476,0.0010709641543254708,-0.0013183160917833447,0.0014087660871295983
2024-08-06 14:00:00+00:00,-0.003463248,0.0003855376271530986,-2.5815246210629964e-05,-0.0012892988743260503,-0.0045272520394179835
2024-08-06 15:00:00+00:00,-0.0052700164,0.00041538046207278967,-0.0017834974592168269,-0.0012777770170941949,-0.006311786831371672
2024-08-06 16:00:00+00:00,0.00036302497,0.0004803197516594082,-0.00036226135894237014,-0.0012637737672775984,-0.0006414369515439378
2024-08-06 17:00:00+00:00,-7.641536e-05,0.0005466139991767704,-0.0004299251378543428,-0.0012591175036504865,-0.00120543010920418
2024-08-06 18:00:00+00:00,0.00021012819,0.0006273221806623042,0.00018129092596108382,-0.001271323300898075,-0.0010873138780184272
2024-08-07 10:00:00+00:00,0.0003437509,0.0006973826675675809,0.0006531158590751095,-0.001281753065995872,-0.0005902126939307136
2024-08-07 11:00:00+00:00,-0.005984745,0.0007720120484009385,-0.004473794783574528,-0.0012950904201716185,-0.006996156625836856
2024-08-07 12:00:00+00:00,0.004723747,0.0008394827600568533,0.0007608887747414842,-0.0013038857141509652,0.004183691883074821
2024-08-07 13:00:00+00:00,-0.0037733726,0.0009049651562236249,-0.0022493005443802267,-0.0013017392484471202,-0.004754847070057014
2024-08-07 14:00:00+00:00,0.0042225467,0.0009571528644300997,0.0005240018479106223,-0.0013005307409912348,0.00339220689728148
2024-08-07 15:00:00+00:00,0.0055169533,0.000981363351456821,0.004589654497490747,-0.0012914661783725023,0.004805512074836838
2024-08-07 16:00:00+00:00,0.00038951353,0.0010242174612358212,0.003118832355356785,-0.001299493946135044,-0.0006225796232299433
2024-08-07 17:00:00+00:00,-0.0025678838,0.0010504144011065364,-0.0015194147427569052,-0.0013104417594149709,-0.003852918867011412
2024-08-07 18:00:00+00:00,0.0033844197,0.0010828642407432199,0.0015123413049223412,-0.001317014335654676,0.0024525723888396706
2024-08-08 10:00:00+00:00,0.0005408252,0.001113641308620572,0.0013403027781322303,-0.0013227842282503843,-0.0005308755306746947
2024-08-08 11:00:00+00:00,0.0014597159,0.0011491739423945546,0.0015009062460564478,-0.0013249855255708098,0.00017442220305998054
2024-08-08 12:00:00+00:00,-0.00243721,0.0011841722298413515,-0.001489401720041326,-0.0013232202036306262,-0.0036208603699512823
2024-08-08 13:00:00+00:00,-0.0035002318,0.0012214300222694874,-0.0032707219254236057,-0.0013220629189163446,-0.0047411526398784
2024-08-08 14:00:00+00:00,0.0011998287,0.0012487845961004496,-0.00045529202576259257,-0.0013208850286900997,-4.7301554665880744e-05
2024-08-08 15:00:00+00:00,-0.0018956268,0.0012735967757180333,-0.0008025846824350116,-0.0013245323207229376,-0.0033890972149792755
2024-08-08 16:00:00+00:00,-0.00245345,0.0012952478136867285,-0.001898409433321099,-0.0013212576741352677,-0.003921486783477186
2024-08-08 17:00:00+00:00,-0.00534776,0.0013104864628985524,-0.008283949994625476,-0.0013081771321594715,-0.0068476676342230005
2024-08-08 18:00:00+00:00,-0.0024437893,0.001325312303379178,-0.0022984907769306364,-0.0012967695947736502,-0.003742993479402207
2024-08-09 10:00:00+00:00,0.004056879,0.0013482834910973907,0.004225538470859479,-0.0012787504820153117,0.0030323492560503412
2024-08-09 11:00:00+00:00,-0.0019302523,0.0013769600773230195,0.0004991018547931417,-0.0012666071997955441,-0.0030355647104712896
2024-08-09 12:00:00+00:00,-0.0029072026,0.0014010320883244276,-0.002129759575575815,-0.0012529711239039898,-0.0037952328335824296
2024-08-09 13:00:00+00:00,-5.7844707e-05,0.0014187968336045742,-0.0004733157452380611,-0.001235608709976077,-0.0013092357842673108
2024-08-09 14:00:00+00:00,0.00053011795,0.0014348773984238505,0.0003115961295681532,-0.0012185637606307864,-0.0004897240526503622
2024-08-09 15:00:00+00:00,0.00093425094,0.0014514393405988812,0.0004963116189573293,-0.0011999306734651327,-0.0004031348558821155
2024-08-09 16:00:00+00:00,-0.0032495582,0.001473328098654747,-0.0013841598337677016,-0.0011785095557570457,-0.004651593684237574
2024-08-09 17:00:00+00:00,0.00059863477,0.001469118520617485,0.00011248063577147427,-0.0011617715936154127,-0.0007555383494306208
2024-08-09 18:00:00+00:00,0.00055004173,0.0014895187923684716,0.0006925355874781131,-0.001145328744314611,-0.000721794825413539
2024-08-12 10:00:00+00:00,-0.022428567,0.0015165540389716625,-0.01354428933268859,-0.0011347727850079536,-0.024043847585571147
2024-08-12 11:00:00+00:00,-0.0041919663,0.0015539650339633226,-0.004519744585213988,-0.0011243371991440654,-0.005263244205340466
2024-08-12 12:00:00+00:00,0.0020388577,0.0016014521243050694,0.0009452073767293972,-0.001105654169805348,0.0008673734201502055
2024-08-12 13:00:00+00:00,0.0029420787,0.0016490189591422677,0.0029678607392272845,-0.0010890258708968759,0.0016316826206553116
2024-08-12 14:00:00+00:00,0.0028646404,0.0016765898326411843,0.0028869716462509008,-0.001075858366675675,0.001714683967336928
2024-08-12 15:00:00+00:00,0.0040711677,0.0017090465407818556,0.002604897391720198,-0.0010650008916854858,0.002946650754905489
2024-08-12 16:00:00+00:00,-0.0029413516,0.0017430743901059031,-0.0006670862858854405,-0.0010531670413911343,-0.0040467531471839475
2024-08-12 17:00:00+00:00,-0.020083684,0.0017882585525512695,-0.015581513598744033,-0.0010389883536845446,-0.021107929038361232
2024-08-12 18:00:00+00:00,-0.0018751478,0.0018392261117696762,-0.002575900356879932,-0.0010391370160505176,-0.0030813507548920734
2024-08-13 10:00:00+00:00,0.008793726,0.0018757820362225175,0.0059254874110381715,-0.0010253085056319833,0.007727390300263872
2024-08-13 11:00:00+00:00,0.001471378,0.001899628434330225,0.002289223877153505,-0.0010083247907459736,0.0004962758719972355
2024-08-13 12:00:00+00:00,0.0033027062,0.0019164421828463674,0.0017934197842994141,-0.0009940911550074816,0.002090195943448847
2024-08-13 13:00:00+00:00,-0.00050511304,0.0019234437495470047,0.0003252273460022879,-0.0009870004141703248,-0.0021596975341601882
2024-08-13 14:00:00+00:00,-0.0005053683,0.001918472582474351,0.0007721016659416658,-0.00098907551728189,-0.0019514779608778103
2024-08-13 15:00:00+00:00,0.0015549253,0.0018986259819939733,0.0010408100698151438,-0.0009917722782120109,7.109216812661552e-05
2024-08-13 16:00:00+00:00,0.0024216557,0.0018763092812150717,0.0014992766750125315,-0.0009955386631190777,0.0006646888669671425
2024-08-13 17:00:00+00:00,-0.031092562,0.0018500995356589556,-0.026515344562042242,-0.0009779176907613873,-0.03225692532914101
2024-08-13 18:00:00+00:00,-0.0012432362,0.0018129696836695075,-0.0026428744724407882,-0.0009912584209814668,-0.0028234331460536936
2024-08-14 10:00:00+00:00,0.004841935,0.0017612808151170611,0.002284544460540989,-0.0009914743714034557,0.003390355860532997
2024-08-14 11:00:00+00:00,0.0025437956,0.0017087735468521714,0.0027882692380430587,-0.0009958816226571798,0.0011880439452232239
2024-08-14 12:00:00+00:00,-0.0010633505,0.0016551475273445249,-0.00010607921571821212,-0.000999412382952869,-0.0024560679939185036
2024-08-14 13:00:00+00:00,-0.0044173943,0.0015970628010109067,-0.0026330094101484833,-0.0010024746879935265,-0.006036905870992493
2024-08-14 14:00:00+00:00,-2.0354992e-05,0.001537055242806673,-0.0011826073135958902,-0.0010127724381163716,-0.0010003615268995465
2024-08-14 15:00:00+00:00,-0.000101781174,0.0014641678426414728,-9.377983281730836e-05,-0.0010216719238087535,-0.0014542099580586608
2024-08-14 16:00:00+00:00,-0.00049887755,0.001397775369696319,-0.0004997537387684806,-0.0010213309433311224,-0.0018922477358358095
2024-08-14 17:00:00+00:00,0.026063742,0.0013138212962076068,0.012935455088390283,-0.0010261376155540347,0.024107082085594977
2024-08-14 18:00:00+00:00,-0.00267251,0.0012571177212521434,0.0009486469169888555,-0.0010096420301124454,-0.003803115018828738
2024-08-15 10:00:00+00:00,-0.006928042,0.0012256515910848975,-0.00445355284146982,-0.0010130050359293818,-0.008151634400234834
2024-08-15 11:00:00+00:00,-0.0021359923,0.001189584145322442,-0.0017716288218295152,-0.0010218220995739102,-0.003628083545333979
2024-08-15 12:00:00+00:00,0.0054263077,0.0011599736753851175,0.00021387576936795946,-0.001035743742249906,0.0035872762859320644
2024-08-15 13:00:00+00:00,-0.0027595325,0.001144201261922717,-0.0009766890249798994,-0.0010425543878227472,-0.0044770741027636085
2024-08-15 14:00:00+00:00,-0.0014127055,0.0011275779688730836,-0.0013363668816039674,-0.0010479142656549811,-0.003242416304154403
2024-08-15 15:00:00+00:00,-0.0029017979,0.0011141698341816664,-0.0017525068493859889,-0.001044052536599338,-0.004891523933816156
2024-08-15 16:00:00+00:00,0.00075387117,0.0011121956631541252,-0.0005598357625478959,-0.0010567649733275175,-0.0013485984440683718
2024-08-15 17:00:00+00:00,0.011846279,0.001111303921788931,0.004879179822793574,-0.0010759811848402023,0.009729067354677554
2024-08-15 18:00:00+00:00,-0.00021847288,0.001145382528193295,0.0011467172509897253,-0.00108958943746984,-0.002482700287388172
2024-08-16 10:00:00+00:00,-0.0008843095,0.0011630314402282238,-0.000492220677792556,-0.001097559230402112,-0.0030084555687508634
2024-08-16 11:00:00+00:00,-0.0011836145,0.0011963059660047293,-0.0008708320089161748,-0.001091690151952207,-0.003201903615869332
2024-08-16 12:00:00+00:00,-0.00010948051,0.0012263741809874773,-0.0002783697471855622,-0.0010867075761780143,-0.0019839831267293496
2024-08-16 13:00:00+00:00,-0.0008264669,0.0012414754601195455,-0.001341229831740398,-0.001078314264304936,-0.0026080414198819514
2024-08-16 14:00:00+00:00,-0.00010958304,0.0012553561246022582,-0.0006285948325361722,-0.0010732102673500776,-0.0022073094094472406
2024-08-16 15:00:00+00:00,0.001841392,0.0012695970945060253,0.0007567765147872437,-0.0010698336409404874,-4.5635528475861846e-05
2024-08-16 16:00:00+00:00,0.0021158983,0.001276400056667626,0.001985416037056346,-0.0010775662958621979,0.0001614089202565329
2024-08-16 17:00:00+00:00,-0.0030610545,0.0012858962872996926,-0.00118837039902498,-0.0010917098261415958,-0.0049252227650784085
2024-08-16 18:00:00+00:00,-0.0025214662,0.0012933791149407625,-0.0025851935197178733,-0.0011163447052240372,-0.004637642706001888
2024-08-19 10:00:00+00:00,-0.0067283683,0.0012885755859315395,-0.00591361543798264,-0.0011332836002111435,-0.009021537141213629
2024-08-19 11:00:00+00:00,0.001184751,0.001295367139391601,-0.0009734302673440078,-0.0011448997538536787,-0.0005233096216042982
2024-08-19 12:00:00+00:00,-0.0050600423,0.0012912920210510492,-0.0032842126636375697,-0.0011530945776030421,-0.006844264170537695
2024-08-19 13:00:00+00:00,-0.0012210568,0.0012915582628920674,-0.0009555794652443358,-0.0011673541739583015,-0.0030646297585129488
2024-08-19 14:00:00+00:00,-0.0029123288,0.0012902417220175266,-0.0022247448640886204,-0.0011834691977128386,-0.004593169449666835
2024-08-19 15:00:00+00:00,-0.0019665689,0.0012777933152392507,-0.0019940743600407756,-0.0011768763652071357,-0.0041298252230158325
2024-08-19 16:00:00+00:00,0.0043435846,0.0012837689137086272,0.0043809259697997595,-0.0011803783709183335,0.002388670630063489
2024-08-19 17:00:00+00:00,-0.0074737323,0.001285279868170619,-0.008501297321587721,-0.0011864153202623129,-0.00911705006502379
2024-08-19 18:00:00+00:00,-0.006064523,0.001306089572608471,-0.004595684748428177,-0.001212956733070314,-0.007620705831730343
2024-08-20 10:00:00+00:00,-0.0037756802,0.0013268267503008246,-0.004652923258995451,-0.001239538541994989,-0.005146287233966852
2024-08-20 11:00:00+00:00,0.0016228268,0.001349784666672349,0.002073657880333396,-0.0012674584286287427,-0.00022438799001449328
2024-08-20 12:00:00+00:00,0.005393883,0.0013730269856750965,0.004163459844401902,-0.0012857824331149459,0.0036405712454186546
2024-08-20 13:00:00+00:00,0.0029761624,0.0013991545420140028,0.003062246807146898,-0.0013004146749153733,0.0009827373009094267
2024-08-20 14:00:00+00:00,-0.0002850018,0.0014354961458593607,0.0009580519106773995,-0.0013158012880012393,-0.0017788946281549834
2024-08-20 15:00:00+00:00,-0.0036000425,0.0014567000325769186,-0.0010316610892343908,-0.001333283493295312,-0.005259270464412024
2024-08-20 16:00:00+00:00,0.0036713006,0.001472274074330926,0.0016710628214813463,-0.0013487106189131737,0.0017529946247968379
2024-08-20 17:00:00+00:00,-0.017725753,0.0015132867265492678,-0.017802079753852864,-0.001324028242379427,-0.018732955371032544
2024-08-20 18:00:00+00:00,-0.003653882,0.0015738971997052431,-0.004250480774413204,-0.0013565775007009506,-0.005217853891823464
2024-08-21 10:00:00+00:00,0.0014236949,0.0016181499231606722,-0.0017078396422563415,-0.0013805002672597766,-0.0003365452711400095
2024-08-21 11:00:00+00:00,-0.0047674654,0.001664099283516407,-0.003624885683259693,-0.001397745218127966,-0.006147620570760527
2024-08-21 12:00:00+00:00,-0.0021203822,0.0017058541998267174,-0.0029579769754047008,-0.0014163044979795814,-0.0034268613141284626
2024-08-21 13:00:00+00:00,0.0005644816,0.0017444452969357371,0.001058276637315792,-0.0014306600205600262,-0.0010815791437930027
2024-08-21 14:00:00+00:00,0.0018793073,0.0017839591018855572,0.0019267229041432955,-0.0014371857978403568,0.0001621485478307198
2024-08-21 15:00:00+00:00,0.00025030767,0.001846779603511095,0.000233772085825277,-0.0014027305878698826,-0.0015593836920813349
2024-08-21 16:00:00+00:00,0.005231666,0.0019119802163913846,0.0029942384673273155,-0.0014193560928106308,0.003464900992359169
2024-08-21 17:00:00+00:00,-0.0114767505,0.0019721274729818106,-0.012133384652974914,-0.0014327659737318754,-0.012513821625654373
2024-08-21 18:00:00+00:00,-0.001964214,0.002018675906583667,-0.0025647883930501147,-0.0014342200011014938,-0.0035621671220072
2024-08-22 10:00:00+00:00,0.0016073711,0.002072468400001526,-0.00044073165068071285,-0.001419253763742745,-3.765036202009139e-05
2024-08-22 11:00:00+00:00,0.0031337638,0.0021428766194730997,0.0021726580374062656,-0.0013986666454002261,0.0011837210075937173
2024-08-22 12:00:00+00:00,-0.00087939703,0.0022292386274784803,0.00010131019727483375,-0.001389200915582478,-0.002240551878021908
2024-08-22 13:00:00+00:00,-0.0022333725,0.002322485437616706,-0.0004476655855941853,-0.001386527088470757,-0.0036149008457360106
2024-08-22 14:00:00+00:00,-0.005188475,0.002414654940366745,-0.005262631394593298,-0.001389968441799283,-0.0065256554748345675
2024-08-22 15:00:00+00:00,-0.0030540829,0.002562931040301919,-0.004051052641384652,-0.0013470209669321775,-0.004619395766306048
2024-08-22 16:00:00+00:00,-0.0028617478,0.0026842150837183,-0.0016838375363937756,-0.0013579425867646933,-0.004644807315008112
2024-08-22 17:00:00+00:00,0.0046593966,0.0027682092040777206,0.004710752927467924,-0.0013510463759303093,0.00214561840279767
2024-08-22 18:00:00+00:00,-0.006274065,0.0028543092776089907,-0.0047762253849874285,-0.0013411289546638727,-0.007632630764000218
2024-08-23 10:00:00+00:00,-0.010376741,0.0029271631501615047,-0.007665537189198916,-0.001327622216194868,-0.011657290358939757
2024-08-23 11:00:00+00:00,0.0015885967,0.002987824147567153,0.00024216733188383286,-0.0013170496094971895,-0.0006223601306414035
2024-08-23 12:00:00+00:00,0.0034903302,0.00304104364477098,0.00230404498546699,-0.0013156542554497719,0.0012852679552294837
2024-08-23 13:00:00+00:00,-0.0038979724,0.0030798010993748903,-0.001445092832339862,-0.0013136555207893252,-0.005325302150120679
2024-08-23 14:00:00+00:00,-0.0045166225,0.0031079265754669905,-0.004927630859819563,-0.00131371954921633,-0.00623577866476595
2024-08-23 15:00:00+00:00,0.0012494886,0.003054318018257618,5.622219285531934e-05,-0.0012961101019755006,-0.0009706863877813738
2024-08-23 16:00:00+00:00,-0.000818454,0.002966741332784295,0.0001524970186905923,-0.0012455739779397845,-0.0029785331347165567
2024-08-23 17:00:00+00:00,-0.012499688,0.0029072922188788652,-0.010749505701433066,-0.0012034159153699875,-0.013888343139238835
2024-08-23 18:00:00+00:00,-0.001124264,0.002846543909981847,-0.0016180093654016865,-0.001195592456497252,-0.0035505431203511546
2024-08-26 10:00:00+00:00,0.030630002,0.002743777586147189,0.020727510722491033,-0.0011711684055626392,0.026040731582903334
2024-08-26 11:00:00+00:00,0.0014711878,0.002639280166476965,0.0050250173701997325,-0.0011365420650690794,-0.0004136451871813
2024-08-26 12:00:00+00:00,0.0014690266,0.002529930556192994,0.0014928686682363853,-0.0011059449752792716,-0.00040201476405508116
2024-08-26 13:00:00+00:00,0.004919761,0.002436854410916567,0.004679326561361845,-0.0010707145556807518,0.002696538933409503
2024-08-26 14:00:00+00:00,0.0031058206,0.0023327202070504427,0.0025630513196794056,-0.0010273586958646774,0.001070433920091457
2024-08-26 15:00:00+00:00,0.00097382715,0.002209245227277279,0.0013398657708185763,-0.0009907206986099482,-0.0010729887707423902
2024-08-26 16:00:00+00:00,-0.0002616883,0.0021402423735708,-0.000489704436920168,-0.0009663790697231889,-0.0023028036179293518
2024-08-26 17:00:00+00:00,-0.0043540597,0.0020821369253098965,-0.0037496820193643502,-0.0009462506277486682,-0.006536373395726845
2024-08-26 18:00:00+00:00,-0.0025161484,0.002011675853282213,-0.0014412771970384406,-0.0009277989156544209,-0.004583345213069136
2024-08-27 10:00:00+00:00,0.0057913293,0.0019380147568881512,0.0019872841877231692,-0.0008991117356345057,0.003431084013789059
2024-08-27 11:00:00+00:00,-0.006360709,0.0018747011199593544,-0.0014388549543832409,-0.0008791338186711073,-0.008560054475575094
2024-08-27 12:00:00+00:00,0.001148971,0.0018093016697093844,-0.00038425800246860855,-0.0008619800792075694,-0.0013607918616485818
2024-08-27 13:00:00+00:00,-0.0038315235,0.0017228933284059167,-0.0013165127624727353,-0.0008390568546019495,-0.006395953986345702
2024-08-27 14:00:00+00:00,0.0016378462,0.001631433144211769,-0.002433547293932312,-0.0008094483055174351,-0.0010982111033649487
2024-08-27 15:00:00+00:00,-0.005823882,0.001571344560943544,-0.007063106934498566,-0.0007794952834956348,-0.008149345595533701
2024-08-27 16:00:00+00:00,-0.004566291,0.001523126964457333,-0.004779797497150057,-0.0007584562408737838,-0.007078719578074766
2024-08-27 17:00:00+00:00,0.004120161,0.001473795622587204,0.0030533682006290306,-0.0007232724456116557,0.00136272749057058
2024-08-27 18:00:00+00:00,-0.00105238,0.0014303144998848438,-0.00024400132110235847,-0.000689609965775162,-0.003306793683295865
2024-08-28 10:00:00+00:00,-0.004861676,0.0013859198661521077,-0.00399816835927131,-0.0006457273848354816,-0.006812579550698243
2024-08-28 11:00:00+00:00,-0.0046277037,0.0013395925052464008,-0.004636454236425671,-0.0006119671743363142,-0.006966514255130217
2024-08-28 12:00:00+00:00,-0.003452563,0.0012941756285727024,-0.004977489817589542,-0.00057607312919572,-0.005508918501282528
2024-08-28 13:00:00+00:00,-0.0044272225,0.0012378472601994872,-0.0034947703678730913,-0.000537749205250293,-0.006251275293213421
2024-08-28 14:00:00+00:00,-0.0070482865,0.0011840519728139043,-0.0061691541104783735,-0.0005018986412324011,-0.008894183264187935
2024-08-28 15:00:00+00:00,0.008367705,0.0011744971852749586,0.005273975587768891,-0.00043523896601982415,0.0051527116295134595
2024-08-28 16:00:00+00:00,0.007204386,0.0011412290623411536,0.0062130961780794336,-0.00039652863051742315,0.004414161339352464
2024-08-28 17:00:00+00:00,0.0003004002,0.00111487100366503,0.001018172895644248,-0.0003599647316150367,-0.0017212428079586204
2024-08-28 18:00:00+00:00,-0.0022659553,0.0010957664344459772,-0.001267206051707204,-0.0003371993370819837,-0.004375182569642608
2024-08-29 10:00:00+00:00,0.0026949418,0.0010997429490089417,0.0010919131260371828,-0.000317150610499084,0.0002798928351890051
2024-08-29 11:00:00+00:00,0.0024738042,0.0011004026746377349,0.002450289018084165,-0.000294808967737481,0.0002521231545896288
2024-08-29 12:00:00+00:00,-0.010450809,0.0011004047701135278,-0.0044869343754484915,-0.00027307402342557907,-0.011532146329746496
2024-08-29 13:00:00+00:00,0.0042816917,0.0010976562043651938,0.00011134448810911382,-0.00024263322120532393,0.001886002514196414
2024-08-29 14:00:00+00:00,-0.0002152644,0.0010869092075154185,0.0005165908998417716,-0.00021855176601093262,-0.0023602894490863486
2024-08-29 15:00:00+00:00,-0.0014003492,0.0011348078260198236,-0.0004769364248448095,-0.0001563795522088185,-0.0032629224899128105
2024-08-29 16:00:00+00:00,0.00032333162,0.001141304150223732,-0.00015825046022751538,-0.00013770662189926952,-0.0017269042050047428
2024-08-29 17:00:00+00:00,0.0046444205,0.0011319215409457684,0.0028930420787811,-0.0001056215915014036,0.002403845799850792
2024-08-29 18:00:00+00:00,0.0006111978,0.0011376265902072191,0.0010089011907226052,-7.744397589704022e-05,-0.0016835739751000936
2024-08-30 10:00:00+00:00,-0.0034576473,0.0011395314941182733,-0.002154552131401339,-5.023310586693697e-05,-0.005183334529762081
2024-08-30 11:00:00+00:00,0.0007526801,0.0011378079652786255,-0.0013506142042222055,-2.4460843633278273e-05,-0.0011988841654858179
2024-08-30 12:00:00+00:00,-0.0095905345,0.0011413948377594352,-0.006513549487476118,-2.3891595901659457e-06,-0.010947379219134938
2024-08-30 13:00:00+00:00,-0.0027711233,0.0011505821021273732,-0.003133278956117507,2.288609539391473e-05,-0.004723769837835132
2024-08-30 14:00:00+00:00,-0.005674827,0.001163372420705855,-0.005366748824017323,3.865758117171936e-05,-0.0073855444584470555
2024-08-30 15:00:00+00:00,0.0022082787,0.0012204756494611502,0.0012014064344634213,8.078933751676232e-05,-0.00017109922823769293
2024-08-30 16:00:00+00:00,-0.00019657952,0.0012312923790886998,0.00015242987476859067,9.223975939676166e-05,-0.0021915845662045462
2024-08-30 17:00:00+00:00,-0.0011802893,0.0012429014313966036,-0.001173937692203323,0.00011431972234277055,-0.003232831715499309
2024-08-30 18:00:00+00:00,0.0012130552,0.0012683926615864038,0.00011400630280227083,0.00013208658492658287,-0.0007814868127144102
2024-09-02 10:00:00+00:00,-0.022800563,0.0012742906110361218,-0.018631821504267388,0.0001459877094021067,-0.02269820394145017
2024-09-02 11:00:00+00:00,-0.006659292,0.0012881620787084103,-0.008689477446654159,0.0001590492611285299,-0.008625602266648985
2024-09-02 12:00:00+00:00,0.00053977466,0.0013093473389744759,-0.0016582873468856058,0.00017412395391147584,-0.002213949009331765
2024-09-02 13:00:00+00:00,0.0046211216,0.0013260964769870043,0.002184421660395545,0.0001823588681872934,0.0018231865517789954
2024-09-02 14:00:00+00:00,-0.0066467808,0.0013500581262633204,-0.004618344387550548,0.00018795675714500248,-0.00808885736743897
2024-09-02 15:00:00+00:00,-0.008177992,0.001376486849039793,-0.0073183901050057655,0.0001863137586042285,-0.00939971694023359
2024-09-02 16:00:00+00:00,0.0011124229,0.0013881566701456904,-0.0016410434911672473,0.00019222604169044644,-0.0013699653147555683
2024-09-02 17:00:00+00:00,0.016394455,0.0014121351996436715,0.00906060924273117,0.00020099380344618112,0.012385969562006126
2024-09-02 18:00:00+00:00,-0.0058203475,0.0014227526262402534,-0.00035950443673837194,0.00020144514564890414,-0.007424581325834441
2024-09-03 10:00:00+00:00,-0.0076966365,0.0014364721719175577,-0.007693521767146939,0.00019606572459451854,-0.009334942208281967
2024-09-03 11:00:00+00:00,0.024957728,0.0014504835708066821,0.013432038462350743,0.00019742896256502718,0.020510116991357442
2024-09-03 12:00:00+00:00,-0.001534835,0.0014643114991486073,0.0020278264342795194,0.0002074337244266644,-0.0029339665999349464
2024-09-03 13:00:00+00:00,0.00075114885,0.0014810750726610422,-4.225745948531514e-05,0.000218012704863213,-0.000713437368651415
2024-09-03 14:00:00+00:00,-0.011371583,0.0015004832530394197,-0.0038400582257253676,0.00023407681146636605,-0.011974879496622168
2024-09-03 15:00:00+00:00,-0.0022809617,0.001602477626875043,-0.002801114039811963,0.00026462116511538625,-0.0038859758938628664
2024-09-03 16:00:00+00:00,0.00042527952,0.0016487184911966324,7.759889614460065e-06,0.00027488209889270365,-0.0013783968669825058
2024-09-03 17:00:00+00:00,0.0045770756,0.0016718715196475387,0.001970921651960839,0.0002758503833319992,0.002615817812894672
2024-09-03 18:00:00+00:00,-0.000423337,0.0016859949100762606,0.00021991340718707775,0.0002719215117394924,-0.0025864157227631487
2024-09-04 10:00:00+00:00,0.012237615,0.0017031084280461073,0.007773735836035809,0.0002586080809123814,0.009241064284960543
2024-09-04 11:00:00+00:00,0.000693218,0.0017228726064786315,0.0012941528698008765,0.0002450057363603264,-0.0005987788816223974
2024-09-04 12:00:00+00:00,0.0015058175,0.0017396713374182582,0.0009984945150533148,0.00024067331105470657,-6.158256447616776e-05
2024-09-04 13:00:00+00:00,0.007113651,0.0017342744395136833,0.00578190593915846,0.00023674721887800843,0.004957882119060299
2024-09-04 14:00:00+00:00,0.0013513368,0.001736487727612257,0.0032428724336822975,0.00023724912898615003,-0.0005811578648420976
2024-09-04 15:00:00+00:00,-0.0018421933,0.001788400113582611,-0.0016633475784993313,0.00024232090800069273,-0.003227102333699601
2024-09-04 16:00:00+00:00,-0.00019641007,0.0017883507534861565,-0.0006631594181951504,0.00024945364566519856,-0.001976787079340215
2024-09-04 17:00:00+00:00,0.0019623667,0.0017854892648756504,0.0019685056514975614,0.0002540642744861543,5.610018766532177e-05
2024-09-04 18:00:00+00:00,0.0050950404,0.0018141063628718257,0.005094813720513814,0.0002517143730074167,0.003024730449002559
2024-09-05 10:00:00+00:00,0.006502086,0.001831977628171444,0.001736173887299234,0.00023649381182622164,0.0044503709577194545
2024-09-05 11:00:00+00:00,0.00055966334,0.0018522373866289854,0.0007305691347603309,0.00022395623091142625,-0.0010943673790482407
2024-09-05 12:00:00+00:00,0.0073647588,0.0018677799962460995,0.00529599544676733,0.00021104360348545015,0.00503764903797851
2024-09-05 13:00:00+00:00,0.0004271405,0.0019006130751222372,0.0026563666033125686,0.0002032260235864669,-0.00145472545799586
2024-09-05 14:00:00+00:00,0.0035701573,0.0019385007908567786,0.0026842179710996096,0.00019882652850355953,0.0015546623888875017
2024-09-05 15:00:00+00:00,-0.0015543824,0.001968025928363204,-0.0008366232595459602,0.00019561438239179552,-0.0035128678846670903
2024-09-05 16:00:00+00:00,-0.00040496184,0.0020004906691610813,-0.00044528225548279846,0.0001914765452966094,-0.0023609540386829815
2024-09-05 17:00:00+00:00,-0.012549504,0.0020307728555053473,-0.010286639033659138,0.00019247944874223322,-0.013591220989988367
2024-09-05 18:00:00+00:00,-0.006301723,0.002066463464871049,-0.0050466252672575216,0.00018595157598610967,-0.007756095744085478
2024-09-06 10:00:00+00:00,0.00055380305,0.00208178604952991,-0.0007485950186175032,0.0001769668742781505,-0.0011187210823407066
2024-09-06 11:00:00+00:00,-0.0036542434,0.002091228263452649,-0.0022340820341670304,0.0001668702025199309,-0.005322182836621659
2024-09-06 12:00:00+00:00,0.0017635345,0.0020890450105071068,0.0004658728955532344,0.00015861507563386112,3.647760216460728e-05
2024-09-06 13:00:00+00:00,-0.0015129666,0.00208071107044816,-0.001138441853935785,0.0001500915241194889,-0.003181420796197853
2024-09-06 14:00:00+00:00,0.0024370353,0.002071184106171131,0.0010302656680963454,0.00014673169062007219,0.0005365952603403248
2024-09-06 15:00:00+00:00,0.008224531,0.0020710513927042484,0.0062201658044288375,0.00014352168363984674,0.005762929065402586
2024-09-06 16:00:00+00:00,0.0008079764,0.002081101993098855,0.0015479027386743898,0.00013316914555616677,-0.0009148843631739958
2024-09-06 17:00:00+00:00,-0.008728296,0.002093064598739147,-0.007881897665125997,0.00012422642612364143,-0.009930184731118336
2024-09-06 18:00:00+00:00,-0.00053243217,0.0020994716323912144,-0.0006023226664722054,0.0001126503775594756,-0.0017467509906278823
2024-09-09 10:00:00+00:00,0.018276414,0.0021162936463952065,0.011934823967853841,9.963233605958521e-05,0.01609422167642124
2024-09-09 11:00:00+00:00,0.0011519141,0.0021237991750240326,0.004246490277145053,9.129263344220817e-05,4.406061006939166e-05
2024-09-09 12:00:00+00:00,0.0036814818,0.0021358339581638575,0.002955538020124439,8.270105900010094e-05,0.0027489492881662856
2024-09-09 13:00:00+00:00,0.0027999042,0.0021434284280985594,0.00279238846611096,7.509430724894628e-05,0.0014084977824504127
2024-09-09 14:00:00+00:00,-0.0023220934,0.0021516906563192606,-0.0007966120970922689,6.781511183362454e-05,-0.0026241562987077034
2024-09-09 15:00:00+00:00,-0.0007646072,0.002173117594793439,-0.0006485237522161412,6.036064587533474e-05,-0.0015965340733294948
2024-09-09 16:00:00+00:00,-0.0001381164,0.0021884923335164785,-0.00012525427332759313,5.129750570631586e-05,-0.0012845557930621174
2024-09-09 17:00:00+00:00,-0.0024467576,0.0022083097137510777,-0.0024575166478812056,4.1548915760358796e-05,-0.003683851056843273
2024-09-09 18:00:00+00:00,0.003476859,0.002222658134996891,0.0022478356206337407,3.434571044635959e-05,0.0023778603240667915
2024-09-10 10:00:00+00:00,0.0014848758,0.0022396601270884275,0.0007011298038034097,3.0573435651604086e-05,0.0008187184468960264
2024-09-10 11:00:00+00:00,-0.003992954,0.002245742827653885,-0.0030460418771670046,3.3049269404727966e-05,-0.004614705256974363
2024-09-10 12:00:00+00:00,0.00040426824,0.0022517377510666847,-9.234222388894612e-05,3.893243774655275e-05,-0.0007361179313157954
2024-09-10 13:00:00+00:00,-0.0009896829,0.0022527489345520735,-0.00042762074197075385,4.53885986644309e-05,-0.0018260804722643308
2024-09-10 14:00:00+00:00,-0.0012144974,0.0022502883803099394,-0.0012177975725331197,5.2646344556706026e-05,-0.0020712847249417287
2024-09-10 15:00:00+00:00,-0.002283837,0.002255961997434497,-0.0031233246896939194,6.083467087591998e-05,-0.0030921296747408672
2024-09-10 16:00:00+00:00,0.003253423,0.0022601080127060413,0.0009413192439699685,6.99407173669897e-05,0.002061670192804736
2024-09-10 17:00:00+00:00,-0.014978499,0.0022777181584388018,-0.009700936677600386,8.208363578887656e-05,-0.014826544751702659
2024-09-10 18:00:00+00:00,-0.0015254213,0.002289640484377742,-0.0015019998270129667,8.687045192345977e-05,-0.0021217150914313344
2024-09-11 10:00:00+00:00,0.00050873234,0.0022937303874641657,-0.0018838856573524829,9.011568909045309e-05,-0.00045380389742966733
2024-09-11 11:00:00+00:00,-0.0031756896,0.0022913916036486626,-0.003174914076492264,9.757659427123144e-05,-0.003780844854928095
2024-09-11 12:00:00+00:00,0.0012151066,0.002284108428284526,0.0011799935876539243,0.00010416329314466566,0.0005153509117383678
2024-09-11 13:00:00+00:00,-0.0003795622,0.0022844194900244474,-0.00032076711350382907,0.0001118515501730144,-0.001264860855236654
2024-09-11 14:00:00+00:00,0.0041672816,0.0022829854860901833,0.002705530036293793,0.0001212885181303136,0.003079412500115026
2024-09-11 15:00:00+00:00,0.00041037603,0.0022883231285959482,0.0010669415272354754,0.00012970666284672916,-0.0005318366119285376
2024-09-11 16:00:00+00:00,-0.0008101146,0.0023028028663247824,-0.0001144431190740006,0.00013622654660139233,-0.0012167810165544311
2024-09-11 17:00:00+00:00,-0.0059718494,0.0023511219769716263,-0.005220772526311446,0.00014247160288505256,-0.005965350698112841
2024-09-11 18:00:00+00:00,0.0011081898,0.0023106979206204414,-0.00037685933556553587,0.00014662198373116553,0.0004625628146134888
2024-09-12 10:00:00+00:00,-0.015594453,0.0022799044381827116,-0.008014076839841934,0.000147300394019112,-0.01495823040449016
2024-09-12 11:00:00+00:00,-0.0008937685,0.002256019739434123,-0.0016329349743595361,0.00013651458721142262,-0.001551102158231548
2024-09-12 12:00:00+00:00,-0.0009056171,0.002240818925201893,-0.0009206853047007044,0.00013169161684345454,-0.001521734248742607
2024-09-12 13:00:00+00:00,-0.0004420622,0.0022195689380168915,0.0004213606961829264,0.000136561764520593,-0.0015653355629180038
2024-09-12 14:00:00+00:00,0.0011268727,0.002177395625039935,0.0013537846519673176,0.00014702032785862684,-0.0001048257195059442
2024-09-12 15:00:00+00:00,-0.006202463,0.002145168138667941,-0.004144683902558566,0.00015734406770206988,-0.006658880527526513
2024-09-12 16:00:00+00:00,0.0026075055,0.0021313887555152178,0.0011344123238800918,0.0001755402045091614,0.0013337720974349269
2024-09-12 17:00:00+00:00,0.0029764397,0.0020962452981621027,0.0029651586892581487,0.00018339852977078408,0.0017002179118769298
2024-09-12 18:00:00+00:00,-0.0010501473,0.002051710383966565,-0.0004062776489295028,0.00019303405133541673,-0.001967073441981773
2024-09-13 10:00:00+00:00,0.007514607,0.002052511088550091,0.004347997041932605,0.00019533401064109057,0.006148539593114026
2024-09-13 11:00:00+00:00,-0.0006918022,0.002002883469685912,0.00039823215956242116,0.0001911489962367341,-0.0008160026294167165
2024-09-13 12:00:00+00:00,0.0002416361,0.001954486360773444,0.000206815365505288,0.00019515199528541416,-0.00026543229836345055
2024-09-13 13:00:00+00:00,-0.011242774,0.00188317836727947,-0.010177608661092649,0.0002088254550471902,-0.010617837736386632
2024-09-13 14:00:00+00:00,-0.0012557999,0.0018364926800131798,-0.001258009326118217,0.00022411311510950327,-0.0021727271604023005
2024-09-13 15:00:00+00:00,0.010552845,0.0018187904497608542,0.008472681860874917,0.00023665836488362402,0.008665493220953233
2024-09-13 16:00:00+00:00,0.007094056,0.0017944311257451773,0.008399470359456604,0.0002489351900294423,0.0058081478737818356
2024-09-13 17:00:00+00:00,0.008355958,0.001795582240447402,0.007652693683977257,0.000265222362941131,0.007049217842243948
2024-09-13 18:00:00+00:00,0.005532099,0.0018201055936515331,0.004568129874570858,0.0002815022016875446,0.0046522689424275815
2024-09-16 10:00:00+00:00,0.0037212346,0.0018354401690885425,0.002649588581000516,0.0002919000689871609,0.00316132093351941
2024-09-16 11:00:00+00:00,0.0076142773,0.0018506401684135199,0.0061562005270763215,0.0003015821857843548,0.006709392383728101
2024-09-16 12:00:00+00:00,0.0077258977,0.0018673050217330456,0.007400403067419959,0.0003036578418686986,0.00684071846132834
2024-09-16 13:00:00+00:00,-0.00013744034,0.0018739872612059116,0.003054022571898895,0.0003096176078543067,-0.0007248515104317163
2024-09-16 14:00:00+00:00,0.0023339204,0.0018759703962132335,0.002260202792274194,0.0003055386187043041,0.0015895101210822175
2024-09-16 15:00:00+00:00,0.0016336687,0.0018943882314488292,0.0019350613114660436,0.00031031991238705814,0.0008274630103032959
2024-09-16 16:00:00+00:00,-0.000115849834,0.0018830678891390562,0.0008732792947183965,0.0003136867890134454,-0.0010872412091149867
2024-09-16 17:00:00+00:00,-0.0009272822,0.0018575511639937758,-0.00024099007150235846,0.00032164499862119555,-0.0019342070385984182
2024-09-16 18:00:00+00:00,-7.3798015e-05,0.0018451254582032561,0.0001299131674303143,0.0003426473122090101,-0.001379426040538131
2024-09-17 10:00:00+00:00,-0.00079103495,0.001823796657845378,-0.0008038645361739757,0.0003624962700996548,-0.0020152838105823726
2024-09-17 11:00:00+00:00,0.0027290608,0.0018006701720878482,0.0009039029269388395,0.00038912249146960676,0.0014493470255033318
2024-09-17 12:00:00+00:00,-0.0015901687,0.0017814913298934698,-0.0006054308823202384,0.000406536681111902,-0.0028448942419320197
2024-09-17 13:00:00+00:00,-0.0009806352,0.0017645395128056407,-0.001225993510996053,0.000410525593906641,-0.0018703233695752614
2024-09-17 14:00:00+00:00,-0.003127578,0.001755769015289843,-0.002749290756617742,0.0004098827193956822,-0.0038415532633045094
2024-09-17 15:00:00+00:00,0.004097674,0.0017700691241770983,0.0006780480943543662,0.00042870640754699707,0.0027436431972712757
2024-09-17 16:00:00+00:00,0.0028836357,0.001764264889061451,0.0016993524985407776,0.00044072463060729206,0.0016810509542158998
2024-09-17 17:00:00+00:00,0.004341313,0.0017460031667724252,0.004357174511844428,0.00043176565668545663,0.0029257889618076733
2024-09-17 18:00:00+00:00,0.00010462987,0.0017538899555802345,-6.75511966909788e-05,0.0004288443014957011,-0.0007545695420438345
2024-09-18 10:00:00+00:00,0.0001255414,0.0017567039467394352,-0.0005613383056529506,0.0004270192875992507,-0.0007264658775134717
2024-09-18 11:00:00+00:00,-0.0033636724,0.0017603248124942183,-0.002927523059874777,0.0004241377755533904,-0.0039548751811765296
2024-09-18 12:00:00+00:00,-0.0009136017,0.001766212284564972,-0.001042909707819888,0.0004232209757901728,-0.0013150761475527132
2024-09-18 13:00:00+00:00,-0.0026510146,0.0017752664862200618,-0.002183189020332315,0.0004185818543191999,-0.003212453517822739
2024-09-18 14:00:00+00:00,-0.004127243,0.0017876157071441412,-0.002321996425524724,0.00041525234701111913,-0.004481286879837436
2024-09-18 15:00:00+00:00,0.0017543123,0.0018204067600890994,0.0009081028034615429,0.0004172685439698398,0.0008353988518532674
2024-09-18 16:00:00+00:00,0.003762434,0.0018220939673483372,0.003096578286769439,0.00040602925582788885,0.0029238862069866046
2024-09-18 17:00:00+00:00,-0.0030341363,0.0018331923056393862,-0.0030433638217858775,0.00039273573202081025,-0.0033977664167322862
2024-09-18 18:00:00+00:00,-0.0022710836,0.0018624174408614635,-0.0012734455799164055,0.0003813585499301553,-0.002949196913190493
2024-09-19 10:00:00+00:00,-0.0019795175,0.0018737049540504813,-0.0017677443208814374,0.00036899285623803735,-0.0024627991826775683
2024-09-19 11:00:00+00:00,0.0044510537,0.001880637719295919,0.003889459904436652,0.0003576922754291445,0.0033863062356740505
2024-09-19 12:00:00+00:00,0.006802068,0.0018948123324662447,0.005484700665492641,0.00034796606632880867,0.005827687261585208
2024-09-19 13:00:00+00:00,-0.004905034,0.001912241685204208,-0.000881543551247082,0.00034729132312349975,-0.0050190340748528
2024-09-19 14:00:00+00:00,0.002450273,0.0019318119157105684,0.0005613545289380239,0.0003375871747266501,0.001833010794096054
2024-09-19 15:00:00+00:00,-0.0060999887,0.001980232773348689,-0.00317458219608114,0.0003547274100128561,-0.005947103986218823
2024-09-19 16:00:00+00:00,0.001678836,0.0020054136402904987,0.00045811634616881936,0.00035692931851372123,0.0012554920178435261
2024-09-19 17:00:00+00:00,-0.009103641,0.002023163018748164,-0.009579781967675267,0.0003620930074248463,-0.009043412176297205
2024-09-19 18:00:00+00:00,-0.0018008519,0.0020403077360242605,-0.0027678690500683133,0.000370375404600054,-0.002205469604734145
2024-09-20 10:00:00+00:00,0.0064213187,0.002039278158918023,0.006207291742472979,0.0003759460523724556,0.005358517658638963
2024-09-20 11:00:00+00:00,0.0030579283,0.002043019514530897,0.0038970391033349705,0.00038552703335881233,0.0022000958047801848
2024-09-20 12:00:00+00:00,0.00071815564,0.002042786218225956,0.0013220739004777455,0.00038646586472168565,0.0005008050416675419
2024-09-20 13:00:00+00:00,-0.00010557878,0.002046034438535571,0.00010723991175381136,0.00038280789158307016,-0.00026372501117144953
2024-09-20 14:00:00+00:00,0.0013927432,0.002047647023573518,0.0006391591223404728,0.0003729456220753491,0.0011784550382249073
2024-09-20 15:00:00+00:00,-0.002079277,0.002058664569631219,-0.0009484501778577515,0.00037525416701100767,-0.0021704111981373023
2024-09-20 16:00:00+00:00,-0.0013533232,0.002049076836556196,-0.0010685353532188984,0.0003675968328025192,-0.0014091952907444492
2024-09-20 17:00:00+00:00,0.00067689054,0.00204976717941463,3.0182430012908124e-05,0.00037915052962489426,0.0006638315846603079
2024-09-20 18:00:00+00:00,0.00092997705,0.002051078947260976,0.0009512180009212206,0.0003870339714922011,0.0007105808663207376
2024-09-23 10:00:00+00:00,0.010559871,0.0020470067393034697,0.010972493772147847,0.0003953672421630472,0.00996464486672736
2024-09-23 11:00:00+00:00,0.0007522647,0.002045964589342475,0.002458801142592362,0.00040645088301971555,0.000413493614934885
2024-09-23 12:00:00+00:00,-0.0012750039,0.0020423210225999355,-0.0012162872521994878,0.0004125393461436033,-0.001288009273067656
2024-09-23 13:00:00+00:00,0.003299127,0.0020507718436419964,0.0033099375162423546,0.0004264744929969311,0.002956663486993584
2024-09-23 14:00:00+00:00,0.0009584632,0.0020504784770309925,0.001737046660338352,0.00043610879220068455,0.0006147000243643748
2024-09-23 15:00:00+00:00,-0.00042702773,0.0020568363834172487,0.00034903851800981194,0.000442370685050264,-0.0009220255473670226
2024-09-23 16:00:00+00:00,0.0023412025,0.002062247134745121,0.0020034794199828856,0.0004553718608804047,0.0019325563816398794
2024-09-23 17:00:00+00:00,-0.0022057837,0.0020683761686086655,-0.002794047550707734,0.000456248817499727,-0.0024780327753771442
2024-09-23 18:00:00+00:00,-0.004216993,0.002067280700430274,-0.00282712263880374,0.0004533182654995471,-0.004145808822279614
2024-09-24 10:00:00+00:00,0.005913382,0.0020680709276348352,0.0006506365605507637,0.00044929597061127424,0.005262857861207477
2024-09-24 11:00:00+00:00,0.004088627,0.0020960960537195206,0.0035733781119794846,0.00046650576405227184,0.0035982115763976783
2024-09-24 12:00:00+00:00,0.0032052305,0.002115538576617837,0.0022508401800275663,0.0004837648884858936,0.0027831169339913586
2024-09-24 13:00:00+00:00,-0.00033038738,0.0021297067869454622,-0.00024238317511400222,0.0004876003076788038,-0.0005289297636305141
2024-09-24 14:00:00+00:00,-0.0009194643,0.0021359575912356377,-0.0007671274405822914,0.0004893612931482494,-0.001298964619721902
2024-09-24 15:00:00+00:00,-0.0006927392,0.0021331156603991985,-0.0009169079643961826,0.000487825192976743,-0.001037118406104602
2024-09-24 16:00:00+00:00,0.0019838817,0.0021207549143582582,0.001522601610329182,0.0004903516382910311,0.0016888769665722157
2024-09-24 17:00:00+00:00,0.004346624,0.0021040637511759996,0.0045496389611092885,0.0004992499016225338,0.003839376854592021
2024-09-24 18:00:00+00:00,0.0013249456,0.002086472697556019,0.002931527751177325,0.0005016883369535208,0.001120059490092968
2024-09-25 10:00:00+00:00,-0.0053103482,0.002056798664852977,-0.0057137979585940215,0.0005054281209595501,-0.005352940226238452
2024-09-25 11:00:00+00:00,0.0029262383,0.002028954215347767,0.000496053429914976,0.0005170786171220243,0.002499783011334022
2024-09-25 12:00:00+00:00,0.0061132787,0.0019749978091567755,0.00499408749570407,0.0005283663631416857,0.005535263437869332
2024-09-25 13:00:00+00:00,-0.0012483374,0.0019208381418138742,0.0002467189759172125,0.0005403324612416327,-0.0017108305231420303
2024-09-25 14:00:00+00:00,-0.0045666164,0.0018846363527700305,-0.0032927338017983004,0.0005510983755812049,-0.0047388117298234654
2024-09-25 15:00:00+00:00,-0.00056586403,0.001881580101326108,-0.0011046243802396221,0.0005679989699274302,-0.0008848423084289327
2024-09-25 16:00:00+00:00,-0.0064632255,0.0018646834651008248,-0.006726417721932447,0.0005719579057767987,-0.006488175856106342
2024-09-25 17:00:00+00:00,0.0025138508,0.0018600362818688154,0.0011921715529762266,0.0005796641926281154,0.0020127107773784997
2024-09-25 18:00:00+00:00,-0.0029593473,0.0018471945077180862,0.0003900466323668689,0.0005798287456855178,-0.003305623829315956
2024-09-26 10:00:00+00:00,-0.006310022,0.001837319228798151,-0.006284245335526168,0.0005842126556672156,-0.006214094345093411
2024-09-26 11:00:00+00:00,0.0059990925,0.0018294177716597915,0.003209063802892407,0.0005863977130502462,0.005412527445322958
2024-09-26 12:00:00+00:00,0.0027845511,0.0018224793020635843,0.003421380237912319,0.0005931449704803526,0.002364017820027466
2024-09-26 13:00:00+00:00,-0.0028778487,0.0018110075034201145,-0.0015756879675882165,0.0005914663779549301,-0.0030174978246289503
2024-09-26 14:00:00+00:00,0.0032499149,0.0017977629322558641,0.001594441277547999,0.0005901215481571853,0.003041261757082098
2024-09-26 15:00:00+00:00,-0.0044324384,0.0018063181778416038,-0.0016864383425025942,0.0005882717086933553,-0.004303858620533207
2024-09-26 16:00:00+00:00,-0.0036705683,0.0017939932877197862,-0.0033226771186077937,0.0005796403274871409,-0.003512355107882869
2024-09-26 17:00:00+00:00,0.00245547,0.0017824354581534863,0.0015598278326420434,0.0005719744367524981,0.002444462919891366
2024-09-26 18:00:00+00:00,0.0024287223,0.0017653999384492636,0.0024761410886755503,0.0005652489489875734,0.0020663227783061784
2024-09-27 10:00:00+00:00,0.0009014844,0.001749564427882433,0.001962365189943383,0.000557595572900027,0.0008804893890255636
2024-09-27 11:00:00+00:00,0.0027925468,0.001729613752104342,0.003053868893857775,0.0005522611900232732,0.002556602373959712
2024-09-27 12:00:00+00:00,0.0019913851,0.0017128614708781242,0.002402500357012999,0.000555652950424701,0.0018058298246367169
2024-09-27 13:00:00+00:00,0.00012368584,0.0016826802166178823,0.0005149676132187537,0.0005551549838855863,-5.584228454651153e-05
2024-09-27 14:00:00+00:00,-0.0017639691,0.0016553645255044103,-0.0013625078478142854,0.0005539762205444276,-0.0018839799559951496
2024-09-27 15:00:00+00:00,-4.1299703e-05,0.0016543612582609057,-0.00019497558256285718,0.0005660091410391033,-0.0001742019879501356
2024-09-27 16:00:00+00:00,0.0014754059,0.0016342346789315343,0.0012663504384087022,0.0005679193418473005,0.0013532544512500206
2024-09-27 17:00:00+00:00,0.0031087575,0.0016157435020431876,0.0031844576430918297,0.0005745728267356753,0.0032604105850032113
2024-09-27 18:00:00+00:00,-0.0017178865,0.0015932993264868855,-0.0016955328579414447,0.0005737519240938127,-0.0017265616805020158
2024-09-30 10:00:00+00:00,0.006751652,0.001573744579218328,0.0031610545968077876,0.0005620088777504861,0.006380387564164337
2024-09-30 11:00:00+00:00,0.0006338302,0.0015626333188265562,0.0003903004338816581,0.0005604314501397312,0.000530925076137876
2024-09-30 12:00:00+00:00,-0.0074163694,0.0015522161265835166,-0.004823962867000401,0.0005542433937080204,-0.007449635585515161
2024-09-30 13:00:00+00:00,0.0006895878,0.0015367098385468125,-0.0006475909995097361,0.0005566466134041548,0.00026004581739041494
2024-09-30 14:00:00+00:00,-0.00542661,0.0015178998000919819,-0.0036218215163268765,0.0005471119075082242,-0.005547078953832464
2024-09-30 15:00:00+00:00,0.0040675644,0.0015330772148445249,0.0012254337362030358,0.0005578195559792221,0.003664992437032023
2024-09-30 16:00:00+00:00,0.00082388445,0.0015105385100468993,0.0011168722060647745,0.0005653748521581292,0.0006022997463008136
2024-09-30 17:00:00+00:00,-0.00879906,0.0014909709570929408,-0.009029194378453646,0.0005692681879736483,-0.008840704411364274
2024-09-30 18:00:00+00:00,0.0028415297,0.0014715868746861815,0.000512722920476263,0.0005682110204361379,0.002403272169276161
2024-10-01 10:00:00+00:00,-0.0150667485,0.001464059459976852,-0.011041407799526799,0.0005661577451974154,-0.014990508656797236
2024-10-01 11:00:00+00:00,-0.0031694414,0.0014622235903516412,-0.005543441500986007,0.0005605577025562525,-0.0036205730643318152
2024-10-01 12:00:00+00:00,0.0048081316,0.0014620834263041615,0.0032535786454334138,0.0005532383802346885,0.0039140394620293005
2024-10-01 13:00:00+00:00,-0.0007664887,0.0014665670460090041,0.0007145568531151585,0.0005514648510143161,-0.0010005428449910583
2024-10-01 14:00:00+00:00,-0.0004938038,0.0014713471755385399,-0.0005953114380679268,0.0005515770171768963,-0.0007371426169951898
2024-10-01 15:00:00+00:00,-0.0026834072,0.0014780525816604495,-0.0016156872383928209,0.0005533964722417295,-0.002697670433632294
2024-10-01 16:00:00+00:00,0.0018318108,0.0014870243612676859,0.0016137814390015473,0.0005573780508711934,0.0012354358000846873
2024-10-01 17:00:00+00:00,0.0030980099,0.0014975969679653645,0.002314523409150748,0.0005574767128564417,0.0025262036206701996
2024-10-01 18:00:00+00:00,-0.004308313,0.0015110154636204243,-0.0023927879227589716,0.0005602506571449339,-0.0045248477498093164
2024-10-02 10:00:00+00:00,0.008023747,0.0015187073731794953,0.003527374999682006,0.0005620931624434888,0.006922339694271349
2024-10-02 11:00:00+00:00,-0.0013066774,0.001528847380541265,0.00019974860555921627,0.0005606156191788614,-0.0015158449266751664
2024-10-02 12:00:00+00:00,-0.0025136168,0.0015354304341599345,-0.0013520680665856746,0.0005655537825077772,-0.0030420107110805538
2024-10-02 13:00:00+00:00,0.0012890178,0.0015440327115356922,0.0009933038262139543,0.0005708627286367118,0.0005749989397425434
2024-10-02 14:00:00+00:00,-0.0015617061,0.001546118059195578,-9.948169246632888e-05,0.0005730594275519252,-0.002029725915228402
2024-10-02 15:00:00+00:00,-0.005269065,0.0015915915137156844,-0.0036240177143393422,0.0005830310983583331,-0.005822189281397662
2024-10-02 16:00:00+00:00,-0.00061178854,0.0016017807647585869,-0.0017653799739682796,0.0005901420954614878,-0.0013190651159418936
2024-10-02 17:00:00+00:00,-0.01979904,0.0016167931025847793,-0.016335523359996485,0.0005947581958025694,-0.019437486775251187
2024-10-02 18:00:00+00:00,-0.007442849,0.001631195074878633,-0.00798590478508797,0.0005923467106185853,-0.007856541574155091
2024-10-03 10:00:00+00:00,-0.00023856772,0.0016347019700333476,-0.0014812444874054247,0.0005884439451619983,-0.001181354293012632
2024-10-03 11:00:00+00:00,-0.0030956918,0.0016311417566612363,-0.002301459489218375,0.0005881497636437416,-0.004219202873879661
2024-10-03 12:00:00+00:00,-6.527557e-05,0.0016300196293741465,-0.0007223606315315566,0.0005852287285961211,-0.0010820911582354919
2024-10-03 13:00:00+00:00,-0.004131899,0.0016301930882036686,-0.002599762249793372,0.0005792511510662735,-0.005065480032808347
2024-10-03 14:00:00+00:00,-0.00049173075,0.0016193138435482979,-0.0010898834207130736,0.0005675700376741588,-0.0016674068839817873
2024-10-03 15:00:00+00:00,0.0104381675,0.0016032704152166843,0.008189802640089571,0.0005512840580195189,0.008669163464573061
2024-10-03 16:00:00+00:00,0.0038217432,0.0015835283556953073,0.003999023968368509,0.0005436543142423034,0.0025132978909316525
2024-10-03 17:00:00+00:00,-0.005597231,0.0015738841611891985,-0.004199929666247545,0.0005451698671095073,-0.006169176203832722
2024-10-03 18:00:00+00:00,-0.0005202519,0.001552610076032579,-0.0001501896079744143,0.0005335144232958555,-0.0012672944210366638
2024-10-04 10:00:00+00:00,0.010407604,0.0015257659833878279,0.004481086606306662,0.0005273815477266908,0.008664272259417988
2024-10-04 11:00:00+00:00,0.0013295307,0.0014994917437434196,0.001657717465238772,0.0005311740678735077,0.00041514584391891805
2024-10-04 12:00:00+00:00,-0.0026500882,0.0014630720252171159,-0.0009011436994587658,0.0005298141622915864,-0.0035187245613090973
2024-10-04 13:00:00+00:00,0.0021892413,0.0014139885315671563,0.004048781016078985,0.00051887147128582,0.0011923988214565494
2024-10-04 14:00:00+00:00,-0.0015019045,0.0013655845541507006,0.0006915809960953156,0.0005194187397137284,-0.0023675513969488833
2024-10-04 15:00:00+00:00,-0.0042065913,0.0013156651984900236,-0.004119574158143235,0.0005139645654708147,-0.005046671172340058
2024-10-04 16:00:00+00:00,-0.00071181287,0.0012735218042507768,-0.001387213290726785,0.0005157623090781271,-0.0020905422463167577
2024-10-04 17:00:00+00:00,0.0034895027,0.001232083304785192,0.0007730202246898511,0.0005232183029875159,0.001602231257640877
2024-10-04 18:00:00+00:00,0.0012571117,0.0011759297922253609,0.0010499319630827616,0.0005183738539926708,-0.00015108396432335748
2024-10-07 10:00:00+00:00,-0.0028388032,0.001125027658417821,-0.002517986737685057,0.0005182525492273271,-0.003870432973553056
2024-10-07 11:00:00+00:00,0.0009794373,0.001082504284568131,-0.0013962677758641868,0.0005213010590523481,-0.0007876971093626763
2024-10-07 12:00:00+00:00,-0.004236769,0.0010396736906841397,-0.0033937697927944356,0.0005143815651535988,-0.005078198520937836
2024-10-07 13:00:00+00:00,-0.0015244483,0.0009983140043914318,-0.0017234320223189939,0.0005152386147528887,-0.0031274935453449166
2024-10-07 14:00:00+00:00,0.0012975499,0.0009670358267612755,-0.000647982154510892,0.0005202763713896275,-0.0006903332537474521
2024-10-07 15:00:00+00:00,-0.0017737405,0.0009290997986681759,-0.002081659278579022,0.0005239745369181037,-0.0034430881694499
2024-10-07 16:00:00+00:00,0.004697861,0.0008895882056094706,0.004597691036395001,0.0005284316139295697,0.002764104199723741
2024-10-07 17:00:00+00:00,-0.014510074,0.0008588351774960756,-0.011685961631196019,0.000532511854544282,-0.014901932203556295
2024-10-07 18:00:00+00:00,0.0015402011,0.0008185746846720576,-0.0008504620714828675,0.0005254906718619168,-0.0005261659865658194
2024-10-08 10:00:00+00:00,-0.0051432564,0.0007805433706380427,-0.005307577870647276,0.0005219935555942357,-0.006927561952457517
2024-10-08 11:00:00+00:00,0.00010970686,0.0007365256315097213,-0.0010192240432664887,0.0005161504959687591,-0.001632977532154191
2024-10-08 12:00:00+00:00,0.00594999,0.0006937139551155269,0.003886635806214015,0.0005120528512634337,0.0036559621102150424
2024-10-08 13:00:00+00:00,0.00046880537,0.0006553740822710097,0.0010018790307744934,0.0005109598278068006,-0.0014360639934046736
2024-10-08 14:00:00+00:00,-0.003395626,0.0006170292617753148,-0.0013380738824776322,0.0005091838538646698,-0.0049073339965742474
2024-10-08 15:00:00+00:00,-0.00076588115,0.0005733440048061311,-0.0009627282290992926,0.0005042527336627245,-0.002807106142948842
2024-10-08 16:00:00+00:00,0.0004158368,0.0005621003801934421,5.091477019018979e-05,0.0005073079955764115,-0.0011239606243966978
2024-10-08 17:00:00+00:00,-0.00019695378,0.0005383553798310459,-0.0003637970578392759,0.0004970786394551396,-0.001988174403231435
2024-10-08 18:00:00+00:00,0.00015318963,0.0005156791303306818,0.0002503321059589646,0.0004849412362091243,-0.0017394313632661928
2024-10-09 10:00:00+00:00,-0.0042322767,0.000497745000757277,-0.003795537045404544,0.0004876863968092948,-0.00541476403293731
2024-10-09 11:00:00+00:00,-8.7905326e-05,0.0004711132205557078,-0.0012874599684893383,0.0004817306180484593,-0.0019230446595691788
2024-10-09 12:00:00+00:00,-0.0019799154,0.0004501976363826543,-0.0012273215140929477,0.0004861298075411469,-0.0035634449030632603
2024-10-09 13:00:00+00:00,-0.0029661998,0.00043135526357218623,0.00014243772258377583,0.00048171315575018525,-0.004733125601006706
2024-10-09 14:00:00+00:00,0.0012691547,0.00039903796277940273,0.0016439019604426064,0.00046745012514293194,-0.0010208670155937654
2024-10-09 15:00:00+00:00,-0.0008496037,0.0004255232634022832,-0.0005069825098334445,0.00047103886026889086,-0.002852086553577098
2024-10-09 16:00:00+00:00,-0.004314309,0.00039587821811437607,-0.004308102209844582,0.0004654811054933816,-0.00593112577213978
2024-10-09 17:00:00+00:00,-0.008349431,0.00037938880268484354,-0.008526342969311831,0.000483454205095768,-0.009608987133001495
2024-10-09 18:00:00+00:00,-0.0014879374,0.0003628166450653225,-0.0022205177272552373,0.0004921805812045932,-0.0036572672164401983
2024-10-10 10:00:00+00:00,0.00538188,0.00033666964736767113,0.0039021214323619897,0.0004931436851620674,0.0027777103130273055
2024-10-10 11:00:00+00:00,0.0035460044,0.00029869566787965596,0.0033535341848310246,0.0004983646795153618,0.00135257470284337
2024-10-10 12:00:00+00:00,-0.0018881551,0.00026086351135745645,-0.0004878995137944697,0.0005088250618427992,-0.0035644896860166295
2024-10-10 13:00:00+00:00,-0.0030061817,0.00022347414051182568,-0.002413350777498973,0.000518023909535259,-0.0045987596051532
2024-10-10 14:00:00+00:00,-0.0022661698,0.00019286328461021185,-0.0026781816239816736,0.0005254253628663719,-0.004229972810425711
2024-10-10 15:00:00+00:00,0.0022661698,0.00016540329670533538,0.0008301067096257955,0.0005274321301840246,8.295389479289579e-05
2024-10-10 16:00:00+00:00,0.0012815157,0.00014213015674613416,0.001689579833502008,0.0005367161938920617,-0.0008857308976946969
2024-10-10 17:00:00+00:00,-0.0032459775,0.00011806003749370575,-0.004022196749400403,0.0005319290212355554,-0.004766642139586614
2024-10-10 18:00:00+00:00,-0.0004470073,8.312504360219464e-05,-0.0011292925651211713,0.0005244564963504672,-0.002263085303259419
2024-10-11 10:00:00+00:00,-0.002988903,5.209838127484545e-05,-0.0020776392124215093,0.000526673742569983,-0.00476207148534746
2024-10-11 11:00:00+00:00,2.2422028e-05,2.3936390789458528e-05,9.712349650259532e-05,0.0005249700625427067,-0.0021118876537223486
2024-10-11 12:00:00+00:00,-0.003695201,-1.9127789983031107e-06,-0.002384367830140391,0.0005178204737603664,-0.005591953257285605
2024-10-11 13:00:00+00:00,-0.00094564783,-2.586248047009576e-05,-0.0009312488710988757,0.0005188963259570301,-0.003010408707675193
2024-10-11 14:00:00+00:00,0.00048419336,-5.527066605282016e-05,0.00030002564344314473,0.0005205117049627006,-0.0017346259021313196
2024-10-11 15:00:00+00:00,-0.000304001,-4.093258758075535e-05,-0.0006803785070166918,0.0005455485661514103,-0.002614663488687218
2024-10-11 16:00:00+00:00,-0.00042800987,-6.641895743086934e-05,-0.0011358419050257363,0.0005633816472254694,-0.0026675752409031864
2024-10-11 17:00:00+00:00,0.013817397,-9.494741971138865e-05,0.012755512277407123,0.0005728581454604864,0.010129580028286535
2024-10-11 18:00:00+00:00,0.0036046468,-0.00012640612840186805,0.00451571632672571,0.0005818878416903317,0.0014036264561855943
2024-10-14 10:00:00+00:00,-0.009086371,-0.00015107958461157978,-0.007888486715340369,0.0005889966851100326,-0.009868248547073116
2024-10-14 11:00:00+00:00,-0.0013080154,-0.00016796978889033198,-0.003299643612651508,0.0006036730483174324,-0.003248359237035385
2024-10-14 12:00:00+00:00,0.003606867,-0.00017394642054568976,0.0020743419221971524,0.0006170247797854245,0.0011047520732545544
2024-10-14 13:00:00+00:00,0.008491041,-0.00017895875498652458,0.006848479686720191,0.0006241538212634623,0.005820425204934941
2024-10-14 14:00:00+00:00,0.0025498532,-0.00017568042676430196,0.0036671044138050155,0.0006346142035908997,0.0004729466631201349
2024-10-14 15:00:00+00:00,-0.0002205096,-8.945921581471339e-05,0.0005980290562727785,0.0006475565605796874,-0.0020386916229181216
2024-10-14 16:00:00+00:00,0.005849063,-6.344704161165282e-05,0.0047976005480057735,0.0006507972138933837,0.0035705239123800868
2024-10-14 17:00:00+00:00,-0.0012065903,-3.814298543147743e-05,-0.001222775046897802,0.0006494969711638987,-0.002848474806500521
2024-10-14 18:00:00+00:00,-0.0022085372,-9.217713341058698e-06,-0.0023909357856394973,0.0006462812889367342,-0.004197241575254019
2024-10-15 10:00:00+00:00,0.0025048351,1.9248240278102458e-05,0.0017149545209271388,0.0006419394048862159,-8.227759873637077e-06
2024-10-15 11:00:00+00:00,0.0052420027,3.558475509635173e-05,0.0033251297611491468,0.0006365139852277935,0.0026903072564517594
2024-10-15 12:00:00+00:00,0.0022568575,4.6967154048616067e-05,0.002275178075048061,0.0006362725398503244,0.00020425631410197695
2024-10-15 13:00:00+00:00,-0.0017330743,6.149153341539204e-05,-0.0010682847757605566,0.0006370367482304573,-0.0034931042575292275
2024-10-15 14:00:00+00:00,0.0042781862,8.351143333129585e-05,0.0035143863629498785,0.0006397224497050047,0.0016978053120528629
2024-10-15 15:00:00+00:00,-0.0034276235,9.902338933898136e-05,-0.0014638646619542796,0.0006415851530618966,-0.005281804444986829
2024-10-15 16:00:00+00:00,-0.0013743457,0.0001164007990155369,-0.0014479465644270148,0.0006433976232074201,-0.003484732164707832
2024-10-15 17:00:00+00:00,-0.007087062,0.00013726612087339163,-0.006589237860685081,0.0006513368571177125,-0.008401312970780533
2024-10-15 18:00:00+00:00,0.0015487616,0.00015958967560436577,-0.001113656273153128,0.0006539486930705607,-0.0008639211849647756
2024-10-16 10:00:00+00:00,0.0039762356,0.00018492100934963673,0.002001736129209952,0.0006572091369889677,0.0014418695823808984
2024-10-16 11:00:00+00:00,0.003078101,0.0002039803221123293,0.0032821176217274193,0.0006654783501289785,0.0005954865187824045
2024-10-16 12:00:00+00:00,-0.0083283195,0.00022619112860411406,-0.005218916160544612,0.000676683324854821,-0.009694106612068858
2024-10-16 13:00:00+00:00,-0.00029676364,0.00025682192062959075,-0.001726061343986152,0.0006831486825831234,-0.0025440237552960374
2024-10-16 14:00:00+00:00,-0.0031489152,0.00027607855736278,-0.002817340096370987,0.0006965891225263476,-0.005005267530724386
2024-10-16 15:00:00+00:00,-0.00014336838,0.0003218480560462922,-0.002011587339943509,0.0007022548816166818,-0.002564452017854333
2024-10-16 16:00:00+00:00,-0.0013022847,0.0003451610100455582,-0.0009469444839418366,0.000699950207490474,-0.0034752518080645107
2024-10-16 17:00:00+00:00,-0.004615776,0.00037478184094652534,-0.0074596082858303155,0.0006974455318413675,-0.006284596096906353
2024-10-16 18:00:00+00:00,0.00026623477,0.0003978466265834868,-0.0006284843568696444,0.0006897110142745078,-0.0016314709349187734
2024-10-17 10:00:00+00:00,0.0011196285,0.00040650469600223005,0.0012158189991064974,0.0006900207954458892,-0.0007750181733918937
2024-10-17 11:00:00+00:00,-0.0011307203,0.0004138638614676893,-0.0008388847904661302,0.0006909359362907708,-0.00315103123544454
2024-10-17 12:00:00+00:00,-0.0034666315,0.0004226628807373345,-0.0007965264572935159,0.0006927589420229197,-0.005231251553308388
2024-10-17 13:00:00+00:00,-0.0014702773,0.00042680406477302313,-0.0012202120431978618,0.0006905964110046625,-0.003398058997674586
2024-10-17 14:00:00+00:00,0.00080223737,0.00042278727050870657,0.0004906532933500401,0.0006836061365902424,-0.001428268448790809
2024-10-17 15:00:00+00:00,0.00018932328,0.00041945441626012325,0.00022344249984323686,0.000677951262332499,-0.0017293798732978074
2024-10-17 16:00:00+00:00,0.00055662554,0.00040786396129988134,0.00038239194099612937,0.0006718732183799148,-0.0013659625223548678
2024-10-17 17:00:00+00:00,0.00015579964,0.00039414604543708265,0.00037101011528793465,0.0006654206081293523,-0.0018087777405985817
2024-10-17 18:00:00+00:00,-0.0028304323,0.00037445276393555105,-0.0023619184806486413,0.0006615917664021254,-0.004200489093230476
2024-10-18 10:00:00+00:00,-0.0014629273,0.00036310835275799036,0.00011631709442322798,0.0006566796218976378,-0.0033509375124305208
2024-10-18 11:00:00+00:00,0.00029052226,0.00035557759110815823,0.0011333209109489406,0.0006474886904470623,-0.0016065327584049588
2024-10-18 12:00:00+00:00,-0.00053641474,0.0003476013080216944,-0.00033170150246099035,0.0006433387752622366,-0.0023052652810321415
2024-10-18 13:00:00+00:00,-0.003976193,0.0003407183103263378,-0.0034796361687096013,0.0006340043037198484,-0.005230624441121138
2024-10-18 14:00:00+00:00,0.0013682501,0.0003410798672121018,0.00018481696478694196,0.0006217980990186334,-0.0005256018507838148
2024-10-18 15:00:00+00:00,0.0001344809,0.0003707638243213296,0.0007315843384178573,0.0006158921169117093,-0.0018604889967672447
2024-10-18 16:00:00+00:00,-0.0018057936,0.00037919176975265145,-0.0018093320666513384,0.0006089853704907,-0.0032556605749182385
2024-10-18 17:00:00+00:00,0.010419611,0.0003953928535338491,0.01065315064854855,0.0006006838520988822,0.0074890990075711355
2024-10-18 18:00:00+00:00,-0.001089361,0.0004043334338348359,0.0026437352723540225,0.0005988394841551781,-0.0025260542907531566
2024-10-21 10:00:00+00:00,0.0068167346,0.0004197062808088958,0.0040560595234563354,0.000593379489146173,0.004679767650754865
2024-10-21 11:00:00+00:00,-0.0010389037,0.00042700875201262534,-0.00031630479551949403,0.0005887711886316538,-0.0022199482686797545
2024-10-21 12:00:00+00:00,0.0029040098,0.00043347320752218366,0.0025369540419629116,0.0005846734857186675,0.0011986217733942091
2024-10-21 13:00:00+00:00,0.0006833688,0.0004387891967780888,0.0014889504657910973,0.0005816652555949986,-0.0007314771206802424
2024-10-21 14:00:00+00:00,-0.002382792,0.0004422054043971002,-0.0023568694519577583,0.0005782159278169274,-0.003747188391531298
2024-10-21 15:00:00+00:00,0.0015891588,0.00046939513413235545,0.0010438530983399984,0.000571901211515069,-6.516288852926222e-05
2024-10-21 16:00:00+00:00,0.00093686115,0.00047583659761585295,0.002145840364324647,0.0005659376038238406,-0.0007857518525197762
2024-10-21 17:00:00+00:00,-0.0015435334,0.000488699006382376,-0.0009393865980602556,0.0005599987925961614,-0.003099071076262494
2024-10-21 18:00:00+00:00,0.0011358312,0.0005004904814995825,0.0008265914813610769,0.0005579516291618347,-0.0008220833371752111
2024-10-22 10:00:00+00:00,-0.0019416197,0.0005153108504600823,-0.00150321586671177,0.0005559723358601332,-0.003723942629874066
2024-10-22 11:00:00+00:00,-0.00032028803,0.0005269221146591008,-0.0008041884302011602,0.0005511633353307843,-0.0023117923839106086
2024-10-22 12:00:00+00:00,0.004892518,0.0005352829466573894,0.0008007997696991177,0.0005428915028460324,0.002510576603433093
2024-10-22 13:00:00+00:00,-0.0014740503,0.0005471096374094486,-0.0015183618052720899,0.0005365108954720199,-0.0033114640624287194
2024-10-22 14:00:00+00:00,-0.0004294232,0.0005704155773855746,-0.0016732135195795413,0.0005262978957034647,-0.0021819454901137137
2024-10-22 15:00:00+00:00,-0.0021609233,0.0005860488745383918,-0.0025607289785473416,0.0005158513085916638,-0.0038702840850162786
2024-10-22 16:00:00+00:00,-0.00038637104,0.0005970905185677111,-0.0008678890236503987,0.0005141062429174781,-0.002280952604060662
2024-10-22 17:00:00+00:00,-0.0064912275,0.000619403668679297,-0.006559072848558805,0.0005120696732774377,-0.007854749315948246
2024-10-22 18:00:00+00:00,-0.0014012458,0.0006304389098659158,-0.001966042851830074,0.0005072252824902534,-0.0034398491902374777
2024-10-23 10:00:00+00:00,-0.008224521,0.0006357576348818839,-0.006751985002955214,0.000499613001011312,-0.009773941719039843
2024-10-23 11:00:00+00:00,0.0025102834,0.0006369793554767966,0.0019201346096934494,0.0004922599764540792,3.2408229457777694e-06
2024-10-23 12:00:00+00:00,0.0006265875,0.0006390375201590359,0.00073398956892609,0.0004893474979326129,-0.001647502873940067
2024-10-23 13:00:00+00:00,0.002524746,0.0006424604798667133,0.0018598012994677456,0.0004875672166235745,0.00025644065027430893
2024-10-23 14:00:00+00:00,-0.0025806755,0.0006439368007704616,-0.0010947100218984443,0.00048604156472720206,-0.004262210441405921
2024-10-23 15:00:00+00:00,0.0025806755,0.0006494823028333485,0.0007408374259542595,0.00048696662997826934,0.00025483652532735305
2024-10-23 16:00:00+00:00,-0.00047988127,0.0006606701645068824,0.00047923199911538807,0.0004835507133975625,-0.0023301466420832177
2024-10-23 17:00:00+00:00,-0.0021567266,0.0006713818293064833,-0.001224436718958444,0.00047590138274244964,-0.0037942409631877084
2024-10-23 18:00:00+00:00,-0.0026547944,0.0006712815957143903,-0.002634337363243061,0.00046926565119065344,-0.0043121833437037484
2024-10-24 10:00:00+00:00,-0.010452173,0.0006744015263393521,-0.007032454042701949,0.00046625666436739266,-0.011411648408884216
2024-10-24 11:00:00+00:00,0.0011554409,0.0006810920895077288,-0.000201136850235417,0.00045987372868694365,-0.0011712185635090748
2024-10-24 12:00:00+00:00,-0.0050052027,0.0006863143062219024,-0.003728956583513883,0.00045064021833240986,-0.006181062005340136
2024-10-24 13:00:00+00:00,0.0018869861,0.0006909678340889513,0.001946018204315266,0.0004409991670399904,-0.0007770917022490167
2024-10-24 14:00:00+00:00,0.0027105666,0.0006941570318304002,0.0027154400435667747,0.0004322188615333289,0.00010214382495988801
2024-10-24 15:00:00+00:00,-0.0029150075,0.000708822044543922,-0.001134484265290367,0.0004248817276675254,-0.004736728407395046
2024-10-24 16:00:00+00:00,0.0060360874,0.0007101687369868159,0.002375225366904407,0.0004101857775822282,0.0032499159379094644
2024-10-24 17:00:00+00:00,0.0032239184,0.000706469698343426,0.0034188568711829405,0.00039818501682020724,0.0009220241803660704
2024-10-24 18:00:00+00:00,-0.003754719,0.000701206736266613,-0.001757777183885494,0.00038803962524980307,-0.005121007138318801
2024-10-25 10:00:00+00:00,0.002065149,0.0007084516109898686,0.0006144149068724509,0.00038222878356464207,-5.315800132882679e-05
2024-10-25 11:00:00+00:00,0.00037195045,0.0007098087226040661,0.0003747272021729479,0.0003727308358065784,-0.0010634115166109482
2024-10-25 12:00:00+00:00,0.00032675135,0.0007063296507112682,0.00040937519552885235,0.0003662789531517774,-0.0012027524423972303
2024-10-25 13:00:00+00:00,0.0045633437,0.0006992134731262922,0.004894987387088975,0.00036074264789931476,0.002646654811903534
2024-10-25 14:00:00+00:00,-0.008400951,0.0006917706923559308,-0.005344703245801518,0.0003562766360118985,-0.009075254606331655
2024-10-25 15:00:00+00:00,-0.0037388727,0.0006952291587367654,-0.004791974002727652,0.00035407382529228926,-0.005106212654941114
2024-10-25 16:00:00+00:00,-0.012162613,0.0006811252096667886,-0.009892427047301628,0.00034845570917241275,-0.01275427740289641
2024-10-25 17:00:00+00:00,-0.0045027225,0.0006641724612563848,-0.007449681434263299,0.00034018527367152274,-0.006499605849666124
2024-10-25 18:00:00+00:00,0.00065767084,0.0006464450852945447,-0.00021009377759226516,0.00033791380701586604,-0.0020596839730392014
2024-10-28 10:00:00+00:00,-0.0105400225,0.0006281784735620022,-0.005856504325035412,0.0003417734114918858,-0.011484499006732329
2024-10-28 11:00:00+00:00,0.003792819,0.0006046041380614042,0.0031534793366383377,0.0003379426198080182,0.0004809884052829373
2024-10-28 12:00:00+00:00,-0.0037578503,0.0005829001311212778,-0.0020377219047406385,0.00033202575286850333,-0.005739478192392999
2024-10-28 13:00:00+00:00,-0.0008979226,0.000566447211895138,-0.0011759247393038161,0.00032775307772681117,-0.0033454414255489565
2024-10-28 14:00:00+00:00,-0.009035624,0.0005512171192094684,-0.00799646226904128,0.000322733394568786,-0.010030489258949863
2024-10-28 15:00:00+00:00,0.0015880208,0.0005402769311331213,-0.002726463332386883,0.00031391475931741297,-0.0013933038516767734
2024-10-28 16:00:00+00:00,-0.0061661997,0.000527729804161936,-0.006453671916079534,0.00031016365392133594,-0.008211842543674729
2024-10-28 17:00:00+00:00,-0.0036373371,0.0005208483780734241,-0.004960446238735229,0.0003013205132447183,-0.005912956040366256
2024-10-28 18:00:00+00:00,-0.009756757,0.0005158332642167807,-0.005035015782516531,0.0002955859526991844,-0.01095637572841821
2024-10-29 10:00:00+00:00,0.009899181,0.0005043001146987081,0.003644118754839461,0.00028764887247234583,0.00564935943297557
2024-10-29 11:00:00+00:00,-0.012755915,0.0004998561926186085,-0.006845283146069079,0.00028305387240834534,-0.012981388710146658
2024-10-29 12:00:00+00:00,0.0033240763,0.0004893059958703816,0.0009210555855785685,0.00027270932332612574,-0.00029491965540725
2024-10-29 13:00:00+00:00,0.0005150225,0.00048373936442658305,0.0017761176906814224,0.0002644066989887506,-0.002013174561705742
2024-10-29 14:00:00+00:00,0.0047782394,0.00048397498903796077,0.003000826583052925,0.0002599569270387292,0.0014367103990506089
2024-10-29 15:00:00+00:00,0.0014647306,0.00048410979798063636,0.0017298872144253358,0.00024816824588924646,-0.0011544123128448766
2024-10-29 16:00:00+00:00,0.00085640885,0.00047996247303672135,0.0007126824369307159,0.00024262272927444428,-0.0014886432411676449
2024-10-29 17:00:00+00:00,-0.00028538812,0.00047251107753254473,-0.0007575765872045773,0.00023375476303044707,-0.0025375037235801077
2024-10-29 18:00:00+00:00,0.000725202,0.00046122059575282037,0.0006105894655922762,0.00022840293240733445,-0.0012210614231614575
2024-10-30 10:00:00+00:00,0.008025231,0.0004472480795811862,0.006479314282484602,0.00022547236585523933,0.004978416650784809
2024-10-30 11:00:00+00:00,-0.00010610893,0.00042928571929223835,0.002169071815265888,0.00022831038222648203,-0.0022839379788686005
2024-10-30 12:00:00+00:00,0.00088389724,0.00040735682705417275,0.0008708376944174675,0.00023517347290180624,-0.0011317519011416373
2024-10-30 13:00:00+00:00,-0.0021108622,0.00038652060902677476,-0.0018368583584574417,0.0002429404848953709,-0.004066873152390392
2024-10-30 14:00:00+00:00,-0.007821798,0.0003609325212892145,-0.005647279030489629,0.0002491420309524983,-0.008760009647337037
2024-10-30 15:00:00+00:00,0.0032190843,0.0003395196108613163,-0.0010588449327811045,0.00025530156563036144,0.0002732584882317616
2024-10-30 16:00:00+00:00,-0.0008186365,0.0003140075132250786,-0.0007791606786130836,0.00026074962806887925,-0.0033654139988305173
2024-10-30 17:00:00+00:00,0.008862478,0.00029450084548443556,0.004124575538391484,0.00026696280110627413,0.0051281796792142734
2024-10-30 18:00:00+00:00,-0.0012949252,0.00027137508732266724,-0.0006529587051302146,0.00027318272623233497,-0.0036030783990865633
2024-10-31 10:00:00+00:00,-0.012421931,0.00024634742294438183,-0.010512176411325317,0.0002749188570305705,-0.012920030083120227
2024-10-31 11:00:00+00:00,-0.003237428,0.00022482482017949224,-0.007028076136556393,0.0002754707238636911,-0.005879145314037375
2024-10-31 12:00:00+00:00,-0.003187922,0.0001992177130887285,0.0004755222009721809,0.0002710120752453804,-0.005656716756043539
2024-10-31 13:00:00+00:00,0.004945318,0.00016818677249830216,0.0034013047924349366,0.0002695081930141896,0.0010411839833677108
2024-10-31 14:00:00+00:00,0.004243254,0.00013053204747848213,0.0033691470962451827,0.0002704403013922274,0.0005019299005494661
2024-10-31 15:00:00+00:00,-0.0045897067,0.00011377513146726415,-0.002079224865324183,0.0002715225564315915,-0.006676500797068056
2024-10-31 16:00:00+00:00,-0.0040948335,8.623056055512279e-05,-0.0029245820358377215,0.0002747233666013926,-0.0062864209638233744
2024-10-31 17:00:00+00:00,-0.0038466672,6.544122152263299e-05,-0.003536649615163238,0.0002794118190649897,-0.006586188907965272
2024-10-31 18:00:00+00:00,0.0011796145,4.124362749280408e-05,-0.0008386718649947676,0.0002764916862361133,-0.0025712075489838938
2024-11-01 10:00:00+00:00,-0.00084243977,1.7406686311005615e-05,-0.000842434222109976,0.00027454167138785124,-0.004081615487360273
2024-11-01 11:00:00+00:00,-0.0011444475,-3.958712568419287e-06,-0.0003720168353836743,0.00027147444779984653,-0.00404156390189071
2024-11-01 12:00:00+00:00,-0.0026432532,-2.760169627435971e-05,-0.0014391622815492294,0.0002738884068094194,-0.0053906583095765185
2024-11-01 13:00:00+00:00,0.0011836893,-5.1571620133472607e-05,0.00022838770089026426,0.00027132799732498825,-0.0024283778301300613
2024-11-01 14:00:00+00:00,0.0032419236,-7.834064308553934e-05,0.0035665294651205273,0.00027316095656715333,-0.0006532864755200247
2024-11-01 15:00:00+00:00,-0.002952254,-0.00010601604299154133,-0.0004948871518925098,0.00027536775451153517,-0.005986219517130583
2024-11-01 16:00:00+00:00,0.0054158275,-0.0001311531086685136,0.0023607520093125046,0.00027827746816910803,0.001205779721738545
2024-11-01 17:00:00+00:00,0.0030201003,-0.00015719379007350653,0.0031042185092928637,0.0002913531207013875,-0.0007571387724859021
2024-11-01 18:00:00+00:00,-0.0039207037,-0.00018519767036195844,-0.003560325014630639,0.00029918632935732603,-0.006313489868158564
2024-11-02 10:00:00+00:00,0.0054034432,-0.0002044316497631371,0.0020207233620009226,0.0003098752931691706,0.0014140419694876304
2024-11-02 11:00:00+00:00,-0.0014468408,-0.00022041088959667832,0.001326704932903637,0.0003178206388838589,-0.003950414401907218
2024-11-02 12:00:00+00:00,0.0,-0.0002334062592126429,-8.434666471038806e-05,0.0003236949269194156,-0.002730818024499951
2024-11-02 13:00:00+00:00,0.0014348921,-0.00024177905288524926,0.0011947360595225254,0.0003285332059022039,-0.0017761731868310767
2024-11-02 14:00:00+00:00,0.0026372173,-0.00024678310728631914,0.002078236411062715,0.0003271745808888227,-0.00034720429339236665
2024-11-02 15:00:00+00:00,2.3834493e-05,-0.0002488633617758751,-0.0005059199142537163,0.000321551866363734,-0.003049131277254838
2024-11-02 16:00:00+00:00,0.0024043624,-0.00024869758635759354,0.0024306462634045177,0.0003161488566547632,-0.001077471743567981
2024-11-02 17:00:00+00:00,-0.0019873506,-0.0002510134654585272,-0.001639070723341265,0.00030803008121438324,-0.004584888429407843
2024-11-02 18:00:00+00:00,-0.001991308,-0.0002573185774963349,-0.002492263048869419,0.0002967644250020385,-0.004741814145175922
2024-11-05 10:00:00+00:00,0.0073374533,-0.0002592695236671716,0.0024172231989500704,0.0002878241357393563,0.0034454236464962953
2024-11-05 11:00:00+00:00,-0.0007941729,-0.0002562948502600193,0.00010191005595246502,0.0002733831061050296,-0.003495224570295549
2024-11-05 12:00:00+00:00,0.003539282,-0.00025984097737818956,0.0021994695327563945,0.0002642703475430608,0.0001534479962479393
2024-11-05 13:00:00+00:00,-0.00081564626,-0.00026940787211060524,0.0001340867356388764,0.0002617666032165289,-0.0034456633447215255
2024-11-05 14:00:00+00:00,-0.0022138702,-0.00027624182985164225,-0.002337108943570545,0.00026634507230482996,-0.004837298703395601
2024-11-05 15:00:00+00:00,8.2960505e-05,-0.0002801039081532508,-0.0009524975177721257,0.00026914846966974437,-0.002742029246855637
2024-11-05 16:00:00+00:00,-0.0016961319,-0.0002870742173399776,-0.0016923708695882952,0.0002715908922255039,-0.004571210639914259
2024-11-05 17:00:00+00:00,-0.0045450837,-0.0002880697720684111,-0.004729104529670783,0.0002772322914097458,-0.007148526215478979
2024-11-05 18:00:00+00:00,0.0024297875,-0.00028496485901996493,0.00026111872432753395,0.000281315587926656,-0.001313283661128462
2024-11-06 10:00:00+00:00,0.028925674,-0.0002909405739046633,0.01938356554105852,0.00029534019995480776,0.021818295105311844
2024-11-06 11:00:00+00:00,0.0016051461,-0.00029836592148058116,0.004306668789349425,0.00031281658448278904,-0.0007932934276615887
2024-11-06 12:00:00+00:00,-0.0013278144,-0.00031427224166691303,-0.0007720509943761178,0.000332881259964779,-0.00364297917127295
2024-11-06 13:00:00+00:00,-0.0044117463,-0.0003330018662381917,-0.0032687166425561694,0.00034821854205802083,-0.00624768380693436
2024-11-06 14:00:00+00:00,-0.0023818526,-0.00034735832014121115,-0.0025188715842722085,0.0003656269109342247,-0.0047729879677701655
2024-11-06 15:00:00+00:00,-0.0040330156,-0.00032198778353631496,-0.002824740409291805,0.00037878588773310184,-0.006263056992658431
2024-11-06 16:00:00+00:00,-0.0017651842,-0.0003358095418661833,-0.0017602055713541525,0.00039661466144025326,-0.004350187447769634
2024-11-06 17:00:00+00:00,-0.0017683057,-0.0003521234029904008,-0.0020587936233228492,0.0004033086006529629,-0.0049656289317348366
2024-11-06 18:00:00+00:00,0.0010074978,-0.00036268122494220734,0.0005219127122310164,0.0004193043860141188,-0.0020987725710280123
2024-11-07 11:00:00+00:00,0.0,-0.00037232012255117297,0.0003570043864150648,0.0004321796295698732,-0.003026221751641818
2024-11-07 12:00:00+00:00,-0.004647623,-0.00038219834095798433,-0.0033826883899652064,0.0004419021715875715,-0.007475485318327526
2024-11-07 13:00:00+00:00,-0.005946569,-0.0003816290118265897,-0.004081926673282797,0.0004432090208865702,-0.008470750176498069
2024-11-07 14:00:00+00:00,0.006158294,-0.00037261060788296163,0.0017751757551138312,0.00044145205174572766,0.0017518087556944893
2024-11-07 15:00:00+00:00,0.0028539067,-0.00035628603654913604,0.00112117802480086,0.00044022148358635604,-0.0006198669673426428
2024-11-07 16:00:00+00:00,0.0002814259,-0.00030170707032084465,0.00041829971830237934,0.0004370737005956471,-0.002661767029477755
2024-11-07 17:00:00+00:00,0.014144672,-0.00027271101134829223,0.010634177922789458,0.00043484236812219024,0.009701661896145805
2024-11-07 18:00:00+00:00,-0.0009367791,-0.0002340696519240737,0.004988126347430742,0.0004260485584381968,-0.003019843836314216
2024-11-08 10:00:00+00:00,0.017548133,-0.00018491363152861595,0.009740946912141805,0.00041939967195503414,0.013241200281640381
2024-11-08 11:00:00+00:00,-0.003473669,-0.0001355299464194104,-0.002326891616038049,0.00041154533391818404,-0.0048075409030644885
2024-11-08 12:00:00+00:00,0.0006272918,-9.2056390712969e-05,-0.0010542449052972237,0.0004068795533385128,-0.0015234642108841792
2024-11-08 13:00:00+00:00,-0.0045940313,-5.412988321040757e-05,-0.0016630372627990796,0.00040685106068849564,-0.005920705577041298
2024-11-08 14:00:00+00:00,0.0007213562,-2.0434339603525586e-05,0.0003330913277190686,0.0004048225819133222,-0.0014855174174470867
2024-11-08 15:00:00+00:00,0.0030970569,1.4544157238560729e-05,0.0015791427462068146,0.0004059937200509012,0.0005702443442046961
2024-11-08 16:00:00+00:00,-0.0011188621,5.3917563491268083e-05,0.0001302996663727515,0.00039597394061274827,-0.0030305772002099714
2024-11-08 17:00:00+00:00,0.0036032787,8.77699931152165e-05,0.0020486119112109007,0.0003851841320283711,0.0016974489117944705
2024-11-08 18:00:00+00:00,0.0022284386,0.00011056052608182654,0.0022387597309190678,0.00038434978341683745,-0.0004522785586857684
2024-11-11 10:00:00+00:00,0.015517466,0.00012154060823377222,0.002553644696449175,0.00038635465898551047,0.011729493478134885
2024-11-11 11:00:00+00:00,0.005686648,0.00013652398774866015,0.004605759472634629,0.00038810702972114086,0.002879906307289016
2024-11-11 12:00:00+00:00,-0.003966093,0.00014993362128734589,-0.00021122751562214278,0.00038332940312102437,-0.0053155332974250315
2024-11-11 13:00:00+00:00,0.0023080406,0.00016529482672922313,0.00026525712974791215,0.000376144889742136,0.0002746619842085717
2024-11-11 14:00:00+00:00,-0.006099419,0.0001730817457428202,-0.004612590684787132,0.00037365712341852486,-0.007421039335364469
2024-11-11 15:00:00+00:00,0.0012877726,0.0001756225392455235,-0.00015082447511305332,0.00037675618659704924,-0.0009111619814878443
2024-11-11 16:00:00+00:00,0.0036861666,0.00017379630298819393,0.0025722797426257797,0.0003841074067167938,0.0013647114703114964
2024-11-11 17:00:00+00:00,-0.0033393113,0.000171304534887895,-0.0007797382191203149,0.00038976166979409754,-0.004539082205931104
2024-11-11 18:00:00+00:00,0.0020674441,0.00017391826258972287,0.0010981616292880278,0.00039339179056696594,7.750819621540938e-06
2024-11-12 10:00:00+00:00,-0.009421864,0.00017806711548473686,-0.0047185329833887195,0.0003943330957554281,-0.010447933069730535
2024-11-12 11:00:00+00:00,0.0014752172,0.0001809005334507674,-0.0004008726839992316,0.0003973607672378421,-0.000826169476922286
2024-11-12 12:00:00+00:00,0.0028990414,0.00018524641927797347,0.0015018537359338475,0.0003975743311457336,0.0006571947589285691
2024-11-12 13:00:00+00:00,-0.0015046546,0.00019351074297446758,-0.0007524996595018225,0.00039718367042951286,-0.0031596893193659758
2024-11-12 14:00:00+00:00,-0.0019008954,0.00020257296273484826,-0.0022829090226595882,0.0004015488375443965,-0.003468503015432707
2024-11-12 15:00:00+00:00,-0.002367105,0.00021537007705774158,-0.0024224789490739826,0.0004010411212220788,-0.004015135446583793
2024-11-12 16:00:00+00:00,-0.0025197896,0.00023068531299941242,-0.002560475515188375,0.0004027260874863714,-0.0036592005419836225
2024-11-12 17:00:00+00:00,0.0049769594,0.00027329722070135176,0.004885718401135884,0.00040684998384676874,0.0023775118796578176
2024-11-12 18:00:00+00:00,-0.0019494612,0.0002878709346987307,0.0010207277182743806,0.0004087808483745903,-0.003289024769815909
2024-11-13 10:00:00+00:00,-0.0026994534,0.00030326307751238346,-0.0018224929484692933,0.00041417055763304234,-0.003924228310601394
2024-11-13 11:00:00+00:00,0.002936296,0.0003167364629916847,0.00283175104549821,0.00041854308801703155,0.0012585465739949515
2024-11-13 12:00:00+00:00,0.0016675872,0.0003261035599280149,0.0027003695455097847,0.00042380898958072066,6.880939106506854e-05
2024-11-13 13:00:00+00:00,-0.00041663618,0.00033303620875813067,0.000289592118074457,0.00042690790724009275,-0.002228836229148711
2024-11-13 14:00:00+00:00,-0.0023905651,0.000338308367645368,-0.00021507242846226083,0.00043127156095579267,-0.0034009289774293567
2024-11-13 15:00:00+00:00,0.0026270556,0.00033851395710371435,0.0020865393266303284,0.0004334225959610194,0.0009393283266154336
2024-11-13 16:00:00+00:00,0.00085540314,0.0003419850254431367,0.0016835377804867912,0.0004371977993287146,-0.00048280027315017796
2024-11-13 17:00:00+00:00,-0.0042278594,0.00034267353476025164,-0.0052324953013749,0.00044053708552382886,-0.005351306346674739
2024-11-13 18:00:00+00:00,9.038118e-05,0.00034646940184757113,-0.0007513361192542759,0.0004374234704300761,-0.0014654338443005157
2024-11-14 10:00:00+00:00,-0.011030129,0.00034822424640879035,-0.0064641136160634586,0.00043716837535612285,-0.011096294066847616
2024-11-14 11:00:00+00:00,-0.0027451492,0.0003446992486715317,-0.0030943620270517643,0.0004357476718723774,-0.003968102957925081
2024-11-14 12:00:00+00:00,0.00046949703,0.00033926620380952954,0.0002563340223101664,0.00043611109140329063,-0.0008299045001723312
2024-11-14 13:00:00+00:00,0.00011447804,0.00033783953404054046,0.0003627732362870305,0.0004356410354375839,-0.0015617021936326018
2024-11-14 14:00:00+00:00,-0.0023379491,0.00033495432580821216,-0.0021647959465491765,0.0004338981525506824,-0.003589171852146392
2024-11-14 15:00:00+00:00,-0.0011135923,0.00033141495077870786,-0.001392457727787753,0.00042977489647455513,-0.002295036518044371
2024-11-14 16:00:00+00:00,-0.00020678247,0.00034043824416585267,-0.0007495026046217434,0.00042350441799499094,-0.0018095053716210175
2024-11-14 17:00:00+00:00,-0.012567293,0.0003405534662306309,-0.011774137024919019,0.0004163232515566051,-0.01217105619532646
2024-11-14 18:00:00+00:00,-0.0015485737,0.00035056372871622443,-0.0016716799968107445,0.0004030459967907518,-0.0031891484918407684
2024-11-15 10:00:00+00:00,0.0032689841,0.0003642135998234153,0.0013287928719383085,0.0004051063151564449,0.000908685909639961
2024-11-15 11:00:00+00:00,0.0035014122,0.00038298580329865217,0.0027312987917520715,0.0004088145506102592,0.001742356969747593
2024-11-15 12:00:00+00:00,-0.0012739298,0.0004050176648888737,-4.94904093344593e-05,0.0004143548430874944,-0.002598211984287726
2024-11-15 13:00:00+00:00,-0.0015772874,0.00042841307003982365,-0.0005802973237492752,0.0004180018149781972,-0.0027885249491133644
2024-11-15 14:00:00+00:00,0.0007193661,0.0004509624559432268,0.0007598126656732712,0.00042125684558413923,-0.0009513547692352382
2024-11-15 15:00:00+00:00,0.0055403085,0.0004642004787456244,0.004975213247045637,0.0004222980351187289,0.00327473737530656
2024-11-15 16:00:00+00:00,6.920415e-05,0.0004996031057089567,0.0010330578858234632,0.0004261267022229731,-0.0013300818666688895
2024-11-15 17:00:00+00:00,-0.009572445,0.0005132204387336969,-0.010574603994380798,0.0004278815467841923,-0.009794792428593602
2024-11-15 18:00:00+00:00,0.004844031,0.0005269310204312205,0.0007718942710224014,0.00043079553870484233,0.0030182441289212927
2024-11-18 10:00:00+00:00,-0.010015923,0.0005396398482844234,-0.003268433856288926,0.0004380061000119895,-0.009930158158564323
2024-11-18 11:00:00+00:00,0.001660722,0.0005481140688061714,0.0005201837969059717,0.00043679209193214774,-0.00010824677920062199
2024-11-18 12:00:00+00:00,-0.006612447,0.0005528592155314982,-0.0035769302975650866,0.00042774181929416955,-0.007225658120228653
2024-11-18 13:00:00+00:00,0.001997721,0.0005574189708568156,0.0005073462106051513,0.0004179858660791069,-0.00012921953124580415
2024-11-18 14:00:00+00:00,0.002438854,0.0005565877072513103,0.0019259809409750157,0.000408468913519755,0.0003098476514153
2024-11-18 15:00:00+00:00,-0.0017112654,0.000554029131308198,-0.00018203446780215376,0.0004011085256934166,-0.0031968155116166965
2024-11-18 16:00:00+00:00,0.00518339,0.0005481897387653589,0.001854637945207838,0.0004008015093859285,0.002583725155020406
2024-11-18 17:00:00+00:00,0.0021799835,0.0005463966517709196,0.002798165854137543,0.00039426537114195526,0.00017672511551063098
2024-11-18 18:00:00+00:00,-0.0013400689,0.0005443681729957461,-0.000564894450979306,0.00039552655653096735,-0.0025834406188030004
2024-11-19 10:00:00+00:00,-0.0072675673,0.0005393291357904673,-0.004816542688088827,0.0003940306487493217,-0.008142924039951066
2024-11-19 11:00:00+00:00,-0.0063746646,0.0005350550054572523,-0.007687076015402189,0.00039234873838722706,-0.007140883796262082
2024-11-19 12:00:00+00:00,0.0019367264,0.0005319249466992915,0.0008502770325885941,0.0003907949139829725,-0.0004561155321046227
2024-11-19 13:00:00+00:00,-0.00074354274,0.0005252441624179482,0.0014228203572390226,0.00039228255627676845,-0.0025373603889238864
2024-11-19 14:00:00+00:00,-0.0019618277,0.0005156061961315572,-0.0010013869354088495,0.00039710584678687155,-0.0036784828472592
2024-11-19 15:00:00+00:00,-0.0036858646,0.0005039425450377166,-0.004689792445296544,0.00039978051790967584,-0.005178108678765949
2024-11-19 16:00:00+00:00,-0.0086695235,0.0004888849798589945,-0.006168659091445046,0.00040470369276590645,-0.009226220276447246
2024-11-19 17:00:00+00:00,-0.005633006,0.0004798920126631856,-0.004587605179461636,0.0004016223829239607,-0.007281754024016098
2024-11-19 18:00:00+00:00,-0.002254874,0.00047198496758937836,-0.0018793626165839953,0.0004011195560451597,-0.00488792662334204
2024-11-20 10:00:00+00:00,0.00076023146,0.0004632291675079614,-0.003058139061805333,0.0004043359949719161,-0.0022879155806930698
2024-11-20 11:00:00+00:00,0.0017234631,0.00045201650937087834,0.0008204289190910012,0.00040324454312212765,-0.0013886440668657903
2024-11-20 12:00:00+00:00,0.0019488728,0.000444346631411463,0.0015111165577865013,0.0004080506623722613,-0.0009372611731859387
2024-11-20 13:00:00+00:00,0.0004205543,0.00043340149568393826,-0.00023203178308382608,0.0004101952654309571,-0.002242052048155614
2024-11-20 14:00:00+00:00,0.0011646127,0.00042242754716426134,0.0012441482847176245,0.00041243177838623524,-0.001529439210677066
2024-11-20 15:00:00+00:00,-0.0032210017,0.0004090408910997212,-0.0010424887409177844,0.0004191796761006117,-0.005133859077253556
2024-11-20 16:00:00+00:00,-0.0069701844,0.0003931505198124796,-0.003842974253152822,0.0004213435749989003,-0.008353486178917607
2024-11-20 17:00:00+00:00,-0.0067505776,0.0003837129333987832,-0.009038024908856345,0.00042998293065465987,-0.008484922938156872
2024-11-20 18:00:00+00:00,-0.0037782728,0.00037690409226343036,-0.004131749768687081,0.0004315882397349924,-0.006045515590068362
2024-11-21 10:00:00+00:00,-0.0055895923,0.00036702066427096725,-0.005243597749778256,0.00043355236994102597,-0.007528313639673308
2024-11-21 11:00:00+00:00,-0.0031092712,0.0003604419471230358,-0.003732152082998467,0.00043421637383289635,-0.005642982467344216
2024-11-21 12:00:00+00:00,0.00167922,0.00035223766462877393,0.0006561492333277718,0.00043305321014486253,-0.0020045412606243982
2024-11-21 13:00:00+00:00,0.00495943,0.0003342774580232799,0.003025665160624127,0.0004343104374129325,0.0008682880550194868
2024-11-21 14:00:00+00:00,-0.0019537616,0.0003133876307401806,-0.0003439191358500482,0.0004411554546095431,-0.004644070556216686
2024-11-21 15:00:00+00:00,-0.0038449261,0.00028690663748420775,-0.003899016770848012,0.0004408989625517279,-0.006147282868301331
2024-11-21 16:00:00+00:00,0.0032420533,0.00026539264945313334,0.00010990736364300678,0.00044062381493858993,-0.0003819903678973246
2024-11-21 17:00:00+00:00,-0.013942388,0.00024403887800872326,-0.012405008196282158,0.00044311711098998785,-0.014457469671517908
2024-11-21 18:00:00+00:00,0.0030156162,0.00021378100791480392,-0.0018202744844175237,0.00044018350308761,-0.0007964843088366651
2024-11-22 10:00:00+00:00,0.01766072,0.00018680913490243256,0.011414131447869711,0.0004449176194611937,0.011493417226133066
2024-11-22 11:00:00+00:00,-0.0060449815,0.00016368522483389825,0.0007993047815591837,0.00045665635843761265,-0.007271740652209093
2024-11-22 12:00:00+00:00,0.004491246,0.00013628099986817688,0.002144298737656671,0.0004677896504290402,0.0012958539291821366
2024-11-22 13:00:00+00:00,-0.0012741508,0.00010346119961468503,0.00037561549893683,0.00047523307148367167,-0.0038033104426097395
2024-11-22 14:00:00+00:00,-0.003094115,7.346316851908341e-05,-0.00196857177673745,0.0004835602012462914,-0.005032902382340984
2024-11-22 15:00:00+00:00,-0.0027707159,5.418444925453514e-05,-0.002927188186001066,0.0004935818142257631,-0.005140915386861355
2024-11-22 16:00:00+00:00,-0.0027165876,2.194040280301124e-05,-0.0025991508209986195,0.0004975486663170159,-0.005251946392696711
2024-11-22 17:00:00+00:00,-0.02104236,-1.2966088434041012e-05,-0.021211879850760014,0.0005045622237958014,-0.020411578046374532
2024-11-22 18:00:00+00:00,0.0009718726,-4.725699545815587e-05,-0.005150060872839508,0.0005094700609333813,-0.003200517252587359
2024-11-25 10:00:00+00:00,-0.008335704,-8.492427878081799e-05,-0.008005747892438042,0.0005167259369045496,-0.010494009108083043
2024-11-25 11:00:00+00:00,0.0010298858,-0.00012936793791595846,-0.0005064485979099208,0.0005220915772952139,-0.003809841953724746
2024-11-25 12:00:00+00:00,0.0013842239,-0.00018310363520868123,0.0014131983146148152,0.0005257066804915667,-0.003272574972969909
2024-11-25 13:00:00+00:00,-0.0006982221,-0.00023262519971467555,-0.0006342323875266354,0.0005283041391521692,-0.005085324383126907
2024-11-25 14:00:00+00:00,-0.0009783307,-0.0002758309419732541,-0.001023618266349779,0.0005333069711923599,-0.004875449808050353
2024-11-25 15:00:00+00:00,-0.006721664,-0.0002803643583320081,-0.00614998000916289,0.0005404804833233356,-0.009618247852276432
2024-11-25 16:00:00+00:00,-0.0007297261,-0.00031018006848171353,-0.002330559006668097,0.0005461215623654425,-0.005064569270999292
2024-11-25 17:00:00+00:00,-0.019162232,-0.00033692948636598885,-0.013521549329828741,0.000550014607142657,-0.019578059831746354
2024-11-25 18:00:00+00:00,0.0027377275,-0.000367211876437068,-0.0006394104721135863,0.0005485244910232723,-0.002351830773733442
2024-11-26 10:00:00+00:00,-0.00397869,-0.00039232903509400785,-0.0026145622939136655,0.0005557926488108933,-0.007200199400729941
2024-11-26 11:00:00+00:00,0.002949662,-0.0004099984362255782,0.0009353875331927234,0.0005622328608296812,-0.00236035357981612
2024-11-26 12:00:00+00:00,-0.0027144141,-0.0004268095945008099,-0.0013444213328474726,0.000569045078009367,-0.0063025310061764275
2024-11-26 13:00:00+00:00,-0.0020668462,-0.00044118749792687595,-0.0019052196012776443,0.0005721545894630253,-0.0061348881721788925
2024-11-26 14:00:00+00:00,-0.009578768,-0.00045548053458333015,-0.009079109315438615,0.0005727845709770918,-0.012157362436725324
2024-11-26 15:00:00+00:00,-0.0054884735,-0.00044149637687951326,-0.005598258409071509,0.0005723463837057352,-0.009043582103265236
2024-11-26 16:00:00+00:00,-0.0015965094,-0.00045949642662890255,-0.0022755582838656432,0.0005665370845235884,-0.006140434157541792
2024-11-26 17:00:00+00:00,-0.019156,-0.00046819463022984564,-0.016960956105703855,0.0005685229552909732,-0.01991562185342504
2024-11-26 18:00:00+00:00,0.0029002812,-0.0004814856802113354,-0.00035299822672464143,0.000560082437004894,-0.003282761017912912
2024-11-27 10:00:00+00:00,-0.012898659,-0.0004842219641432166,-0.011504385902666074,0.0005644770571961999,-0.01503844227495285
2024-11-27 11:00:00+00:00,0.0062044943,-0.0004932685405947268,0.0020263211268192792,0.0005637952708639205,-0.0009894682055692
2024-11-27 12:00:00+00:00,0.015881395,-0.0004991976893506944,0.009128823510051443,0.0005633154651150107,0.007041530678909567
2024-11-27 13:00:00+00:00,-0.0009390932,-0.0004993744660168886,0.00032417242224354196,0.0005657315487042069,-0.004925942797968912
2024-11-27 14:00:00+00:00,0.008473494,-0.0004962609964422882,0.00421780299778727,0.0005642450996674597,0.002010452012226772
2024-11-27 15:00:00+00:00,-0.015882932,-0.0004881551139988005,-0.007062020534588599,0.0005622332100756466,-0.016086609357922478
2024-11-27 16:00:00+00:00,0.009835858,-0.0004814985441043973,0.0020346596149619996,0.0005601361044682562,0.0023558888943202476
2024-11-27 17:00:00+00:00,-0.0019299333,-0.0004673418588936329,0.000331434015744829,0.0005641124444082379,-0.005899343579902122
2024-11-27 18:00:00+00:00,-0.025324,-0.00045309204142540693,-0.019485930373958935,0.0005717250169254839,-0.02326971699157799
2024-11-28 10:00:00+00:00,0.020226648,-0.0004413349088281393,0.00883494848519185,0.0005680409958586097,0.01021782442100206
2024-11-28 11:00:00+00:00,0.00047182213,-0.000428191531682387,0.002315579193390972,0.0005736204911954701,-0.0033724201845214503
2024-11-28 12:00:00+00:00,-0.0032398312,-0.00041764197521843016,-0.0024615429127454267,0.0005831947200931609,-0.006636109510401887
2024-11-28 13:00:00+00:00,-0.0032910581,-0.0004041974025312811,-0.003396712387878453,0.0005941815325058997,-0.007803168838484818
2024-11-28 14:00:00+00:00,-0.0068333056,-0.00039179250597953796,-0.005253557874410779,0.0006065481575205922,-0.010617334920238534
2024-11-28 15:00:00+00:00,-0.0012710737,-0.0003761659318115562,-0.0014678350805687975,0.000618723570369184,-0.006523618401728534
2024-11-28 16:00:00+00:00,0.0037538863,-0.00036716010072268546,0.0017830146263295374,0.0006345988949760795,-0.002153963844255115
2024-11-28 17:00:00+00:00,-0.0074670077,-0.0003506317734718323,-0.007560990287832433,0.0006523624178953469,-0.01105724236376841
2024-11-28 18:00:00+00:00,0.005462138,-0.0003379661065991968,0.002067311111490581,0.0006634984165430069,-0.0013717905491099332
2024-11-29 10:00:00+00:00,0.0022364662,-0.00031424988992512226,0.0019445797384126657,0.0006757161463610828,-0.0025720912459126387
2024-11-29 11:00:00+00:00,0.007153019,-0.0002791117294691503,0.00549847715479304,0.0006910089869052172,0.000617076470827144
2024-11-29 12:00:00+00:00,0.0014731026,-0.0002488066675141454,0.0017222877544261835,0.0007051304564811289,-0.0026450442491751072
2024-11-29 13:00:00+00:00,-0.0025015057,-0.0002150765067199245,-0.0020835973037353047,0.0007215276127681136,-0.006100770363326352
2024-11-29 14:00:00+00:00,0.0020557493,-0.00018158258171752095,4.1070773210887635e-05,0.0007359934970736504,-0.0033926712133961136
2024-11-29 15:00:00+00:00,-0.00022970955,-0.00014065596042200923,-0.000646504040908533,0.0007443352951668203,-0.004288350208772963
2024-11-29 16:00:00+00:00,-0.0042523867,-0.0001156843572971411,-0.002337499118892415,0.0007596253999508917,-0.008170438235699282
2024-11-29 17:00:00+00:00,0.019673822,-0.00010081373329740018,0.01169211540203693,0.0007734248065389693,0.010766558658995515
2024-11-29 18:00:00+00:00,0.003055953,-9.210113057633862e-05,0.004830685391194305,0.000787246273830533,-0.0014363708018639868
2024-12-02 10:00:00+00:00,0.0061895135,-8.746721141505986e-05,0.004777416392284896,0.0007983982795849442,0.0006649502744276213
2024-12-02 11:00:00+00:00,-0.0018079251,-8.524877193849534e-05,0.00015311692966896265,0.0008056440274231136,-0.005203536538406124
2024-12-02 12:00:00+00:00,-0.0011101274,-8.29387063276954e-05,-0.0007973709904790956,0.0008166942861862481,-0.006024142407223368
2024-12-02 13:00:00+00:00,-0.0006216808,-8.109960617730394e-05,-0.0006006029836639167,0.0008267989614978433,-0.004600861828948684
2024-12-02 14:00:00+00:00,0.0010976006,-8.462643745588139e-05,0.0007131624455183077,0.000831661163829267,-0.0038538700910825553
2024-12-02 15:00:00+00:00,-0.0021566702,-5.238852827460505e-05,-0.0016276010484243873,0.0008380471263080835,-0.007463994704146999
2024-12-02 16:00:00+00:00,0.00084734545,-4.0400038415100425e-05,-0.0006898109060405367,0.0008379503269679844,-0.0037046198690284015
2024-12-02 17:00:00+00:00,0.0058850865,-3.567511885194108e-05,0.005127428564305899,0.0008246390498243272,-0.00043725751555667627
2024-12-02 18:00:00+00:00,0.0003157064,-2.0391749785630964e-05,0.001084357693614229,0.0008187472703866661,-0.004868093880511701
2024-12-03 10:00:00+00:00,-0.007498583,-1.3878591744287405e-05,-0.006401845616980941,0.000806398456916213,-0.010809872965436243
2024-12-03 11:00:00+00:00,-0.0053945733,-2.4897587991290493e-06,-0.004894455902320069,0.0007926704711280763,-0.010471958995890599
2024-12-03 12:00:00+00:00,-1.3323119e-05,1.6951966244960204e-05,-0.00017249267635124953,0.0007767475908622146,-0.005689790535293291
2024-12-03 13:00:00+00:00,0.0020097834,3.4605454857228324e-05,-0.0005213325600133607,0.0007613542256876826,-0.004562371711736619
2024-12-03 14:00:00+00:00,-1.3296546e-05,5.608330320683308e-05,-0.00019520022615740026,0.0007502387161366642,-0.005855660733135242
2024-12-03 15:00:00+00:00,-0.007473976,0.00010487377585377544,-0.006103575495036361,0.0007455922313965857,-0.011458152264203793
2024-12-03 16:00:00+00:00,-0.00080410636,0.00012388620234560221,-0.002243535763891596,0.0007401536568067968,-0.006653177243759901
2024-12-03 17:00:00+00:00,0.010137881,0.00014778412878513336,0.009354351977008528,0.0007434203871525824,0.0023298216176729737
2024-12-03 18:00:00+00:00,-6.636184e-05,0.00016826858336571604,0.00043266181989265603,0.0007455765735358,-0.00606281343130473
2024-12-04 10:00:00+00:00,-0.004496303,0.00019208468438591808,-0.003539488595248952,0.0007423227652907372,-0.009245712279133046
2024-12-04 11:00:00+00:00,0.0094744675,0.0002197138237534091,0.006618340329868357,0.0007397081353701651,0.001459391913983376
2024-12-04 12:00:00+00:00,-0.00083238096,0.00024402815324719995,-0.0001459906025685915,0.0007378963055089116,-0.00553315521351472
2024-12-04 13:00:00+00:00,-0.0013491352,0.00026849019923247397,-0.0014573937120701155,0.0007381592295132577,-0.006255472788414105
2024-12-04 14:00:00+00:00,0.0028020479,0.0002933091891463846,0.0007567450692433611,0.0007348376675508916,-0.0022510900876977283
2024-12-04 15:00:00+00:00,-0.00683383,0.00033909492776729167,-0.0033209412379515786,0.0007370444945991039,-0.009892086940934144
2024-12-04 16:00:00+00:00,-0.0057574827,0.000354239804437384,-0.005923294305975927,0.0007292645750567317,-0.009392274715635938
2024-12-04 17:00:00+00:00,0.01215566,0.00037235597847029567,0.007894384748562579,0.0007248859037645161,0.0041061423137155745
2024-12-04 18:00:00+00:00,-0.008113958,0.0003868711646646261,-0.0038933270933151107,0.0007161573739722371,-0.011745662272338935
2024-12-05 10:00:00+00:00,-0.0029729987,0.00040192072628997266,-0.004187298279792774,0.000710038875695318,-0.008020884523249538
2024-12-05 11:00:00+00:00,-0.0044694305,0.0004178190720267594,-0.0031562130081786545,0.0007084768149070442,-0.0092914958465225
2024-12-05 12:00:00+00:00,0.0012732794,0.00043876958079636097,0.0003012134605773329,0.0007154495688155293,-0.005337420084540052
2024-12-05 13:00:00+00:00,-0.0035020665,0.0004560097004286945,-0.003512439712092,0.0007183632696978748,-0.00816448398468592
2024-12-05 14:00:00+00:00,-0.0044455295,0.00047084817197173834,-0.004506698656684104,0.0007195567595772445,-0.008944035700880443
2024-12-05 15:00:00+00:00,-0.0022166665,0.0005158124258741736,-0.0021743203199143576,0.0007277588592842221,-0.007396030613238009
2024-12-05 16:00:00+00:00,0.012024355,0.0005306625389494002,0.011505609576242587,0.0007249711197800934,0.003327531243683914
2024-12-05 17:00:00+00:00,0.016915629,0.0005496109370142221,0.016581577285899603,0.0007307822816073895,0.008178925933455917
2024-12-05 18:00:00+00:00,0.005701905,0.0005606063059531152,0.005251707169719624,0.0007286355248652399,0.0001984385484428558
2024-12-06 10:00:00+00:00,0.013592051,0.0005750068812631071,0.009875360528054336,0.0007194731151685119,0.0068601236422201894
2024-12-06 11:00:00+00:00,-0.006299213,0.0005879878881387413,-0.0023571093468691853,0.0007114655454643071,-0.008006097660490517
2024-12-06 12:00:00+00:00,-0.006234686,0.0006010659853927791,-0.003889950811272327,0.000698575284332037,-0.008598753143932875
2024-12-06 13:00:00+00:00,0.00092659664,0.0006163239013403654,-0.0007405757252934096,0.0006894986727274954,-0.0029402017136952304
2024-12-06 14:00:00+00:00,0.009102718,0.0006296170759014785,0.0052286879041199994,0.0006751226028427482,0.003977620204045634
2024-12-06 15:00:00+00:00,0.0018854772,0.0006345641450025141,0.003600757977998488,0.0006651487783528864,-0.0013020928579805867
2024-12-06 16:00:00+00:00,-0.0013814743,0.0006783613353036344,-0.0008543900974715222,0.0006573207792825997,-0.00429804667167557
2024-12-06 17:00:00+00:00,0.038151767,0.0006929675000719726,0.00730253891699216,0.0006349788745865226,0.027315123123966865
2024-12-06 18:00:00+00:00,-0.0005971189,0.0007058538030833006,0.0026643709711519446,0.0006201428477652371,-0.0033974391279963656
2024-12-09 10:00:00+00:00,0.009782512,0.0007182853878475726,0.007741817223110184,0.0006116796866990626,0.004789391723012319
2024-12-09 11:00:00+00:00,-0.0033202735,0.0007316796691156924,0.0005092599713576051,0.0006070625968277454,-0.005974127720314413
2024-12-09 12:00:00+00:00,-0.0020049016,0.0007402841001749039,-0.0009515865775912982,0.0006043912726454437,-0.005458428611104865
2024-12-09 13:00:00+00:00,0.00037158147,0.0007376798894256353,-7.242495257106983e-05,0.0005999862914904952,-0.002964643140370767
2024-12-09 14:00:00+00:00,0.002177168,0.0007162719266489148,0.0015992739194835822,0.0005888600135222077,-0.001106577548577814
2024-12-09 15:00:00+00:00,0.006319039,0.0007209692266769707,0.004916078868388816,0.0005848542787134647,0.0016292138995156608
2024-12-09 16:00:00+00:00,0.0055225417,0.0006974598509259522,0.005527937461719331,0.0005691719707101583,0.0012260203131947089
2024-12-09 17:00:00+00:00,-0.0030452593,0.0006734213093295693,0.00026274598496199683,0.0005548145854845643,-0.005979531371028506
2024-12-09 18:00:00+00:00,-0.0009926289,0.0006484006298705935,-0.0008048812144919155,0.0005411101737990975,-0.00547748606068825
2024-12-10 10:00:00+00:00,-0.012026269,0.0006237878696992993,-0.004961098284927322,0.000525871233548969,-0.014419908821386022
2024-12-10 11:00:00+00:00,0.00042182053,0.0006014422397129238,-0.0012463592413739716,0.0005127674085088074,-0.004855053770358986
2024-12-10 12:00:00+00:00,-0.0042511467,0.0005823685205541551,-0.0025566404630899607,0.0004971392918378115,-0.008005931883207971
2024-12-10 13:00:00+00:00,0.0007471236,0.0005637237918563187,-0.0017338750080015983,0.0004806455981452018,-0.0033101864339546145
2024-12-10 14:00:00+00:00,-0.0042536003,0.0005501015111804008,-0.0036668741778727015,0.00047063041711226106,-0.007265963979821294
2024-12-10 15:00:00+00:00,-0.0008003502,0.0005351196159608662,-0.0007848745316609123,0.0004480356874410063,-0.0048361177897535395
2024-12-10 16:00:00+00:00,0.002573843,0.0005223154439590871,0.0023072905859004263,0.000438295683125034,-0.0023142599938996266
2024-12-10 17:00:00+00:00,-0.008584389,0.0005108803743496537,-0.009392364007317406,0.0004285495379008353,-0.011568976185614263
2024-12-10 18:00:00+00:00,-0.00010069226,0.0005020908429287374,-9.765503303368532e-05,0.0004231029888615012,-0.004774832414753107
2024-12-11 10:00:00+00:00,-0.0057309642,0.0004919390194118023,-0.00566779495076338,0.0004215715453028679,-0.009126963025431086
2024-12-11 11:00:00+00:00,0.00056951575,0.00048199156299233437,0.0005244904201242384,0.00041910551954060793,-0.0036490095451694447
2024-12-11 12:00:00+00:00,0.0037506912,0.00047278625424951315,0.0035540700479785793,0.0004220765258651227,-0.0012901474562390597
2024-12-11 13:00:00+00:00,-0.0049660504,0.0004638631362468004,-0.0012577478056080907,0.0004279440618120134,-0.007746313056219069
2024-12-11 14:00:00+00:00,0.0019109938,0.00045662897173315287,0.0010033146047766423,0.000428087922045961,-0.0012385318224647874
2024-12-11 15:00:00+00:00,0.00045506257,0.00044738996075466275,0.0012362454430798282,0.000432720611570403,-0.0032749151519899373
2024-12-11 16:00:00+00:00,0.0037967465,0.0004418527241796255,0.0031468042107015534,0.00044171634363010526,-0.0006424514045282794
2024-12-11 17:00:00+00:00,-0.032253638,0.0004375001008156687,-0.026684624070544276,0.00045238540042191744,-0.029382763395385987
2024-12-11 18:00:00+00:00,-0.003438578,0.0004378846497274935,-0.004072465126908741,0.0004565264389384538,-0.007662888471330959
2024-12-12 10:00:00+00:00,0.013297758,0.00043702300172299147,0.007272068370817045,0.0004602193657774478,0.005844827593515715
2024-12-12 11:00:00+00:00,-0.0047621904,0.00043334971996955574,-5.005378254303388e-05,0.0004586632421705872,-0.007728137962487656
2024-12-12 12:00:00+00:00,-0.00059525354,0.00043220771476626396,-0.0008140493088263062,0.00046027451753616333,-0.004795348559390542
2024-12-12 13:00:00+00:00,-0.0036569275,0.0004304641915950924,-0.00154956345007868,0.00046137484605424106,-0.006865567342674595
2024-12-12 14:00:00+00:00,-0.0029273834,0.0004271276411600411,-0.0025039613891181577,0.00045517468242906034,-0.005910535224549961
2024-12-12 15:00:00+00:00,0.0034209413,0.0004241909773554653,0.0014102008805976542,0.0004526720440480858,-0.0007944347250698146
2024-12-12 16:00:00+00:00,-0.0055209193,0.00042442354606464505,-0.0041067828677552685,0.00046039524022489786,-0.007967086163078294
2024-12-12 17:00:00+00:00,-0.012680103,0.00042720671626739204,-0.012916913973708343,0.00046649857540614903,-0.013570932763335012
2024-12-12 18:00:00+00:00,-0.0010981669,0.0004330319643486291,-0.0013133228116477174,0.0004712150548584759,-0.004178473237854379
2024-12-13 10:00:00+00:00,-0.005083126,0.00044044596143066883,-0.0036613995395735175,0.00048688388778828084,-0.007606458183258233
2024-12-13 11:00:00+00:00,-0.0025045974,0.00044955447083339095,-0.0033349930695664477,0.0004997754003852606,-0.006259580756568045
2024-12-13 12:00:00+00:00,-0.0012279439,0.0004591106262523681,-0.001572032817381424,0.0005115019157528877,-0.004684307658930664
2024-12-13 13:00:00+00:00,0.0042114304,0.00046379573177546263,0.003223266046120863,0.0005281021003611386,0.0002405023768799158
2024-12-13 14:00:00+00:00,-0.0019569087,0.0004655315715353936,-0.00034785845577638976,0.0005396485794335604,-0.00511682329909816
2024-12-13 15:00:00+00:00,0.0033257979,0.00047098268987610936,0.0007972329520292379,0.0005490992916747928,-0.0005199666306569474
2024-12-13 16:00:00+00:00,-0.003952285,0.00047443658695556223,-0.002026289703799887,0.0005665307980962098,-0.006714878667783234
2024-12-13 17:00:00+00:00,0.0073597142,0.00048017819062806666,0.002502741546764822,0.0005799139617010951,0.0027359327672287345
2024-12-13 18:00:00+00:00,0.001864525,0.00047990886378102005,0.0022748648528044934,0.0005882375407963991,-0.0011567123055029039
2024-12-16 10:00:00+00:00,-0.008997592,0.00047871170681901276,-0.005718636711612175,0.0005930275656282902,-0.010142109152056955
2024-12-16 11:00:00+00:00,-0.005118724,0.00047834552242420614,-0.006086963801585256,0.0005928567843511701,-0.007029579196266857
2024-12-16 12:00:00+00:00,-0.0031537511,0.00047644483856856823,-0.0029785056997781037,0.0005905174184590578,-0.006325589188351237
2024-12-16 13:00:00+00:00,-0.0014392653,0.00047328477376140654,-0.0014773719103537064,0.0005913880886510015,-0.004380196194516613
2024-12-16 14:00:00+00:00,-0.0032358125,0.000471751467557624,-0.001950340773733081,0.0005916876252740622,-0.0070252963946633076
2024-12-16 15:00:00+00:00,-0.0015406866,0.0004800262104254216,-0.001574269872659095,0.0005951995844952762,-0.005239735485903628
2024-12-16 16:00:00+00:00,0.0031868664,0.0004900122876279056,0.0019084045950662758,0.0006027267081663013,-0.0011492079960434827
2024-12-16 17:00:00+00:00,0.0010241208,0.0005026754806749523,0.0010473009019245389,0.0006084252381697297,-0.0030968362142127313
2024-12-16 18:00:00+00:00,-0.002170763,0.0005191122181713581,-0.0021697748339020054,0.0006194071611389518,-0.005490741815863077
2024-12-17 10:00:00+00:00,-0.0070843026,0.0005376546178013086,-0.004687102637060905,0.0006291076424531639,-0.009866629169020072
2024-12-17 11:00:00+00:00,-0.0035951668,0.0005517484969459474,-0.003390533304472025,0.0006338443490676582,-0.006695778701424052
2024-12-17 12:00:00+00:00,0.005699959,0.0005648189107887447,0.0022685475753737383,0.0006390952621586621,0.00015971835800444477
2024-12-17 13:00:00+00:00,-0.00369651,0.0005753194564022124,-0.0018638075979702353,0.0006491260719485581,-0.006731599741837175
2024-12-17 14:00:00+00:00,-0.0055978955,0.0005853183683939278,-0.004425715318954934,0.0006617371691390872,-0.008229972401252828
2024-12-17 15:00:00+00:00,-0.0009314686,0.0005989961209706962,-0.0016946613398970264,0.0006606745300814509,-0.005003101032122631
2024-12-17 16:00:00+00:00,-0.0033357388,0.0006162087083794177,-0.00216063590522141,0.0006672182935290039,-0.006312565000644516
2024-12-17 17:00:00+00:00,0.0021290192,0.0006427298067137599,0.00152784415424848,0.000673977832775563,-0.0024768645103794237
2024-12-17 18:00:00+00:00,-0.0024040618,0.0006754939095117152,-0.0020184883802862198,0.000683512247633189,-0.00604852116504319
2024-12-18 10:00:00+00:00,0.006060874,0.0007106804405339062,0.004915727208505471,0.0006930019007995725,0.00034992605817727677
2024-12-18 11:00:00+00:00,-0.003012133,0.0007392720435746014,-0.0009327796645791911,0.0007034273585304618,-0.0061266640704116205
2024-12-18 12:00:00+00:00,0.001712552,0.000765372475143522,0.0007683771188893021,0.0007154367049224675,-0.0025707807341699886
2024-12-18 13:00:00+00:00,-0.00072576397,0.0007891487330198288,-0.00011860194046524164,0.0007305478793568909,-0.004628863550384959
2024-12-18 14:00:00+00:00,0.0006983862,0.0008121246355585754,0.0007417655567762089,0.0007444413495250046,-0.0030030889642525594
2024-12-18 15:00:00+00:00,-0.00015059108,0.0008310592384077609,-0.00011398973059523434,0.0007648789323866367,-0.003719298034508603
2024-12-18 16:00:00+00:00,-8.2150145e-05,0.0008506569429300725,-0.0002453704887741937,0.0007868856191635132,-0.004215286283961598
2024-12-18 17:00:00+00:00,0.008711296,0.0008746501407586038,0.008716630587588835,0.0008150062640197575,0.0030616172804265084
2024-12-18 18:00:00+00:00,0.002399627,0.0008951680501922965,0.005704032377637724,0.0008345347014255822,-0.001770317613384382
2024-12-19 10:00:00+00:00,0.0054017687,0.0009171937708742917,0.0006136523881686341,0.0008525675511918962,0.0009747195946991599
2024-12-19 11:00:00+00:00,0.009156603,0.0009415350505150855,0.008901611015537098,0.0008574147359468043,0.0035024291939844583
2024-12-19 12:00:00+00:00,0.002984878,0.000965861021541059,0.0034720478314582094,0.0008666316862218082,-0.0005047174915189159
2024-12-19 13:00:00+00:00,-0.002531242,0.0009838289115577936,-0.0020029394385523494,0.000874852470587939,-0.004276125440987758
2024-12-19 14:00:00+00:00,-0.0028586714,0.0009978393791243434,-0.0028671775210123004,0.0008818127098493278,-0.005018595478115787
2024-12-19 15:00:00+00:00,0.0040051853,0.0010055586462840438,0.0013137472072593502,0.0008925580768845975,-4.798012764653265e-05
2024-12-19 16:00:00+00:00,-0.0065903603,0.0010157220531255007,-0.0039826347935147804,0.0009000146528705955,-0.008253339696494704
2024-12-19 17:00:00+00:00,-0.010489371,0.0010238834656774998,-0.009423751316355283,0.0009086423669941723,-0.011421967409492327
2024-12-19 18:00:00+00:00,-0.0023882552,0.0010304434690624475,-0.00190861706447464,0.0009155563311651349,-0.0060585233133435
2024-12-20 10:00:00+00:00,0.0022798218,0.0010342574678361416,0.001704242901269285,0.0009239738574251533,-0.0033360835222505693
2024-12-20 11:00:00+00:00,0.0036261338,0.0010395661229267716,0.0028214391248821387,0.0009343542624264956,-0.002163513293579217
2024-12-20 12:00:00+00:00,0.0060726614,0.0010425643995404243,0.004521458653043217,0.0009403391741216183,-3.5704123527044614e-05
2024-12-20 13:00:00+00:00,0.039934002,0.0010393752017989755,0.027020711220186764,0.0009461999870836735,0.027446028683363828
2024-12-20 14:00:00+00:00,0.009755173,0.0010260742856189609,0.010144377828512194,0.0009555967990309,0.005862429303271303
2024-12-20 15:00:00+00:00,0.00950911,0.0010172973852604628,0.009245009136706764,0.000968073436524719,0.006258428892326523
2024-12-20 16:00:00+00:00,0.0072488296,0.0010006906231865287,0.005514803062017109,0.0009742346592247486,0.0046549961547902976
2024-12-20 17:00:00+00:00,0.015826665,0.0009821412386372685,0.013712964208282235,0.0009743555565364659,0.012138862322960391
2024-12-20 18:00:00+00:00,0.004084081,0.0009581292397342622,0.004495021415584144,0.000979397795163095,0.0033073188265400925
2024-12-23 10:00:00+00:00,0.028334359,0.0009364133002236485,0.016308390391349917,0.0009838800178840756,0.02359481716882119
2024-12-23 11:00:00+00:00,-0.00023941774,0.0009118281304836273,0.0018706801410721184,0.0009926583152264357,-0.00018200461453278787
2024-12-23 12:00:00+00:00,-0.0069922796,0.000884365348611027,-0.002068800675094517,0.0010011396370828152,-0.006471430703894719
2024-12-23 13:00:00+00:00,0.0024203903,0.0008562943548895419,0.0011499893388367058,0.0010054494487121701,0.0007964291545662929
2024-12-23 14:00:00+00:00,8.418673e-05,0.0008272508275695145,0.0006654527662301428,0.0010055050952360034,-0.002496360497408122
2024-12-23 15:00:00+00:00,0.0019343412,0.0008142082951962948,0.0018320650173741528,0.000999377341940999,-0.0011690593976749087
2024-12-23 16:00:00+00:00,0.0043356474,0.0007824897184036672,0.003398907809864272,0.0009914712281897664,0.0006191606175085331
2024-12-23 17:00:00+00:00,0.004626271,0.000755895976908505,0.004465430518128723,0.0009861165890470147,0.0009512918819651194
2024-12-23 18:00:00+00:00,-0.0033483305,0.0007310714572668076,-0.0013370571761415716,0.0009783394634723663,-0.006185202553416248
2024-12-24 10:00:00+00:00,-0.005169578,0.0007025558734312654,-0.0018252596839621086,0.0009665932739153504,-0.007991458971192224
2024-12-24 11:00:00+00:00,0.0071608624,0.0006728688604198396,0.0031712917874746516,0.0009536135476082563,0.0016069544868665578
2024-12-24 12:00:00+00:00,-0.0012276887,0.0006405742024071515,-9.772649860740967e-05,0.0009445364703424275,-0.004900678235940006
2024-12-24 13:00:00+00:00,0.00035773483,0.0006087554502300918,-0.000654794368179689,0.0009297392098233104,-0.0030667392256377023
2024-12-24 14:00:00+00:00,0.002393528,0.000581258675083518,0.0007678616081413915,0.0009197620674967766,-0.0015809823390714277
2024-12-24 15:00:00+00:00,-0.0021670286,0.0005517435492947698,-0.0021173422087543406,0.0009039831929840147,-0.004573318937226678
2024-12-24 16:00:00+00:00,-0.0061095725,0.0005195482517592609,-0.006109050484994522,0.0008960395352914929,-0.007865760901516356
2024-12-24 17:00:00+00:00,0.019865176,0.0005017948569729924,0.011010083105794861,0.0008873754995875061,0.014331295925262076
2024-12-24 18:00:00+00:00,-0.002094907,0.00047982335672713816,0.0011769455200309662,0.000875553407240659,-0.00401973917637965
2024-12-25 10:00:00+00:00,-0.0066669276,0.0004530475998762995,-0.004451629829087011,0.0008587330812588334,-0.007500271946459734
2024-12-25 11:00:00+00:00,0.0052757463,0.00042859293171204627,0.002344435069038414,0.0008366628899239004,0.0018913169722333976
2024-12-25 12:00:00+00:00,0.0061044293,0.0004011727578472346,0.005721593648609032,0.000816883344668895,0.002272882186867729
2024-12-25 13:00:00+00:00,0.005612737,0.0003744778805412352,0.005952260050884023,0.0007930307765491307,0.0031588014963437852
2024-12-25 14:00:00+00:00,-0.0009332712,0.00034683619742281735,0.0002749175517246537,0.0007655310910195112,-0.0025309134448685032
2024-12-25 15:00:00+00:00,0.004262611,0.000320503517286852,0.004836915343600818,0.0007400549948215485,0.001873040367905129
2024-12-25 16:00:00+00:00,0.0065909736,0.00030077926930971444,0.004199511100286155,0.0007163493428379297,0.004262473433291279
2024-12-25 17:00:00+00:00,-0.0018952313,0.00028415382257662714,-0.00018834347529409601,0.0006956440047360957,-0.003097829271808756
2024-12-25 18:00:00+00:00,-0.00030079365,0.00026492535835132003,-0.0005506277925773172,0.000671756046358496,-0.0023898641051992835
2024-12-26 10:00:00+00:00,0.012190364,0.0002451646432746202,0.00381741339999505,0.0006425370229408145,0.00910594915709969
2024-12-26 11:00:00+00:00,-0.007987465,0.00022523327788803726,-0.0031874079006861586,0.0006173590663820505,-0.007879995735558048
2024-12-26 12:00:00+00:00,0.006214161,0.00020633543317671865,0.0022554962892463834,0.0005928074242547154,0.004003264738590442
2024-12-26 13:00:00+00:00,-0.0005383334,0.00018540942983236164,-0.00013179150146532085,0.0005653796251863241,-0.001763484748936122
2024-12-26 14:00:00+00:00,0.00042381862,0.00016180015518330038,0.00035838914274944884,0.0005391673184931278,-0.000989172228122055
2024-12-26 15:00:00+00:00,0.0025619925,0.0001411876146448776,0.0020419316209897504,0.0005134515813551843,0.0009128270735593712
2024-12-26 16:00:00+00:00,-0.0012001167,0.0001210175541928038,-0.00023794206173747518,0.0004896917380392551,-0.002339907093081817
2024-12-26 17:00:00+00:00,0.0035048698,0.00010337172716390342,0.002711849194559619,0.00046301723341457546,0.002136699300320267
2024-12-26 18:00:00+00:00,0.00095685065,8.304721268359572e-05,0.0018930429173137408,0.00043903934420086443,-6.777388070131193e-05
2024-12-27 10:00:00+00:00,-0.0025193954,6.816095992689952e-05,-0.0009349061607527202,0.00041501119267195463,-0.0034207592752323827
2024-12-27 11:00:00+00:00,4.565637e-05,5.5824995797593147e-05,-0.0008825066651522957,0.00039045815356075764,-0.0007088421829106616
2024-12-27 12:00:00+00:00,0.0010837265,4.4230560888536274e-05,0.001080560343056043,0.0003633776505012065,0.0007196127652417571
2024-12-27 13:00:00+00:00,-0.0046282886,3.359734910191037e-05,-0.00409699123162023,0.00033785804407671094,-0.004719030849244503
2024-12-27 14:00:00+00:00,0.0022768236,2.6312945919926278e-05,-0.000647424360174165,0.0003142174973618239,0.001234358158184941
2024-12-27 15:00:00+00:00,0.0016899612,1.8633265426615253e-05,0.001599028257261532,0.0002982669393531978,0.00045689033400710404
2024-12-27 16:00:00+00:00,-0.00066194177,1.1611153240664862e-05,-7.854048713021934e-06,0.0002894193457905203,-0.0015388475151939338
2024-12-27 17:00:00+00:00,-0.0139103485,9.41507732932223e-06,-0.014867292296592857,0.0002771169238258153,-0.012686122081013771
2024-12-27 18:00:00+00:00,0.0003125163,7.689041012781672e-06,-0.002680431742357518,0.0002634966222103685,-0.0008068435097950942
2024-12-28 10:00:00+00:00,0.009112494,4.12298368246411e-06,0.008912558560119308,0.00025702177663333714,0.007128955906509903
2024-12-28 11:00:00+00:00,0.0037315611,-2.7351968583388953e-06,0.006332754361164404,0.00025456343428231776,0.0022205123180938638
2024-12-28 12:00:00+00:00,0.0006053511,-8.304902621603105e-06,0.0013017034598522754,0.0002506426826585084,-0.0004982561261429385
2024-12-28 13:00:00+00:00,-0.0018171538,-8.963695108832326e-06,-0.0010938679221484003,0.0002422564139124006,-0.00266967376828376
2024-12-28 14:00:00+00:00,-0.0004462217,-1.1471088328107726e-05,-0.0006800804097441347,0.0002380602090852335,-0.0012046164093347776
2024-12-28 15:00:00+00:00,6.8662455e-05,-7.027458650554763e-06,-0.00036303487800182167,0.000234265869949013,-0.0007077641839148911
2024-12-28 16:00:00+00:00,-0.0028190338,-7.954670763865579e-06,-0.0019543800466994693,0.00022884263307787478,-0.0030397496931564936
2024-12-28 17:00:00+00:00,-0.010358604,-8.497024282405619e-06,-0.010912763068527514,0.00022112909937277436,-0.010335344944629437
2024-12-28 18:00:00+00:00,0.0010777673,-9.02007468539523e-06,0.0005229868221275271,0.0002154939720639959,0.0005439418256402294
2024-12-30 10:00:00+00:00,0.01893105,-8.621123015473131e-06,0.018921926937501145,0.0002221051836386323,0.01624079580732369
2024-12-30 11:00:00+00:00,0.004750818,-1.1365068530722056e-05,0.008063414939770917,0.0002226380311185494,0.004486831999725934
2024-12-30 12:00:00+00:00,0.0008932156,-1.0904527698585298e-05,0.0012078602407161018,0.0002371844748267904,0.0012250051890147179
2024-12-30 13:00:00+00:00,0.00072303315,-9.47847274801461e-06,0.002140880454369178,0.0002501018752809614,0.00042097159424130007
2024-12-30 14:00:00+00:00,0.005406149,-3.4077772852469934e-06,0.00354373490923003,0.000260470318607986,0.004915383144930063
2024-12-30 15:00:00+00:00,-0.0029922966,1.4004865533934208e-06,-0.0027380646977445467,0.00026213907403871417,-0.002265733600823652
2024-12-30 16:00:00+00:00,-0.001070851,5.352627340471372e-06,-0.001153394463714105,0.000263875670498237,-0.0005213402471586433
2024-12-30 17:00:00+00:00,0.0037822975,9.034509275807068e-06,0.0027506838467259514,0.0002406028361292556,0.003417943384149252
2024-12-30 18:00:00+00:00,0.003577741,2.28682274610037e-05,0.003904590992508619,0.0002359303180128336,0.0034916384403078683
2025-01-03 10:00:00+00:00,-0.0118135335,4.603779598255642e-05,-0.008196156350790355,0.00023734565183985978,-0.010187128733823384
2025-01-03 11:00:00+00:00,-0.00079330907,7.919313065940514e-05,-0.0030380812936424075,0.00023554515792056918,-0.0014226777114432873
2025-01-03 12:00:00+00:00,-0.0081279045,0.00012594960571732372,-0.0038204188179010046,0.0002363833482377231,-0.007915453036958765
2025-01-03 13:00:00+00:00,0.0006512983,0.00017046465654857457,-0.0017090992959840953,0.0002352341398363933,-0.0005524022804950636
2025-01-03 14:00:00+00:00,0.00063945923,0.00021377182565629482,0.00017196562470628903,0.00023286984651349485,-0.0005605412398806488
2025-01-03 15:00:00+00:00,-0.0010964663,0.0002575766120571643,-0.0011750257844555805,0.00023569974291604012,-0.0019096010421574777
2025-01-03 16:00:00+00:00,0.0005940685,0.00028635296621359885,0.00032233909729479277,0.0002562557638157159,-0.000587633321954862
2025-01-03 17:00:00+00:00,0.0011414484,0.00031766886240802705,0.0012556013132408366,0.00028449189267121255,-0.0002623190555684909
2025-01-03 18:00:00+00:00,-0.00029665127,0.00034342639264650643,0.0003152814276318723,0.0002936834061983973,-0.0011367002933579278
2025-01-06 10:00:00+00:00,-0.007881994,0.00036586119676940143,-0.003188958124998108,0.000303693232126534,-0.008157348424071453
2025-01-06 11:00:00+00:00,0.0046816994,0.0003830967179965228,0.002279792265348497,0.00030342020909301937,0.002347771236167409
2025-01-06 12:00:00+00:00,-0.005337509,0.0004018775071017444,-0.001805147455912166,0.00030550628434866667,-0.006520791945282217
2025-01-06 13:00:00+00:00,0.0006443077,0.00041739438893273473,-4.6376178236171974e-05,0.0003140606277156621,-0.0007474723894792311
2025-01-06 14:00:00+00:00,0.003054805,0.00043695775093510747,0.0019317878438246273,0.0003271604946348816,0.0018596011461687683
2025-01-06 15:00:00+00:00,-0.0011014101,0.0004547656571958214,0.0013517713466318676,0.00032172651845030487,-0.0018039707613741462
2025-01-06 16:00:00+00:00,0.0006541086,0.0004713742819149047,0.0007429725173901511,0.00033759421785362065,0.00034095514053095405
2025-01-06 17:00:00+00:00,0.0020971457,0.0005006715655326843,0.0021041056596190063,0.0003576164599508047,0.0007508538876522827
2025-01-06 18:00:00+00:00,-0.0011454361,0.0005224015912972391,-6.080595752800454e-06,0.000370638765161857,-0.0019056544332746958
2025-01-08 10:00:00+00:00,0.0028725623,0.0005437963991425931,0.0018034835589287397,0.00038535590283572674,0.001438933493789007
2025-01-08 11:00:00+00:00,0.0010279958,0.000556998304091394,0.001190138106701114,0.00040021626045927405,0.00019896152570458327
2025-01-08 12:00:00+00:00,0.00062769983,0.0005699614412151277,0.0005857839414890834,0.000419667485402897,-0.00039788789995404
2025-01-08 13:00:00+00:00,0.0020856967,0.0005772149306721985,0.0020438308914336543,0.00043882086174562573,0.0012748752758037756
2025-01-08 14:00:00+00:00,0.00037564672,0.0005834326730109751,0.0011816829899213774,0.00045392406173050404,-0.0006094910974839385
2025-01-08 15:00:00+00:00,0.0013193365,0.0005904934369027615,-3.0025489685584763e-05,0.00047537541831843555,7.549001479944541e-05
2025-01-08 16:00:00+00:00,0.0024974188,0.0005956145469099283,0.0024994994942901666,0.0004972557653672993,0.0011312161117989679
2025-01-08 17:00:00+00:00,-0.0009755213,0.0006058126455172896,-0.0001147735851156828,0.0005080274422653019,-0.00142358694906633
2025-01-08 18:00:00+00:00,-0.0011582486,0.0006199573399499059,-0.0014811375971999874,0.0005315248854458332,-0.0022953595373452727
2025-01-09 10:00:00+00:00,-0.009199928,0.0006294926861301064,-0.00932158605976101,0.0005380825023166835,-0.009660830118353933
2025-01-09 11:00:00+00:00,-0.0035495858,0.0006439475109800696,-0.0037229074319805222,0.0005497835227288306,-0.005096658615935546
2025-01-09 12:00:00+00:00,-0.0052844854,0.0006624007946811616,-0.003605607120729288,0.0005627275677397847,-0.007053789425406844
2025-01-09 13:00:00+00:00,-0.0006133301,0.0006773740751668811,-0.0016042450576489787,0.0005782439839094877,-0.0022453771682663945
2025-01-09 14:00:00+00:00,-0.004443395,0.0006905860500410199,-0.003517230295834298,0.0005987431504763663,-0.005943639703224956
2025-01-09 15:00:00+00:00,-0.0015127012,0.000702070479746908,-0.003944018349176484,0.0006181090138852596,-0.003339645649808229
2025-01-09 16:00:00+00:00,0.0069279918,0.0007125198608264327,0.006777245903544546,0.0006377961835823953,0.00393706264309515
2025-01-09 17:00:00+00:00,-0.008512963,0.0007262610597535968,-0.009645184144035835,0.0006650565774179995,-0.009208829960645898
2025-01-09 18:00:00+00:00,-0.0039149057,0.0007437753956764936,-0.003957612960770515,0.0006859591230750084,-0.005810585593093455
2025-01-10 10:00:00+00:00,-0.00015223106,0.0007639050600118935,-0.002368997016999448,0.0007090225117281079,-0.002913716157449442
2025-01-10 11:00:00+00:00,-0.003942649,0.0007792178075760603,-0.0024037576320570853,0.0007330413209274411,-0.005751150101674825
2025-01-10 12:00:00+00:00,-0.0056121633,0.0007924322853796184,-0.005478698234350661,0.0007534240721724927,-0.0070019892287834385
2025-01-10 13:00:00+00:00,0.021394506,0.0008010002784430981,0.01341375500824329,0.0007780322339385748,0.016395243995977023
2025-01-10 14:00:00+00:00,-0.00023148952,0.0008018845692276955,0.001587691769046351,0.0008097572135739028,-0.0019743634576843885
2025-01-10 15:00:00+00:00,0.0032706016,0.0008184343460015953,0.0035359751797348136,0.0008312499267049134,0.0010425745586792297
2025-01-10 16:00:00+00:00,0.0014642557,0.0008308996330015361,0.004232476489225165,0.0008365195244550705,-0.0004451230813198807
2025-01-10 17:00:00+00:00,0.0115577765,0.0008321746136061847,0.0059110236014582145,0.0008432601462118328,0.008515828062019452
2025-01-10 18:00:00+00:00,-0.005676285,0.0008282767375931144,-0.0025641800763558484,0.0008609519572928548,-0.006559512966600517
2025-01-13 10:00:00+00:00,0.012101627,0.0008263806230388582,0.0025272599749742715,0.0008841343806125224,0.008629861969607841
2025-01-13 11:00:00+00:00,0.004696328,0.0008254932472482324,0.003219029124255523,0.0009124604985117912,0.0028416398958686934
2025-01-13 12:00:00+00:00,0.0019915283,0.0008190030348487198,0.002706560866656457,0.0009368371684104204,0.0006007893504498603
2025-01-13 13:00:00+00:00,-0.0070839883,0.0008069300092756748,-0.003362163811216509,0.0009577238233759999,-0.0074223851727358075
2025-01-13 14:00:00+00:00,-0.004538397,0.0007936999318189919,-0.003083072060204661,0.0009746021823957562,-0.005997722961518424
2025-01-13 15:00:00+00:00,0.001761074,0.0008025268325582147,-6.915438969945761e-05,0.000980105483904481,-0.0006935186165699994
2025-01-13 16:00:00+00:00,0.00086236245,0.000795002793893218,0.0007744426610891532,0.000976050621829927,-0.0014347897563102424
2025-01-13 17:00:00+00:00,0.0049780617,0.0007820742321200669,0.002753011240482289,0.0009718735818751156,0.0020983105279318644
2025-01-13 18:00:00+00:00,-0.007931334,0.0007738365675322711,-0.007165309907472039,0.0009840114507824183,-0.00947483744496051
2025-01-14 10:00:00+00:00,-0.010037926,0.0007678642286919057,-0.007792231788445137,0.0009961443720385432,-0.01092663129092018
2025-01-14 11:00:00+00:00,0.008375718,0.000764876080211252,0.001096510472756969,0.0010107867419719696,0.004544932352655151
2025-01-14 12:00:00+00:00,-9.115978e-05,0.0007541101658716798,4.823463135562205e-05,0.001022339565679431,-0.002489475154313901
2025-01-14 13:00:00+00:00,0.004752007,0.0007482824730686843,0.0017892226559343657,0.001041016890667379,0.0018390593032212338
2025-01-14 14:00:00+00:00,-0.0033513429,0.0007408093078993261,-0.0006796715029835404,0.0010599485831335187,-0.005082610576164055
2025-01-14 15:00:00+00:00,0.0015464213,0.0007276778924278915,0.00014624754816653773,0.0010791986715048552,-0.0006514268728619657
2025-01-14 16:00:00+00:00,0.0002612909,0.0007075035246089101,0.0006338186796653686,0.001106864307075739,-0.0017696483723847723
2025-01-14 17:00:00+00:00,-0.0076854164,0.0006966573419049382,-0.00725348817907507,0.001145007903687656,-0.009243703639877286
2025-01-14 18:00:00+00:00,-0.0031527865,0.0006906669586896896,-0.0028241870433871655,0.0011774959275498986,-0.0053297223660217895
2025-01-15 10:00:00+00:00,-0.000528347,0.0006920972955413163,-0.0013003048213516659,0.0012065269984304905,-0.0025301934400636323
2025-01-15 11:00:00+00:00,-0.0020010588,0.0006931875250302255,-0.002082994131239783,0.0012324692215770483,-0.003943732946673598
2025-01-15 12:00:00+00:00,-0.003551951,0.00069338025059551,-0.003691280615916501,0.001257112598977983,-0.0052815451844557965
2025-01-15 13:00:00+00:00,0.0017083563,0.0006985626532696187,0.0007547564980457304,0.0012758189113810658,-0.0007569461301161198
2025-01-15 14:00:00+00:00,-3.459988e-05,0.0007047773688100278,0.0011239165653379058,0.0012938351137563586,-0.002155949962659629
2025-01-15 15:00:00+00:00,0.0027412109,0.0007084840908646584,0.0023871708357791044,0.0013090723659843206,0.00016567693738215716
2025-01-15 16:00:00+00:00,-0.001680692,0.0007155108032748103,-0.0005274377738497346,0.0013270126655697823,-0.003663660954182236
2025-01-15 17:00:00+00:00,0.005377469,0.0007281200378201902,0.003058555304586969,0.0013510010903701186,0.0024377609972467515
2025-01-15 18:00:00+00:00,-0.0017318802,0.0007330122753046453,0.0002604125701005328,0.0013661744305863976,-0.0034859141796097816
2025-01-16 10:00:00+00:00,0.020407248,0.000745996308978647,0.016427351861558984,0.0013832163531333208,0.015990939449723292
2025-01-16 11:00:00+00:00,0.0041977256,0.0007473721052519977,0.0052789055127124606,0.0013961063232272863,0.0023706575032798297
2025-01-16 12:00:00+00:00,0.000895626,0.000748779799323529,0.0005502196543281046,0.001401062705554068,-0.000516125710902998
2025-01-16 13:00:00+00:00,0.0008948246,0.0007550616282969713,0.0003330729650236081,0.0014056204818189144,-0.0005977956252296726
2025-01-16 14:00:00+00:00,0.0023228035,0.0007628601742908359,0.002375153789755575,0.001400684122927487,0.0008352468581402199
2025-01-16 15:00:00+00:00,-0.0017862929,0.0007668956532143056,-0.0007706796813909907,0.001408214564435184,-0.0031312818825672472
2025-01-16 16:00:00+00:00,-0.004479742,0.0007706602918915451,-0.004137574663232203,0.0014153186930343509,-0.005641605788843979
2025-01-16 17:00:00+00:00,0.0021079786,0.0007796584395691752,0.00017091226016822974,0.001415950944647193,0.0004755592921584866
2025-01-16 18:00:00+00:00,0.003399272,0.0007814776618033648,0.0027685584120211207,0.0014145815512165427,0.0013778667189666193
2025-01-17 10:00:00+00:00,-0.00017862127,0.000784934323746711,0.0011912260844650433,0.0014099571853876114,-0.001671667636340689
2025-01-17 11:00:00+00:00,0.003666498,0.0007842375198379159,0.0018471631953514266,0.001413131831213832,0.0010368352402350053
2025-01-17 12:00:00+00:00,8.898776e-05,0.0007806334760971367,0.000995266653768605,0.0014183721505105495,-0.001685975536631211
2025-01-17 13:00:00+00:00,0.002344198,0.0007796799181960523,0.001979548975616259,0.0014194416580721736,0.0005384104112141799
2025-01-17 14:00:00+00:00,0.00083192374,0.0007684074807912111,0.0004943881141939734,0.0014223402831703424,-0.0012635940989124351
2025-01-17 15:00:00+00:00,0.0005542316,0.0007538690115325153,0.0007688068632936394,0.0014357543550431728,-0.00120510790318639
2025-01-17 16:00:00+00:00,0.004654488,0.0007347278879024088,0.0011605892671661304,0.0014528305036947131,0.0025460649411257925
2025-01-17 17:00:00+00:00,0.00035290097,0.0007359731825999916,0.0012506447142610851,0.0014654014958068728,-0.001023036511094113
2025-01-17 18:00:00+00:00,-0.0009928516,0.0007341619348153472,-0.0005175022798432916,0.0014653672697022557,-0.00225909477034363
2025-01-20 10:00:00+00:00,0.010146686,0.0007375006680376828,0.0021768529364036573,0.0014611269580200315,0.007600119434225738
2025-01-20 11:00:00+00:00,-0.0033159903,0.0007334706606343389,-0.002578160988477517,0.0014575687237083912,-0.004359431293513072
2025-01-20 12:00:00+00:00,-0.010878478,0.0007287046755664051,-0.007461267897640995,0.0014582768781110644,-0.01162197349683348
2025-01-20 13:00:00+00:00,0.0009968765,0.0007263051811605692,-0.002588330611497319,0.0014579263515770435,-0.000858455364316857
2025-01-20 14:00:00+00:00,0.0041981125,0.0007107775891199708,0.002223492455915601,0.0014559341361746192,0.002104625323685358
2025-01-20 15:00:00+00:00,-0.00011025115,0.000736334128305316,-3.1969088609173525e-05,0.001473874319344759,-0.0017158211077224986
2025-01-20 16:00:00+00:00,0.0016855143,0.0007362100295722485,0.0009143389167170406,0.0014876796631142497,0.0002838638694794317
2025-01-20 17:00:00+00:00,-0.0070140846,0.0007484384695999324,-0.003816877233781152,0.0014953899662941694,-0.00794425981429957
2025-01-20 18:00:00+00:00,0.0033198725,0.000765741104260087,0.00035139652038162654,0.001497981371358037,0.0014304539717237344
2025-01-21 10:00:00+00:00,-0.0017470923,0.0007847697706893086,-0.0009983993826851306,0.0014905865537002683,-0.0031978353167304114
2025-01-21 11:00:00+00:00,-0.0038366055,0.0007934189634397626,-0.0027270308846980987,0.0014597285771742463,-0.005179341129269927
2025-01-21 12:00:00+00:00,-0.003461116,0.0008058302919380367,-0.0037166684724016285,0.0014565933961421251,-0.004856659988191335
2025-01-21 13:00:00+00:00,0.00079121423,0.000812249374575913,-6.603493202778546e-05,0.0014593804953619838,-0.0009353227072841538
2025-01-21 14:00:00+00:00,-0.006436999,0.0008115185773931444,-0.004589558685789696,0.0014739320613443851,-0.007063468499781024
2025-01-21 15:00:00+00:00,0.0027430253,0.0008098522666841745,0.0020420265790933472,0.0014747314853593707,0.0008794345705542862
2025-01-21 16:00:00+00:00,0.0041728555,0.0008120134007185698,0.004336797212216249,0.001490734051913023,0.0024523172643571567
2025-01-21 17:00:00+00:00,0.026609644,0.0008153024828061461,0.020320939646518883,0.0014892558101564646,0.02317336797665817
2025-01-21 18:00:00+00:00,0.0030310927,0.00080487149534747,0.005329559175846126,0.0014968481846153736,0.002150105420739222
2025-01-22 10:00:00+00:00,-0.0022182916,0.0007951103616505861,-0.0036193817312779202,0.001513753435574472,-0.002846108392634849
2025-01-22 11:00:00+00:00,0.005369532,0.0007908334373496473,0.0018945905293778088,0.0015367401065304875,0.004047054443025207
2025-01-22 12:00:00+00:00,0.0035923675,0.0007939116330817342,0.003797194401119513,0.00155534315854311,0.002412530389546046
2025-01-22 13:00:00+00:00,-0.0004188032,0.0007885910454206169,0.0008885333291443186,0.0015720503870397806,-0.0006897184784120254
2025-01-22 14:00:00+00:00,0.0039020258,0.0007790002855472267,0.0024249116691961265,0.0015882046427577734,0.0029678540532036978
2025-01-22 15:00:00+00:00,-0.0044392096,0.0007624422432854772,-0.0018919214884652075,0.001603006268851459,-0.00462562502274058
2025-01-22 16:00:00+00:00,0.00082714326,0.0007935142493806779,-0.00018896467182619576,0.0016018875176087022,0.00020994204021419413
2025-01-22 17:00:00+00:00,0.0025415972,0.0008087255991995335,0.0018665875634532203,0.001602375996299088,0.0017348158329433421
2025-01-22 18:00:00+00:00,0.020302951,0.0008198254508897662,0.005342366525344281,0.0015876279212534428,0.017869181466176758
2025-01-23 10:00:00+00:00,-0.01039154,0.0008320873021148145,-0.004745239610630192,0.0015716894995421171,-0.01081714260705222
2025-01-23 11:00:00+00:00,-0.0028993068,0.0008395491167902946,-0.002922624900060159,0.0015576231526210904,-0.0037184436436722154
2025-01-23 12:00:00+00:00,-0.0050219484,0.0008457304211333394,-0.0025529428724349336,0.0015480129513889551,-0.0060336991528036855
2025-01-23 13:00:00+00:00,0.0025514439,0.0008436042116954923,-0.0014690124742540599,0.0015355359064415097,0.0010936480765794772
2025-01-23 14:00:00+00:00,0.0035866173,0.0008376137702725828,0.001531734591968787,0.0015264252433553338,0.002026146262274032
2025-01-23 15:00:00+00:00,-0.0030962906,0.0008570659556426108,0.00024185468463134945,0.0015123329358175397,-0.003627014489045481
2025-01-23 16:00:00+00:00,0.001341839,0.0008571710204705596,0.0005142168195929091,0.001489355112425983,0.0005879270515317431
2025-01-23 17:00:00+00:00,-0.009387933,0.000853219476994127,-0.00946241696748122,0.001465253415517509,-0.009349353532181224
2025-01-23 18:00:00+00:00,-0.00073077425,0.0008445418206974864,-0.0008099479822206779,0.0014426448615267873,-0.0017175235098583702
2025-01-24 10:00:00+00:00,0.008563712,0.0008327754912897944,0.007307179790895521,0.0014158036792650819,0.0066013809178868494
2025-01-24 11:00:00+00:00,0.0013208353,0.0008117685792967677,0.002001122931561659,0.0013878518948331475,0.0004025015694992415
2025-01-24 12:00:00+00:00,0.001999235,0.0007931814761832356,0.0012297146626229865,0.0013646743027493358,0.0009091751117221994
2025-01-24 13:00:00+00:00,-0.00023374664,0.0007718029082752764,0.0004648557278816633,0.0013445231597870588,-0.0007600121183710918
2025-01-24 14:00:00+00:00,0.0024728188,0.0007524819229729474,0.003445860313454382,0.001323781325481832,0.0020966130758218013
2025-01-24 15:00:00+00:00,-0.0008059129,0.0007280608988367021,0.0011032322333024446,0.001300984644331038,-0.0012353637640082665
2025-01-24 16:00:00+00:00,-0.008212701,0.000710916705429554,-0.007446374818540841,0.001276372349821031,-0.007906478097376317
2025-01-24 17:00:00+00:00,0.010501493,0.0006968194502405822,0.0033334233915487906,0.0012547080405056477,0.00932626294807902
2025-01-24 18:00:00+00:00,0.00027514974,0.0006773186032660306,0.0009465284609731419,0.0012507812352851033,2.962111331983254e-05
2025-01-27 09:00:00+00:00,-0.00060331187,0.00066771125420928,-0.0005412999196237642,0.0012476303381845355,-0.000890539613609283
2025-01-27 10:00:00+00:00,-0.0035637806,0.0006564431823790073,-0.0030731607698620106,0.001240647048689425,-0.004229717929401598
2025-01-27 11:00:00+00:00,-0.0082902135,0.0006484885816462338,-0.006985738635394335,0.0012319419765844941,-0.008245386274809832
2025-01-27 12:00:00+00:00,0.0028565181,0.0006465364131145179,0.00018073978160528846,0.0012258435599505901,0.002176096618314568
2025-01-27 13:00:00+00:00,0.00049131125,0.0006463020108640194,-0.00010050717293380846,0.001217768294736743,0.00013645135847842072
2025-01-27 14:00:00+00:00,-0.0038300697,0.0006401721620932221,-0.0036827349932968545,0.0012115394929423928,-0.0037246880306677456
2025-01-27 15:00:00+00:00,0.003798035,0.0006320543470792472,0.002736554164634343,0.0012106242356821895,0.003087521063483205
2025-01-27 16:00:00+00:00,-0.00702968,0.0006197766051627696,-0.004815257399493662,0.0012139194877818227,-0.006420357724575488
2025-01-27 17:00:00+00:00,0.00836359,0.0006139007746241987,0.006669195939348764,0.0012107091024518013,0.007277114599652809
2025-01-27 18:00:00+00:00,2.13281e-05,0.0006059401202946901,0.0014418421839376238,0.0012064871843904257,-0.0005700502563989608
2025-01-28 09:00:00+00:00,-0.0027657808,0.000598770275246352,-0.0016505042939184006,0.0012036768021062016,-0.0029520006785423948
2025-01-28 10:00:00+00:00,-0.00036364415,0.000595326186157763,-0.00040874352714593887,0.0012026597978547215,-0.0010351959158872524
2025-01-28 11:00:00+00:00,-0.0013166418,0.000595092074945569,-0.0006143538809085203,0.001199411228299141,-0.0013250603050497037
2025-01-28 12:00:00+00:00,-0.0008894462,0.000592701428104192,-0.0004062256078067379,0.001195093966089189,-0.0009860611546677895
2025-01-28 13:00:00+00:00,0.0038734854,0.0005882914992980659,0.0028264199815297686,0.0011922825360670686,0.0036832115645555503
2025-01-28 14:00:00+00:00,0.0074160714,0.0005873535992577672,0.006798860873168341,0.0011880631791427732,0.007100041921075114
2025-01-28 15:00:00+00:00,0.0040307064,0.0005883359699510038,0.0041374113123706065,0.0011837700149044394,0.0035675921054739426
2025-01-28 16:00:00+00:00,0.00025335964,0.0005896832444705069,0.0003675159312558433,0.0011850896989926696,0.00011838743030964763
2025-01-28 17:00:00+00:00,0.0015820452,0.0006048305658623576,0.0016567674859777014,0.0011792723089456558,0.0011218037376466664
2025-01-28 18:00:00+00:00,-0.0064281025,0.0006135321455076337,-0.006570958897568737,0.0011656832648441195,-0.0063862735448211964
2025-01-29 09:00:00+00:00,0.001060097,0.0006158817559480667,-0.0012578878337704917,0.0011504987487569451,0.00041395736266204195
2025-01-29 10:00:00+00:00,-0.0011767762,0.0006211223662830889,-0.0006093583496119733,0.0011377978371456265,-0.0015742565503892528
2025-01-29 11:00:00+00:00,0.004899403,0.0006216779001988471,0.0021942364481050964,0.0011260135797783732,0.004617815018783249
2025-01-29 12:00:00+00:00,0.0020773695,0.0006278892396949232,0.002931478748935039,0.0011143024312332273,0.0017075712961940209
2025-01-29 13:00:00+00:00,-0.0012016065,0.0006289258017204702,-0.00016984973810722206,0.0011007731081917882,-0.0013192236357388006
2025-01-29 14:00:00+00:00,-0.0029363013,0.0006310731987468898,-0.0021069889320919515,0.001083972631022334,-0.003209678148486455
2025-01-29 15:00:00+00:00,-0.0012277733,0.0006354025099426508,-0.001092479959296472,0.001060535665601492,-0.001805552631767405
2025-01-29 16:00:00+00:00,-0.002152237,0.0006394714000634849,-0.0019831015196422556,0.001030178158544004,-0.0023798056252917156
2025-01-29 17:00:00+00:00,0.0043949597,0.0006394680240191519,0.001020853321356189,0.001000339281745255,0.003409143274904396
2025-01-29 18:00:00+00:00,0.0021533533,0.0006407485343515873,0.0010345071903962728,0.000969040032941848,0.0016386744512195016
2025-01-30 09:00:00+00:00,-0.00012653957,0.0006414159433916211,-1.353459206530736e-05,0.0009255295153707266,-0.0005208474273464646
2025-01-30 10:00:00+00:00,7.381669e-05,0.0006439278949983418,7.949052382715911e-05,0.0008815196342766285,-0.0002029411242126184
2025-01-30 11:00:00+00:00,-0.0007806237,0.0006331203621812165,-0.0008640978690988595,0.0008513425709679723,-0.0007257399235852624
2025-01-30 12:00:00+00:00,-0.00020052877,0.0006246730918064713,-0.00047409460753064856,0.0008478612871840596,-0.0004816833587487926
2025-01-30 13:00:00+00:00,0.0009495174,0.0006301294197328389,0.0006872539066396821,0.000843717425595969,0.0003874405161445678
2025-01-30 14:00:00+00:00,0.00021088148,0.0006233852473087609,0.00046061781855233363,0.0008369469433091581,-0.0001486736980482088
2025-01-30 15:00:00+00:00,0.0003583965,0.0006174383452162147,0.00039065800704669,0.0008341762004420161,6.120912566003669e-05
2025-01-30 16:00:00+00:00,0.0008217187,0.0006118768942542374,0.0009861073150147824,0.0008332091383635998,0.0005449162050684725
2025-01-30 17:00:00+00:00,0.002734196,0.0006049347575753927,0.0027493958745415685,0.0008302261121571064,0.001866611669299617
2025-01-30 18:00:00+00:00,0.0016998419,0.0005990212666802108,0.002225002039979157,0.000836412888020277,0.0011288800017584392
2025-01-31 09:00:00+00:00,0.0060205883,0.00059302500449121,0.003580536146209052,0.000838617270346731,0.005180739261050381
2025-01-31 10:00:00+00:00,4.1683164e-05,0.0005882213590666652,0.000780275424733191,0.0008479039533995092,-0.00016201947385661633
2025-01-31 11:00:00+00:00,-0.00443858,0.000582412350922823,-0.00457627902106859,0.0008398559875786304,-0.004489951587631765
2025-01-31 12:00:00+00:00,0.0017151048,0.0005931733176112175,-0.0007238391608355288,0.0008465221035294235,0.001404981697405919
2025-01-31 13:00:00+00:00,-0.0005434953,0.0005971849313937128,0.0004558529495765593,0.0008460276294499636,-0.0009845465110481788
2025-01-31 14:00:00+00:00,0.0015043409,0.0006064074113965034,0.0004933235595455759,0.0008475665817968547,0.0008396324731485728
2025-01-31 15:00:00+00:00,-0.0070922654,0.0006194189772941172,-0.004474908028690418,0.0008358110208064318,-0.007218165860588391
2025-01-31 16:00:00+00:00,-0.0017256623,0.0006372005445882678,-0.0024539869302515407,0.0008279982721433043,-0.0024759684404106475
2025-01-31 17:00:00+00:00,-0.0002738543,0.0006550694815814495,-0.0008845772014972844,0.0008267657831311226,-0.0011110164585881384
2025-01-31 18:00:00+00:00,0.00023172774,0.0006674545002169907,-3.261754392855119e-05,0.0008245642529800534,-0.0005279964991026445
2025-02-03 09:00:00+00:00,-0.0058517377,0.0006953756092116237,-0.004502236430592709,0.0008271451806649566,-0.0065103621980442195
2025-02-03 10:00:00+00:00,0.003088577,0.0007156750070862472,0.00298308572744733,0.0008096435340121388,0.0021996016338407614
2025-02-03 11:00:00+00:00,-0.0026966878,0.0007331523229368031,-0.001973800602242049,0.0007865852094255388,-0.0032572177176481976
2025-02-03 12:00:00+00:00,-6.3539126e-05,0.000744577613659203,-0.00040647433268118803,0.0007706283358857036,-0.0008360919767576044
2025-02-03 13:00:00+00:00,0.0005082,0.0007541202940046787,0.0005013025874439432,0.0007525158580392599,-0.0003630970106499371
2025-02-03 14:00:00+00:00,-0.0016950055,0.0007617580122314394,-0.001317394544076908,0.0007452534628100693,-0.002498932767344159
2025-02-03 15:00:00+00:00,-0.0030263634,0.0007624863646924496,-0.002532515133295654,0.0007399673922918737,-0.003480829082102513
2025-02-03 16:00:00+00:00,0.0024854762,0.000764146214351058,0.001847827759800364,0.0007344307377934456,0.0014735895694701912
2025-02-03 17:00:00+00:00,-0.023539338,0.0007717532571405172,-0.015296884206628024,0.0007273826049640775,-0.02268101572416832
2025-02-03 18:00:00+00:00,0.0017579655,0.0007706091273576021,0.0010694430453523625,0.0007089459104463458,0.0005588628816815856
2025-02-04 09:00:00+00:00,0.0059885597,0.0007629346218891442,0.00478473518001519,0.0007160498644225299,0.004264858521912461
2025-02-04 10:00:00+00:00,0.00011854406,0.0007561950478702784,0.0013967302948084332,0.0007228897884488106,-0.0009027823662219988
2025-02-04 11:00:00+00:00,-0.0041141436,0.0007504212553612888,-0.001982761383463384,0.000725177931599319,-0.0051125720995046685
2025-02-04 12:00:00+00:00,-0.0010934701,0.0007506792317144573,-0.0012316491301971792,0.0007140705711208284,-0.002043863970294634
2025-02-04 13:00:00+00:00,-0.0010838229,0.0007403043564409018,-0.0005641739269405722,0.0006928467191755772,-0.001997173027820716
2025-02-04 14:00:00+00:00,6.5062515e-05,0.0007295908289961517,-0.0001065540670217051,0.0006768400780856609,-0.0010451417578271373
2025-02-04 15:00:00+00:00,-0.00031450804,0.0007253892836160958,-0.00013482831286335854,0.000661600788589567,-0.001472083718913384
2025-02-04 16:00:00+00:00,-0.0013024651,0.0007106639095582068,-0.0014378847668800388,0.0006488699000328779,-0.0020666235377133006
2025-02-04 17:00:00+00:00,0.012241085,0.0006967318477109075,0.007511125707955218,0.0006388798356056213,0.010724342981920789
2025-02-04 18:00:00+00:00,0.00080433703,0.0006768905441276729,0.0015279096927730427,0.0006353292264975607,-5.601863602176446e-05
2025-02-05 09:00:00+00:00,-0.004060461,0.0006615930469706655,-0.0014434939313959728,0.0006341040716506541,-0.004621357144055144
2025-02-05 10:00:00+00:00,0.0018174296,0.0006471336237154901,7.636825128071112e-05,0.0006305643473751843,0.0005881214196941753
2025-02-05 11:00:00+00:00,-0.0064782356,0.0006254719337448478,-0.0007976863518684457,0.0006236378103494644,-0.006952928672889068
2025-02-05 12:00:00+00:00,0.008957083,0.0006086993962526321,0.008827139239120867,0.0006142891361378133,0.007183150649161107
2025-02-05 13:00:00+00:00,-0.0032957448,0.0005941906129010022,0.00014771010840029341,0.0006053635734133422,-0.0042366478721708135
2025-02-05 14:00:00+00:00,-0.0006453903,0.0005798510392196476,-0.0017250246777852775,0.0005969858611933887,-0.0015587332252556365
2025-02-05 15:00:00+00:00,0.00060237723,0.0005647744983434677,0.00021963011197796126,0.00059402926126495,-0.00046103675961748345
2025-02-05 16:00:00+00:00,0.00044079623,0.000554790545720607,0.0002862474808827958,0.00059701525606215,-0.0008285646470332729
2025-02-05 17:00:00+00:00,0.011446162,0.0005408149445429444,0.006059020298822782,0.000603226013481617,0.009372997683664813
2025-02-05 18:00:00+00:00,0.00047807497,0.0005212239921092987,0.0009725203855645006,0.0006086593493819237,-0.0009312335334009976
2025-02-06 09:00:00+00:00,0.010491768,0.0005499075050465763,0.004869798568636739,0.0006115491269156337,0.008728169949257781
2025-02-06 10:00:00+00:00,0.0029176571,0.0005449512391351163,0.003928513555216782,0.0006157148745842278,0.0015731054688372774
2025-02-06 11:00:00+00:00,-0.0031594275,0.0005417161155492067,-0.0017667513151193213,0.0006219283677637577,-0.004246923726778027
2025-02-06 12:00:00+00:00,0.0011872681,0.0005373531021177769,0.0003630550547296825,0.0006272090831771493,-0.00018713469870616957
2025-02-06 13:00:00+00:00,-0.0029023627,0.0005266831140033901,-0.001066487924997313,0.0006328915478661656,-0.003932949941042125
2025-02-06 14:00:00+00:00,0.00014742429,0.0005221113678999245,-0.0003285074591286021,0.0006353658391162753,-0.0012961659930102556
2025-02-06 15:00:00+00:00,0.0033532914,0.00051772320875898,0.0028585919746240192,0.0006383534055203199,0.0016169038281344343
2025-02-06 16:00:00+00:00,0.0005979952,0.0005099439877085388,0.0011187711188527262,0.0006367165478877723,-0.0011219530306526239
2025-02-06 17:00:00+00:00,0.014834828,0.0005096335662528872,0.0009671143752638452,0.0006282257963903248,0.012497755038361074
2025-02-06 18:00:00+00:00,-0.0023174023,0.0005039700772613287,-0.0005568159567513049,0.000615785364061594,-0.003893479942598069
2025-02-07 09:00:00+00:00,0.00478408,0.0004907537950202823,0.003653144289839343,0.0006084050401113927,0.002568353690853942
2025-02-07 10:00:00+00:00,-0.0005361654,0.0004763927427120507,0.0026332305031435857,0.0006010382203385234,-0.002289898273611114
2025-02-07 11:00:00+00:00,-0.0051805284,0.0004643981228582561,-0.00341617780023756,0.00058916857233271,-0.006555137486292765
2025-02-07 12:00:00+00:00,-0.0008504725,0.00045618313015438616,-0.0019177767456162755,0.0005803340463899076,-0.002757118034261803
2025-02-07 13:00:00+00:00,0.00266309,0.0004485083627514541,0.0010373494310972784,0.0005698705790564418,0.0007685135605516435
2025-02-07 14:00:00+00:00,-0.0026319623,0.0004420267650857568,-0.0004734251725783493,0.0005583983729593456,-0.004161529910619332
2025-02-07 15:00:00+00:00,0.00020749256,0.000429965672083199,-0.00016380148357155068,0.0005490747862495482,-0.0013870609543867208
2025-02-07 16:00:00+00:00,0.000663687,0.00041924574179574847,0.000568597289074652,0.0005388380959630013,-0.0010455659727129736
2025-02-07 17:00:00+00:00,-0.005373982,0.0004021869972348213,-0.005317596437591221,0.0005325525999069214,-0.007282386524672797
2025-02-07 18:00:00+00:00,0.00128115,0.0003843769372906536,5.614618930371138e-05,0.0005287120002321899,-0.0008053391532865596
2025-02-10 09:00:00+00:00,0.009169956,0.00036142554017715156,0.006379255061249482,0.0005238789017312229,0.0070866225971981806
2025-02-10 10:00:00+00:00,-0.00067064585,0.0003302833647467196,0.001567602628551022,0.0005179409054107964,-0.002205816141216563
2025-02-10 11:00:00+00:00,-0.0031011302,0.00030222005443647504,-0.0031562250376673496,0.0005133339436724782,-0.004363343484299055
2025-02-10 12:00:00+00:00,0.0021718005,0.0002827976131811738,0.000503888360008705,0.0005057177040725946,0.0002587732139585756
2025-02-10 13:00:00+00:00,0.0011666865,0.0002547297044657171,0.0017383024332606881,0.0004963009851053357,-0.00018181694145691612
2025-02-10 14:00:00+00:00,0.0048175007,0.00022443445050157607,0.004115791609415151,0.0004897602484561503,0.00317254927208956
2025-02-10 15:00:00+00:00,-0.00053413317,0.00019488132966216654,6.495474492424978e-05,0.00047995493514463305,-0.0021232530476507014
2025-02-10 16:00:00+00:00,0.0029751852,0.00017592436051927507,0.003257716771607787,0.00047189468750730157,0.0015101755432991525
2025-02-10 17:00:00+00:00,0.0055572726,0.0001591217878740281,0.004492110232165329,0.00046141896746121347,0.00387892591987854
2025-02-10 18:00:00+00:00,-0.001121225,0.00014427352289203554,-0.0007531646189244202,0.0004471219435799867,-0.002372705384187144
2025-02-11 09:00:00+00:00,-0.0038215956,0.0001302176679018885,-0.0030088994942369194,0.00042890189797617495,-0.005179153138496034
2025-02-11 10:00:00+00:00,-0.0003993508,0.00012244575191289186,-0.0006945400371035929,0.0004156779614277184,-0.0017253273205749759
2025-02-11 11:00:00+00:00,-0.0044754287,0.00011398073547752574,-0.0017595910604438095,0.00039485582965426147,-0.005334291050069945
2025-02-11 12:00:00+00:00,0.004229595,0.00010718782141339034,0.0003122447241964086,0.00037899057497270405,0.0023501211698120344
2025-02-11 13:00:00+00:00,0.0039465125,0.00010042891517514363,0.003055187207061549,0.00036250913399271667,0.0024867319891605805
2025-02-11 14:00:00+00:00,-0.0011332835,9.004941239254549e-05,0.0003528900306835969,0.00034951622365042567,-0.002635309777522605
2025-02-11 15:00:00+00:00,0.0015005592,8.598328713560477e-05,0.0009052558881879175,0.0003371070197317749,0.00010164909951301403
2025-02-11 16:00:00+00:00,0.00054046616,8.764466474531218e-05,0.0006136956045039667,0.0003252539609093219,-0.0008589163218342597
2025-02-11 17:00:00+00:00,0.011625504,7.598434604005888e-05,0.0034682325029606227,0.00031368312193080783,0.009847431957708194
2025-02-11 18:00:00+00:00,3.0230203e-05,0.00012457012780942023,0.0023573756636363543,0.00031150697031989694,-0.001377419262062768
2025-02-12 09:00:00+00:00,0.008138897,0.00013704488810617477,0.004254208551464846,0.00029344228096306324,0.006862663836500627
2025-02-12 10:00:00+00:00,0.0005495686,0.00014148239279165864,0.0012867169205863212,0.00027626033988781273,-0.0005031344984679425
2025-02-12 11:00:00+00:00,0.0024444158,0.00015432026702910662,0.0036395494619474427,0.0002661345642991364,0.0011933164055853709
2025-02-12 12:00:00+00:00,-0.0011765646,0.00016918170149438083,-0.0007702593762059772,0.000258495012531057,-0.002368159302005704
2025-02-12 13:00:00+00:00,0.00083769637,0.00018300653027836233,0.0003080595345155325,0.00024592343834228814,-0.0003708852667940318
2025-02-12 14:00:00+00:00,-0.0026551161,0.0001931194419739768,-0.0017266170525473854,0.00023337420134339482,-0.003957571668808722
2025-02-12 15:00:00+00:00,-0.0024617738,0.0002044387219939381,-0.0016710886407121492,0.00021852365171071142,-0.0038072578278497225
2025-02-12 16:00:00+00:00,0.003071277,0.00021871061471756548,0.0013309198207048288,0.00019854951824527234,0.0015648598361792552
2025-02-12 17:00:00+00:00,-0.007036847,0.0002464607823640108,-0.0025802404503251085,0.0001774212869349867,-0.008140106679750899
2025-02-12 18:00:00+00:00,0.019287692,0.00024500195286236703,0.008412726776236544,0.00014922238187864423,0.018081413986711377
2025-02-13 09:00:00+00:00,0.07019857,0.0002505033335182816,0.021832434477459466,0.0001343405747320503,0.07194837019967885
2025-02-13 10:00:00+00:00,-0.019702371,0.0002779201022349298,-0.010213716612595196,0.00013010745169594884,-0.02257325737810019
2025-02-13 11:00:00+00:00,0.008696073,0.00030974834226071835,0.001647255263831401,0.00013239667168818414,0.007387161993384654
2025-02-13 12:00:00+00:00,0.0033053583,0.00035407740506343544,0.0031017301609180935,0.00013207799929659814,0.0016850766348952932
2025-02-13 13:00:00+00:00,-0.0066030165,0.0003917532740160823,-0.002620159318255532,0.00012138994497945532,-0.008684250966518016
2025-02-13 14:00:00+00:00,-0.0035332753,0.0004404548672027886,-0.0025965423177479177,0.00011295587319182232,-0.005437122162988715
2025-02-13 15:00:00+00:00,0.0072214603,0.0004909805720672011,0.002221223194421091,9.691933519206941e-05,0.006124990099982117
2025-02-13 16:00:00+00:00,-0.003007269,0.0005420519737526774,-0.00047645776541020484,8.38229971122928e-05,-0.004997070231162763
2025-02-13 17:00:00+00:00,0.0042429324,0.0005949364276602864,0.0023756612050455507,7.229367474792525e-05,0.0030342397412218176
2025-02-13 18:00:00+00:00,0.029991135,0.0006470046355389059,0.006087298791578425,5.175835394766182e-05,0.03026637508497922
2025-02-14 09:00:00+00:00,0.018152852,0.0006988914683461189,0.010984697267347769,4.277105108485557e-05,0.017400608804877288
2025-02-14 10:00:00+00:00,0.0022626643,0.0007264059968292713,0.0022365355028166455,2.6709234589361586e-05,0.0006319171689615169
2025-02-14 11:00:00+00:00,0.00056486705,0.000761152827180922,0.0009615421049437582,2.1410860426840372e-05,-0.001079569430787993
2025-02-14 12:00:00+00:00,-0.0005295535,0.0008000304806046188,-0.0005072610083134311,2.0980805857107043e-05,-0.002392757007241823
2025-02-14 13:00:00+00:00,-0.018839225,0.0008317689062096179,-0.015366941009983969,1.6010908439056948e-05,-0.022185409047190865
2025-02-14 14:00:00+00:00,0.0033140716,0.0008612588862888515,-0.0022065854299396282,1.8632747014635243e-05,0.002626568767540603
2025-02-14 15:00:00+00:00,-0.00314316,0.0008894956554286182,-0.0021925678987213906,1.6609490558039397e-05,-0.003788373271310731
2025-02-14 16:00:00+00:00,-0.016304463,0.0009139607427641749,-0.007900529380696002,1.6980098735075444e-05,-0.018493577402633344
2025-02-14 17:00:00+00:00,0.012429292,0.000930027337744832,0.0028871679020455333,2.9704900953220204e-05,0.012971288278935577
2025-02-14 18:00:00+00:00,0.0031733466,0.0009522160398773849,0.0031633920656225743,1.3193269296607468e-05,0.0030105529130850938
2025-02-17 09:00:00+00:00,0.02373938,0.0009780750842764974,0.01651061164539599,2.5278659450123087e-05,0.026008179789465215
2025-02-17 10:00:00+00:00,-0.0010113314,0.0010086141992360353,0.0011321462510400808,2.099359880958218e-05,-0.0012011923144298867
2025-02-17 11:00:00+00:00,-0.0013206669,0.001049670740030706,-0.0011018688316879923,2.704292091948446e-05,-0.0017647841217105118
2025-02-17 12:00:00+00:00,0.0059293136,0.0010959195205941796,0.004273651289626173,3.5857177863363177e-05,0.006727367423375291
2025-02-17 13:00:00+00:00,0.0016102076,0.0011433408362790942,0.001599366048959271,3.6380919482326135e-05,0.0017549029663634112
2025-02-17 14:00:00+00:00,-0.0029423377,0.001180058578029275,-0.0025172856855784566,2.844676055246964e-05,-0.003161961091983694
2025-02-17 15:00:00+00:00,0.0061549954,0.0012275115586817265,0.0033687814747540698,2.5031766199390404e-05,0.007232674180566467
2025-02-17 16:00:00+00:00,0.0015154422,0.0012746406719088554,0.0016360148822042956,6.246917564567411e-06,0.0022664934804946238
2025-02-17 17:00:00+00:00,-0.01019935,0.0013342681340873241,-0.009474829635335585,-1.8731343516265042e-05,-0.010754993532918264
2025-02-17 18:00:00+00:00,0.002160511,0.0014507501618936658,0.00022181564794138234,-4.112284386792453e-06,0.003522148891609558
2025-02-18 09:00:00+00:00,-0.00026322718,0.0015256453771144152,0.0003155966139463315,-2.6513209377299063e-05,0.00044488176742295835
2025-02-18 10:00:00+00:00,0.001534516,0.001592228771187365,0.0006809140068069923,-5.606870763585903e-05,0.0037199149402737755
2025-02-18 11:00:00+00:00,-0.012990345,0.0016700581181794405,-0.010886949580085944,-5.9905400121351704e-05,-0.012716895859914529
2025-02-18 12:00:00+00:00,0.006529494,0.0017449625302106142,-0.0009638599506144064,-5.767562470282428e-05,0.009796188658001123
2025-02-18 13:00:00+00:00,0.002202256,0.0017977660754695535,0.0022249711910923608,-6.666951230727136e-05,0.0046452997544128485
2025-02-18 14:00:00+00:00,0.008150076,0.0018505053594708443,0.007890071505337045,-7.412213017232716e-05,0.011154165926080813
2025-02-18 15:00:00+00:00,-0.01723695,0.0019019487081095576,-0.015759334462973985,-7.984320836840197e-05,-0.01665037642913528
2025-02-18 16:00:00+00:00,0.00069237326,0.001943072653375566,-0.0014740587077435416,-6.482535536633804e-05,0.0034645974199783358
2025-02-18 17:00:00+00:00,-0.0020252091,0.0019775237888097763,-0.001165884763567657,-5.194612094783224e-05,0.00022633365555395487
2025-02-18 18:00:00+00:00,-0.0006759822,0.001982963178306818,-0.0009857085176264526,-3.643401214503683e-05,0.0015127547624011123
2025-02-19 09:00:00+00:00,0.00417311,0.00200486509129405,0.004498708562849699,-1.1516419363033492e-05,0.006924664261323956
2025-02-19 10:00:00+00:00,-0.0077295327,0.002035195007920265,-0.007782842114359479,6.8443500822468195e-06,-0.005486503152442434
2025-02-19 11:00:00+00:00,-0.005048798,0.002061061095446348,-0.003686606674928285,2.7832016712636687e-05,-0.0028098345807753278
2025-02-19 12:00:00+00:00,0.0026708029,0.002096377080306411,0.0023097734840456918,5.6138323998311535e-05,0.00594836942939954
2025-02-19 13:00:00+00:00,0.0043137586,0.0021229188423603773,0.004029655506385981,7.758921856293455e-05,0.0075193075228615945
2025-02-19 14:00:00+00:00,0.0017452167,0.0021553323604166508,0.002190330618093384,0.00010311497317161411,0.0044946003774771065
2025-02-19 15:00:00+00:00,0.0007470186,0.0022056952584534883,0.0010320684557624685,0.00014517961244564503,0.0032907015789538445
2025-02-19 16:00:00+00:00,0.002645645,0.0022530164569616318,0.00223781164211373,0.0001770074013620615,0.005293838591513627
2025-02-19 17:00:00+00:00,0.01456706,0.0023166341707110405,0.013267102240126252,0.00020718536688946187,0.017972035526165643
2025-02-19 18:00:00+00:00,-0.0043961504,0.0023790388368070126,-0.0009963550877353225,0.0002134569949703291,-0.002957625458294922
2025-02-20 09:00:00+00:00,0.008015882,0.002445204881951213,0.005542802804467938,0.0002512901555746794,0.011100914483523992
2025-02-20 10:00:00+00:00,-0.0019434319,0.002478294773027301,-0.0006743548528265699,0.0002624221087899059,-8.926693105934958e-05
2025-02-20 11:00:00+00:00,-0.0012045566,0.0025470047257840633,-0.0020338090503999283,0.00030091963708400726,0.0012249059991801075
2025-02-20 12:00:00+00:00,0.005990962,0.002596507081761956,0.005078087214848776,0.0003361918206792325,0.008663819378703655
2025-02-20 13:00:00+00:00,-0.0017378614,0.0026624412275850773,5.841970322047794e-05,0.00037831111694686115,-0.0004980944686561748
2025-02-20 14:00:00+00:00,0.0013992154,0.002709130058065057,0.0019477785153211922,0.00041374246939085424,0.003569874267011876
2025-02-20 15:00:00+00:00,0.0026280084,0.002739747753366828,0.001979899980933553,0.00045359498471952975,0.004500007729402947
2025-02-20 16:00:00+00:00,0.0016444098,0.002759410534054041,0.0016502563429614057,0.0004835618892684579,0.003054172460691784
2025-02-20 17:00:00+00:00,0.020711407,0.002753455890342593,0.00866765367086505,0.0005062640411779284,0.0249544113644045
2025-02-20 18:00:00+00:00,-0.007388013,0.002755502238869667,-0.0047517784921069705,0.000523878145031631,-0.007690069235843196
2025-02-21 09:00:00+00:00,0.0059894174,0.002703152596950531,0.002395963678201689,0.0005183194880373776,0.00828230151809495
2025-02-21 10:00:00+00:00,0.00027139575,0.0026174974627792835,0.0015181825449606245,0.00047470006393268704,0.0015233819147873568
2025-02-21 11:00:00+00:00,0.00036457207,0.002608904615044594,0.00031654687820893603,0.0005422443500719965,0.0019371374343484188
2025-02-21 12:00:00+00:00,-0.002699286,0.002566076349467039,-0.002770760003559091,0.0005719928303733468,-0.0018431235367438537
2025-02-21 13:00:00+00:00,-0.008390392,0.0025238897651433945,-0.00618834502637285,0.000620716018602252,-0.008045490728412243
2025-02-21 14:00:00+00:00,-0.0002914702,0.002488258760422468,-0.0014686305893998706,0.0006820393027737737,0.0011737350779238483
2025-02-21 15:00:00+00:00,-0.003444059,0.0024393002968281507,-0.001762725058213048,0.0007323891040869057,-0.0020153830741934022
2025-02-21 16:00:00+00:00,0.0011865763,0.0023652114905416965,0.0001227093087332694,0.00077022984623909,0.002956722346468365
2025-02-21 17:00:00+00:00,0.0079685105,0.0022972039878368378,0.004107843380788061,0.0008203813922591507,0.010780942862098165
2025-02-21 18:00:00+00:00,9.377144e-05,0.0022072491701692343,0.0009631281120237032,0.0008683782652951777,0.001644470585059227
2025-02-24 09:00:00+00:00,0.008335999,0.0021217456087470055,0.007954624392565217,0.0009067060309462249,0.011307990377311889
2025-02-24 10:00:00+00:00,-0.0046178107,0.0020889390725642443,-0.001547087322663846,0.0009204859379678965,-0.003525882314863093
2025-02-24 11:00:00+00:00,0.00013587302,0.0020326043013483286,-0.001004263674042923,0.0009548382950015366,0.0019227955117563326
2025-02-24 12:00:00+00:00,0.00037355567,0.0019811212550848722,0.0002685376925311055,0.0009825798915699124,0.0020606960016315177
2025-02-24 13:00:00+00:00,-0.0010870951,0.0019241571426391602,-0.0005339561865624522,0.0010039325570687652,0.0002755131566275189
2025-02-24 14:00:00+00:00,-0.00023795967,0.001863899058662355,-0.00018282725337014736,0.0010362191824242473,0.0013378535872059735
2025-02-24 15:00:00+00:00,-0.004036934,0.001775934244506061,-0.002372880061351817,0.0010613707127049565,-0.002530578320658391
2025-02-24 16:00:00+00:00,0.00011093522,0.001670821919105947,-0.00034454080741678887,0.0011032252805307508,0.0019175264772986183
2025-02-24 17:00:00+00:00,0.002471515,0.001574571942910552,0.002342441534830574,0.0011618052376434207,0.004481641626199787
2025-02-24 18:00:00+00:00,0.004280843,0.001453302800655365,0.0037537383363439743,0.0012013657251372933,0.006921499255517223
2025-02-25 09:00:00+00:00,0.01858273,0.001368125551380217,0.01529555551035957,0.0012353741331025958,0.023572664011760443
2025-02-25 10:00:00+00:00,-0.002357205,0.0012726102722808719,-0.0016070685910269473,0.0012338411761447787,-0.0012782454419952402
2025-02-25 11:00:00+00:00,-0.0023293395,0.0012027923949062824,-0.0022347306602467465,0.0012379108229652047,-0.0018233560126976185
2025-02-25 12:00:00+00:00,0.0009858309,0.0011382800294086337,7.862308331768968e-05,0.0012453082017600536,0.0022823813119074348
2025-02-25 13:00:00+00:00,-0.0037144597,0.0010673077777028084,-0.0031120633592029725,0.0012412882642820477,-0.0026382203086145577
2025-02-25 14:00:00+00:00,0.0041402387,0.000977408024482429,0.001480004851266826,0.001248236047104001,0.0064712396583027
2025-02-25 15:00:00+00:00,-0.0019885206,0.0009055576520040631,-0.0005975385569764339,0.001268221763893962,-0.0007783293436294863
2025-02-25 16:00:00+00:00,3.345321e-05,0.0008244850323535502,-0.00033027975603550926,0.0012901349691674113,0.0013054569986708092
2025-02-25 17:00:00+00:00,0.016752478,0.0007216953672468662,0.010776007486001925,0.00133295520208776,0.02087845101296155
2025-02-25 18:00:00+00:00,-0.005302209,0.0006376741803251207,-0.0028160168076225844,0.0013501556823030114,-0.00530237930552699
2025-02-26 09:00:00+00:00,0.002394835,0.0005613518296740949,0.0015925870073025968,0.0013872957788407803,0.004138752159287676
2025-02-26 10:00:00+00:00,-0.0015188162,0.0005047206650488079,-0.0015215503120181379,0.001398031716234982,-0.0003963119264211322
2025-02-26 11:00:00+00:00,-0.002638644,0.0004497065965551883,-0.0022983179778797943,0.0013806989882141352,-0.0020586595127841003
2025-02-26 12:00:00+00:00,-0.0042579924,0.0004131414170842618,-0.004644679167135555,0.0013715847162529826,-0.0036885306352342864
2025-02-26 13:00:00+00:00,-0.010670336,0.00037579762283712626,-0.010691594620310942,0.0013468093238770962,-0.01073170437663947
2025-02-26 14:00:00+00:00,0.0029381663,0.0003352432104293257,0.002065205580423769,0.0013224257854744792,0.0056743708051935
2025-02-26 15:00:00+00:00,-0.009796609,0.0002685915387701243,-0.007248041053283635,0.0012727919965982437,-0.009244035429550245
2025-02-26 16:00:00+00:00,0.003599588,0.00024183046480175108,0.0032644669371882295,0.001238651224412024,0.006547657600164828
2025-02-26 17:00:00+00:00,0.0045191254,0.00022419774904847145,0.004689604658753671,0.0011846169363707304,0.007287581576231766
2025-02-26 18:00:00+00:00,0.0084030945,0.0002065294684143737,0.006267699117588536,0.001142089138738811,0.011979295211601544
2025-02-27 09:00:00+00:00,-0.010176331,0.0001959301152965054,-0.00718642940872937,0.0010868707904592156,-0.010350102852074612
2025-02-27 10:00:00+00:00,-0.0019786397,0.00015904793690424412,-0.0022387160515544417,0.0010320962173864245,0.0001891798795378033
2025-02-27 11:00:00+00:00,-0.0047054933,0.00014852794993203133,-0.004700215494042001,0.0009895978728309274,-0.003053029654754494
2025-02-27 12:00:00+00:00,-0.006993422,0.00010720176214817911,-0.007311659526505299,0.0009430177742615342,-0.005961158952935324
2025-02-27 13:00:00+00:00,0.00588352,7.682025170652196e-05,0.004889209123148059,0.0008941503474488854,0.008677891437872672
2025-02-27 14:00:00+00:00,-0.0038220503,4.48034807050135e-05,-0.0025866371249190024,0.0008380754152312875,-0.002729867045536525
2025-02-27 15:00:00+00:00,0.010109306,1.7896109056891873e-05,0.007677762847952317,0.0007903643418103456,0.013469014718942036
2025-02-27 16:00:00+00:00,-0.00073316565,-2.11965470953146e-05,0.0021515555307484416,0.0007603049161843956,0.00039548904754370504
2025-02-27 17:00:00+00:00,-0.019872433,-4.649149195756763e-05,-0.019045777934106452,0.000736112822778523,-0.021285832298033273
2025-02-27 18:00:00+00:00,-0.0014026997,-9.845954627962783e-05,-0.00559982968006022,0.0007037841714918613,0.0006778314073817091
2025-02-28 09:00:00+00:00,-0.01022232,-0.00014342679060064256,-0.009422193420455277,0.0006886885385029018,-0.009598036160844156
2025-02-28 10:00:00+00:00,-0.0115153,-0.0001872922439360991,-0.010783360951080179,0.0006455773836933076,-0.010335297642239985
2025-02-28 11:00:00+00:00,0.0023382776,-0.00024755235062912107,0.0008091042885156226,0.0006221402436494827,0.004958343693419075
2025-02-28 12:00:00+00:00,-0.0044703432,-0.0002973325317725539,-0.004545919111060106,0.0005943448049947619,-0.002333553535998904
2025-02-28 13:00:00+00:00,0.0061284346,-0.0003468961804173887,0.003909817053584272,0.00055125035578385,0.009116501943076198
2025-02-28 14:00:00+00:00,0.0007710844,-0.0003931736573576927,0.001525272938359933,0.0005183610483072698,0.002720652694705482
2025-02-28 15:00:00+00:00,-0.0046618492,-0.0004338506259955466,-0.004563020080986372,0.0004861484922003001,-0.003408707604599965
2025-02-28 16:00:00+00:00,0.0033471438,-0.0004706443287432194,0.002737218032109192,0.00046384669258259237,0.005658588674128187
2025-02-28 17:00:00+00:00,-0.0012988724,-0.0005018865340389311,-0.0028769181651152275,0.0004434071306604892,-0.0002858068273324329
2025-02-28 18:00:00+00:00,0.003209009,-0.0005214645061641932,0.0019703198469447542,0.00040243990952149034,0.004609213707460154
2025-03-03 09:00:00+00:00,-0.004052424,-0.0005395401385612786,-0.003434014680008002,0.0003779362014029175,-0.003359698945552639
2025-03-03 10:00:00+00:00,-0.010185735,-0.0005554643576033413,-0.00877140550332293,0.00033350480953231454,-0.010385637376816428
2025-03-03 11:00:00+00:00,-0.002391378,-0.0005761521169915795,-0.0024095897240874616,0.000299456442007795,-0.0017474083437463478
2025-03-03 12:00:00+00:00,-0.0030932592,-0.0006005343166179955,-0.002675640166074978,0.0002630212402436882,-0.0027123684955470354
2025-03-03 13:00:00+00:00,0.0012669862,-0.0006137650343589485,0.0012510279898577505,0.000236429157666862,0.0023440487255426395
2025-03-03 14:00:00+00:00,0.0030360115,-0.0006284283590503037,0.0030503799504480547,0.0002384573162999004,0.003926642998957414
2025-03-03 15:00:00+00:00,-0.0014322763,-0.0006385443266481161,-0.0007727755361417287,0.00024254735035356134,-0.0013083404723295295
2025-03-03 16:00:00+00:00,0.005468958,-0.0006463162135332823,0.00501637552432683,0.00025678708334453404,0.006179014172641744
2025-03-03 17:00:00+00:00,-0.015399882,-0.0006536531145684421,-0.01516867653256654,0.00027274928288534284,-0.0169494549149486
2025-03-03 18:00:00+00:00,-0.0016557785,-0.0006640806677751243,-0.0024315899839693206,0.00026915076887235045,-0.0012941244077921527
2025-03-04 09:00:00+00:00,0.0185597,-0.0006821958813816309,0.01707901521768126,0.000282374705420807,0.020933074736547812
2025-03-04 10:00:00+00:00,0.008854367,-0.0006926047499291599,0.009032712844593295,0.00027177933952771127,0.00973215601702097
2025-03-04 11:00:00+00:00,0.0026515813,-0.0006882771849632263,0.0033378614487333063,0.00027044827584177256,0.002531059207233243
2025-03-04 12:00:00+00:00,-0.0026340561,-0.0006784538272768259,-0.0024285198554720193,0.0002548552874941379,-0.0038660472430778457
2025-03-04 13:00:00+00:00,-0.0023335596,-0.000668767315801233,-0.002296342256287999,0.0002476505469530821,-0.0037293655013033765
2025-03-04 14:00:00+00:00,0.0011411418,-0.0006569091347046196,0.0003988652624207121,0.00025176937924697995,0.00045784361672869447
2025-03-04 15:00:00+00:00,-0.0025562095,-0.0006463743047788739,-0.0018695465779751744,0.00026381146744824946,-0.004349300536259172
2025-03-04 16:00:00+00:00,0.003485716,-0.0006278337677940726,0.0022991600377571825,0.00029051018645986915,0.0023391113874458706
2025-03-04 17:00:00+00:00,-0.0010962076,-0.0006137827294878662,-0.0008629981047608615,0.00032160317641682923,-0.0024246815048609882
2025-03-04 18:00:00+00:00,0.0040106536,-0.0006007906631566584,0.003094409707781031,0.0003442559973336756,0.002862876630545811
2025-03-05 09:00:00+00:00,0.00040192925,-0.00059079984202981,0.0004457968954433702,0.00035765321808867157,-0.0008306642188306067
2025-03-05 10:00:00+00:00,-0.0019850037,-0.0005882669938728213,-0.0016548674575810349,0.0003496420104056597,-0.0035476514127106814
2025-03-05 11:00:00+00:00,0.009374361,-0.0005932516069151461,0.007297571616266668,0.0003602036740630865,0.00886694305340681
2025-03-05 12:00:00+00:00,0.0011699708,-0.0005833101458847523,0.0010702650582835448,0.00036658873432315886,-0.0005270691022544716
2025-03-05 13:00:00+00:00,-0.0027320643,-0.0005734667065553367,-0.002731548223312679,0.0003731475444510579,-0.005372762938689483
2025-03-05 14:00:00+00:00,-0.00093842874,-0.0005659526796080172,-0.0015796199685632708,0.0003911354870069772,-0.002812078439991295
2025-03-05 15:00:00+00:00,-0.0018098293,-0.0005602797027677298,-0.0014752625647863032,0.00040311203338205814,-0.0038455452937764703
2025-03-05 16:00:00+00:00,0.0029045772,-0.0005546375759877264,0.0015071667354557693,0.0004231345665175468,0.001343138873810417
2025-03-05 17:00:00+00:00,-0.007828545,-0.0005415471387095749,-0.007680337115295175,0.0004433280846569687,-0.010654794379385381
2025-03-05 18:00:00+00:00,0.002141937,-0.0005368951824493706,-0.0007631794844124123,0.0004446390666998923,0.00036097987618211643
2025-03-06 09:00:00+00:00,-0.010702896,-0.0005252296105027199,-0.010343467818795388,0.0004662044229917228,-0.013923893494084332
2025-03-06 10:00:00+00:00,-0.0013603161,-0.0005152452504262328,-0.0016819700813936445,0.00047642027493566275,-0.0033364715990360583
2025-03-06 11:00:00+00:00,-0.0036838977,-0.0005089545738883317,-0.003241753879757792,0.0004930575378239155,-0.00608602143516533
2025-03-06 12:00:00+00:00,-0.0022204272,-0.000503049639519304,-0.003103727911566452,0.0005059383111074567,-0.0041305144972356
2025-03-06 13:00:00+00:00,-0.0033309911,-0.0004912471631541848,-0.003126143398372948,0.0005279678734950721,-0.005547216204221484
2025-03-06 14:00:00+00:00,-0.0007585933,-0.0004814492422156036,-0.0011043662966473636,0.0005600605509243906,-0.002720047847263516
2025-03-06 15:00:00+00:00,0.004462961,-0.0004634591459762305,0.0037138230841240057,0.0005962461582385004,0.003524575878250153
2025-03-06 16:00:00+00:00,0.0048235594,-0.00044633366633206606,0.004919407160985708,0.0006335252546705306,0.003500760588964928
2025-03-06 17:00:00+00:00,0.0024030828,-0.0004309513315092772,0.0032220801219806864,0.0006699239602312446,0.0011080879172144006
2025-03-06 18:00:00+00:00,-0.004519392,-0.00040399140561930835,-0.003030964541738926,0.0006892319652251899,-0.006778406561011016
2025-03-07 09:00:00+00:00,0.005974335,-0.00038119606324471533,0.0036025141079065767,0.0006902098539285362,0.004255103478381721
2025-03-07 10:00:00+00:00,0.0031934434,-0.00034748503821901977,0.003127050402425528,0.0007015910232439637,0.0009765408929642964
2025-03-07 11:00:00+00:00,0.0029030652,-0.0003096835280302912,0.0030755061841048112,0.0006966739892959595,0.0003318140729198977
2025-03-07 12:00:00+00:00,-0.00417746,-0.00027306663105264306,-0.0009567420478820113,0.0006940690218470991,-0.007602586382569402
2025-03-07 13:00:00+00:00,0.0019417056,-0.0002292462158948183,0.0017766910915439189,0.0007005372899584472,-0.0006106351638205799
2025-03-07 14:00:00+00:00,3.510928e-05,-0.00018640526104718447,0.0005116399807247738,0.0007036126335151494,-0.0031045354984260243
2025-03-07 15:00:00+00:00,-0.001748183,-0.0001356925058644265,-0.0012127305527350099,0.0007096669287420809,-0.004849565887459212
2025-03-07 16:00:00+00:00,0.0024764226,-9.773854981176555e-05,0.0021347468061184904,0.0006998417084105313,-0.000305996918435413
2025-03-07 17:00:00+00:00,-0.014381746,-5.358285488910042e-05,-0.014179039973279841,0.0006861014408059418,-0.018732644832858754
2025-03-07 18:00:00+00:00,-0.0041371374,-2.896033947763499e-05,-0.005548270548135063,0.0007275554235093296,-0.007256863458488234
2025-03-10 09:00:00+00:00,0.01777309,1.2669203897530679e-05,0.015217962109471486,0.0007278238190338016,0.016975995032808014
2025-03-10 10:00:00+00:00,-0.0059599704,7.303326128749177e-05,-0.0003641308413595215,0.0007360026938840747,-0.009486615898407453
2025-03-10 11:00:00+00:00,-0.00061827624,0.0001258418196812272,-0.0009087295368611948,0.000752762658521533,-0.0030942981455106652
2025-03-10 12:00:00+00:00,0.0024443741,0.00017328030662611127,0.0020092966436393083,0.0007565701380372047,-8.360048920009284e-05
2025-03-10 13:00:00+00:00,0.0015676055,0.00022424478083848953,0.001566052996158174,0.0007730917423032224,-0.0007928914781010488
2025-03-10 14:00:00+00:00,0.0017232895,0.0002814862527884543,0.0017858781679112503,0.0007787604117766023,-0.0010717517150502713
2025-03-10 15:00:00+00:00,-0.0011954363,0.0003375424712430686,-0.0004129828484686124,0.0007875347509980202,-0.004371833503778169
2025-03-10 16:00:00+00:00,-0.0003694679,0.0003923513868357986,-0.0002915655397819065,0.0008007157011888921,-0.0038208301388402773
2025-03-10 17:00:00+00:00,0.0048887837,0.00044982947292737663,0.0037728695164778087,0.0008083267020992935,0.0020616178348054847
2025-03-10 18:00:00+00:00,-0.0011651694,0.0005160574219189584,-0.0005398711472921429,0.0008670925162732601,-0.005020747438322523
2025-03-11 09:00:00+00:00,-0.0034684907,0.0005974064697511494,-0.002516290652828398,0.0008797722985036671,-0.007194871939881183
2025-03-11 10:00:00+00:00,0.0035123187,0.0006811525672674179,0.002085122218440492,0.0009041056036949158,0.0004370416796435372
2025-03-11 11:00:00+00:00,0.0011125859,0.0007727408083155751,0.0021770103485459075,0.0009501861641183496,-0.002326498190835773
2025-03-11 12:00:00+00:00,-0.00026270392,0.000869971641805023,-0.00025002763449861955,0.0009914770489558578,-0.003954232186214963
2025-03-11 13:00:00+00:00,0.00037652085,0.000961580197326839,-0.0002144250664890682,0.0010334410471841693,-0.0032462023710747782
2025-03-11 14:00:00+00:00,-0.0051082317,0.0010504215024411678,-0.004882734060375422,0.0010726229520514607,-0.009176453975949522
2025-03-11 15:00:00+00:00,0.0027153513,0.0011269684182479978,0.001084484396889102,0.0011148853227496147,-0.0005013879967101045
2025-03-11 16:00:00+00:00,0.0011840081,0.0012063471367582679,0.0012626931969382292,0.0011671503307297826,-0.0022064267649590952
2025-03-11 17:00:00+00:00,0.021007208,0.0012774602510035038,0.014750521732148563,0.0012023960007354617,0.020266199819618736
2025-03-11 18:00:00+00:00,-0.00021459872,0.0013601572718471289,0.0008467811606906766,0.0013241288252174854,-0.004309302030140547
2025-03-12 09:00:00+00:00,-0.0046811085,0.001447133137844503,-0.0043941053409577106,0.0013888136018067598,-0.009218015816480185
2025-03-12 10:00:00+00:00,-0.0053185862,0.0015022668521851301,-0.004810533214143454,0.0014197597047314048,-0.009877485514545165
2025-03-12 11:00:00+00:00,-0.0011365658,0.0015352398622781038,-0.0012629330484811604,0.0014606848126277328,-0.004665468539591586
2025-03-12 12:00:00+00:00,0.0035874944,0.0015669733984395862,0.0015988629204673897,0.0014834991889074445,0.0004095170892168742
2025-03-12 13:00:00+00:00,-0.0017661424,0.0016089556738734245,-0.000344089287475109,0.0015053355600684881,-0.0060443837414911146
2025-03-12 14:00:00+00:00,0.0034687265,0.0016440380131825805,0.0019350185304177659,0.0015329368179664016,-0.0002108962150687366
2025-03-12 15:00:00+00:00,0.0021650912,0.001680297777056694,0.001800941825630069,0.0015466001350432634,-0.0017584789340907483
2025-03-12 16:00:00+00:00,-0.0035044446,0.0017100934637710452,-0.0022585758438608407,0.0015606111846864223,-0.008218656380244709
2025-03-12 17:00:00+00:00,-3.4587716e-05,0.0017288275994360447,-0.00014190836649564636,0.0015626492677256465,-0.0037706413300120805
2025-03-12 18:00:00+00:00,0.0012875854,0.0017430520383641124,0.0009091862954611548,0.0015787732554599643,-0.002184760619772726
2025-03-13 09:00:00+00:00,-0.0109933205,0.0017500288086012006,-0.009692194964662858,0.0015798007370904088,-0.016445013873950545
2025-03-13 10:00:00+00:00,-0.002334009,0.0017522150883451104,-0.004214038569278108,0.001572060165926814,-0.006165154748419854
2025-03-13 11:00:00+00:00,-0.004420672,0.0017478768713772297,-0.005048580259534971,0.0015630954876542091,-0.008684721503670185
2025-03-13 12:00:00+00:00,0.0068769134,0.0017336405580863357,0.006260848812101121,0.0015307950088754296,0.0043915091912325645
2025-03-13 13:00:00+00:00,-0.003507011,0.0017280153697356582,-0.00029828716590397697,0.0015076465206220746,-0.007190691304862584
2025-03-13 14:00:00+00:00,-0.0068482277,0.001722289714962244,-0.006804032825163325,0.0014891615137457848,-0.011138675840274906
2025-03-13 15:00:00+00:00,-0.0037117926,0.0017071301117539406,-0.004571053189668782,0.00147704454138875,-0.007252170791526235
2025-03-13 16:00:00+00:00,0.0040910332,0.0016935281455516815,0.0034880535196277927,0.0014692341210320592,0.0013401684091336554
2025-03-13 17:00:00+00:00,-0.00029103225,0.0016815557610243559,0.0009622415322380496,0.001440902822650969,-0.003776888186001819
2025-03-13 18:00:00+00:00,0.0013574264,0.001687460346147418,0.0012648074096609603,0.001470890361815691,-0.0017818740111403852
2025-03-14 09:00:00+00:00,0.012230346,0.0016874567372724414,0.008879727389470729,0.0014486515428870916,0.010293077638311113
2025-03-14 10:00:00+00:00,-0.0012886375,0.0017114134971052408,0.00014577792869733327,0.0014574950328096747,-0.00519290782298993
2025-03-14 11:00:00+00:00,-0.006354222,0.0017280386528000236,-0.0050853771392299265,0.001448781811632216,-0.011029687645099191
2025-03-14 12:00:00+00:00,0.004583994,0.0017417652998119593,0.002157833670060621,0.0014526952290907502,0.001527326662872397
2025-03-14 13:00:00+00:00,0.002736862,0.0017648400971665978,0.002827679570339544,0.0014573170337826014,-0.0008706050833472952
2025-03-14 14:00:00+00:00,0.0008613452,0.0017865425907075405,0.0009489659330491804,0.0014670671662315726,-0.0028422072655609337
2025-03-14 15:00:00+00:00,0.0024668209,0.001810631132684648,0.002406608248098576,0.0014795897295698524,-0.0010856780515483729
2025-03-14 16:00:00+00:00,0.009385848,0.0018315722700208426,0.0060753317610169714,0.001489238697104156,0.006862771197598486
2025-03-14 17:00:00+00:00,0.0090260655,0.001849454827606678,0.002994360803163091,0.0014874808257445693,0.005354473916877864
2025-03-14 18:00:00+00:00,0.0018209827,0.0018559121526777744,0.0030023260527508476,0.0014868526486679912,-0.0034639900947546105
2025-03-17 09:00:00+00:00,0.018038088,0.0018699460197240114,0.003494182176093952,0.0014991972129791975,0.014918729646411964
2025-03-17 10:00:00+00:00,-0.0009355866,0.0018672249279916286,0.005166560079543533,0.0014956302475184202,-0.007947235163916006
2025-03-17 11:00:00+00:00,0.0020120982,0.001856343587860465,0.006102749155689871,0.0014875599881634116,-0.005635759443244911
2025-03-17 12:00:00+00:00,-0.0019703123,0.0018384936265647411,0.0014726100921698014,0.001452082535251975,-0.01173593850407723
2025-03-17 13:00:00+00:00,-0.0011539331,0.0018149581737816334,0.0008718503288918186,0.001429118332453072,-0.011352616107858976
2025-03-17 14:00:00+00:00,-0.0054784087,0.001786310924217105,-0.002810243740651043,0.0013992054155096412,-0.01727875293953015
2025-03-17 15:00:00+00:00,0.0039796536,0.001754203112795949,-0.0003449582488587391,0.0013791994424536824,-0.007990383751933085
2025-03-17 16:00:00+00:00,0.0014903881,0.001730915973894298,0.0011663883837463554,0.0013551876181736588,-0.012361706549466877
2025-03-17 17:00:00+00:00,-0.0006109579,0.0017036161152645946,-0.0002674170843534928,0.0013183878036215901,-0.016285107525508036
2025-03-17 18:00:00+00:00,0.0150641175,0.0016986445989459753,0.003391702531252708,0.0013462858041748405,0.0005563789385373656
2025-03-18 09:00:00+00:00,0.0056002745,0.001681450055912137,0.003454910382878546,0.0013722939183935523,-0.012748047296771668
2025-03-18 10:00:00+00:00,-0.0026523145,0.0016508649569004774,0.00033777394940530305,0.0013676208909600973,-0.024642637500459565
2025-03-18 11:00:00+00:00,-0.0021153926,0.0016301197465509176,-0.001904213623437745,0.001385486451908946,-0.02649188916881912
2025-03-18 12:00:00+00:00,0.0008401078,0.0016002906486392021,-0.0010313051700336817,0.0013926640385761857,-0.02606393673908626
2025-03-18 13:00:00+00:00,0.0014068345,0.0015637618489563465,0.001404551357500995,0.0014017063658684492,-0.028562265139281427
2025-03-18 14:00:00+00:00,0.00037810914,0.0015280535444617271,0.0008534102391772778,0.001404635258950293,-0.03353356797250135
2025-03-18 15:00:00+00:00,-0.00014793871,0.0014946447918191552,0.00029849649822602406,0.0013994163600727916,-0.0379181098076503
2025-03-18 16:00:00+00:00,0.0018640712,0.0014578906120732427,0.0009372185488294956,0.0014072087360545993,-0.040482599221717236
2025-03-18 17:00:00+00:00,0.0028018795,0.0014289049431681633,0.0040636397427879604,0.0014217088464647532,-0.04400232475371549
2025-03-18 18:00:00+00:00,0.029638546,0.001382679445669055,-0.000462611847824012,0.0014215981354936957,-0.01740694963213974
2025-03-19 09:00:00+00:00,-0.013102806,0.001335510634817183,-0.0038334278048671538,0.0014122878201305866,-0.0759763176823154
2025-03-19 10:00:00+00:00,-0.004306354,0.0012871100334450603,-0.004109677505955885,0.0014149851631373167,-0.07229492915651087
2025-03-19 11:00:00+00:00,0.003009948,0.001232098089531064,-0.0009309361448594857,0.0014142274158075452,-0.0715885181966471
2025-03-19 12:00:00+00:00,-0.0011528772,0.001178955426439643,-0.0025589651653812975,0.001416780985891819,-0.08574954736955774
2025-03-19 13:00:00+00:00,-0.002406779,0.0011132628424093127,-0.002074811917887568,0.0014203492319211364,-0.09736108541195725
2025-03-19 14:00:00+00:00,0.0052502872,0.0010448343819007277,0.0008656496994333742,0.0014167376793920994,-0.09995543714243028
2025-03-19 15:00:00+00:00,0.005054811,0.0009857777040451765,0.0010110042197952992,0.0014350024284794927,-0.11290210203358801
2025-03-19 16:00:00+00:00,-0.00012806045,0.000921122613362968,7.50221645186258e-05,0.0014451674651354551,-0.1340909244887796
2025-03-19 17:00:00+00:00,-0.016862337,0.0008615959086455405,-0.007380797510235699,0.0014530050102621317,-0.1700860896474765
2025-03-19 18:00:00+00:00,-0.0002849548,0.0007892257999628782,-0.004516716788642003,0.0014346189564093947,-0.16740388542345558
2025-03-20 09:00:00+00:00,0.003243681,0.000718827941454947,-3.65364349263946e-05,0.0014117674436420202,-0.18390382109133555
2025-03-20 10:00:00+00:00,-0.00502853,0.0006507905782200396,-0.004153081045427729,0.0013925102539360523,-0.2164582308942845
2025-03-20 11:00:00+00:00,-0.00039978625,0.0005736809107474983,-0.005902691121423347,0.0013818428851664066,-0.23683348869774942
2025-03-20 12:00:00+00:00,0.0010195469,0.0004951549926772714,-0.0013387558797258998,0.0013640203978866339,-0.26366802999257094
2025-03-20 13:00:00+00:00,-0.0025467323,0.00041652668733149767,-0.005680086471059416,0.0013280619168654084,-0.30028579795969146
2025-03-20 14:00:00+00:00,-0.0021681956,0.0003368328034412116,-0.006606261790741369,0.0012926353374496102,-0.3361583424684627
2025-03-20 15:00:00+00:00,-0.0042271563,0.00025067850947380066,-0.002497610587046818,0.0012485680636018515,-0.3792472517556391
2025-03-20 16:00:00+00:00,0.0067222184,0.0001762895262800157,0.004763624050591398,0.0011923705460503697,-0.41177734790187237
2025-03-20 17:00:00+00:00,-0.015056322,0.00010050299169961363,-0.011097448898677066,0.001141877961345017,-0.4894139408831
2025-03-20 18:00:00+00:00,-0.0021172815,4.905985406367108e-05,-0.004870992016822031,0.0010839687893167138,-0.5312605085590336
2025-03-21 09:00:00+00:00,-0.00044894125,-5.327314738678979e-06,-0.007277434508920506,0.0010146319400519133,-0.5936714213290393
2025-03-21 10:00:00+00:00,0.0020601435,-6.088101144996472e-05,-0.0039013265323749424,0.0009847133187577128,-0.6631660849838749
2025-03-21 11:00:00+00:00,0.0016168957,-0.00012059017171850428,0.00143164475942115,0.0009467506315559149,-0.7453749883050332
2025-03-21 12:00:00+00:00,0.00070398336,-0.00017614946409594268,0.002020226117931719,0.0009224601672030985,-0.83733821383335
2025-03-21 13:00:00+00:00,-0.0054959334,-0.00023620910360477865,-0.0070579774534907875,0.0008715919102542102,-0.9476351910664756
2025-03-21 14:00:00+00:00,-0.0006995337,-0.00029504994745366275,-0.0066805772762404715,0.0008353798184543848,-1.0568938360308764
2025-03-21 15:00:00+00:00,-0.0025440955,-0.00035439091152511537,-0.00469907638385403,0.0008110283524729311,-1.1880667131123046
2025-03-21 16:00:00+00:00,-0.0028353154,-0.0004149710584897548,-0.00687772895491903,0.0007921461947262287,-1.3329036726289212
2025-03-21 17:00:00+00:00,-0.004019996,-0.0004756817943416536,-0.011102740401185737,0.0007642801501788199,-1.4968501206085756
2025-03-21 18:00:00+00:00,-0.0010601422,-0.0005275022704154253,-0.006800108103866173,0.0007414032006636262,-1.6761917564365414
2025-03-24 09:00:00+00:00,0.0024551237,-0.0005828029243275523,-0.005579868707171507,0.0007168851443566382,-1.875973276687743
2025-03-24 10:00:00+00:00,-0.003870397,-0.0006487788632512093,-0.005842219730030245,0.0006615527090616524,-2.113129519106592
2025-03-24 11:00:00+00:00,-0.00087712647,-0.0007148546283133328,-0.004463228027620717,0.0006074086995795369,-2.3669143263448005
2025-03-24 12:00:00+00:00,0.0006916446,-0.0007814054260961711,-0.003413052086236695,0.0005629077786579728,-2.653866631842259
2025-03-24 13:00:00+00:00,-0.0025834572,-0.0008459573145955801,-0.004833567627556351,0.0005022300756536424,-2.9825477284219133
2025-03-24 14:00:00+00:00,-0.00022827287,-0.0009101447649300098,-0.005786698139206418,0.0004368622612673789,-3.343344251085866
2025-03-24 15:00:00+00:00,0.000777605,-0.0009751517791301012,-0.004795169638570767,0.0003708719741553068,-3.750667404833705
2025-03-24 16:00:00+00:00,-0.002097536,-0.0010381067404523492,-0.006441042456244059,0.0003034739929717034,-4.212460417471548
2025-03-24 17:00:00+00:00,0.010645028,-0.0011020200327038765,0.0092012502284351,0.00022979358618613333,-4.711377488727153
2025-03-24 18:00:00+00:00,0.00011727159,-0.0011496416991576552,0.0034942100183848884,0.0001498045603511855,-5.3009971607166735
2025-03-25 09:00:00+00:00,0.0032947306,-0.0011852082097902894,0.00284612980380523,6.520890019601211e-05,-5.944298839727384
2025-03-25 10:00:00+00:00,-0.0023570526,-0.0012071464443579316,-9.34234646983569e-05,-2.6311898182029836e-05,-6.677570667618109
2025-03-25 11:00:00+00:00,0.00080302474,-0.0012301324168220162,-0.001432594334491058,-0.00011547237954800949,-7.489097499666525
2025-03-25 12:00:00+00:00,-0.010540659,-0.001251894747838378,-0.008560945336131309,-0.00020940903050359339,-8.416897359467056
2025-03-25 13:00:00+00:00,0.0014101695,-0.0012803315185010433,-0.0027636041949625247,-0.0003058322472497821,-9.429289778213663
2025-03-25 14:00:00+00:00,0.00046399212,-0.0013047178508713841,-0.000535054501117335,-0.0004038075276184827,-10.582258017618933
2025-03-25 15:00:00+00:00,-0.0007762534,-0.0013276147656142712,-0.0002241656511279591,-0.0004888102412223816,-11.875471702823464
2025-03-25 16:00:00+00:00,-0.0026370075,-0.001354305655695498,-0.00265969585912673,-0.0005801498191431165,-13.328143313124418
2025-03-25 17:00:00+00:00,-0.00093137467,-0.0013785011833533645,0.00209067669953591,-0.0006729571614414454,-14.952857624271005
2025-03-25 18:00:00+00:00,0.003044915,-0.0013966818805783987,0.0024178431418434942,-0.0007556082564406097,-16.773950938306346
2025-03-26 09:00:00+00:00,0.010852142,-0.0014114802470430732,0.003909367829988939,-0.0008562940638512373,-18.813726960907477
2025-03-26 10:00:00+00:00,-0.0054281494,-0.001412922632880509,-0.0003063663122224577,-0.0009585300576873124,-21.1317975344385
2025-03-26 11:00:00+00:00,-0.00096641504,-0.0014204067410901189,-0.0015849274819729692,-0.0010473059955984354,-23.706462096983866
2025-03-26 12:00:00+00:00,0.0027539206,-0.0014283208874985576,-5.7898139981186656e-05,-0.0011241011088714004,-26.59683161743787
2025-03-26 13:00:00+00:00,-0.0035529686,-0.001434751320630312,-0.0014628158266002057,-0.0012048141798004508,-29.851669242638476
2025-03-26 14:00:00+00:00,-0.0025949967,-0.0014470127644017339,-0.0018179329990493233,-0.001281387871131301,-33.49576356656627
2025-03-26 15:00:00+00:00,-0.00084398163,-0.0014621592126786709,-0.001154671312064507,-0.0013613095507025719,-37.58313694927134
2025-03-26 16:00:00+00:00,-0.0019946254,-0.0014773675939068198,-0.0015280377636068187,-0.001432240242138505,-42.17357095477045
2025-03-26 17:00:00+00:00,-0.003016389,-0.0014911240432411432,-0.0030140137585479006,-0.0015075030969455838,-47.324022095120135
2025-03-26 18:00:00+00:00,-0.0011802217,-0.0015001745196059346,-0.0035172334286653587,-0.001584004843607545,-53.100335393482794
2025-03-27 09:00:00+00:00,-0.008694928,-0.0015026209875941277,-0.007982061084311242,-0.0016686134040355682,-59.592400660854416
2025-03-27 10:00:00+00:00,-0.00077159837,-0.0015083414036780596,-0.002942337836015916,-0.0017595922108739614,-66.85861224529438
2025-03-27 11:00:00+00:00,-0.004090829,-0.00151290453504771,-0.00640455499782694,-0.0018422756111249328,-75.02604378126799
2025-03-27 12:00:00+00:00,0.0017982444,-0.0015153273707255721,-0.001942785042248235,-0.001936472486704588,-84.18015672109749
2025-03-27 13:00:00+00:00,0.0012972009,-0.0015153780113905668,-0.0009348897352439217,-0.0020201802253723145,-94.45995294946971
2025-03-27 14:00:00+00:00,-0.00010302728,-0.001506498083472252,-0.000450182080673055,-0.002078804187476635,-105.99597815743388
2025-03-27 15:00:00+00:00,-0.009394195,-0.001493789372034371,-0.006630220167555344,-0.002113933674991131,-118.94901684662739
2025-03-27 16:00:00+00:00,0.0010135355,-0.0014804432867094874,-0.0027852790918811,-0.0021341037936508656,-133.46036974010568
2025-03-27 17:00:00+00:00,0.0030689854,-0.0014638331485912204,0.0014327036235456776,-0.0021581256296485662,-149.75501982863008
2025-03-27 18:00:00+00:00,0.00030206656,-0.00144169048871845,7.600335782590684e-05,-0.002149397972971201,-168.04459871757933
2025-03-28 09:00:00+00:00,-0.00986853,-0.0014169730711728334,-0.005379275598400284,-0.002148332539945841,-188.57566127444778
2025-03-28 10:00:00+00:00,0.0075013377,-0.001393581391312182,0.002146938510577847,-0.0021435373928397894,-211.58086011832145
2025-03-28 11:00:00+00:00,-0.006073139,-0.0013612182810902596,-0.004768645086154601,-0.002139352262020111,-237.43245251348606
2025-03-28 12:00:00+00:00,-0.005628803,-0.0013291521463543177,-0.004292618985760126,-0.0021406966261565685,-266.42306551828005
2025-03-28 13:00:00+00:00,-0.0012697636,-0.001294959569349885,-0.004352010178036127,-0.002131872111931443,-298.94914106962017
2025-03-28 14:00:00+00:00,-0.009623629,-0.0012585356598719954,-0.006696026671825358,-0.0020980273839086294,-335.46188697729724
2025-03-28 15:00:00+00:00,0.0021034405,-0.0012335595674812794,-0.001217007611150585,-0.0020591828506439924,-376.40948579201813
2025-03-28 16:00:00+00:00,0.00017655834,-0.00121984351426363,-0.00042294459710049873,-0.0019963434897363186,-422.3738868136339
2025-03-28 17:00:00+00:00,0.0031023354,-0.0012048425851389766,0.001606869477915382,-0.0019804013427346945,-473.94489548643725
2025-03-28 18:00:00+00:00,0.0023116723,-0.0012053335085511208,0.0011063324973388411,-0.0019466752419248223,-531.8179417433794
2025-03-31 09:00:00+00:00,-0.005078633,-0.0011969731422141194,-0.0020154788742329337,-0.0019634224008768797,-596.76491651172
2025-03-31 10:00:00+00:00,-0.008863342,-0.001187618006952107,-0.008005189650140914,-0.0019987502600997686,-669.6365842848563
2025-03-31 11:00:00+00:00,-0.0017821345,-0.0011856701457872987,-0.0030740266628548492,-0.0020546824671328068,-751.3940127013115
2025-03-31 12:00:00+00:00,0.0070741386,-0.0011819512583315372,0.005044382853893376,-0.0021093557588756084,-843.1339390219721
2025-03-31 13:00:00+00:00,0.0030417468,-0.0011719008907675743,0.0034832692112256557,-0.0021605798974633217,-946.0912756412392
2025-03-31 14:00:00+00:00,0.0009266001,-0.0011561032151803374,0.0004237746626580381,-0.0021972593385726213,-1061.6173230863983
2025-03-31 15:00:00+00:00,-0.003171647,-0.001136129372753203,0.0005332504996936377,-0.002231782767921686,-1191.2517443592553
2025-03-31 16:00:00+00:00,0.0018653341,-0.001120140659622848,0.0023754612247025055,-0.0022622044198215008,-1336.7045809648669
2025-03-31 17:00:00+00:00,-0.019207867,-0.00109859521035105,-0.011965050234082676,-0.0022855279967188835,-1499.9477283607298
2025-03-31 18:00:00+00:00,-0.00033318475,-0.0010906768729910254,-0.0023941786401746696,-0.002303576795384288,-1683.0768679109044
2025-04-01 09:00:00+00:00,0.0068037244,-0.0010814893757924438,0.004177261283265572,-0.0023189238272607327,-1888.5826039651631
2025-04-01 10:00:00+00:00,-0.0011994058,-0.0010666338494047523,0.0015969525382804103,-0.00233124615624547,-2119.1990882814307
2025-04-01 11:00:00+00:00,-0.00038518905,-0.0010503977537155151,-7.534832059276697e-05,-0.0023414480965584517,-2377.964822971615
2025-04-01 12:00:00+00:00,0.0025323606,-0.0010327695636078715,0.002363181912283711,-0.0023500933311879635,-2668.325105259677
2025-04-01 13:00:00+00:00,-0.0062575284,-0.0010139785008504987,-0.0025052871507680345,-0.0023574470542371273,-2994.153139294457
2025-04-01 14:00:00+00:00,-0.010386769,-0.001000488642603159,-0.007479239599219799,-0.0023641069419682026,-3359.7601962260637
2025-04-01 15:00:00+00:00,-0.0025384766,-0.0009893531678244472,-0.001466975829553067,-0.0023698506411165,-3769.996891960017
2025-04-01 16:00:00+00:00,-0.0038975729,-0.0009730292949825525,-0.000422740664903306,-0.002374934032559395,-4230.3366157088985
2025-04-01 17:00:00+00:00,0.0069084587,-0.0009597403113730252,0.0031610214530214,-0.0023794276639819145,-4746.873992112919
2025-04-01 18:00:00+00:00,-0.0006087229,-0.0009503985056653619,0.0023040458527754963,-0.0023836286272853613,-5326.504326878042
