Datetime,y_true,LSTM_att,CatBoost,Hybrid,SARIMAX
2023-11-10 13:00:00+00:00,-0.0009660746,,-0.0008882858750351743,,-0.0010411629348416214
2023-11-10 14:00:00+00:00,-0.00019874789,,-0.0001999998458311204,,-0.00026029766827227925
2023-11-10 15:00:00+00:00,0.0006954449,,0.0006922687431874271,,0.000660559216642815
2023-11-10 16:00:00+00:00,-0.0013823325,,-0.0004900164329907755,,-0.0012959866123350705
2023-11-10 17:00:00+00:00,0.00025311878,,0.00021062766081047038,,0.00022778665490708218
2023-11-10 18:00:00+00:00,0.0009937754,,0.0006550357691297031,,0.0009499198982108426
2023-11-13 10:00:00+00:00,0.0007311492,,0.00038087228511509173,,0.0006557712337549321
2023-11-13 11:00:00+00:00,0.0018660674,,0.0018679553504134915,,0.0018548195596159423
2023-11-13 12:00:00+00:00,0.00062124943,,0.0005974423362277488,,0.0006212324013233077
2023-11-13 13:00:00+00:00,-0.0003600976,,-0.00034498623037825557,,-0.00037475482359451077
2023-11-13 14:00:00+00:00,0.0029579569,,0.0027576971987812063,,0.0029546214357323267
2023-11-13 15:00:00+00:00,-0.0016532197,,-0.0007407244510668774,,-0.001693039566555882
2023-11-13 16:00:00+00:00,0.0013748795,,0.0012126727321605155,,0.00138077171419778
2023-11-13 17:00:00+00:00,0.0009962798,,0.0010496215063747715,,0.0009442786157212578
2023-11-13 18:00:00+00:00,0.0024460952,,0.002455213044216437,,0.002443604456507088
2023-11-14 10:00:00+00:00,-0.0074284337,,-0.005381382756015346,,-0.007476513716783186
2023-11-14 11:00:00+00:00,0.00104529,,0.00020909306873736892,,0.0011262433465114086
2023-11-14 12:00:00+00:00,-0.0011354524,,-0.0008837530496440076,,-0.0011841266936191736
2023-11-14 13:00:00+00:00,0.001495644,,0.0007874092587982574,,0.0014847762567500166
2023-11-14 14:00:00+00:00,-0.00066645653,,-0.0005023653804402615,,-0.0006580958101293771
2023-11-14 15:00:00+00:00,0.002078956,,0.0011513522523860756,,0.0019979394732899864
2023-11-14 16:00:00+00:00,0.0042613763,,0.0027528508983042767,,0.004285619896921344
2023-11-14 17:00:00+00:00,-0.0006178948,,-2.2871603376443364e-05,,-0.0006850390926416203
2023-11-14 18:00:00+00:00,0.0005552272,,0.0005410466897299842,,0.0005621906544541929
2023-11-15 10:00:00+00:00,0.0002327455,,0.0004924302723055007,,0.0002200361800706126
2023-11-15 11:00:00+00:00,0.004269312,,0.004190869999909776,,0.004277745542022701
2023-11-15 12:00:00+00:00,0.0028835135,,0.0026713736982996923,,0.0028873140907544562
2023-11-15 13:00:00+00:00,0.003008135,,0.0030126167607905136,,0.0030197517847504207
2023-11-15 14:00:00+00:00,0.0010007041,,0.0009982666722977893,,0.0009334183574303105
2023-11-15 15:00:00+00:00,-0.0018073095,,-0.001527493940213856,,-0.0019676539923827105
2023-11-15 16:00:00+00:00,0.0034788186,,0.0033845420051222,,0.0036136999852897657
2023-11-15 17:00:00+00:00,0.0013775566,,0.001377490797290995,,0.0014370016968652858
2023-11-15 18:00:00+00:00,0.0008996852,,0.0007744034364644891,,0.000840295472290288
2023-11-16 10:00:00+00:00,-0.00022925466,,-6.133942660350119e-05,,-0.00029585133620151896
2023-11-16 11:00:00+00:00,0.0035124049,,0.002523519506328207,,0.003590070414701708
2023-11-16 12:00:00+00:00,-0.0029481803,,-0.002404038496819742,,-0.0031149423573086058
2023-11-16 13:00:00+00:00,-0.0011375913,,-0.0011415143789168432,,-0.0010908614150918758
2023-11-16 14:00:00+00:00,0.0005380921,,0.00022584183516677537,,0.000565807621921116
2023-11-16 15:00:00+00:00,-0.0013590195,,-0.0013543359225292873,,-0.0014053149251614843
2023-11-16 16:00:00+00:00,0.002839483,,0.0008898897787184581,,0.0028964280151352138
2023-11-16 17:00:00+00:00,-0.003802504,,-0.002912855272215571,,-0.0039049492322068865
2023-11-16 18:00:00+00:00,-0.0018491244,,-0.002091338586650333,,-0.0017860902703983523
2023-11-17 10:00:00+00:00,-0.005096118,,-0.004618048075626603,,-0.005290160718773599
2023-11-17 11:00:00+00:00,-0.0054712007,,-0.005464968348053132,,-0.0054185813720229745
2023-11-17 12:00:00+00:00,0.0029401404,,0.0012963107394218258,,0.0031376858831432663
2023-11-17 13:00:00+00:00,3.569325e-05,,0.00022088906235171116,,6.129959201278134e-05
2023-11-17 14:00:00+00:00,0.0026466711,,0.001824463237621514,,0.0026675062876527532
2023-11-17 15:00:00+00:00,0.0012096094,,0.0012028700020032543,,0.0011533391786980383
2023-11-17 16:00:00+00:00,-0.0013431119,,-0.0011868770575216296,,-0.0013577516994705994
2023-11-17 17:00:00+00:00,-0.0019065783,,-0.0016525472858655906,,-0.0018870880777652
2023-11-17 18:00:00+00:00,0.0006596953,,0.0005936023679011251,,0.0006305076540461669
2023-11-20 10:00:00+00:00,0.014746803,,0.013671796843294129,,0.015015131347255777
2023-11-20 11:00:00+00:00,0.004905535,,0.004899227803199612,,0.004794337881794398
2023-11-20 12:00:00+00:00,-0.0019330607,,-0.0015623814933863832,,-0.0022351028746739232
2023-11-20 13:00:00+00:00,-0.0004203447,,-0.000532437967013508,,-0.0003972913133077116
2023-11-20 14:00:00+00:00,-0.000814921,,-0.0007969387917769776,,-0.0008200474128302771
2023-11-20 15:00:00+00:00,0.00021913006,,0.00021995354219499544,,0.0002164891107310935
2023-11-20 16:00:00+00:00,0.00084101345,,0.0005502672175998265,,0.0009250139610088817
2023-11-20 17:00:00+00:00,0.000551531,,0.0005347073671362278,,0.0004902730379137299
2023-11-20 18:00:00+00:00,-7.001882e-05,,-7.311815940383012e-05,,-6.545192030802733e-05
2023-11-21 10:00:00+00:00,0.006838647,0.00020463891269173473,0.005929928561312475,-0.00019090618297923356,0.006979144481055485
2023-11-21 11:00:00+00:00,-0.004041712,0.0002531282661948353,-0.002701453263162906,-0.0002621589519549161,-0.004275009627743565
2023-11-21 12:00:00+00:00,-0.0012226969,0.00029210528009571135,-0.0012245402078828371,-0.00032946630381047726,-0.001160661961129864
2023-11-21 13:00:00+00:00,0.0009782771,0.0003133910649921745,0.0007096063121498555,-0.0003967296506743878,0.001021076893510333
2023-11-21 14:00:00+00:00,0.0022673176,0.0003505841887090355,0.002100781306533597,-0.00045599599252454937,0.0023057875334990302
2023-11-21 15:00:00+00:00,-0.00052277104,0.00039325954276137054,-0.000519045982059922,-0.0005035831709392369,-0.0006523668430254319
2023-11-21 16:00:00+00:00,0.003028275,0.0004164057318121195,0.002633772668510853,-0.0005465055583044887,0.003142540718350697
2023-11-21 17:00:00+00:00,0.0016321574,0.0004392788396216929,0.001682020694482548,-0.0005778557970188558,0.0015925210316767773
2023-11-21 18:00:00+00:00,0.0013869748,0.00045509080518968403,0.0013828613345579002,-0.0006058383150957525,0.0013836637190346582
2023-11-22 10:00:00+00:00,0.0036316826,0.00046333667705766857,0.003026554967133075,-0.0006250534788705409,0.0038030739300944686
2023-11-22 11:00:00+00:00,-0.0042035766,0.0004760020528919995,-0.002996992565452983,-0.0006555526051670313,-0.0045359697045771075
2023-11-22 12:00:00+00:00,0.00035530597,0.00048605373012833297,0.00019173383800677126,-0.0006838329718448222,0.0004775107455202198
2023-11-22 13:00:00+00:00,0.00028588632,0.0004926561960019171,0.00023513569592538354,-0.000716491776984185,0.00028993300386623993
2023-11-22 14:00:00+00:00,-0.0011353641,0.0004912566510029137,-0.0008971719841227401,-0.0007430934347212315,-0.0011959538914253437
2023-11-22 15:00:00+00:00,-0.00023416665,0.00048265932127833366,-0.0002560525470163337,-0.0007753828540444374,-0.00026416455980817383
2023-11-22 16:00:00+00:00,-0.0009111697,0.00046021363232284784,-0.0007683747824023682,-0.0008034486672841012,-0.0008388011951636887
2023-11-22 17:00:00+00:00,-0.00059922104,0.00043344221194274724,-0.0005363600732346425,-0.0008375902543775737,-0.0006335122032207276
2023-11-22 18:00:00+00:00,0.00068603485,0.00041017934563569725,0.0004000921164871713,-0.0008695943397469819,0.0007381302337799731
2023-11-23 10:00:00+00:00,0.0034317838,0.00039741204818710685,0.0018135919167509798,-0.0008966896566562355,0.0035097018886714824
2023-11-23 11:00:00+00:00,0.00035463908,0.00037934340070933104,0.0003287774019726014,-0.0009149214602075517,0.00028746695727356603
2023-11-23 12:00:00+00:00,-0.0018177731,0.0003699624794535339,-0.0012141168183098807,-0.0009343599667772651,-0.0018650707057117286
2023-11-23 13:00:00+00:00,-0.0021162378,0.00036092192749492824,-0.0019461342680104224,-0.0009458027780056,-0.002094466739943702
2023-11-23 14:00:00+00:00,-0.00012155943,0.00034707612940110266,-0.0005349344864222953,-0.000952016853261739,-6.48178577770411e-05
2023-11-23 15:00:00+00:00,-0.0016511979,0.000329761765897274,-0.001008479818946865,-0.000958975579123944,-0.0017448411433912485
2023-11-23 16:00:00+00:00,-0.00061772706,0.0003056354180444032,-0.0006339504733646366,-0.0009692056919448078,-0.0005506640857199222
2023-11-23 17:00:00+00:00,-0.0013498863,0.00028954606386832893,-0.001353928549662793,-0.0009787316666916013,-0.0014036755641335344
2023-11-23 18:00:00+00:00,0.00130637,0.00028216035570949316,0.0006209537502109776,-0.0009881834266707301,0.0013401324466703896
2023-11-24 10:00:00+00:00,-0.0047371746,0.0002646752691362053,-0.003603768294436586,-0.0009887011256068945,-0.004852403703815882
2023-11-24 11:00:00+00:00,0.005998379,0.0002460168907418847,0.0033703098263723956,-0.0009969486854970455,0.006292719057918377
2023-11-24 12:00:00+00:00,-0.0078101875,0.00023969476751517504,-0.0037118746964032207,-0.0010027795797213912,-0.008201840017654513
2023-11-24 13:00:00+00:00,0.00014891967,0.00022729519696440548,-0.00042658272519509387,-0.0009999593021348119,0.00034366115039653376
2023-11-24 14:00:00+00:00,-0.002288802,0.00021489019854925573,-0.0022866557515313275,-0.001007230021059513,-0.002369281779372092
2023-11-24 15:00:00+00:00,-0.0024084535,0.00019594290642999113,-0.0023034584993966824,-0.0010119976941496134,-0.0024209364086218836
2023-11-24 16:00:00+00:00,0.0021011273,0.00018988731608260423,0.0008726739987722726,-0.0010164374252781272,0.002231581965186437
2023-11-24 17:00:00+00:00,0.003585443,0.0001947403943631798,0.0022205116053644,-0.0010117217898368835,0.0035353971550788838
2023-11-24 18:00:00+00:00,0.00033247008,0.00020319373288657516,0.0005451347979979694,-0.001004943624138832,0.0003064698254538529
2023-11-27 10:00:00+00:00,-0.00058627164,0.00020855586626566947,-0.000580335990978913,-0.0009967128280550241,-0.0005611729637239
2023-11-27 11:00:00+00:00,0.00097109895,0.0002103192382492125,0.0004738280161502195,-0.000989618361927569,0.0008744101302237675
2023-11-27 12:00:00+00:00,-0.0026267648,0.00021517486311495304,-0.0016710655031828426,-0.0009735009516589344,-0.0026895382078110735
2023-11-27 13:00:00+00:00,-0.00071041106,0.0002121603611158207,-0.0007259912149438724,-0.0009534185519441962,-0.0007416104969983139
2023-11-27 14:00:00+00:00,0.0012363163,0.0002134948008460924,0.0004652939740842398,-0.0009452930535189807,0.0013232272705795028
2023-11-27 15:00:00+00:00,-0.0025093015,0.0002107011096086353,-0.0015211919964207112,-0.0009315531351603568,-0.0025887462889128974
2023-11-27 16:00:00+00:00,-0.0026829597,0.00021552540420088917,-0.0028262200300626207,-0.0009153559803962708,-0.002692960817994487
2023-11-27 17:00:00+00:00,-0.0023722711,0.00020255852723494172,-0.002505551066142011,-0.0008940580300986767,-0.0023973301699095396
2023-11-27 18:00:00+00:00,-0.000476897,0.00017984924488700926,-0.0005288201239163181,-0.0008842087700031698,-0.00041970799574555005
2023-11-28 10:00:00+00:00,-0.0060160286,0.00014221003220882267,-0.004322377095299153,-0.0008856200729496777,-0.006092824115707357
2023-11-28 11:00:00+00:00,0.0018733663,0.00010963812383124605,0.0008839672098524,-0.0008849045843817294,0.001972515722540588
2023-11-28 12:00:00+00:00,0.0011170214,8.457123476546258e-05,0.0010897277519135962,-0.0008866161806508899,0.0011981618951929774
2023-11-28 13:00:00+00:00,-0.0011436323,7.113780884537846e-05,-0.000890452896468633,-0.0008984721498563886,-0.0012377757185627729
2023-11-28 14:00:00+00:00,0.0009221003,7.40010873414576e-05,0.000856572630778315,-0.0009112334810197353,0.000928231116976744
2023-11-28 15:00:00+00:00,0.0015850881,6.853769446024671e-05,0.0009420918434855889,-0.0009207809343934059,0.0016419450634835282
2023-11-28 16:00:00+00:00,-0.0041584526,6.280114757828414e-05,-0.0026979791256677246,-0.0009223681990988553,-0.004275258738880908
2023-11-28 17:00:00+00:00,0.0032820944,6.612706783926114e-05,0.0016089978946837807,-0.0009195953607559204,0.0033828771303194127
2023-11-28 18:00:00+00:00,-0.0005049185,7.086397818056867e-05,-0.00045190236231189155,-0.0009329454624094069,-0.0005766596605056878
2023-11-29 10:00:00+00:00,-0.0005760956,6.680005026282743e-05,-0.0007071638592559965,-0.0009553470299579203,-0.000613405048149136
2023-11-29 11:00:00+00:00,-0.001206444,6.29696442047134e-05,-0.0011733071511807437,-0.0009638151386752725,-0.0012225836879599336
2023-11-29 12:00:00+00:00,-0.0011190353,4.977160278940573e-05,-0.001031899323024059,-0.0009616749593988061,-0.0011542425829706624
2023-11-29 13:00:00+00:00,0.0007106437,3.654426836874336e-05,0.0007162196446310118,-0.0009634012239985168,0.0008571723183471566
2023-11-29 14:00:00+00:00,0.0039526094,1.7294874851359054e-05,0.003192330237983007,-0.0009646052494645119,0.0039289154909237355
2023-11-29 15:00:00+00:00,0.0037520183,2.987967945955461e-06,0.0037514299749133746,-0.0009713395847938955,0.003757030784655007
2023-11-29 16:00:00+00:00,-0.001066789,-6.903956091264263e-06,-0.0010520202893997508,-0.0009824763983488083,-0.0011674369458582262
2023-11-29 17:00:00+00:00,-0.0008383599,-3.141488923574798e-05,-0.0008452545004512543,-0.0009902345482259989,-0.0008445872005618871
2023-11-29 18:00:00+00:00,-0.0041403165,-5.296009112498723e-05,-0.003234034411378819,-0.0009995112195611,-0.004222689403457549
2023-11-30 10:00:00+00:00,-0.0038371056,-7.801953324815258e-05,-0.004089238456174722,-0.0010022330097854137,-0.0037442080423365806
2023-11-30 11:00:00+00:00,-0.0009883051,-0.00010275179374730214,-0.0010172715274570452,-0.0009956174762919545,-0.000951184924234995
2023-11-30 12:00:00+00:00,0.0005610498,-0.00013159963418729603,0.0005983295842276943,-0.0009979374008253217,0.000481863797119836
2023-11-30 13:00:00+00:00,0.002844927,-0.0001588461600476876,0.00240374878168788,-0.001010678126476705,0.002968704166595708
2023-11-30 14:00:00+00:00,-0.0013681108,-0.0001886142126750201,-0.0010783414392802062,-0.0010150473099201918,-0.001428950800066467
2023-11-30 15:00:00+00:00,-0.0011029576,-0.00020883277466055006,-0.0011243204860064584,-0.0010281932773068547,-0.0010586051164056139
2023-11-30 16:00:00+00:00,-0.0065090386,-0.00022590355365537107,-0.006432621757108629,-0.0010340233566239476,-0.006513252572122957
2023-11-30 17:00:00+00:00,-0.0021881063,-0.00024103347095660865,-0.002186689383328682,-0.0010354935657233,-0.0021591329567418813
2023-11-30 18:00:00+00:00,0.0009960026,-0.00026031810557469726,-0.00045042166403062346,-0.0010366456117480993,0.0010267743789928523
2023-12-01 10:00:00+00:00,-0.0053505637,-0.0002791903680190444,-0.004494311425659516,-0.0010455005103722215,-0.005423031245291484
2023-12-01 11:00:00+00:00,-0.0018049569,-0.00028443767223507166,-0.0018762904838863018,-0.0010459537152200937,-0.001810038139855533
2023-12-01 12:00:00+00:00,-0.0022970014,-0.0002857650106307119,-0.0022063855968116677,-0.0010406594956293702,-0.0022592577224628905
2023-12-01 13:00:00+00:00,9.958581e-05,-0.00028594688046723604,-0.0010795353044176492,-0.0010402296902611852,0.00015156169915267072
2023-12-01 14:00:00+00:00,-0.001068802,-0.00028029517852701247,-0.001087926341766671,-0.0010384669294580817,-0.0010148394540701658
2023-12-01 15:00:00+00:00,-0.003677059,-0.00027460401179268956,-0.003001791435809106,-0.0010300127323716879,-0.0036838220006278335
2023-12-01 16:00:00+00:00,-0.0014381813,-0.00027656162274070084,-0.0015064162157209428,-0.0010245476150885224,-0.0013852468282281258
2023-12-01 17:00:00+00:00,-0.0028734473,-0.00027360927197150886,-0.0024138835523116247,-0.0010320045985281467,-0.0029405882252816554
2023-12-01 18:00:00+00:00,0.00055709033,-0.0002716277667786926,-0.0009063508355627217,-0.0010356007842347026,0.000563414788201995
2023-12-04 10:00:00+00:00,-0.011524409,-0.0002640946477185935,-0.007907205789346302,-0.0010447950335219502,-0.011579688527831528
2023-12-04 11:00:00+00:00,-0.00016626026,-0.00025115994503721595,-0.0002754537028207196,-0.0010501258075237274,-0.0001666252595234933
2023-12-04 12:00:00+00:00,0.003724983,-0.00023523697745986283,0.0005835979529734837,-0.0010548792779445648,0.0037228430515822706
2023-12-04 13:00:00+00:00,-0.0037157454,-0.00021779397502541542,-0.002168545487697772,-0.0010617113439366221,-0.003663989477491335
2023-12-04 14:00:00+00:00,0.0015137813,-0.0002084078878397122,0.00043304338332915003,-0.0010691997595131397,0.001505196167426692
2023-12-04 15:00:00+00:00,9.223348e-06,-0.00020058095105923712,1.6296555621989533e-05,-0.001070784986950457,-5.722229988725604e-05
2023-12-04 16:00:00+00:00,-0.003779465,-0.00019805839110631496,-0.002666710223587755,-0.0010707909241318703,-0.0037197405443317407
2023-12-04 17:00:00+00:00,-0.002298681,-0.00020157330436632037,-0.0023033739593701307,-0.0010710423812270164,-0.0023403012834689865
2023-12-04 18:00:00+00:00,-0.00060335186,-0.00020273213158361614,-0.0012634732915841364,-0.0010678705293685198,-0.0006408218638904705
2023-12-05 10:00:00+00:00,-0.004588082,-0.00020614679669961333,-0.004173893433306712,-0.0010612071491777897,-0.004467620596902069
2023-12-05 11:00:00+00:00,-0.003944115,-0.00021149401436559856,-0.003936478026125817,-0.0010556307388469577,-0.00405039399701133
2023-12-05 12:00:00+00:00,-0.0010775207,-0.00022643884585704654,-0.0010796473292378958,-0.0010516379261389375,-0.0011481234427277872
2023-12-05 13:00:00+00:00,0.004583131,-0.00024249355192296207,0.002093504588965105,-0.0010446051601320505,0.004519021740954143
2023-12-05 14:00:00+00:00,0.00081154826,-0.00025992453447543085,0.0007786886791189836,-0.001032914500683546,0.0008799084845090076
2023-12-05 15:00:00+00:00,-0.0053853043,-0.0002738090988714248,-0.0033905936711539977,-0.0010213343193754554,-0.005261726287487553
2023-12-05 16:00:00+00:00,-0.00025314913,-0.0002833007019944489,-0.0002934464315879486,-0.0010097825434058905,-0.0003931979221228817
2023-12-05 17:00:00+00:00,0.0005156065,-0.00028395894332788885,0.0005339062816758252,-0.0010013994760811329,0.0004813470564439656
2023-12-05 18:00:00+00:00,-0.00079695845,-0.00027714367024600506,-0.0010378528806429452,-0.0009906458435580134,-0.0007917308948559437
2023-12-06 10:00:00+00:00,-0.006738532,-0.0002695495786610991,-0.006447735148527839,-0.0009796106023713946,-0.006687892216609614
2023-12-06 11:00:00+00:00,-0.0027517357,-0.00026006781263276935,-0.0034809437406207347,-0.0009705644915811718,-0.0027339790257168025
2023-12-06 12:00:00+00:00,-0.007527837,-0.00024748637224547565,-0.007398822510074508,-0.0009570370893925428,-0.007425410072724989
2023-12-06 13:00:00+00:00,0.0043696254,-0.00025147662381641567,0.004076229605605722,-0.0009424490854144096,0.004015235955877076
2023-12-06 14:00:00+00:00,0.002817264,-0.0002484771830495447,0.002780281563127422,-0.0009331246255896986,0.0028105025117495627
2023-12-06 15:00:00+00:00,0.0013725539,-0.00024707248667255044,0.0013451755790350548,-0.0009227950940839946,0.0014192022910947538
2023-12-06 16:00:00+00:00,-0.004816956,-0.00023187464103102684,-0.004092700570590391,-0.0009092919062823057,-0.004636039361147214
2023-12-06 17:00:00+00:00,-0.0070394613,-0.00020929524907842278,-0.006824268275259889,-0.0008962472784332931,-0.0069533178209663015
2023-12-06 18:00:00+00:00,0.00056460145,-0.0001899689668789506,-0.0003855692383644688,-0.0008834641776047647,0.0003535971655325024
2023-12-07 10:00:00+00:00,-0.0047948845,-0.00016769017383921891,-0.004779457089935188,-0.0008666960056871176,-0.004674928474895977
2023-12-07 11:00:00+00:00,-0.0010290985,-0.00015189168334472924,-0.001030751912096676,-0.0008543063886463642,-0.0011334673446940877
2023-12-07 12:00:00+00:00,0.00071182597,-0.00014349541743285954,0.0007184714607607325,-0.0008419250370934606,0.0006062986231965526
2023-12-07 13:00:00+00:00,0.0013357103,-0.00013807199138682336,0.0013350307475339753,-0.0008304513758048415,0.0013289187929260457
2023-12-07 14:00:00+00:00,-0.002913954,-0.00013740765280090272,-0.002317370564536053,-0.0008236372959800065,-0.0027723527815185865
2023-12-07 15:00:00+00:00,0.0041423845,-0.0001289573556277901,0.0032165574648766095,-0.0008178808493539691,0.003795352275862865
2023-12-07 16:00:00+00:00,0.0022801093,-0.0001319222355959937,0.0022709249695010694,-0.0008027316653169692,0.002313573955634846
2023-12-07 17:00:00+00:00,0.001396154,-0.00012404263543430716,0.0014059725721455396,-0.000798439490608871,0.0014142434882654451
2023-12-07 18:00:00+00:00,0.004528842,-0.00011211282253498212,0.003870561152610006,-0.0007955266046337783,0.004420204262078722
2023-12-08 10:00:00+00:00,0.0070053986,-0.00010253673099214211,0.006783566169163708,-0.0007801552419550717,0.006873028789176221
2023-12-08 11:00:00+00:00,0.0020006425,-8.192758104996756e-05,0.0020045995405159195,-0.000768088037148118,0.0022019069929496357
2023-12-08 12:00:00+00:00,0.0006879751,-6.969565583858639e-05,0.0006839945167152506,-0.0007429760880768299,0.0007738987813807525
2023-12-08 13:00:00+00:00,0.0016473305,-6.204889359651133e-05,0.0016275649373435732,-0.0007115334738045931,0.0015080237100808416
2023-12-08 14:00:00+00:00,0.002245408,-1.2790966138709337e-05,0.0022258883699443747,-0.0006799005786888301,0.0023718771297165393
2023-12-08 15:00:00+00:00,-0.0073089963,4.5041131670586765e-05,-0.006810584358563425,-0.0006557893939316273,-0.007199570682390704
2023-12-08 16:00:00+00:00,-0.0022240002,9.900921577354893e-05,-0.00224238422745284,-0.0006061193998903036,-0.0023486809504128002
2023-12-08 17:00:00+00:00,0.00035996098,0.00016364194743800908,0.0003576627856272802,-0.0005684791249223053,0.00035454732125709144
2023-12-08 18:00:00+00:00,-0.0014975312,0.00020844629034399986,-0.001369066656322534,-0.0005328835104592144,-0.001477992461589354
2023-12-11 10:00:00+00:00,0.0015070022,0.0002744058147072792,0.0014091925665510715,-0.0004868687829002738,0.001361427989026294
2023-12-11 11:00:00+00:00,0.0018356616,0.0003569687542039901,0.0018328616043298107,-0.0004532949533313513,0.0018192356044057399
2023-12-11 12:00:00+00:00,0.00044421552,0.00044338672887533903,0.00048810246951309016,-0.00041757142753340304,0.0004387859525626477
2023-12-11 13:00:00+00:00,0.0009633639,0.0005428757285699248,0.0009628067896701433,-0.0003695684717968106,0.0009714000078700278
2023-12-11 14:00:00+00:00,0.00069833064,0.0006362292915582657,0.0006123487453427056,-0.00031720870174467564,0.0007368611382211268
2023-12-11 15:00:00+00:00,-0.008402814,0.0007071769796311855,-0.008114645182382228,-0.0002791767183225602,-0.008193938528035427
2023-12-11 16:00:00+00:00,0.0009128513,0.000787562457844615,0.0006001805241478318,-0.00022717936371918768,0.0006333338295263143
2023-12-11 17:00:00+00:00,-0.0010650742,0.0008491575717926025,-0.0010782514670207763,-0.0001878207258414477,-0.0009188229953190804
2023-12-11 18:00:00+00:00,-0.0029157319,0.0009012912050820887,-0.002918558839241966,-0.00014232310059014708,-0.0028405857543052264
2023-12-12 10:00:00+00:00,0.004094854,0.0009394075605086982,0.003376006955483603,-9.892636444419622e-05,0.0038292947360071736
2023-12-12 11:00:00+00:00,-0.004066227,0.0009622705401852727,-0.003706355428010328,-5.2207244152668864e-05,-0.0038223328130709334
2023-12-12 12:00:00+00:00,0.0037810828,0.0009801642736420035,0.0037649861638657596,-1.8998434825334698e-05,0.003517254192776391
2023-12-12 13:00:00+00:00,0.0044011567,0.0010167917935177684,0.004070860358135725,1.6541909644729458e-05,0.004400049607437611
2023-12-12 14:00:00+00:00,0.008932249,0.0010403075721114874,0.008725474628593072,3.9187001675600186e-05,0.008818205702977889
2023-12-12 15:00:00+00:00,-0.0011638276,0.0010685875313356519,-0.0010883478124352338,6.209238199517131e-05,-0.001035324513189934
2023-12-12 16:00:00+00:00,-0.0036975576,0.0010862330673262477,-0.003694110681756733,8.218968287110329e-05,-0.003601874197343054
2023-12-12 17:00:00+00:00,-0.0022270044,0.0010758204152807593,-0.002236970442552794,0.00011193336104042828,-0.0022781832211562127
2023-12-12 18:00:00+00:00,-0.0023834757,0.001063380273990333,-0.002358431583237385,0.00013344266335479915,-0.0023506629165461613
2023-12-13 10:00:00+00:00,0.0011262381,0.0010372012620791793,0.001135648821839002,0.0001482603111071512,0.0010303490741094428
2023-12-13 11:00:00+00:00,0.004190939,0.0010196154471486807,0.002896752616793283,0.00016713698278181255,0.004120047477987513
2023-12-13 12:00:00+00:00,0.0020231018,0.0010246944148093462,0.002032121712117518,0.00017227946955244988,0.002048384602610259
2023-12-13 13:00:00+00:00,-9.400705e-05,0.0010159616358578205,-4.532331367277222e-06,0.0001804652565624565,4.5071522460121786e-05
2023-12-13 14:00:00+00:00,0.002994478,0.0010171703761443496,0.0029142641984786248,0.00018562129116617143,0.0028867748796284677
2023-12-13 15:00:00+00:00,-0.0025057378,0.0010081534273922443,-0.002326748710608692,0.0001947393175214529,-0.0024045924156292924
2023-12-13 16:00:00+00:00,-0.0017022241,0.001016068970784545,-0.0016832016569157515,0.0002022649860009551,-0.0017057139589554992
2023-12-13 17:00:00+00:00,0.0006022226,0.0010181940160691738,0.00025630713753056506,0.00021376382210291922,0.0005075983517919237
2023-12-13 18:00:00+00:00,-0.00035752592,0.0010230292100459337,-0.000375306724801269,0.000225368668907322,-0.0002902690895391679
2023-12-14 10:00:00+00:00,0.007294512,0.0010295762913301587,0.0045302405270425325,0.00023393513401970267,0.007176748770230145
2023-12-14 11:00:00+00:00,0.0014376134,0.001026042504236102,0.0014404617284195888,0.00023283167683985084,0.0015862116481743685
2023-12-14 12:00:00+00:00,-0.004412748,0.001013547764159739,-0.0038223601512157026,0.00022932319552637637,-0.004333056243238263
2023-12-14 13:00:00+00:00,-0.00039360486,0.001010498614050448,-0.00048361382097916804,0.00023096177028492093,-0.000380301068995876
2023-12-14 14:00:00+00:00,-0.0010222216,0.0010117789497599006,-0.0010116780779324758,0.00023015891201794147,-0.0010407233159267734
2023-12-14 15:00:00+00:00,-0.0035719024,0.001009017345495522,-0.0035835544394215778,0.00022722365974914283,-0.003478200532632277
2023-12-14 16:00:00+00:00,-0.0026684408,0.0010084506357088685,-0.002710329954495406,0.0002320474450243637,-0.002686212331799123
2023-12-14 17:00:00+00:00,-0.0038027896,0.0010185451246798038,-0.0038033226890353353,0.0002392396709183231,-0.0037763011677975225
2023-12-14 18:00:00+00:00,0.0003221894,0.0010102125816047192,-0.0005242132618326035,0.00024353917979169637,0.00017927126011104858
2023-12-15 10:00:00+00:00,-0.009691991,0.0010131868766620755,-0.008066423106501724,0.0002521235728636384,-0.009287319943655373
2023-12-15 11:00:00+00:00,-0.0012923671,0.0010051962453871965,-0.0014567276463175374,0.00025134457973763347,-0.001515579755764722
2023-12-15 12:00:00+00:00,0.0011966934,0.00101061153691262,0.0012370239268130062,0.0002515117230359465,0.0011592770877996337
2023-12-15 13:00:00+00:00,0.0059906123,0.0009960440220311284,0.005405624621804577,0.0002484347205609083,0.0057877286598363884
2023-12-15 14:00:00+00:00,0.004460057,0.0009847088949754834,0.004450923499319565,0.0002499478287063539,0.004553619460168063
2023-12-15 15:00:00+00:00,-0.004859585,0.0009793632198125124,-0.003236476331444056,0.0002490640035830438,-0.004599211931207079
2023-12-15 16:00:00+00:00,0.00528557,0.0009733769111335278,0.00430846399685254,0.0002517648972570896,0.004983663653441611
2023-12-15 17:00:00+00:00,0.0009176179,0.0009690267615951598,0.0009721010179044071,0.0002577236155048013,0.0010606929016290425
2023-12-15 18:00:00+00:00,0.0028986759,0.0009620406199246645,0.002947738590480753,0.0002633968251757324,0.0028149307186985206
2023-12-18 10:00:00+00:00,0.0062221168,0.0009591702255420387,0.005128590158707265,0.0002653348201420158,0.006202767743632934
2023-12-18 11:00:00+00:00,0.00400225,0.0009509035153314471,0.003998661651154699,0.0002697528398130089,0.004034594698725348
2023-12-18 12:00:00+00:00,-0.00373993,0.0009417507681064308,-0.0032097291315465134,0.0002779049100354314,-0.0035464483102966085
2023-12-18 13:00:00+00:00,-0.00093717204,0.0009230761206708848,-0.0009373862264605462,0.00028685189317911863,-0.0009658378772873453
2023-12-18 14:00:00+00:00,0.0031267286,0.000913331052288413,0.002642853556990202,0.0002969087800011039,0.003151114463167648
2023-12-18 15:00:00+00:00,-0.00019630296,0.0008984622545540333,0.0001851668697696844,0.00030688283732160926,-0.00016347682301061158
2023-12-18 16:00:00+00:00,0.0034716749,0.0008961721905507147,0.0034772461977979232,0.00031634411425329745,0.003398642388843847
2023-12-18 17:00:00+00:00,0.0047029606,0.000903184583876282,0.004375933204305775,0.0003229033318348229,0.004777346464146017
2023-12-18 18:00:00+00:00,-0.0027391554,0.0009108238737098873,-0.0019587782999037654,0.00032480660593137145,-0.002662225108626347
2023-12-19 10:00:00+00:00,0.0022568656,0.000915747950784862,0.002209494795006083,0.00032766530057415366,0.002269580422676666
2023-12-19 11:00:00+00:00,0.0034636077,0.0008788824779912829,0.003161187604908172,0.0003306196886114776,0.0033692739608068268
2023-12-19 12:00:00+00:00,-0.0029071402,0.0008571470971219242,-0.00228208819796269,0.0003308613377157599,-0.0028337019433037802
2023-12-19 13:00:00+00:00,-0.0018746757,0.000829121214337647,-0.0020274206589910473,0.0003366966266185045,-0.0018917034453988363
2023-12-19 14:00:00+00:00,-0.005103525,0.0007949115824885666,-0.004527878827988337,0.00034316626260988414,-0.00500454885894426
2023-12-19 15:00:00+00:00,-0.0011771302,0.0007568715373054147,-0.001187504173613948,0.0003526932268869132,-0.0013129499744732947
2023-12-19 16:00:00+00:00,0.001914466,0.0007404659409075975,0.0014206574413848819,0.0003608888073358685,0.001947665616789993
2023-12-19 17:00:00+00:00,0.0024507646,0.0007256251410581172,0.002396341364152278,0.00036394939525052905,0.002411627672253158
2023-12-19 18:00:00+00:00,-4.653652e-05,0.0007063115481287241,0.0001481273911020222,0.0003676460182759911,9.164958529748275e-05
2023-12-20 10:00:00+00:00,0.006577354,0.0006845187745057046,0.004365657848077324,0.00037147520924918354,0.00646863613234265
2023-12-20 11:00:00+00:00,0.0013767807,0.0006714556948281825,0.0013837788520111949,0.0003773572389036417,0.0014605640089424788
2023-12-20 12:00:00+00:00,-0.00146925,0.0006631581345573068,-0.0012554079557752197,0.0003843445738311857,-0.0014230335922647255
2023-12-20 13:00:00+00:00,0.0010351681,0.0006522374460473657,0.0007286224575360653,0.00038971329922787845,0.0010199560785389295
2023-12-20 14:00:00+00:00,-0.0016826927,0.0006328696617856622,-0.00152720145517757,0.00039179690065793693,-0.001706482976881692
2023-12-20 15:00:00+00:00,0.00026831107,0.0006083267508074641,-5.585465127250694e-05,0.00039766571717336774,0.0002999289344140977
2023-12-20 16:00:00+00:00,-0.0029368324,0.0006057452410459518,-0.0026436636281836215,0.0004026888054795563,-0.0028609878245617333
2023-12-20 17:00:00+00:00,0.0010015302,0.0005865647690370679,-0.00032116936309785967,0.0004045809037052095,0.000950241142230842
2023-12-20 18:00:00+00:00,-0.003509753,0.0005581184523180127,-0.0032937451842046284,0.00040671718306839466,-0.0033792874499405192
2023-12-21 10:00:00+00:00,-0.008622233,0.000530507299117744,-0.008435592870465676,0.00041105071431957185,-0.008511471035839217
2023-12-21 11:00:00+00:00,-0.0018405489,0.0005177873536013067,-0.003168553688101883,0.0004152843321207911,-0.0018591070067335712
2023-12-21 12:00:00+00:00,-0.007225833,0.0005072288913652301,-0.0064888528837630756,0.0004192971100565046,-0.007206075077981148
2023-12-21 13:00:00+00:00,-0.0042408924,0.0005046294536441565,-0.004377792575059149,0.0004198039532639086,-0.0041755789082231695
2023-12-21 14:00:00+00:00,0.0018997147,0.0005009233136661351,0.0009855305444181903,0.00041857961332425475,0.00170194623132233
2023-12-21 15:00:00+00:00,-0.009055961,0.000503098766785115,-0.008291905840571582,0.00041984173003584146,-0.008674180538534694
2023-12-21 16:00:00+00:00,0.0048527555,0.000508153869304806,0.0032541047858502766,0.0004195758665446192,0.004393865533327663
2023-12-21 17:00:00+00:00,0.0011238524,0.0005016135983169079,0.001117390312468772,0.00041962918476201594,0.0012663760176842343
2023-12-21 18:00:00+00:00,0.0012556959,0.0004935385659337044,0.0012968406438983822,0.00042074534576386213,0.0012145585897476666
2023-12-22 10:00:00+00:00,0.0062360414,0.0004975250922143459,0.0049718877539795675,0.00041834337753243744,0.006122636868816191
2023-12-22 11:00:00+00:00,0.0025664992,0.0005011497414670885,0.0025600123503156202,0.00041463656816631556,0.002577362183953147
2023-12-22 12:00:00+00:00,0.0021368635,0.0004894520970992744,0.0021246391333718598,0.00041656321263872087,0.0021378717444784138
2023-12-22 13:00:00+00:00,0.0011089914,0.000491584010887891,0.0010417591665233253,0.0004132059693802148,0.0011123697967090301
2023-12-22 14:00:00+00:00,-0.0035663075,0.00049067463260144,-0.003191794473934609,0.00040898859151639044,-0.0034347839604069764
2023-12-22 15:00:00+00:00,-0.0023594266,0.0004914561286568642,-0.0022130547798966432,0.0004041263891849667,-0.002459517026086309
2023-12-22 16:00:00+00:00,0.00088779756,0.0004941261722706258,0.0008897129420858622,0.00039609384839423,0.000906482767736674
2023-12-22 17:00:00+00:00,0.0011133547,0.0004970106529071927,0.0010642256400327332,0.0003864346072077751,0.00107206239981964
2023-12-22 18:00:00+00:00,-0.0027100672,0.00050037243636325,-0.0024687949468055075,0.00038033854798413813,-0.0025968123544798105
2023-12-25 10:00:00+00:00,0.005403405,0.0005025129648856819,0.004464799345253156,0.00036896823439747095,0.005164288387146104
2023-12-25 11:00:00+00:00,-5.6429162e-05,0.0004990449524484575,-5.34713387513162e-05,0.0003582914068829268,7.012801125597573e-05
2023-12-25 12:00:00+00:00,0.00081791135,0.0004968028515577316,0.0007589515949470435,0.00034838035935536027,0.0007513167978801187
2023-12-25 13:00:00+00:00,-0.002257932,0.0005004330887459219,-0.002182858976360661,0.00033313699532300234,-0.002152558653776515
2023-12-25 14:00:00+00:00,-0.002159207,0.0005026269354857504,-0.0019928949287910556,0.0003263489925302565,-0.0021543217970690413
2023-12-25 15:00:00+00:00,-0.002012539,0.0005112392827868462,-0.0024083293032230724,0.0003303063858766109,-0.0019358780159399696
2023-12-25 16:00:00+00:00,0.0048778974,0.0005226774956099689,0.003263300335115936,0.0003336374065838754,0.004648822725248603
2023-12-25 17:00:00+00:00,0.0011194049,0.0005307472893036902,0.0011439600251203672,0.000332300434820354,0.001117530575958209
2023-12-25 18:00:00+00:00,9.401457e-06,0.0005261821206659079,2.3886280389529325e-05,0.0003297299554105848,1.5391600050695115e-05
2023-12-26 10:00:00+00:00,-0.0035128896,0.0005205828929319978,-0.003329007565398743,0.00032699722214601934,-0.003255992146719769
2023-12-26 11:00:00+00:00,0.0018003671,0.0005216440185904503,0.0010025552958455898,0.0003266599087510258,0.0016093198028125865
2023-12-26 12:00:00+00:00,-0.00038619313,0.0005285927327349782,-0.0002774278174408661,0.0003221565275453031,-0.0003607268459825107
2023-12-26 13:00:00+00:00,-0.0013764368,0.0005307614919729531,-0.0013772300076239244,0.0003181342326570302,-0.0012668028819051655
2023-12-26 14:00:00+00:00,0.0018944666,0.0005332964356057346,0.0016517071235111376,0.00031679810490459204,0.0017305976021228392
2023-12-26 15:00:00+00:00,0.0011575328,0.000537277024704963,0.0011754279775513245,0.00031387354829348624,0.0011801599426573982
2023-12-26 16:00:00+00:00,-0.00049861,0.0005444088019430637,-0.000489202263570307,0.0003129826218355447,-0.0003885184682299689
2023-12-26 17:00:00+00:00,0.00088415673,0.000550402095541358,0.0007284256346430571,0.00031202309764921665,0.0008654087911005458
2023-12-26 18:00:00+00:00,-0.0005454511,0.0005505479057319462,-0.0005401210428588183,0.00030928818159736693,-0.0005862566326045083
2023-12-27 10:00:00+00:00,0.0038868908,0.0005474709323607385,0.00324968811896703,0.00030523238820023835,0.0037637390945004867
2023-12-27 11:00:00+00:00,0.0013390706,0.0005580672877840698,0.0013462744488536955,0.00030427135061472654,0.0014122176527218376
2023-12-27 12:00:00+00:00,-0.0008519284,0.0005585592589341104,-0.0005956453938031715,0.00030006570159457624,-0.0008733650400961556
2023-12-27 13:00:00+00:00,-0.000974522,0.0005557920085266232,-0.0010457891133419995,0.0002961665450129658,-0.0008453215267286193
2023-12-27 14:00:00+00:00,0.0012554576,0.0005379368085414171,0.001256281274898846,0.00029011702281422913,0.0011336583969383312
2023-12-27 15:00:00+00:00,0.00023405282,0.0005167548661120236,0.0002387092340760678,0.0002910189505200833,0.00023710026663293583
2023-12-27 16:00:00+00:00,0.0004960109,0.0005248034722171724,0.0004947066181497583,0.0002913634234573692,0.0005933912457954434
2023-12-27 17:00:00+00:00,-0.000636436,0.0005348655977286398,-0.00046920233312099135,0.0002883866836782545,-0.000634104367085202
2023-12-27 18:00:00+00:00,0.00056158216,0.0005441178800538182,0.0005675499227231653,0.00028589594876393676,0.0004555823972206895
2023-12-28 10:00:00+00:00,0.006268268,0.0005319585907272995,0.003981797924843388,0.0002804000396281481,0.0062614605823362365
2023-12-28 11:00:00+00:00,-0.0023459985,0.0005210450035519898,-0.0018917658083524823,0.00027197785675525665,-0.002232630232256328
2023-12-28 12:00:00+00:00,0.0005124932,0.0005134170642122626,0.0003946810087411298,0.0002649720699992031,0.00047454494995723676
2023-12-28 13:00:00+00:00,0.0044615543,0.0005043430719524622,0.003978328190683833,0.00026128001627512276,0.004322175806207066
2023-12-28 14:00:00+00:00,0.003610413,0.0004840865731239319,0.003630633334399181,0.0002589794748928398,0.0036674294565811967
2023-12-28 15:00:00+00:00,0.0025011203,0.00047106260899454355,0.002730594372981103,0.0002547633193898946,0.0024995155963817564
2023-12-28 16:00:00+00:00,0.004148563,0.0004655072698369622,0.003853354077477531,0.00024317017232533544,0.004173958234320524
2023-12-28 17:00:00+00:00,-0.0026472064,0.00044687071931548417,-0.001747329104349649,0.00023424926621373743,-0.002640922761178639
2023-12-28 18:00:00+00:00,0.004069023,0.0004382585466373712,0.0038921541061748112,0.00022465521760750562,0.003936809690187478
2023-12-29 10:00:00+00:00,-0.0024780203,0.00043097452726215124,-0.0016540637667156787,0.00021906870824750513,-0.002404989599042767
2023-12-29 11:00:00+00:00,0.002817123,0.000428583036409691,0.0018473547641680746,0.000210108351893723,0.0027380049491043564
2023-12-29 12:00:00+00:00,-0.0054947715,0.00043219159124419093,-0.004873453585545152,0.00020263466285541654,-0.005399940387552057
2023-12-29 13:00:00+00:00,0.0009025521,0.0004209212202113122,-8.694477941912938e-05,0.0001953443861566484,0.0008470224656401342
2023-12-29 14:00:00+00:00,-0.0024239977,0.0004039183259010315,-0.002138960688569524,0.00019465971854515374,-0.0023212902182602395
2023-12-29 15:00:00+00:00,-0.0017363521,0.00040962931234389544,-0.0017352484407198558,0.00019291801436338574,-0.001765249131336776
2023-12-29 16:00:00+00:00,0.0007669527,0.0004193226050119847,0.00016557888238901227,0.00019921323109883815,0.0008015040671215099
2023-12-29 17:00:00+00:00,-0.0012015122,0.00041862489888444543,-0.0012599426597789687,0.00021041960280854255,-0.001163826428741113
2023-12-29 18:00:00+00:00,0.001995566,0.00041227141628041863,0.0009257765988051471,0.00021514261607080698,0.0019032982819614627
2024-01-03 10:00:00+00:00,-0.0062679877,0.00039630866376683116,-0.0037643099101490637,0.0002195545530412346,-0.006168349712913169
2024-01-03 11:00:00+00:00,0.00042713614,0.00038491026498377323,-0.0001141767452635504,0.00021897708938922733,0.00039582236568224815
2024-01-03 12:00:00+00:00,-0.0011704165,0.000378745433408767,-0.0011732157623579843,0.00021755138004664332,-0.0011115433609962199
2024-01-03 13:00:00+00:00,-0.001311378,0.0003681761445477605,-0.0013058624391286205,0.00022542980150319636,-0.001254821080146486
2024-01-03 14:00:00+00:00,-0.0010335726,0.0003692677419167012,-0.0010385438088087301,0.00023184134624898434,-0.0010420553263759866
2024-01-03 15:00:00+00:00,-0.0011838678,0.0003705059934873134,-0.0011878895840048088,0.00024714195751585066,-0.0011120732711588015
2024-01-03 16:00:00+00:00,0.0026733626,0.0003611383435782045,0.0010610314670262933,0.000263721973169595,0.0025809490558932192
2024-01-03 17:00:00+00:00,0.00037202728,0.0003789523907471448,0.0003910282590977657,0.0002763203519862145,0.00037037606777472545
2024-01-03 18:00:00+00:00,-0.002094456,0.0004398991586640477,-0.0018903600775435864,0.0002952173526864499,-0.002029749623410434
2024-01-04 10:00:00+00:00,0.009524544,0.00047067581908777356,0.006792942448714096,0.00031284696888178587,0.00933650572033209
2024-01-04 11:00:00+00:00,-0.0004154415,0.0004744002362713218,-0.00023622612725746544,0.0003297209623269737,-0.0002991443063386811
2024-01-04 12:00:00+00:00,0.00096909516,0.0004852243873756379,0.0008892114696471639,0.0003445856855250895,0.0009453560715405304
2024-01-04 13:00:00+00:00,-0.0022349474,0.0005119754350744188,-0.001702795844409738,0.00035648891935124993,-0.0022055037148223256
2024-01-04 14:00:00+00:00,-0.0011748872,0.0005211947136558592,-0.0011804078303142473,0.00036514748353511095,-0.0011680387189763803
2024-01-04 15:00:00+00:00,0.0010269459,0.0005164783215150237,0.0010351762957658108,0.0003748434828594327,0.0010374481078667484
2024-01-04 16:00:00+00:00,0.00045300115,0.0005216587451286614,0.0004178450370601884,0.0003809649497270584,0.0004314077568809264
2024-01-04 17:00:00+00:00,-0.0013040886,0.0005161570734344423,-0.0009165190098173015,0.0003887703933287412,-0.0012375074690140896
2024-01-04 18:00:00+00:00,0.0014796869,0.0005083364085294306,0.0007216789032069618,0.00039738562190905213,0.0014149544893635173
2024-01-05 10:00:00+00:00,0.00059126224,0.0004978878423571587,0.0005731491203682009,0.00040517174056731164,0.0005632299480236204
2024-01-05 11:00:00+00:00,-0.0004434139,0.0004940201761201024,-0.0004355785206951809,0.00040972980787046254,-0.0004953667186324366
2024-01-05 12:00:00+00:00,0.0006004092,0.00048427132423967123,0.0006015749809456809,0.0004164172278251499,0.0006111291913658088
2024-01-05 13:00:00+00:00,0.00073847064,0.0004976744530722499,0.0007010884505147133,0.0004213502397760749,0.000715884180713217
2024-01-05 14:00:00+00:00,-0.00029532282,0.000504598137922585,-0.0002857665807197707,0.0004236997338011861,-0.00029261680517231087
2024-01-05 15:00:00+00:00,4.614994e-05,0.0005356035544537008,4.657452985966302e-05,0.00042618572479113936,5.197721110604134e-05
2024-01-05 16:00:00+00:00,0.0006643231,0.0005488800234161317,0.0006627422674707727,0.0004290947108529508,0.0006312941525616775
2024-01-05 17:00:00+00:00,0.00087586266,0.0005625950871035457,0.0012358036287661506,0.0004330431402195245,0.000788249685923904
2024-01-05 18:00:00+00:00,0.0020529635,0.0005626971833407879,0.0019798269472550934,0.0004358734004199505,0.0021623014184921387
2024-01-08 10:00:00+00:00,0.0024525013,0.000581117463298142,0.0024559639877554324,0.0004435557348188013,0.002439952663056784
2024-01-08 11:00:00+00:00,0.0012469058,0.0006077291327528656,0.0013149312889859455,0.00045130832586437464,0.0012248720675739763
2024-01-08 12:00:00+00:00,0.0018308653,0.000628944777417928,0.0012408856355591948,0.0004596522485371679,0.0017889972159230733
2024-01-08 13:00:00+00:00,0.0012065374,0.0006523421034216881,0.0012095650442427216,0.0004694906820077449,0.0012286602132492966
2024-01-08 14:00:00+00:00,-0.0057256874,0.000667683023493737,-0.002757981891575247,0.00048038241220638156,-0.0057077615371501885
2024-01-08 15:00:00+00:00,-0.00068929075,0.0006701532402075827,-0.0008602947986138328,0.0004907713737338781,-0.0006778561983584482
2024-01-08 16:00:00+00:00,-0.0013615958,0.0006956149009056389,-0.0010486550305094777,0.0005007213912904263,-0.0013595928371686133
2024-01-08 17:00:00+00:00,0.00025774146,0.0007031617569737136,0.00026503540207123313,0.000510465120896697,0.00019746660166696168
2024-01-08 18:00:00+00:00,0.0029592619,0.0007025811937637627,0.0018365131568000405,0.00051989866187796,0.002911587123314745
2024-01-09 10:00:00+00:00,0.003993045,0.0007198249222710729,0.0033167700570507198,0.0005291231791488826,0.003977198967689074
2024-01-09 11:00:00+00:00,0.001433967,0.0007330136140808463,0.0018198047932835408,0.0005359288188628852,0.001465745763737728
2024-01-09 12:00:00+00:00,0.0032985287,0.0007348684594035149,0.0032032076551053988,0.0005406198324635625,0.003306622268993181
2024-01-09 13:00:00+00:00,0.0037953123,0.000732637825421989,0.002339602812527688,0.000547995965462178,0.0038794369654482517
2024-01-09 14:00:00+00:00,0.00087867497,0.0007304530590772629,0.0013628569249776723,0.0005570948706008494,0.0008336923806948339
2024-01-09 15:00:00+00:00,0.0018183057,0.0007259937701746821,0.0020488131537602637,0.0005660494207404554,0.001761934118321224
2024-01-09 16:00:00+00:00,0.0015894378,0.0007275901734828949,0.0015689826363917824,0.000577211263589561,0.001674300944509844
2024-01-09 17:00:00+00:00,0.0029464127,0.0007308726781047881,0.002205870154669401,0.0005834716139361262,0.0028941361712914414
2024-01-09 18:00:00+00:00,-0.00481607,0.0007323351455852389,-0.0028582298282915776,0.0005969133344478905,-0.0048837732017791785
2024-01-10 10:00:00+00:00,0.007628228,0.0007430517580360174,0.005131738893380462,0.0006177516770549119,0.007749857864170272
2024-01-10 11:00:00+00:00,0.003197853,0.0007518709753639996,0.0031875301512145587,0.0006321849068626761,0.0031510965809265633
2024-01-10 12:00:00+00:00,-0.0018440115,0.0007426386582665145,-0.0007651161783773805,0.0006446278421208262,-0.001914794216409493
2024-01-10 13:00:00+00:00,0.0018887268,0.0007376525900326669,0.0018826812421478246,0.000660684600006789,0.0019315100143690814
2024-01-10 14:00:00+00:00,0.00047385952,0.0007252927171066403,0.0009466639517013562,0.0006692775059491396,0.0004173195350826122
2024-01-10 15:00:00+00:00,-7.1511575e-05,0.0007082532392814755,-9.419566128654312e-05,0.0006744841812178493,-6.262710893214486e-05
2024-01-10 16:00:00+00:00,-0.0012701822,0.0007002842030487955,-0.0012937070041160916,0.0006813263753429055,-0.0013230843326587686
2024-01-10 17:00:00+00:00,0.0001521491,0.0006869256612844765,5.697237183984093e-05,0.0006861580768600106,0.00014495798264071535
2024-01-10 18:00:00+00:00,-0.001701808,0.0006540382746607065,-0.0013380816550583694,0.0006864839233458042,-0.0017451137881214847
2024-01-11 10:00:00+00:00,0.0028019622,0.0006292252219282091,0.0022698234012911898,0.0006978171295486391,0.002853798052042117
2024-01-11 11:00:00+00:00,0.001491771,0.0006178340991027653,0.001300391035047873,0.0006919173174537718,0.001512398604549867
2024-01-11 12:00:00+00:00,0.0014004168,0.0005928894388489425,0.0013998543997175267,0.0006912868702784181,0.0013914072499601729
2024-01-11 13:00:00+00:00,0.0027682972,0.000577823375351727,0.002884278229089966,0.0006923918263055384,0.002810805921154983
2024-01-11 14:00:00+00:00,0.00042657947,0.0005774599849246442,0.0006036900027548238,0.0006955035496503115,0.00039968149120758647
2024-01-11 15:00:00+00:00,-0.0011201594,0.0005923377466388047,-0.0011458143638154298,0.0006986865191720426,-0.0010914603086639284
2024-01-11 16:00:00+00:00,-0.0021638572,0.0006116032018326223,-0.0021616668564834545,0.0007044727099128067,-0.0021794694146880607
2024-01-11 17:00:00+00:00,0.0027152037,0.0006369125912897289,0.0026292830123744552,0.0007146886200644076,0.002758123870195579
2024-01-11 18:00:00+00:00,0.0062833927,0.0006572185666300356,0.006069085321333563,0.0007122458191588521,0.006349710956256483
2024-01-12 10:00:00+00:00,0.0036772366,0.0006879065767861903,0.0033129680904572683,0.0007078995695337653,0.0036878184660264876
2024-01-12 11:00:00+00:00,0.003102331,0.0007222437998279929,0.003147949690294884,0.0006971925613470376,0.003024644500548143
2024-01-12 12:00:00+00:00,-0.00021061869,0.0007211436750367284,-3.7900398068143416e-05,0.0006870266515761614,-0.0002756714438840743
2024-01-12 13:00:00+00:00,0.0005878663,0.0007156148203648627,0.00057341660503203,0.0006807426107116044,0.0006179428393365551
2024-01-12 14:00:00+00:00,0.0015863907,0.0007323469035327435,0.0015842446107490252,0.0006807512836530805,0.0015486606107473141
2024-01-12 15:00:00+00:00,-0.0038344313,0.0007220680126920342,-0.002798383316008779,0.0006816980894654989,-0.003998400884882345
2024-01-12 16:00:00+00:00,0.0005185514,0.0007288408232852817,-0.0003189206645538415,0.0006905352929607034,0.0006383405091163726
2024-01-12 17:00:00+00:00,0.00028113578,0.0007350484374910593,0.0003236266930684886,0.0007053703884594142,0.0003071207709415916
2024-01-12 18:00:00+00:00,-0.002057632,0.000751101819332689,-0.0019090613499534947,0.0007205451838672161,-0.0021325819367190306
2024-01-15 10:00:00+00:00,0.0092872325,0.0007620233809575438,0.0061877205806034055,0.0007279901765286922,0.009608723255883172
2024-01-15 11:00:00+00:00,-0.00014826766,0.0007743788883090019,0.00043106294416553093,0.0007475006277672946,-0.00040038678005728436
2024-01-15 12:00:00+00:00,0.002021523,0.0007715094252489507,0.0018533497489021137,0.0007606404251419008,0.0020931620624777213
2024-01-15 13:00:00+00:00,-0.0025711772,0.0007882022764533758,-0.0017722820069667434,0.0007708862540312111,-0.002735869731401625
2024-01-15 14:00:00+00:00,-9.6002375e-05,0.0008382054511457682,-0.0006450862087855462,0.0007788959192112088,-3.733751669772269e-05
2024-01-15 15:00:00+00:00,-0.0035761008,0.0008573175291530788,-0.003079531069299179,0.0007827538647688925,-0.003635764312695036
2024-01-15 16:00:00+00:00,0.0022398385,0.000855961989145726,0.0006109309730824135,0.0007897617761045694,0.0024174644765439777
2024-01-15 17:00:00+00:00,-0.0022135614,0.0008688201778568327,-0.0015988591859364871,0.0008056916412897408,-0.00232636537885196
2024-01-15 18:00:00+00:00,0.0031307964,0.0008596265688538551,0.0015649868654898608,0.0008089619223028421,0.003178210106677639
2024-01-16 10:00:00+00:00,-0.0046560154,0.0008359298226423562,-0.003211179885873795,0.0008286889642477036,-0.004817583613556786
2024-01-16 11:00:00+00:00,-0.00054403144,0.0008215884445235133,-0.0008175034192555854,0.0008432121248915792,-0.00036856160494663526
2024-01-16 12:00:00+00:00,0.0011316038,0.000805333664175123,0.0003825270392491309,0.0008564690360799432,0.0011430841955783967
2024-01-16 13:00:00+00:00,-0.0003682886,0.0008242595358751714,-0.0003675834026237579,0.0008681687759235501,-0.0003903523006447397
2024-01-16 14:00:00+00:00,-0.00092131534,0.0008512802887707949,-0.0006995849334759226,0.0008746316307224333,-0.0009781691889717541
2024-01-16 15:00:00+00:00,-0.00059711456,0.0008642219472676516,-0.000621135265363007,0.0008769963751547039,-0.0005118026373846249
2024-01-16 16:00:00+00:00,-0.0008260106,0.0008804429089650512,-0.0008116166499432481,0.0008644633344374597,-0.0008810147568069381
2024-01-16 17:00:00+00:00,0.0032911943,0.000910148024559021,0.002862437234073464,0.0008496821974404156,0.003242078077336999
2024-01-16 18:00:00+00:00,4.3809498e-05,0.0009263547253794968,0.00019124841813025975,0.0008256786968559027,2.777887477195806e-05
2024-01-17 10:00:00+00:00,-0.007554773,0.000931640388444066,-0.0047816442997751785,0.0007962659583427012,-0.007657752521903436
2024-01-17 11:00:00+00:00,0.0051336125,0.0009551051189191639,0.0017033864172359293,0.0007630955660715699,0.005430750708986879
2024-01-17 12:00:00+00:00,-0.0034312294,0.000991937704384327,-0.001490599118360391,0.0007330636726692319,-0.0036592944156019595
2024-01-17 13:00:00+00:00,-0.0012169528,0.0009905669139698148,-0.0012176726574007505,0.0007031502318568528,-0.0011292163177609982
2024-01-17 14:00:00+00:00,-0.0005119153,0.00098618702031672,-0.0005150789523589588,0.0006804334698244929,-0.0004929673030598253
2024-01-17 15:00:00+00:00,0.0008030605,0.0009904335020110011,0.0004268885038055385,0.0006515569402836263,0.0008154668042072646
2024-01-17 16:00:00+00:00,-0.0018188405,0.0009830660419538617,-0.0010873924883066063,0.0006207692204043269,-0.0018800881690968984
2024-01-17 17:00:00+00:00,-0.0034879947,0.0009652212029322982,-0.0035080212431434746,0.0005835010670125484,-0.0035130121932884714
2024-01-17 18:00:00+00:00,0.0019048552,0.0009597351890988648,1.4050997006246566e-05,0.0005499062826856971,0.0020614056464604213
2024-01-18 10:00:00+00:00,0.002863736,0.0009710682206787169,0.002012711676487146,0.0005115026142448187,0.002883742815502165
2024-01-18 11:00:00+00:00,0.0011290964,0.0009811838390305638,0.0006604845249542048,0.00046540488256141543,0.0010350796543079734
2024-01-18 12:00:00+00:00,-0.00029097323,0.0009815111989155412,-0.00018977310935143992,0.0004201809351798147,-0.0003195892426798326
2024-01-18 13:00:00+00:00,-0.000238132,0.0009984191274270415,-0.00021232497049650608,0.000373047252651304,-0.000235827194059717
2024-01-18 14:00:00+00:00,-0.0013858181,0.0010250257328152657,-0.0013810687680305444,0.00033876363886520267,-0.0014631063872922673
2024-01-18 15:00:00+00:00,-0.0015381218,0.0010626147268339992,-0.0014522781063529256,0.0002980232238769531,-0.0015686670332528798
2024-01-18 16:00:00+00:00,-0.0048330477,0.0010795461712405086,-0.004837996758845505,0.00026386050740256906,-0.004786874217739828
2024-01-18 17:00:00+00:00,0.00035551446,0.0010870709083974361,-0.00021994772674804321,0.00023604549642186612,0.00038190315096973314
2024-01-18 18:00:00+00:00,-0.00031106826,0.0010911572026088834,-0.00023441723065735915,0.00021098639990668744,-0.00029559736225563584
2024-01-19 10:00:00+00:00,-0.0014499653,0.0010872851125895977,-0.0014113557757564445,0.00019149771833326668,-0.001551869645303767
2024-01-19 11:00:00+00:00,0.0002581231,0.0010923485970124602,0.0002629788561903506,0.0001749434304656461,0.00031037748409503264
2024-01-19 12:00:00+00:00,0.004112071,0.0010901674395427108,0.00315945828347402,0.0001648298348300159,0.004183320608540579
2024-01-19 13:00:00+00:00,-0.0014279825,0.0011000875383615494,-0.0010228451634146222,0.0001522951206425205,-0.0015284677258516888
2024-01-19 14:00:00+00:00,0.002340468,0.0011124458396807313,0.0019061426642903974,0.00014122642460279167,0.002372909988094116
2024-01-19 15:00:00+00:00,-0.0022339642,0.0011360755888745189,-0.001754973973734439,0.00013150993618182838,-0.0022490946531900837
2024-01-19 16:00:00+00:00,-0.00017751269,0.0011573269730433822,-0.00028109589526780366,0.00011480747343739495,-0.0002010939820660641
2024-01-19 17:00:00+00:00,0.0036946347,0.0011544522130861878,0.0029429945221410804,9.767454321263358e-05,0.0037872265355818916
2024-01-19 18:00:00+00:00,-0.0006192498,0.0011442903196439147,-0.0001697094572861685,7.962834934005514e-05,-0.0007125392319454378
2024-01-22 10:00:00+00:00,0.0024482196,0.0011292718118056655,0.0024228038180261046,5.803962631034665e-05,0.002463524343622763
2024-01-22 11:00:00+00:00,0.0020194633,0.001107399701140821,0.0014872394041267436,2.9869834179407917e-05,0.002029935802411055
2024-01-22 12:00:00+00:00,0.00036113325,0.0010862876661121845,0.0005343191786000565,5.537052402360132e-06,0.0003184450567467945
2024-01-22 13:00:00+00:00,0.0026209108,0.0010704713640734553,0.0026278174000666818,-2.0439556465134956e-05,0.0025946781760692143
2024-01-22 14:00:00+00:00,-0.00283229,0.0010560224764049053,-0.001647977234776235,-3.809660847764462e-05,-0.002927777667326976
2024-01-22 15:00:00+00:00,0.0024105937,0.001041498500853777,0.001530274928047511,-5.17356202180963e-05,0.0024755907486755284
2024-01-22 16:00:00+00:00,-0.00027244005,0.001025340985506773,-6.140903168081914e-05,-6.753851630492136e-05,-0.0002678506438884354
2024-01-22 17:00:00+00:00,-0.0002549305,0.0010124614927917719,-0.00027175498170062213,-8.248689846368507e-05,-0.00024275356604004254
2024-01-22 18:00:00+00:00,-0.00044848374,0.0009988360106945038,-0.0004474004139648633,-0.0001000425181700848,-0.0005094556698153485
2024-01-23 10:00:00+00:00,0.0013975506,0.000982465106062591,0.001098691379688632,-0.00011014476331183687,0.0014322839940996374
2024-01-23 11:00:00+00:00,0.00079020153,0.0009572151466272771,0.0007933757997331797,-0.0001184336724691093,0.0008538214406157123
2024-01-23 12:00:00+00:00,-0.0018183979,0.0009250341099686921,-0.0016871217842439842,-0.00012422796862665564,-0.0019436493673829684
2024-01-23 13:00:00+00:00,-0.0039291745,0.0009055784321390092,-0.003024824392734606,-0.0001286884944420308,-0.0038851702255188613
2024-01-23 14:00:00+00:00,-0.00036197816,0.000878711580298841,-0.0005160900201204401,-0.0001341131137451157,-0.00029232406613159245
2024-01-23 15:00:00+00:00,-6.181425e-05,0.0008495074580423534,-0.00018870399437121783,-0.00013909996778238565,-4.70902385765487e-05
2024-01-23 16:00:00+00:00,0.001067966,0.0008121715509332716,0.00038929092930942535,-0.00014024440315552056,0.0011054166714756536
2024-01-23 17:00:00+00:00,-0.0020663536,0.0007806984940543771,-0.001608742466345771,-0.00015217895270325243,-0.002182206725431745
2024-01-23 18:00:00+00:00,-0.0010347802,0.0007516540354117751,-0.0010418807024513612,-0.0001588849991094321,-0.000986387316553764
2024-01-24 10:00:00+00:00,0.0026864395,0.0007119769579730928,0.0014355552626958213,-0.0001729148643789813,0.0027713448578652075
2024-01-24 11:00:00+00:00,-0.0018638347,0.0006815355736762285,-0.0009967283431661607,-0.00018365654977969825,-0.0019645935282218982
2024-01-24 12:00:00+00:00,-0.0014510709,0.0006553041166625917,-0.001456871927663626,-0.00020006365957669914,-0.001403736681241339
2024-01-24 13:00:00+00:00,0.000106247346,0.0006287238793447614,-0.0004881119523697014,-0.00021261937217786908,0.0001015135677642922
2024-01-24 14:00:00+00:00,-0.003352226,0.0006083385087549686,-0.0030761792094232726,-0.0002210791571997106,-0.0034351714176123183
2024-01-24 15:00:00+00:00,0.0017839317,0.0005887738661840558,0.0009103788703676804,-0.00022334634559229016,0.0019048895996305615
2024-01-24 16:00:00+00:00,-0.00053218385,0.0005760832573287189,-0.0005300550653283114,-0.0002357569319428876,-0.0005890152053458061
2024-01-24 17:00:00+00:00,-0.0010119302,0.0005690949619747698,-0.000775538608896686,-0.00024463600129820406,-0.0009753959849813083
2024-01-24 18:00:00+00:00,-0.0016888293,0.0005599018768407404,-0.0018553146532239236,-0.0002502098213881254,-0.0017403339493862763
2024-01-25 10:00:00+00:00,-0.0033416087,0.0005520496633835137,-0.003082483103875191,-0.0002562887966632843,-0.003428745889953137
2024-01-25 11:00:00+00:00,-0.00072325626,0.0005498663522303104,-0.0007213839142334171,-0.000263911671936512,-0.0006164340182951596
2024-01-25 12:00:00+00:00,-0.00013399377,0.0005572008667513728,-0.00030302753479950805,-0.0002711247361730784,-0.00014803681023506135
2024-01-25 13:00:00+00:00,0.00010719646,0.0005636544665321708,-4.674509626686346e-05,-0.0002754921151790768,0.0001434769110098831
2024-01-25 14:00:00+00:00,0.000660791,0.0005664238706231117,0.0005607554535067628,-0.00027841501287184656,0.0006983411142997779
2024-01-25 15:00:00+00:00,-0.0019210756,0.0005802981904707849,-0.0017246081990710152,-0.00028594236937351525,-0.0020567177445673743
2024-01-25 16:00:00+00:00,-0.0017814067,0.000590754731092602,-0.0018298876506879027,-0.00029671640368178487,-0.001704278671770511
2024-01-25 17:00:00+00:00,0.0009582362,0.0005905635189265013,0.00048702087711846885,-0.00030958998831920326,0.0009928274685613435
2024-01-25 18:00:00+00:00,0.0019851923,0.0005971608334220946,0.0015243741441036416,-0.00031707840389572084,0.001912550092420667
2024-01-26 10:00:00+00:00,0.00042871307,0.0006088148802518845,0.0006594686793584353,-0.00032817793544381857,0.0004572013309289757
2024-01-26 11:00:00+00:00,-0.0048605707,0.000620154372882098,-0.0036653381616010374,-0.00033910133060999215,-0.0049227133660477524
2024-01-26 12:00:00+00:00,0.001121011,0.0006281683454290032,0.0010634815157202675,-0.00035127162118442357,0.0011631728391379964
2024-01-26 13:00:00+00:00,-0.0037895842,0.0006309630116447806,-0.0019772001918510087,-0.0003606142126955092,-0.0038402075582165593
2024-01-26 14:00:00+00:00,0.000791431,0.000633472518529743,-6.337072435379888e-05,-0.00037385558243840933,0.0008327992183860051
2024-01-26 15:00:00+00:00,-0.0014934507,0.0006255028420127928,-0.0015015658651670574,-0.00038390670670196414,-0.0014450104510836095
2024-01-26 16:00:00+00:00,0.00043207043,0.0006173094734549522,0.0004676518275289147,-0.0003944053896702826,0.0004244982512904003
2024-01-26 17:00:00+00:00,-0.0007472395,0.0006107075605541468,-0.0006151903288958223,-0.000402152567403391,-0.0007687976022634107
2024-01-26 18:00:00+00:00,-0.00035130547,0.0006083679618313909,-0.0003438293045644305,-0.0004143926198594272,-0.00032056943006791947
2024-01-29 10:00:00+00:00,0.0042972537,0.0006010584766045213,0.0024289790667953327,-0.00042482305434532464,0.004263004337550661
2024-01-29 11:00:00+00:00,0.0014969995,0.0005925833829678595,0.0014925391067705123,-0.00043697963701561093,0.0015276460867765813
2024-01-29 12:00:00+00:00,0.0009848248,0.000581328640691936,0.0012079614095127336,-0.0004485209647100419,0.0009385846520661873
2024-01-29 13:00:00+00:00,0.0012073246,0.000574177538510412,0.0011721389550321164,-0.0004569475422613323,0.0011863430211065471
2024-01-29 14:00:00+00:00,0.0009826694,0.0005635747220367193,0.0010042736908575,-0.00046620526700280607,0.0009784291553410712
2024-01-29 15:00:00+00:00,-1.78581e-05,0.0005543787847273052,8.185053851074549e-05,-0.0004747321072500199,1.479892620820969e-05
2024-01-29 16:00:00+00:00,0.00095496076,0.0005456401268020272,0.0009143591114682812,-0.0004841842455789447,0.0009590403360312488
2024-01-29 17:00:00+00:00,0.0029216867,0.0005418595974333584,0.002379864895748396,-0.000491313636302948,0.003037294866359765
2024-01-29 18:00:00+00:00,0.00083574135,0.0005334083107300103,0.000840526496463789,-0.0005011926987208426,0.0006930191723563989
2024-01-30 10:00:00+00:00,-0.00069343817,0.0005251897964626551,-0.0005971387221292819,-0.0005073891952633858,-0.0006795002914614584
2024-01-30 11:00:00+00:00,0.0015551205,0.0005116675747558475,0.0011893535272233208,-0.0005110724014230072,0.001561188831589408
2024-01-30 12:00:00+00:00,-0.0008439082,0.0004976524505764246,-0.0005148137628419916,-0.0005154486279934645,-0.0008747852440273745
2024-01-30 13:00:00+00:00,0.00035541656,0.00047985126730054617,0.0002798450991959319,-0.000520570611115545,0.00035648311054942464
2024-01-30 14:00:00+00:00,-0.0011911431,0.0004613433266058564,-0.0009421111791059287,-0.0005246096407063305,-0.0012174008072681592
2024-01-30 15:00:00+00:00,-0.0029216346,0.00044476587208919227,-0.002816723721251379,-0.0005292725400067866,-0.0028777461286340045
2024-01-30 16:00:00+00:00,0.0018270217,0.0004315258120186627,0.0009906894474947003,-0.0005362409283407032,0.001863722616686099
2024-01-30 17:00:00+00:00,-0.0015951169,0.00041477687773294747,-0.001473825671018369,-0.0005375535110943019,-0.0016432819486877303
2024-01-30 18:00:00+00:00,0.0011141765,0.00039265837403945625,0.0009395966166478488,-0.0005422155372798443,0.0011685647500909344
2024-01-31 10:00:00+00:00,0.00261566,0.0003672868188004941,0.0024127974982783114,-0.000546588737051934,0.0025667101710990237
2024-01-31 11:00:00+00:00,0.001943963,0.0003493315598461777,0.0019423133045466394,-0.0005527089815586805,0.0019351593044374083
2024-01-31 12:00:00+00:00,-0.0031619738,0.00033324933610856533,-0.00242857677512368,-0.0005573122762143612,-0.003164619374107404
2024-01-31 13:00:00+00:00,0.0020084789,0.00031497442978434265,0.0010013912393231903,-0.0005620146403089166,0.002048441076121037
2024-01-31 14:00:00+00:00,0.00072774396,0.0003015090769622475,0.0008601224184467979,-0.0005721878260374069,0.0006715927220149348
2024-01-31 15:00:00+00:00,0.0011792402,0.0002907398738898337,0.0011735233027022353,-0.0005863162805326283,0.0011628880307271018
2024-01-31 16:00:00+00:00,0.0005226766,0.0002793381572701037,0.0005732219757038515,-0.0006009896169416606,0.0005621055749075259
2024-01-31 17:00:00+00:00,-0.0017995103,0.00027619258617050946,-0.0016163535933147973,-0.0006161509081721306,-0.0018237637838680498
2024-01-31 18:00:00+00:00,-0.001278466,0.0002748259576037526,-0.0012399589455404027,-0.0006284407572820783,-0.0012630428582568192
2024-02-01 10:00:00+00:00,0.0037420017,0.0002766372635960579,0.0025868975327627383,-0.0006425738683901727,0.0037612493129815052
2024-02-01 11:00:00+00:00,-0.0027741236,0.0002852807810995728,-0.0018442411439362788,-0.0006573947612196207,-0.0028417162571205074
2024-02-01 12:00:00+00:00,4.4375614e-05,0.00029401169740594923,-0.0003459860072402415,-0.0006641795625910163,8.96602246412561e-05
2024-02-01 13:00:00+00:00,-8.875319e-05,0.0002929661422967911,-0.00015482509353281028,-0.0006747876177541912,-0.00011587733957582527
2024-02-01 14:00:00+00:00,0.0,0.0002844609844032675,3.6239313864799876e-06,-0.0006856475374661386,-5.350093486189692e-06
2024-02-01 15:00:00+00:00,-0.0014744549,0.00027163128834217787,-0.001014023372170355,-0.0006933946860954165,-0.0014869701342552705
2024-02-01 16:00:00+00:00,1.7777462e-05,0.0002539984416216612,1.7198747441495477e-05,-0.0006987786618992686,-2.4547825452901647e-05
2024-02-01 17:00:00+00:00,-0.0020197623,0.00023728347150608897,-0.00214279357083781,-0.0007074270979501307,-0.0020182973020277687
2024-02-01 18:00:00+00:00,0.0016997197,0.00021638839098159224,0.001164346857157154,-0.0007144242408685386,0.001691028314563334
2024-02-02 10:00:00+00:00,-0.0045360443,0.00020210315415170044,-0.00404123452947688,-0.0007175611681304872,-0.004577455379104941
2024-02-02 11:00:00+00:00,0.0018115381,0.00018676833133213222,0.0005478311892502359,-0.000721837452147156,0.0018838035382336112
2024-02-02 12:00:00+00:00,0.00061499793,0.00017237673455383629,0.0004963006711344296,-0.0007252705981954932,0.000585006391268996
2024-02-02 13:00:00+00:00,-0.0017300888,0.0001648932375246659,-0.0014037507412337877,-0.0007280132849700749,-0.0017074925215274234
2024-02-02 14:00:00+00:00,-0.00016960273,0.00014671053213533014,-0.0005737790637396964,-0.0007328159408643842,-0.00018103378548473727
2024-02-02 15:00:00+00:00,-0.0029682368,0.0001255038514500484,-0.0026351947222302287,-0.0007349386578425765,-0.003023349984088022
2024-02-02 16:00:00+00:00,-0.00065383775,0.00011404701217543334,-0.0006183720240010961,-0.0007348224753513932,-0.0006858896553907826
2024-02-02 17:00:00+00:00,0.0046660136,9.539879101794213e-05,0.0036635136906216586,-0.0007346465135924518,0.004660392137575654
2024-02-02 18:00:00+00:00,-0.003600388,7.12409382686019e-05,-0.002327404180593469,-0.0007328027277253568,-0.0036969454155813468
2024-02-05 10:00:00+00:00,-0.0043682097,4.6001823648111895e-05,-0.004163350563267965,-0.0007260165875777602,-0.0043290628463265165
2024-02-05 11:00:00+00:00,-0.0008723375,1.7627806300879456e-05,-0.0018990906984965947,-0.0007194597274065018,-0.0008959389111644321
2024-02-05 12:00:00+00:00,0.0034937593,-1.8939104847959243e-05,0.0014169959423111392,-0.0007110837614163756,0.0035152318853357797
2024-02-05 13:00:00+00:00,-0.0001703631,-4.6130255213938653e-05,2.465343309415377e-05,-0.0007007535896264017,-0.00021842916847731518
2024-02-05 14:00:00+00:00,0.0006185484,-8.129855268634856e-05,0.0006733793065358572,-0.0006882086745463312,0.0006081721168054574
2024-02-05 15:00:00+00:00,0.0033014107,-0.00010967358684865758,0.002569661026202396,-0.0006769508472643793,0.0032744425458481343
2024-02-05 16:00:00+00:00,0.003495291,-0.00012852739018853754,0.0036567144170532467,-0.0006658667116425931,0.003465350590303302
2024-02-05 17:00:00+00:00,0.0032524688,-0.0001468650298193097,0.0028159529658096506,-0.0006509306840598583,0.00327890289243205
2024-02-05 18:00:00+00:00,-0.0030299688,-0.00017111399210989475,-0.0027358970465534054,-0.0006383357103914022,-0.003100703719057637
2024-02-06 10:00:00+00:00,0.0006583103,-0.00019041232008021325,0.000652483106620576,-0.0006227322737686336,0.0006586368422538825
2024-02-06 11:00:00+00:00,-0.00021345857,-0.00021222440409474075,-0.0002233389246745103,-0.0006028293864801526,-0.00030766395998893775
2024-02-06 12:00:00+00:00,-0.002654246,-0.00023392184812109917,-0.002418300082054524,-0.0005840766825713217,-0.0026740434674040856
2024-02-06 13:00:00+00:00,0.00015160636,-0.0002532301878090948,0.00011053637932930489,-0.0005668473895639181,0.00021028070418238826
2024-02-06 14:00:00+00:00,0.00058837165,-0.00026878193602897227,0.00048481768891151726,-0.0005469970055855811,0.0005940193679746475
2024-02-06 15:00:00+00:00,-0.0022305108,-0.0002794636820908636,-0.0015164448715020034,-0.0005286559462547302,-0.0023063398140778803
2024-02-06 16:00:00+00:00,0.0010801884,-0.00029446507687680423,0.0006957605479104664,-0.0005090260528959334,0.001140770013399156
2024-02-06 17:00:00+00:00,-0.000821194,-0.0003060897288378328,-0.0006768089946608738,-0.0004870353441219777,-0.0008659066812720401
2024-02-06 18:00:00+00:00,-0.00075931166,-0.0003133647842332721,-0.0007652796497579386,-0.0004618964740075171,-0.0007519291582517678
2024-02-07 10:00:00+00:00,0.0029179645,-0.0003199964703526348,0.0019623310751072983,-0.00043902057223021984,0.002916868042016824
2024-02-07 11:00:00+00:00,0.00089954893,-0.00033278707996942103,0.0008977443843662885,-0.00041312252869829535,0.0008248338367272638
2024-02-07 12:00:00+00:00,0.00021363527,-0.0003438357962295413,0.00025322201482503,-0.00038662704173475504,0.0001960373272834598
2024-02-07 13:00:00+00:00,0.00037375194,-0.00035611310158856213,0.00038837785337046216,-0.0003554942086338997,0.0003234503821202055
2024-02-07 14:00:00+00:00,0.0018489058,-0.0003686424170155078,0.0018653696058412719,-0.00032053812174126506,0.0018731350874671175
2024-02-07 15:00:00+00:00,0.002403794,-0.0003784156288020313,0.002347625664863765,-0.0002857171348296106,0.0024354918825451695
2024-02-07 16:00:00+00:00,9.744905e-05,-0.00037827659980393946,0.00012385545549199885,-0.00024796227808110416,3.361666557585993e-05
2024-02-07 17:00:00+00:00,-0.003860923,-0.00037173734745010734,-0.003275122826331686,-0.0002122920413967222,-0.0038944528460533225
2024-02-07 18:00:00+00:00,0.00018673223,-0.0003769570612348616,1.3265391526750016e-05,-0.000171492705703713,0.00020687078002319721
2024-02-08 10:00:00+00:00,-0.0037769845,-0.00038483901880681515,-0.00338460703116773,-0.00013306504115462303,-0.00385103789627612
2024-02-08 11:00:00+00:00,-0.00016065978,-0.00039475958328694105,-0.00016341202004493412,-9.539214806864038e-05,-0.00012136439917299289
2024-02-08 12:00:00+00:00,8.92622e-06,-0.00040349282789975405,1.0003352891515183e-05,-6.387948815245181e-05,3.5914327223418e-05
2024-02-08 13:00:00+00:00,-0.00018746736,-0.00040652291500009596,-0.000186917649539633,-3.07362133753486e-05,-0.00024090492105486138
2024-02-08 14:00:00+00:00,0.0010618507,-0.00040314154466614127,0.0009568680271826434,-2.1567791463894537e-06,0.0010775739236386687
2024-02-08 15:00:00+00:00,0.00025859955,-0.0003940806782338768,0.0004501979570636569,2.5342747903778218e-05,0.00020676615522177266
2024-02-08 16:00:00+00:00,-0.0011954681,-0.0003871195949614048,-0.0007440229097129521,5.625811900245026e-05,-0.0011701424564410487
2024-02-08 17:00:00+00:00,0.0029147912,-0.0003765278379432857,0.002425833412307885,9.228498674929142e-05,0.002910509297132925
2024-02-08 18:00:00+00:00,0.0012808882,-0.0003588685067370534,0.0012875529791976663,0.0001351462706224993,0.0012331671810326627
2024-02-09 10:00:00+00:00,-0.0057859025,-0.00033100845757871866,-0.004441777352771057,0.00017654374823905528,-0.005896789852048079
2024-02-09 11:00:00+00:00,0.0001251654,-0.0003028010542038828,0.00012317244707572188,0.00022011305554769933,0.00017481316697254891
2024-02-09 12:00:00+00:00,0.004406551,-0.0002751994179561734,0.002618476057363123,0.0002665905049070716,0.00446135271854309
2024-02-09 13:00:00+00:00,-0.00066776184,-0.0002559542772360146,-0.0002911474309405199,0.0003157950995955616,-0.0007540598778590568
2024-02-09 14:00:00+00:00,0.0014062321,-0.00023832243459764868,0.0010758574795653214,0.0003644545504357666,0.0013867717272889703
2024-02-09 15:00:00+00:00,-0.0011746909,-0.00021832791389897466,-0.0010837015590438289,0.00041598931420594454,-0.001205367180012041
2024-02-09 16:00:00+00:00,-0.001853833,-0.00020297140872571617,-0.0014210006331833048,0.0004605513240676373,-0.001891912761403109
2024-02-09 17:00:00+00:00,0.0022010445,-0.000188840291230008,0.0016789040500400328,0.0005089932237751782,0.0022577357750523204
2024-02-09 18:00:00+00:00,-0.0009350747,-0.0001715073740342632,-0.000967057918975642,0.0005603875615634024,-0.0010222539528028304
2024-02-12 10:00:00+00:00,-0.0020334637,-0.00015091185923665762,-0.001888329560009146,0.0006120503530837595,-0.002025936346598792
2024-02-12 11:00:00+00:00,-0.00083062786,-0.00012743545812554657,-0.0008381783489403607,0.0006597196916118264,-0.0008342623108988552
2024-02-12 12:00:00+00:00,-0.0011085782,-0.00010905480303335935,-0.0011178100439885852,0.0007137666689231992,-0.0010772775571280414
2024-02-12 13:00:00+00:00,0.0007332296,-9.185091766994447e-05,0.0006069110743403177,0.0007699763518758118,0.0007233861460203893
2024-02-12 14:00:00+00:00,-0.002774796,-7.370310777332634e-05,-0.0022052328575611737,0.0008291401318274438,-0.002865133607261348
2024-02-12 15:00:00+00:00,0.00040327097,-7.217121310532093e-05,-0.00042081997808920014,0.0008876043139025569,0.0004720385549122626
2024-02-12 16:00:00+00:00,0.0002777143,-6.201629730639979e-05,0.00031646308977270035,0.000936517957597971,0.00021631721218773878
2024-02-12 17:00:00+00:00,0.0015573539,-5.482677443069406e-05,0.0014978643001438332,0.000979253905825317,0.0015209405882851252
2024-02-12 18:00:00+00:00,0.002492085,-5.8402318245498464e-05,0.0021104540603975,0.0010262083960697055,0.0024850481667336743
2024-02-13 10:00:00+00:00,0.004539434,-7.08882580511272e-05,0.00454807207118011,0.0010702811414375901,0.004556920838057427
2024-02-13 11:00:00+00:00,-0.0023027451,-7.046524115139619e-05,-0.0017313521301304269,0.0011126408353447914,-0.002385373553316689
2024-02-13 12:00:00+00:00,0.0003648807,-7.085371180437505e-05,0.0002132105823736219,0.001159002655185759,0.0004146976529822382
2024-02-13 13:00:00+00:00,-0.0008634695,-9.770956239663064e-05,-0.0006929522989389694,0.0011957299429923296,-0.0008468443773985513
2024-02-13 15:00:00+00:00,0.00031164713,-0.0001126609931816347,0.00019496336510778971,0.0012245860416442156,0.00016783653200530993
2024-02-13 16:00:00+00:00,-0.00061448314,-0.00011945018923142925,-0.00040537441553870545,0.0012604857329279184,-0.0005132305474143724
2024-02-13 17:00:00+00:00,0.00018705658,-0.00013470608973875642,0.00018788975193145553,0.001268162508495152,0.00010112338635148524
2024-02-13 18:00:00+00:00,0.00028497132,-0.00014751666458323598,0.0002851946568725471,0.001289597013965249,0.00031497675295177603
2024-02-14 10:00:00+00:00,0.0011568617,-0.00015264646208379418,0.000914637725041982,0.0013099851785227656,0.001093596564048939
2024-02-14 11:00:00+00:00,-0.0004536862,-0.00015242089284583926,-0.0004553616610767882,0.0013362052850425243,-0.0005825985378042704
2024-02-14 12:00:00+00:00,-0.00068536744,-0.00013750619837082922,-0.0006910521922658305,0.0013509753625839949,-0.0005961212813708272
2024-02-14 13:00:00+00:00,-0.00021371708,-0.00013512013538274914,-0.00020873029979521948,0.001349315862171352,-0.0002000760705016819
2024-02-14 14:00:00+00:00,0.00013357852,-0.00012160746700828895,0.00014766903900202333,0.0013485102681443095,0.00012332075851821905
2024-02-14 15:00:00+00:00,-0.0014703461,-8.874090417521074e-05,-0.0015108746800850425,0.0013303023297339678,-0.0014285453537184814
2024-02-14 16:00:00+00:00,0.0022091581,-7.615301728947088e-05,0.0020394296607172124,0.0013016600860282779,0.00214361816185244
2024-02-14 17:00:00+00:00,-0.0032173712,-5.921415504417382e-05,-0.0032970180253488633,0.0012802601559087634,-0.0032393694489384955
2024-02-14 18:00:00+00:00,0.0020421364,-3.5887787817046046e-05,0.0017906058189998773,0.0012658199993893504,0.002057387886561563
2024-02-15 10:00:00+00:00,-0.006183781,-2.5705774532980286e-05,-0.0044000901581141,0.0012550530955195427,-0.0063012531256429185
2024-02-15 11:00:00+00:00,-0.0002599836,-2.4396911612711847e-05,-0.0006190956935075849,0.0012531399261206388,-0.00017211836516733834
2024-02-15 12:00:00+00:00,-0.0005829675,-2.3554928702651523e-05,-0.0006821615447941279,0.001245615421794355,-0.0005523069364634357
2024-02-15 13:00:00+00:00,-0.0025870912,-2.1695695977541618e-05,-0.002632075103302476,0.0012425414752215147,-0.002631016367923153
2024-02-15 14:00:00+00:00,0.003439006,-3.5282042517792434e-05,0.0015200740463138483,0.0012300001690164208,0.00345078541809699
2024-02-15 15:00:00+00:00,-8.963746e-06,-5.491602132678963e-05,0.00026727162351544503,0.0012206786777824163,-5.040700993123447e-05
2024-02-15 16:00:00+00:00,0.00061831006,-6.393243529601023e-05,0.0005980568802579105,0.001203186810016632,0.0005560660820993261
2024-02-15 17:00:00+00:00,-0.0013267,-9.74399663391523e-05,-0.0003901605279546102,0.0011997364927083254,-0.0013111979073540153
2024-02-15 18:00:00+00:00,-0.0010410778,-0.00012357541709206998,-0.001035538250039108,0.0011844644322991371,-0.0010573421125383644
2024-02-16 10:00:00+00:00,0.0030125636,-0.00016707443865016103,0.0016246227700519446,0.0011678014416247606,0.0030078833655886954
2024-02-16 11:00:00+00:00,-0.0033628247,-0.00019677053205668926,-0.0024005674571657867,0.0011487184092402458,-0.0034252080985583723
2024-02-16 12:00:00+00:00,0.0009517055,-0.00023124755534809083,0.0004942694030906369,0.0011320562334731221,0.0009750758574055475
2024-02-16 13:00:00+00:00,-0.0031458721,-0.0002826939453370869,-0.0031458686459022497,0.0011254994897171855,-0.003165436656448854
2024-02-16 14:00:00+00:00,-0.00643937,-0.00032326261862181127,-0.005291621665120193,0.0011134884553030133,-0.006558546551634902
2024-02-16 15:00:00+00:00,-0.0026400918,-0.0003567093808669597,-0.002914796735958384,0.0010823823977261782,-0.0025964286237303456
2024-02-16 16:00:00+00:00,0.004025391,-0.0003787101013585925,0.0016116199543114167,0.0010546098928898573,0.004019676238727813
2024-02-16 17:00:00+00:00,0.0013653113,-0.00041762462933547795,0.001339197405137368,0.0010328256757929921,0.001356184438149518
2024-02-16 18:00:00+00:00,0.00054199074,-0.00043273033224977553,0.0005377304831441726,0.0010052422294393182,0.0005107291960799916
2024-02-19 10:00:00+00:00,-0.001418831,-0.00045639878953807056,-0.0014252843405879812,0.0009904736652970314,-0.0013738504739997934
2024-02-19 11:00:00+00:00,-0.001212571,-0.0004754952678922564,-0.001121836963109198,0.0009756532963365316,-0.0012250183481151398
2024-02-19 12:00:00+00:00,0.0019538677,-0.0004966531414538622,0.0012630898916696986,0.0009625648381188512,0.0019233701812030465
2024-02-19 13:00:00+00:00,-0.00012652394,-0.0005120736896060407,-9.550274176162383e-05,0.0009591500274837017,-0.00016940211143303722
2024-02-19 14:00:00+00:00,0.0014089344,-0.0005329012055881321,0.0005705320625182097,0.0009483951143920422,0.0014195914388458108
2024-02-19 15:00:00+00:00,0.0015961983,-0.0005539015983231366,0.0007768961946352327,0.0009538090671412647,0.0015391093800226092
2024-02-19 16:00:00+00:00,-0.0001892463,-0.0005546906031668186,0.0006265418911200548,0.0009346390725113451,-0.00029561424895516587
2024-02-19 17:00:00+00:00,-0.0008114615,-0.0005758627085015178,0.00031562287533396785,0.0009317173971794546,-0.0009441487305876583
2024-02-19 18:00:00+00:00,-0.0027367705,-0.0005790687282569706,0.00041111064899344916,0.0009389148326590657,-0.0028366773868525033
2024-02-20 10:00:00+00:00,-0.0034156474,-0.0006046645576134324,-0.0013312570909316656,0.0009424436721019447,-0.0035008437645291995
2024-02-20 11:00:00+00:00,-0.0045389915,-0.000630769063718617,-0.004054567861400671,0.0009363851859234273,-0.004572434296065707
2024-02-20 12:00:00+00:00,0.00044662593,-0.0006676085176877677,-0.002154568669993592,0.0009395507513545454,0.0003107765380351302
2024-02-20 13:00:00+00:00,0.0010565241,-0.0006894200923852623,-0.0005708351797453499,0.000936153344810009,0.0009159107893397207
2024-02-20 14:00:00+00:00,0.00040045872,-0.0007102826493792236,-0.00016210029279099982,0.0009416032116860151,0.00030389415854640964
2024-02-20 15:00:00+00:00,0.000500348,-0.000729963299818337,-0.00040360858298774517,0.0009654011810198426,0.0004392247209800877
2024-02-20 16:00:00+00:00,-0.00035476638,-0.0007500039646402001,-0.0002448605571048963,0.0009818370454013348,-0.00039548073977202004
2024-02-20 17:00:00+00:00,-0.0016390162,-0.000779995578341186,-0.0021722193315397505,0.0010084134992212057,-0.0016550396153136332
2024-02-20 18:00:00+00:00,-0.0034232696,-0.0007950123399496078,-0.0035753202717834034,0.0010245820740237832,-0.003458236932861848
2024-02-21 10:00:00+00:00,-0.0083193015,-0.0008120907586999238,-0.0007941996734095168,0.0010465346276760101,-0.008443505328404877
2024-02-21 11:00:00+00:00,-0.0058631124,-0.0008276111329905689,-0.0031264103597328416,0.0010673925280570984,-0.005870913982245691
2024-02-21 12:00:00+00:00,-0.0018102577,-0.0008406848646700382,-0.003006036685789835,0.0010845211800187826,-0.0018625988352170802
2024-02-21 13:00:00+00:00,-0.0027075703,-0.0008389329886995256,-0.0034002652985120666,0.0010943616507574916,-0.0027235569969880392
2024-02-21 14:00:00+00:00,-0.0028550655,-0.0008444289560429752,-0.003910870025683328,0.0010982955573126674,-0.002830267699148009
2024-02-21 15:00:00+00:00,0.0068626394,-0.000843359564896673,-3.093760408603806e-05,0.001102999784052372,0.006605391844557237
2024-02-21 16:00:00+00:00,0.0016874825,-0.0008371241856366396,-8.543508060860445e-05,0.0011023073457181454,0.0016786914189730498
2024-02-21 17:00:00+00:00,-0.0040008035,-0.0008292450220324099,-0.0004279512560671503,0.0011010972084477544,-0.004028392528808504
2024-02-21 18:00:00+00:00,-0.006569578,-0.0008128131739795208,-0.0035813153899744237,0.0010998690268024802,-0.0065404805426048564
2024-02-22 10:00:00+00:00,0.0052293073,-0.0008079971303232014,-0.0010796135455481237,0.001103757182136178,0.0050406609547377626
2024-02-22 11:00:00+00:00,-0.0011275902,-0.0007853721035644412,-0.0016937663851109995,0.0010993445757776499,-0.0011796859345397906
2024-02-22 12:00:00+00:00,-0.00482289,-0.0007649923209100962,-0.0030973497301398333,0.0010950363939628005,-0.004798135233431546
2024-02-22 13:00:00+00:00,0.0034606317,-0.0007558749639429152,-0.001481596347476193,0.0011063049314543605,0.003255002321494436
2024-02-22 14:00:00+00:00,0.004071921,-0.000731638865545392,0.0007273057855751902,0.0011101806303486228,0.0038184273936071943
2024-02-22 15:00:00+00:00,0.00078080705,-0.0007015278097242117,0.0008818463805301211,0.001108407392166555,0.000656301345624523
2024-02-22 16:00:00+00:00,-0.0049367636,-0.0006586066447198391,0.0002175567294126058,0.001111196237616241,-0.004973832664893247
2024-02-22 17:00:00+00:00,-0.004079538,-0.0006269770092330873,-0.002965176289731243,0.0011249884264543653,-0.004042853282690228
2024-02-22 18:00:00+00:00,-0.0019990527,-0.0006019773427397013,-0.001195900670858521,0.0011402250966057181,-0.002050685237239554
2024-02-26 10:00:00+00:00,0.020273352,-0.0005780848441645503,0.002731764501540329,0.0011550020426511765,0.019664269990112924
2024-02-26 11:00:00+00:00,0.0006810171,-0.000562154920771718,0.002566723622778356,0.0011580364080145955,0.0005757340263952704
2024-02-26 12:00:00+00:00,0.0045344057,-0.0005515241646207869,0.002740901414084304,0.0011750874109566212,0.004341481777133591
2024-02-26 13:00:00+00:00,0.00236916,-0.000539646833203733,0.001851722016927567,0.0011847506975755095,0.0022531186492332524
2024-02-26 14:00:00+00:00,0.0,-0.0005352642037905753,0.0011675257459285097,0.0011900017270818353,-9.358286372462906e-05
2024-02-26 15:00:00+00:00,0.0039756047,-0.000538493215572089,0.002114126837876463,0.0011973358923569322,0.0039370632828551215
2024-02-26 16:00:00+00:00,-0.0024874615,-0.0005405597621574998,0.0009818198272820006,0.0011922670528292656,-0.0025930567987647655
2024-02-26 17:00:00+00:00,0.0019412969,-0.0005526162567548454,0.0018121180617695196,0.0011891850735992193,0.0018999570525204104
2024-02-26 18:00:00+00:00,-0.00079246884,-0.0005642897449433804,0.0015996015930448463,0.001188740017823875,-0.0009063248737247049
2024-02-27 10:00:00+00:00,0.003956079,-0.0005816505872644484,0.002402715341717533,0.001187980524264276,0.003978656082802719
2024-02-27 11:00:00+00:00,-0.0023080849,-0.0005950503400526941,0.0010752170134665485,0.0011818768689408898,-0.0024310324532972488
2024-02-27 12:00:00+00:00,0.0011910554,-0.0005844428669661283,0.0012136231363176191,0.0011691803811118007,0.001092083123260414
2024-02-27 13:00:00+00:00,-0.0011182785,-0.0005678348243236542,0.0010028837922398644,0.0011522026034072042,-0.0011482427746151416
2024-02-27 14:00:00+00:00,-0.0029060915,-0.0005484535940922797,-0.0005064395136855657,0.0011407880811020732,-0.0029672258882402986
2024-02-27 15:00:00+00:00,0.00018244846,-0.0005295370938256383,0.00024855100557882225,0.00114079425111413,0.00012547158744332385
2024-02-27 16:00:00+00:00,-3.648703e-05,-0.0005125903990119696,0.00022209462108155618,0.0011299571488052607,-9.044388893855294e-05
2024-02-27 17:00:00+00:00,-0.00011859204,-0.0004880180349573493,0.0002832750404007181,0.0011268784292042255,-0.00011597180820870449
2024-02-27 18:00:00+00:00,0.0011032749,-0.00046120575279928744,-0.0008170922416829733,0.0011339037446305156,0.0010438511880421037
2024-02-28 10:00:00+00:00,0.008150123,-0.0004453311557881534,0.0022213590852189755,0.0011348138796165586,0.008053535951856325
2024-02-28 11:00:00+00:00,0.00076801796,-0.0004339826409704983,0.0006966136709521116,0.0011436671484261751,0.000701971421579419
2024-02-28 12:00:00+00:00,-0.0012652853,-0.00042417366057634354,-8.571846420923847e-05,0.0011636130511760712,-0.0012867144590171771
2024-02-28 13:00:00+00:00,0.0020236888,-0.0004322816675994545,0.001377052575247494,0.001183183048851788,0.001994668889174924
2024-02-28 14:00:00+00:00,0.00018048749,-0.0004236317181494087,0.0015993721128739348,0.001185066532343626,0.00010398828998711622
2024-02-28 15:00:00+00:00,0.0033691297,-0.0004244496813043952,0.0023609877415044556,0.0011918317759409547,0.003317809113821695
2024-02-28 16:00:00+00:00,0.000746158,-0.0004149610176682472,0.00193862709489921,0.0011925457511097193,0.000713310820552838
2024-02-28 17:00:00+00:00,-0.0028798233,-0.0004005380324088037,9.633303492723644e-05,0.0012041762238368392,-0.0030380984914923424
2024-02-28 18:00:00+00:00,0.0047562406,-0.0003847371554002166,0.0022441391187213457,0.0011957051465287805,0.00464916548824163
2024-02-29 10:00:00+00:00,0.0022935995,-0.0003668303252197802,0.0009531642510256373,0.0011874694610014558,0.002351809643778433
2024-02-29 11:00:00+00:00,0.0024133443,-0.00034880160819739103,0.002521308055063162,0.0011990744387730956,0.0024012796344930324
2024-02-29 12:00:00+00:00,0.003021864,-0.00033143305336125195,0.002222785847411225,0.0012038822751492262,0.003039844120197879
2024-02-29 13:00:00+00:00,0.0010230453,-0.0002804659598041326,0.002447309243374354,0.0012018526904284954,0.0009892488555280933
2024-02-29 14:00:00+00:00,-0.00016895271,-0.000222682356252335,0.002083095959266318,0.0012031726073473692,-0.0003276967825145764
2024-02-29 15:00:00+00:00,-0.0024396554,-0.00016680150292813778,-0.0005472115736630589,0.0012039659777656198,-0.0025842832479715016
2024-02-29 16:00:00+00:00,0.0027419718,-0.00012961000902578235,0.0018619580077888225,0.001208695350214839,0.002638963702670273
2024-02-29 17:00:00+00:00,0.0015723483,-9.94790461845696e-05,0.0012545711647755687,0.0012145157670602202,0.0013824381177554583
2024-02-29 18:00:00+00:00,0.00064776326,-7.729465141892433e-05,0.00047406429020704064,0.0012140516191720963,0.0005140400495367221
2024-03-01 10:00:00+00:00,-0.0024957492,-7.113076571840793e-05,-0.0010593959109059536,0.0012225620448589325,-0.002551112167725887
2024-03-01 11:00:00+00:00,-0.0011923407,-4.706690015154891e-05,-0.0009990167678593635,0.001221303129568696,-0.0013529600210288103
2024-03-01 12:00:00+00:00,8.902975e-05,-2.7482876248541288e-05,-0.0004686012893374622,0.001205915817990899,1.4778435123893513e-05
2024-03-01 13:00:00+00:00,-0.0003205442,4.456269834918203e-06,-0.0006954400141377313,0.0011903480626642704,-0.00038464384452281886
2024-03-01 14:00:00+00:00,-0.00047209937,3.666916018119082e-05,-0.0013875299792044575,0.001179122133180499,-0.0005397311945503054
2024-03-01 15:00:00+00:00,0.0025715763,4.920328501611948e-05,-0.0006489176176044504,0.001147615839727223,0.0026228880555693476
2024-03-01 16:00:00+00:00,0.00030210408,5.663911724695936e-05,-0.0013399920971953467,0.0011276041623204947,0.00015529601117301471
2024-03-01 17:00:00+00:00,-0.0027489532,5.686925942427479e-05,-0.0022997946327913154,0.0011347030522301793,-0.0028367020549430124
2024-03-01 18:00:00+00:00,-0.00017818641,4.962351158610545e-05,-0.0013988016243885275,0.0011309499386698008,-0.00024478956441339425
2024-03-04 10:00:00+00:00,0.007695384,3.146545714116655e-05,0.0006933114768748174,0.0011251933174207807,0.007741455142314626
2024-03-04 11:00:00+00:00,0.0026402131,6.541493803524645e-06,0.002232459517957696,0.0011314768344163895,0.0025707637187677426
2024-03-04 12:00:00+00:00,0.0014451889,-4.093832103535533e-05,0.0010952736125734977,0.001132291741669178,0.0013202948147236298
2024-03-04 13:00:00+00:00,-0.0008633373,-7.15427813702263e-05,6.808479964554349e-05,0.0011106922756880522,-0.0010495775982088734
2024-03-04 14:00:00+00:00,0.0016995351,-8.16502797533758e-05,0.0006002121189030261,0.0010972137097269297,0.001505669614659891
2024-03-04 15:00:00+00:00,0.00010557525,-8.88762078830041e-05,0.00045451644151409755,0.0010929921409115195,5.447668926450255e-05
2024-03-04 16:00:00+00:00,-0.00022876047,-0.0001318936119787395,-0.00019777107194621154,0.0011010348098352551,-0.0002855612014218421
2024-03-04 17:00:00+00:00,0.0010729615,-0.0001464601227780804,0.0007872792524178576,0.0010918044717982411,0.0010052765430163815
2024-03-04 18:00:00+00:00,-0.00010548616,-0.00015933557006064802,8.431187347156401e-05,0.001095285639166832,-0.00021054033753249127
2024-03-05 10:00:00+00:00,-0.002720108,-0.0001584238198120147,-0.001812741090568352,0.0011109478073194623,-0.002838993461064141
2024-03-05 11:00:00+00:00,0.0034055691,-0.0001526595005998388,0.0004713693442300729,0.001105941948480904,0.0034049816202758247
2024-03-05 12:00:00+00:00,0.0015010998,-0.00016458507161587477,0.0005670598914300915,0.0011001696111634374,0.001430219805719554
2024-03-05 13:00:00+00:00,0.0035462738,-0.00017303232743870467,0.001620202183715347,0.0010907130781561136,0.0035532133440467173
2024-03-05 14:00:00+00:00,-0.0012857126,-0.00017379573546350002,3.0843376424546226e-05,0.0010970087023451924,-0.0014954780899077275
2024-03-05 15:00:00+00:00,0.0036778075,-0.00017492000188212842,0.0008776675151658786,0.0010857279412448406,0.0037695064356631316
2024-03-05 16:00:00+00:00,-0.00018313341,-0.00018062318849842995,-0.00013257121921922033,0.001079925918020308,-0.0003476236155788118
2024-03-05 17:00:00+00:00,0.00019185322,-0.00015282307867892087,-2.850861885748352e-05,0.0010525688994675875,-8.877393561630208e-06
2024-03-05 18:00:00+00:00,0.00071476516,-0.00011396715126466006,0.0005420520935506868,0.001027652295306325,0.0006075909905953207
2024-03-06 10:00:00+00:00,0.0007926174,-7.122712122509256e-05,0.00108884532462795,0.0010071477154269814,0.0006162399447324409
2024-03-06 11:00:00+00:00,0.0027996122,-2.3340200641541742e-05,0.0005685453047592492,0.0009879908757284284,0.0027362785695279144
2024-03-06 12:00:00+00:00,0.00196894,2.6479954613023438e-05,0.001651723677809938,0.000974079011939466,0.0018766408013370884
2024-03-06 13:00:00+00:00,0.0004937951,6.45589389023371e-05,0.0004569733254047594,0.0009493348770774901,0.00032986523331578996
2024-03-06 14:00:00+00:00,-0.002237021,9.196194150717929e-05,-0.00019402423669982456,0.0009276946657337248,-0.002532348061801409
2024-03-06 15:00:00+00:00,-0.00035595684,7.932748121675104e-05,-0.0006252974008393044,0.0008839715155772865,-0.0005444858108303006
2024-03-06 16:00:00+00:00,-0.00097301626,6.736379145877436e-05,-0.0012921308275060243,0.0008592893718741834,-0.0010840198944043504
2024-03-06 17:00:00+00:00,-0.00010430792,5.9751590015366673e-05,-0.001359212438796717,0.0008108870824798942,-0.00019311836794536048
2024-03-06 18:00:00+00:00,0.0011294234,5.051282641943544e-05,-0.0014234449358459856,0.0007737614796496928,0.0010246760415908564
2024-03-07 10:00:00+00:00,-0.0007209461,4.167964289081283e-05,-0.0015173810048002656,0.0007347411010414362,-0.0009519958095181087
2024-03-07 11:00:00+00:00,-0.001922166,4.168489249423146e-05,-0.001544606738357642,0.0006945367786101997,-0.0021289503768712964
2024-03-07 12:00:00+00:00,-0.0015421413,4.762634853250347e-05,-0.001551969828248981,0.0006614023586735129,-0.0016694398520142814
2024-03-07 13:00:00+00:00,0.0008454228,5.886574217583984e-05,-0.0008549690714639257,0.0006243566167540848,0.0008080441960766312
2024-03-07 14:00:00+00:00,7.8405064e-05,6.682925595669076e-05,-0.0008359692520277966,0.0005768595729023218,-2.282191299552665e-05
2024-03-07 15:00:00+00:00,4.3555716e-05,5.94590455875732e-05,-0.0010287511299435954,0.0005225776694715023,-1.6204760379790253e-05
2024-03-07 16:00:00+00:00,0.003339424,8.115750097204e-05,0.00014119274407425973,0.0004564643604680896,0.003349683629745937
2024-03-07 17:00:00+00:00,-0.0013726838,0.00010292734077665955,-0.0005240298969432199,0.0003654225147329271,-0.0015894131258214596
2024-03-07 18:00:00+00:00,0.0016331073,0.00012340067769400775,-0.00048100258265314927,0.00030148556106723845,0.0015463357163478708
2024-03-11 10:00:00+00:00,0.005306522,0.00013721402501687407,0.0005654103918591377,0.00025229595485143363,0.005424452711242958
2024-03-11 11:00:00+00:00,-0.0016331049,0.00016314754611812532,-0.0011234105899167275,0.00018677537445910275,-0.0018460565270669168
2024-03-11 12:00:00+00:00,0.0008644089,0.00017474587366450578,-0.0002316442736890273,0.0001184097709483467,0.0006806572064725701
2024-03-11 13:00:00+00:00,0.00038010333,0.00019962331862188876,0.0005341180954746401,4.370731767266989e-05,0.00016329449818872869
2024-03-11 14:00:00+00:00,0.0013809772,0.00021171141997911036,0.0009710584705611145,-2.3756339942337945e-05,0.0012345769157283831
2024-03-11 15:00:00+00:00,-0.0019252608,0.00021409630426205695,-0.000573499562243537,-8.286283991765231e-05,-0.002195588583878434
2024-03-11 16:00:00+00:00,-0.0007348206,0.00022243855346459895,-0.00021799610229245058,-0.0001484884269302711,-0.000998509180551804
2024-03-11 17:00:00+00:00,-0.0012894016,0.00023437828349415213,-0.001593249663758957,-0.00020946754375472665,-0.0015006687196776921
2024-03-11 18:00:00+00:00,-0.0010223178,0.00023598044936079532,-0.001485625323609709,-0.00025772195658646524,-0.0013119291257496402
2024-03-12 10:00:00+00:00,-0.0031601912,0.00023510069877374917,-0.0016984461968478075,-0.00029640397406183183,-0.0034151350030676153
2024-03-12 11:00:00+00:00,0.00067802507,0.00023333571152761579,-0.0009592093153849744,-0.0003400376299396157,0.00062765233038682
2024-03-12 12:00:00+00:00,-0.0021747837,0.00021815235959365964,-0.0014760778957755391,-0.0003851630608551204,-0.0023263911319783715
2024-03-12 13:00:00+00:00,-2.6126147e-05,0.0002042193664237857,-0.001517514313027601,-0.00042650988325476646,-0.00012466381340925196
2024-03-12 14:00:00+00:00,0.0008443998,0.00017907636356540024,-0.00033846356678089663,-0.000459751725429669,0.0007741138978750481
2024-03-12 15:00:00+00:00,-0.0002088573,0.00015386838640552014,-0.0008320258125138782,-0.0004949084832333028,-0.00032340624437366045
2024-03-12 16:00:00+00:00,-0.00523566,0.00013673589273821563,-0.002434959720466168,-0.0005270913825370371,-0.005516052490745719
2024-03-12 17:00:00+00:00,2.6246604e-05,0.00011426800483604893,-0.0018843096007629106,-0.0005580663564614952,-2.7821665737676934e-05
2024-03-12 18:00:00+00:00,0.0013201899,8.674223499838263e-05,-0.00218359848320274,-0.0005762893706560135,0.0013007492673503171
2024-03-13 10:00:00+00:00,0.0022603811,6.138271419331431e-05,-0.0010479690316122258,-0.0005877206567674875,0.002211947038292248
2024-03-13 11:00:00+00:00,-6.102425e-05,3.407641270314343e-05,-0.0006056623381403319,-0.0006071045063436031,-0.00020104524545734576
2024-03-13 12:00:00+00:00,-0.0014482389,-2.6017573873104993e-06,-0.001390781718124859,-0.000619324913714081,-0.0016238942245977435
2024-03-13 13:00:00+00:00,-0.0004016906,-2.8833737815148197e-05,-0.0017106145151710337,-0.0006323455017991364,-0.00055001561344063
2024-03-13 14:00:00+00:00,7.860434e-05,-5.023787889513187e-05,-0.0009109101363992298,-0.0006520182359963655,-0.00012018212045577956
2024-03-13 15:00:00+00:00,0.00018338609,-6.503656186396256e-05,-0.0006425268542485882,-0.0006684936233796179,4.437299052458201e-05
2024-03-13 16:00:00+00:00,-8.731909e-06,-7.747355994069949e-05,-0.0007077190785801284,-0.0006821642746217549,-0.00014566755050180653
2024-03-13 17:00:00+00:00,0.0023809846,-9.124957432504743e-05,0.00054561568742542,-0.0006879866705276072,0.002299597156533861
2024-03-13 18:00:00+00:00,-0.004855184,-0.00010221548291156068,-0.002939148284600605,-0.000689091335516423,-0.00519538752000683
2024-03-14 10:00:00+00:00,-0.009428142,-0.0001113428152166307,-0.0030821601661165064,-0.0006861950387246907,-0.009897573425995142
2024-03-14 11:00:00+00:00,0.0018980447,-0.00012092213000869378,-0.0019195297044082718,-0.0006954637356102467,0.0018632429356333548
2024-03-14 12:00:00+00:00,0.0036622982,-0.00012839936243835837,-3.4692007280583836e-05,-0.0007015389855951071,0.0037071361159973356
2024-03-14 13:00:00+00:00,-0.0008175717,-0.00013642630074173212,-0.00011003364610841245,-0.0007051739958114922,-0.0009369211604349259
2024-03-14 14:00:00+00:00,-0.00075662934,-0.00014270322571974248,-0.000296682858576309,-0.0007093112217262387,-0.0008513783514498228
2024-03-14 15:00:00+00:00,-0.0040745107,-0.00014830708096269518,-0.0027089948226311344,-0.0007150980527512729,-0.0042925091177499096
2024-03-14 16:00:00+00:00,0.0006007545,-0.00015336634533014148,-0.0013250312694020143,-0.0007220562547445297,0.0005035527139027038
2024-03-14 17:00:00+00:00,0.0018001011,-0.00016247809980995953,-6.608865113916598e-05,-0.0007289054337888956,0.0017201831485776228
2024-03-14 18:00:00+00:00,-0.0010320146,-0.00017238085274584591,-0.0006555940574713764,-0.0007276342948898673,-0.0010922776153364537
2024-03-15 10:00:00+00:00,-0.00050316245,-0.00017964167636819184,-0.0022328329387769187,-0.000720823765732348,-0.0006576905161245628
2024-03-15 11:00:00+00:00,-0.0003885793,-0.0001850352855399251,-0.0011880134170792502,-0.000715521746315062,-0.0005788735745817996
2024-03-15 12:00:00+00:00,0.00040623843,-0.0001923365780385211,-0.0008898657084934556,-0.0007168716401793063,0.00028027069485939073
2024-03-15 13:00:00+00:00,0.00029133027,-0.00020085393043700606,-0.000984778450958499,-0.0007201354019343853,0.00015838407450655622
2024-03-15 14:00:00+00:00,-0.00015006863,-0.0002141733857570216,-0.0006111070962355157,-0.0007254804368130863,-0.00032429583506661487
2024-03-15 15:00:00+00:00,-0.0023333726,-0.00023090293689165264,-0.0017447339963758569,-0.000727859849575907,-0.0024780628479628523
2024-03-15 16:00:00+00:00,-0.0059641795,-0.0002523531438782811,-0.0017289477894634764,-0.0007352016400545835,-0.00629136660359904
2024-03-15 17:00:00+00:00,0.0003560081,-0.00026956244255416095,-0.0009992140954453784,-0.0007314918329939246,0.00023493348014384655
2024-03-15 18:00:00+00:00,-0.0036640365,-0.0002839413355104625,-0.0026232991623869615,-0.0007280452991835773,-0.0038423138398597325
2024-03-18 10:00:00+00:00,0.0082629295,-0.00030008782050572336,0.0006302915346019053,-0.0007224780856631696,0.008258339852737492
2024-03-18 11:00:00+00:00,-0.000593648,-0.00031411024974659085,-0.000426785003706361,-0.0007139263907447457,-0.0006962574472149306
2024-03-18 12:00:00+00:00,0.0016737146,-0.00033180436003021896,-0.0002986647129991476,-0.0007066862308420241,0.0015315994386235741
2024-03-18 13:00:00+00:00,0.0004069356,-0.00035169473267160356,-0.0005436728028888928,-0.0007019750773906708,0.00027055843912957944
2024-03-18 14:00:00+00:00,0.0010696276,-0.0003781351842917502,-0.00014778850093261038,-0.0006902071181684732,0.000947200602381912
2024-03-18 15:00:00+00:00,-0.0009634977,-0.00040104868821799755,-0.00070183854374322,-0.0006752136978320777,-0.0011160385543065128
2024-03-18 16:00:00+00:00,0.0045705694,-0.00043024166370742023,0.00047954913280937993,-0.000657103315461427,0.004519055487412542
2024-03-18 17:00:00+00:00,-0.0014271621,-0.0004535907064564526,-0.0004126960948142237,-0.0006282060057856143,-0.0016021361987980812
2024-03-18 18:00:00+00:00,-0.0042494796,-0.00047227891627699137,-0.0015732811118662178,-0.0005923662683926523,-0.004520059070144715
2024-03-19 10:00:00+00:00,-0.0004073428,-0.0004886658862233162,-0.0012827852057463597,-0.0005457460647448897,-0.0005293047691740749
2024-03-19 11:00:00+00:00,0.00046046224,-0.0005087943281978369,-0.0013034641792748554,-0.0004983243416063488,0.0003699357691127283
2024-03-19 12:00:00+00:00,-0.0023931726,-0.0005354228778742254,-0.0019606688791905936,-0.0004637551901396364,-0.002573428462862833
2024-03-19 13:00:00+00:00,-0.0015541951,-0.0005565735045820475,-0.001464067982126187,-0.0004391639959067106,-0.00166665746774329
2024-03-19 14:00:00+00:00,-0.0032850693,-0.0005817572819069028,-0.0029005756567646833,-0.00039696216117590666,-0.003405079438960662
2024-03-19 15:00:00+00:00,-0.00055302336,-0.0006041701999492943,-0.002053044464919942,-0.0003735536593012512,-0.0006975609679743703
2024-03-19 16:00:00+00:00,-0.0018575414,-0.0006239764043129981,-0.00298283607587674,-0.0003475744742900133,-0.0019811347667226557
2024-03-19 17:00:00+00:00,-0.005953039,-0.0006458030547946692,-0.003537918887083954,-0.00031034406856633723,-0.006151271159653948
2024-03-19 18:00:00+00:00,-0.0004677016,-0.0006669185822829604,-0.0031139202031019663,-0.00028132181614637375,-0.0006018686297555214
2024-03-20 10:00:00+00:00,0.0022286135,-0.0006856112158857286,-0.0017396435669739438,-0.0002460832183714956,0.0021526283339880995
2024-03-20 11:00:00+00:00,-0.0001526094,-0.0007014371221885085,-0.001683076985844338,-0.00020476077042985708,-0.00016699601151884877
2024-03-20 12:00:00+00:00,0.0004039153,-0.0007094065076671541,-0.0018665499770034347,-0.0001607757294550538,0.0003364738180599636
2024-03-20 13:00:00+00:00,0.0009239036,-0.0007197210798040032,-0.0012525187248161392,-0.00012177568714832887,0.0008406459909782847
2024-03-20 14:00:00+00:00,-0.003844742,-0.0007259786943905056,-0.002688877191605448,-8.093197538983077e-05,-0.004010775470253933
2024-03-20 15:00:00+00:00,-3.600198e-05,-0.0007311748922802508,-0.002620550594684713,-4.640736005967483e-05,-0.0001861101170301475
2024-03-20 16:00:00+00:00,0.005699146,-0.0007432368001900613,-0.0010303261404050453,-1.8331047613173723e-05,0.005687460903995481
2024-03-20 17:00:00+00:00,-0.00029537734,-0.000747455342207104,-0.0009823348081027927,2.083987601508852e-05,-0.00041037310864800954
2024-03-20 18:00:00+00:00,-0.0028508438,-0.0007496632169932127,-0.0020975907561454317,5.6524328101659194e-05,-0.0031699926569208987
2024-03-21 10:00:00+00:00,0.0070584426,-0.0007527376874350011,0.0013811539760225965,9.831923671299592e-05,0.007003632459292182
2024-03-21 11:00:00+00:00,-0.0002853067,-0.0007533666212111712,0.0004972607127210198,0.00013934516755398363,-0.0004518096736164115
2024-03-21 12:00:00+00:00,0.004395377,-0.000758918235078454,-6.78050820716592e-05,0.0001785926433512941,0.00434534805797027
2024-03-21 13:00:00+00:00,0.0018537823,-0.0007636307855136693,0.0001679897244230611,0.00021928088972344995,0.0017347998114560542
2024-03-21 14:00:00+00:00,-0.0010195986,-0.0007602367550134659,-0.0003356732350786546,0.0002561747969593853,-0.0012554124466143835
2024-03-21 15:00:00+00:00,-0.0037415116,-0.0007631227490492165,-0.0014149730552342498,0.00029801999335177243,-0.004122090226042273
2024-03-21 16:00:00+00:00,0.00016025642,-0.0007679456612095237,-0.0008372069940923408,0.00033376069040969014,-7.929632846714657e-05
2024-03-21 17:00:00+00:00,-0.00185342,-0.0007613677298650146,-0.0009068856619748311,0.0003783221764024347,-0.0020447560931488866
2024-03-21 18:00:00+00:00,0.0029567112,-0.0007568590226583183,-0.00012261402919928988,0.00041177720413543284,0.0027895730895667477
2024-03-22 10:00:00+00:00,-0.0011478044,-0.0007506647380068898,-0.0006200713796396228,0.0004536899796221405,-0.0012815925505577524
2024-03-22 11:00:00+00:00,-0.0035496135,-0.0007433335413224995,-0.0013807577195647873,0.0004946338012814522,-0.003718392562955262
2024-03-22 12:00:00+00:00,-0.0035532918,-0.0007362953620031476,-0.002689933355852637,0.0005426887073554099,-0.0037054597315766533
2024-03-22 13:00:00+00:00,0.0003765128,-0.0007316630217246711,-0.002182783905683644,0.0005806603003293276,0.0003758942243661098
2024-03-22 14:00:00+00:00,-0.00065450603,-0.0007308281492441893,-0.0009094795416077978,0.0006166428211145103,-0.0007716964954360896
2024-03-22 15:00:00+00:00,-0.0018313051,-0.000726961181499064,-0.001877321112767642,0.0006356612429954112,-0.0019244437956628096
2024-03-22 16:00:00+00:00,-0.0018526685,-0.0007246315944939852,-0.002385476485138059,0.0006285579293034971,-0.001945024050896734
2024-03-22 17:00:00+00:00,-0.0025507803,-0.0007218133541755378,-0.003866597675732648,0.0006256299675442278,-0.002736371928075322
2024-03-22 18:00:00+00:00,0.004502281,-0.0007215298828668892,0.0005053265619226503,0.0006408804329112172,0.004396739693953991
2024-03-25 10:00:00+00:00,-0.008598925,-0.000727560487575829,-0.0037977733113452434,0.000649651454295963,-0.008689088190814582
2024-03-25 11:00:00+00:00,-0.0009791657,-0.0007357897702604532,-0.0026695897066393195,0.000641624559648335,-0.001079190042332285
2024-03-25 12:00:00+00:00,-0.0034346497,-0.0007377417059615254,-0.003253632745489603,0.0006273228791542351,-0.003535925879077881
2024-03-25 13:00:00+00:00,0.0039968803,-0.0007355730049312115,0.0005010819866253543,0.0006253261235542595,0.0039258791444862625
2024-03-25 14:00:00+00:00,0.0018024469,-0.0007280022837221622,-0.000742266091937008,0.0006321148248389363,0.001771781086965283
2024-03-25 15:00:00+00:00,0.0021514327,-0.0007179976091720164,-6.762454163232391e-05,0.0006336400983855128,0.0020770611920302873
2024-03-25 16:00:00+00:00,0.0024080859,-0.0007086716359481215,-0.0002802545526437759,0.0006368022877722979,0.002350793982368885
2024-03-25 17:00:00+00:00,0.002177611,-0.0006980943726375699,-0.0003217760710008688,0.0006424358580261469,0.0020803362301176046
2024-03-25 18:00:00+00:00,0.0027915554,-0.0006811143248341978,0.001102577046111556,0.0006492834654636681,0.0027140168871786154
2024-03-26 10:00:00+00:00,-0.0009326435,-0.0006633569719269872,-9.133377799511416e-05,0.0006665828987024724,-0.0010286412152194864
2024-03-26 11:00:00+00:00,0.0023478817,-0.0006421181024052203,0.0012824779026776169,0.0006863796152174473,0.0022393430843785853
2024-03-26 12:00:00+00:00,0.00063530984,-0.0006146450177766383,0.0011128543162835308,0.0006920599262230098,0.0005181778571205949
2024-03-26 13:00:00+00:00,-0.0018533695,-0.0005906973965466022,-0.00044852155303170063,0.0007071019499562681,-0.0020717652711150654
2024-03-26 14:00:00+00:00,0.0023452337,-0.0005646880017593503,0.0012368925303237563,0.0007085645920597017,0.0021696372847624336
2024-03-26 15:00:00+00:00,-0.0004292498,-0.0005396255291998386,0.0008839322762998277,0.000700994860380888,-0.0005981462055156281
2024-03-26 16:00:00+00:00,-0.0018442922,-0.0005131966900080442,-0.00012728358659083987,0.0006982357590459287,-0.0019313439921133891
2024-03-26 17:00:00+00:00,0.0003673391,-0.0004899267805740237,-5.299178746050973e-05,0.0006870527286082506,0.00022032796811049545
2024-03-26 18:00:00+00:00,-0.00011645876,-0.000459037022665143,2.2814724476392454e-05,0.0006807626341469586,-0.00020644083331551846
2024-03-27 10:00:00+00:00,0.0016649662,-0.00043125401134602726,0.0002918710053009703,0.000681478762999177,0.0015869811197781075
2024-03-27 11:00:00+00:00,-0.0014051923,-0.00040443745092488825,-0.00019204525164186333,0.0006888203788548708,-0.0015584626164555791
2024-03-27 12:00:00+00:00,1.791296e-05,-0.00038013234734535217,-0.0004239604770774313,0.0006880954024381936,-4.514300214003686e-05
2024-03-27 13:00:00+00:00,0.0012710007,-0.0003621286596171558,0.00015606326484340866,0.0006983985076658428,0.0011583540368146716
2024-03-27 14:00:00+00:00,0.00080472825,-0.0003423969610594213,0.0004979527272039016,0.0007003955543041229,0.0006047086590193416
2024-03-27 15:00:00+00:00,0.0023389736,-0.0003228904097341001,0.0018213081329608377,0.0006988799432292581,0.0022241279666397836
2024-03-27 16:00:00+00:00,0.0049100807,-0.0003187296097166836,0.0014864013677146901,0.000710713560692966,0.004858380421257012
2024-03-27 17:00:00+00:00,0.0022601283,-0.0003020363801624626,-6.7856022808315e-05,0.0006942473701201379,0.0021737219807554374
2024-03-27 18:00:00+00:00,0.00037176695,-0.0002834167389664799,-0.00016392257113644038,0.0006970384856685996,0.0002270731407572355
2024-03-28 10:00:00+00:00,-0.00083224144,-0.0002662463521119207,-0.0009400725193060189,0.000700914126355201,-0.0010176713549129985
2024-03-28 11:00:00+00:00,-0.0014536561,-0.00025129428831860423,-0.00117662556729586,0.0006907495553605258,-0.001699107288752378
2024-03-28 12:00:00+00:00,0.0010727189,-0.0002398292999714613,-0.0006561171687842003,0.0006839156267233193,0.0009252343199124078
2024-03-28 13:00:00+00:00,-0.00044313277,-0.00022388424258679152,-0.00047365908998852203,0.0006771440384909511,-0.0006084842858320233
2024-03-28 14:00:00+00:00,0.0005405956,-0.00020839954959228635,-0.0010196827492588718,0.0006768018356524408,0.0004179804494806495
2024-03-28 15:00:00+00:00,-0.0023861385,-0.00019842886831611395,-0.0011795989051598557,0.0006976801087148488,-0.0025616221916569706
2024-03-28 16:00:00+00:00,0.00013320605,-0.00018933595856651664,-0.0011539798556923905,0.0007042030920274556,1.849991422918544e-05
2024-03-28 17:00:00+00:00,8.879772e-06,-0.00018344052659813315,-0.0004120920788305641,0.0007007796666584909,-4.952345258769453e-05
2024-03-28 18:00:00+00:00,0.0018630074,-0.00018040159193333238,-0.00045392314921077694,0.0006966806831769645,0.0018866762314242902
2024-03-29 10:00:00+00:00,0.00085936155,-0.00017018166545312852,-0.001068402547810779,0.0006846358301118016,0.000742261831590903
2024-03-29 11:00:00+00:00,-0.0015686695,-0.00015567637456115335,-0.0012316985716905923,0.0006801155395805836,-0.001696391726574785
2024-03-29 12:00:00+00:00,2.6608128e-05,-0.00014616973930969834,-0.0017658616921664822,0.0006909803487360477,-4.6679133929751625e-05
2024-03-29 13:00:00+00:00,0.003523749,-0.00013536226470023394,-7.914977180340622e-05,0.0006908660288900137,0.0034641208929757274
2024-03-29 14:00:00+00:00,0.0004329712,-0.00011422188254073262,0.00014601694494658122,0.0006914719706401229,0.0003157280610483951
2024-03-29 15:00:00+00:00,0.0022590104,-9.087028593057767e-05,0.0008256556905735529,0.0006917379796504974,0.0021525167278241128
2024-03-29 16:00:00+00:00,-0.00017630155,-8.911409531719983e-05,-0.0008852799408663699,0.0007059554918669164,-0.000300878376437786
2024-03-29 17:00:00+00:00,0.0030983759,-6.298372318269685e-05,0.0002978960398880203,0.000708393519744277,0.0030236839947163398
2024-03-29 18:00:00+00:00,-0.0008176723,-3.615006062318571e-05,-0.0006000224611187332,0.0007192653138190508,-0.0009938752870779252
2024-04-01 10:00:00+00:00,0.007972288,-1.1857962817884982e-05,-0.0003559106104112663,0.0007288689957931638,0.008111143058696245
2024-04-01 11:00:00+00:00,-3.490432e-05,1.3271331226860639e-05,-0.00033543946355356406,0.0007374088745564222,-0.00018510614506201054
2024-04-01 12:00:00+00:00,0.00012215979,3.4315144148422405e-05,-0.0003452435034684794,0.0007430649711750448,-0.00011943318759537189
2024-04-01 13:00:00+00:00,0.00046232692,4.939260907121934e-05,-0.00022616812793947787,0.0007526476983912289,0.00024349127163924417
2024-04-01 14:00:00+00:00,-0.0011780466,6.428972847061232e-05,-0.0006736333478514648,0.0007547975401394069,-0.0014367263999788718
2024-04-01 15:00:00+00:00,0.0016663108,6.834781379438937e-05,-9.686892086793004e-05,0.0007522190571762621,0.0014725867881399948
2024-04-01 16:00:00+00:00,0.0005838602,7.778576400596648e-05,0.0008570367810777439,0.0007441423367708921,0.00036625941306302895
2024-04-01 17:00:00+00:00,6.0980656e-05,8.271352271549404e-05,0.0007094856667292474,0.0007405839278362691,-0.0001526756634098608
2024-04-01 18:00:00+00:00,-9.5828414e-05,8.470907778246328e-05,7.90938549922669e-05,0.0007474713493138552,-0.0003064383263577878
2024-04-02 10:00:00+00:00,-0.003036413,8.006917050806805e-05,-0.001733683111206949,0.000747829326428473,-0.00331960243316643
2024-04-02 11:00:00+00:00,0.0007512361,8.213580440497026e-05,-0.0013739968293592138,0.0007568547152914107,0.0006519854507101079
2024-04-02 12:00:00+00:00,0.00061978155,8.073367644101381e-05,-0.001195403000980815,0.0007787169306538999,0.0005460345625587494
2024-04-02 13:00:00+00:00,-0.00013090776,9.452759695705026e-05,-0.0011595219278263862,0.0007954527391120791,-0.0002334485712755543
2024-04-02 14:00:00+00:00,0.0004973583,0.00010693653166526929,-0.0011912095729772598,0.0008169591892510653,0.00046625504273807453
2024-04-02 15:00:00+00:00,-0.00046244793,0.00011293742136331275,-0.0010630887853079222,0.0008355584577657282,-0.0005586980306350351
2024-04-02 16:00:00+00:00,-0.0013012363,0.0001336655841441825,-0.001802930352543359,0.0008502766722813249,-0.0014095671288564028
2024-04-02 17:00:00+00:00,0.0019643027,0.0001527455897303298,-0.0008205792028064649,0.0008815465262159705,0.0018840434270639575
2024-04-02 18:00:00+00:00,0.0012028661,0.0001683080627117306,-0.0005546947302915864,0.0008927156450226903,0.001068247806580904
2024-04-03 10:00:00+00:00,0.005039764,0.00018536504649091512,0.0013469926503299834,0.0008960479754023254,0.005051745655748136
2024-04-03 11:00:00+00:00,0.0005718841,0.0001981943059945479,3.668037585263776e-05,0.0008789062267169356,0.0003643957161192474
2024-04-03 12:00:00+00:00,0.00043302792,0.00022126796829979867,0.0004484761015890224,0.0008590601501055062,0.0002616141230421403
2024-04-03 13:00:00+00:00,0.0017561697,0.0002515703090466559,0.00017747775739211958,0.0008479522075504065,0.001659468724657928
2024-04-03 14:00:00+00:00,-0.0020592697,0.00029094170895405114,-0.0014604199462313074,0.0008450229652225971,-0.002343558829957917
2024-04-03 15:00:00+00:00,-0.00061514205,0.0003179920604452491,-0.001067673550717305,0.0008341727079823613,-0.0008347183670593764
2024-04-03 16:00:00+00:00,0.0011346856,0.0003446703776717186,-0.000881350300604,0.0008374071912840009,0.0010147424245459935
2024-04-03 17:00:00+00:00,0.00299941,0.0003864736936520785,0.0008194546440664842,0.0008427833672612906,0.0029283314328743797
2024-04-03 18:00:00+00:00,-0.0010708026,0.0004288886266294867,0.0004212669998533243,0.000835107930470258,-0.0013860577276861765
2024-04-04 10:00:00+00:00,0.00069960573,0.00046542685595341027,-0.00030061416365152586,0.0008356563048437238,0.0005506518505266373
2024-04-04 11:00:00+00:00,0.0012080423,0.0004940124927088618,0.00012168628859736671,0.000850312237162143,0.0010633309911441057
2024-04-04 12:00:00+00:00,0.0023859062,0.0005177364218980074,0.0004813841120069358,0.0008471776964142919,0.00236773133464062
2024-04-04 13:00:00+00:00,0.00035266543,0.0005317868781276047,0.0006082710438201188,0.00084324786439538,0.00021517136979966748
2024-04-04 14:00:00+00:00,4.2999472e-05,0.0005499657709151506,0.0002952412497709111,0.0008353918674401939,-0.00012175454911049336
2024-04-04 15:00:00+00:00,-0.00060216093,0.0005600331933237612,-0.0003583043080918332,0.0008199479198083282,-0.0008161839023886396
2024-04-04 16:00:00+00:00,8.604519e-05,0.0005801417864859104,0.00042297960470941734,0.0008024627459235489,-9.462984515535619e-05
2024-04-04 17:00:00+00:00,0.0009374127,0.0005886622820980847,0.0008601306238994152,0.0007922996301203966,0.0007606915030569213
2024-04-04 18:00:00+00:00,0.0003781563,0.0005965365562587976,0.00036726186063364895,0.0007858130265958607,0.00019519144953110916
2024-04-05 10:00:00+00:00,-0.004806335,0.0006071449024602771,-0.001965161451869066,0.0007803977350704372,-0.005181343197224644
2024-04-05 11:00:00+00:00,0.00013813825,0.0006175124435685575,-0.0015811309571844249,0.0007740713772363961,2.3374250510534256e-05
2024-04-05 12:00:00+00:00,-0.0026192395,0.000627915607765317,-0.0025204111309762183,0.0007693987572565675,-0.0028419378030023206
2024-04-05 13:00:00+00:00,-8.65606e-05,0.0006327803712338209,-0.0018697945244636792,0.0007675867527723312,-0.00012916038660435141
2024-04-05 14:00:00+00:00,0.0011852289,0.0006401514983735979,-0.0007980513421213304,0.000768640951719135,0.001065907851891459
2024-04-05 15:00:00+00:00,0.0005618439,0.0006483035976998508,-0.0009154661978086505,0.0007774807163514197,0.0005684017483388797
2024-04-05 16:00:00+00:00,-0.0020760715,0.0006552882841788232,-0.0015294518373807802,0.0007954557077027857,-0.00230587237125264
2024-04-05 17:00:00+00:00,0.00190323,0.0006701063248328865,-0.0011196311902236039,0.0008093365468084812,0.0018575520635127688
2024-04-05 18:00:00+00:00,-0.0009684645,0.0006830524653196335,-0.0009217586451327096,0.0008212966495193541,-0.0011649540130495202
2024-04-08 10:00:00+00:00,0.005598921,0.0006922467728145421,0.00019141015934775774,0.0008327114046551287,0.005654453097201352
2024-04-08 11:00:00+00:00,0.0010575961,0.0007024409715086222,0.0010184689358223725,0.0008388648275285959,0.0008817587086919766
2024-04-08 12:00:00+00:00,0.00087618333,0.0007167958538047969,0.0006067820352100345,0.0008323058718815446,0.0007022286376906991
2024-04-08 13:00:00+00:00,-0.00027479843,0.0007295001414604485,0.0003725078243013925,0.0008224965422414243,-0.0005187281623149441
2024-04-08 14:00:00+00:00,-0.0015643537,0.000738305039703846,-0.001453968623769077,0.0008188211941160262,-0.001864396890363936
2024-04-08 15:00:00+00:00,-1.7204302e-05,0.000741621304769069,-0.0009071042329044244,0.0008138645789586008,-0.0002009068356927138
2024-04-08 16:00:00+00:00,-0.00041299206,0.0007407441735267639,-0.0008669415328144784,0.0008088784525170922,-0.0006113660718329736
2024-04-08 17:00:00+00:00,0.0011611057,0.0007407670491375029,-0.00021275800356836458,0.0008046034490689635,0.000978850290187676
2024-04-08 18:00:00+00:00,-0.0009115693,0.0007398822926916182,-0.0008640027115423604,0.0007942744414322078,-0.0011333689581587531
2024-04-09 10:00:00+00:00,0.0034183958,0.0007394401472993195,0.0007943402276959867,0.0007829752867110074,0.003405155480013312
2024-04-09 11:00:00+00:00,0.0019016786,0.0007428341777995229,0.0005122553346578061,0.0007769529474899173,0.0018209804422846998
2024-04-09 12:00:00+00:00,-0.0020817546,0.000741895055398345,-0.0008548583015417494,0.0007718713604845107,-0.002398087993274567
2024-04-09 13:00:00+00:00,0.00096003024,0.0007370593375526369,-0.0004073129153036117,0.0007664642762392759,0.0008389970281537956
2024-04-09 14:00:00+00:00,-0.0037252624,0.0007284041494131088,-0.001708045208067334,0.0007643665885552764,-0.004088609688436293
2024-04-09 15:00:00+00:00,-0.0013768773,0.000720855372492224,-0.0027628877058199575,0.0007650986663065851,-0.0015775867462358194
2024-04-09 16:00:00+00:00,0.001909908,0.000705690064933151,-0.0006747722819981996,0.0007742836605757475,0.0017873453701842024
2024-04-09 17:00:00+00:00,-0.0012126269,0.0006937771686352789,-0.0008589655799546915,0.0007895387825556099,-0.0014706086411944363
2024-04-09 18:00:00+00:00,-0.0031200198,0.000683050777297467,-0.0028169356241836995,0.0008070467738434672,-0.003465472182774659
2024-04-10 10:00:00+00:00,-0.0041001034,0.0006690825684927404,-0.0028019911969275383,0.000824578630272299,-0.004509871294544842
2024-04-10 11:00:00+00:00,0.0024759131,0.0006484928308054805,-0.0005111624674804108,0.0008419909281656146,0.002452484351847989
2024-04-10 12:00:00+00:00,0.0017450353,0.0006212421576492488,-0.0007475214956285889,0.0008595724357292056,0.001731012518341249
2024-04-10 13:00:00+00:00,0.002766802,0.0005944237345829606,-0.0007889657445595389,0.0008792344597168267,0.0027498351965123094
2024-04-10 14:00:00+00:00,-0.00062853826,0.0005706517258659005,-0.0004021831048231574,0.0008985968888737261,-0.0008166172275732759
2024-04-10 15:00:00+00:00,-0.0030449564,0.0005486293230205774,-0.0012345204454483158,0.0009140690672211349,-0.0033745633370747584
2024-04-10 16:00:00+00:00,0.0005441143,0.0005243245395831764,-0.0007535899137388376,0.000927446351852268,0.00039696367902683906
2024-04-10 17:00:00+00:00,-0.00058731064,0.0004952616291120648,-0.001422358383109819,0.0009383420692756772,-0.0007465416386479885
2024-04-10 18:00:00+00:00,0.0016487765,0.0004672834475059062,-0.0012104502164193157,0.0009478309075348079,0.0015035995674091236
2024-04-11 10:00:00+00:00,-0.0017783768,0.0004414863360580057,-0.0011988966894093396,0.0009585977531969547,-0.0020871321717660343
2024-04-11 11:00:00+00:00,-0.0011239065,0.00041778248851187527,-0.0008968861650972308,0.0009660458890721202,-0.001410069126430909
2024-04-11 12:00:00+00:00,-0.0005191524,0.0003914747212547809,-0.0008031338101134605,0.0009660384384915233,-0.0007493352657510905
2024-04-11 13:00:00+00:00,0.00072673796,0.0003691305755637586,-0.0004414596721327354,0.0009683106327429414,0.0005781034080631313
2024-04-11 14:00:00+00:00,-9.513801e-05,0.00034476679866202176,-0.0005247052661979013,0.0009655992616899312,-0.00026332626816002016
2024-04-11 15:00:00+00:00,0.0023843679,0.0003247538988944143,-0.0002448607028087919,0.0009654147434048355,0.0022592057669926025
2024-04-11 16:00:00+00:00,0.0030413098,0.00029684347100555897,6.475442777599625e-05,0.0009615583112463355,0.0029374294539869935
2024-04-11 17:00:00+00:00,-0.0005421057,0.00028105766978114843,-0.0009850361986287507,0.0009684017859399319,-0.0008506497330013582
2024-04-11 18:00:00+00:00,0.00046468002,0.0002679580939002335,-0.0004991205443207837,0.0009758385131135583,0.00019326471130172234
2024-04-12 10:00:00+00:00,0.0014786543,0.0002561502333264798,8.622461602176986e-05,0.0009869822533801198,0.0013124391699191897
2024-04-12 11:00:00+00:00,-7.7317265e-05,0.00024969360674731433,-0.00033231926683785436,0.0009996028384193778,-0.0003342219779525032
2024-04-12 12:00:00+00:00,0.00230835,0.0002453672932460904,-0.0004710891637462939,0.0010013780556619167,0.00214484012604315
2024-04-12 13:00:00+00:00,-0.0008231865,0.00023942389816511422,-0.0005635525603549857,0.0010052472352981567,-0.001120383019364904
2024-04-12 14:00:00+00:00,-0.00070367544,0.00023212430824059993,-0.0005379913793132785,0.0010096811456605792,-0.0010601055590941152
2024-04-12 15:00:00+00:00,-0.0010392556,0.00022616388741880655,-0.0006516031264001073,0.0010201969416812062,-0.0013900017064460584
2024-04-12 16:00:00+00:00,0.002686109,0.00021990711684338748,0.00020624431941347165,0.0010283886222168803,0.0025326625357504945
2024-04-12 17:00:00+00:00,0.0013617504,0.00021317625942174345,0.00022638365086920405,0.0010318178683519363,0.0011508381082530885
2024-04-12 18:00:00+00:00,-0.002467931,0.00020992627833038568,-0.0009622158148305895,0.0010406415676698089,-0.0029324985209655025
2024-04-15 10:00:00+00:00,-0.0018635492,0.0002057003730442375,-0.001596859299567486,0.0010519892675802112,-0.002202151078189665
2024-04-15 11:00:00+00:00,0.0030639987,0.0001992718898691237,-0.0004957714594526958,0.0010584898991510272,0.0029411234938431776
2024-04-15 12:00:00+00:00,0.0010106894,0.00018842417921405286,-3.8732276070336386e-06,0.001060324371792376,0.000749464547267656
2024-04-15 13:00:00+00:00,0.0005135184,0.00017840998771134764,0.0003782991711960278,0.001061036135070026,0.0002715578969845888
2024-04-15 14:00:00+00:00,-0.00028240247,0.00016659531684126705,-0.0006511091077541268,0.0010587337892502546,-0.0005576945507912036
2024-04-15 15:00:00+00:00,-0.0007448981,0.00015574201825074852,-0.0013055185253264083,0.001061173272319138,-0.0009759811442016222
2024-04-15 16:00:00+00:00,0.0010615258,0.00013637881784234196,-0.00014134279505197595,0.0010613214690238237,0.0009049071430511724
2024-04-15 17:00:00+00:00,0.00055599515,0.0001247385807801038,0.000384225269373382,0.0010512543376535177,0.0002836210778233677
2024-04-15 18:00:00+00:00,-0.0021229975,0.00011160404392285272,-0.0012316186868248109,0.0010444516083225608,-0.0024487636260584703
2024-04-16 10:00:00+00:00,-0.0036057113,9.814961958909407e-05,-0.0035374590096161917,0.0010318808490410447,-0.003983226241052035
2024-04-16 11:00:00+00:00,-0.0014889984,8.596646512160078e-05,-0.0024107137515667373,0.0010136326309293509,-0.0017314731326526962
2024-04-16 12:00:00+00:00,0.0005769272,7.525490946136415e-05,-0.001642801026866345,0.001003348850645125,0.00042263586976342814
2024-04-16 13:00:00+00:00,0.00010329511,6.860424036858603e-05,-0.000817809709361873,0.0009964201599359512,-7.729809908240496e-05
2024-04-16 14:00:00+00:00,-0.0042092977,6.226601544767618e-05,-0.0011650945655254927,0.000982366967946291,-0.004609085685496879
2024-04-16 15:00:00+00:00,0.0011575975,5.732809586334042e-05,-0.0007474334814773525,0.0009743327973410487,0.0010226112284852007
2024-04-16 16:00:00+00:00,0.00014676365,5.360573413781822e-05,-0.0009830223806223655,0.0009631433058530092,1.2736843455054621e-05
2024-04-16 17:00:00+00:00,-0.001935557,4.5941706048324704e-05,-0.0013037790753866036,0.0009761579567566514,-0.002220531664828353
2024-04-16 18:00:00+00:00,-0.0006142852,3.821180507657118e-05,-0.0029544831801524654,0.00098387838806957,-0.00081640508547866
2024-04-17 10:00:00+00:00,0.0027138465,3.0598243029089645e-05,-0.0013941728031235234,0.0009918550495058298,0.0026393169562509396
2024-04-17 11:00:00+00:00,-0.0033285094,2.5494538931525312e-05,-0.0027392578991577905,0.000995535054244101,-0.00372630939679369
2024-04-17 12:00:00+00:00,-0.0021499605,2.223025330749806e-05,-0.002790575378041497,0.0010016538435593247,-0.0024755071986612117
2024-04-17 13:00:00+00:00,0.0025222662,1.8614407963468693e-05,-0.0008702971285392276,0.0010084988316521049,0.0024081690452926424
2024-04-17 14:00:00+00:00,-0.0018802617,1.398858967149863e-05,-0.0011588372619611496,0.001019132207147777,-0.0022384650947364624
2024-04-17 15:00:00+00:00,0.0006242576,8.210553460230585e-06,-0.0011049691952792382,0.0010356912389397621,0.00033892178949849685
2024-04-17 16:00:00+00:00,0.0011607762,4.454999725567177e-06,-0.000568653173758604,0.0010350171942263842,0.0009350321650359596
2024-04-17 17:00:00+00:00,0.0012977801,-8.608951702626655e-07,-0.0002506892380811586,0.0010391705436632037,0.0010445741416914207
2024-04-17 18:00:00+00:00,-0.0019819553,-8.338643965544179e-06,-0.0012393310235167489,0.0010359811130911112,-0.0023156025585065747
2024-04-18 10:00:00+00:00,-0.002211613,-1.49505331137334e-05,-0.001945174763651259,0.0010253987275063992,-0.002597180674340482
2024-04-18 11:00:00+00:00,0.0019776737,-2.438658157188911e-05,-0.0008962183462914606,0.0010235849767923355,0.0017393026780045536
2024-04-18 12:00:00+00:00,0.00041585445,-3.3841766708064824e-05,-0.00027185697586023925,0.0010196934454143047,9.650773706612853e-05
2024-04-18 13:00:00+00:00,-0.0019247782,-4.283210000721738e-05,-0.0014575525635012012,0.001022094744257629,-0.0023328387050790245
2024-04-18 14:00:00+00:00,0.0009108298,-5.234791024122387e-05,-0.0006812591131465495,0.0010238507529720664,0.000640123488532322
2024-04-18 15:00:00+00:00,0.002891802,-6.132621638244018e-05,0.000287940258268796,0.0010270951315760612,0.002647703976194944
2024-04-18 16:00:00+00:00,0.00089873665,-8.042608533287421e-05,0.0003760701490446404,0.0010330958757549524,0.0005542429324090375
2024-04-18 17:00:00+00:00,0.0005095013,-9.2790272901766e-05,0.00018066694945678122,0.0010362151078879833,0.00019920483885537814
2024-04-18 18:00:00+00:00,0.0019923332,-0.00010030476551037282,0.00013637689413942684,0.0010476306779310107,0.00180389063915659
2024-04-19 10:00:00+00:00,0.0035092584,-0.00010441459016874433,0.0002955092631126501,0.0010520213982090354,0.0033511609235835097
2024-04-19 11:00:00+00:00,-8.586087e-06,-0.00010395515710115433,5.405540239452983e-05,0.0010495824972167611,-0.00038270989072096607
2024-04-19 12:00:00+00:00,0.0009954947,-9.836323442868888e-05,-5.1759221026277864e-05,0.0010460037738084793,0.0006620410813470716
2024-04-19 13:00:00+00:00,0.0018253576,-9.275572665501386e-05,2.1604220067584752e-05,0.001037789974361658,0.0015882614007375951
2024-04-19 14:00:00+00:00,0.0004964691,-8.495181828038767e-05,-5.2778130482546875e-05,0.0010370458476245403,0.00011387971871396378
2024-04-19 15:00:00+00:00,0.0034683992,-7.464161171810701e-05,-0.00015213197405730873,0.0010386640205979347,0.0032835055864363872
2024-04-19 16:00:00+00:00,0.0005712167,-7.069740968290716e-05,-0.00019755681146468125,0.0010357877472415566,0.0002880699490392981
2024-04-19 17:00:00+00:00,0.0011840218,-5.616171984001994e-05,3.900703548455914e-05,0.0010296409018337727,0.0008418898336193014
2024-04-19 18:00:00+00:00,-0.0008346322,-3.9612859836779535e-05,-7.478747424414942e-05,0.0010229484178125858,-0.0012963689726462756
2024-04-22 10:00:00+00:00,0.00013631406,-2.785230208246503e-05,0.00024343676517875839,0.0010145659325644374,-0.0002671841389569417
2024-04-22 11:00:00+00:00,-0.00067323144,-1.3961899639980402e-05,-0.0008448066841140731,0.001010953914374113,-0.0010708383925488846
2024-04-22 12:00:00+00:00,1.7049426e-05,-2.669071818672819e-06,-0.0007414669669862559,0.0010114915203303099,-0.0003041314103007639
2024-04-22 13:00:00+00:00,0.00032388387,8.771507964411285e-06,-0.0003410160142229449,0.0010067581897601485,5.5534385674365485e-05
2024-04-22 14:00:00+00:00,-0.0018594976,1.82056101039052e-05,-0.0006797409873530555,0.0010077436454594135,-0.0023245744223117323
2024-04-22 15:00:00+00:00,-0.00017930864,2.585922266007401e-05,-0.0010781022612069361,0.001002579927444458,-0.00048413047121166055
2024-04-22 16:00:00+00:00,4.269545e-05,2.8722331990138628e-05,-0.0009699268426686812,0.0010057910112664104,-0.00018645421769347622
2024-04-22 17:00:00+00:00,0.0011009128,3.287440267740749e-05,-0.0013236472479619661,0.0010114702163264155,0.0009182293139493231
2024-04-22 18:00:00+00:00,0.0015085852,3.599186675273813e-05,-0.0007035577059112596,0.0010147239081561565,0.0013550054948330064
2024-04-23 10:00:00+00:00,0.0002810101,3.931872561224736e-05,-0.001505869323210309,0.0010192220797762275,4.4676205009956884e-05
2024-04-23 11:00:00+00:00,0.000978661,4.085569889866747e-05,-0.001289428055597215,0.0010196127695962787,0.0007423124392148318
2024-04-23 12:00:00+00:00,-0.003835014,4.1170595068251714e-05,-0.002900824097262874,0.0010197522351518273,-0.004277302785547769
2024-04-23 13:00:00+00:00,-0.00030743744,4.271137368050404e-05,-0.002207049515715468,0.0010250137420371175,-0.0006175072439451805
2024-04-23 14:00:00+00:00,0.0013400766,4.5198707084637135e-05,-0.001131849725569939,0.001037917798385024,0.0011222892876347865
2024-04-23 15:00:00+00:00,-0.0056198426,4.6345932787517086e-05,-0.0017709381940551783,0.0010481009958311915,-0.006183928559836775
2024-04-23 16:00:00+00:00,0.00023157579,4.2191655666101724e-05,-0.0022475841687327534,0.0010590438032522798,4.12960276881189e-05
2024-04-23 17:00:00+00:00,0.0024753653,3.992751953774132e-05,-0.0005572413943933411,0.001063704490661621,0.0023927488962564793
2024-04-23 18:00:00+00:00,-0.0046732062,4.196482041152194e-05,-0.0018296508415785364,0.001074501546099782,-0.0051107999143332585
2024-04-24 10:00:00+00:00,0.0066986145,4.400694524520077e-05,-0.0012260678827002664,0.0010832520201802254,0.006804300784688196
2024-04-24 11:00:00+00:00,-0.002401885,4.510438157012686e-05,-0.0017256115582710365,0.0010856821900233626,-0.002774791892931621
2024-04-24 12:00:00+00:00,0.0007442609,4.707072730525397e-05,-0.0005784428123988207,0.0010826793732121587,0.0005506744148717258
2024-04-24 13:00:00+00:00,-0.00078705134,5.016659997636452e-05,-0.0005359147313201216,0.0010774066904559731,-0.001142169001046221
2024-04-24 14:00:00+00:00,0.0026922289,5.701777263311669e-05,-0.00042732926203608256,0.0010669130133464932,0.0025228284291374807
2024-04-24 15:00:00+00:00,-0.0020163537,6.852422666270286e-05,-0.000759107118118739,0.0010644873837009072,-0.0024166947705260644
2024-04-24 16:00:00+00:00,0.0035600443,8.543489093426615e-05,-1.5180274713735416e-05,0.001061715418472886,0.003344793691523689
2024-04-24 17:00:00+00:00,-0.0022438273,0.00010434720752527937,-1.7712964846811573e-05,0.0010545154800638556,-0.002722388188381422
2024-04-24 18:00:00+00:00,0.00023058693,0.00012206123938085511,-0.0005216541912738237,0.001041690120473504,-0.00013654698001908477
2024-04-25 10:00:00+00:00,0.0012971277,0.0001416766899637878,-0.0008926514610404408,0.0010269952472299337,0.0010744193971046834
2024-04-25 11:00:00+00:00,0.0014146805,0.00016128992137964815,-0.00010714300444913385,0.0010118195787072182,0.001176700300566388
2024-04-25 12:00:00+00:00,-0.0010906613,0.0001754691475071013,-0.0007307597925918263,0.0010090809082612395,-0.0014888440797366164
2024-04-25 13:00:00+00:00,0.0017547002,0.00018707069102674723,0.00046140517238567536,0.0009991899132728577,0.0015543465476660096
2024-04-25 14:00:00+00:00,-0.00091103767,0.00019448704551905394,-0.0006034410900968175,0.000987130799330771,-0.0012780549372071852
2024-04-25 15:00:00+00:00,0.0007748605,0.00019864564819727093,-0.0006536811463546737,0.0009832058567553759,0.0005463639514358841
2024-04-25 16:00:00+00:00,0.00028935433,0.00019642553525045514,-0.0003948654619052584,0.0009734401246532798,-4.2125368783318364e-05
2024-04-25 17:00:00+00:00,0.0015814581,0.00020696800493169576,0.00014158126057138353,0.0009645249811001122,0.0014123504887029602
2024-04-25 18:00:00+00:00,0.0013838483,0.00021825218573212624,0.0001532955815176567,0.0009527481161057949,0.0010890612233931524
2024-04-26 10:00:00+00:00,0.0010260368,0.00022675481159240007,-0.0006839824495751743,0.0009356124792248011,0.0007942621242211895
2024-04-26 11:00:00+00:00,0.00083023414,0.00023415872419718653,-4.030635159358708e-05,0.0009205348906107247,0.0005633916197010596
2024-04-26 12:00:00+00:00,0.001176396,0.00023852316371630877,0.0006049819900285023,0.0009118551388382912,0.0009494067158894354
2024-04-26 13:00:00+00:00,-0.00048223964,0.0002423995319986716,-0.0010953043352269233,0.0008960027480497956,-0.00074343965490166
2024-04-26 14:00:00+00:00,0.001192485,0.0002464599965605885,-0.0008082398357154931,0.0008835319895297289,0.0010021461234233163
2024-04-26 15:00:00+00:00,0.001418979,0.0002529617049731314,0.0001794186709556451,0.0008723253267817199,0.0012195082413881248
2024-04-26 16:00:00+00:00,0.00094486866,0.0002613048127386719,3.8918478143289375e-05,0.0008473574998788536,0.0006967911339883835
2024-04-26 17:00:00+00:00,0.0026947157,0.0002648627560120076,0.00019384809012172762,0.0008267794619314373,0.0026371170536817388
2024-04-26 18:00:00+00:00,-0.0019529448,0.0002697270829230547,-0.0005058760648951381,0.0008081913692876697,-0.002398582396672448
2024-04-27 10:00:00+00:00,-0.00085139746,0.00027380380197428167,-0.0009815527335773667,0.0007844546344131231,-0.0011880143358453206
2024-04-27 11:00:00+00:00,0.0017189084,0.000273822428425774,-0.0003654930963933666,0.0007620690157637,0.00159672555698977
2024-04-27 12:00:00+00:00,-0.0015418255,0.0002713795402087271,-0.0009218764917934749,0.0007441862253472209,-0.0019056436323460547
2024-04-27 13:00:00+00:00,0.00014332989,0.0002719364420045167,-0.0009683914922276238,0.0007303266902454197,-1.1521388589898893e-05
2024-04-27 14:00:00+00:00,-0.00043848556,0.00027178224991075695,-0.0010242279258980693,0.0007144692935980856,-0.000688735873552838
2024-04-27 15:00:00+00:00,-0.002736442,0.00027113553369417787,-0.001546314093869052,0.0006964669446460903,-0.003130044024042778
2024-04-27 16:00:00+00:00,-0.0014387883,0.0002709786349441856,-0.001806417603375024,0.0006831591599620879,-0.0016573450971346657
2024-04-27 17:00:00+00:00,0.0019968194,0.0002710550033953041,-0.0011404629279698766,0.0006781260599382222,0.001903016314180105
2024-04-27 18:00:00+00:00,-0.0006848997,0.0002709234249778092,-0.0017034489980482534,0.0006847308832220733,-0.0008977653396659109
2024-04-29 10:00:00+00:00,-0.00250684,0.0002683441271074116,-0.0011552872756250049,0.0007011508569121361,-0.0028604931915728305
2024-04-29 11:00:00+00:00,-0.003686969,0.00026691504172049463,-0.0014764912925979436,0.0007139519439078867,-0.004096121396694254
2024-04-29 12:00:00+00:00,0.002032063,0.0002671168767847121,-0.0006533262066344324,0.0007306376355700195,0.0020533653259570944
2024-04-29 13:00:00+00:00,0.0006707791,0.0002619524020701647,-0.0008940769331313087,0.0007382847252301872,0.0006492773852463984
2024-04-29 14:00:00+00:00,-0.0020562152,0.0002589300856925547,-0.0010951183243331944,0.000740637187846005,-0.002322566780289248
2024-04-29 15:00:00+00:00,0.00027213892,0.00025186638231389225,-0.0011657773780508194,0.0007463377551175654,0.00021627021762253389
2024-04-29 16:00:00+00:00,0.0024628881,0.00023996639356482774,-0.0005540912187422946,0.0007577126380056143,0.00241612814531996
2024-04-29 17:00:00+00:00,-0.00031389316,0.00022683321731165051,-0.0004864042943465808,0.000767943391110748,-0.0005867129112078487
2024-04-29 18:00:00+00:00,-0.0009677502,0.0002134914102498442,-0.0008158080897885132,0.0007717939442954957,-0.0012421499890150666
2024-04-30 10:00:00+00:00,-0.0024745646,0.00019676676311064512,-0.0022262661380916737,0.0007765699992887676,-0.0028425739037699527
2024-04-30 11:00:00+00:00,-0.0029331786,0.0001761197781888768,-0.0015257988714449174,0.0007770205847918987,-0.0033770200640685596
2024-04-30 12:00:00+00:00,0.0017404811,0.00015681938384659588,-0.0005653470429957855,0.0007830432732589543,0.0015652093220082644
2024-04-30 13:00:00+00:00,-0.00061394164,0.0001357053406536579,-0.0011199678468888584,0.0007760888547636569,-0.000915672776943732
2024-04-30 14:00:00+00:00,-0.00085332245,0.0001143504778156057,-0.0012680286878006698,0.0007802078616805375,-0.0010838397606747331
2024-04-30 15:00:00+00:00,-0.0006148434,9.424419840797782e-05,-0.0018228705365626488,0.0007719539571553469,-0.0008665208614094569
2024-04-30 16:00:00+00:00,0.003155599,7.944364915601909e-05,-6.987072249877108e-05,0.000745729892514646,0.003110934570468904
2024-04-30 17:00:00+00:00,0.0013785125,6.729673623340204e-05,-0.0003497498399397489,0.0007246522582136095,0.0012165547614016103
2024-04-30 18:00:00+00:00,-0.001114576,5.5569962569279596e-05,-0.0008681057464774928,0.0006932569085620344,-0.0014295593832124825
2024-05-02 10:00:00+00:00,0.009851879,4.460541094886139e-05,0.000497435494620491,0.000682193145621568,0.01018671413605059
2024-05-02 11:00:00+00:00,0.002155627,2.6811023417394608e-05,0.0003474850734932697,0.0006906675989739597,0.0018937335588542653
2024-05-02 12:00:00+00:00,0.00039525525,6.620069598284317e-06,-0.00016432217822546315,0.0007088055717758834,-0.00011417059375935356
2024-05-02 13:00:00+00:00,-0.001118893,-1.3594252777693328e-05,-0.0004404729973377533,0.0006928644725121558,-0.0016714903004538928
2024-05-02 14:00:00+00:00,-0.00022729664,-3.703357288031839e-05,-0.000758303448911571,0.0006570101832039654,-0.0007925376609826654
2024-05-02 15:00:00+00:00,-0.003998757,-5.611464075627737e-05,-0.0010557689718924319,0.0006259035435505211,-0.0047396193937319225
2024-05-02 16:00:00+00:00,-0.004719488,-7.80078480602242e-05,-0.002012940223455654,0.0005822635139338672,-0.005488384454867965
2024-05-02 17:00:00+00:00,-0.00052670925,-9.195387974614277e-05,-0.0015265640882387048,0.0005429821903817356,-0.0008884576632480869
2024-05-02 18:00:00+00:00,0.0009767408,-0.00010151592141482979,-0.0015226408970699552,0.0005250129615888,0.0005913003125239003
2024-05-03 10:00:00+00:00,-4.2447165e-05,-0.0001160555038950406,-0.0013860278018443541,0.0005364487878978252,-0.0003323433189921521
2024-05-03 11:00:00+00:00,-0.00032265735,-0.00012558349408209324,-0.0016655794964641267,0.0005419828812591732,-0.0006202708811401815
2024-05-03 12:00:00+00:00,0.0020869395,-0.00013680766278412193,-0.0005272320483613092,0.0005374185275286436,0.001980389743194292
2024-05-03 13:00:00+00:00,0.0014904268,-0.00014971307246014476,-0.00039395795821313146,0.0005541109712794423,0.0013420937762350484
2024-05-03 14:00:00+00:00,-0.00030467936,-0.00016310381761286408,-0.00048420515626170467,0.0005514438380487263,-0.0006530931389966494
2024-05-03 15:00:00+00:00,0.0027809846,-0.0001775758428266272,-0.0002530555410673371,0.000536726787686348,0.002628787662573499
2024-05-03 16:00:00+00:00,0.0019058709,-0.0001913613232318312,0.00022765679524291632,0.0005103359580971301,0.0016931220635168648
2024-05-03 17:00:00+00:00,-0.0011211567,-0.00020233416580595076,-0.0005075652024513108,0.0005031746113672853,-0.0016247997093600016
2024-05-03 18:00:00+00:00,-0.0007847141,-0.00020929524907842278,-0.0009321049430232999,0.0004406983789522201,-0.001242163942005353
2024-05-06 10:00:00+00:00,-0.0010979453,-0.00021201932395342737,-0.0007354945692807997,0.00037807002081535757,-0.0015683053308383015
2024-05-06 11:00:00+00:00,-0.0011414513,-0.0002154004614567384,-0.0013567012646996692,0.00027412507915869355,-0.00160851097605308
2024-05-06 12:00:00+00:00,-0.00090563233,-0.0002181446907343343,-0.0013803381226288878,0.00017817114712670445,-0.0012652824791053716
2024-05-06 13:00:00+00:00,0.004174313,-0.00022152090969029814,0.001021286725553763,0.00010317959822714329,0.004247010982209272
2024-05-06 14:00:00+00:00,0.0034597304,-0.00022787759371567518,0.0011055842090929842,1.5796624211361632e-05,0.0033578657725458847
2024-05-06 15:00:00+00:00,-0.0030719147,-0.00023469998268410563,-0.0013320997846984664,-1.3048514119873289e-05,-0.003628190796445303
2024-05-06 16:00:00+00:00,-0.00042154608,-0.00023401719226967543,-0.0006318807955400255,-5.6734839745331556e-05,-0.0007285580930829833
2024-05-06 17:00:00+00:00,0.002669599,-0.00023223331663757563,-9.439038006938926e-05,-0.00010839205060619861,0.0025821106107026866
2024-05-06 18:00:00+00:00,-0.0023829283,-0.00022904149955138564,-0.0007520158313398265,-0.0001296928821830079,-0.0028737718827992415
2024-05-07 10:00:00+00:00,-0.0023041193,-0.00022306499886326492,-0.001547144082520304,-0.00012849272752646357,-0.002838383263136116
2024-05-07 11:00:00+00:00,0.00013518652,-0.00021700482466258109,-0.001406270286957196,-0.00013946389663033187,-0.000160664559250766
2024-05-07 12:00:00+00:00,-0.00094668963,-0.000210145692108199,-0.0004955474621735197,-0.00010771077359095216,-0.001246741353712805
2024-05-07 13:00:00+00:00,0.00013529626,-0.0002083027211483568,-0.0003616996848312144,-9.920917364070192e-05,-0.00011689794297790412
2024-05-07 14:00:00+00:00,0.00015218642,-0.00020157922699581832,-0.000147384797783502,-0.00015414826339110732,-6.31865275106219e-05
2024-05-07 15:00:00+00:00,-0.00095577637,-0.00020593324734363705,-0.00041298427760814895,-0.00016728483024053276,-0.0012453175964942732
2024-05-07 16:00:00+00:00,-6.7700224e-05,-0.0002038189850281924,-0.00031842230852205676,-0.00013689814659301192,-0.0002887405981621944
2024-05-07 17:00:00+00:00,0.0012432606,-0.00021190721599850804,-7.94712416093755e-05,-0.00015873734082560986,0.0010288016596512323
2024-05-07 18:00:00+00:00,0.00159621,-0.00022348649508785456,-0.0007563889040751962,-0.00017070610192604363,0.0014391959186440524
2024-05-08 10:00:00+00:00,-0.0041690157,-0.00022723188158124685,-0.001750515951373314,-0.00017958703392650932,-0.004678303956503374
2024-05-08 11:00:00+00:00,-0.00027120713,-0.00023502411204390228,-0.0016550432473564807,-0.00024266043328680098,-0.0005601525301439143
2024-05-08 12:00:00+00:00,-0.0014250454,-0.00024045718600973487,-0.0006977859769995328,-0.0002969267370644957,-0.0017029851081091102
2024-05-08 13:00:00+00:00,-0.002745538,-0.00024662219220772386,-0.0015874302176016079,-0.00033876788802444935,-0.003081737422511123
2024-05-08 14:00:00+00:00,0.001530951,-0.00025337564875371754,-0.00040560751657310113,-0.00037536630406975746,0.0014102822219619565
2024-05-08 15:00:00+00:00,-0.00028900013,-0.0002638291334733367,-0.0007812794188053926,-0.00039457573438994586,-0.0005115715271607033
2024-05-08 16:00:00+00:00,0.0009431919,-0.00027010266785509884,-0.0002865724266236614,-0.00040106315282173455,0.0007193534461867969
2024-05-08 17:00:00+00:00,-0.0019042928,-0.00027520416188053787,-0.001373931735392826,-0.0004150386666879058,-0.0022610658941373597
2024-05-08 18:00:00+00:00,0.000961101,-0.00027947945636697114,-0.0017458405714678284,-0.00039910469786264,0.0007557483444553277
2024-05-10 10:00:00+00:00,0.0029286325,-0.00027623987989500165,-0.0005722145153636438,-0.00039079683483578265,0.0028291124358853625
2024-05-10 11:00:00+00:00,-0.0018240826,-0.00027055194368585944,-0.0006009041858114527,-0.000389505410566926,-0.002226883944217271
2024-05-10 12:00:00+00:00,-0.00011889294,-0.00026424622046761215,-0.0006632733005752173,-0.0003823914157692343,-0.00037778610043290854
2024-05-10 13:00:00+00:00,0.00043304195,-0.0002558672276791185,-0.00020690131235755264,-0.0003755683428607881,0.00020064472554089598
2024-05-10 14:00:00+00:00,-0.00014432648,-0.00024684303207322955,0.0001514078800994814,-0.0003566918312571943,-0.00043353461874468815
2024-05-10 15:00:00+00:00,-0.0016314881,-0.0002367626002524048,-0.000877826048406792,-0.00031825737096369267,-0.0019126807953361855
2024-05-10 16:00:00+00:00,0.0016824292,-0.00022412391263060272,0.0002233757545080069,-0.00029282757895998657,0.0015655668816399347
2024-05-10 17:00:00+00:00,0.00038197584,-0.00021305994596332312,5.585061068137191e-05,-0.0002806884585879743,0.0001744663750620525
2024-05-10 18:00:00+00:00,-0.0002461455,-0.00019822028116323054,-0.0010728203131363547,-0.0002666028740350157,-0.0005263199694884602
2024-05-13 10:00:00+00:00,0.008166761,-0.00018818865646608174,0.0010558177151657627,-0.00026011429145000875,0.008350545474496119
2024-05-13 11:00:00+00:00,0.0017665917,-0.0001779094454832375,0.0012886497469493084,-0.0002607974165584892,0.001475201279869385
2024-05-13 12:00:00+00:00,0.002761401,-0.00016816450806800276,0.0009441747891014409,-0.00026813341537490487,0.0024944662624582334
2024-05-13 13:00:00+00:00,-0.0008469141,-0.00015820095723029226,0.00041730400039078714,-0.0002835796622093767,-0.0013694345402728882
2024-05-13 14:00:00+00:00,-0.0020405685,-0.00014676715363748372,-0.0008394769875965162,-0.00029962387634441257,-0.002646601461814854
2024-05-13 15:00:00+00:00,-0.0003951589,-0.0001327938516624272,-0.0004557492963023097,-0.0003260851663071662,-0.0008386000241126412
2024-05-13 16:00:00+00:00,0.00071453495,-0.00012206554674776271,-0.00046221642452094443,-0.00035817886237055063,0.00034903420742339564
2024-05-13 17:00:00+00:00,0.002232781,-0.00011484062997624278,0.00034575372405909704,-0.00038335396675392985,0.0020677644950798735
2024-05-13 18:00:00+00:00,0.0006621601,-0.00011144086602143943,0.00022641901804345424,-0.0004067760019097477,0.0003328695998501135
2024-05-14 10:00:00+00:00,0.00068684196,-0.00011342829384375364,0.0005567260731739018,-0.0004198363749310374,0.0004156221730311422
2024-05-14 11:00:00+00:00,-0.0030273194,-0.00012102492473786697,-0.0011386245954198313,-0.0004272714431863278,-0.0035884766166907655
2024-05-14 12:00:00+00:00,0.001946587,-0.00012406177120283246,-0.0006090880663725066,-0.0004401074256747961,0.001795480419318789
2024-05-14 13:00:00+00:00,-0.00091408833,-0.00013302432489581406,-0.0008306909962329101,-0.0004598470695782453,-0.0012474299431111111
2024-05-14 14:00:00+00:00,0.0028819912,-0.00014479005767498165,0.0002558566953002433,-0.0004863622016273439,0.0027949819045610513
2024-05-14 15:00:00+00:00,0.00069412217,-0.00016357426648028195,8.072993676210607e-05,-0.0005091391503810883,0.0003186772597916067
2024-05-14 16:00:00+00:00,-0.00020902224,-0.0001799209276214242,0.0004296041358900412,-0.0005297106690704823,-0.0005913844483660889
2024-05-14 17:00:00+00:00,-0.0017072563,-0.00019015812722500414,-0.0012887738645494153,-0.0005437074578367174,-0.0022175330834254014
2024-05-14 18:00:00+00:00,0.0006280066,-0.00020206694898661226,9.421157766138552e-05,-0.0005560225690715015,0.00034503842294846736
2024-05-15 10:00:00+00:00,0.0022909709,-0.00020623129967134446,0.0010219949793548661,-0.0005619345465674996,0.0021658463325829776
2024-05-15 11:00:00+00:00,-0.0010946634,-0.00020492920884862542,-0.0006895567390730043,-0.0005654869019053876,-0.001475810942237281
2024-05-15 12:00:00+00:00,0.0013702295,-0.0002106872561853379,0.0006337151380838953,-0.0005692324484698474,0.0011022326273956349
2024-05-15 13:00:00+00:00,-0.0005512081,-0.0002206596254836768,0.00017954883167463367,-0.0005679576424881816,-0.0009071717062122158
2024-05-15 14:00:00+00:00,0.0015359448,-0.0002208228688687086,0.0013215415835557116,-0.0005692505510523915,0.0013263838450291575
2024-05-15 15:00:00+00:00,0.0005670352,-0.00022873397392686456,0.0005292744891196531,-0.0005687779048457742,0.0002774772316639205
2024-05-15 16:00:00+00:00,-0.00023344616,-0.00023990360205061734,-0.0004553746004099633,-0.0005657515721395612,-0.0005683370981953047
2024-05-15 17:00:00+00:00,0.0026896622,-0.00024312571622431278,0.0015773003312199213,-0.0005651898682117462,0.002522903294631604
2024-05-15 18:00:00+00:00,-0.0016812322,-0.0002513426588848233,-0.0006844152064391722,-0.0005654325359500945,-0.002194213222774953
2024-05-16 10:00:00+00:00,0.003326434,-0.0002593545359559357,0.00017257802921905814,-0.000563840672839433,0.0032942755924941143
2024-05-16 11:00:00+00:00,-0.0008887376,-0.0002660951286088675,-0.0004372399622616166,-0.0005631431704387069,-0.0013493256377709027
2024-05-16 12:00:00+00:00,0.002473215,-0.0002814573817886412,0.0017316675473669132,-0.0005595127586275339,0.002298104296760105
2024-05-16 13:00:00+00:00,0.0010687258,-0.000279909058008343,0.0017173292031911602,-0.0005591056542471051,0.0008555104930036986
2024-05-16 14:00:00+00:00,0.00015731277,-0.00028460295288823545,0.0002124127960850488,-0.0005587397026829422,-0.00018015453232469262
2024-05-16 15:00:00+00:00,0.0007034648,-0.0002885161666199565,0.0006806820493577993,-0.0005550972418859601,0.00038750965739000346
2024-05-16 16:00:00+00:00,0.00014890554,-0.0002861524699255824,0.0005186436726330249,-0.0005530486814677715,-0.00026589183527384904
2024-05-16 17:00:00+00:00,-0.0008440914,-0.00028701071278192103,-0.0007541490970274722,-0.0005533432122319937,-0.0013235197746198771
2024-05-16 18:00:00+00:00,4.139364e-05,-0.00028667558217421174,-0.0005765994633402477,-0.0005518803955055773,-0.00032917497750082394
2024-05-17 10:00:00+00:00,0.002323573,-0.0002917333913501352,0.0009582990108397314,-0.000553703575860709,0.0021997108749907683
2024-05-17 11:00:00+00:00,-0.0010164157,-0.0002982086152769625,-0.0005844342487333677,-0.0005546713364310563,-0.0014891537946081913
2024-05-17 12:00:00+00:00,4.133786e-05,-0.00030513701494783163,-0.00036420130966593865,-0.0005547902546823025,-0.0002826228137458073
2024-05-17 13:00:00+00:00,0.0007024823,-0.00030424268334172666,0.00027301428219056413,-0.0005561250145547092,0.00039751801269790097
2024-05-17 14:00:00+00:00,-0.0002726698,-0.00030941059230826795,-0.00034340612408026455,-0.0005568367778323591,-0.0006209689715898985
2024-05-17 15:00:00+00:00,0.001395616,-0.0003088912053499371,0.0017190392016229823,-0.0005557846161536872,0.0012033945305736902
2024-05-17 16:00:00+00:00,-0.0005365449,-0.00030892083304934204,0.00023210212197876754,-0.0005579727585427463,-0.0008627815264242674
2024-05-17 17:00:00+00:00,0.0016829604,-0.00031044241040945053,0.0016549292317671294,-0.0005600113072432578,0.001538036032892735
2024-05-17 18:00:00+00:00,-0.0010721474,-0.00030699250055477023,-0.0012397327740801794,-0.000561831402592361,-0.0015291376846541188
2024-05-20 10:00:00+00:00,0.002735822,-0.0003063273325096816,-0.0013894997583713006,-0.0005620339652523398,0.002711936889416481
2024-05-20 11:00:00+00:00,-0.0021088887,-0.00030508992495015264,-0.0015385423150467879,-0.0005647556390613317,-0.0026557867343464012
2024-05-20 12:00:00+00:00,-0.0025927713,-0.00030474193044938147,-0.002294199711286674,-0.0005664157215505838,-0.0031686458748878994
2024-05-20 13:00:00+00:00,0.0001818783,-0.0003075191634707153,-0.001694840754759201,-0.0005687024677172303,-0.00013057666334666197
2024-05-20 14:00:00+00:00,0.0010988332,-0.00030789495212957263,-0.0016873614013162318,-0.0005692697013728321,0.0008894536958321376
2024-05-20 15:00:00+00:00,-0.00272865,-0.0003106391814071685,-0.002372770139851204,-0.0005702850758098066,-0.003219334017371845
2024-05-20 16:00:00+00:00,0.00023181111,-0.0003180830681230873,-0.001554624559183564,-0.0005741433706134558,-2.008128437795058e-05
2024-05-20 17:00:00+00:00,0.00043863824,-0.00032093600020743906,-0.0008894664515229488,-0.0005711299600079656,0.00025514763939270724
2024-05-20 18:00:00+00:00,-0.003688894,-0.0003254009352531284,-0.0032045118637531412,-0.0005743642686866224,-0.0042813544696075345
2024-05-21 10:00:00+00:00,-0.0061312066,-0.00032883018138818443,-0.0035795507295999706,-0.000575849786400795,-0.006877922844005219
2024-05-21 11:00:00+00:00,0.00018381585,-0.00033896969398483634,-0.0036294113464815795,-0.0005821381928399205,1.2337214164952422e-05
2024-05-21 12:00:00+00:00,0.0008517959,-0.00034681218676269054,-0.0024476009344063998,-0.0005825026892125607,0.0007787535683805729
2024-05-21 13:00:00+00:00,-0.0016123444,-0.00035742297768592834,-0.002235200385228172,-0.000579355051741004,-0.001960048162915753
2024-05-21 14:00:00+00:00,0.00023407652,-0.00036619589081965387,-0.0012792452166045468,-0.0005648814258165658,8.191707044350076e-05
2024-05-21 15:00:00+00:00,-0.0030305083,-0.0003748272138182074,-0.0027264455405322267,-0.0005402142996899784,-0.0034276339677891143
2024-05-21 16:00:00+00:00,-0.0010905493,-0.0003828162152785808,-0.002924837440768246,-0.0005334430024959147,-0.0013786724338136125
2024-05-21 17:00:00+00:00,0.0077006104,-0.00039476429810747504,-5.4151475753510565e-05,-0.0005219766753725708,0.008097319841183451
2024-05-21 18:00:00+00:00,-0.0011333901,-0.0003995609877165407,-0.0004615803508864066,-0.0005287472740747035,-0.001514673897343778
2024-05-22 10:00:00+00:00,0.0026813908,-0.0004029277479276061,-0.0006814948306492707,-0.0005308925174176693,0.0026745741432455165
2024-05-22 11:00:00+00:00,0.001387833,-0.0004043084045406431,-0.0002493069161172503,-0.0005370849394239485,0.0010988800074680596
2024-05-22 12:00:00+00:00,-0.00091392495,-0.00040637864731252193,-0.00037533093126459745,-0.0005441264365799725,-0.0013933551744719633
2024-05-22 13:00:00+00:00,-0.00021614073,-0.0004112059832550585,-9.935828899677621e-05,-0.0005484012071974576,-0.0005933689914059044
2024-05-22 14:00:00+00:00,0.0,-0.00041912691085599363,-0.0004456835137985546,-0.0005508342874236405,-0.00042241975626871534
2024-05-22 15:00:00+00:00,0.0011549792,-0.0004296274564694613,0.0008962172332131784,-0.0005617142305709422,0.000914030383770486
2024-05-22 16:00:00+00:00,-0.0016705804,-0.0004418680036906153,-0.00023694911441536712,-0.0005652467370964587,-0.002244546257763935
2024-05-22 17:00:00+00:00,0.0029569357,-0.00045827310532331467,0.0018975411223913763,-0.0005702684866264462,0.0028028191598751515
2024-05-22 18:00:00+00:00,-0.0017681269,-0.0004788633668795228,-0.00024213633961747672,-0.0005736671737395227,-0.0022580047933329593
2024-05-23 10:00:00+00:00,-0.008267716,-0.0004965772968716919,-0.0019238000827813619,-0.0005755706806667149,-0.009224352732232268
2024-05-23 11:00:00+00:00,-3.35101e-05,-0.0005075825029052794,-0.0018073230075241803,-0.0005778732593171299,-0.00021817456314666172
2024-05-23 12:00:00+00:00,-0.00015080934,-0.0005233994452282786,-0.0015759199238435666,-0.0005766802350990474,-0.0003360113828579086
2024-05-23 13:00:00+00:00,0.0009882251,-0.0005390035221353173,-0.0008771827705907147,-0.0005768359987996519,0.0008789061151389604
2024-05-23 14:00:00+00:00,0.0016476604,-0.0005508849280886352,-0.0004860134427215097,-0.0005755999591201544,0.0015535702921676653
2024-05-23 15:00:00+00:00,0.001428005,-0.0005634939298033714,-0.0005250846329424664,-0.0005696482839994133,0.00130928914513706
2024-05-23 16:00:00+00:00,0.004570913,-0.0005814075702801347,0.00014888434672509314,-0.0005646077333949506,0.0046823664510101375
2024-05-23 17:00:00+00:00,0.0011208018,-0.0005977088585495949,0.0009946865369023009,-0.0005543690640479326,0.000924516649526834
2024-05-23 18:00:00+00:00,-0.00023235937,-0.0006097856676205993,0.0009267115448063751,-0.0005459870444610715,-0.0004943164346984663
2024-05-24 10:00:00+00:00,-0.0013038731,-0.0006225701654329896,-0.00033948472607129627,-0.0005402343813329935,-0.0016950652925041537
2024-05-24 11:00:00+00:00,-0.0013471823,-0.0006355106015689671,-0.0008598415234867083,-0.0005386412958614528,-0.0018212786855282162
2024-05-24 12:00:00+00:00,0.00020801698,-0.0006396199460141361,-0.0005035853808864111,-0.000534598424565047,-0.00016070564246101391
2024-05-24 13:00:00+00:00,-0.0018987189,-0.0006408925401046872,-0.0012522778898708732,-0.0005300986231304705,-0.00234941819885442
2024-05-24 14:00:00+00:00,-0.009909987,-0.0006466893828473985,-0.003568765258095847,-0.000529347569681704,-0.010961429336558949
2024-05-24 15:00:00+00:00,0.0022368552,-0.0006522590992972255,-0.0021845153747732165,-0.0005246557993814349,0.002212647811932077
2024-05-24 16:00:00+00:00,0.0071311696,-0.0006609026459045708,0.00020841095646879508,-0.0005247294902801514,0.0074824682123345075
2024-05-24 17:00:00+00:00,0.00047527527,-0.0006694899639114738,0.00015403342338462026,-0.0005228377995081246,0.00035052588479928795
2024-05-24 18:00:00+00:00,-0.0033484085,-0.0006730449968017638,-0.000545844724594435,-0.0005286763189360499,-0.003872555063558143
2024-05-27 10:00:00+00:00,-0.005687028,-0.0006744110723957419,-0.002968428008335626,-0.000535977422259748,-0.006306894291366119
2024-05-27 11:00:00+00:00,0.0041049547,-0.0006779874674975872,-0.0007873387617528407,-0.0005518504185602069,0.004269770525878228
2024-05-27 12:00:00+00:00,-0.0012573978,-0.0006827497854828835,-0.0008880757199189984,-0.0005762680666521192,-0.0015313437407222887
2024-05-27 13:00:00+00:00,-0.001158204,-0.0006793789798393846,-0.0015813522057034081,-0.0006040189764462411,-0.0014373892353709004
2024-05-27 14:00:00+00:00,-0.0028761267,-0.0006756479851901531,-0.0022444786845719922,-0.0006346842856146395,-0.003270130460136271
2024-05-27 15:00:00+00:00,-0.0008172516,-0.0006705126143060625,-0.002237851933954257,-0.0006553279818035662,-0.001231304295670021
2024-05-27 16:00:00+00:00,-0.0028022572,-0.0006598476320505142,-0.002963972132217093,-0.0006697498029097915,-0.0032231684056745922
2024-05-27 17:00:00+00:00,-0.0056111827,-0.0006485428893938661,-0.0038649566138937623,-0.0006836458924226463,-0.006119331884266162
2024-05-27 18:00:00+00:00,-0.0021783535,-0.0006391803035512567,-0.003650087493257872,-0.0007081324001774192,-0.002445796567197757
2024-05-28 10:00:00+00:00,0.014998717,-0.0006299464730545878,0.0005055095740190349,-0.0007291174260899425,0.01589528497155724
2024-05-28 11:00:00+00:00,-0.0040024268,-0.0006208203267306089,-0.0003196142408299304,-0.0007483377121388912,-0.004550659406158441
2024-05-28 12:00:00+00:00,0.0034232351,-0.0006107483641244471,-0.0006021383440376504,-0.000765749893616885,0.0034266276908562474
2024-05-28 13:00:00+00:00,-0.00100809,-0.000595548830460757,-6.993686318841638e-05,-0.000770806334912777,-0.001249825595123795
2024-05-28 14:00:00+00:00,-4.202581e-05,-0.0005838079960085452,-3.5298489211371106e-05,-0.0007802760228514671,-0.0003470338883150193
2024-05-28 15:00:00+00:00,-0.0043128203,-0.0005688662640750408,-0.0005634848424821334,-0.0007797771831974387,-0.0048877668300932415
2024-05-28 16:00:00+00:00,-0.0028488964,-0.0005765578825958073,-0.0009587414234640775,-0.0008010383462533355,-0.0032531410998995515
2024-05-28 17:00:00+00:00,-0.00066054676,-0.000577869126573205,-0.0012499841375310898,-0.0007956587360240519,-0.0008453713828358089
2024-05-28 18:00:00+00:00,-0.004840363,-0.0005737784085795283,-0.0014164044868688222,-0.0008017141954042017,-0.0054263870325218485
2024-05-29 10:00:00+00:00,-0.0067818295,-0.0005777163314633071,-0.0032205165588765714,-0.0008052799967117608,-0.00747515974171463
2024-05-29 11:00:00+00:00,0.00032562125,-0.0005863138358108699,-0.0021411946355636515,-0.0007970446604304016,0.0003706951939651822
2024-05-29 12:00:00+00:00,-0.0021871242,-0.0005951532511971891,-0.0029354963483946644,-0.0007915530586615205,-0.0023500050490559096
2024-05-29 13:00:00+00:00,-0.003733434,-0.0006036565755493939,-0.0022790701580495663,-0.0007879066397435963,-0.0038310530417793726
2024-05-29 14:00:00+00:00,5.1709427e-05,-0.0006081477622501552,-0.002474293144289337,-0.0007756867562420666,0.0001276065627268471
2024-05-29 15:00:00+00:00,-0.0027529327,-0.0006103410851210356,-0.0029967081764316976,-0.000770455808378756,-0.002871371842556317
2024-05-29 16:00:00+00:00,0.0028649606,-0.0006214622990228236,-0.0010642070319429105,-0.0007959950598888099,0.003036476599642562
2024-05-29 17:00:00+00:00,0.0015154518,-0.000624151318334043,-0.0008248893472955237,-0.0007983361138030887,0.0015758150393962137
2024-05-29 18:00:00+00:00,0.004695348,-0.0006272870814427733,-0.0005293657226678765,-0.0007703748415224254,0.004913064876165249
2024-05-30 10:00:00+00:00,0.0016001305,-0.0006329690804705024,-0.0003316098619319234,-0.0007399588939733803,0.0015664809971031423
2024-05-30 11:00:00+00:00,-0.0040265983,-0.00063760404009372,-0.0007163563311609364,-0.0007272803923115134,-0.00446219215182843
2024-05-30 12:00:00+00:00,-0.0015550032,-0.0006488017970696092,-0.0006332570207203212,-0.00071098399348557,-0.0017556478365422102
2024-05-30 13:00:00+00:00,-0.0009031831,-0.000663081940729171,-0.0008515395938625237,-0.0007029478438198566,-0.0010774966503769973
2024-05-30 14:00:00+00:00,-0.0021882225,-0.0006794452201575041,-0.0010825184719900377,-0.0007002379279583693,-0.0025283738341179427
2024-05-30 15:00:00+00:00,-0.001199522,-0.0006977349403314292,-0.0015928203612297841,-0.0006886397604830563,-0.0013824944045454084
2024-05-30 16:00:00+00:00,-0.0008552141,-0.0007169494056142867,-0.0005636025406877809,-0.0007288448978215456,-0.0010746529120298743
2024-05-30 17:00:00+00:00,-0.0010635585,-0.000725615827832371,-0.0006366159664494839,-0.0007192116463556886,-0.0012666478799861793
2024-05-30 18:00:00+00:00,-0.0043350914,-0.0007348090293817222,-0.002871312918269807,-0.0007223620777949691,-0.004757316464277756
2024-05-31 10:00:00+00:00,-0.01991229,-0.0007421887130476534,-0.0035144042027764034,-0.0007293749949894845,-0.02081270760175497
2024-05-31 11:00:00+00:00,0.0096414555,-0.0007491495925933123,-0.0013228318999274752,-0.0007412053528241813,0.009962786071910633
2024-05-31 12:00:00+00:00,-0.0051664235,-0.0007558423094451427,-0.0018153796239932293,-0.0007519472856074572,-0.005186307779221647
2024-05-31 13:00:00+00:00,-0.0032702875,-0.0007584764389321208,-0.0029333182500688357,-0.0007486421964131296,-0.003362769061730229
2024-05-31 14:00:00+00:00,0.0059580468,-0.0007604918209835887,-0.0008029714888740567,-0.0007556205382570624,0.006186476611033119
2024-05-31 15:00:00+00:00,0.00096758595,-0.0007598687661811709,-0.00046650776658237734,-0.0007552658207714558,0.0009556401310065681
2024-05-31 16:00:00+00:00,-0.0044233436,-0.0007569221779704094,-0.001808716761688778,-0.000753838277887553,-0.004569877033581588
2024-05-31 17:00:00+00:00,-0.0014758585,-0.0007557467906735837,-0.0018749819152647932,-0.0007646818412467837,-0.0016505214419329911
2024-05-31 18:00:00+00:00,-0.0044584563,-0.0007510525174438953,-0.003160339431076635,-0.0007577566429972649,-0.004593305058364333
2024-06-03 10:00:00+00:00,-0.0039342446,-0.0007441294146701694,-0.00285743755020747,-0.0007575713098049164,-0.004214531953185085
2024-06-03 11:00:00+00:00,-0.005329626,-0.0007436549058184028,-0.002856463558341869,-0.000755637651309371,-0.005721599945143564
2024-06-03 12:00:00+00:00,0.0019885174,-0.0007398903835564852,-0.0018531379213202926,-0.0007553751347586513,0.001928943417303786
2024-06-03 13:00:00+00:00,-0.0109227775,-0.0007348047802224755,-0.001758359202434194,-0.0007585749262943864,-0.011230002787445898
2024-06-03 14:00:00+00:00,-0.01105255,-0.0007257253746502101,-0.0029683488586854756,-0.0007642391719855368,-0.011303898844775341
2024-06-03 15:00:00+00:00,0.010690618,-0.0007153376354835927,-0.0007958370061154399,-0.0007768607465550303,0.010699071723616315
2024-06-03 16:00:00+00:00,0.0045057526,-0.0007057569455355406,-0.00036774865072249324,-0.0007876551244407892,0.0045333461321727195
2024-06-03 17:00:00+00:00,0.0033817543,-0.0006959117599762976,-0.00036863216167402435,-0.0007947995909489691,0.003401968172446201
2024-06-03 18:00:00+00:00,-0.0019593046,-0.000691686465870589,-0.0005939932073887185,-0.0008021992398425937,-0.0021595670852147994
2024-06-04 10:00:00+00:00,0.010479734,-0.0006886392366141081,4.2480954814787294e-05,-0.0008068045717664063,0.010426751260766604
2024-06-04 11:00:00+00:00,-0.0030672136,-0.0006819111877121031,7.197008951758148e-05,-0.0008135848329402506,-0.003365349727762099
2024-06-04 12:00:00+00:00,0.0052459897,-0.0006827902398072183,0.0010388567390458596,-0.0008300631889142096,0.004955618277767198
2024-06-04 13:00:00+00:00,0.0010920472,-0.000685555802192539,0.001343662301200825,-0.0008228733786381781,0.0008473193084577509
2024-06-04 14:00:00+00:00,0.0018794332,-0.0006774995708838105,0.001421885441598577,-0.0008117987308651209,0.0015911954620626897
2024-06-04 15:00:00+00:00,0.0029273534,-0.0006663428503088653,0.0021513885233124274,-0.0008138151024468243,0.0026570836897311014
2024-06-04 16:00:00+00:00,-0.00057418214,-0.0006581660127267241,0.0008450239677943045,-0.0008150494541041553,-0.0007942758887346178
2024-06-04 17:00:00+00:00,0.002197774,-0.0006598461186513305,0.0021429831334290944,-0.0008186759660020471,0.002131910396336293
2024-06-04 18:00:00+00:00,-0.0025336025,-0.0006638314807787538,0.0004949892566667414,-0.0008089557522907853,-0.002778933936937336
2024-06-05 10:00:00+00:00,0.0053158086,-0.0006763104465790093,3.098173517808594e-05,-0.0008075295481830835,0.0053151026010411
2024-06-05 11:00:00+00:00,0.006467693,-0.0006893318495713174,0.0013724767925479325,-0.0008041580440476537,0.006586604041673316
2024-06-05 12:00:00+00:00,0.0035055322,-0.0007179512758739293,0.0017197862946086208,-0.0008006085990928113,0.003490128050590857
2024-06-05 13:00:00+00:00,-0.0022658554,-0.0007480581989511847,-3.51907643684518e-05,-0.0007942260126583278,-0.00257273101257186
2024-06-05 14:00:00+00:00,-0.0013794551,-0.0007815594435669482,0.00012252781635481688,-0.000791090598795563,-0.00170060780296953
2024-06-05 15:00:00+00:00,-0.0043867207,-0.0008269990212284029,-0.0008359335960179203,-0.0007940446375869215,-0.004666483647636706
2024-06-05 16:00:00+00:00,0.0002807658,-0.0008707139641046524,-0.0008956206956649371,-0.0007910237181931734,0.00010617116303393565
2024-06-05 17:00:00+00:00,0.003843818,-0.0008970936178229749,-7.36599334172948e-05,-0.0007727316115051508,0.003902451571943152
2024-06-05 18:00:00+00:00,-0.003431586,-0.0009237191407009959,-0.0013521037907045343,-0.0007766881608404219,-0.0037152113495606894
2024-06-06 10:00:00+00:00,-0.00014031518,-0.0009436303516849875,-0.0003028128538782885,-0.000767869409173727,-0.0003739449405413951
2024-06-06 11:00:00+00:00,0.00091169693,-0.000958215503487736,-0.0003032789379169585,-0.0007592897163704038,0.0009197341407961184
2024-06-06 12:00:00+00:00,-0.005940942,-0.000971928471699357,-0.0011386394459050708,-0.0007483803783543408,-0.006191790290903844
2024-06-06 13:00:00+00:00,-0.004036377,-0.0009777711238712072,-0.0011673258229900913,-0.0007427571108564734,-0.004095376348959065
2024-06-06 14:00:00+00:00,-0.0013461336,-0.0009810348274186254,-0.0013807519248326277,-0.0007348741055466235,-0.0012960761777168113
2024-06-06 15:00:00+00:00,0.0033972713,-0.0009777744999155402,0.00044822343703632925,-0.0007242504507303238,0.0034381115182066753
2024-06-06 16:00:00+00:00,0.0006533582,-0.0009766322327777743,0.00021829631786771407,-0.0007120398804545403,0.0007450076047147819
2024-06-06 17:00:00+00:00,-0.003129395,-0.0009805401787161827,-0.0014882274555314276,-0.0007020703633315861,-0.0032289190950018664
2024-06-06 18:00:00+00:00,0.002237543,-0.0009902282617986202,-3.1222896371910284e-05,-0.0006918299477547407,0.002307715845318406
2024-06-07 10:00:00+00:00,0.0031664437,-0.0009956307476386428,0.0010402347125622355,-0.0006818699766881764,0.0032666752688045933
2024-06-07 11:00:00+00:00,0.0028842792,-0.0010054500307887793,0.000921623075649968,-0.0006740154349245131,0.0029321893013903944
2024-06-07 12:00:00+00:00,0.0041272584,-0.0010036076419055462,0.0009139822527776071,-0.0006677017663605511,0.00426021959452217
2024-06-07 13:00:00+00:00,0.010343765,-0.0009988920064643025,0.0010988822964451714,-0.0006629912531934679,0.010640323019367234
2024-06-07 14:00:00+00:00,-0.0058503556,-0.0009891046211123466,-0.0005636673130793987,-0.0006561578484252095,-0.006342402894948158
2024-06-07 15:00:00+00:00,-0.0020566098,-0.0009743365808390081,-0.0004930127054096356,-0.0006480049341917038,-0.0024055416040455442
2024-06-07 16:00:00+00:00,-0.003110368,-0.0009681676747277379,-0.0005933276887403812,-0.0006394168012775481,-0.003445657852491889
2024-06-07 17:00:00+00:00,-0.0038049861,-0.0009666386758908629,-0.0012841157045392088,-0.0006336543592624366,-0.004085777316466068
2024-06-07 18:00:00+00:00,0.004189938,-0.0009624672238714993,0.00031221371180880156,-0.0006327100563794374,0.004122042182302844
2024-06-10 10:00:00+00:00,0.006877852,-0.0009494979749433696,0.0001266969925053956,-0.000627717119641602,0.007019688281452153
2024-06-10 11:00:00+00:00,-0.0027402402,-0.0009321228717453778,-0.0006566195437937292,-0.0006208586855791509,-0.002938677148760783
2024-06-10 12:00:00+00:00,-0.0038402504,-0.0009127215598709881,-0.0013852116220627346,-0.0006132503622211516,-0.00411929829988085
2024-06-10 13:00:00+00:00,0.00082165684,-0.0008952519856393337,-0.0008352981273593717,-0.0006071563111618161,0.0007447168035367449
2024-06-10 14:00:00+00:00,-0.0037729451,-0.0008781981305219233,-0.001716594371759,-0.000601216743234545,-0.0039167490717485435
2024-06-10 15:00:00+00:00,-0.0011583725,-0.0008577865082770586,-0.0012713885459404372,-0.0005975200911052525,-0.001223708690611928
2024-06-10 16:00:00+00:00,0.0017896468,-0.0008362894295714796,-0.000746821253279374,-0.0005966476164758205,0.0017238815957991715
2024-06-10 17:00:00+00:00,-0.003793638,-0.0008265094365924597,-0.0019162036818079994,-0.0005938615649938583,-0.0040104221449975535
2024-06-10 18:00:00+00:00,-0.0050099334,-0.0008169067441485822,-0.002509304365528298,-0.0005933942156843841,-0.005435707700703981
2024-06-11 10:00:00+00:00,-0.0052573606,-0.0008122470462694764,-0.0017599970659098647,-0.0005926536396145821,-0.005572650738244559
2024-06-11 11:00:00+00:00,0.000382156,-0.0008080165134742856,-0.0012753520156573936,-0.0005969321355223656,0.00044285781595012854
2024-06-11 12:00:00+00:00,-0.0040690093,-0.0008005238487385213,-0.0024957327428198933,-0.0006006517796777189,-0.004032101672337172
2024-06-11 13:00:00+00:00,-0.0011605176,-0.0007893714937381446,-0.001613392063983262,-0.0006057849386706948,-0.0011101177843747705
2024-06-11 14:00:00+00:00,0.001312178,-0.000775864056777209,-0.0012799950851378396,-0.0006113856798037887,0.0013426302917783671
2024-06-11 15:00:00+00:00,-0.0014461706,-0.0007638675160706043,-0.000784419635304388,-0.0006140874465927482,-0.001431982547946336
2024-06-11 16:00:00+00:00,0.0018475137,-0.0007520754006691277,-0.0007341514564808578,-0.0006128037930466235,0.0019257140824693489
2024-06-11 17:00:00+00:00,0.00096256693,-0.0007349341758526862,0.00020214349190177155,-0.0006090338574722409,0.0010695263696737024
2024-06-11 18:00:00+00:00,-0.002702885,-0.0007156483479775488,-0.0015363351395324045,-0.0006091808318160474,-0.00280365250952545
2024-06-13 10:00:00+00:00,-0.017062861,-0.0006920454325154424,-0.000280866945181944,-0.0006000788998790085,-0.01757630275598758
2024-06-13 11:00:00+00:00,0.0062318477,-0.0006616843165829778,0.0009116469997193209,-0.0005984249291941524,0.0061138561492875545
2024-06-13 12:00:00+00:00,-0.0017171265,-0.0006361050182022154,0.00026291220964827174,-0.0005970559432171285,-0.001671734758860703
2024-06-13 13:00:00+00:00,-0.0015388796,-0.0006125166546553373,9.081509675562982e-05,-0.0005996340187266469,-0.0015264031636393442
2024-06-13 14:00:00+00:00,0.0041405307,-0.00059223867719993,0.0008429647647595962,-0.0006031421944499016,0.004151287554732874
2024-06-13 15:00:00+00:00,0.010393014,-0.0005750942509621382,0.0017808672778987112,-0.0006084885681048036,0.010618473862836238
2024-06-13 16:00:00+00:00,0.0014186235,-0.0005535100935958326,0.0015927970074531774,-0.0006146286614239216,0.0015129116749999524
2024-06-13 17:00:00+00:00,0.010897961,-0.0005353292217478156,0.0025135199060778287,-0.0006256307824514806,0.011123303508922265
2024-06-13 18:00:00+00:00,-0.0010323789,-0.0005193253164179623,0.0012906122956955121,-0.0006338296225294471,-0.0010546073974138058
2024-06-14 10:00:00+00:00,-0.00091856567,-0.0005088014295324683,0.0004734497163935909,-0.0006433975649997592,-0.0010686646827582655
2024-06-14 11:00:00+00:00,-0.0002209349,-0.0005063091521151364,0.0008429542717371664,-0.0006553253624588251,-0.00035497193412430085
2024-06-14 12:00:00+00:00,0.0035731497,-0.0005002732505090535,0.002135611138078142,-0.0006649458082392812,0.0035822277749416537
2024-06-14 13:00:00+00:00,0.0016279412,-0.0005022851401008666,0.0021373450452729366,-0.0006719311350025237,0.0016680468085993857
2024-06-14 14:00:00+00:00,0.0017306285,-0.0004951254231855273,0.0019731862856430162,-0.0006830912898294628,0.0016370644204060556
2024-06-14 15:00:00+00:00,0.0010439559,-0.000492375751491636,0.002216940655723519,-0.0006917615537531674,0.0009738769698182126
2024-06-14 16:00:00+00:00,0.0069987485,-0.0004849161487072706,0.002429029593782594,-0.0006978591554798186,0.007252254170647874
2024-06-14 17:00:00+00:00,-0.010696975,-0.0004722269077319652,-0.0016168081151122647,-0.0006994509603828192,-0.011245053987030112
2024-06-14 18:00:00+00:00,0.001029146,-0.000456283800303936,-0.00047336323988982326,-0.000703086145222187,0.0009891356291798028
2024-06-17 10:00:00+00:00,-0.00020222714,-0.0004380179743748158,-0.0008524845038615269,-0.0007073874585330486,-0.00030198187700405206
2024-06-17 11:00:00+00:00,-0.006245169,-0.00041201061685569584,-0.00155112216735655,-0.00071527756517753,-0.006453346199186784
2024-06-17 12:00:00+00:00,0.0026510214,-0.0003874533576890826,-0.0006755403387288469,-0.0007241163402795792,0.0026281667493020903
2024-06-17 13:00:00+00:00,0.0016665421,-0.0003625108511187136,-0.0010063264492054765,-0.0007329200743697584,0.0017621510058726184
2024-06-17 14:00:00+00:00,-0.0021343783,-0.00033969414653256536,-0.0004753149255144417,-0.0007414890569634736,-0.002162698790147118
2024-06-17 15:00:00+00:00,-0.0019000744,-0.0003189387498423457,-0.0008246141784641445,-0.0007565344567410648,-0.001831103695297624
2024-06-17 16:00:00+00:00,-0.0014074971,-0.0003003002784680575,-0.0014448390190519092,-0.0007747386698611081,-0.00136727710950447
2024-06-17 17:00:00+00:00,0.00096510147,-0.00028373210807330906,-0.000493948746749455,-0.0007921141223050654,0.001199576775570055
2024-06-17 18:00:00+00:00,-0.003288704,-0.0002679163299035281,-0.001872179153026387,-0.0008160409634001553,-0.0032487401833951445
2024-06-18 10:00:00+00:00,-0.0043602134,-0.0002571751538198441,-0.0024554547997253547,-0.0008349461131729186,-0.004436766167272975
2024-06-18 11:00:00+00:00,-0.0027951812,-0.000251287390710786,-0.0017396006488505577,-0.0008509024046361446,-0.002796529282644335
2024-06-18 12:00:00+00:00,-0.0020858427,-0.0002469410828780383,-0.001977918041785036,-0.0008648729999549687,-0.0020913946435640357
2024-06-18 13:00:00+00:00,0.0011464091,-0.0002429496089462191,-0.0014527438263664228,-0.0008837688365019858,0.0011786972618896229
2024-06-18 14:00:00+00:00,-0.0024107734,-0.00023461379169020802,-0.002280755098924093,-0.0009049513028003275,-0.002374127081373179
2024-06-18 15:00:00+00:00,-0.00577719,-0.0002259577449876815,-0.0025812914882184777,-0.0009228159324266016,-0.005797715863886343
2024-06-18 16:00:00+00:00,9.0243746e-05,-0.00022762882872484624,-0.0018136357180890492,-0.000944377388805151,0.0001868499028585914
2024-06-18 17:00:00+00:00,0.019976722,-0.00023055104247760028,0.003051926379001622,-0.0009619236807338893,0.020320707769644546
2024-06-18 18:00:00+00:00,-0.002976509,-0.0002219654415966943,-0.0004060840571605313,-0.0009748645243234932,-0.003015957887338946
2024-06-19 10:00:00+00:00,-0.008061435,-0.00021295393526088446,-0.0014273799804337805,-0.0009952251566573977,-0.008377454955179706
2024-06-19 11:00:00+00:00,-0.0023549544,-0.00021103610924910754,-0.0004532687469781261,-0.0010113894240930676,-0.0024640699327964774
2024-06-19 12:00:00+00:00,-0.0025672112,-0.00020888933795504272,-0.0007765558757032691,-0.0010291499784216285,-0.002608456207787841
2024-06-19 13:00:00+00:00,-0.0044408287,-0.0002002688415814191,-0.00213428457968102,-0.0010412716073915362,-0.00449680722104907
2024-06-19 14:00:00+00:00,0.0033167228,-0.0002045505534624681,-0.0007580694717012312,-0.0010468570981174707,0.003319336359359565
2024-06-19 15:00:00+00:00,0.0019326804,-0.00021361286053434014,0.00021982069860000114,-0.0010510309366509318,0.0018899696921484673
2024-06-19 16:00:00+00:00,-0.005429975,-0.00021930740331299603,0.00033784433527029196,-0.0010573378531262279,-0.005434771169026786
2024-06-19 17:00:00+00:00,0.04164911,-0.00023685827909503132,0.002505721456067422,-0.0010677602840587497,0.04280560150248126
2024-06-19 18:00:00+00:00,-0.0003118476,-0.00024638764443807304,0.0005427360588577224,-0.001066573546268046,-0.0002609294187099391
2024-06-20 10:00:00+00:00,0.015730353,-0.0002548433549236506,0.0021128425061805846,-0.001079019159078598,0.016467161186428363
2024-06-20 11:00:00+00:00,0.0026488728,-0.0002621177409309894,0.0014760899539744098,-0.0010861518094316125,0.002820082184700481
2024-06-20 12:00:00+00:00,-0.0022395854,-0.0002745767415035516,0.0008471489437021183,-0.0010895656887441874,-0.002589436032496794
2024-06-20 13:00:00+00:00,-0.009361592,-0.0002864437410607934,-0.00023915373301592094,-0.0010903018992394209,-0.009959377246174204
2024-06-20 14:00:00+00:00,-0.011032339,-0.00029554939828813076,-0.00041170678758040255,-0.0010880415793508291,-0.011900727881602237
2024-06-20 15:00:00+00:00,0.019907884,-0.00030297564808279276,0.00017892206039201195,-0.001082053524442017,0.020984281161684538
2024-06-20 16:00:00+00:00,0.0017554777,-0.0003059545997530222,0.0004536062927157518,-0.0010756496340036392,0.001915403055700176
2024-06-20 17:00:00+00:00,-0.023378873,-0.0003175408055540174,-0.0005820327641011564,-0.0010688545880839229,-0.025027351895237828
2024-06-20 18:00:00+00:00,0.0039751455,-0.0003309733874630183,-0.0008549550298402073,-0.0010608858428895473,0.004205711754968498
2024-06-21 10:00:00+00:00,-0.0015812066,-0.00034649111330509186,-0.0004257258442543336,-0.0010544303804636002,-0.0014411376140992967
2024-06-21 11:00:00+00:00,-0.00065232423,-0.0003555219154804945,-0.0013465830800348335,-0.0010551707819104195,-0.00025089975285595733
2024-06-21 12:00:00+00:00,-0.0062315287,-0.00036886933958157897,-0.0012410750255399537,-0.001056288368999958,-0.005920310475301409
2024-06-21 13:00:00+00:00,0.0054481775,-0.00037934142164886,-0.0006440230727243726,-0.0010600312380120158,0.006209354906354417
2024-06-21 14:00:00+00:00,0.0024871957,-0.000382943544536829,-0.0003188373944236758,-0.00106354511808604,0.0030823219943481874
2024-06-21 15:00:00+00:00,0.00041682587,-0.0003892216773238033,-0.0008835356609808065,-0.0010686469031497836,0.0006869509142975229
2024-06-21 16:00:00+00:00,-0.0006774303,-0.0003906433121301234,-0.0010421007906425818,-0.0010736563708633184,-0.00030289041071970645
2024-06-21 17:00:00+00:00,-0.031184422,-0.00037838853313587606,-0.002633273270543191,-0.00107844069134444,-0.03174016255460767
2024-06-21 18:00:00+00:00,-0.00025996496,-0.00036090859794057906,-0.0015841415753648771,-0.0010874404106289148,-5.7572233512865806e-05
2024-06-24 10:00:00+00:00,0.0034546987,-0.00035291165113449097,-0.0015650563150364913,-0.0010981607483699918,0.004011355120687809
2024-06-24 11:00:00+00:00,-0.00409145,-0.00034244090784341097,-0.0013284183000720144,-0.0011118593392893672,-0.003729060067556425
2024-06-24 12:00:00+00:00,-0.0029198937,-0.0003230550209991634,-0.0016806707742099754,-0.0011237021535634995,-0.002659373491946373
2024-06-24 13:00:00+00:00,0.0017439774,-0.00030664517544209957,-0.0012407179181527456,-0.0011390354484319687,0.0019155252799726284
2024-06-24 14:00:00+00:00,0.00030533253,-0.00030399172101169825,-0.0002689244950479282,-0.001151891890913248,0.000608334883662745
2024-06-24 15:00:00+00:00,-0.0020313154,-0.00031259935349226,-0.0012827407343166685,-0.0011670887470245361,-0.0018194516982805438
2024-06-24 16:00:00+00:00,0.0019145815,-0.00031916567240841687,-0.0003413604785564282,-0.0011809878051280975,0.0020754139765895795
2024-06-24 17:00:00+00:00,-0.0027066537,-0.0003274549380876124,-0.0013119832184411556,-0.0011935520451515913,-0.0023920778517685687
2024-06-24 18:00:00+00:00,-0.00091886934,-0.00032485462725162506,-0.0013707090650833097,-0.0012161703780293465,-0.0009531925191622636
2024-06-25 10:00:00+00:00,-0.003304087,-0.00032900695805437863,-0.0008756026922596874,-0.0012322858674451709,-0.003364581052714221
2024-06-25 11:00:00+00:00,-0.0031789618,-0.0003356325614731759,-0.0017827675909519358,-0.0012447910849004984,-0.003282969615189792
2024-06-25 12:00:00+00:00,0.008589791,-0.0003358928661327809,-0.00020514150104512362,-0.0012556756846606731,0.008695120708340092
2024-06-25 13:00:00+00:00,0.004692675,-0.00033976120175793767,0.002111863906684021,-0.0012670444557443261,0.004759775886470511
2024-06-25 14:00:00+00:00,-0.008928671,-0.00033415842335671186,-0.0005311371877027336,-0.0012764263665303588,-0.009122726112057195
2024-06-25 15:00:00+00:00,0.0069125323,-0.000317799742333591,0.0009438722678732166,-0.0012893282109871507,0.006684523457959359
2024-06-25 16:00:00+00:00,0.0023204465,-0.0002985898172482848,0.0015814801065878068,-0.0012900078436359763,0.00223832265372695
2024-06-25 17:00:00+00:00,0.00020580275,-0.00028071869746781886,0.001574959322796653,-0.0012948523508384824,0.00014050377747981335
2024-06-25 18:00:00+00:00,0.0047752387,-0.0002488187747076154,0.0020189944625785368,-0.0012956050923094153,0.004756137891655984
2024-06-26 10:00:00+00:00,0.00976482,-0.00022412204998545349,0.0028630856380147405,-0.001291746157221496,0.009992986243716738
2024-06-26 11:00:00+00:00,9.699193e-05,-0.00020620657596737146,0.0003189914870507522,-0.0012888526543974876,-4.8582218734652566e-05
2024-06-26 12:00:00+00:00,0.0015241824,-0.0001926187105709687,0.00106358587996014,-0.001288338447920978,0.0013076833890568647
2024-06-26 13:00:00+00:00,0.001082256,-0.0001821052865125239,0.00033030132213676526,-0.0012811515480279922,0.001269696294400429
2024-06-26 14:00:00+00:00,-0.0018220312,-0.00017484092677477747,-0.00015172229764818043,-0.0012733065523207188,-0.002051360334366035
2024-06-26 15:00:00+00:00,-0.0015076642,-0.0001765743363648653,-0.0005368263467781715,-0.0012674961471930146,-0.001306798587680916
2024-06-26 16:00:00+00:00,0.0023002597,-0.00016997683269437402,0.00031199907652130164,-0.0012636330211535096,0.0023378934846528627
2024-06-26 17:00:00+00:00,-0.0067217196,-0.000172300249687396,-0.00034317651058595535,-0.00126314302906394,-0.006985529235770696
2024-06-26 18:00:00+00:00,0.0021070533,-0.00018101233581546694,-0.0004533451368376141,-0.0012634322047233582,0.0020551924697478977
2024-06-27 10:00:00+00:00,-0.005213748,-0.00018568117229733616,-0.0006735314826813799,-0.0012631985591724515,-0.0054270439917648025
2024-06-27 11:00:00+00:00,-0.00080932415,-0.0001871036656666547,-0.0009922829670592239,-0.0012593517312780023,-0.000726781894881442
2024-06-27 12:00:00+00:00,-0.0017543004,-0.00019612719188444316,-0.0009960094014836523,-0.0012582428753376007,-0.0017029949722840937
2024-06-27 13:00:00+00:00,0.003079116,-0.0002049549511866644,-0.00037578977705840034,-0.0012602851493284106,0.0033210547214081614
2024-06-27 14:00:00+00:00,-0.0015561715,-0.00020545638108160347,-0.001123100783164032,-0.0012652907753363252,-0.0011534477856656863
2024-06-27 15:00:00+00:00,0.005829834,-0.00021754199406132102,0.0005268892510505347,-0.001271107466891408,0.006301755669126463
2024-06-27 16:00:00+00:00,-0.00013272281,-0.00021637656027451158,0.0002756322087815586,-0.0012768781743943691,0.00017115146261776715
2024-06-27 17:00:00+00:00,0.0336629,-0.000207485631108284,0.0015570197492068324,-0.0012856984976679087,0.03510489825830401
2024-06-27 18:00:00+00:00,-0.0006333339,-0.00020182495063636452,0.0010296251307109518,-0.0012818018440157175,-0.000465074199641
2024-06-28 10:00:00+00:00,0.0034101286,-0.00019490366685204208,0.0016409110185360378,-0.0012797892559319735,0.0035034880991371966
2024-06-28 11:00:00+00:00,-0.00084503804,-0.00018177845049649477,0.0009151683869941423,-0.0012744686100631952,-0.001032239692451582
2024-06-28 12:00:00+00:00,0.0009900738,-0.00017498638771940023,0.0014728719728832231,-0.0012657638872042298,0.0009350505843442098
2024-06-28 13:00:00+00:00,-0.0016478195,-0.00017373899754602462,0.0006646321979810919,-0.0012567974627017975,-0.0018100164660048619
2024-06-28 14:00:00+00:00,-0.0038011791,-0.0001654612715356052,0.00010978769816707371,-0.0012532564578577876,-0.004164704990892202
2024-06-28 15:00:00+00:00,0.0026640526,-0.00016623111150693148,0.0003059075672499032,-0.001249029766768217,0.002902099156140433
2024-06-28 16:00:00+00:00,-0.00017110836,-0.00016267334285657853,0.00012049994089986162,-0.0012401549611240625,-0.00018906632070867681
2024-06-28 17:00:00+00:00,-0.00955999,-0.00016835994028951973,-0.00035853003224834356,-0.0012292576720938087,-0.01028571140850118
2024-06-28 18:00:00+00:00,0.0010533223,-0.00016580300871282816,-0.0006500512762752281,-0.0012231237487867475,0.0014009354414180625
2024-07-01 10:00:00+00:00,0.0024390991,-0.00016403928748331964,-0.00036228357093974034,-0.0012327713193371892,0.0027382443806994398
2024-07-01 11:00:00+00:00,-0.00126621,-0.00016706361202523112,-0.0004695936804261009,-0.0012451807269826531,-0.00102413658984236
2024-07-01 12:00:00+00:00,-0.0012074067,-0.00017256087448913604,-0.0003200746814140125,-0.001259406330063939,-0.0008490122188664698
2024-07-01 13:00:00+00:00,0.0037726143,-0.0001617756497580558,-0.0011597466974681918,-0.0012585120275616646,0.00421623221348173
2024-07-01 14:00:00+00:00,0.0016149402,-0.0001358874433208257,-0.0006841228238485842,-0.001266248757019639,0.0017790077874667964
2024-07-01 15:00:00+00:00,0.0010123021,-0.00012755619536619633,-0.00033319165030894877,-0.0012871954822912812,0.0011556736796610515
2024-07-01 16:00:00+00:00,0.0017305489,-9.690822480479255e-05,0.00016041825760543412,-0.0012973061529919505,0.0019263261024589163
2024-07-01 17:00:00+00:00,-0.016257854,-6.890083022881299e-05,-0.002440856055835216,-0.001307473168708384,-0.01700335234306267
2024-07-01 18:00:00+00:00,0.00029575505,-5.5598986364202574e-05,-0.0016152662865448072,-0.00131683936342597,0.00047986192421899
2024-07-02 10:00:00+00:00,0.006182092,-3.9808113797334954e-05,-0.00019701092143020906,-0.0013269103365018964,0.006653338319633642
2024-07-02 11:00:00+00:00,-0.0013666522,-2.951518035843037e-05,-0.0006767704304109051,-0.0013370101805776358,-0.0011267445553428642
2024-07-02 12:00:00+00:00,0.0020492785,-2.278271858813241e-05,-0.0005604492371080158,-0.00134777813218534,0.002404031659225172
2024-07-02 13:00:00+00:00,-0.00042334627,-1.5279400031431578e-05,-0.0005838276557587817,-0.001359119196422398,-0.00035600696447314736
2024-07-02 14:00:00+00:00,0.0017699501,-2.109994056809228e-05,-0.0007786272372271296,-0.0013644169084727764,0.0019310058641148898
2024-07-02 15:00:00+00:00,0.0010432339,-2.6018045900855213e-05,-0.0008017190432896467,-0.0013640475226566195,0.001294675669258303
2024-07-02 16:00:00+00:00,-0.00054303557,-2.7167048756382428e-05,-0.0006737329331176053,-0.0013701472198590636,-0.0006009763035699074
2024-07-02 17:00:00+00:00,-0.0059322207,-3.7790883652633056e-05,-0.0014340596521532285,-0.0013720131246373057,-0.006118783869540039
2024-07-02 18:00:00+00:00,-0.0009979218,-4.2600098822731525e-05,-0.0006912784970469646,-0.0013724371092393994,-0.0009875643650507635
2024-07-03 10:00:00+00:00,-0.0021467349,-6.034808757249266e-05,-0.000961778788636394,-0.0013709459453821182,-0.0021953216240349015
2024-07-03 11:00:00+00:00,-0.000661462,-6.279680383158848e-05,-0.0008408421334542982,-0.0013697831891477108,-0.0006872220343337725
2024-07-03 12:00:00+00:00,0.004257026,-6.537220178870484e-05,-0.00013931721447938382,-0.0013661751290783286,0.0045473536786277
2024-07-03 13:00:00+00:00,-0.001292567,-6.335852231131867e-05,-0.0005307006846442142,-0.0013594840420410037,-0.0013781092819446505
2024-07-03 14:00:00+00:00,0.0006681795,-5.4079289839137346e-05,-0.00011992716669500099,-0.0013573529431596398,0.0008045285479057785
2024-07-03 15:00:00+00:00,-0.00030366261,-5.8169975091004744e-05,-0.0006197552197650721,-0.0013550382573157549,-0.0002520098154475455
2024-07-03 16:00:00+00:00,-0.0032941513,-3.713585829245858e-05,-0.0012225166791617643,-0.0013548106653615832,-0.0032779025692798837
2024-07-03 17:00:00+00:00,-0.0029644377,-3.1229457817971706e-05,-0.002186546160213531,-0.0013529881834983826,-0.002866451805591918
2024-07-03 18:00:00+00:00,0.0017884333,-3.022981582034845e-05,-0.0010276229389248313,-0.0013537902850657701,0.0019602666277766865
2024-07-04 10:00:00+00:00,-0.0048142336,-3.508780355332419e-05,-0.0010844937601679867,-0.0013576789060607553,-0.004977492308640544
2024-07-04 11:00:00+00:00,4.3790697e-05,-4.295555118005723e-05,-0.0005852339245766144,-0.0013551409356296062,6.578442233503036e-05
2024-07-04 12:00:00+00:00,-0.00064829824,-5.346575562725775e-05,-0.0001715173653964377,-0.0013576098717749119,-0.0006368574622549637
2024-07-04 13:00:00+00:00,-0.0037139023,-6.764531281078234e-05,-0.0019648484606172574,-0.0013616859214380383,-0.0036421191800232082
2024-07-04 14:00:00+00:00,-0.0013114987,-8.959812839748338e-05,-0.001430277854437844,-0.0013663980644196272,-0.001422034049231332
2024-07-04 15:00:00+00:00,-0.0012162128,-0.00012146623339504004,-0.001934007450508284,-0.001373157138004899,-0.0011365373991759496
2024-07-04 16:00:00+00:00,-0.008199452,-0.00015389469626825303,-0.0025265603237393493,-0.0013802150497213006,-0.008415972007577526
2024-07-04 17:00:00+00:00,-0.00076492724,-0.0001928510464495048,-0.0018136260415628361,-0.0013845562934875488,-0.0008348836173719462
2024-07-04 18:00:00+00:00,-0.0031637559,-0.00021731675951741636,-0.0025423896997729192,-0.0013887202367186546,-0.0031552937023413296
2024-07-05 10:00:00+00:00,-0.0031111175,-0.00022630015155300498,-0.0022209443765772857,-0.001397277694195509,-0.0031030825509485017
2024-07-05 11:00:00+00:00,-0.0012184744,-0.00022177577193360776,-0.0013796635091472625,-0.001399426837451756,-0.001230361896994858
2024-07-05 12:00:00+00:00,0.007938144,-0.0002082380378851667,0.0005923140957708949,-0.0014003054238855839,0.008237706391257938
2024-07-05 13:00:00+00:00,0.00161739,-0.0001955976476892829,0.00026609068413643595,-0.0014028666773810983,0.0018073856646049545
2024-07-05 14:00:00+00:00,-0.003477955,-0.00018173627904616296,-0.000515265399156629,-0.0013964551035314798,-0.0034039253989960644
2024-07-05 15:00:00+00:00,-0.0011055144,-0.0001876333699328825,0.00024834790981247785,-0.0013952620793133974,-0.0009150385425932745
2024-07-05 16:00:00+00:00,0.0003656682,-0.00018634584557730705,0.00039635098245645805,-0.0013908169930800796,0.0004750655384997283
2024-07-05 17:00:00+00:00,0.0016661102,-0.00018613399879541248,0.0006314546450250918,-0.0013840538449585438,0.0016647425663440022
2024-07-05 18:00:00+00:00,0.0020898464,-0.0001901945361169055,0.0006681524921027745,-0.001377322245389223,0.002221740318163598
2024-07-08 10:00:00+00:00,0.004909486,-0.00018524544429965317,0.0011535379215418442,-0.0013666304294019938,0.005016920550663374
2024-07-08 11:00:00+00:00,-0.0023985603,-0.00018623899086378515,0.00035416061234065616,-0.0013575504999607801,-0.002506844753622908
2024-07-08 12:00:00+00:00,-0.00505489,-0.0001849626423791051,-0.0006693766405881565,-0.0013485783711075783,-0.005215656757716858
2024-07-08 13:00:00+00:00,-5.343926e-05,-0.00019016794976778328,-0.0003410726512555649,-0.0013421206967905164,-7.135001196335232e-05
2024-07-08 14:00:00+00:00,-0.002505943,-0.00020001160737592727,-0.0006956027558935632,-0.0013420818140730262,-0.0025067318819115597
2024-07-08 15:00:00+00:00,1.78581e-05,-0.0002106860774802044,0.0006185749312530645,-0.0013358872383832932,0.00010110658738168439
2024-07-08 16:00:00+00:00,0.0014721958,-0.00022588102729059756,-8.501136255319907e-05,-0.0013501376379281282,0.001508583468605624
2024-07-08 17:00:00+00:00,-0.00082951656,-0.00023553687788080424,-0.0003553075771709309,-0.0013592279283329844,-0.0008381548849278111
2024-07-08 18:00:00+00:00,-0.0012679026,-0.00024996776483021677,-0.0014981177133883252,-0.0013607172295451164,-0.0012429747985707314
2024-07-09 10:00:00+00:00,-0.0072093066,-0.00026156482635997236,-0.004029971208028241,-0.0013616433134302497,-0.0072982309221458
2024-07-09 11:00:00+00:00,-0.003217886,-0.0002707377134356648,-0.003923860810400387,-0.001369794481433928,-0.0030788291473039715
2024-07-09 12:00:00+00:00,-0.0009755217,-0.00028195916092954576,-0.0027682518873530506,-0.0013759955763816833,-0.0008076182689278903
2024-07-09 13:00:00+00:00,0.0021394824,-0.000288224226096645,-0.0009730944314941794,-0.0013814943376928568,0.0021833231563858305
2024-07-09 14:00:00+00:00,-0.0040300046,-0.0002984236925840378,-0.0019385555867768656,-0.0013846277724951506,-0.0040310421951375705
2024-07-09 15:00:00+00:00,-0.0024022239,-0.0003007038903888315,-0.0024133706341553157,-0.0013826729264110327,-0.00229851946340554
2024-07-09 16:00:00+00:00,-0.0014713765,-0.0003063635667786002,-0.002432400451617467,-0.001376624684780836,-0.0014181933442466174
2024-07-09 17:00:00+00:00,-0.004153314,-0.00031610173755325377,-0.0032509790800680453,-0.0013721922878175974,-0.004074781810004862
2024-07-09 18:00:00+00:00,-0.002174609,-0.0003203671658411622,-0.003168450428997123,-0.0013668632600456476,-0.001986393269205731
2024-07-10 10:00:00+00:00,-0.006165723,-0.00033004218130372465,-0.003467558445435453,-0.0013627525186166167,-0.006046859194195852
2024-07-10 11:00:00+00:00,-0.0029125519,-0.0003414930833969265,-0.0031802775423601277,-0.0013586115092039108,-0.002769264092513597
2024-07-10 12:00:00+00:00,0.0048434273,-0.0003561734047252685,-0.0016168463168829365,-0.001352969789877534,0.004922417108617247
2024-07-10 13:00:00+00:00,-0.0010845091,-0.00036565246409736574,-0.000920642406664894,-0.0013461323687806726,-0.0009980327223245496
2024-07-10 14:00:00+00:00,-0.0042759525,-0.0003789195907302201,-0.0015790389938969396,-0.0013335332041606307,-0.00409123441719123
2024-07-10 15:00:00+00:00,-0.007313206,-0.00038344497443176806,-0.0029619565835699822,-0.0013213662896305323,-0.007166300688579174
2024-07-10 16:00:00+00:00,-0.0032613385,-0.00038612622302025557,-0.003018256997660543,-0.0013089097337797284,-0.0031652231361114073
2024-07-10 17:00:00+00:00,-0.004536937,-0.0003917022258974612,-0.003311746257107939,-0.001294564688578248,-0.0042975172603327925
2024-07-10 18:00:00+00:00,0.0004030765,-0.0003903337346855551,-0.003592426897143919,-0.0012802291894331574,0.0005080570454090808
2024-07-11 10:00:00+00:00,-0.005591936,-0.00038925858098082244,-0.0027783943864549323,-0.0012683290988206863,-0.00550719225181613
2024-07-11 11:00:00+00:00,-0.0025100745,-0.0003792081552091986,-0.000599007850369341,-0.001252450980246067,-0.0023979088119074053
2024-07-11 12:00:00+00:00,0.0075582876,-0.0003630047431215644,-0.0010770253072492182,-0.0012402848806232214,0.007469223787879996
2024-07-11 13:00:00+00:00,-0.0005346365,-0.00035185611341148615,-0.0005209720383394667,-0.001225649262778461,-0.00043067181611441697
2024-07-11 14:00:00+00:00,0.0058933203,-0.0003503804618958384,-0.0001534666100023506,-0.0012079327134415507,0.005840645913297334
2024-07-11 15:00:00+00:00,-0.0036347876,-0.00034844756009988487,-0.0010715404448850873,-0.0011896792566403747,-0.0035113539812535277
2024-07-11 16:00:00+00:00,0.0002152782,-0.0003396433312445879,6.650591068084856e-07,-0.0011808291310444474,0.0002897603944746995
2024-07-11 17:00:00+00:00,-0.00029016845,-0.000331774732330814,-0.0006542077449599598,-0.0011728877434507012,-0.00016833295422737318
2024-07-11 18:00:00+00:00,0.0028979024,-0.00031759298872202635,9.146840833463752e-06,-0.0011648827930912375,0.0029602126785538687
2024-07-12 10:00:00+00:00,-0.0026732485,-0.00031410701922141016,-0.0001798949166638529,-0.0011587936896830797,-0.002471803143484006
2024-07-12 11:00:00+00:00,-0.0013018213,-0.00030972776585258543,0.00024940309689570135,-0.0011480367975309491,-0.001246581262359404
2024-07-12 12:00:00+00:00,0.00044037384,-0.0003040953597519547,-1.5402071987545888e-05,-0.0011388277634978294,0.0005644591496457522
2024-07-12 13:00:00+00:00,-9.367637e-06,-0.0002976546820718795,-0.00022027510706156093,-0.0011309876572340727,8.512380966424829e-05
2024-07-12 14:00:00+00:00,-0.004092673,-0.0002880239044316113,-0.0006206052403243105,-0.0011198781430721283,-0.0038782657890603037
2024-07-12 15:00:00+00:00,-0.00049864757,-0.00027686223620548844,-0.00090092251212515,-0.0011084951693192124,-0.0003767350781342523
2024-07-12 16:00:00+00:00,0.009972599,-0.0002660248428583145,0.0004325990077158166,-0.0010965480469167233,0.009837358774120234
2024-07-12 17:00:00+00:00,-0.002612283,-0.00024828515597619116,0.00012241718813209537,-0.0010899599874392152,-0.0024356664902683038
2024-07-12 18:00:00+00:00,-0.0027971,-0.00022334289678838104,-0.0003125222714352658,-0.0010832014959305525,-0.002620036216550312
2024-07-15 10:00:00+00:00,-0.007494264,-0.00019870884716510773,-0.0018994764194515705,-0.0010768085485324264,-0.007185270919003339
2024-07-15 11:00:00+00:00,0.0045108115,-0.00017685239436104894,-0.00022260020713475498,-0.0010643183486536145,0.004455373733724745
2024-07-15 12:00:00+00:00,-0.0023140756,-0.00015193740546237677,-0.0008967752057186008,-0.0010551097802817822,-0.0020454520009211092
2024-07-15 13:00:00+00:00,0.0003013211,-0.00012475100811570883,-0.00027391399207157,-0.001044986885972321,0.0005343549087201407
2024-07-15 14:00:00+00:00,-0.0040471563,-9.111155668506399e-05,-0.0018503282064039734,-0.0010388318914920092,-0.0036381757598320545
2024-07-15 15:00:00+00:00,-0.00050113705,-6.586753443116322e-05,-0.001142489604122468,-0.0010345535119995475,-0.0002980919490830419
2024-07-15 16:00:00+00:00,-0.0043315757,-3.0468929253402166e-05,-0.002085494276760562,-0.0010331582743674517,-0.0039523771864938785
2024-07-15 17:00:00+00:00,-0.004693928,5.872243946214439e-06,-0.003138905831968101,-0.0010341410525143147,-0.004322704681092343
2024-07-15 18:00:00+00:00,-0.0024652677,4.2902142013190314e-05,-0.0026210305407020837,-0.0010353560792282224,-0.002113157132559982
2024-07-16 10:00:00+00:00,-0.0013690304,8.834863547235727e-05,-0.002000756935758727,-0.0010306533658877015,-0.001195938105879269
2024-07-16 11:00:00+00:00,-0.0077998787,0.00012646149843931198,-0.0011197681229976092,-0.0010286717442795634,-0.007298005430550766
2024-07-16 12:00:00+00:00,0.008364951,0.00016798377328086644,0.00015246229964306168,-0.001034399843774736,0.008142541184244447
2024-07-16 13:00:00+00:00,-0.0040679714,0.00021047420159447938,8.01582530230103e-05,-0.001046067220158875,-0.0036242248129110285
2024-07-16 14:00:00+00:00,0.0018249582,0.000249104225076735,0.0003589568792626529,-0.0010572386672720313,0.0018934535907030763
2024-07-16 15:00:00+00:00,-0.0021134142,0.00029083614936098456,-0.0006217073090035501,-0.001068741548806429,-0.0018201541396269307
2024-07-16 16:00:00+00:00,-0.0013375997,0.00033881890703924,0.0002681422894230001,-0.0010786920320242643,-0.0011254749872835672
2024-07-16 17:00:00+00:00,0.0088773575,0.000387621286790818,0.0006144032808590607,-0.001077521126717329,0.008550861744592573
2024-07-16 18:00:00+00:00,0.0029448646,0.00043933928827755153,0.00034575566552335995,-0.0010769534856081009,0.0029966843747485346
2024-07-17 10:00:00+00:00,-0.0010282876,0.0005008706939406693,0.0003410257971700639,-0.0010795054258778691,-0.0008409831346861503
2024-07-17 11:00:00+00:00,0.0085747065,0.0005590205546468496,0.0011930324262726497,-0.0010821903124451637,0.008380866890001025
2024-07-17 12:00:00+00:00,0.00012277413,0.0006103680352680385,0.0005397755159897361,-0.0010812708642333746,0.00041521711220143787
2024-07-17 13:00:00+00:00,-0.002638237,0.0006522983894683421,-0.0001988540940041753,-0.0010860799811780453,-0.0023835500540189103
2024-07-17 14:00:00+00:00,-0.00059669546,0.0006908242939971387,9.34030892522186e-05,-0.0010942349908873439,-0.0003788484922777325
2024-07-17 15:00:00+00:00,0.0025925625,0.0007319399737752974,-0.0005438318609577148,-0.0011076536029577255,0.002599782426881468
2024-07-17 16:00:00+00:00,0.0015862827,0.0007726116455160081,-0.000919818729779069,-0.0011166851036250591,0.0017344403870067611
2024-07-17 17:00:00+00:00,-0.0006889685,0.0008125354652293026,0.0003437155265979826,-0.0011264948407188058,-0.00040437603276094616
2024-07-17 18:00:00+00:00,-0.004902527,0.0008495685760863125,9.096307807161519e-05,-0.001129991840571165,-0.004463808527911072
2024-07-18 10:00:00+00:00,-0.008690321,0.0008865154813975096,-0.0005584789716430549,-0.001137929386459291,-0.008187233292221013
2024-07-18 11:00:00+00:00,0.0025329415,0.0009198805782943964,-1.3710612028091377e-05,-0.0011462988331913948,0.002546460745386369
2024-07-18 12:00:00+00:00,0.002402747,0.0009671904263086617,0.0009360507259992868,-0.0011576492106541991,0.0025227407807730585
2024-07-18 13:00:00+00:00,9.522812e-05,0.0010133072501048446,-0.0010462694352931527,-0.0011677637230604887,0.0002909887417443845
2024-07-18 14:00:00+00:00,-0.00021903824,0.001061139046214521,-0.0011343332461163688,-0.0011702394112944603,-5.818958294027447e-05
2024-07-18 15:00:00+00:00,0.0012278991,0.0011057554511353374,-0.00016953826149576097,-0.0011719230096787214,0.0012989502496310351
2024-07-18 16:00:00+00:00,0.004281076,0.0011478710221126676,0.000818645055651703,-0.0011747225653380156,0.004288706962332101
2024-07-18 17:00:00+00:00,0.0075209257,0.0011950009502470493,0.0024189723089437583,-0.0011729487450793386,0.00746773001818918
2024-07-18 18:00:00+00:00,0.004511758,0.0012464545434340835,0.002545103537442723,-0.001171599142253399,0.004667190366880413
2024-07-19 10:00:00+00:00,-0.00043996162,0.0012985860230401158,-0.0005303321345004034,-0.0011703027412295341,-0.00016555367099298966
2024-07-19 11:00:00+00:00,-0.0005338303,0.0013611940667033195,-0.0004947612696547969,-0.001158936764113605,-0.0002575823208890434
2024-07-19 12:00:00+00:00,0.0062382882,0.0014352696016430855,0.0010014521067821928,-0.001149481162428856,0.0064094541037306154
2024-07-19 13:00:00+00:00,0.006791576,0.0014900383539497852,0.0027429904027268604,-0.001136130653321743,0.006965392135263996
2024-07-19 14:00:00+00:00,-0.0011657601,0.0015508648939430714,0.001131226218888299,-0.0011070339241996408,-0.0008054915891942648
2024-07-19 15:00:00+00:00,0.00049052504,0.0015924806939437985,0.0012228371190655862,-0.0010814740089699626,0.0007102444057857586
2024-07-19 16:00:00+00:00,-0.0018337583,0.0016305061290040612,-0.0003031415807559322,-0.0010559773072600365,-0.0015377988350902252
2024-07-19 17:00:00+00:00,-0.0010944472,0.0016488989349454641,-5.077097149235605e-05,-0.0010378960287198424,-0.0008869632645085097
2024-07-19 18:00:00+00:00,-0.0008819939,0.0016759563004598022,-0.001058530871599002,-0.0010228109313175082,-0.0006017778564888869
2024-07-22 10:00:00+00:00,0.0075690644,0.0017060115933418274,0.0015968349354415472,-0.001008637249469757,0.007656251323432195
2024-07-22 11:00:00+00:00,0.0013541587,0.0017646808410063386,0.00042904133384699054,-0.0009762216941453516,0.0016308841033881674
2024-07-22 12:00:00+00:00,-0.0034211713,0.0018278229981660843,-0.0006788806570457632,-0.0009595134761184454,-0.003099325069325306
2024-07-22 13:00:00+00:00,-0.00013856876,0.001877651666291058,-0.0020135084516578632,-0.0009229801944456995,9.491312852329391e-05
2024-07-22 14:00:00+00:00,0.0022701067,0.0019347904017195106,-0.0012414413040617296,-0.0008996687247417867,0.0024848550115848826
2024-07-22 15:00:00+00:00,-0.0020022243,0.0018793796189129353,-0.001454519211462947,-0.0008630622178316116,-0.0017702811707290735
2024-07-22 16:00:00+00:00,-0.002191351,0.0018799800891429186,-0.0009569026422858672,-0.0008237471920438111,-0.0019702835303730473
2024-07-22 17:00:00+00:00,0.0047280537,0.0018835915252566338,-0.0004002400154411403,-0.0007981284870766103,0.004997258929031413
2024-07-22 18:00:00+00:00,-2.7638434e-05,0.0018646222306415439,-0.0007089445051909423,-0.0007867854437790811,0.00017086090965216593
2024-07-23 10:00:00+00:00,-0.0005713654,0.0018339878879487514,-0.0006352509305467705,-0.0007782070315442979,-0.0003577045039839224
2024-07-23 11:00:00+00:00,-0.0015498587,0.001801572274416685,-0.0004709593520572709,-0.0007647174061276019,-0.0012990960362304824
2024-07-23 12:00:00+00:00,-0.0034126097,0.0017883256077766418,-0.001485273216704114,-0.0007746766204945743,-0.003079101289919362
2024-07-23 13:00:00+00:00,0.002701454,0.0017741469200700521,-0.0017067467536551776,-0.0007537751807831228,0.0028497334792112273
2024-07-23 14:00:00+00:00,-0.0016273998,0.0017646822379902005,-0.0016716160494295096,-0.0007356443675234914,-0.0013713156599203832
2024-07-23 15:00:00+00:00,0.00065682665,0.001731894095428288,-0.0013803977746109982,-0.000726634927559644,0.0008336278643348595
2024-07-23 16:00:00+00:00,-4.624128e-05,0.001731380121782422,-0.0010242347867511228,-0.0007062864606268704,0.00013716148606296704
2024-07-23 17:00:00+00:00,0.004898918,0.001758625148795545,-7.60546668702338e-05,-0.0006640453939326108,0.004930782255267508
2024-07-23 18:00:00+00:00,0.0055982964,0.0017691756365820765,0.0007292319281517512,-0.0006397145334631205,0.005648608542692855
2024-07-24 10:00:00+00:00,0.0026961707,0.0018074590479955077,0.0012303055851121628,-0.0005963101284578443,0.0028117071259636268
2024-07-24 11:00:00+00:00,0.0017235645,0.0018496487755328417,0.0009781621671652017,-0.0005790413706563413,0.001857550359923027
2024-07-24 12:00:00+00:00,-0.00033718362,0.0019046473316848278,0.0002686150714098325,-0.0005477388040162623,-0.00025614624081488757
2024-07-24 13:00:00+00:00,-0.00074767723,0.0019468115642666817,-0.0007760100576215524,-0.0005615861155092716,-0.0006069402214702811
2024-07-24 14:00:00+00:00,0.0023050618,0.001987392082810402,0.0012042810798536213,-0.0005609328509308398,0.002426368067732916
2024-07-24 15:00:00+00:00,-0.00030946228,0.002011333592236042,0.0003612769204020545,-0.000564606103580445,-0.00016788990675525747
2024-07-24 16:00:00+00:00,0.002200561,0.0020388762932270765,0.0010505700347897948,-0.0005631413077935576,0.0024131389006664256
2024-07-24 17:00:00+00:00,0.0005902357,0.0020685421768575907,0.0010876330061095414,-0.0005567079642787576,0.0008896510770589994
2024-07-24 18:00:00+00:00,0.008307955,0.0020873926114290953,0.0013757607394556696,-0.0005628329236060381,0.008565067542318987
2024-07-25 10:00:00+00:00,-0.005651671,0.0021153967827558517,9.784940524245232e-05,-0.0005463632405735552,-0.005516473429935603
2024-07-25 11:00:00+00:00,-0.004528077,0.0021290690638124943,-0.0005839501532289538,-0.000547757197637111,-0.004399082645001037
2024-07-25 12:00:00+00:00,0.0020987128,0.002140689641237259,-0.0009525723260396188,-0.0005496432422660291,0.002303534589557951
2024-07-25 13:00:00+00:00,0.0037322603,0.0021281386725604534,-0.0001908680799559124,-0.0005617132410407066,0.0039995254170833916
2024-07-25 14:00:00+00:00,-0.0021905615,0.002129053231328726,-0.001083821844716645,-0.0005726844538003206,-0.002011484527293129
2024-07-25 15:00:00+00:00,-0.00062546175,0.0020973924547433853,-0.0011911681174238723,-0.0005995514220558107,-0.0005379518608080229
2024-07-25 16:00:00+00:00,0.0012958123,0.002091968897730112,-0.0007150986213388689,-0.0006654735188931227,0.0014352624344202121
2024-07-25 17:00:00+00:00,0.015839193,0.0021019214764237404,0.0018276450876906106,-0.0007608935702592134,0.016169068923358544
2024-07-25 18:00:00+00:00,-0.00012479609,0.0020981174893677235,0.0012467104563101935,-0.0008417097269557416,5.9327996877254264e-05
2024-07-26 10:00:00+00:00,0.0014520191,0.0021014881785959005,0.0008948411640339654,-0.0009353809873573482,0.001592087678670973
2024-07-26 11:00:00+00:00,0.0009875929,0.0021067208144813776,0.0010617218456067147,-0.001009651692584157,0.0011773425663553938
2024-07-26 12:00:00+00:00,0.0028328001,0.002124447375535965,0.0019372552481684044,-0.0010822582989931107,0.0029765515952672305
2024-07-26 13:00:00+00:00,-0.011577011,0.0021284855902194977,-0.0017187541316730543,-0.0011560645652934909,-0.011585518593097087
2024-07-26 14:00:00+00:00,-0.009237753,0.002117177238687873,-0.0019233948994040245,-0.0012469138018786907,-0.009194324410048782
2024-07-26 15:00:00+00:00,-0.00028977633,0.0021143632475286722,-0.0010240518917009364,-0.0013418422313407063,-0.0001052841331357871
2024-07-26 16:00:00+00:00,0.0042206165,0.0021211886778473854,4.725270767363864e-05,-0.001437259023077786,0.004431831365605229
2024-07-26 17:00:00+00:00,-0.0020674127,0.0021289153955876827,-8.151354252662737e-06,-0.001518994802609086,-0.0018580906723065138
2024-07-26 18:00:00+00:00,-0.0040841703,0.002144885715097189,-0.0010739161934769476,-0.0016054779989644885,-0.0037785663339782102
2024-07-29 10:00:00+00:00,-0.013704977,0.002169692888855934,-0.0025241823057959916,-0.001672267448157072,-0.013420812441613049
2024-07-29 11:00:00+00:00,-0.006238312,0.002184890443459153,-0.002773236095650711,-0.001754650380462408,-0.005872048405628437
2024-07-29 12:00:00+00:00,-0.0016583982,0.0022001098841428757,-0.0027798425659346427,-0.0018153773853555322,-0.0012586943483865651
2024-07-29 13:00:00+00:00,-0.0012989907,0.002220049500465393,-0.002624228764245382,-0.0018721686210483313,-0.0007979895187773279
2024-07-29 14:00:00+00:00,0.0045760735,0.002224902855232358,-0.0009824109196142645,-0.001912889420054853,0.00483531943020564
2024-07-29 15:00:00+00:00,0.0010530498,0.0022080407943576574,-3.158772425236768e-05,-0.001947559299878776,0.0013927219035719308
2024-07-29 16:00:00+00:00,0.0011441649,0.0021778165828436613,-0.00021833293630331267,-0.0019792800303548574,0.001411819974144745
2024-07-29 17:00:00+00:00,-0.019555882,0.0021456435788422823,-0.002017190532733436,-0.001990128308534622,-0.018973091670320387
2024-07-29 18:00:00+00:00,-0.0050816326,0.002137578558176756,-0.0017631777251206867,-0.0020165785681456327,-0.00467516856918521
2024-07-30 10:00:00+00:00,0.006068563,0.00213339040055871,-0.0013271534322423205,-0.0020260759629309177,0.0061445636481210365
2024-07-30 11:00:00+00:00,-0.0015419188,0.002125980332493782,-0.0007249744321503914,-0.002018873579800129,-0.0012134380994281674
2024-07-30 12:00:00+00:00,0.004309522,0.0021160836331546307,-0.0005208612264895853,-0.002003438537940383,0.004302005179466824
2024-07-30 13:00:00+00:00,0.0022366245,0.0021127108484506607,3.136935639738864e-05,-0.0019793936517089605,0.002293599428900886
2024-07-30 14:00:00+00:00,0.0018025007,0.0021052174270153046,0.0006488380946792726,-0.001965415896847844,0.0019313743322384078
2024-07-30 15:00:00+00:00,0.0013520761,0.0021145620848983526,0.0001981799617718055,-0.0019519937923178077,0.0014579981363912625
2024-07-30 16:00:00+00:00,-0.0005499345,0.0021120631136000156,0.0005849943641189797,-0.0019271359778940678,-0.0004301849452130906
2024-07-30 17:00:00+00:00,0.0031092062,0.0021122200414538383,0.0005237860258245362,-0.0019019859610125422,0.003146185219024989
2024-07-30 18:00:00+00:00,-0.0012462451,0.002114366739988327,-0.00023164816605924512,-0.0018662606598809361,-0.00110697697091189
2024-07-31 10:00:00+00:00,0.00045589666,0.0021178629249334335,-6.294827784008385e-05,-0.001814812421798706,0.0005035125161187116
2024-07-31 11:00:00+00:00,0.0027588531,0.0021215081214904785,0.0005730013217954606,-0.0017484260024502873,0.0027845648157750545
2024-07-31 12:00:00+00:00,-0.007944126,0.002135229529812932,-0.0005317134320433932,-0.0016648347955197096,-0.007610688691646304
2024-07-31 13:00:00+00:00,0.0006075817,0.0021527446806430817,-0.0004012884982121369,-0.001562558114528656,0.000711663722145929
2024-07-31 14:00:00+00:00,0.0047823116,0.0021626988891512156,-5.8603203612466956e-05,-0.0014631396625190973,0.004940858914624725
2024-07-31 15:00:00+00:00,0.0009388581,0.002172762993723154,0.0010554993006539897,-0.0013809783849865198,0.0010874277731463947
2024-07-31 16:00:00+00:00,0.0022459615,0.002179090864956379,0.0002635956749920291,-0.0012906809570267797,0.0023820181727100057
2024-07-31 17:00:00+00:00,-0.0004358046,0.0021824350114911795,-0.0006690577472384298,-0.0011981839779764414,-0.00015663720157309277
2024-07-31 18:00:00+00:00,-0.0015593242,0.002189114224165678,-0.000983082146723236,-0.0010858761379495263,-0.0012532968239458877
2024-08-01 10:00:00+00:00,0.0072284676,0.002183294855058193,0.0021621318690195623,-0.0009552676347084343,0.007251216754491197
2024-08-01 11:00:00+00:00,-0.0030941619,0.0021858650725334883,-0.0007077999367727638,-0.0008399023208767176,-0.00281364870519945
2024-08-01 12:00:00+00:00,-0.00038860104,0.002175374189391732,-0.0013309729837285094,-0.0007200317340902984,-0.00016838994849427996
2024-08-01 13:00:00+00:00,0.0002683359,0.0021705199033021927,-0.0004210116662279978,-0.0006201472715474665,0.0005129428029117994
2024-08-01 14:00:00+00:00,-0.0020281821,0.0021772354375571012,-0.0008349910463081598,-0.0005106697208248079,-0.00177301922001292
2024-08-01 15:00:00+00:00,-0.0010295558,0.0021595261059701443,-0.0012283567146677784,-0.00043175823520869017,-0.0007143762231906523
2024-08-01 16:00:00+00:00,0.0018635533,0.002135144779458642,-0.0005675220475730192,-0.00041204653098247945,0.0020913011754546875
2024-08-01 17:00:00+00:00,0.0012404423,0.002100813901051879,-0.0006874993862461338,-0.0004029815027024597,0.00153820293066896
2024-08-01 18:00:00+00:00,-0.0026493762,0.0020615102257579565,-0.0007257164754991579,-0.0004173039924353361,-0.0024196877301094015
2024-08-02 10:00:00+00:00,-0.0037079242,0.002034667879343033,-0.0011201575671736588,-0.00039249975816346705,-0.003419641303290431
2024-08-02 11:00:00+00:00,-0.004020809,0.0020080485846847296,-0.001344165427596621,-0.000377224525436759,-0.0036165654136815326
2024-08-02 12:00:00+00:00,-0.0014312377,0.001986228860914707,-0.001734723005170284,-0.0003681198868434876,-0.0010940515936610424
2024-08-02 13:00:00+00:00,-0.00028087522,0.0019578426145017147,-0.0019273987836297677,-0.0003582179779186845,-2.0679003008422114e-05
2024-08-02 14:00:00+00:00,-0.0039217575,0.0019158145878463984,-0.0020439608396542823,-0.000360828940756619,-0.0034037445098962895
2024-08-02 15:00:00+00:00,-0.0014205015,0.0018802365520969033,-0.001348775597208679,-0.0003454294055700302,-0.0010595340241623984
2024-08-02 16:00:00+00:00,0.0029797875,0.0018496053526178002,-0.00015605673064551963,-0.0003498143923934549,0.0032001360763384513
2024-08-02 17:00:00+00:00,0.0022220043,0.0018112055258825421,-0.0002766356208101799,-0.0003355085209477693,0.0023758488142047794
2024-08-02 18:00:00+00:00,-0.0020530713,0.0017898606602102518,-0.0009848751971372328,-0.0003093119303230196,-0.001706692502914466
2024-08-05 10:00:00+00:00,-0.017398987,0.0017787704709917307,-0.003393749893558191,-0.00025938203907571733,-0.016628829457500206
2024-08-05 11:00:00+00:00,-0.004469399,0.0017763788346201181,-0.0036895857928239324,-0.00023642329324502498,-0.004135767573194219
2024-08-05 12:00:00+00:00,-0.0006812545,0.0017848589923232794,-0.00277670497263139,-0.00019252952188253403,-0.0004001658890402768
2024-08-05 13:00:00+00:00,0.00094020134,0.0017897123470902443,-0.0018509296576921168,-0.0001551992172608152,0.0011011919405521067
2024-08-05 14:00:00+00:00,-0.003900888,0.0017861354863271117,-0.0016527637895222215,-0.00013603211846202612,-0.003453052245736737
2024-08-05 15:00:00+00:00,-0.005115298,0.001792214810848236,-0.0025653522211529483,-0.00011452096805442125,-0.004694889131293326
2024-08-05 16:00:00+00:00,0.00065776746,0.0018012281507253647,-0.0026414450733895935,-0.0001182519699796103,0.000757487563393632
2024-08-05 17:00:00+00:00,0.014324361,0.0018204033840447664,0.0002823114313866545,-0.00013496389146894217,0.013829990922026037
2024-08-05 18:00:00+00:00,-4.7662852e-05,0.0018587192753329873,-1.711975784671023e-05,-0.00014092144556343555,0.00015807020664753473
2024-08-06 10:00:00+00:00,0.011760772,0.0019050569972023368,0.00014881491228061925,-0.00016415686695836484,0.011550551520652418
2024-08-06 11:00:00+00:00,-0.007945408,0.001975303515791893,0.0002825763848783746,-0.00021728126739617437,-0.007408407751658652
2024-08-06 12:00:00+00:00,0.0003797877,0.002053504344075918,0.00033628657426269635,-0.0002215396089013666,0.0004886879089170815
2024-08-06 13:00:00+00:00,0.0022094008,0.0021441509015858173,-0.00023606274137775887,-0.0001793602859834209,0.0023275227468055435
2024-08-06 14:00:00+00:00,-0.003463248,0.0022486753296107054,-0.0006789662588390053,-0.00012992759002372622,-0.003204367641170024
2024-08-06 15:00:00+00:00,-0.0052700164,0.002340887673199177,-0.0004218379222873588,-5.745760063291527e-05,-0.004885671971345125
2024-08-06 16:00:00+00:00,0.00036302497,0.002448987914249301,-0.00011415934595294301,1.4859640032227617e-05,0.0006181169870753039
2024-08-06 17:00:00+00:00,-7.641536e-05,0.002539420500397682,-0.00041811196750770555,8.164134487742558e-05,0.00013754060047011836
2024-08-06 18:00:00+00:00,0.00021012819,0.00261510512791574,6.045810760962767e-05,0.00015924993203952909,0.00042470542087200304
2024-08-07 10:00:00+00:00,0.0003437509,0.002693129936233163,0.00010081547045718992,0.0002202905307058245,0.0006494914385689358
2024-08-07 11:00:00+00:00,-0.005984745,0.002762503456324339,-0.00035316302693026935,0.00027179851895198226,-0.005408310251540695
2024-08-07 12:00:00+00:00,0.004723747,0.0028450293466448784,-0.00010020727765183739,0.000300764077110216,0.00481688543434423
2024-08-07 13:00:00+00:00,-0.0037733726,0.002914722077548504,-0.0017896056508829594,0.0003311207692604512,-0.0032626709834479425
2024-08-07 14:00:00+00:00,0.0042225467,0.002962354104965925,-0.0011451474509886082,0.00035107872099615633,0.0042587575929893704
2024-08-07 15:00:00+00:00,0.0055169533,0.002987912157550454,-9.910059818966254e-05,0.00036748446291312575,0.005606166250167952
2024-08-07 16:00:00+00:00,0.00038951353,0.002989423694089055,-0.00012528109060261388,0.0004157356161158532,0.0006386891527173408
2024-08-07 17:00:00+00:00,-0.0025678838,0.0030005094595253468,-0.0005385109158882095,0.0004749806539621204,-0.0021436425148989757
2024-08-07 18:00:00+00:00,0.0033844197,0.0030293490272015333,-4.2425767850800915e-05,0.0004998875665478408,0.003534445172100269
2024-08-08 10:00:00+00:00,0.0005408252,0.0030424080323427916,1.4323087428231015e-05,0.0005414658808149397,0.0008823375073884662
2024-08-08 11:00:00+00:00,0.0014597159,0.0030450178310275078,0.0006899639039024277,0.0005870593595318496,0.0017347597155434752
2024-08-08 12:00:00+00:00,-0.00243721,0.003059208858758211,-0.00065142826779577,0.0006048972718417645,-0.001945924356934012
2024-08-08 13:00:00+00:00,-0.0035002318,0.0030535904224961996,-0.001961893233907886,0.0006580096669495106,-0.002968317971393948
2024-08-08 14:00:00+00:00,0.0011998287,0.0030440818518400192,-0.00040055105277411295,0.0006980255711823702,0.001461100686077073
2024-08-08 15:00:00+00:00,-0.0018956268,0.003030641470104456,-0.000764038993519204,0.0007263727020472288,-0.0014707170631541972
2024-08-08 16:00:00+00:00,-0.00245345,0.003031717147678137,-0.00110633939197027,0.0007431914564222097,-0.00195114085961024
2024-08-08 17:00:00+00:00,-0.00534776,0.003039691597223282,-0.002659091798810488,0.0007385665085166693,-0.004719840752122829
2024-08-08 18:00:00+00:00,-0.0024437893,0.003048754297196865,-0.0011382603362692454,0.0007339913281612098,-0.002023650299314073
2024-08-09 10:00:00+00:00,0.004056879,0.0030645811930298805,-2.8287784983003453e-05,0.0007075234316289425,0.004058563520613097
2024-08-09 11:00:00+00:00,-0.0019302523,0.003066658740863204,-0.0007431463113051278,0.0007176341605372727,-0.0014858902947503113
2024-08-09 12:00:00+00:00,-0.0029072026,0.0030778043437749147,-0.000608481847746124,0.000732012209482491,-0.002364652882053706
2024-08-09 13:00:00+00:00,-5.7844707e-05,0.00309066497720778,-0.0003623911325882217,0.0007373431581072509,0.0003142568626215903
2024-08-09 14:00:00+00:00,0.00053011795,0.003108259988948703,-0.00026073330330630317,0.0007468741969205439,0.0008125355910197548
2024-08-09 15:00:00+00:00,0.00093425094,0.0031553851440548897,-0.0005694135766906536,0.0007247728644870222,0.0011127036106656594
2024-08-09 16:00:00+00:00,-0.0032495582,0.003196723759174347,-0.0005123908072170099,0.0006920124869793653,-0.002754519254415032
2024-08-09 17:00:00+00:00,0.00059863477,0.003255649236962199,-0.00041110621605235933,0.0006928960792720318,0.0008138903175901544
2024-08-09 18:00:00+00:00,0.00055004173,0.0033165225759148598,-0.0002571295746858447,0.0006791200721636415,0.0008377362795959023
2024-08-12 10:00:00+00:00,-0.022428567,0.0033679776825010777,-0.001956867084142057,0.0006614684825763106,-0.020862451970718367
2024-08-12 11:00:00+00:00,-0.0041919663,0.003445305861532688,-0.0021090669438944597,0.0006502598407678306,-0.003814129622412174
2024-08-12 12:00:00+00:00,0.0020388577,0.0035257565323263407,-0.000570456945671471,0.0006320144748315215,0.002201734047973795
2024-08-12 13:00:00+00:00,0.0029420787,0.003593727480620146,8.986487634203836e-05,0.0006260849186219275,0.003093152633359078
2024-08-12 14:00:00+00:00,0.0028646404,0.0036722011864185333,0.0003933245961444369,0.0005795604083687067,0.002905720288792843
2024-08-12 15:00:00+00:00,0.0040711677,0.0037435824051499367,0.0008789740512513514,0.0005258220480754972,0.004048084082998281
2024-08-12 16:00:00+00:00,-0.0029413516,0.0037883941549807787,0.000367412264331788,0.0004778665315825492,-0.0026199181855354504
2024-08-12 17:00:00+00:00,-0.020083684,0.0037799144629389048,-0.0017535466957026363,0.0004610090982168913,-0.018549741873836786
2024-08-12 18:00:00+00:00,-0.0018751478,0.003750960808247328,-0.0010178220333390247,0.000453113520052284,-0.0016353613764575683
2024-08-13 10:00:00+00:00,0.008793726,0.0036986679770052433,0.0008139812678445166,0.00043554173316806555,0.008160244626718407
2024-08-13 11:00:00+00:00,0.001471378,0.0036236452870070934,0.0005508780060847242,0.0004316039849072695,0.0014661586701917699
2024-08-13 12:00:00+00:00,0.0033027062,0.003556022187694907,0.0013398658939847697,0.0004173339402768761,0.003239821673704974
2024-08-13 13:00:00+00:00,-0.00050511304,0.003494180040434003,0.0008161953633174763,0.00040957960300147533,-0.00031363281232839254
2024-08-13 14:00:00+00:00,-0.0005053683,0.0034299856051802635,0.00017536380334380535,0.00041045661782845855,-0.0002330974052108765
2024-08-13 15:00:00+00:00,0.0015549253,0.0033574788831174374,-0.00021902260502630594,0.0003823406295850873,0.0016282210228480577
2024-08-13 16:00:00+00:00,0.0024216557,0.0032537737861275673,9.6405689577194e-05,0.00035529833985492587,0.002443231187639961
2024-08-13 17:00:00+00:00,-0.031092562,0.0031609050929546356,-0.0028292894808698305,0.0003280293894931674,-0.028355567122612398
2024-08-13 18:00:00+00:00,-0.0012432362,0.0030733905732631683,-0.0018281611178270754,0.00032975891372188926,-0.0011846648228133632
2024-08-14 10:00:00+00:00,0.004841935,0.0029926314018666744,-0.0006373635529496924,0.00035709133953787386,0.00450006911349821
2024-08-14 11:00:00+00:00,0.0025437956,0.00288585782982409,0.0006957861216765309,0.00036993122193962336,0.0024185891948168606
2024-08-14 12:00:00+00:00,-0.0010633505,0.0027504954487085342,0.0002593269970669242,0.0003858708660118282,-0.0009443868748523716
2024-08-14 13:00:00+00:00,-0.0044173943,0.0025833435356616974,-0.0011047279574334966,0.0003947362129110843,-0.0040451705757574155
2024-08-14 14:00:00+00:00,-2.0354992e-05,0.00239525455981493,-0.0009357870692270412,0.0004066562105435878,4.564575681946401e-05
2024-08-14 15:00:00+00:00,-0.000101781174,0.002170729450881481,-0.0015727327855030579,0.00042051979107782245,-2.4421890313393524e-05
2024-08-14 16:00:00+00:00,-0.00049887755,0.0019390801899135113,-0.000967335241771882,0.0004307278722990304,-0.000487909512226688
2024-08-14 17:00:00+00:00,0.026063742,0.0017600659048184752,0.0009059376309492195,0.00043598635238595307,0.023653668007540495
2024-08-14 18:00:00+00:00,-0.00267251,0.001644742558710277,3.81313568713008e-05,0.00041297022835351527,-0.002076388588343081
2024-08-15 10:00:00+00:00,-0.006928042,0.0015225926181301475,3.2628583324676e-05,0.0003926487115677446,-0.006078659306295645
2024-08-15 11:00:00+00:00,-0.0021359923,0.0014748279936611652,-0.001057004365766676,0.00037398235872387886,-0.001835535039222588
2024-08-15 12:00:00+00:00,0.0054263077,0.0013597668148577213,-0.0004439446450599787,0.0003618066548369825,0.005157499719268612
2024-08-15 13:00:00+00:00,-0.0027595325,0.0012545480858534575,-0.001108507731255975,0.00034246279392391443,-0.0022971390654015723
2024-08-15 14:00:00+00:00,-0.0014127055,0.0011386729311197996,-0.0005754988418433145,0.0003278382064308971,-0.0009623746484587806
2024-08-15 15:00:00+00:00,-0.0029017979,0.00103469577152282,-0.0006599281983276431,0.0003188561531715095,-0.0022834599748622624
2024-08-15 16:00:00+00:00,0.00075387117,0.0009102256735786796,-0.0006198245068687375,0.00030471436912193894,0.0009262972660162524
2024-08-15 17:00:00+00:00,0.011846279,0.0008712602430023253,0.0011942745775730807,0.00029108417220413685,0.011226040351151568
2024-08-15 18:00:00+00:00,-0.00021847288,0.0008226917125284672,0.0005154268519462501,0.00026669618091546,0.00011565570673043913
2024-08-16 10:00:00+00:00,-0.0008843095,0.000821437977720052,0.0003352633661846381,0.00024892465444281697,-0.0006726708523736655
2024-08-16 11:00:00+00:00,-0.0011836145,0.0008825479890219867,-0.0001329080180500453,0.0002339667989872396,-0.0007864708149803682
2024-08-16 12:00:00+00:00,-0.00010948051,0.000920342979952693,-0.0006148527577448655,0.00022257109230849892,0.00023815733181541587
2024-08-16 13:00:00+00:00,-0.0008264669,0.0009611304267309606,-0.0006957193058791856,0.00020868907449766994,-0.00040436357652464934
2024-08-16 14:00:00+00:00,-0.00010958304,0.0009710682788863778,-9.056894526122863e-05,0.00019056412565987557,0.0002480353115656372
2024-08-16 15:00:00+00:00,0.001841392,0.0009901608573272824,0.00012450433642346233,0.00017230639059562236,0.0019421736747469737
2024-08-16 16:00:00+00:00,0.0021158983,0.000945892883464694,0.0008179521685026034,0.00015492910461034626,0.0023649743593994912
2024-08-16 17:00:00+00:00,-0.0030610545,0.0009198652696795762,-0.0003524635076210041,0.00013754521205555648,-0.002449382911885403
2024-08-16 18:00:00+00:00,-0.0025214662,0.0008700633188709617,-0.0006793155223600959,0.00012316802167333663,-0.0020318207893291573
2024-08-19 10:00:00+00:00,-0.0067283683,0.0007922363583929837,-0.002889269297312729,0.00010313929669791833,-0.005849603855602221
2024-08-19 11:00:00+00:00,0.001184751,0.0007061795331537724,-0.0012072719522631726,9.053328540176153e-05,0.001430109285561791
2024-08-19 12:00:00+00:00,-0.0050600423,0.0005922934506088495,-0.002192182129218588,8.298001193907112e-05,-0.004287289097744033
2024-08-19 13:00:00+00:00,-0.0012210568,0.0004828024248126894,-0.0020403331365856205,8.296663872897625e-05,-0.0009520617991130247
2024-08-19 14:00:00+00:00,-0.0029123288,0.00038340140599757433,-0.0007510873900277495,8.589494245825335e-05,-0.0024267219590292616
2024-08-19 15:00:00+00:00,-0.0019665689,0.0003250775334890932,-0.0016820760018695254,8.622211316833273e-05,-0.001513392474230321
2024-08-19 16:00:00+00:00,0.0043435846,0.00028917790041305125,9.94763540425749e-05,8.865220297593623e-05,0.004012016078110069
2024-08-19 17:00:00+00:00,-0.0074737323,0.00024033056979533285,-0.0021204864201514956,8.726374653633684e-05,-0.006755820912848059
2024-08-19 18:00:00+00:00,-0.006064523,0.0001475231401855126,-0.0016796564026379784,8.86941998032853e-05,-0.005302564642052046
2024-08-20 10:00:00+00:00,-0.0037756802,7.981781527632847e-05,-0.0027844460341564085,8.552780491299927e-05,-0.003212505181960874
2024-08-20 11:00:00+00:00,0.0016228268,3.346626181155443e-05,-0.000899366763383316,8.669051749166101e-05,0.0016383143198558064
2024-08-20 12:00:00+00:00,0.005393883,-3.28965688822791e-05,0.00029235524565076574,8.149994391715154e-05,0.005030959645069545
2024-08-20 13:00:00+00:00,0.0029761624,-8.759799675317481e-05,0.0007767865233341786,8.067032467806712e-05,0.002701166799426453
2024-08-20 14:00:00+00:00,-0.0002850018,-0.00011061844270443544,0.0007730031890075783,8.407516725128517e-05,-2.3522206795673924e-05
2024-08-20 15:00:00+00:00,-0.0036000425,-0.00014890258898958564,-0.0008491569119252819,8.528157923137769e-05,-0.003114239105270922
2024-08-20 16:00:00+00:00,0.0036713006,-0.00016987234994303435,0.001510551449274091,9.108958329306915e-05,0.0035048377859443203
2024-08-20 17:00:00+00:00,-0.017725753,-0.00019670295296236873,-0.0019403208907410453,0.00010433147690491751,-0.015629750404072537
2024-08-20 18:00:00+00:00,-0.003653882,-0.0002071007911581546,-0.0017266606187674636,0.0001196862940560095,-0.0032103655675335277
2024-08-21 10:00:00+00:00,0.0014236949,-0.0002245543000753969,-0.0016205479415308942,0.00013080240751150995,0.0013977066389518392
2024-08-21 11:00:00+00:00,-0.0047674654,-0.0002511066850274801,-0.0023329222490645818,0.0001388342643622309,-0.003972100112414348
2024-08-21 12:00:00+00:00,-0.0021203822,-0.0002853335172403604,-0.0020696382643668157,0.00014279133756645024,-0.0017456608720394652
2024-08-21 13:00:00+00:00,0.0005644816,-0.0003007122140843421,-0.0014637049836432783,0.0001432832796126604,0.000516320806524166
2024-08-21 14:00:00+00:00,0.0018793073,-0.0002928581670857966,-0.0008294039389860033,0.0001489519199822098,0.0015680046968818094
2024-08-21 15:00:00+00:00,0.00025030767,-0.0003002368612214923,-0.0002486180725931998,0.00016321953444276005,0.00019196476808081426
2024-08-21 16:00:00+00:00,0.005231666,-0.00030372399487532675,0.001061896311471161,0.00017135552479885519,0.0046806772966481855
2024-08-21 17:00:00+00:00,-0.0114767505,-0.0003021318116225302,-0.0017791738330538293,0.00018686123075895011,-0.009986626927941581
2024-08-21 18:00:00+00:00,-0.001964214,-0.00030887240427546203,-0.0020947399505850785,0.00019905624503735453,-0.0017914649717565379
2024-08-22 10:00:00+00:00,0.0016073711,-0.0003337384550832212,-0.0021330460130573776,0.0002031840122072026,0.0014639094050993417
2024-08-22 11:00:00+00:00,0.0031337638,-0.00036274598096497357,0.00015822788022822634,0.00020521412079688162,0.002813999487593645
2024-08-22 12:00:00+00:00,-0.00087939703,-0.0004013892321381718,-0.000906659898849137,0.00020980047702323645,-0.0005443666081717772
2024-08-22 13:00:00+00:00,-0.0022333725,-0.0004243970615789294,-0.0014011330121086614,0.00021652244322467595,-0.0017747327081296495
2024-08-22 14:00:00+00:00,-0.005188475,-0.0004309249634388834,-0.003466731945139994,0.0002153536188416183,-0.004309140997432362
2024-08-22 15:00:00+00:00,-0.0030540829,-0.0004280846333131194,-0.0031061533545652864,0.00022132607409730554,-0.0025541761202607176
2024-08-22 16:00:00+00:00,-0.0028617478,-0.0004143940459471196,-0.001704439651371023,0.000223650669795461,-0.002424185154296045
2024-08-22 17:00:00+00:00,0.0046593966,-0.00038376590237021446,0.001182688189348065,0.00022762890148442239,0.004070080339271448
2024-08-22 18:00:00+00:00,-0.006274065,-0.0003498179721646011,-0.002918270424450329,0.00022615696070715785,-0.005303067859267178
2024-08-23 10:00:00+00:00,-0.010376741,-0.00032617212855257094,-0.002395077215427653,0.00022823210747446865,-0.00901287037464085
2024-08-23 11:00:00+00:00,0.0015885967,-0.0003032244276255369,-0.001107109677850082,0.00023934840282890946,0.0012511269477166705
2024-08-23 12:00:00+00:00,0.0034903302,-0.00028256888617761433,0.00034988410563017064,0.00024103285977616906,0.0029865169100861786
2024-08-23 13:00:00+00:00,-0.0038979724,-0.00027243411750532687,-0.0005457440213293397,0.00024406176817137748,-0.003201455001610536
2024-08-23 14:00:00+00:00,-0.0045166225,-0.0002691863337531686,-0.00243458638152857,0.00024521531304344535,-0.0037908047345029533
2024-08-23 15:00:00+00:00,0.0012494886,-0.0003019676369149238,0.00030199939063080413,0.0002461721305735409,0.0010564076528007445
2024-08-23 16:00:00+00:00,-0.000818454,-0.00032029233989305794,0.00037688758371864776,0.00024570676032453775,-0.000532561908831398
2024-08-23 17:00:00+00:00,-0.012499688,-0.00031559064518660307,-0.002308892581931009,0.00024222554930020124,-0.010713303764434755
2024-08-23 18:00:00+00:00,-0.001124264,-0.0003058910951949656,-0.0016866209007632444,0.00024154293350875378,-0.0010402975808388023
2024-08-26 10:00:00+00:00,0.030630002,-0.00031791956280358136,0.0030234917862571957,0.0002457252121530473,0.026340834070721627
2024-08-26 11:00:00+00:00,0.0014711878,-0.0003195948956999928,0.0027403034779845364,0.00023875467013567686,0.0018220570498858149
2024-08-26 12:00:00+00:00,0.0014690266,-0.000305672554532066,0.0015213097585224345,0.00023110114852897823,0.0017470698560221008
2024-08-26 13:00:00+00:00,0.004919761,-0.00025312171783298254,0.00301921623615041,0.0002319327904842794,0.004816889840398042
2024-08-26 14:00:00+00:00,0.0031058206,-0.0002169030485674739,0.0031403058175455026,0.0002238064625998959,0.0032253201107423166
2024-08-26 15:00:00+00:00,0.00097382715,-0.0002097137039527297,0.0023970851986968842,0.00021767754515167326,0.0014553393401990397
2024-08-26 16:00:00+00:00,-0.0002616883,-0.00019218907982576638,0.0015866920553407808,0.00021632702555507421,0.0003915149821826497
2024-08-26 17:00:00+00:00,-0.0043540597,-0.0001793642877601087,7.784498033724016e-05,0.00021112762624397874,-0.0033403171584490956
2024-08-26 18:00:00+00:00,-0.0025161484,-0.00016411319666076452,-8.343193508501029e-05,0.0002091376663884148,-0.0015379597953272494
2024-08-27 10:00:00+00:00,0.0057913293,-0.00012481781595852226,0.0012802399731024975,0.00021305376139935106,0.005827961256467553
2024-08-27 11:00:00+00:00,-0.006360709,-7.738618296571076e-05,-9.410743316832753e-05,0.0002092231879942119,-0.005168957953276191
2024-08-27 12:00:00+00:00,0.001148971,-4.3064272176707163e-05,-0.0003469687541238348,0.00020956576918251812,0.0013998196387098685
2024-08-27 13:00:00+00:00,-0.0038315235,-3.0373081244761124e-05,-4.106452699117986e-05,0.00020827926346100867,-0.0030809254073324234
2024-08-27 14:00:00+00:00,0.0016378462,-3.6875575460726395e-05,-0.000906836410928899,0.0002030837640631944,0.001721051251177476
2024-08-27 15:00:00+00:00,-0.005823882,-5.568823326029815e-05,-0.003870601981404039,0.00019821560999844223,-0.004729538409376049
2024-08-27 16:00:00+00:00,-0.004566291,-4.957540295436047e-05,-0.0030296164706746665,0.0001996235514525324,-0.0038393817779468517
2024-08-27 17:00:00+00:00,0.004120161,-1.0701000974222552e-05,-1.638731962917727e-05,0.0001962930546142161,0.0036035775120050744
2024-08-27 18:00:00+00:00,-0.00105238,1.0909906450251583e-05,0.00013077169184845479,0.00019371224334463477,-0.000623753343643397
2024-08-28 10:00:00+00:00,-0.004861676,6.151717389002442e-05,-0.001133918987232505,0.00019752266234718263,-0.0038796106666072823
2024-08-28 11:00:00+00:00,-0.0046277037,8.876200445229188e-05,-0.0023091585118846757,0.00020007925922982395,-0.0039006517282258045
2024-08-28 12:00:00+00:00,-0.003452563,8.573006198275834e-05,-0.0027272350382229584,0.0002026968140853569,-0.002738086722709962
2024-08-28 13:00:00+00:00,-0.0044272225,7.920690404716879e-05,-0.002030146574130111,0.00020522241538856179,-0.0038046504097960106
2024-08-28 14:00:00+00:00,-0.0070482865,6.885029870318249e-05,-0.002522238364487613,0.00021023230510763824,-0.006027990332583307
2024-08-28 15:00:00+00:00,0.008367705,6.913141260156408e-05,0.0007102922958215976,0.00021798964007757604,0.007020751214327599
2024-08-28 16:00:00+00:00,0.007204386,6.196001049829647e-05,0.0015289024721285291,0.00022047477250453085,0.006334075257905647
2024-08-28 17:00:00+00:00,0.0003004002,5.192007665755227e-05,0.001165809908034709,0.00022155333135742694,0.0004604643272929518
2024-08-28 18:00:00+00:00,-0.0022659553,2.6383258955320343e-05,0.0005485815645168604,0.00022847630316391587,-0.0018342621564137968
2024-08-29 10:00:00+00:00,0.0026949418,-4.72127385364729e-06,0.0009692769946895053,0.0002339994825888425,0.002476480988163456
2024-08-29 11:00:00+00:00,0.0024738042,-4.640408587874845e-05,0.0002009239679939045,0.00023506279103457928,0.00240666789252236
2024-08-29 12:00:00+00:00,-0.010450809,-9.484272595727816e-05,6.395213474462861e-06,0.00023382708604913205,-0.008599418007069324
2024-08-29 13:00:00+00:00,0.0042816917,-0.00013670080807060003,0.0003602590193167873,0.00023775655427016318,0.003952518750371483
2024-08-29 14:00:00+00:00,-0.0002152644,-0.0001648321485845372,0.0012682904923556613,0.00023857482301536947,7.475135101298616e-05
2024-08-29 15:00:00+00:00,-0.0014003492,-0.00017261606990359724,0.00041813264338776444,0.00023972704366315156,-0.0007614299062455243
2024-08-29 16:00:00+00:00,0.00032333162,-0.00018411845667287707,0.0007963770570754328,0.00024227755784522742,0.000647679365207179
2024-08-29 17:00:00+00:00,0.0046444205,-0.00019382037862669677,0.0005397425550825299,0.0002421869576210156,0.004199962092383487
2024-08-29 18:00:00+00:00,0.0006111978,-0.00019171441090293229,0.0005590153887710908,0.00024098054564092308,0.0008598913879007504
2024-08-30 10:00:00+00:00,-0.0034576473,-0.00019890732073690742,0.0008663843921355866,0.00023923645494505763,-0.002578036345949955
2024-08-30 11:00:00+00:00,0.0007526801,-0.00020002142991870642,0.0008633089310661314,0.00023708086519036442,0.0009102332695514555
2024-08-30 12:00:00+00:00,-0.0095905345,-0.00021930283401161432,-0.0018852208879303186,0.0002331784926354885,-0.007918307564144259
2024-08-30 13:00:00+00:00,-0.0027711233,-0.00024203107750508934,-0.0013800834928855788,0.00023612492077518255,-0.0021986656240147624
2024-08-30 14:00:00+00:00,-0.005674827,-0.00025449012173339725,-0.0026498007560672547,0.0002378803474130109,-0.004667681740535409
2024-08-30 15:00:00+00:00,0.0022082787,-0.00027022205176763237,0.00012648598857751842,0.00023870843870099634,0.002071726834607013
2024-08-30 16:00:00+00:00,-0.00019657952,-0.00029715392156504095,0.00026222740537783576,0.0002434229973005131,-2.4432518967675107e-05
2024-08-30 17:00:00+00:00,-0.0011802893,-0.00031327095348387957,0.0006289252992547195,0.0002480718248989433,-0.0008684429134042742
2024-08-30 18:00:00+00:00,0.0012130552,-0.0003327054437249899,0.00015202025350113425,0.0002537652035243809,0.0011702796426245837
2024-09-02 10:00:00+00:00,-0.022800563,-0.000349136971635744,-0.002793434041451631,0.00025746197206899524,-0.019060616580028045
2024-09-02 11:00:00+00:00,-0.006659292,-0.00035490415757521987,-0.0029429107064064724,0.00026817640173248947,-0.005824071400341844
2024-09-02 12:00:00+00:00,0.00053977466,-0.0003641204093582928,-0.003212073829633701,0.0002756766916718334,0.00017079159077427986
2024-09-02 13:00:00+00:00,0.0046211216,-0.00036830472527071834,-0.0015159032954457485,0.00028342875884845853,0.0036933571767248153
2024-09-02 14:00:00+00:00,-0.0066467808,-0.00037889063241891563,-0.003498641244473091,0.00028881628531962633,-0.005538427141300617
2024-09-02 15:00:00+00:00,-0.008177992,-0.0004016732273157686,-0.0034840173734098806,0.0002994206442963332,-0.006839133140927131
2024-09-02 16:00:00+00:00,0.0011124229,-0.0004087135603185743,-0.0026531063123790004,0.0003063253534492105,0.0007740816402329885
2024-09-02 17:00:00+00:00,0.016394455,-0.0004189790633972734,0.0007453354188211985,0.0003135753213427961,0.01348617784466231
2024-09-02 18:00:00+00:00,-0.0058203475,-0.0004245774180162698,0.0003161353585985028,0.0003188852861057967,-0.0046414568179526045
2024-09-03 10:00:00+00:00,-0.0076966365,-0.00043561766506172717,-0.001845495456858287,0.00032611461938358843,-0.006307269648615823
2024-09-03 11:00:00+00:00,0.024957728,-0.00044995691860094666,0.0017754626431461076,0.00033137158607132733,0.02084108819244259
2024-09-03 12:00:00+00:00,-0.001534835,-0.0004565822018776089,0.001084986539992358,0.0003322928096167743,-0.0006234369163027536
2024-09-03 13:00:00+00:00,0.00075114885,-0.0004626579466275871,0.001289158113192747,0.00033797838841564953,0.0011549588996043396
2024-09-03 14:00:00+00:00,-0.011371583,-0.00047057311167009175,0.0004126775957838046,0.00034545070957392454,-0.00908523238828852
2024-09-03 15:00:00+00:00,-0.0022809617,-0.00047432188875973225,0.0013287787760953857,0.0003561254998203367,-0.0014394867367339267
2024-09-03 16:00:00+00:00,0.00042527952,-0.0004718047275673598,5.6184788220352137e-05,0.0003690684970933944,0.001018072984972885
2024-09-03 17:00:00+00:00,0.0045770756,-0.0004855065781157464,0.0008866780206032764,0.0003815254895016551,0.004389627978957224
2024-09-03 18:00:00+00:00,-0.000423337,-0.0005053029162809253,0.00032810551616199344,0.0003915591514669359,0.00010885448743247134
2024-09-04 10:00:00+00:00,0.012237615,-0.0005226087523624301,0.0028462752408213395,0.000401944707846269,0.010714360667545152
2024-09-04 11:00:00+00:00,0.000693218,-0.0005454711499623954,0.0015377515934643727,0.00040884720510803163,0.001578276715047637
2024-09-04 12:00:00+00:00,0.0015058175,-0.00057037832448259,0.0015831737801266588,0.0004183785931672901,0.0017661400512979076
2024-09-04 13:00:00+00:00,0.007113651,-0.0006030765362083912,0.0031407680538702307,0.000423535646405071,0.006672675641312964
2024-09-04 14:00:00+00:00,0.0013513368,-0.0006422391743399203,0.002971756533437325,0.000428011582698673,0.0017208640778443012
2024-09-04 15:00:00+00:00,-0.0018421933,-0.0006771092303097248,0.0014796407001988984,0.00043459722655825317,-0.0007550931124197033
2024-09-04 16:00:00+00:00,-0.00019641007,-0.0007053180015645921,0.00043037525458261897,0.0004368649097159505,0.0006099582433904886
2024-09-04 17:00:00+00:00,0.0019623667,-0.0007305279723368585,0.0019072789423996575,0.0004388703091535717,0.002391366843986224
2024-09-04 18:00:00+00:00,0.0050950404,-0.0007495868485420942,0.0020661103144862195,0.0004364205524325371,0.0050405911302397275
2024-09-05 10:00:00+00:00,0.006502086,-0.00077093206346035,0.001602898056438571,0.00043206196278333664,0.006459410747566793
2024-09-05 11:00:00+00:00,0.00055966334,-0.0008018984226509929,0.0015794051560841143,0.00043007961357943714,0.0014052977040174396
2024-09-05 12:00:00+00:00,0.0073647588,-0.0008172944071702659,0.0022867788126561305,0.00042687018867582083,0.00714946690290876
2024-09-05 13:00:00+00:00,0.0004271405,-0.0008175136754289269,0.002602113708106716,0.0004217866517137736,0.001398524128156016
2024-09-05 14:00:00+00:00,0.0035701573,-0.0008077186066657305,0.0024659621196489743,0.0004184666322544217,0.003960090204470161
2024-09-05 15:00:00+00:00,-0.0015543824,-0.0007769207586534321,0.001784919149765521,0.00041215753299184144,-0.0004028752253547557
2024-09-05 16:00:00+00:00,-0.00040496184,-0.0007395491120405495,0.0012328488826707346,0.00040656374767422676,0.0005394992354699682
2024-09-05 17:00:00+00:00,-0.012549504,-0.0006699019577354193,0.0008397426719763835,0.0004025213420391083,-0.010048948794605815
2024-09-05 18:00:00+00:00,-0.006301723,-0.0006179563351906836,-0.00038262430948592634,0.00040259346133098006,-0.004718046361847093
2024-09-06 10:00:00+00:00,0.00055380305,-0.0006066953064873815,-3.132882857258989e-05,0.0004012680146843195,0.0008682431268332813
2024-09-06 11:00:00+00:00,-0.0036542434,-0.0006214582244865596,-0.0011917912147345578,0.00039819831727072597,-0.002624034501074866
2024-09-06 12:00:00+00:00,0.0017635345,-0.0006425546598620713,-0.0010921439836260418,0.00039628843660466373,0.001881152434467047
2024-09-06 13:00:00+00:00,-0.0015129666,-0.000660478079225868,-0.0018369512578053511,0.00039925772580318153,-0.0009284633601157029
2024-09-06 14:00:00+00:00,0.0024370353,-0.0007082014344632626,-0.00047101896821941114,0.0004003284848295152,0.0023980520400984206
2024-09-06 15:00:00+00:00,0.008224531,-0.0007398143061436713,0.0014137126393283285,0.00039881456177681684,0.007219283059046872
2024-09-06 16:00:00+00:00,0.0008079764,-0.0007848080131225288,0.000593083209934278,0.00039946247125044465,0.0010863028673900618
2024-09-06 17:00:00+00:00,-0.008728296,-0.000823630893137306,-0.0002849252265367226,0.00040014967089518905,-0.007034923740446623
2024-09-06 18:00:00+00:00,-0.00053243217,-0.000858636456541717,-0.000495063789353933,0.00040506725781597197,-0.0001910901627086282
2024-09-09 10:00:00+00:00,0.018276414,-0.0008836820488795638,0.002974236221097509,0.0004072756855748594,0.016105068731017858
2024-09-09 11:00:00+00:00,0.0011519141,-0.0009126091026701033,0.0032362322284466725,0.0004038374754600227,0.0017477843534237905
2024-09-09 12:00:00+00:00,0.0036814818,-0.0009637637413106859,0.003472370321712281,0.00040168120176531374,0.0038662601705062695
2024-09-09 13:00:00+00:00,0.0027999042,-0.00101190316490829,0.0040890143631100145,0.0003959340101573616,0.003212036011012111
2024-09-09 14:00:00+00:00,-0.0023220934,-0.001064865617081523,0.0027145234582693616,0.000392683781683445,-0.0012712753228460326
2024-09-09 15:00:00+00:00,-0.0007646072,-0.001104774884879589,0.002091875188698542,0.0003892181266564876,-0.00010393588210931334
2024-09-09 16:00:00+00:00,-0.0001381164,-0.0011370538268238306,0.0026833507514501397,0.00038763051270507276,0.0004672181212803367
2024-09-09 17:00:00+00:00,-0.0024467576,-0.001148677198216319,0.0025829072762748933,0.00038881509681232274,-0.0017103836588017154
2024-09-09 18:00:00+00:00,0.003476859,-0.0011383858509361744,0.002543011453385886,0.0003878494899254292,0.0036110583806364172
2024-09-10 10:00:00+00:00,0.0014848758,-0.001121136243455112,0.0018664830525550187,0.00038392271380871534,0.0019852215802734345
2024-09-10 11:00:00+00:00,-0.003992954,-0.001102785230614245,0.0009111353800766838,0.00037934823194518685,-0.0030631544254050617
2024-09-10 12:00:00+00:00,0.00040426824,-0.0010723622981458902,0.0005692719678302902,0.0003743124252650887,0.0006957442885303625
2024-09-10 13:00:00+00:00,-0.0009896829,-0.0010332295205444098,0.0004168956766390432,0.0003712488105520606,-0.00042719009947987175
2024-09-10 14:00:00+00:00,-0.0012144974,-0.0009756959043443203,3.8232263238023565e-05,0.00036712136352434754,-0.0007198970622368514
2024-09-10 15:00:00+00:00,-0.002283837,-0.000923010113183409,-0.0018181084470339892,0.0003621230134740472,-0.0016200522659917482
2024-09-10 16:00:00+00:00,0.003253423,-0.0008928158204071224,-0.0002204787034507442,0.0003565669758245349,0.003064226561719553
2024-09-10 17:00:00+00:00,-0.014978499,-0.0008818109636195004,-0.0016781159285783347,0.00034872820833697915,-0.012640139647378626
2024-09-10 18:00:00+00:00,-0.0015254213,-0.0008796086185611784,-0.0023313924148453988,0.00034719056566245854,-0.0011219481570694098
2024-09-11 10:00:00+00:00,0.00050873234,-0.0008838442736305296,-0.0009401399070379736,0.0003471797099336982,0.000587982320127704
2024-09-11 11:00:00+00:00,-0.0031756896,-0.0008912805351428688,-0.002107641358727819,0.0003462156455498189,-0.0026586658388691765
2024-09-11 12:00:00+00:00,0.0012151066,-0.0008888968150131404,-0.0009371701020008617,0.00034589896677061915,0.0010898419567189534
2024-09-11 13:00:00+00:00,-0.0003795622,-0.0008694099960848689,-0.0013608409655532945,0.00034738308750092983,-0.0002068408150526846
2024-09-11 14:00:00+00:00,0.0041672816,-0.0008721677586436272,-5.440341074355981e-05,0.00034879273152910173,0.003694842660590461
2024-09-11 15:00:00+00:00,0.00041037603,-0.0008828883292153478,0.000495183279174362,0.0003495922137517482,0.0005156102406471319
2024-09-11 16:00:00+00:00,-0.0008101146,-0.0008784006931819022,0.00031538359400462665,0.0003526041691657156,-0.0003990232520762785
2024-09-11 17:00:00+00:00,-0.0059718494,-0.000876175588928163,-0.0014837087757874387,0.0003552740381564945,-0.004905868564933875
2024-09-11 18:00:00+00:00,0.0011081898,-0.0008669968228787184,-0.0004262064249796481,0.0003533116541802883,0.0011755152710942155
2024-09-12 10:00:00+00:00,-0.015594453,-0.0008477112278342247,-0.001995358720365135,0.00035489926813170314,-0.012925768581245212
2024-09-12 11:00:00+00:00,-0.0008937685,-0.0008395941113121808,-0.0019130443496029013,0.00035570553154684603,-0.0008192645549664971
2024-09-12 12:00:00+00:00,-0.0009056171,-0.0007929164567030966,-0.0021678324913309683,0.0003572777204681188,-0.0005777326692429823
2024-09-12 13:00:00+00:00,-0.0004420622,-0.0007109046564437449,-0.0010016427275197992,0.00035813121940009296,-0.0003282078496122553
2024-09-12 14:00:00+00:00,0.0011268727,-0.0006275990162976086,-0.0007189142557165844,0.0003569095570128411,0.0010584568980949109
2024-09-12 15:00:00+00:00,-0.006202463,-0.0005345754907466471,-0.00205231600986862,0.00035514499177224934,-0.0050978065095365985
2024-09-12 16:00:00+00:00,0.0026075055,-0.000473538413643837,-0.0004207725836973264,0.00034858493017964065,0.0021981804872063097
2024-09-12 17:00:00+00:00,0.0029764397,-0.0004374136624392122,0.00092377461433398,0.0003358397225383669,0.002433135674721897
2024-09-12 18:00:00+00:00,-0.0010501473,-0.000450177671154961,-0.00035644627905243243,0.00032096501672640443,-0.0006602155425603765
2024-09-13 10:00:00+00:00,0.007514607,-0.00045875777141191065,0.0017880505606874947,0.0003105022187810391,0.006498905484458871
2024-09-13 11:00:00+00:00,-0.0006918022,-0.00048456655349582434,0.002132292691929805,0.0002961279242299497,-0.00018118127190595474
2024-09-13 12:00:00+00:00,0.0002416361,-0.0005424862611107528,0.001008139684068272,0.00028335629031062126,0.0006201692950154303
2024-09-13 13:00:00+00:00,-0.011242774,-0.0005765698733739555,-0.001363795736153907,0.00027230961131863296,-0.009098218630909179
2024-09-13 14:00:00+00:00,-0.0012557999,-0.0005671372637152672,0.001915385493425496,0.0002670460380613804,-0.0009927204873753886
2024-09-13 15:00:00+00:00,0.010552845,-0.000551943143364042,0.0024721793984711564,0.00026098452508449554,0.009057742581693022
2024-09-13 16:00:00+00:00,0.007094056,-0.0005569907953031361,0.004298691971205603,0.0002489089092705399,0.006398405823800289
2024-09-13 17:00:00+00:00,0.008355958,-0.0005897062947042286,0.0046899941158110225,0.0002379236975684762,0.007630176261412035
2024-09-13 18:00:00+00:00,0.005532099,-0.0006032286328263581,0.003803661024279391,0.00022804464970249683,0.005333714363427504
2024-09-16 10:00:00+00:00,0.0037212346,-0.0005942768766544759,0.0017903074289124775,0.0002170834777643904,0.0038758867720796756
2024-09-16 11:00:00+00:00,0.0076142773,-0.0005944520235061646,0.004137255940785672,0.0002080848498735577,0.007203378078567559
2024-09-16 12:00:00+00:00,0.0077258977,-0.0006021814187988639,0.0042646564031465556,0.00019928469555452466,0.0075505183743826984
2024-09-16 13:00:00+00:00,-0.00013744034,-0.000590730516705662,0.003970538285600633,0.00019526360847521573,0.0006767157647372338
2024-09-16 14:00:00+00:00,0.0023339204,-0.0005230715614743531,0.0035697239038763513,0.00019464227079879493,0.0029800219928651232
2024-09-16 15:00:00+00:00,0.0016336687,-0.0004777900467161089,0.0038188105086071765,0.0001941787777468562,0.002604059662372189
2024-09-16 16:00:00+00:00,-0.000115849834,-0.00044349051313474774,0.0035084562194487505,0.00019175342458765954,0.0009334445539407188
2024-09-16 17:00:00+00:00,-0.0009272822,-0.00039495821692980826,0.0032926241480908908,0.00018875111709348857,-3.4447615925011335e-05
2024-09-16 18:00:00+00:00,-7.3798015e-05,-0.0003251426969654858,0.0023232298358965855,0.00018360253307037055,0.0007242175909578315
2024-09-17 10:00:00+00:00,-0.00079103495,-0.00030005344888195395,0.002553137714318141,0.00017410753935109824,-1.2810278295502048e-06
2024-09-17 11:00:00+00:00,0.0027290608,-0.0002768650883808732,0.0024177894664159706,0.00016626519209239632,0.002983101958628995
2024-09-17 12:00:00+00:00,-0.0015901687,-0.0002536608371883631,0.0015318214677545157,0.0001606226433068514,-0.0008117989188868152
2024-09-17 13:00:00+00:00,-0.0009806352,-0.000256571191130206,6.146830230441014e-05,0.00015758714289404452,-0.000523044150261235
2024-09-17 14:00:00+00:00,-0.003127578,-0.0002474463835824281,0.0007171987846089338,0.0001543557009426877,-0.002264412853491005
2024-09-17 15:00:00+00:00,0.004097674,-0.00021119411394465715,0.0010238004406712196,0.00015356978110503405,0.0039920127224043235
2024-09-17 16:00:00+00:00,0.0028836357,-0.00018428220937494189,0.0014766583299181755,0.0001534143229946494,0.002927429368105058
2024-09-17 17:00:00+00:00,0.004341313,-0.0001492697192588821,0.004048047810660563,0.00015010108472779393,0.004170200113924035
2024-09-17 18:00:00+00:00,0.00010462987,-0.0001366725191473961,0.0017984592174949128,0.0001451694406569004,0.0006078888749852464
2024-09-18 10:00:00+00:00,0.0001255414,-0.0001530808222014457,0.0016966609197185964,0.00014041847316548228,0.0005265453003005739
2024-09-18 11:00:00+00:00,-0.0033636724,-0.00016931825666688383,0.0012584372309306564,0.00013939359632786363,-0.0024587814915128896
2024-09-18 12:00:00+00:00,-0.0009136017,-0.00019477175374049693,0.000720144908197068,0.00013872062845621258,-0.0004039587484794154
2024-09-18 13:00:00+00:00,-0.0026510146,-0.00021113737602718174,0.0008184408811535721,0.00014015327906236053,-0.001972913282782483
2024-09-18 14:00:00+00:00,-0.004127243,-0.00021996564464643598,-3.5879205412668374e-05,0.00014189786452334374,-0.0032546197792306495
2024-09-18 15:00:00+00:00,0.0017543123,-0.00023480124946217984,0.0010209039918825007,0.0001477180776419118,0.0017510105219330405
2024-09-18 16:00:00+00:00,0.003762434,-0.0002423829719191417,0.0016168257798313563,0.00015103130135685205,0.0035638701471345673
2024-09-18 17:00:00+00:00,-0.0030341363,-0.00025091151474043727,0.001559185716365119,0.00015394063666462898,-0.0024043272795588096
2024-09-18 18:00:00+00:00,-0.0022710836,-0.00028557126643136144,3.135483004140949e-05,0.00015783369599375874,-0.0016984499516685115
2024-09-19 10:00:00+00:00,-0.0019795175,-0.00032124301651492715,0.0005469568237368486,0.0001607875747140497,-0.00147645660642137
2024-09-19 11:00:00+00:00,0.0044510537,-0.0003543925704434514,0.0013945207676116116,0.0001638389949221164,0.004004713098576635
2024-09-19 12:00:00+00:00,0.006802068,-0.00037562058423645794,0.0014023371082529526,0.00016471366689074785,0.00623379056758127
2024-09-19 13:00:00+00:00,-0.004905034,-0.0003607329854276031,0.00045199668361125606,0.00016422392218373716,-0.004086063404706767
2024-09-19 14:00:00+00:00,0.002450273,-0.00036905609886161983,0.0010450889943244297,0.00016473094001412392,0.0023386155464203665
2024-09-19 15:00:00+00:00,-0.0060999887,-0.0003632016887422651,0.000898405287516353,0.00016756982950028032,-0.004980926147206732
2024-09-19 16:00:00+00:00,0.001678836,-0.00037187975249253213,0.0004158219413948469,0.00016957113984972239,0.001618945007779892
2024-09-19 17:00:00+00:00,-0.009103641,-0.00038790906546637416,-0.0012103083523363643,0.00017134621157310903,-0.007652364904448795
2024-09-19 18:00:00+00:00,-0.0018008519,-0.000404801539843902,-0.0021069245096984137,0.00017484046111349016,-0.0014147810566288283
2024-09-20 10:00:00+00:00,0.0064213187,-0.00041514323675073683,0.0018229584522309573,0.00017723128257784992,0.005684524464033819
2024-09-20 11:00:00+00:00,0.0030579283,-0.00042711521382443607,0.0017316628375542127,0.00017795608437154442,0.002886054231467381
2024-09-20 12:00:00+00:00,0.00071815564,-0.0004456076421774924,0.0017500057635381565,0.00017730443505570292,0.000870307428278643
2024-09-20 13:00:00+00:00,-0.00010557878,-0.0004598198866005987,0.0008754753879378917,0.00017949660832528025,9.798643273425446e-05
2024-09-20 14:00:00+00:00,0.0013927432,-0.0004675712843891233,0.001052989256876621,0.00018315648776479065,0.0014337985345613481
2024-09-20 15:00:00+00:00,-0.002079277,-0.0004687414621002972,0.0012131359514300096,0.00018717638158705086,-0.0016671843017710317
2024-09-20 16:00:00+00:00,-0.0013533232,-0.0004645268199965358,0.0005771374809059563,0.00019193411571905017,-0.0009311595634923301
2024-09-20 17:00:00+00:00,0.00067689054,-0.00045834234333597124,0.0007023053328347925,0.00019726135360542685,0.0007544994180256861
2024-09-20 18:00:00+00:00,0.00092997705,-0.0004630089970305562,0.0007549001478652477,0.00020073512860108167,0.0009597474662213149
2024-09-23 10:00:00+00:00,0.010559871,-0.00046631324221380055,0.00452593315283458,0.00020466985006351024,0.009464887624086163
2024-09-23 11:00:00+00:00,0.0007522647,-0.00047605359577573836,0.002439610952577563,0.0002057235105894506,0.0009833422187841873
2024-09-23 12:00:00+00:00,-0.0012750039,-0.0004795529239345342,0.0018484417904669462,0.00020920726819895208,-0.0007806710965698682
2024-09-23 13:00:00+00:00,0.003299127,-0.00047287499182857573,0.003260934718272465,0.00021354417549446225,0.0031944848909155215
2024-09-23 14:00:00+00:00,0.0009584632,-0.00046370329800993204,0.0028509659148809098,0.00021590500546153635,0.0011705616972424186
2024-09-23 15:00:00+00:00,-0.00042702773,-0.00044850868289358914,0.001968798741615887,0.0002188875077990815,4.9497770893097076e-05
2024-09-23 16:00:00+00:00,0.0023412025,-0.00042274087900295854,0.0031001969675235174,0.00022067459940444678,0.002502757963649049
2024-09-23 17:00:00+00:00,-0.0022057837,-0.00040045479545369744,0.0019138917956596092,0.00022424760391004384,-0.0014990487596289665
2024-09-23 18:00:00+00:00,-0.004216993,-0.0003784456057474017,0.0005633773882178753,0.00022958280169405043,-0.003310973164310541
2024-09-24 10:00:00+00:00,0.005913382,-0.0003555795119609684,0.001494222225716806,0.00023670187511015683,0.005577668333315587
2024-09-24 11:00:00+00:00,0.004088627,-0.0003257435164414346,0.0028518768181221743,0.00023838109336793423,0.003953358164143827
2024-09-24 12:00:00+00:00,0.0032052305,-0.00029679678846150637,0.002541392291699411,0.00023940089158713818,0.0032432193689878094
2024-09-24 13:00:00+00:00,-0.00033038738,-0.0002772989682853222,0.0016925404166499517,0.00024193005810957402,5.690041820630331e-05
2024-09-24 14:00:00+00:00,-0.0009194643,-0.000264040136244148,0.0012046644647174154,0.0002466401783749461,-0.0004971077430123389
2024-09-24 15:00:00+00:00,-0.0006927392,-0.00024957387358881533,0.0010891160829240385,0.00025295859086327255,-0.00030365609001581226
2024-09-24 16:00:00+00:00,0.0019838817,-0.00022827606881037354,0.0021454097650897845,0.0002604658075142652,0.002102825906094857
2024-09-24 17:00:00+00:00,0.004346624,-0.0002087267639581114,0.003558631788785306,0.0002666885557118803,0.0041709181205698675
2024-09-24 18:00:00+00:00,0.0013249456,-0.00019452179549261928,0.0034079621977518224,0.0002724583027884364,0.0015241686194650405
2024-09-25 10:00:00+00:00,-0.0053103482,-0.00018161808839067817,0.0007862732550351463,0.00027719163335859776,-0.004387028813452281
2024-09-25 11:00:00+00:00,0.0029262383,-0.00016951029829215258,0.001521094420127485,0.00028142289374955,0.002918640771202075
2024-09-25 12:00:00+00:00,0.0061132787,-0.00015775219071656466,0.00307831924362591,0.00028548750560730696,0.0058076010051319625
2024-09-25 13:00:00+00:00,-0.0012483374,-0.00014728907262906432,0.002413176111531905,0.00028995107277296484,-0.000819338930848826
2024-09-25 14:00:00+00:00,-0.0045666164,-0.0001383298949804157,0.0010825121716285422,0.0002956126118078828,-0.0038125350400640317
2024-09-25 15:00:00+00:00,-0.00056586403,-0.00013545984984375536,0.001235563989971281,0.00030067889019846916,-0.000315523872666194
2024-09-25 16:00:00+00:00,-0.0064632255,-0.0001284029131056741,-0.0025159380483374904,0.00030479260021820664,-0.005423512667980738
2024-09-25 17:00:00+00:00,0.0025138508,-0.00012315121421124786,0.0012843866327133513,0.0003120998153463006,0.002283779902018599
2024-09-25 18:00:00+00:00,-0.0029593473,-0.00011848966096295044,0.0012928336191162437,0.0003176084428559989,-0.0025879383823168545
2024-09-26 10:00:00+00:00,-0.006310022,-0.00011087711754953489,-0.0006564327769080972,0.00032490852754563093,-0.005447208797497534
2024-09-26 11:00:00+00:00,0.0059990925,-0.00010431586269987747,0.0021390449015710727,0.0003312176268082112,0.005347193412373293
2024-09-26 12:00:00+00:00,0.0027845511,-9.610519191483036e-05,0.0015920988132460926,0.0003349487960804254,0.002602585252099987
2024-09-26 13:00:00+00:00,-0.0028778487,-9.018270066007972e-05,6.698574041024312e-05,0.00033989554503932595,-0.002531162509266862
2024-09-26 14:00:00+00:00,0.0032499149,-8.094817167147994e-05,0.0007249631038408084,0.00034731824416667223,0.002916323509013034
2024-09-26 15:00:00+00:00,-0.0044324384,-7.314901449717581e-05,0.000946520281748613,0.00035476378980092704,-0.0038341378383671895
2024-09-26 16:00:00+00:00,-0.0036705683,-6.499303708551452e-05,-0.000308846371487572,0.00036189236561767757,-0.0031356059191227637
2024-09-26 17:00:00+00:00,0.00245547,-4.891732896794565e-05,0.00039492383401903654,0.00036919041303917766,0.002257978688029769
2024-09-26 18:00:00+00:00,0.0024287223,-3.0400853574974462e-05,0.0008010203629790294,0.0003749789611902088,0.002219560981555227
2024-09-27 10:00:00+00:00,0.0009014844,-7.489380095648812e-06,0.001956555081682854,0.0003800067934207618,0.0009543284811595207
2024-09-27 11:00:00+00:00,0.0027925468,1.8181053746957332e-05,0.0012618433472479573,0.00038316898280754685,0.0026372605158041904
2024-09-27 12:00:00+00:00,0.0019913851,4.187980812275782e-05,0.0022762503255259743,0.0003834656672552228,0.0018925014096894189
2024-09-27 13:00:00+00:00,0.00012368584,6.31225630058907e-05,0.0023605624986440346,0.0003828795743174851,0.0002589450079889469
2024-09-27 14:00:00+00:00,-0.0017639691,8.164699102053419e-05,0.0010942739188702366,0.00038265265175141394,-0.0014346586397110314
2024-09-27 15:00:00+00:00,-4.1299703e-05,0.00012049818906234577,0.0010203724066368829,0.0003827166510745883,0.00014231591247813665
2024-09-27 16:00:00+00:00,0.0014754059,0.00014618573186453432,0.0018953536793739887,0.0003806335444096476,0.001466482779271739
2024-09-27 17:00:00+00:00,0.0031087575,0.00017393605958204716,0.003034634668297332,0.0003762459964491427,0.003028671024521461
2024-09-27 18:00:00+00:00,-0.0017178865,0.00019828087533824146,0.002287883087186906,0.00037000226438976824,-0.0013103368836827574
2024-09-30 10:00:00+00:00,0.006751652,0.00021285467664711177,0.002695494498204751,0.0003632614971138537,0.006324455817317293
2024-09-30 11:00:00+00:00,0.0006338302,0.00023913965560495853,0.002001462176479055,0.0003564867074601352,0.0008143238936807216
2024-09-30 12:00:00+00:00,-0.0074163694,0.00024775014026090503,0.0014111886676854883,0.0003496374120004475,-0.006452159218727219
2024-09-30 13:00:00+00:00,0.0006895878,0.0002692113339435309,0.001255171264250272,0.0003432394005358219,0.0007082629660426648
2024-09-30 14:00:00+00:00,-0.00542661,0.00028470790130086243,-0.0007429504333231278,0.0003375694213900715,-0.004700537021445021
2024-09-30 15:00:00+00:00,0.0040675644,0.0003065203200094402,0.0011005895739158963,0.0003330023610033095,0.0037082464164828743
2024-09-30 16:00:00+00:00,0.00082388445,0.00031829840736463666,0.0011331615938963491,0.00032526958966627717,0.0009123184936714731
2024-09-30 17:00:00+00:00,-0.00879906,0.000347475113812834,-0.0015769827380032956,0.00031709158793091774,-0.0076139721233368365
2024-09-30 18:00:00+00:00,0.0028415297,0.0003729536838363856,-6.133346320599234e-05,0.0003121132031083107,0.0025338268530749352
2024-10-01 10:00:00+00:00,-0.0150667485,0.00037406798219308257,-0.001369194031074468,0.00030693228472955525,-0.013251627530894289
2024-10-01 11:00:00+00:00,-0.0031694414,0.0003909004735760391,-0.001373996403368941,0.00030316130141727626,-0.0028650592126881307
2024-10-01 12:00:00+00:00,0.0048081316,0.00040438759606331587,-0.0006067676235290066,0.0002968556073028594,0.004136264535196422
2024-10-01 13:00:00+00:00,-0.0007664887,0.00040996342431753874,0.0002541235710638725,0.00029054039623588324,-0.0006617201238424841
2024-10-01 14:00:00+00:00,-0.0004938038,0.0004175880167167634,0.00010437341995673891,0.0002856212668120861,-0.00047510536995820966
2024-10-01 15:00:00+00:00,-0.0026834072,0.0004247861506883055,-0.0006493984642518098,0.00028089858824387193,-0.0023807997368940482
2024-10-01 16:00:00+00:00,0.0018318108,0.0004165863210801035,0.0009424856953885978,0.0002756903995759785,0.0015778956214972499
2024-10-01 17:00:00+00:00,0.0030980099,0.0003881843585986644,0.0013935141461679126,0.0002698353200685233,0.00270610830325396
2024-10-01 18:00:00+00:00,-0.004308313,0.00037392842932604253,0.0007974568032556446,0.0002660138707142323,-0.0037399484824663667
2024-10-02 10:00:00+00:00,0.008023747,0.0003523776540532708,0.0019501638456878136,0.00026029342552646995,0.006965637645273509
2024-10-02 11:00:00+00:00,-0.0013066774,0.00032458192436024547,0.001519110789907689,0.0002542630536481738,-0.0009028755026699038
2024-10-02 12:00:00+00:00,-0.0025136168,0.00029966814327053726,0.0003934539752124035,0.00024770942400209606,-0.0020392091008368356
2024-10-02 13:00:00+00:00,0.0012890178,0.00028190642478875816,0.0011632797429829704,0.0002414772316114977,0.001281489760339295
2024-10-02 14:00:00+00:00,-0.0015617061,0.00027181196492165327,0.0009265959775695823,0.00023632966622244567,-0.0012444655427566536
2024-10-02 15:00:00+00:00,-0.005269065,0.00026707403594627976,0.00018346893583641975,0.00023099378449842334,-0.004478576153983256
2024-10-02 16:00:00+00:00,-0.00061178854,0.0002715562586672604,-0.00029674431612418715,0.00022538949269801378,-0.0003861299608942191
2024-10-02 17:00:00+00:00,-0.01979904,0.00027671753196045756,-0.0013913298719511842,0.00022190979507286102,-0.017029402173383713
2024-10-02 18:00:00+00:00,-0.007442849,0.0002857339568436146,-0.0011050304317118983,0.00022099263151176274,-0.0065616244330842345
2024-10-03 10:00:00+00:00,-0.00023856772,0.00028469180688261986,-0.0007248988819081805,0.00021540425950661302,-0.00039366678621645553
2024-10-03 11:00:00+00:00,-0.0030956918,0.00027626066002994776,-0.002088798078540652,0.00020870821026619524,-0.002815903356813154
2024-10-03 12:00:00+00:00,-6.527557e-05,0.00027648723335005343,-0.0019904005180428333,0.00020220944134052843,-0.0002759046490113439
2024-10-03 13:00:00+00:00,-0.004131899,0.00027068701456300914,-0.001966341731281581,0.00019781240553129464,-0.0037857589794054345
2024-10-03 14:00:00+00:00,-0.00049173075,0.00026065739803016186,-0.002395628607902131,0.00019509662524797022,-0.000708646227356634
2024-10-03 15:00:00+00:00,0.0104381675,0.00024536525597795844,0.0012545593525024549,0.00019168044673278928,0.008511354604227785
2024-10-03 16:00:00+00:00,0.0038217432,0.00022835138952359557,0.0024161006391339194,0.00018670441932044923,0.003130360816954933
2024-10-03 17:00:00+00:00,-0.005597231,0.00021824710711371154,0.0009014687614935992,0.00018171113333664834,-0.004927522374642714
2024-10-03 18:00:00+00:00,-0.0005202519,0.00021194800501689315,0.0002436309493519063,0.00017694442067295313,-0.0004217081098235242
2024-10-04 10:00:00+00:00,0.010407604,0.00020578826661221683,0.0014916290005903441,0.00017182562442030758,0.009074110510645425
2024-10-04 11:00:00+00:00,0.0013295307,0.00020207453053444624,0.001168789401799652,0.0001662851864239201,0.0014222414714511998
2024-10-04 12:00:00+00:00,-0.0026500882,0.00021449664200190455,0.0007497676109754312,0.000160999596118927,-0.002021524898293748
2024-10-04 13:00:00+00:00,0.0021892413,0.0002298260515090078,0.0031447118702361302,0.00015745115524623543,0.002086842479331763
2024-10-04 14:00:00+00:00,-0.0015019045,0.0002698871830943972,0.0024316388912637636,0.00014929636381566525,-0.0009855099467455713
2024-10-04 15:00:00+00:00,-0.0042065913,0.00031079069594852626,-1.2720248521674065e-05,0.00014274865679908544,-0.0031760083909933502
2024-10-04 16:00:00+00:00,-0.00071181287,0.0003619637282099575,0.0009518340996025708,0.00013629510067403316,-0.00045459547108284317
2024-10-04 17:00:00+00:00,0.0034895027,0.0004281974397599697,0.0015197677833502915,0.00012850778875872493,0.003094103103163396
2024-10-04 18:00:00+00:00,0.0012571117,0.0004543408576864749,0.001661264414684667,0.000121451033919584,0.00134306258273561
2024-10-07 10:00:00+00:00,-0.0028388032,0.00047984838602133095,0.00041575279570890575,0.00011647026985883713,-0.002277937412224968
2024-10-07 11:00:00+00:00,0.0009794373,0.0004798793816007674,0.0007508510699631834,0.00010980638762703165,0.0009693477392495492
2024-10-07 12:00:00+00:00,-0.004236769,0.000475901470053941,-0.00026251221436870975,0.00010415925498818979,-0.0034618140392189446
2024-10-07 13:00:00+00:00,-0.0015244483,0.00047998232184909284,-0.00024300821191292814,9.910550579661503e-05,-0.0011953236960797913
2024-10-07 14:00:00+00:00,0.0012975499,0.00047555260243825614,0.0001985735373730735,9.410848724655807e-05,0.001267473095942016
2024-10-07 15:00:00+00:00,-0.0017737405,0.0004888519761152565,-0.0019614530447553927,8.984320447780192e-05,-0.0014094778193518228
2024-10-07 16:00:00+00:00,0.004697861,0.0004970108275301754,0.0009992845250773412,8.828489808365703e-05,0.004176021979528337
2024-10-07 17:00:00+00:00,-0.014510074,0.0004956997581757605,-0.0031786465818756313,8.570426143705845e-05,-0.012175070061992548
2024-10-07 18:00:00+00:00,0.0015402011,0.00048051035264506936,-0.0001783640605678457,9.057274291990325e-05,0.0012911566950987697
2024-10-08 10:00:00+00:00,-0.0051432564,0.0004771986568812281,-0.002842402153297522,9.281249367631972e-05,-0.004284155117517661
2024-10-08 11:00:00+00:00,0.00010970686,0.0004652007482945919,-0.0017429557251287704,9.473557292949408e-05,5.1219082350738254e-05
2024-10-08 12:00:00+00:00,0.00594999,0.00043844617903232574,-4.7085059226959695e-05,9.769621829036623e-05,0.0050700686896560775
2024-10-08 13:00:00+00:00,0.00046880537,0.00042321058572269976,0.0005448489863305742,0.0001001698401523754,0.0005227956009377432
2024-10-08 14:00:00+00:00,-0.003395626,0.00040995716699399054,0.00041286134595788776,0.00010805604688357562,-0.00288032593395807
2024-10-08 15:00:00+00:00,-0.00076588115,0.0003955940483137965,0.00039781592367063974,0.00011816727055702358,-0.0006811705949367286
2024-10-08 16:00:00+00:00,0.0004158368,0.00039125559851527214,-0.0001339825429831011,0.00012937212886754423,0.0003929759069104411
2024-10-08 17:00:00+00:00,-0.00019695378,0.0003806095919571817,0.0004435721601362174,0.0001405376970069483,-0.00033372679054652983
2024-10-08 18:00:00+00:00,0.00015318963,0.0003779164981096983,0.0004890353814208616,0.00015283143147826195,0.00020604056093552242
2024-10-09 10:00:00+00:00,-0.0042322767,0.00037678578519262373,-0.0017304339757125047,0.0001602639677003026,-0.003445737802452232
2024-10-09 11:00:00+00:00,-8.7905326e-05,0.0003824740706477314,-0.0013730170937445872,0.0001695699611445889,-3.578983063256936e-05
2024-10-09 12:00:00+00:00,-0.0019799154,0.0003908222424797714,-0.0011124076681199395,0.00017842753732111305,-0.0015070881864433943
2024-10-09 13:00:00+00:00,-0.0029661998,0.00040037548751570284,-0.0010473343260566917,0.00018911877123173326,-0.0026484492901442187
2024-10-09 14:00:00+00:00,0.0012691547,0.0004149350570514798,-0.0002226711527789499,0.00019986282859463245,0.0010661168665827185
2024-10-09 15:00:00+00:00,-0.0008496037,0.00043678254587575793,-0.0003214741186191343,0.00020994154328946024,-0.000589289283873105
2024-10-09 16:00:00+00:00,-0.004314309,0.0004551720048766583,-0.0023101205902079417,0.00021597529121208936,-0.0035419054292312327
2024-10-09 17:00:00+00:00,-0.008349431,0.00047460428322665393,-0.0024303877619304046,0.00022162073582876474,-0.007164115042331207
2024-10-09 18:00:00+00:00,-0.0014879374,0.0004965642583556473,-0.0016113118508562644,0.00022973708109930158,-0.0013654369354564086
2024-10-10 10:00:00+00:00,0.00538188,0.0005110923084430397,-0.0005647271273249877,0.00023736791627015918,0.004390416254899661
2024-10-10 11:00:00+00:00,0.0035460044,0.0005244446219876409,0.00013002018644636175,0.00024226926325354725,0.0029549594407002355
2024-10-10 12:00:00+00:00,-0.0018881551,0.0005429500597529113,0.00018469272132086466,0.000248437951086089,-0.0015610540807135624
2024-10-10 13:00:00+00:00,-0.0030061817,0.0005549705238081515,-5.091370998324478e-05,0.0002542982983868569,-0.00252874268942023
2024-10-10 14:00:00+00:00,-0.0022661698,0.0005574837559834123,-0.0022901790810122185,0.0002609509974718094,-0.002026309718009221
2024-10-10 15:00:00+00:00,0.0022661698,0.0005567472544498742,-0.00011797912100732207,0.00026952559710480273,0.0017296622519635636
2024-10-10 16:00:00+00:00,0.0012815157,0.0005541674909181893,0.000582832438834434,0.00027790304739028215,0.00104511019438443
2024-10-10 17:00:00+00:00,-0.0032459775,0.0005544463638216257,-0.00151267366950539,0.0002850143355317414,-0.0027287258467813312
2024-10-10 18:00:00+00:00,-0.0004470073,0.0005573636735789478,-0.0010293277105161013,0.0002957269025500864,-0.0002721445496982074
2024-10-11 10:00:00+00:00,-0.002988903,0.0005603571771644056,-0.0018993032536645206,0.00030693243024870753,-0.002376045457320135
2024-10-11 11:00:00+00:00,2.2422028e-05,0.0005648238002322614,-0.00026927402664560576,0.00031796336406841874,-1.2313413023399494e-05
2024-10-11 12:00:00+00:00,-0.003695201,0.0005575255490839481,-0.002379740006755043,0.0003289236919954419,-0.0030715173802061163
2024-10-11 13:00:00+00:00,-0.00094564783,0.0005498332902789116,-0.0015733972493419846,0.0003382586583029479,-0.0007746907914189411
2024-10-11 14:00:00+00:00,0.00048419336,0.0005443342961370945,-0.0011266292094307478,0.00034895597491413355,0.0003419563647387442
2024-10-11 15:00:00+00:00,-0.000304001,0.0005446154391393065,-0.0014756835795243168,0.0003586641396395862,-0.0001877943973504753
2024-10-11 16:00:00+00:00,-0.00042800987,0.0005480509134940803,-0.0014521234359054567,0.0003695358755066991,-0.00029857378168469294
2024-10-11 17:00:00+00:00,0.013817397,0.0005536763928830624,0.002474722890789495,0.0003804682637564838,0.011209433958056427
2024-10-11 18:00:00+00:00,0.0036046468,0.0005579683929681778,0.0031068535077197926,0.0003859047428704798,0.0032137218921842146
2024-10-14 10:00:00+00:00,-0.009086371,0.0005602249293588102,-0.0002420294975272863,0.0003898921131622046,-0.0072596669898260715
2024-10-14 11:00:00+00:00,-0.0013080154,0.0005681214388459921,-0.000267121446911133,0.0003977581800427288,-0.0009001511823384115
2024-10-14 12:00:00+00:00,0.003606867,0.0005791945732198656,0.0002440249756335632,0.0004064540262334049,0.0031954009576297465
2024-10-14 13:00:00+00:00,0.008491041,0.0005888575105927885,0.00225190743282633,0.0004171613254584372,0.00727963782786291
2024-10-14 14:00:00+00:00,0.0025498532,0.0005938103422522545,0.002263477558927722,0.0004274681559763849,0.0025992776595216544
2024-10-14 15:00:00+00:00,-0.0002205096,0.0006033270037733018,0.001343692401980031,0.00043502991320565343,0.0002823931832937938
2024-10-14 16:00:00+00:00,0.005849063,0.0006102548795752227,0.002241635408653978,0.0004443401121534407,0.005436360660933782
2024-10-14 17:00:00+00:00,-0.0012065903,0.0006093050469644368,0.0009013482473416774,0.00045353249879553914,-0.00041930735314085445
2024-10-14 18:00:00+00:00,-0.0022085372,0.0006101795588620007,0.00020121608961901695,0.0004650889022741467,-0.0014800529527367466
2024-10-15 10:00:00+00:00,0.0025048351,0.0006120721227489412,0.0020045799066877312,0.0004764725745189935,0.0023647201577047545
2024-10-15 11:00:00+00:00,0.0052420027,0.0006025168695487082,0.002733430514428644,0.00048559551942162216,0.004970525985608437
2024-10-15 12:00:00+00:00,0.0022568575,0.0006013136589899659,0.0025844072717374537,0.000491094309836626,0.0024962880055100886
2024-10-15 13:00:00+00:00,-0.0017330743,0.0006010301876813173,0.0013032410146363897,0.0004970963927917182,-0.0009278138420677156
2024-10-15 14:00:00+00:00,0.0042781862,0.0006014257669448853,0.0023408318337854454,0.0005047924350947142,0.003960268658490638
2024-10-15 15:00:00+00:00,-0.0034276235,0.0006053215474821627,0.0008164735027971615,0.0005113790975883603,-0.002555148087111026
2024-10-15 16:00:00+00:00,-0.0013743457,0.0006093370611779392,0.00039132335656933656,0.0005209277733229101,-0.0008709664715909656
2024-10-15 17:00:00+00:00,-0.007087062,0.0006082884501665831,0.0006117635629453952,0.0005300792981870472,-0.0058104086789802015
2024-10-15 18:00:00+00:00,0.0015487616,0.0006065941997803748,-0.000526033002872529,0.0005394735489971936,0.001480018347773088
2024-10-16 10:00:00+00:00,0.0039762356,0.0006039876025170088,0.0009192124775737562,0.0005458007217384875,0.0036503829666216727
2024-10-16 11:00:00+00:00,0.003078101,0.0006050013471394777,0.0011083692102324895,0.0005491915508173406,0.0028387340744487157
2024-10-16 12:00:00+00:00,-0.0083283195,0.0006083489279262722,-9.85613762382646e-05,0.0005496650119312108,-0.006763389039260287
2024-10-16 13:00:00+00:00,-0.00029676364,0.0006102010374888778,-0.0008776724563129236,0.0005547329783439636,-0.000220753127471755
2024-10-16 14:00:00+00:00,-0.0031489152,0.0006031012744642794,-0.0021582043645338588,0.0005565988249145448,-0.0025295322327206146
2024-10-16 15:00:00+00:00,-0.00014336838,0.0006019471911713481,-0.0019828935641495256,0.0005586216575466096,-6.957965752403447e-05
2024-10-16 16:00:00+00:00,-0.0013022847,0.0006047994829714298,-0.002306260788726169,0.0005567981279455125,-0.001099209464869157
2024-10-16 17:00:00+00:00,-0.004615776,0.0006113227573223412,-0.0022433294471122327,0.0005561028374359012,-0.0039032522760736755
2024-10-16 18:00:00+00:00,0.00026623477,0.0006108094821684062,-0.0024814492133678518,0.0005554064991883934,0.00026740392088396716
2024-10-17 10:00:00+00:00,0.0011196285,0.0006188665865920484,-0.0011891128797235956,0.0005516663659363985,0.0009705402310788636
2024-10-17 11:00:00+00:00,-0.0011307203,0.0006282354006543756,-0.0018959761230382083,0.0005478112143464386,-0.0009292284129030753
2024-10-17 12:00:00+00:00,-0.0034666315,0.0006440389552153647,-0.0011988047753845555,0.0005449948366731405,-0.003064482800855008
2024-10-17 13:00:00+00:00,-0.0014702773,0.0006582288770005107,-0.001934243379712952,0.0005423820111900568,-0.0013121035894220318
2024-10-17 14:00:00+00:00,0.00080223737,0.0006695068441331387,-0.0007571023936554757,0.0005367318517528474,0.0005802056544662162
2024-10-17 15:00:00+00:00,0.00018932328,0.0006774657522328198,-0.0004995197398407106,0.0005330236745066941,7.600687924936994e-05
2024-10-17 16:00:00+00:00,0.00055662554,0.000683415331877768,-0.0004908742836204117,0.0005288041429594159,0.00045951730824169877
2024-10-17 17:00:00+00:00,0.00015579964,0.0006901855231262743,0.00015317581710201926,0.0005281203193590045,0.00020093663186821525
2024-10-17 18:00:00+00:00,-0.0028304323,0.0006960346945561469,-0.0017314806464092496,0.0005250141839496791,-0.002297824342502988
2024-10-18 10:00:00+00:00,-0.0014629273,0.0007022687932476401,-0.0003807998682881566,0.0005200688610784709,-0.0012764219066377148
2024-10-18 11:00:00+00:00,0.00029052226,0.0006941150058992207,0.0004839149248064941,0.0005155803519301116,0.0001811502559888248
2024-10-18 12:00:00+00:00,-0.00053641474,0.0006751740002073348,0.00040999599005363236,0.0005097793182358146,-0.00046754362247168515
2024-10-18 13:00:00+00:00,-0.003976193,0.0006760156247764826,-0.0018138411086356142,0.0005061243427917361,-0.003160530547607877
2024-10-18 14:00:00+00:00,0.0013682501,0.0006762368138879538,-0.00038801443203656224,0.0005043487763032317,0.001129494554140582
2024-10-18 15:00:00+00:00,0.0001344809,0.0006795793306082487,0.00039941514602982834,0.0004993553156964481,0.00010787090214017624
2024-10-18 16:00:00+00:00,-0.0018057936,0.0006872675730846822,-0.001454137526333929,0.0004951902665197849,-0.0014400199066360482
2024-10-18 17:00:00+00:00,0.010419611,0.0006927893846295774,0.003121684990341067,0.0004905952955596149,0.008468806393465023
2024-10-18 18:00:00+00:00,-0.001089361,0.0007029342814348638,0.002023866349086032,0.00048267567763105035,-0.000808708420192494
2024-10-21 10:00:00+00:00,0.0068167346,0.0007120382506400347,0.0037958926031979273,0.000475842272862792,0.005810098212940838
2024-10-21 11:00:00+00:00,-0.0010389037,0.0007176503422670066,0.0023618045346292392,0.00046634222962893546,-0.0006208868203283024
2024-10-21 12:00:00+00:00,0.0029040098,0.000721244839951396,0.0039000211961977786,0.00045870037865825,0.002690673612741074
2024-10-21 13:00:00+00:00,0.0006833688,0.0007214826182462275,0.0030667429603987704,0.0004485283570829779,0.00090390289629782
2024-10-21 14:00:00+00:00,-0.002382792,0.0007250706548802555,0.0016096390340048412,0.00043919950257986784,-0.0015436101897864881
2024-10-21 15:00:00+00:00,0.0015891588,0.000726851518265903,0.0015462008559744215,0.00042917649261653423,0.001645968833465886
2024-10-21 16:00:00+00:00,0.00093686115,0.000729951192624867,0.0025793780292803206,0.0004184852878097445,0.0011382813798722787
2024-10-21 17:00:00+00:00,-0.0015435334,0.0007367886719293892,0.0019373447752100972,0.0004097985802218318,-0.0008806239866713738
2024-10-21 18:00:00+00:00,0.0011358312,0.0007418354507535696,0.0019003004508341725,0.0004014051810372621,0.0012222166976278122
2024-10-22 10:00:00+00:00,-0.0019416197,0.0007494130986742675,0.0017597453804294614,0.0003928932419512421,-0.0012884557884129146
2024-10-22 11:00:00+00:00,-0.00032028803,0.0007545838598161936,0.0011901152602741608,0.0003839999553747475,-5.190611626649334e-05
2024-10-22 12:00:00+00:00,0.004892518,0.0007683536387048662,0.0023018422357537352,0.00037561130011454225,0.004274159163406642
2024-10-22 13:00:00+00:00,-0.0014740503,0.0007814918644726276,0.0007877597758787568,0.0003663240931928158,-0.0009358090443796478
2024-10-22 14:00:00+00:00,-0.0004294232,0.0007969537400640547,0.000500045837273095,0.0003622686490416527,-0.00011056270650374597
2024-10-22 15:00:00+00:00,-0.0021609233,0.0007966336561366916,-0.00015838794529147467,0.0003545621002558619,-0.0015807437682413357
2024-10-22 16:00:00+00:00,-0.00038637104,0.0007970724254846573,0.00020889630897732764,0.00035115526407025754,-8.335251227342976e-05
2024-10-22 17:00:00+00:00,-0.0064912275,0.0007956157205626369,-0.0017355831726611464,0.0003551830886863172,-0.0052740913892098335
2024-10-22 18:00:00+00:00,-0.0014012458,0.0008001021924428642,-0.0017852495691631936,0.00035925363772548735,-0.0010298477791052276
2024-10-23 10:00:00+00:00,-0.008224521,0.0008087470778264105,-0.0024705403756273238,0.00035830598790198565,-0.006772829532129925
2024-10-23 11:00:00+00:00,0.0025102834,0.0008175504044629633,-0.0022006088788354165,0.0003580865159165114,0.0020865164555483222
2024-10-23 12:00:00+00:00,0.0006265875,0.0008242920157499611,-0.0009098219713959182,0.0003583373036235571,0.0005942492558913568
2024-10-23 13:00:00+00:00,0.002524746,0.0008287777891382575,0.0004692784386764156,0.00035901585943065584,0.002010215574979655
2024-10-23 14:00:00+00:00,-0.0025806755,0.0008274752181023359,7.607243951224371e-05,0.0003538518794812262,-0.002124029305462481
2024-10-23 15:00:00+00:00,0.0025806755,0.0008317970205098391,0.000751415919693796,0.0003519425226841122,0.002107450187349523
2024-10-23 16:00:00+00:00,-0.00047988127,0.0008438162622042,0.0004541667705022485,0.00035114423371851444,-0.0003521355819296891
2024-10-23 17:00:00+00:00,-0.0021567266,0.0008593197562731802,0.0002004828036754929,0.00034780934220179915,-0.0017871539216194573
2024-10-23 18:00:00+00:00,-0.0026547944,0.0008686924702487886,-0.0017920168990148342,0.00034417249844409525,-0.002176251047885356
2024-10-24 10:00:00+00:00,-0.010452173,0.0008928874158300459,-0.001392517853871603,0.0003426758339628577,-0.008635911176136246
2024-10-24 11:00:00+00:00,0.0011554409,0.0009038145653903484,-0.001966488450122091,0.00034280403633601964,0.0009813408321452705
2024-10-24 12:00:00+00:00,-0.0050052027,0.0008846581331454217,-0.0027331121636000777,0.0003393790393602103,-0.004092166865232698
2024-10-24 13:00:00+00:00,0.0018869861,0.0008706709486432374,-0.0004160319300837175,0.00033616487053222954,0.0014148031514902525
2024-10-24 14:00:00+00:00,0.0027105666,0.0008493326604366302,0.0005826905451362379,0.00033373679616488516,0.0021466089290214417
2024-10-24 15:00:00+00:00,-0.0029150075,0.0008515126537531614,-0.0002529356499335063,0.00033330294536426663,-0.0023447465413295155
2024-10-24 16:00:00+00:00,0.0060360874,0.0008469430613331497,0.0009769165838351263,0.0003332689229864627,0.0048544433000553356
2024-10-24 17:00:00+00:00,0.0032239184,0.0008363297092728317,0.0019145443445095413,0.0003291495959274471,0.0026351951054648486
2024-10-24 18:00:00+00:00,-0.003754719,0.0008117915131151676,-7.714939256483198e-05,0.00032620251295156777,-0.0030777300926209694
2024-10-25 10:00:00+00:00,0.002065149,0.0008097846293821931,0.0003753547491048177,0.0003262172394897789,0.0017085190702554446
2024-10-25 11:00:00+00:00,0.00037195045,0.0008052476914599538,0.000589184007410557,0.00032200358691625297,0.0005497514071876178
2024-10-25 12:00:00+00:00,0.00032675135,0.0007721725269220769,0.0002492186155246376,0.000314599514240399,0.0005011821262421825
2024-10-25 13:00:00+00:00,0.0045633437,0.0007578434306196868,0.0020009876838319625,0.00030677003087475896,0.00403512074562774
2024-10-25 14:00:00+00:00,-0.008400951,0.0007485152455046773,0.0007844911907431937,0.00030081369914114475,-0.006521393657057468
2024-10-25 15:00:00+00:00,-0.0037388727,0.0007435670122504234,-6.129957207345313e-05,0.0002970621862914413,-0.002817955535840404
2024-10-25 16:00:00+00:00,-0.012162613,0.0007307853666134179,-0.002209829009631411,0.0002914257347583771,-0.009767302135053937
2024-10-25 17:00:00+00:00,-0.0045027225,0.0007177353836596012,-0.0019864699995810688,0.0002880842366721481,-0.0037591841808335452
2024-10-25 18:00:00+00:00,0.00065767084,0.0007084701792337,-0.0028651280301924117,0.0002849127340596169,0.00036426718762958997
2024-10-28 10:00:00+00:00,-0.0105400225,0.0006916012498550117,-0.001311349863388639,0.0002827451389748603,-0.008700491563763652
2024-10-28 11:00:00+00:00,0.003792819,0.0006826688186265528,-4.8137930656880055e-05,0.0002802049566525966,0.0027148273635192485
2024-10-28 12:00:00+00:00,-0.0037578503,0.0006686631822958589,-0.000921386385813654,0.0002759308845270425,-0.0032793505189020384
2024-10-28 13:00:00+00:00,-0.0008979226,0.0006575391162186861,-0.0010106952030035715,0.0002734325244091451,-0.0010451728680645955
2024-10-28 14:00:00+00:00,-0.009035624,0.0006503598997369409,-0.0015886169757315183,0.0002722146164160222,-0.007557405515405153
2024-10-28 15:00:00+00:00,0.0015880208,0.0006445341277867556,-0.0023004431096971577,0.0002701318298932165,0.0008199850957353602
2024-10-28 16:00:00+00:00,-0.0061661997,0.0006350955227389932,-0.002398086075344498,0.00026792645803652704,-0.005226246800243631
2024-10-28 17:00:00+00:00,-0.0036373371,0.0006260420195758343,-0.0018948467547524302,0.00026776050799526274,-0.003245546864336314
2024-10-28 18:00:00+00:00,-0.009756757,0.0006194572779349983,-0.002247128742124645,0.00026593514485284686,-0.007949702830277195
2024-10-29 10:00:00+00:00,0.009899181,0.0006148827378638089,0.0003430598046543942,0.00026317330775782466,0.007323628192238441
2024-10-29 11:00:00+00:00,-0.012755915,0.0006092662806622684,-0.0015606645571698882,0.0002588353818282485,-0.010046021564572166
2024-10-29 12:00:00+00:00,0.0033240763,0.000605177425313741,-0.0003407422225912731,0.00025758729316294193,0.0021489951273734034
2024-10-29 13:00:00+00:00,0.0005150225,0.0006070127710700035,-0.00013822096709212441,0.0002533333608880639,8.622717546808735e-05
2024-10-29 14:00:00+00:00,0.0047782394,0.0006148202810436487,0.0007781038266947051,0.00025005367933772504,0.003440911076347172
2024-10-29 15:00:00+00:00,0.0014647306,0.0006060651503503323,0.0011504821509164482,0.0002490835031494498,0.0010997169860612749
2024-10-29 16:00:00+00:00,0.00085640885,0.000601157546043396,0.000876333671535329,0.0002496487577445805,0.0006156668193477298
2024-10-29 17:00:00+00:00,-0.00028538812,0.0005967366159893572,0.0014747836602291347,0.0002502497809473425,-0.00014397648287955793
2024-10-29 18:00:00+00:00,0.000725202,0.0005951612256467342,0.0005443897662370632,0.0002519747067708522,0.0006852652679340215
2024-10-30 10:00:00+00:00,0.008025231,0.0005880628013983369,0.0015270500188999585,0.00025292133796028793,0.006586488714843973
2024-10-30 11:00:00+00:00,-0.00010610893,0.0005850683082826436,0.00266603716451048,0.00025489708059467375,0.00020251392165065917
2024-10-30 12:00:00+00:00,0.00088389724,0.0005848517175763845,0.001980798647932972,0.0002565427857916802,0.0011645935859317018
2024-10-30 13:00:00+00:00,-0.0021108622,0.0005774354212917387,0.0007863096812705182,0.0002545496099628508,-0.0011391579035759127
2024-10-30 14:00:00+00:00,-0.007821798,0.0005689710378646851,0.0008699249099013072,0.00025366037152707577,-0.005742946174814132
2024-10-30 15:00:00+00:00,0.0032190843,0.0005634620902128518,0.001073823400128411,0.0002515212108846754,0.002630903663559258
2024-10-30 16:00:00+00:00,-0.0008186365,0.0005581987206824124,0.0006022413639518617,0.0002483747957739979,-0.000372626032150255
2024-10-30 17:00:00+00:00,0.008862478,0.0005558808916248381,0.002715985866148538,0.0002479346585460007,0.007165329307448417
2024-10-30 18:00:00+00:00,-0.0012949252,0.0005510579794645309,0.00182213979969521,0.0002449582680128515,-0.0005928492775348097
2024-10-31 10:00:00+00:00,-0.012421931,0.0005445441347546875,6.522785508361324e-05,0.00024408056924585253,-0.009356623911519079
2024-10-31 11:00:00+00:00,-0.003237428,0.000541403132956475,-0.0020410525882163947,0.00024550931993871927,-0.002517023066497955
2024-10-31 12:00:00+00:00,-0.003187922,0.0005431653116829693,0.0008207811060556695,0.0002460740797687322,-0.002518788392790059
2024-10-31 13:00:00+00:00,0.004945318,0.0005445090937428176,0.0015366684085699064,0.00024529526126571,0.00379825291890854
2024-10-31 14:00:00+00:00,0.004243254,0.0005477108643390238,0.0011650227279297806,0.0002414970367681235,0.00329773788498909
2024-10-31 15:00:00+00:00,-0.0045897067,0.0005433358601294458,-0.00014253635023095537,0.00023642093583475798,-0.0033827007502187667
2024-10-31 16:00:00+00:00,-0.0040948335,0.0005342789809219539,-0.0003091987103826194,0.0002289240510435775,-0.0031846225390027285
2024-10-31 17:00:00+00:00,-0.0038466672,0.0005264596547931433,-0.0009111523030778169,0.00022386606724467129,-0.002980199981199497
2024-10-31 18:00:00+00:00,0.0011796145,0.0005165088223293424,-0.0007903275754568761,0.0002188245125580579,0.0007227441589643145
2024-11-01 10:00:00+00:00,-0.00084243977,0.0005139320273883641,-4.879042124230601e-05,0.00021472111984621733,-0.0008294498591715145
2024-11-01 11:00:00+00:00,-0.0011444475,0.0005144705646671355,-0.0006898289494600065,0.000208754776394926,-0.0008126426267148815
2024-11-01 12:00:00+00:00,-0.0026432532,0.0005162947345525026,-0.001069852657837794,0.00020207955094520003,-0.0019324036255528724
2024-11-01 13:00:00+00:00,0.0011836893,0.0005132597289048135,-0.0006288663635554887,0.00019765694742091,0.0010868443058270308
2024-11-01 14:00:00+00:00,0.0032419236,0.0005090390332043171,0.0011048192634764173,0.00019387633074074984,0.002590683038408495
2024-11-01 15:00:00+00:00,-0.002952254,0.0005052663618698716,0.0004215979500048325,0.00018893722153734416,-0.002197842185400335
2024-11-01 16:00:00+00:00,0.0054158275,0.0005025544669479132,0.001667569747289317,0.00018565346545074135,0.004356816587713283
2024-11-01 17:00:00+00:00,0.0030201003,0.0004992112517356873,0.0019296162935715626,0.0001826663938118145,0.002596497836333765
2024-11-01 18:00:00+00:00,-0.0039207037,0.0004954167525283992,0.0014237216269140235,0.0001773986004991457,-0.0026818444691333746
2024-11-02 10:00:00+00:00,0.0054034432,0.0004920171923004091,0.0010406296381350352,0.0001739165309118107,0.0044920025561627115
2024-11-02 11:00:00+00:00,-0.0014468408,0.000493837462272495,0.0015663644715472782,0.00016471637354698032,-0.0007640431078491947
2024-11-02 12:00:00+00:00,0.0,0.0004847019736189395,0.0012958839336430527,0.0001563072291901335,0.0003542779916421001
2024-11-02 13:00:00+00:00,0.0014348921,0.00047962518874555826,0.0017999260232016824,0.00015199842164292932,0.001558566111378517
2024-11-02 14:00:00+00:00,0.0026372173,0.00047713666572235525,0.0030307086402269817,0.00014695416030008346,0.002463183326495408
2024-11-02 15:00:00+00:00,2.3834493e-05,0.00048104277811944485,0.0019951368663568693,0.00014239625306800008,0.000518376585629941
2024-11-02 16:00:00+00:00,0.0024043624,0.00048327879630960524,0.003078370927430937,0.0001405332877766341,0.0022856891163961154
2024-11-02 17:00:00+00:00,-0.0019873506,0.0004894712474197149,0.001406478836185556,0.00013908997061662376,-0.001070062845671274
2024-11-02 18:00:00+00:00,-0.001991308,0.0004956452175974846,2.2380783063739935e-05,0.00013827627117279917,-0.0011808481736240853
2024-11-05 10:00:00+00:00,0.0073374533,0.0004974959883838892,0.0024022656210348457,0.00013900495832785964,0.006234329641778171
2024-11-05 11:00:00+00:00,-0.0007941729,0.0004894456942565739,0.001606018556016019,0.00013614777708426118,-0.0002070603201242871
2024-11-05 12:00:00+00:00,0.003539282,0.0004830457619391382,0.001764864503266986,0.00013587276043836027,0.003207958018358626
2024-11-05 13:00:00+00:00,-0.00081564626,0.00047481749788857996,0.0013839795004862445,0.00013387060607783496,-0.0002318119440916711
2024-11-05 14:00:00+00:00,-0.0022138702,0.00047366746002808213,9.558023104522283e-05,0.00013016669254284352,-0.0012847945045917368
2024-11-05 15:00:00+00:00,8.2960505e-05,0.00047379059833474457,0.0003123701729945201,0.00012530921958386898,0.00040001032521859333
2024-11-05 16:00:00+00:00,-0.0016961319,0.0004709142667707056,0.00030752547411202596,0.00011996215471299365,-0.0009570723619505216
2024-11-05 17:00:00+00:00,-0.0045450837,0.000467969715828076,-0.00040262478780650935,0.00011718812311301008,-0.003216729560964765
2024-11-05 18:00:00+00:00,0.0024297875,0.00045862983097322285,-0.0003259266697869905,0.00011476140934973955,0.0021443932165325958
2024-11-06 10:00:00+00:00,0.028925674,0.00045900308759883046,0.003625033265671548,0.00011270184040768072,0.023298927479701474
2024-11-06 11:00:00+00:00,0.0016051461,0.0004545931878965348,0.003029868934303976,0.00010789381485665217,0.0021072107991979895
2024-11-06 12:00:00+00:00,-0.0013278144,0.00046275524073280394,0.0018352083545834647,0.00010543459211476147,-0.0004079562967827633
2024-11-06 13:00:00+00:00,-0.0044117463,0.0004745192709378898,0.00068664804242705,0.00010425425716675818,-0.0028346063875415266
2024-11-06 14:00:00+00:00,-0.0023818526,0.0004884868394583464,0.001361074286203205,0.00010579766239970922,-0.0013706163506540842
2024-11-06 15:00:00+00:00,-0.0040330156,0.0004977830103598535,0.0015018939924443956,0.00010806264617713168,-0.002665778580639888
2024-11-06 16:00:00+00:00,-0.0017651842,0.0005081416456960142,0.0011154010299808147,0.00011233097757212818,-0.00090217826120712
2024-11-06 17:00:00+00:00,-0.0017683057,0.0005231379764154553,0.0010623741496974073,0.0001157867955043912,-0.000895828352887786
2024-11-06 18:00:00+00:00,0.0010074978,0.0005419154185801744,0.00021783709395690082,0.00011955233640037477,0.0013904132467223243
2024-11-07 11:00:00+00:00,0.0,0.000564117799513042,0.0006110579785368616,0.00012228370178490877,0.0006129972247145468
2024-11-07 12:00:00+00:00,-0.004647623,0.000585075409617275,0.00039662372413616653,0.00012402422726154327,-0.003638877931305953
2024-11-07 13:00:00+00:00,-0.005946569,0.0005914129433222115,0.00018898775489344932,0.0001240306592080742,-0.004722512314140718
2024-11-07 14:00:00+00:00,0.006158294,0.0006006784387864172,0.0012675417477531993,0.00012594003055710346,0.0047708034158448175
2024-11-07 15:00:00+00:00,0.0028539067,0.0006108340458013117,0.000955718882687279,0.00013073162699583918,0.0023882321931598103
2024-11-07 16:00:00+00:00,0.0002814259,0.0006239782669581473,0.000360786577325489,0.0001341469760518521,0.00033796441573568156
2024-11-07 17:00:00+00:00,0.014144672,0.0006315867067314684,0.0024412540124456057,0.0001391768455505371,0.011451852699747519
2024-11-07 18:00:00+00:00,-0.0009367791,0.0006375090451911092,0.0029222546424370836,0.00013969435531180352,-0.000364829143436327
2024-11-08 10:00:00+00:00,0.017548133,0.0006431976798921824,0.0029305103223649497,0.00014145825116429478,0.01482391297694317
2024-11-08 11:00:00+00:00,-0.003473669,0.0006477672723121941,0.001320112723503237,0.00014016564819030464,-0.001939232668848714
2024-11-08 12:00:00+00:00,0.0006272918,0.000655594514682889,0.0010568287615826282,0.00014171344810165465,0.0011094103756563174
2024-11-08 13:00:00+00:00,-0.0045940313,0.0006616261089220643,0.0008073536890664722,0.00014702595944982022,-0.0030133177004741016
2024-11-08 14:00:00+00:00,0.0007213562,0.0006674740579910576,0.0010269513488236253,0.00015311593597289175,0.0013652010683119914
2024-11-08 15:00:00+00:00,0.0030970569,0.0006734392372891307,0.0013299378611631746,0.00015982231707312167,0.003213787640952449
2024-11-08 16:00:00+00:00,-0.0011188621,0.0006731482571922243,0.001029865245734131,0.00016448217502329499,-0.0002370642552026054
2024-11-08 17:00:00+00:00,0.0036032787,0.0006765165599063039,0.0018022308161052948,0.00017209217185154557,0.0036239316300635117
2024-11-08 18:00:00+00:00,0.0022284386,0.0006738490192219615,0.002198278570138288,0.0001779594604158774,0.0022227216518479103
2024-11-11 10:00:00+00:00,0.015517466,0.0006784144206903875,0.0019259910208289158,0.00018402861314825714,0.013416442107050668
2024-11-11 11:00:00+00:00,0.005686648,0.0006804722943343222,0.0026853756866992823,0.00018630070553626865,0.005357117042783054
2024-11-11 12:00:00+00:00,-0.003966093,0.000684359751176089,0.0019821482679457333,0.00018757570069283247,-0.0027747940898849156
2024-11-11 13:00:00+00:00,0.0023080406,0.0006928466027602553,0.0017917017571218075,0.00019061137572862208,0.0024732740248264097
2024-11-11 14:00:00+00:00,-0.006099419,0.0006971418624743819,0.0007156261356929657,0.00019538095511961728,-0.004454010722590499
2024-11-11 15:00:00+00:00,0.0012877726,0.0006991734844632447,0.0012249307462109454,0.0001998084771912545,0.0015556326066990826
2024-11-11 16:00:00+00:00,0.0036861666,0.0007042170618660748,0.00244635765040232,0.00020283211779315025,0.003561717769888449
2024-11-11 17:00:00+00:00,-0.0033393113,0.0007131153251975775,0.0014039013606966559,0.0002043159183813259,-0.0021928259854384364
2024-11-11 18:00:00+00:00,0.0020674441,0.0007220224943011999,0.001621703885762143,0.00020711924298666418,0.002081712816311428
2024-11-12 10:00:00+00:00,-0.009421864,0.0007286419859156013,0.0011372556248821163,0.00021064364409539849,-0.007334956227862493
2024-11-12 11:00:00+00:00,0.0014752172,0.000736543966922909,0.001281132031277883,0.00021517733694054186,0.0014253229928479503
2024-11-12 12:00:00+00:00,0.0028990414,0.0007448968826793134,0.0008300486227285722,0.00021803349955007434,0.0024684451957985047
2024-11-12 13:00:00+00:00,-0.0015046546,0.0007496627513319254,0.00019394575140846404,0.0002198952715843916,-0.0010517609339399574
2024-11-12 14:00:00+00:00,-0.0019008954,0.0007596630603075027,-0.0007888912777015706,0.00022180717496667057,-0.0014204788676486777
2024-11-12 15:00:00+00:00,-0.002367105,0.0007690013735555112,-0.0016170498174937987,0.00022478256141766906,-0.0018350800001893848
2024-11-12 16:00:00+00:00,-0.0025197896,0.0007810764946043491,-0.0018361270813852361,0.00023021564993541688,-0.0019396928048233274
2024-11-12 17:00:00+00:00,0.0049769594,0.0007878917385824025,0.0007474406189315414,0.0002356680342927575,0.004004093404104661
2024-11-12 18:00:00+00:00,-0.0019494612,0.0007985721458680928,8.621596472613874e-05,0.0002382672973908484,-0.0015212207776525689
2024-11-13 10:00:00+00:00,-0.0026994534,0.0008049171301536262,0.00027999570484435216,0.00024162371119018644,-0.002211138616412285
2024-11-13 11:00:00+00:00,0.002936296,0.0008139251149259508,0.0012718498404790258,0.0002444580022711307,0.0025264739581269363
2024-11-13 12:00:00+00:00,0.0016675872,0.0008272056002169847,0.0016700410976199734,0.00024817039957270026,0.001403529817014299
2024-11-13 13:00:00+00:00,-0.00041663618,0.0008373654563911259,0.000632208948985057,0.00025148564600385725,-0.0003608353078834438
2024-11-13 14:00:00+00:00,-0.0023905651,0.0008487802697345614,4.0694244525399996e-05,0.00025524102966301143,-0.0019138191920962965
2024-11-13 15:00:00+00:00,0.0026270556,0.0008590137585997581,0.0014079062338415833,0.00025815563276410103,0.0021860151924496386
2024-11-13 16:00:00+00:00,0.00085540314,0.0008717548917047679,0.0012345288309111497,0.00026035201153717935,0.0008887520486529746
2024-11-13 17:00:00+00:00,-0.0042278594,0.0008823118405416608,0.0002990675094655895,0.00026083667762577534,-0.0031526893586012795
2024-11-13 18:00:00+00:00,9.038118e-05,0.0008953757933340967,-0.00017367588785464541,0.0002612661337479949,0.00020833504239082612
2024-11-14 10:00:00+00:00,-0.011030129,0.000914502888917923,0.0003322662266163909,0.0002629013324622065,-0.00880852198714466
2024-11-14 11:00:00+00:00,-0.0027451492,0.0009268235880881548,-0.0007169831357454532,0.0002630334347486496,-0.002198000890878305
2024-11-14 12:00:00+00:00,0.00046949703,0.0009396167006343603,-0.0003771374469041733,0.00026412756415084004,0.0003101203227835034
2024-11-14 13:00:00+00:00,0.00011447804,0.0009489438380114734,0.00011152461553624272,0.0002669893146958202,6.123493730199034e-06
2024-11-14 14:00:00+00:00,-0.0023379491,0.0009550834656693041,-0.001316227759052774,0.00027188725653104484,-0.0020419521547221566
2024-11-14 15:00:00+00:00,-0.0011135923,0.0009655875619500875,-0.0015815386256708044,0.00027964715263806283,-0.0010666406661736013
2024-11-14 16:00:00+00:00,-0.00020678247,0.0009750019526109099,-0.0014464344863321253,0.00028136023320257664,-0.000403884490742966
2024-11-14 17:00:00+00:00,-0.012567293,0.0009856675751507282,-0.0018836761732265112,0.00027838078676722944,-0.010454280715418466
2024-11-14 18:00:00+00:00,-0.0015485737,0.0009987704688683152,-0.0023071375166774833,0.0002605030604172498,-0.001723098957176012
2024-11-15 10:00:00+00:00,0.0032689841,0.0010075747268274426,-0.0012895948192891346,0.0002569862990640104,0.0022710866482962676
2024-11-15 11:00:00+00:00,0.0035014122,0.0010130812879651785,-4.964752500909332e-05,0.00025878421729430556,0.0026195551139117116
2024-11-15 12:00:00+00:00,-0.0012739298,0.001019269460812211,-0.00026893533091025253,0.0002619245497044176,-0.0011265902206157546
2024-11-15 13:00:00+00:00,-0.0015772874,0.0010296922409906983,-0.00032089687991351356,0.00027180410688742995,-0.0014039390544597
2024-11-15 14:00:00+00:00,0.0007193661,0.0010364409536123276,0.0003580263990252495,0.00028125420794822276,0.00041193939505348954
2024-11-15 15:00:00+00:00,0.0055403085,0.001043708180077374,0.002120671019953943,0.00028661906253546476,0.004459118599417047
2024-11-15 16:00:00+00:00,6.920415e-05,0.0010312938829883933,0.001663396291619358,0.00028126235702075064,0.00014723234064137523
2024-11-15 17:00:00+00:00,-0.009572445,0.0010298480046913028,-0.001859420669167429,0.0002761164796538651,-0.007654351044136088
2024-11-15 18:00:00+00:00,0.004844031,0.0010308081982657313,0.0013460975201940889,0.00027009882614947855,0.003872560958333004
2024-11-18 10:00:00+00:00,-0.010015923,0.0010367395589128137,0.0012224455114884902,0.00027623417554423213,-0.008012949589712695
2024-11-18 11:00:00+00:00,0.001660722,0.0010467328829690814,0.0011617667848133942,0.00028106963145546615,0.0011983383279407346
2024-11-18 12:00:00+00:00,-0.006612447,0.0010581216774880886,-0.0002559769486136236,0.0002706268278416246,-0.005337432635175078
2024-11-18 13:00:00+00:00,0.001997721,0.00107287906575948,0.00019104935170119464,0.0002618178550619632,0.0013424330499078841
2024-11-18 14:00:00+00:00,0.002438854,0.0010920934146270156,0.0010610336384873817,0.00026404575328342617,0.001837021765103502
2024-11-18 15:00:00+00:00,-0.0017112654,0.0011004515690729022,0.0006000338187848969,0.00024968586512841284,-0.0014454110112357716
2024-11-18 16:00:00+00:00,0.00518339,0.0010982671519741416,0.0016338504532435617,0.00024993528495542705,0.00401013823002468
2024-11-18 17:00:00+00:00,0.0021799835,0.0011045275023207068,0.0019048347525001106,0.0002339556231163442,0.0016790950852352696
2024-11-18 18:00:00+00:00,-0.0013400689,0.0011160989524796605,0.0007775210439849898,0.00023248029174283147,-0.0009467778584652875
2024-11-19 10:00:00+00:00,-0.0072675673,0.0011231068056076765,-0.00039076828012000054,0.0002243092458229512,-0.005836797314214221
2024-11-19 11:00:00+00:00,-0.0063746646,0.001138431834988296,-0.002017739858617252,0.00021740862575825304,-0.005012949810090039
2024-11-19 12:00:00+00:00,0.0019367264,0.001148704090155661,0.00030167283909985173,0.0002066420274786651,0.0013651896213173447
2024-11-19 13:00:00+00:00,-0.00074354274,0.0011587237240746617,0.0004950236423313481,0.0001940627844305709,-0.0005124935181279037
2024-11-19 14:00:00+00:00,-0.0019618277,0.001172241405583918,-0.00013236366202069698,0.0001856138405855745,-0.0016289144845393444
2024-11-19 15:00:00+00:00,-0.0036858646,0.0011761540081351995,-0.0022581347580567365,0.0001732647215249017,-0.0029602887634292223
2024-11-19 16:00:00+00:00,-0.0086695235,0.0011765294475480914,-0.0015472595828182843,0.00016516006144229323,-0.006922674794928943
2024-11-19 17:00:00+00:00,-0.005633006,0.001186766312457621,-0.001424036046386871,0.0001507672859588638,-0.004817707132656317
2024-11-19 18:00:00+00:00,-0.002254874,0.001210221671499312,-0.002346976756836386,0.00014440857921727002,-0.0022236250452987035
2024-11-20 10:00:00+00:00,0.00076023146,0.0012486015912145376,-0.0015929141807710507,0.0001391942787449807,3.9845890392697475e-06
2024-11-20 11:00:00+00:00,0.0017234631,0.001264549675397575,-0.001173313745099853,0.00013192364713177085,0.0009237172617007167
2024-11-20 12:00:00+00:00,0.0019488728,0.0012938689906150103,-0.0001688536696266245,0.00012985475768800825,0.0012500731912649206
2024-11-20 13:00:00+00:00,0.0004205543,0.0012904793256893754,0.00018554243457338522,0.00012343423441052437,1.7831476072377903e-05
2024-11-20 14:00:00+00:00,0.0011646127,0.001282503828406334,0.00040441812303275947,0.00011843483662232757,0.0006375491228747703
2024-11-20 15:00:00+00:00,-0.0032210017,0.0012755393981933594,-0.00011291283123508603,0.00011357870971551165,-0.0026904942846082114
2024-11-20 16:00:00+00:00,-0.0069701844,0.0012763665290549397,-0.0017666953633049907,0.00010873934661503881,-0.005573095500986362
2024-11-20 17:00:00+00:00,-0.0067505776,0.0012890587095171213,-0.0016280711548307075,0.00010866484080906957,-0.005463089049649853
2024-11-20 18:00:00+00:00,-0.0037782728,0.0012755434727296233,-0.0020641197519828745,0.00010515550820855424,-0.003058768436690645
2024-11-21 10:00:00+00:00,-0.0055895923,0.001254149479791522,-0.0017774023019498642,9.808148024603724e-05,-0.004511852039781045
2024-11-21 11:00:00+00:00,-0.0031092712,0.0012097414582967758,-0.00190597368976907,9.125096403295174e-05,-0.002671230026101246
2024-11-21 12:00:00+00:00,0.00167922,0.0011724007781594992,-0.0005659063695156259,8.414578041993082e-05,0.0008682236207234777
2024-11-21 13:00:00+00:00,0.00495943,0.001158765284344554,0.0011736826254937066,7.983308751136065e-05,0.003357804363389618
2024-11-21 14:00:00+00:00,-0.0019537616,0.001153055694885552,0.0001252043628671577,7.44819626561366e-05,-0.0017722030942407803
2024-11-21 15:00:00+00:00,-0.0038449261,0.0011653269175440073,-0.0009045202916015862,6.664334796369076e-05,-0.003321413385482993
2024-11-21 16:00:00+00:00,0.0032420533,0.0011713734129443765,9.648960451637602e-05,6.112254050094634e-05,0.002002926731224576
2024-11-21 17:00:00+00:00,-0.013942388,0.0011503344867378473,-0.001060366889686791,5.836493437527679e-05,-0.010910202766017264
2024-11-21 18:00:00+00:00,0.0030156162,0.0011224248446524143,-0.00020192702809674256,5.605202750302851e-05,0.0018236750619000774
2024-11-22 10:00:00+00:00,0.01766072,0.001096365973353386,0.0021539571616902425,5.086043165647425e-05,0.013151417997203168
2024-11-22 11:00:00+00:00,-0.0060449815,0.0010625182185322046,0.0016858411305374365,4.527409328147769e-05,-0.0043182670178354855
2024-11-22 12:00:00+00:00,0.004491246,0.001022222451865673,0.001351122721393879,4.1037259506992996e-05,0.003518598423151874
2024-11-22 13:00:00+00:00,-0.0012741508,0.0009976113215088844,0.0011564693472321055,3.825001840596087e-05,-0.0008004752256592952
2024-11-22 14:00:00+00:00,-0.003094115,0.0009859990095719695,0.0011664892003294752,3.799278420046903e-05,-0.0022053432119990522
2024-11-22 15:00:00+00:00,-0.0027707159,0.0009866396430879831,0.0008216638499336728,4.027165414299816e-05,-0.0020613319452677495
2024-11-22 16:00:00+00:00,-0.0027165876,0.0009863763116300106,0.0007242412973065216,3.9572430978296325e-05,-0.001875689828364909
2024-11-22 17:00:00+00:00,-0.02104236,0.0009814976947382092,-0.0017768990784073468,3.94930066249799e-05,-0.015897704477571262
2024-11-22 18:00:00+00:00,0.0009718726,0.0009707115823403001,-0.0016502907018635675,3.87624568247702e-05,0.0005330153790827713
2024-11-25 10:00:00+00:00,-0.008335704,0.000957931624725461,-0.001494374849146501,3.372157516423613e-05,-0.00640203996640465
2024-11-25 11:00:00+00:00,0.0010298858,0.0009535493445582688,-0.0016192375366138856,2.6076178983203135e-05,0.00010258393739371506
2024-11-25 12:00:00+00:00,0.0013842239,0.000947307504247874,-0.001190023489780712,2.0230403606547043e-05,0.0006206191215553008
2024-11-25 13:00:00+00:00,-0.0006982221,0.0009407032048329711,-0.0008313389174799378,1.9286984752397984e-05,-0.0011070106583815195
2024-11-25 14:00:00+00:00,-0.0009783307,0.0009357258677482605,-0.0007381762936261363,1.7202522940351628e-05,-0.0012972722473783796
2024-11-25 15:00:00+00:00,-0.006721664,0.0009292326867580414,-0.0019437908866673892,1.5926341802696697e-05,-0.0055195132980093795
2024-11-25 16:00:00+00:00,-0.0007297261,0.0009285203996114433,-0.0019444052097841273,1.3020896403759252e-05,-0.0012892621018688298
2024-11-25 17:00:00+00:00,-0.019162232,0.0009299732046201825,-0.0014219272777205353,1.2738767509290483e-05,-0.014766165455428642
2024-11-25 18:00:00+00:00,0.0027377275,0.0009301774553023279,-0.0012151810826419693,1.5184949916147161e-05,0.001240771027685921
2024-11-26 10:00:00+00:00,-0.00397869,0.0009357427479699254,-0.00045539014524352724,1.584285382705275e-05,-0.0034838699464380006
2024-11-26 11:00:00+00:00,0.002949662,0.0009391466155648232,0.0006413950083042381,1.6985084585030563e-05,0.0015432641008957648
2024-11-26 12:00:00+00:00,-0.0027144141,0.0009428501361981034,-0.00035990484120912046,1.875795169326011e-05,-0.002370141737070297
2024-11-26 13:00:00+00:00,-0.0020668462,0.000946636195294559,-0.00054560083180581,2.0140991182415746e-05,-0.0020591190282661493
2024-11-26 14:00:00+00:00,-0.009578768,0.0009540971950627863,-0.001192142768357656,2.2626290956395678e-05,-0.007412404942570886
2024-11-26 15:00:00+00:00,-0.0054884735,0.0009621339268051088,-0.00045644341319040567,2.673103335837368e-05,-0.0048396350457994616
2024-11-26 16:00:00+00:00,-0.0015965094,0.0009659284260123968,-0.0008980970460681142,2.7766236598836258e-05,-0.0019734535474365787
2024-11-26 17:00:00+00:00,-0.019156,0.0009650946012698114,-0.001363120479429301,3.0886749300407246e-05,-0.014486387495986889
2024-11-26 18:00:00+00:00,0.0029002812,0.0009651912841945887,-0.001709899673072634,3.202745210728608e-05,0.0010282442155315845
2024-11-27 10:00:00+00:00,-0.012898659,0.000963684287853539,-0.0015285061339471123,3.205641041859053e-05,-0.009907702397723686
2024-11-27 11:00:00+00:00,0.0062044943,0.0009627254330553114,-0.0003682124867972706,3.1669289455749094e-05,0.0031290066863903974
2024-11-27 12:00:00+00:00,0.015881395,0.0009596757590770721,0.0017631877520283945,3.101036782027222e-05,0.010180668609909
2024-11-27 13:00:00+00:00,-0.0009390932,0.0009563149069435894,0.0018544579931497698,3.1879615562502295e-05,-0.0011556610516197023
2024-11-27 14:00:00+00:00,0.008473494,0.0009512300021015108,0.0017338809214627708,3.1733470677863806e-05,0.005381398324966351
2024-11-27 15:00:00+00:00,-0.015882932,0.0009507060749456286,0.000533259166371677,3.190264760632999e-05,-0.011420498406083425
2024-11-27 16:00:00+00:00,0.009835858,0.0009519312880001962,0.001039269171283662,3.282066245446913e-05,0.006419992336033332
2024-11-27 17:00:00+00:00,-0.0019299333,0.0009562305640429258,0.00092685357102932,3.4184562537120655e-05,-0.0016328324369343605
2024-11-27 18:00:00+00:00,-0.025324,0.0009557962184771895,-0.0019088082115600027,3.426415423746221e-05,-0.017437843844607778
2024-11-28 10:00:00+00:00,0.020226648,0.0009560018079355359,0.0020974850279829494,3.271143577876501e-05,0.013573569634440182
2024-11-28 11:00:00+00:00,0.00047182213,0.0009558433084748685,0.0017757585641058132,2.977957592520397e-05,0.0007508567267341805
2024-11-28 12:00:00+00:00,-0.0032398312,0.0009615679737180471,0.0011221342484060877,2.8420416128938086e-05,-0.0019665892894700737
2024-11-28 13:00:00+00:00,-0.0032910581,0.0009688789141364396,0.000960620775682117,2.687887172214687e-05,-0.002716164034857548
2024-11-28 14:00:00+00:00,-0.0068333056,0.0009744653943926096,9.160767654773531e-05,2.469957689754665e-05,-0.005142815210527175
2024-11-28 15:00:00+00:00,-0.0012710737,0.0009827481117099524,0.0008202180419360312,2.141073673556093e-05,-0.0015338759009454422
2024-11-28 16:00:00+00:00,0.0037538863,0.0009947567014023662,0.0015200632996871678,1.80363749677781e-05,0.002139905459555371
2024-11-28 17:00:00+00:00,-0.0074670077,0.0010008930694311857,0.0006298650610247808,1.5110776985238772e-05,-0.005705337702928676
2024-11-28 18:00:00+00:00,0.005462138,0.0010067539988085628,0.001640297646810282,1.4606300283048768e-05,0.0030805979632032156
2024-11-29 10:00:00+00:00,0.0022364662,0.0010156900389119983,0.001902650613503653,1.300379244639771e-05,0.0017343482503357802
2024-11-29 11:00:00+00:00,0.007153019,0.0010212997440248728,0.0018922145322700728,1.429843086953042e-05,0.0045935959157302675
2024-11-29 12:00:00+00:00,0.0014731026,0.0010279975831508636,0.0014971977138027025,1.5370043911389075e-05,0.0008362024680505417
2024-11-29 13:00:00+00:00,-0.0025015057,0.001033772248774767,0.0014714737443766847,1.6589494407526217e-05,-0.002089454473758656
2024-11-29 14:00:00+00:00,0.0020557493,0.0010377378202974796,0.0014507899027834078,2.0889832740067504e-05,0.0012311404627723542
2024-11-29 15:00:00+00:00,-0.00022970955,0.0010266323806717992,0.0013494022408137738,2.233010673080571e-05,-0.00024253909580952403
2024-11-29 16:00:00+00:00,-0.0042523867,0.0010215442162007093,0.0012127829643721853,2.363338353461586e-05,-0.0027987744364753914
2024-11-29 17:00:00+00:00,0.019673822,0.0010205928701907396,0.0036313170428990136,2.3732111003482714e-05,0.013582006004408887
2024-11-29 18:00:00+00:00,0.003055953,0.0010235614608973265,0.0032894479062587755,2.178718932555057e-05,0.0029574069099959875
2024-12-02 10:00:00+00:00,0.0061895135,0.0010303992312401533,0.0027400842712385558,2.010373464145232e-05,0.005092496360629104
2024-12-02 11:00:00+00:00,-0.0018079251,0.0010383959161117673,0.002070391811653895,1.772325595084112e-05,-0.0005387851235998124
2024-12-02 12:00:00+00:00,-0.0011101274,0.0010436439188197255,0.0020423029505359114,1.7304806533502415e-05,-0.0002991030829071203
2024-12-02 13:00:00+00:00,-0.0006216808,0.0010405736975371838,0.0015253967945104499,1.657459324633237e-05,-3.866150722028689e-06
2024-12-02 14:00:00+00:00,0.0010976006,0.001042097108438611,0.0019424628757641926,1.609568607818801e-05,0.0013105211447856505
2024-12-02 15:00:00+00:00,-0.0021566702,0.0010372167453169823,0.0006493052492414513,1.543490361655131e-05,-0.0009573339715334493
2024-12-02 16:00:00+00:00,0.00084734545,0.001037748996168375,0.0012603438818502815,1.536089985165745e-05,0.001104151793894525
2024-12-02 17:00:00+00:00,0.0058850865,0.001040932140313089,0.0034198029930417356,1.3063231563137379e-05,0.004872606170541096
2024-12-02 18:00:00+00:00,0.0003157064,0.0010423839557915926,0.002501978413129601,1.5654712115065195e-05,0.0005755644255195994
2024-12-03 10:00:00+00:00,-0.007498583,0.0010359918233007193,0.00044476627903138917,1.4994097909948323e-05,-0.005174189481619513
2024-12-03 11:00:00+00:00,-0.0053945733,0.0010339402360841632,0.0011833691110424032,1.5424742741743103e-05,-0.003951435421424876
2024-12-03 12:00:00+00:00,-1.3323119e-05,0.0010317754931747913,0.000409910370644615,1.6899733964237384e-05,-0.00021141671859843442
2024-12-03 13:00:00+00:00,0.0020097834,0.001031560474075377,-0.0007443512433591856,1.8163722415920347e-05,0.001238183250694198
2024-12-03 14:00:00+00:00,-1.3296546e-05,0.0010326527990400791,9.820500986870088e-05,2.0084768038941547e-05,-4.376330936826615e-05
2024-12-03 15:00:00+00:00,-0.007473976,0.0010223513236269355,-0.0015852682447421388,2.1132333131390624e-05,-0.0056756577046495095
2024-12-03 16:00:00+00:00,-0.00080410636,0.001006472040899098,-0.0012298271714503112,2.1603449567919597e-05,-0.0007067935300999376
2024-12-03 17:00:00+00:00,0.010137881,0.0010001250775530934,0.0014877531236161057,2.255194885947276e-05,0.006905068133520689
2024-12-03 18:00:00+00:00,-6.636184e-05,0.0009942003525793552,0.0006433412093348397,1.934303691086825e-05,-0.00027669812819917347
2024-12-04 10:00:00+00:00,-0.004496303,0.000989703694358468,0.0008210228500636422,1.7396252587786876e-05,-0.00323906222235139
2024-12-04 11:00:00+00:00,0.0094744675,0.0009865883039310575,0.0018132685861330345,1.8353895939071663e-05,0.006503753898962677
2024-12-04 12:00:00+00:00,-0.00083238096,0.0009826503228396177,0.0009537413325391306,1.7755093722371385e-05,-0.00030764843929072494
2024-12-04 13:00:00+00:00,-0.0013491352,0.0009798038518056273,0.0005152666985642393,1.7429105355404317e-05,-0.0008219166636135751
2024-12-04 14:00:00+00:00,0.0028020479,0.0009796929080039263,0.0014759365662466693,1.648348552407697e-05,0.0019706629463004366
2024-12-04 15:00:00+00:00,-0.00683383,0.0009759964887052774,0.0007963394770465387,1.5363440979854204e-05,-0.004655351698734384
2024-12-04 16:00:00+00:00,-0.0057574827,0.0009800951229408383,0.00028061747070024824,1.6673320715199225e-05,-0.0038558511333963057
2024-12-04 17:00:00+00:00,0.01215566,0.0009831258794292808,0.0024274931107676596,1.841079574660398e-05,0.008777837462157666
2024-12-04 18:00:00+00:00,-0.008113958,0.000993074500001967,0.0008613636191575633,1.6356983906007372e-05,-0.005607898836540869
2024-12-05 10:00:00+00:00,-0.0029729987,0.00099886953830719,0.00046309417683161174,1.8165415895055048e-05,-0.0021073876392168653
2024-12-05 11:00:00+00:00,-0.0044694305,0.0010083246743306518,0.00030684104744674323,2.077942008327227e-05,-0.00316279940884989
2024-12-05 12:00:00+00:00,0.0012732794,0.0010081712389364839,0.0010504466503322369,2.3701459213043563e-05,0.0006194591418694665
2024-12-05 13:00:00+00:00,-0.0035020665,0.0010131406597793102,-0.0007972461053772827,2.8299333280301653e-05,-0.002806985130116248
2024-12-05 14:00:00+00:00,-0.0044455295,0.0010221947450190783,-0.0015196771630948095,3.4017080906778574e-05,-0.003446450907535057
2024-12-05 15:00:00+00:00,-0.0022166665,0.0010272855870425701,-0.0015705586559165833,3.8420886994572356e-05,-0.0021804319030991185
2024-12-05 16:00:00+00:00,0.012024355,0.001040595001541078,0.0018785723512375217,4.40712392446585e-05,0.008018002137507982
2024-12-05 17:00:00+00:00,0.016915629,0.0010595213389024138,0.0033540471845443206,4.657652243622579e-05,0.012183439398627946
2024-12-05 18:00:00+00:00,0.005701905,0.0010840481845661998,0.0027516726670196775,4.655382872442715e-05,0.0042131939763088155
2024-12-06 10:00:00+00:00,0.013592051,0.0011124982265755534,0.003077867167414434,4.4027037802152336e-05,0.01046910701189125
2024-12-06 11:00:00+00:00,-0.006299213,0.0011262948391959071,0.0015957548468649955,4.343517866800539e-05,-0.003614459426332591
2024-12-06 12:00:00+00:00,-0.006234686,0.001128258416429162,0.0004776120187110087,4.396556687424891e-05,-0.0037366559186748425
2024-12-06 13:00:00+00:00,0.00092659664,0.001127899275161326,0.0009992070740734204,5.00672213092912e-05,0.001485641176330594
2024-12-06 14:00:00+00:00,0.009102718,0.001129644806496799,0.0024285172218373673,5.294997390592471e-05,0.0075123126128627
2024-12-06 15:00:00+00:00,0.0018854772,0.0011348259868100286,0.0032998035276383298,5.517042154679075e-05,0.002755940472984538
2024-12-06 16:00:00+00:00,-0.0013814743,0.0011263391934335232,0.002070605313008785,6.313859194051474e-05,0.0004018778070051222
2024-12-06 17:00:00+00:00,0.038151767,0.0011287532979622483,0.0031542843589242447,5.69990006624721e-05,0.029729627338481113
2024-12-06 18:00:00+00:00,-0.0005971189,0.0011231008684262633,0.0026606098345765155,5.0382539484417066e-05,0.00125281099586048
2024-12-09 10:00:00+00:00,0.009782512,0.0011136406101286411,0.0032515063656701907,4.267854819772765e-05,0.008836990546756811
2024-12-09 11:00:00+00:00,-0.0033202735,0.0011051384499296546,0.002150175919943293,3.290940003353171e-05,-0.0012318242725980022
2024-12-09 12:00:00+00:00,-0.0020049016,0.001092945458367467,0.0018129535033190732,2.6631798391463235e-05,-0.00023079675898890218
2024-12-09 13:00:00+00:00,0.00037158147,0.001075252890586853,0.0017289530372945978,2.1659672711393796e-05,0.0018699062769586196
2024-12-09 14:00:00+00:00,0.002177168,0.0010594949126243591,0.0018614462506819217,2.4440141714876518e-05,0.003328960541273725
2024-12-09 15:00:00+00:00,0.006319039,0.0010495270835235715,0.0031332741861649,2.7559806767385453e-05,0.006298980362758839
2024-12-09 16:00:00+00:00,0.0055225417,0.00104529969394207,0.0032827078352370433,3.2255898986477405e-05,0.005818941037446283
2024-12-09 17:00:00+00:00,-0.0030452593,0.0010287471814081073,0.002086808333146694,3.692252721521072e-05,-0.000496074657610165
2024-12-09 18:00:00+00:00,-0.0009926289,0.0010059281485155225,0.0017915891833788673,3.8901485822862014e-05,-7.11204446291362e-05
2024-12-10 10:00:00+00:00,-0.012026269,0.0009796549566090107,0.0012677262532910642,4.1133280319627374e-05,-0.008494621518276943
2024-12-10 11:00:00+00:00,0.00042182053,0.0009484270121902227,0.000842469623012698,4.4859538320451975e-05,0.0005349968822428813
2024-12-10 12:00:00+00:00,-0.0042511467,0.0009265087428502738,0.0010211978473797058,4.7428326070075855e-05,-0.0029028100546897146
2024-12-10 13:00:00+00:00,0.0007471236,0.0009040421573445201,-0.0008227238053116289,4.8002402763813734e-05,0.0010710238070759538
2024-12-10 14:00:00+00:00,-0.0042536003,0.0008874780614860356,-0.0009685369653957485,5.6151769967982545e-05,-0.002823465734000151
2024-12-10 15:00:00+00:00,-0.0008003502,0.0008729260880500078,-0.0014014637783859184,5.647945363307372e-05,-0.0006496205593533117
2024-12-10 16:00:00+00:00,0.002573843,0.0008618806023150682,0.00037971792231137474,6.619728810619563e-05,0.0019093883686499514
2024-12-10 17:00:00+00:00,-0.008584389,0.0008513790089637041,-0.0008025625669902701,7.258920231834054e-05,-0.00653171267536976
2024-12-10 18:00:00+00:00,-0.00010069226,0.0008418993093073368,-0.0014342280647135928,8.496049849782139e-05,-0.00042518041079516074
2024-12-11 10:00:00+00:00,-0.0057309642,0.0008318068576045334,-0.0016223841295122958,9.372542990604416e-05,-0.004497992362066707
2024-12-11 11:00:00+00:00,0.00056951575,0.000820391345769167,-0.0010188956206825042,9.808249888010323e-05,0.0002620086279970813
2024-12-11 12:00:00+00:00,0.0037506912,0.0008038799278438091,0.00034469183277786565,0.00010165312414756045,0.0025926672671472005
2024-12-11 13:00:00+00:00,-0.0049660504,0.0007927287369966507,-0.0014619934097847107,0.00010662169370334595,-0.003577234919922846
2024-12-11 14:00:00+00:00,0.0019109938,0.0007827192894183099,-0.0006290500033311241,0.00011529349285410717,0.0013270280482175956
2024-12-11 15:00:00+00:00,0.00045506257,0.0007708345074206591,-0.00017589646842567177,0.00012113182310713455,0.0003711119983321276
2024-12-11 16:00:00+00:00,0.0037967465,0.0007622528355568647,0.0008286495443846628,0.00013374189438764006,0.002825128568297214
2024-12-11 17:00:00+00:00,-0.032253638,0.0007560036610811949,-0.0013708069619035978,0.00014785728126298636,-0.023705463790762445
2024-12-11 18:00:00+00:00,-0.003438578,0.0007488375413231552,-0.0017014786161935462,0.00016023009084165096,-0.0031366465742519974
2024-12-12 10:00:00+00:00,0.013297758,0.0007424334180541337,0.0013914807402431034,0.00017336005112156272,0.009187606746884487
2024-12-12 11:00:00+00:00,-0.0047621904,0.0007384424679912627,0.00017635055241039974,0.00018224930681753904,-0.0037679425050071336
2024-12-12 12:00:00+00:00,-0.00059525354,0.0007340687443502247,0.0001772615879120907,0.00018783260020427406,-0.0008317910967831282
2024-12-12 13:00:00+00:00,-0.0036569275,0.0007386315264739096,-0.00042152212670825133,0.00019831569807138294,-0.003161509363323745
2024-12-12 14:00:00+00:00,-0.0029273834,0.0007463262882083654,-0.0012864892638779896,0.00019957782933488488,-0.0025523261269505817
2024-12-12 15:00:00+00:00,0.0034209413,0.0007522674859501421,-0.00016945860499007013,0.00019911500567104667,0.0018152908567976582
2024-12-12 16:00:00+00:00,-0.0055209193,0.0007655199151486158,-0.0018888007819087833,0.00019861476903315634,-0.004525271695524149
2024-12-12 17:00:00+00:00,-0.012680103,0.0007727102492935956,-0.0013745521460220137,0.00020358672190923244,-0.00976230150766772
2024-12-12 18:00:00+00:00,-0.0010981669,0.0007800183375366032,-0.001910455468547206,0.0002095584786729887,-0.001234912600063455
2024-12-13 10:00:00+00:00,-0.005083126,0.0007879916811361909,-0.001277779011479768,0.00021600001491606236,-0.003946137394083557
2024-12-13 11:00:00+00:00,-0.0025045974,0.0007902716170065105,-0.0019370130359229899,0.00023058803344611079,-0.0026404653350798296
2024-12-13 12:00:00+00:00,-0.0012279439,0.0007916726171970367,-0.0017303583799868534,0.00023699704615864903,-0.0016716696109427627
2024-12-13 13:00:00+00:00,0.0042114304,0.0007940712966956198,-0.0008200795869395792,0.00024437959655188024,0.002388845607396746
2024-12-13 14:00:00+00:00,-0.0019569087,0.00079388078302145,-0.0008558059110603342,0.00024388615565840155,-0.0019601558492955964
2024-12-13 15:00:00+00:00,0.0033257979,0.0007896206807345152,-4.174793931690206e-05,0.00023342150961980224,0.0018261821028856208
2024-12-13 16:00:00+00:00,-0.003952285,0.0007879002951085567,-0.0010690490933248356,0.00023788068210706115,-0.0033978868295167805
2024-12-13 17:00:00+00:00,0.0073597142,0.0007844245992600918,0.0008057052383106122,0.00023983677965588868,0.004599477809210997
2024-12-13 18:00:00+00:00,0.001864525,0.000784653821028769,0.0012958441314371945,0.00024161981127690524,0.0012150705678144237
2024-12-16 10:00:00+00:00,-0.008997592,0.0007817824953235686,-0.0008028547511886195,0.0002438758237985894,-0.006436298240228573
2024-12-16 11:00:00+00:00,-0.005118724,0.0007827861700206995,-0.001750559504093792,0.0002484118740539998,-0.003714495178957812
2024-12-16 12:00:00+00:00,-0.0031537511,0.0007845336804166436,-0.0018418318221600373,0.0002496193046681583,-0.0023527150037951977
2024-12-16 13:00:00+00:00,-0.0014392653,0.000786701450124383,-0.0023120564235586945,0.0002489131293259561,-0.0009099321980478911
2024-12-16 14:00:00+00:00,-0.0032358125,0.000793231010902673,-0.0012534994333201041,0.00024373324413318187,-0.002423009516272439
2024-12-16 15:00:00+00:00,-0.0015406866,0.0007980148657225072,-0.0022988378470453472,0.00023707257059868425,-0.0011781613301985504
2024-12-16 16:00:00+00:00,0.0031868664,0.0008062401320785284,6.307196108787045e-05,0.0002343486703466624,0.002000449225777074
2024-12-16 17:00:00+00:00,0.0010241208,0.0008096792735159397,-6.568671700594623e-07,0.00022635272762272507,0.0005664227589365316
2024-12-16 18:00:00+00:00,-0.002170763,0.000816893472801894,-0.0007404720018144104,0.00022439729946199805,-0.0018142474185342148
2024-12-17 10:00:00+00:00,-0.0070843026,0.0008228908991441131,9.251061265792628e-05,0.00022056284069549292,-0.005425231292274383
2024-12-17 11:00:00+00:00,-0.0035951668,0.0008323854999616742,-0.001444330197043793,0.00021272269077599049,-0.002851366266082962
2024-12-17 12:00:00+00:00,0.005699959,0.0008405338739976287,0.000910522548144744,0.00020227802451699972,0.00369256403166114
2024-12-17 13:00:00+00:00,-0.00369651,0.0008387413690797985,-0.0008735152132929172,0.00018954432744067162,-0.0025697134397089897
2024-12-17 14:00:00+00:00,-0.0055978955,0.0008414124604314566,-0.0012067731845654803,0.00017922717961482704,-0.004033537188548612
2024-12-17 15:00:00+00:00,-0.0009314686,0.0008362104999832809,-0.0020418584248659993,0.00016288169717881829,-0.000810092603795616
2024-12-17 16:00:00+00:00,-0.0033357388,0.0008239094750024378,-0.0010958661114849899,0.0001583733974257484,-0.0024311398175547432
2024-12-17 17:00:00+00:00,0.0021290192,0.0008065734873525798,-0.0003444731578833583,0.00014991396164987236,0.000991342630298638
2024-12-17 18:00:00+00:00,-0.0024040618,0.0007984874537214637,-0.0011397426349115357,0.00014729658141732216,-0.0019504436796844637
2024-12-18 10:00:00+00:00,0.006060874,0.0007913843146525323,0.0014173088841658381,0.00014622631715610623,0.0038514389726620247
2024-12-18 11:00:00+00:00,-0.003012133,0.0007822339539416134,0.00029732483712063904,0.0001444214431103319,-0.0021049208482882232
2024-12-18 12:00:00+00:00,0.001712552,0.0007673192885704339,0.0003321925934297004,0.00014517485396936536,0.0012292272233620676
2024-12-18 13:00:00+00:00,-0.00072576397,0.0007441840716637671,0.0006208428093862179,0.0001380408793920651,-0.0006968091414076714
2024-12-18 14:00:00+00:00,0.0006983862,0.0007165831630118191,0.0008390556358087584,0.00013260474952403456,0.00046570542768495653
2024-12-18 15:00:00+00:00,-0.00015059108,0.0006873327656649053,0.001415970404229835,0.00013139918155502528,0.00011779601578187137
2024-12-18 16:00:00+00:00,-8.2150145e-05,0.0006714636692777276,0.0008300839383771041,0.00012854233500547707,0.0001290342743105813
2024-12-18 17:00:00+00:00,0.008711296,0.0006640480714850128,0.0027136812264692083,0.00012892810627818108,0.006252536376258219
2024-12-18 18:00:00+00:00,0.002399627,0.0006568137905560434,0.004220367213369739,0.00012294956832192838,0.00214481978735277
2024-12-19 10:00:00+00:00,0.0054017687,0.0006457783165387809,0.001958986630748235,0.00011930627806577832,0.004483151673629012
2024-12-19 11:00:00+00:00,0.009156603,0.0006465351325459778,0.0035320832405843967,0.00011440883827162907,0.007094514181951806
2024-12-19 12:00:00+00:00,0.002984878,0.0006646779947914183,0.0027523107353665506,0.00011130949133075774,0.0030957270855401513
2024-12-19 13:00:00+00:00,-0.002531242,0.0006805019220337272,0.001875575476491399,0.00010634837235556915,-0.0009174333269488383
2024-12-19 14:00:00+00:00,-0.0028586714,0.0007019856129772961,0.0009322197841973918,0.00010126396955456585,-0.0011893818015032312
2024-12-19 15:00:00+00:00,0.0040051853,0.0007431463454850018,0.0017213269562231267,9.895665425574407e-05,0.0036331877670465725
2024-12-19 16:00:00+00:00,-0.0065903603,0.0007604879210703075,0.0012904948387674447,9.533962293062359e-05,-0.0037425272239025326
2024-12-19 17:00:00+00:00,-0.010489371,0.0007701956201344728,0.00022272256482525716,9.345176658825949e-05,-0.006658045465805211
2024-12-19 18:00:00+00:00,-0.0023882552,0.0007409880636259913,7.938414943910603e-06,9.051279630511999e-05,-0.001384790009115129
2024-12-20 10:00:00+00:00,0.0022798218,0.0007217616657726467,0.000993141188772372,8.468396117677912e-05,0.0016783413189897637
2024-12-20 11:00:00+00:00,0.0036261338,0.0006883984315209091,0.0014516390063504614,8.140087447827682e-05,0.0025748260638020553
2024-12-20 12:00:00+00:00,0.0060726614,0.0006316121434792876,0.0014871370389843194,7.407045632135123e-05,0.004189856611387134
2024-12-20 13:00:00+00:00,0.039934002,0.00058544403873384,0.005033465511428561,6.759251846233383e-05,0.028701641180588846
2024-12-20 14:00:00+00:00,0.009755173,0.0005500966217368841,0.003422319471448562,6.025685433996841e-05,0.008295892677814365
2024-12-20 15:00:00+00:00,0.00950911,0.0005334586603567004,0.002993594813765579,5.896712536923587e-05,0.008410239685113364
2024-12-20 16:00:00+00:00,0.0072488296,0.0005210409872233868,0.00224372673152911,5.450184835353866e-05,0.0069450680633504425
2024-12-20 17:00:00+00:00,0.015826665,0.0005151616642251611,0.003192615555823013,4.818360321223736e-05,0.013973801142236734
2024-12-20 18:00:00+00:00,0.004084081,0.0005139952409081161,0.002370921653848251,4.1887371480697766e-05,0.005872434798636452
2024-12-23 10:00:00+00:00,0.028334359,0.0005103665171191096,0.003192615555823013,4.070263457833789e-05,0.025148890814734867
2024-12-23 11:00:00+00:00,-0.00023941774,0.0005124201416037977,0.0022137207930213463,4.1828268876997754e-05,0.003656957050502063
2024-12-23 12:00:00+00:00,-0.0069922796,0.0005196980782784522,0.0021647528183841008,4.3645337427733466e-05,-0.0020598048566318372
2024-12-23 13:00:00+00:00,0.0024203903,0.0005310795386321843,0.002252053809028918,4.5691187551710755e-05,0.00503199052195829
2024-12-23 14:00:00+00:00,8.418673e-05,0.0005417661741375923,0.0022764313591928194,4.757717761094682e-05,0.0020200152780792385
2024-12-23 15:00:00+00:00,0.0019343412,0.0005497700767591596,0.0022764313591928194,5.1325281674508005e-05,0.0031877910089667173
2024-12-23 16:00:00+00:00,0.0043356474,0.0005548565532080829,0.0024307803555032315,5.395858897827566e-05,0.004795788420188432
2024-12-23 17:00:00+00:00,0.004626271,0.0005654504057019949,0.0029812735963180904,5.749484262196347e-05,0.005092541971424522
2024-12-23 18:00:00+00:00,-0.0033483305,0.0005717234453186393,0.0018221575215294297,6.065057823434472e-05,-0.001620413517362425
2024-12-24 10:00:00+00:00,-0.005169578,0.0005722578498534858,0.0017349799079809484,6.545674841618165e-05,-0.0032063492991172005
2024-12-24 11:00:00+00:00,0.0071608624,0.0005808591959066689,0.002330732305466513,6.881332956254482e-05,0.0057268604216431564
2024-12-24 12:00:00+00:00,-0.0012276887,0.0005944628501310945,0.0022385509592443634,7.385437493212521e-05,-0.0006046447285425345
2024-12-24 13:00:00+00:00,0.00035773483,0.000606692221481353,0.001648210535164397,8.319660992128775e-05,0.0008321876371104802
2024-12-24 14:00:00+00:00,0.002393528,0.000620403909124434,0.0018083621696980184,9.368681639898568e-05,0.0022573052056643326
2024-12-24 15:00:00+00:00,-0.0021670286,0.0006307459552772343,0.0010438445465182217,9.139542089542374e-05,-0.001294215311977855
2024-12-24 16:00:00+00:00,-0.0061095725,0.0006435837713070214,0.0008826059311462521,8.965387678472325e-05,-0.004411135642325977
2024-12-24 17:00:00+00:00,0.019865176,0.0006572754355147481,0.0029247136660647006,8.824527321849018e-05,0.01576506550990586
2024-12-24 18:00:00+00:00,-0.002094907,0.0006731163011863828,0.0020045743921853704,8.897107909433544e-05,-0.0012387312364580884
2024-12-25 10:00:00+00:00,-0.0066669276,0.0006868902710266411,0.0013265170701457986,8.959951810538769e-05,-0.004849937370781105
2024-12-25 11:00:00+00:00,0.0052757463,0.0006990881520323455,0.001803509370784535,9.002203296404332e-05,0.0044545379923689055
2024-12-25 12:00:00+00:00,0.0061044293,0.0007105509284883738,0.0026955844949919385,9.170921111945063e-05,0.00513620346250654
2024-12-25 13:00:00+00:00,0.005612737,0.0007192094926722348,0.0031854211549414845,9.152496932074428e-05,0.005087855429686529
2024-12-25 14:00:00+00:00,-0.0009332712,0.000727861828636378,0.0020832167947112783,9.23523839446716e-05,-0.00015560972113097123
2024-12-25 15:00:00+00:00,0.004262611,0.0007369122467935085,0.003103952470780345,9.420162677997723e-05,0.004021889310940014
2024-12-25 16:00:00+00:00,0.0065909736,0.0007528222049586475,0.0027175108385841425,9.748674347065389e-05,0.005984011638095895
2024-12-25 17:00:00+00:00,-0.0018952313,0.0007681146962568164,0.0020821882643726423,0.00010055069287773222,-0.0006347036113717596
2024-12-25 18:00:00+00:00,-0.00030079365,0.000783270166721195,0.0017496807411918288,0.0001060899521689862,0.00011470494734901041
2024-12-26 10:00:00+00:00,0.012190364,0.0008016256033442914,0.0021760836720521467,0.00011134014494018629,0.010405566551714271
2024-12-26 11:00:00+00:00,-0.007987465,0.0008169753127731383,0.0012474551497418194,0.00011523354623932391,-0.005650644309448766
2024-12-26 12:00:00+00:00,0.006214161,0.0008336759055964649,0.0021173286040126983,0.0001241261779796332,0.005546751171059066
2024-12-26 13:00:00+00:00,-0.0005383334,0.0008516518282704055,0.0019410705215676678,0.00013152619067113847,0.00028777637856485747
2024-12-26 14:00:00+00:00,0.00042381862,0.0008674502605572343,0.001856840509405493,0.00013995142944622785,0.0007854781705529378
2024-12-26 15:00:00+00:00,0.0025619925,0.0008845804841257632,0.0021119499217971344,0.0001485785178374499,0.0025834053949421215
2024-12-26 16:00:00+00:00,-0.0012001167,0.0009055961272679269,0.0018601546725300528,0.0001599704846739769,-0.0005024369791605484
2024-12-26 17:00:00+00:00,0.0035048698,0.0009274411713704467,0.0026263767794375177,0.00017133521032519639,0.0032152826114434457
2024-12-26 18:00:00+00:00,0.00095685065,0.0009472923120483756,0.002650693205133242,0.00019074566080234945,0.0012480940099564416
2024-12-27 10:00:00+00:00,-0.0025193954,0.0009665887337177992,0.002197524197696214,0.0002124343009199947,-0.0016075524330815948
2024-12-27 11:00:00+00:00,4.565637e-05,0.0009855045937001705,0.0018375059537220964,0.0002291265845997259,0.00029834178506398434
2024-12-27 12:00:00+00:00,0.0010837265,0.0010037770261988044,0.0018967145722127937,0.00024025997845456004,0.0011729006584226158
2024-12-27 13:00:00+00:00,-0.0046282886,0.0010192878544330597,0.0009915459423432281,0.0002485351578798145,-0.003458356539921373
2024-12-27 14:00:00+00:00,0.0022768236,0.0010344916954636574,0.0008997380485778285,0.00025960689526982605,0.0018696317960205848
2024-12-27 15:00:00+00:00,0.0016899612,0.0010506537510082126,0.0015134300800182608,0.0002681781188584864,0.001563469917713854
2024-12-27 16:00:00+00:00,-0.00066194177,0.0010659991530701518,0.0016154547414340523,0.00027839839458465576,-0.0005406669534322796
2024-12-27 17:00:00+00:00,-0.0139103485,0.0010814631823450327,-0.0022155015200167097,0.0002872080367524177,-0.011125197731241774
2024-12-27 18:00:00+00:00,0.0003125163,0.001098250737413764,-0.0015666148365607241,0.00029510559397749603,0.00020403236636795498
2024-12-28 10:00:00+00:00,0.009112494,0.0011146017350256443,0.002090442732785336,0.00030454687657766044,0.007265824273934426
2024-12-28 11:00:00+00:00,0.0037315611,0.0011314371367916465,0.00174876003677508,0.00031436208519153297,0.0031491542652214745
2024-12-28 12:00:00+00:00,0.0006053511,0.0011517743114382029,0.0018528792125767492,0.0003214871103409678,0.0006422873389878207
2024-12-28 13:00:00+00:00,-0.0018171538,0.0011707089142873883,0.0005312745545456026,0.0003196310717612505,-0.0013685796015761634
2024-12-28 14:00:00+00:00,-0.0004462217,0.0011909868335351348,0.0007596448471870399,0.00032323607592843473,-0.00016943125877335715
2024-12-28 15:00:00+00:00,6.8662455e-05,0.00119202199857682,0.001064018679448176,0.0003238928038626909,0.0002377208176744528
2024-12-28 16:00:00+00:00,-0.0028190338,0.0012157720047980547,0.0012540783683737766,0.0003262524551246315,-0.0021311164202006713
2024-12-28 17:00:00+00:00,-0.010358604,0.001242471276782453,-0.0015653578345273395,0.0003251246234867722,-0.008266801158586757
2024-12-28 18:00:00+00:00,0.0010777673,0.0012739934027194977,-0.0003789222238465385,0.0003271919849794358,0.0008803935727293067
2024-12-30 10:00:00+00:00,0.01893105,0.001310993917286396,0.0033614534005007982,0.0003290422318968922,0.01530338342697
2024-12-30 11:00:00+00:00,0.004750818,0.0013564452528953552,0.0044367253689569525,0.0003174888843204826,0.004019308614119849
2024-12-30 12:00:00+00:00,0.0008932156,0.0014229781227186322,0.0028133007605390453,0.0003138838801532984,0.0007786660395129652
2024-12-30 13:00:00+00:00,0.00072303315,0.0014949352480471134,0.002910269706599125,0.0003106757940258831,0.0005893716067077421
2024-12-30 14:00:00+00:00,0.005406149,0.0015780380927026272,0.0028578626119372956,0.00030673446599394083,0.004442215777731042
2024-12-30 15:00:00+00:00,-0.0029922966,0.0016574894543737173,0.0016258253597476588,0.00030398397939279675,-0.002336117432985126
2024-12-30 16:00:00+00:00,-0.001070851,0.0017253801925107837,0.0014134320504543183,0.0003052422252949327,-0.0007998076375075295
2024-12-30 17:00:00+00:00,0.0037822975,0.0017865016125142574,0.002085401526544814,0.0002994137175846845,0.0032079672974803077
2024-12-30 18:00:00+00:00,0.003577741,0.0018450411735102534,0.0030278005352289365,0.0003012795641552657,0.0033758705974814836
2025-01-03 10:00:00+00:00,-0.0118135335,0.0019079148769378662,0.001099550589054878,0.00030550503288395703,-0.009422744358831817
2025-01-03 11:00:00+00:00,-0.00079330907,0.0019722580909729004,0.0011317915359798226,0.0003093281702604145,-0.0009033121589076558
2025-01-03 12:00:00+00:00,-0.0081279045,0.0020444279070943594,0.0004736996272207281,0.00030705827521160245,-0.006913444898213117
2025-01-03 13:00:00+00:00,0.0006512983,0.0021224869415163994,-0.00015572204677946253,0.0003001588338520378,7.846729902598825e-05
2025-01-03 14:00:00+00:00,0.00063945923,0.00220340583473444,6.202087749434463e-05,0.00029094581259414554,0.00017680262084305055
2025-01-03 15:00:00+00:00,-0.0010964663,0.002289059106260538,-0.0007976737191737206,0.00028278137324377894,-0.0013392764070039055
2025-01-03 16:00:00+00:00,0.0005940685,0.0023761128541082144,-0.0007704899409713601,0.0002775465836748481,-6.056599483581991e-05
2025-01-03 17:00:00+00:00,0.0011414484,0.00247307145036757,3.659092735984659e-05,0.0002714725269470364,0.0004663101604674918
2025-01-03 18:00:00+00:00,-0.00029665127,0.0025707033928483725,7.961386251510793e-05,0.00026400681235827506,-0.0006742643454674335
2025-01-06 10:00:00+00:00,-0.007881994,0.002678610384464264,-0.000758803514924338,0.00026221954612992704,-0.006916690235153435
2025-01-06 11:00:00+00:00,0.0046816994,0.0027888119220733643,0.00016937439172639413,0.00026173554942943156,0.0031651138730573345
2025-01-06 12:00:00+00:00,-0.005337509,0.00288210716098547,-0.0013669806953649714,0.0002610439551062882,-0.00473257987894866
2025-01-06 13:00:00+00:00,0.0006443077,0.0029344537761062384,-0.000435780957049435,0.00025955913588404655,0.00020591168597586357
2025-01-06 14:00:00+00:00,0.003054805,0.0029630144126713276,0.0004643704498984091,0.00025105432723648846,0.0021606948366524542
2025-01-06 15:00:00+00:00,-0.0011014101,0.0029795512091368437,0.000864416180127793,0.0002417708601569757,-0.0012693397491659781
2025-01-06 16:00:00+00:00,0.0006541086,0.0029910309240221977,0.0009592722800719856,0.000235743893426843,0.0001979619239311995
2025-01-06 17:00:00+00:00,0.0020971457,0.003000299446284771,0.001668280324636254,0.00022700402769260108,0.001187811586727885
2025-01-06 18:00:00+00:00,-0.0011454361,0.003026932943612337,0.000687349551139653,0.000219590452616103,-0.0013967498452149443
2025-01-08 10:00:00+00:00,0.0028725623,0.0030735356267541647,0.0012661776470583223,0.00021310083684511483,0.0018133143749310327
2025-01-08 11:00:00+00:00,0.0010279958,0.003099875757470727,0.001653190734406509,0.00020392879378050566,0.00036271258324139697
2025-01-08 12:00:00+00:00,0.00062769983,0.0031357642728835344,0.0018465493327694182,0.0001960312365554273,0.00012234766730843485
2025-01-08 13:00:00+00:00,0.0020856967,0.003163188463076949,0.00267194938516272,0.00018827729218173772,0.0012931029150120576
2025-01-08 14:00:00+00:00,0.00037564672,0.0031771662179380655,0.002990711850680281,0.0001819725875975564,-2.561603091629701e-07
2025-01-08 15:00:00+00:00,0.0013193365,0.0031812761444598436,0.0017111371983318327,0.00017730105901136994,0.0007671992629223104
2025-01-08 16:00:00+00:00,0.0024974188,0.003187143476679921,0.0029463730191528173,0.00017224170733243227,0.0018002454337206206
2025-01-08 17:00:00+00:00,-0.0009755213,0.0031884629279375076,0.001553474306458837,0.00016621236864011735,-0.0010814767036609345
2025-01-08 18:00:00+00:00,-0.0011582486,0.0031921304762363434,0.0009263111145933716,0.00015812616038601846,-0.0012286948669507042
2025-01-09 10:00:00+00:00,-0.009199928,0.003197119105607271,-0.0017460896764883323,0.00014763222134206444,-0.007665272840023202
2025-01-09 11:00:00+00:00,-0.0035495858,0.0032044625841081142,-0.001393168374846748,0.00013730321370530874,-0.003321998319442852
2025-01-09 12:00:00+00:00,-0.0052844854,0.0032041259109973907,-0.0014062857395765228,0.00012214145681355149,-0.004844562640629041
2025-01-09 13:00:00+00:00,-0.0006133301,0.0032027075067162514,-0.0019156721614207255,0.00011111982894362882,-0.0010529742676927834
2025-01-09 14:00:00+00:00,-0.004443395,0.003203023225069046,-0.002939704238239402,0.00011399360664654523,-0.004192703301915121
2025-01-09 15:00:00+00:00,-0.0015127012,0.003202541498467326,-0.0033109433988490707,0.00011309438559692353,-0.0017983728267282903
2025-01-09 16:00:00+00:00,0.0069279918,0.0032037936616688967,0.00031130329932218127,0.00011789394920924678,0.004954763901101983
2025-01-09 17:00:00+00:00,-0.008512963,0.0031972501892596483,-0.0026720420758010598,0.00012067017814842984,-0.0073190980792802686
2025-01-09 18:00:00+00:00,-0.0039149057,0.003182712011039257,-0.0022077568330297567,0.00011642555909929797,-0.0038068102107259743
2025-01-10 10:00:00+00:00,-0.00015223106,0.003147679381072521,-0.002624566839043291,0.00011208796786377206,-0.000865419663706451
2025-01-10 11:00:00+00:00,-0.003942649,0.003114651655778289,-0.0023325432038803985,0.00011619186261668801,-0.0036953828293084102
2025-01-10 12:00:00+00:00,-0.0056121633,0.003084881231188774,-0.0029826850295724496,0.00011007141438312829,-0.005084649279018156
2025-01-10 13:00:00+00:00,0.021394506,0.0030473084188997746,0.001673042237575146,0.00011166444164700806,0.01645677377504015
2025-01-10 14:00:00+00:00,-0.00023148952,0.0030132008250802755,0.001807972601264919,0.00011915827781194821,-0.0003032510489970246
2025-01-10 15:00:00+00:00,0.0032706016,0.0029766689985990524,0.0008188626259578751,0.0001207756795338355,0.0024462489183950677
2025-01-10 16:00:00+00:00,0.0014642557,0.0029307932127267122,0.0028016483235970397,0.00012330332538112998,0.00125826749446208
2025-01-10 17:00:00+00:00,0.0115577765,0.0028858482837677,0.0026340910951103743,0.00012528787192422897,0.009356536524468188
2025-01-10 18:00:00+00:00,-0.005676285,0.0028433827683329582,0.000795205814476302,0.00012628141848836094,-0.004316752868786571
2025-01-13 10:00:00+00:00,0.012101627,0.0028135322500020266,0.001484596672911956,0.0001316100242547691,0.010134122849353099
2025-01-13 11:00:00+00:00,0.004696328,0.002784681972116232,0.0020428563403375247,0.00013092214067000896,0.004502202831835407
2025-01-13 12:00:00+00:00,0.0019915283,0.002763502998277545,0.0025483133283691495,0.00012796132068615407,0.002317495996124205
2025-01-13 13:00:00+00:00,-0.0070839883,0.0027352108154445887,0.0008144602293734749,0.00012740434613078833,-0.004891266989419936
2025-01-13 14:00:00+00:00,-0.004538397,0.0027280242647975683,-0.00019176919604212248,0.00013125456462148577,-0.003409909224443223
2025-01-13 15:00:00+00:00,0.001761074,0.002718608593568206,5.948290279906844e-05,0.00015035545220598578,0.0017599035940443857
2025-01-13 16:00:00+00:00,0.00086236245,0.0027091726660728455,0.0002439638395039592,0.000161918462254107,0.0009837191432989483
2025-01-13 17:00:00+00:00,0.0049780617,0.002711973385885358,0.0009356284442435154,0.00015629350673407316,0.004311344955871194
2025-01-13 18:00:00+00:00,-0.007931334,0.0027004671283066273,-0.00047118580916438084,0.0001623678981559351,-0.0064144287496393955
2025-01-14 10:00:00+00:00,-0.010037926,0.002683547092601657,-0.0012293459322197354,0.00018027152691502124,-0.008104458755723628
2025-01-14 11:00:00+00:00,0.008375718,0.002691481029614806,1.7335674297924242e-05,0.00020353082800284028,0.006526614231783883
2025-01-14 12:00:00+00:00,-9.115978e-05,0.0026978172827512026,-0.00033512880515001846,0.00021760963136330247,-0.00015288577501471228
2025-01-14 13:00:00+00:00,0.004752007,0.0027013688813894987,-6.026454935795022e-05,0.0002369765570620075,0.0037360524596842604
2025-01-14 14:00:00+00:00,-0.0033513429,0.002689270069822669,-0.0004718450187784412,0.000244983151787892,-0.002738948191103609
2025-01-14 15:00:00+00:00,0.0015464213,0.0026782401837408543,-0.00026568421457895294,0.0002532158396206796,0.0012506528758216195
2025-01-14 16:00:00+00:00,0.0002612909,0.0026855829637497663,9.171735901834361e-05,0.00026340343174524605,0.00022081372349264892
2025-01-14 17:00:00+00:00,-0.0076854164,0.0026966743171215057,-0.0005899643710418772,0.0002842687244992703,-0.006316133896227337
2025-01-14 18:00:00+00:00,-0.0031527865,0.0027088101487606764,0.0003400359601044116,0.00030498954583890736,-0.0027478182268874975
2025-01-15 10:00:00+00:00,-0.000528347,0.0027192244306206703,-0.0009380942819180826,0.00032483672839589417,-0.000531213738549719
2025-01-15 11:00:00+00:00,-0.0020010588,0.002727053826674819,-0.0019454856189803052,0.00034139625495299697,-0.0016064933608524261
2025-01-15 12:00:00+00:00,-0.003551951,0.0027373500633984804,-0.0020969859437373253,0.0003568634856492281,-0.003061416298504309
2025-01-15 13:00:00+00:00,0.0017083563,0.002752354135736823,-0.00037848233320442133,0.00037156615871936083,0.0011166681216863254
2025-01-15 14:00:00+00:00,-3.459988e-05,0.0027644289657473564,-0.0006425241175477254,0.0003840202698484063,-0.00030274594051466077
2025-01-15 15:00:00+00:00,0.0027412109,0.0027709847781807184,-9.452923567722737e-05,0.00039610470412299037,0.0019290867011238183
2025-01-15 16:00:00+00:00,-0.001680692,0.0027669279370456934,3.865508685085165e-05,0.00040721133700571954,-0.0015014421737974879
2025-01-15 17:00:00+00:00,0.005377469,0.002752588363364339,0.000507769448564588,0.00041941547533497214,0.004021481072234214
2025-01-15 18:00:00+00:00,-0.0017318802,0.0027307060081511736,0.0004631018661831045,0.00042883018613792956,-0.0015116895874215386
2025-01-16 10:00:00+00:00,0.020407248,0.002703679958358407,0.0018597815452347174,0.0004415445728227496,0.016675980102040237
2025-01-16 11:00:00+00:00,0.0041977256,0.0026667355559766293,0.0022181222403490574,0.00045295825111679733,0.003803358614120619
2025-01-16 12:00:00+00:00,0.000895626,0.0026229487266391516,0.0013339651708918726,0.0004632128984667361,0.0011899845442630153
2025-01-16 13:00:00+00:00,0.0008948246,0.0025804818142205477,0.0011928863341221384,0.0004736633272841573,0.0013131087659693467
2025-01-16 14:00:00+00:00,0.0023228035,0.0025317766703665257,0.002027246789682558,0.0004820326576009393,0.002332410135441373
2025-01-16 15:00:00+00:00,-0.0017862929,0.002483339747413993,0.0011497488933520017,0.0004879625921603292,-0.0009716335626459132
2025-01-16 16:00:00+00:00,-0.004479742,0.002437080256640911,5.406831378296754e-07,0.0004887771792709827,-0.0033499540985286558
2025-01-16 17:00:00+00:00,0.0021079786,0.002390323206782341,0.0002617256952942091,0.0004947848501615226,0.002082237400132267
2025-01-16 18:00:00+00:00,0.003399272,0.002330211689695716,0.0014202711041164998,0.0005016575451008976,0.003172702416770359
2025-01-17 10:00:00+00:00,-0.00017862127,0.002278838539496064,0.001377473630219953,0.0005111892824061215,0.00024758307916520836
2025-01-17 11:00:00+00:00,0.003666498,0.0022304817102849483,0.001411701531621881,0.000520650704856962,0.0031623675346290985
2025-01-17 12:00:00+00:00,8.898776e-05,0.00215265154838562,0.0015131517258210867,0.0005295228329487145,0.00013046602252069688
2025-01-17 13:00:00+00:00,0.002344198,0.0020928685553371906,0.0018836071040502903,0.0005361340590752661,0.002044411740237807
2025-01-17 14:00:00+00:00,0.00083192374,0.002040647668763995,0.0014106438014466597,0.0005433195037767291,0.0006725239634564403
2025-01-17 15:00:00+00:00,0.0005542316,0.0020046469289809465,0.0014425736471038182,0.0005521720158867538,0.0005178947179992167
2025-01-17 16:00:00+00:00,0.004654488,0.0019714972004294395,0.0014603478582717727,0.0005572178051806986,0.003958900537068141
2025-01-17 17:00:00+00:00,0.00035290097,0.0019527226686477661,0.0015113225011216497,0.0005590844666585326,0.0005099655690525197
2025-01-17 18:00:00+00:00,-0.0009928516,0.001911250757984817,0.0013833155877158514,0.0005633844994008541,-0.0007147607943248131
2025-01-20 10:00:00+00:00,0.010146686,0.0018692828016355634,0.0013134266837577654,0.0005659316084347665,0.00876425960896413
2025-01-20 11:00:00+00:00,-0.0033159903,0.0018341722898185253,0.00038261228980670435,0.0005661890027113259,-0.002492782446683308
2025-01-20 12:00:00+00:00,-0.010878478,0.0018034473760053515,-0.0008529987768070247,0.0005684091011062264,-0.009007279138395767
2025-01-20 13:00:00+00:00,0.0009968765,0.0017820915672928095,-0.0005561457042335981,0.0005690136458724737,0.0009012759158230314
2025-01-20 14:00:00+00:00,0.0041981125,0.0017672028625383973,-0.00015414743450598874,0.00056869798572734,0.003519700899455629
2025-01-20 15:00:00+00:00,-0.00011025115,0.001754560275003314,-0.0003380468826382481,0.000570096424780786,-1.027858437005793e-05
2025-01-20 16:00:00+00:00,0.0016855143,0.001746646361425519,-5.6062994902762015e-05,0.0005730101838707924,0.0015556523004043264
2025-01-20 17:00:00+00:00,-0.0070140846,0.001735426252707839,-0.001006288162459575,0.000573992554564029,-0.005852525805945678
2025-01-20 18:00:00+00:00,0.0033198725,0.0017245167400687933,-0.0010651537249096695,0.0005883778794668615,0.002648574921519938
2025-01-21 10:00:00+00:00,-0.0017470923,0.0017139272531494498,-0.0005725244701906037,0.0006023863679729402,-0.001559456192817008
2025-01-21 11:00:00+00:00,-0.0038366055,0.0017081209225580096,-0.0016844638214741977,0.0006053262040950358,-0.0034201570249368053
2025-01-21 12:00:00+00:00,-0.003461116,0.0017126190941780806,-0.0025279818901387486,0.0006159766344353557,-0.0031416735166555766
2025-01-21 13:00:00+00:00,0.00079121423,0.0017147451872006059,-0.0010745120035845059,0.0006224269745871425,0.0004901633814908934
2025-01-21 14:00:00+00:00,-0.006436999,0.0017105786828324199,-0.0027208670390620553,0.0006280407542362809,-0.005569133966820775
2025-01-21 15:00:00+00:00,0.0027430253,0.0017086475854739547,-0.0005719056256175226,0.0006360392435453832,0.0019020584929010222
2025-01-21 16:00:00+00:00,0.0041728555,0.0017062881961464882,-0.00026111623640986254,0.0006538431043736637,0.0032436957625917805
2025-01-21 17:00:00+00:00,0.026609644,0.0017128048930317163,0.0021739187969268283,0.000666336971335113,0.022142797446171904
2025-01-21 18:00:00+00:00,0.0030310927,0.001717591774649918,0.002460599780877231,0.0006787573802284896,0.0028988332291825557
2025-01-22 10:00:00+00:00,-0.0022182916,0.0017111377092078328,0.00041591933027921137,0.000689356354996562,-0.0016110271889295193
2025-01-22 11:00:00+00:00,0.005369532,0.0017068303423002362,0.0017532500513149228,0.0007047764956951141,0.004782749786860218
2025-01-22 12:00:00+00:00,0.0035923675,0.0017049702582880855,0.0022633618241818983,0.0007158543448895216,0.0033754784885140702
2025-01-22 13:00:00+00:00,-0.0004188032,0.001702511915937066,0.0019410689698218916,0.0007217228412628174,0.0001756888961308331
2025-01-22 14:00:00+00:00,0.0039020258,0.0017003866378217936,0.0022155060255892984,0.000729599385522306,0.0037529190976083493
2025-01-22 15:00:00+00:00,-0.0044392096,0.0017062841216102242,0.0008256316622319232,0.0007317792042158544,-0.0032538709328526
2025-01-22 16:00:00+00:00,0.00082714326,0.0017061567632481456,0.00116309230417117,0.0007369506056420505,0.0011261796683797636
2025-01-22 17:00:00+00:00,0.0025415972,0.001709196250885725,0.0014316991052408736,0.0007461687200702727,0.002663726484454158
2025-01-22 18:00:00+00:00,0.020302951,0.0017152059590443969,0.002381547132814505,0.0007415961008518934,0.017883105299056783
2025-01-23 10:00:00+00:00,-0.01039154,0.0017261484172195196,0.0003485924618696263,0.0007397105800919235,-0.008748503506825189
2025-01-23 11:00:00+00:00,-0.0028993068,0.001733020064420998,0.00019425070973009607,0.000738587521482259,-0.002394516900834487
2025-01-23 12:00:00+00:00,-0.0050219484,0.0017431294545531273,-1.1525089212863804e-05,0.0007361631724052131,-0.004278492694652551
2025-01-23 13:00:00+00:00,0.0025514439,0.0017548379255458713,-0.00015497057309599822,0.0007329869549721479,0.002290987471679093
2025-01-23 14:00:00+00:00,0.0035866173,0.0017683081096038222,-5.445107578702746e-05,0.0007270497153513134,0.0032273706920319905
2025-01-23 15:00:00+00:00,-0.0030962906,0.001777201658114791,0.00011188238046539343,0.0007219338440336287,-0.0026225931177499004
2025-01-23 16:00:00+00:00,0.001341839,0.001783807878382504,0.00017485452464979432,0.0007193204946815968,0.0014824296519503734
2025-01-23 17:00:00+00:00,-0.009387933,0.0017899172380566597,-0.0024394094302105326,0.0007153023034334183,-0.007955366400635084
2025-01-23 18:00:00+00:00,-0.00073077425,0.0017932443879544735,-0.00039925406386498766,0.000715281639713794,-0.0006318619779040074
2025-01-24 10:00:00+00:00,0.008563712,0.0017991837812587619,0.0002519887111797839,0.0007193696219474077,0.0072645138783567435
2025-01-24 11:00:00+00:00,0.0013208353,0.001800159690901637,0.000765695390943648,0.0007233539363369346,0.001096062737016013
2025-01-24 12:00:00+00:00,0.001999235,0.0018014335073530674,0.00023599110868836369,0.0007340836455114186,0.0016258713876643478
2025-01-24 13:00:00+00:00,-0.00023374664,0.0018035110551863909,-0.0003543911620591572,0.0007413722341880202,-0.00012453358611547413
2025-01-24 14:00:00+00:00,0.0024728188,0.001801162725314498,0.0023922367730887417,0.0007574094925075769,0.002058149909124537
2025-01-24 15:00:00+00:00,-0.0008059129,0.0018017439870163798,0.0012448206034197421,0.0007601779070682824,-0.0005958265395470308
2025-01-24 16:00:00+00:00,-0.008212701,0.001804307452403009,-0.0005426274081819696,0.0007791551761329174,-0.007034776286737978
2025-01-24 17:00:00+00:00,0.010501493,0.0018097729189321399,0.0012905255324576251,0.0007703403243795037,0.009066443819211645
2025-01-24 18:00:00+00:00,0.00027514974,0.0018129418604075909,0.0012741024755290682,0.0007733051897957921,0.0004934671590013238
2025-01-27 09:00:00+00:00,-0.00060331187,0.001812878530472517,0.0006033013576519507,0.0007766649941913784,-0.00032565683547589627
2025-01-27 10:00:00+00:00,-0.0035637806,0.00181464699562639,-0.00019478690125834938,0.0007855237345211208,-0.0030280079582930253
2025-01-27 11:00:00+00:00,-0.0082902135,0.0018137391889467835,-0.00044501456577835665,0.0007853350834921002,-0.007128996055683901
2025-01-27 12:00:00+00:00,0.0028565181,0.0018108806107193232,-0.000189821635032704,0.0007931450963951647,0.002316808930604922
2025-01-27 13:00:00+00:00,0.00049131125,0.0018174368888139725,-2.0022998085600407e-05,0.0007983813993632793,0.0004226053965572689
2025-01-27 14:00:00+00:00,-0.0038300697,0.0018299081129953265,-0.0023684655875666175,0.0007916082977317274,-0.003369648276747411
2025-01-27 15:00:00+00:00,0.003798035,0.0018417396349832416,-0.0002038825737194287,0.0007817148580215871,0.00314447349061348
2025-01-27 16:00:00+00:00,-0.00702968,0.0018613000866025686,-0.002478699806958174,0.0007746006594970822,-0.006085112446581714
2025-01-27 17:00:00+00:00,0.00836359,0.001892212894745171,0.001146658807371623,0.0007656860398128629,0.0068812390801259405
2025-01-27 18:00:00+00:00,2.13281e-05,0.0019062625942751765,0.00031925559284223803,0.000757888366933912,-0.00015614981420140686
2025-01-28 09:00:00+00:00,-0.0027657808,0.0019140125950798392,-0.0008509883371784467,0.0007492030272260308,-0.002438760322210875
2025-01-28 10:00:00+00:00,-0.00036364415,0.0019240451510995626,0.0001583031722991715,0.0007422118214890361,-0.000454419059182202
2025-01-28 11:00:00+00:00,-0.0013166418,0.001918757683597505,6.753017973509654e-05,0.0007354089175350964,-0.0009962810760379057
2025-01-28 12:00:00+00:00,-0.0008894462,0.0019130869768559933,0.0006186816125389052,0.000732455519028008,-0.0008637160548245131
2025-01-28 13:00:00+00:00,0.0038734854,0.0018953286344185472,0.0006700628086868496,0.0007315610419027507,0.0032206134884174386
2025-01-28 14:00:00+00:00,0.0074160714,0.0018682361114770174,0.001497894781611771,0.00073089892975986,0.006451546336568524
2025-01-28 15:00:00+00:00,0.0040307064,0.0018423128640279174,0.002906836841726764,0.000724278565030545,0.003628705427146499
2025-01-28 16:00:00+00:00,0.00025335964,0.0018220586935058236,0.0018831508180293611,0.0007201357511803508,0.00039316932073687805
2025-01-28 17:00:00+00:00,0.0015820452,0.0018093526596203446,0.002514258881337122,0.0007179518579505384,0.0013674363400464431
2025-01-28 18:00:00+00:00,-0.0064281025,0.0018029764760285616,0.0006221506269271856,0.000714119931217283,-0.005620702123400524
2025-01-29 09:00:00+00:00,0.001060097,0.001799783785827458,3.740943404106368e-05,0.0007065624231472611,0.0009596173253890319
2025-01-29 10:00:00+00:00,-0.0011767762,0.0017908178269863129,0.0004263586725259876,0.0007030827109701931,-0.0008880817966619063
2025-01-29 11:00:00+00:00,0.004899403,0.0017767978133633733,0.0014460170343752858,0.000694486137945205,0.0046074027647622475
2025-01-29 12:00:00+00:00,0.0020773695,0.0017740001203492284,0.0022534405443699326,0.0006911263335496187,0.002026771449924201
2025-01-29 13:00:00+00:00,-0.0012016065,0.0017641369486227632,0.001088055057166294,0.0006811112980358303,-0.0008418455676926349
2025-01-29 14:00:00+00:00,-0.0029363013,0.0017695637652650476,-0.00012424780686107932,0.0006778544629923999,-0.0025368458187006466
2025-01-29 15:00:00+00:00,-0.0012277733,0.0017902139807119966,0.00015098506357502796,0.0006757860537618399,-0.0009922141296574317
2025-01-29 16:00:00+00:00,-0.002152237,0.0018238108605146408,-9.551113874281498e-05,0.0006724120466969907,-0.001790720827636451
2025-01-29 17:00:00+00:00,0.0043949597,0.0018621928757056594,0.0003560575052914815,0.0006633053999394178,0.003764026520997811
2025-01-29 18:00:00+00:00,0.0021533533,0.0018895254470407963,0.0003758873197396409,0.0006629829294979572,0.0019165927701515555
2025-01-30 09:00:00+00:00,-0.00012653957,0.001900808303616941,0.0001915031334397917,0.0006562755443155766,-3.621717654153914e-05
2025-01-30 10:00:00+00:00,7.381669e-05,0.0018912672530859709,0.0008614937503179733,0.0006428521010093391,0.00018245911209278137
2025-01-30 11:00:00+00:00,-0.0007806237,0.0018768069567158818,0.0007027029557189851,0.0006241679657250643,-0.0006610963152615959
2025-01-30 12:00:00+00:00,-0.00020052877,0.0018756120698526502,0.0008634553069731324,0.0006192731088958681,-0.00021677312858737647
2025-01-30 13:00:00+00:00,0.0009495174,0.0018783177947625518,0.0003814117518598346,0.0006221763323992491,0.0008275511319403571
2025-01-30 14:00:00+00:00,0.00021088148,0.001889914507046342,0.0009093389899895677,0.0006186362006701529,0.00015302140568804705
2025-01-30 15:00:00+00:00,0.0003583965,0.0019053947180509567,0.0010861371768319476,0.0006150166154839098,0.0003689630561710931
2025-01-30 16:00:00+00:00,0.0008217187,0.0019012000411748886,0.0016935079749346733,0.0006108263623900712,0.0007507710039152877
2025-01-30 17:00:00+00:00,0.002734196,0.0019136120099574327,0.0031213519981778143,0.0006025767070241272,0.0022673022402542775
2025-01-30 18:00:00+00:00,0.0016998419,0.0019297845428809524,0.0031593237097927054,0.0005957860266789794,0.0015594545619746795
2025-01-31 09:00:00+00:00,0.0060205883,0.0019146784907206893,0.0027035825801668793,0.0005874305497854948,0.005347246607220036
2025-01-31 10:00:00+00:00,4.1683164e-05,0.0019052227726206183,0.0022418513178932868,0.0005801196093671024,0.0001208105507221066
2025-01-31 11:00:00+00:00,-0.00443858,0.001895846682600677,0.000720921141941926,0.0005669898237101734,-0.0038192143165863626
2025-01-31 12:00:00+00:00,0.0017151048,0.0018806291045621037,0.0007786604184293085,0.0005540759302675724,0.0014684888347997224
2025-01-31 13:00:00+00:00,-0.0005434953,0.0018723332323133945,0.0006895626534131203,0.0005444766720756888,-0.000398673539871729
2025-01-31 14:00:00+00:00,0.0015043409,0.0018879459239542484,0.0003781544689724663,0.000536928593646735,0.0013538260965257885
2025-01-31 15:00:00+00:00,-0.0070922654,0.0019124652026221156,-0.000757243003985574,0.0005296507151797414,-0.006232432125166872
2025-01-31 16:00:00+00:00,-0.0017256623,0.001935015432536602,-0.0005057938483804934,0.0005223815678618848,-0.0015625638244301371
2025-01-31 17:00:00+00:00,-0.0002738543,0.0019545387476682663,-0.0005169338884599636,0.0005124598392285407,-0.000361647111154159
2025-01-31 18:00:00+00:00,0.00023172774,0.001979946857318282,-7.096978976871155e-05,0.0005035152425989509,0.00014147216020628302
2025-02-03 09:00:00+00:00,-0.0058517377,0.002024058485403657,-0.0017026271041557634,0.0004939076607115567,-0.00522170891247469
2025-02-03 10:00:00+00:00,0.003088577,0.0020392723381519318,0.00032913940130424336,0.0004892466240562499,0.0025187114857955304
2025-02-03 11:00:00+00:00,-0.0026966878,0.0020491473842412233,-0.0021015058785188276,0.00047839124454185367,-0.002472202531145975
2025-02-03 12:00:00+00:00,-6.3539126e-05,0.002047546673566103,-0.0009276385861747278,0.00046921989996917546,-0.00023793149796748009
2025-02-03 13:00:00+00:00,0.0005082,0.0020730686374008656,0.00014187147864963646,0.00046311941696330905,0.0002806712101768319
2025-02-03 14:00:00+00:00,-0.0016950055,0.0020893444307148457,-0.0006883134389043554,0.00045817845966666937,-0.0016632142504797523
2025-02-03 15:00:00+00:00,-0.0030263634,0.002097904682159424,-0.0027108206895073476,0.000454949215054512,-0.002790192492627723
2025-02-03 16:00:00+00:00,0.0024854762,0.0020961672998964787,0.00017000695535081977,0.0004490614519454539,0.0019629565637313317
2025-02-03 17:00:00+00:00,-0.023539338,0.002083823550492525,-0.002380285390735108,0.0004434441216289997,-0.020458227044332568
2025-02-03 18:00:00+00:00,0.0017579655,0.002079249592497945,-0.0007784302315287031,0.0004404035280458629,0.0010305507003313314
2025-02-04 09:00:00+00:00,0.0059885597,0.0020792128052562475,0.0005408230526247483,0.00043343263678252697,0.004841348023178604
2025-02-04 10:00:00+00:00,0.00011854406,0.002067709341645241,0.001453907626031605,0.0004252900544088334,-0.00016619730437811948
2025-02-04 11:00:00+00:00,-0.0041141436,0.002060370286926627,-8.166531936228878e-05,0.000413622212363407,-0.0038583188878624965
2025-02-04 12:00:00+00:00,-0.0010934701,0.002042491687461734,0.0005206124183181064,0.000401365221478045,-0.0012756944309144282
2025-02-04 13:00:00+00:00,-0.0010838229,0.0020317090675234795,-0.0005140930458626577,0.00039036781527101994,-0.0012356254728746047
2025-02-04 14:00:00+00:00,6.5062515e-05,0.0020530535839498043,-0.0007574735543731267,0.00037716756924055517,-0.00024862386679316655
2025-02-04 15:00:00+00:00,-0.00031450804,0.002070292131975293,-0.0006659988019394824,0.0003671390004456043,-0.0005080480920787
2025-02-04 16:00:00+00:00,-0.0013024651,0.002079474041238427,-0.0009449267746530741,0.00035264683538116515,-0.0013824502249563623
2025-02-04 17:00:00+00:00,0.012241085,0.0020894063636660576,0.001339199585093705,0.00034448408405296504,0.010322044892994922
2025-02-04 18:00:00+00:00,0.00080433703,0.0020833441521972418,0.0008884086263834107,0.00032829391420818865,0.0007828005899827351
2025-02-05 09:00:00+00:00,-0.004060461,0.002075248397886753,0.00020101579269778109,0.00031764485174790025,-0.0035800795682713353
2025-02-05 10:00:00+00:00,0.0018174296,0.002082481514662504,0.0013389571897113014,0.00031506657251156867,0.0013609407126124315
2025-02-05 11:00:00+00:00,-0.0064782356,0.0021105667110532522,0.0011521878045953795,0.00030907956534065306,-0.005608262620449287
2025-02-05 12:00:00+00:00,0.008957083,0.0021377839148044586,0.004923314868678256,0.0003005964099429548,0.007479615131634761
2025-02-05 13:00:00+00:00,-0.0032957448,0.0021616339217871428,0.0014914886843254659,0.00028972161817364395,-0.0028184783933726757
2025-02-05 14:00:00+00:00,-0.0006453903,0.002159396419301629,0.00055049580560758,0.00027621485060080886,-0.0005802048391870153
2025-02-05 15:00:00+00:00,0.00060237723,0.0021488878410309553,0.001434144562561097,0.0002624798216857016,0.0004609520621698042
2025-02-05 16:00:00+00:00,0.00044079623,0.002129197120666504,0.0013398032221875497,0.00025253387866541743,0.00039389351649940274
2025-02-05 17:00:00+00:00,0.011446162,0.002113976515829563,0.003498811725302319,0.00024568205117248,0.009760321874881808
2025-02-05 18:00:00+00:00,0.00047807497,0.0020931356120854616,0.002213143601578187,0.0002346153778489679,0.00047600536493979273
2025-02-06 09:00:00+00:00,0.010491768,0.0020726541988551617,0.002730790401510054,0.00021581457986030728,0.009248654375814383
2025-02-06 10:00:00+00:00,0.0029176571,0.0020507159642875195,0.003266028601904044,0.00019745982717722654,0.002807119137507669
2025-02-06 11:00:00+00:00,-0.0031594275,0.0020527150481939316,0.0022540849260567967,0.0001889665290946141,-0.0025489775996325762
2025-02-06 12:00:00+00:00,0.0011872681,0.0020543162245303392,0.002198222806126804,0.0001751212403178215,0.001118238726372065
2025-02-06 13:00:00+00:00,-0.0029023627,0.0020664494950324297,0.0017238359648390127,0.00015891750808805227,-0.002328732175295918
2025-02-06 14:00:00+00:00,0.00014742429,0.002053230768069625,0.0014514871190589623,0.00014850417210254818,0.00028342057996438933
2025-02-06 15:00:00+00:00,0.0033532914,0.002041025785729289,0.002127422002510624,0.00014763695071451366,0.003095776402895455
2025-02-06 16:00:00+00:00,0.0005979952,0.002031235722824931,0.0019762253182230797,0.00014495047798845917,0.0007207503025636028
2025-02-06 17:00:00+00:00,0.014834828,0.002033276716247201,0.0022745391280333703,0.00013967369159217924,0.013315854666444199
2025-02-06 18:00:00+00:00,-0.0023174023,0.0020219553261995316,0.0018889862155502004,0.00012848476762883365,-0.001701606146179741
2025-02-07 09:00:00+00:00,0.00478408,0.002010916592553258,0.002613359470239319,0.00012170454283477738,0.004441594798139229
2025-02-07 10:00:00+00:00,-0.0005361654,0.0020092756021767855,0.0031250069130698993,0.00012174704897915944,-0.0003028309951891277
2025-02-07 11:00:00+00:00,-0.0051805284,0.001998621504753828,0.0013770472980180958,0.00012747834261972457,-0.0043780740733897735
2025-02-07 12:00:00+00:00,-0.0008504725,0.00199889880605042,0.0006258508678583377,0.00014101558190304786,-0.0006314839625747136
2025-02-07 13:00:00+00:00,0.00266309,0.0020009006839245558,0.0013365312914472547,0.00014858088979963213,0.0024376549526448224
2025-02-07 14:00:00+00:00,-0.0026319623,0.0020039647351950407,0.0008611549215178591,0.00015049785724841058,-0.0020851476884119194
2025-02-07 15:00:00+00:00,0.00020749256,0.002015806036069989,0.0006781475361795146,0.000155341112986207,0.00032046622694049926
2025-02-07 16:00:00+00:00,0.000663687,0.0020161683205515146,0.0016567908891646438,0.00015214491577353328,0.000695833179293142
2025-02-07 17:00:00+00:00,-0.005373982,0.0020176537800580263,0.0016555196809545452,0.00014963623834773898,-0.004697062849395196
2025-02-07 18:00:00+00:00,0.00128115,0.002007192699238658,0.00025821229180274057,0.00014728760288562626,0.0009742977958382414
2025-02-10 09:00:00+00:00,0.009169956,0.001999398460611701,0.0027641901603133127,0.00014430984447244555,0.008105248122121123
2025-02-10 10:00:00+00:00,-0.00067064585,0.0019955236930400133,0.0025150031476103446,0.0001394433929817751,-0.0005623360012123012
2025-02-10 11:00:00+00:00,-0.0031011302,0.0019906519446521997,0.0010997279308211962,0.00013746798504143953,-0.0027140161672240645
2025-02-10 12:00:00+00:00,0.0021718005,0.001988170202821493,0.0008407747437311227,0.00014569661288987845,0.001918136365893049
2025-02-10 13:00:00+00:00,0.0011666865,0.0019726550672203302,0.0015328388552907498,0.0001438597246306017,0.0011111778104630234
2025-02-10 14:00:00+00:00,0.0048175007,0.001956205116584897,0.0031974109804589336,0.00014336795720737427,0.0043674832856128425
2025-02-10 15:00:00+00:00,-0.00053413317,0.0019324476597830653,0.0020966053845042167,0.00014258743613027036,-0.0003493827338704948
2025-02-10 16:00:00+00:00,0.0029751852,0.001910874038003385,0.0030504963614236733,0.00014423212269321084,0.002703191969219376
2025-02-10 17:00:00+00:00,0.0055572726,0.0018877279944717884,0.003131703069861216,0.00014512760390061885,0.005083665077415075
2025-02-10 18:00:00+00:00,-0.001121225,0.0018718010978773236,0.002406883803295167,0.00014219846343621612,-0.000819737671750291
2025-02-11 09:00:00+00:00,-0.0038215956,0.0018588012317195535,0.00013034712736042362,0.00014186959015205503,-0.0034314154697542426
2025-02-11 10:00:00+00:00,-0.0003993508,0.0018604288343340158,0.000887802735843036,0.00014241640747059137,-0.00039493540595736247
2025-02-11 11:00:00+00:00,-0.0044754287,0.0018547591753304005,0.0009234537182656984,0.0001394152786815539,-0.003971447803086821
2025-02-11 12:00:00+00:00,0.004229595,0.0018513102550059557,0.0009167924026764737,0.0001414707803633064,0.0037362957166876057
2025-02-11 13:00:00+00:00,0.0039465125,0.0018488565692678094,0.002126176702104459,0.0001399512548232451,0.003616650950610405
2025-02-11 14:00:00+00:00,-0.0011332835,0.0018419681582599878,0.0009843308262700514,0.00013867202505934983,-0.0010687691400489143
2025-02-11 15:00:00+00:00,0.0015005592,0.0018346181605011225,0.0012966927975230798,0.00013883289648219943,0.001379094206336966
2025-02-11 16:00:00+00:00,0.00054046616,0.0018279508221894503,0.001448606752836872,0.00013957700866740197,0.00047507900586455515
2025-02-11 17:00:00+00:00,0.011625504,0.0018255759496241808,0.0029196039593254383,0.00013902307546231896,0.010552079631919403
2025-02-11 18:00:00+00:00,3.0230203e-05,0.0018268515123054385,0.0023645210866195055,0.00014238811854738742,0.0001632588893039091
2025-02-12 09:00:00+00:00,0.008138897,0.0018288141582161188,0.002558908018324497,0.00014321808703243732,0.007477554256376381
2025-02-12 10:00:00+00:00,0.0005495686,0.0018309729639440775,0.0023221975871285947,0.0001410343829775229,0.0007068341190902673
2025-02-12 11:00:00+00:00,0.0024444158,0.0018315387424081564,0.0033186816300248257,0.0001413397112628445,0.0023588782785461644
2025-02-12 12:00:00+00:00,-0.0011765646,0.0018352901097387075,0.0020395772810259663,0.0001449298142688349,-0.0009383334702431465
2025-02-12 13:00:00+00:00,0.00083769637,0.0018383514834567904,0.00195090138859809,0.0001488321868237108,0.000911728920658947
2025-02-12 14:00:00+00:00,-0.0026551161,0.0018459662096574903,0.0012658110210358468,0.0001533430186100304,-0.00232802292936724
2025-02-12 15:00:00+00:00,-0.0024617738,0.0018528093351051211,0.0005373284865082429,0.00015994999557733536,-0.002195375619177974
2025-02-12 16:00:00+00:00,0.003071277,0.0018576026195660233,0.001350839525370846,0.00016669854812789708,0.0029417639337697104
2025-02-12 17:00:00+00:00,-0.007036847,0.001858265371993184,0.0008010124778502736,0.00017431550077162683,-0.006426870124318152
2025-02-12 18:00:00+00:00,0.019287692,0.0018519593868404627,0.00417258596978504,0.00017761891649570316,0.01791846693662715
2025-02-13 09:00:00+00:00,0.07019857,0.0018398683751001954,0.00336131201445129,0.00018167878442909569,0.06830323727926599
2025-02-13 10:00:00+00:00,-0.019702371,0.0018236375181004405,0.00029894513673563747,0.00018291804008185863,-0.018804019381430948
2025-02-13 11:00:00+00:00,0.008696073,0.0018054344691336155,0.0013952369555802898,0.00019513438746798784,0.008602860126927852
2025-02-13 12:00:00+00:00,0.0033053583,0.0017977103125303984,0.0011490852496414076,0.00020644576579798013,0.0036146063247449785
2025-02-13 13:00:00+00:00,-0.0066030165,0.0017867576098069549,0.0005425773178952475,0.0002079725672956556,-0.00638890610776525
2025-02-13 14:00:00+00:00,-0.0035332753,0.0017797104083001614,-8.810792805246162e-05,0.0002192221290897578,-0.0031420372079856208
2025-02-13 15:00:00+00:00,0.0072214603,0.0017755839508026838,0.0016160752743277537,0.00023148268519435078,0.007497448362611748
2025-02-13 16:00:00+00:00,-0.003007269,0.0017695038113743067,0.0013770638074617556,0.00024215459416154772,-0.002437284390860544
2025-02-13 17:00:00+00:00,0.0042429324,0.0017628367058932781,0.001851348354138615,0.000260337459621951,0.004592502585707373
2025-02-13 18:00:00+00:00,0.029991135,0.0017576608806848526,0.002641284477889308,0.00026977452216669917,0.030697780823461116
2025-02-14 09:00:00+00:00,0.018152852,0.0017513197381049395,0.0030907605831478305,0.00028355460381135345,0.018954493319155958
2025-02-14 10:00:00+00:00,0.0022626643,0.0017519593238830566,0.002408965814231915,0.000288848124910146,0.0026251756226504178
2025-02-14 11:00:00+00:00,0.00056486705,0.0017519108951091766,0.001679137623198466,0.00030114781111478806,0.0006348030890560286
2025-02-14 12:00:00+00:00,-0.0005295535,0.0017504458082839847,0.001018615770268186,0.0003214986063539982,-0.0005708190059913532
2025-02-14 13:00:00+00:00,-0.018839225,0.0017471727915108204,-0.0005374813633714821,0.00034059627796523273,-0.019498960671883184
2025-02-14 14:00:00+00:00,0.0033140716,0.001742483815178275,7.264675970213565e-05,0.00036435259971767664,0.0033062243711585427
2025-02-14 15:00:00+00:00,-0.00314316,0.0017405067337676883,-8.479860032192636e-05,0.00038016040343791246,-0.0032484024571291185
2025-02-14 16:00:00+00:00,-0.016304463,0.0017365764360874891,-0.0012310107294434848,0.0003972476115450263,-0.016436614120865528
2025-02-14 17:00:00+00:00,0.012429292,0.0017341497587040067,0.00042985859149069315,0.00041987356962636113,0.01240753523769762
2025-02-14 18:00:00+00:00,0.0031733466,0.001735399360768497,-0.00017598263474796733,0.0004257501568645239,0.003350242103048357
2025-02-17 09:00:00+00:00,0.02373938,0.0017431426094844937,0.0024456328708946534,0.0004401463083922863,0.02454658047727944
2025-02-17 10:00:00+00:00,-0.0010113314,0.0017451331950724125,0.001768795666236497,0.00044832343701273203,-0.0007556465677994795
2025-02-17 11:00:00+00:00,-0.0013206669,0.0017448046710342169,0.0007770506320360485,0.0004642724816221744,-0.0015208918549886282
2025-02-17 12:00:00+00:00,0.0059293136,0.0017363729421049356,0.0023206095673314743,0.00048463279381394386,0.0061870711270800485
2025-02-17 13:00:00+00:00,0.0016102076,0.0017132263164967299,0.0015361496974323045,0.0005023078410886228,0.0017192942549292816
2025-02-17 14:00:00+00:00,-0.0029423377,0.001679886132478714,0.0011827698484105267,0.0005208547809161246,-0.00314157117627651
2025-02-17 15:00:00+00:00,0.0061549954,0.0016455806326121092,0.0018450640427080602,0.0005497849197126925,0.006271847500968005
2025-02-17 16:00:00+00:00,0.0015154422,0.0016058989567682147,0.0019601561057898606,0.0005813959869556129,0.0017931173864390421
2025-02-17 17:00:00+00:00,-0.01019935,0.001561128650791943,2.313106376582886e-05,0.0006115838186815381,-0.010819535170142232
2025-02-17 18:00:00+00:00,0.002160511,0.0015205201925709844,0.0003076325796032547,0.0006399425910785794,0.002252863034303209
2025-02-18 09:00:00+00:00,-0.00026322718,0.0014804820530116558,-0.0003544791353740796,0.0006579056498594582,-0.0002140433138923847
2025-02-18 10:00:00+00:00,0.001534516,0.0014397953636944294,-5.817409606208605e-05,0.000666241510771215,0.0014443968375510631
2025-02-18 11:00:00+00:00,-0.012990345,0.001402864814735949,-0.001530616667922618,0.0006771581247448921,-0.01364714666807668
2025-02-18 12:00:00+00:00,0.006529494,0.0013782450696453452,-0.0014700575813096518,0.0006876767729409039,0.00667960342588917
2025-02-18 13:00:00+00:00,0.002202256,0.001361018163152039,-0.0009209460823374977,0.0006972432020120323,0.001975254402546753
2025-02-18 14:00:00+00:00,0.008150076,0.0013380529126152396,0.0006842808209279463,0.0007116764318197966,0.008293899561603271
2025-02-18 15:00:00+00:00,-0.01723695,0.0013112130109220743,-0.001372183847399617,0.0007223060238175094,-0.017724501752922922
2025-02-18 16:00:00+00:00,0.00069237326,0.0012768333544954658,-0.0005756309496396756,0.0007377011352218688,0.00042022098936381886
2025-02-18 17:00:00+00:00,-0.0020252091,0.001251191715709865,-0.00136216181182757,0.0007487229304388165,-0.002021790586944691
2025-02-18 18:00:00+00:00,-0.0006759822,0.0012378753162920475,-0.0009883379271612782,0.000754333334043622,-0.0008485944807001521
2025-02-19 09:00:00+00:00,0.00417311,0.0012186531675979495,-0.0006000146730614843,0.000760936236474663,0.004187212989683307
2025-02-19 10:00:00+00:00,-0.0077295327,0.001198868383653462,-0.001705726808980494,0.0007709540077485144,-0.007774835735966717
2025-02-19 11:00:00+00:00,-0.005048798,0.0011724841315299273,-0.0014107979068494981,0.0007806334178894758,-0.005555531435211891
2025-02-19 12:00:00+00:00,0.0026708029,0.0011366362450644374,-0.0006935672415495066,0.0007942029624246061,0.0024921830358924386
2025-02-19 13:00:00+00:00,0.0043137586,0.0010989849688485265,-0.00014026791368492136,0.0008042440749704838,0.004231387867329488
2025-02-19 14:00:00+00:00,0.0017452167,0.0010511568980291486,-9.51997042587246e-05,0.0008131770300678909,0.0018454159099141206
2025-02-19 15:00:00+00:00,0.0007470186,0.0010078642517328262,-0.0003092627788482413,0.0008217104477807879,0.0003207573341677445
2025-02-19 16:00:00+00:00,0.002645645,0.0009711316670291126,-0.00051958589234552,0.0008291418198496103,0.0024866128574784203
2025-02-19 17:00:00+00:00,0.01456706,0.0009407976176589727,0.002080246604085358,0.0008378063212148845,0.014651350937438848
2025-02-19 18:00:00+00:00,-0.0043961504,0.0009042404708452523,0.00028148923912021224,0.0008439465891569853,-0.00486535914079729
2025-02-20 09:00:00+00:00,0.008015882,0.0008743552607484162,0.001969787562261334,0.0008527613244950771,0.008230671598741596
2025-02-20 10:00:00+00:00,-0.0019434319,0.0008491627522744238,0.0017639938525224159,0.0008610571385361254,-0.0019408275222877647
2025-02-20 11:00:00+00:00,-0.0012045566,0.0008196017006412148,0.0011448714500875894,0.0008724174695089459,-0.0015923869885195938
2025-02-20 12:00:00+00:00,0.005990962,0.0007984207477420568,0.003425293501392741,0.0008855457417666912,0.005978898907444104
2025-02-20 13:00:00+00:00,-0.0017378614,0.0007898119511082768,0.0013290338745354285,0.000898595608305186,-0.0019972083894038758
2025-02-20 14:00:00+00:00,0.0013992154,0.0007872291025705636,0.002217837905564926,0.0009132620180025697,0.0010282589831134947
2025-02-20 15:00:00+00:00,0.0026280084,0.0007657347014173865,0.0027321496771480613,0.0009262219537049532,0.0025196319186884483
2025-02-20 16:00:00+00:00,0.0016444098,0.0007202875567600131,0.0020937261613578227,0.0009440261637791991,0.001369323015148669
2025-02-20 17:00:00+00:00,0.020711407,0.0006586293457075953,0.0030247284193179896,0.0009696400375105441,0.021628650807831114
2025-02-20 18:00:00+00:00,-0.007388013,0.0005972458748146892,0.00027748020141585863,0.000993915367871523,-0.007876677404396019
2025-02-21 09:00:00+00:00,0.0059894174,0.0005198157741688192,0.0018657388138991723,0.001029924489557743,0.006230530580619258
2025-02-21 10:00:00+00:00,0.00027139575,0.00044496034388430417,0.0026062775970461887,0.0010578823275864124,0.0002630996657894877
2025-02-21 11:00:00+00:00,0.00036457207,0.00033817015355452895,0.0018945352345812242,0.0010790396481752396,0.000269986141155861
2025-02-21 12:00:00+00:00,-0.002699286,0.0002401528472546488,0.0009733229221617368,0.0011140062706544995,-0.003065605448057277
2025-02-21 13:00:00+00:00,-0.008390392,0.0001625869335839525,-5.3896704316431024e-05,0.0011511252960190177,-0.009275293947501017
2025-02-21 14:00:00+00:00,-0.0002914702,0.0001220783597091213,-2.7965101589741008e-05,0.001185887842439115,-0.0004893845429122248
2025-02-21 15:00:00+00:00,-0.003444059,7.949800783535466e-05,-0.0010436573250061283,0.0012002747971564531,-0.0039026946538924623
2025-02-21 16:00:00+00:00,0.0011865763,-2.718195173656568e-05,-0.0015434618099388938,0.0011924727587029338,0.0010083185194665852
2025-02-21 17:00:00+00:00,0.0079685105,-8.482684643240646e-05,0.00026791063678451813,0.0011718227760866284,0.00836311640513289
2025-02-21 18:00:00+00:00,9.377144e-05,-0.00016114009486045688,-2.362864359096081e-05,0.0011390607105568051,5.591508908849627e-05
2025-02-24 09:00:00+00:00,0.008335999,-0.0002187443315051496,0.0018359544653376387,0.0011280366452410817,0.008938653726347294
2025-02-24 10:00:00+00:00,-0.0046178107,-0.0002613081014715135,-0.00019618492594392686,0.0011146711185574532,-0.004885650236997085
2025-02-24 11:00:00+00:00,0.00013587302,-0.0003214601310901344,-0.0012056658665554154,0.0010925802635028958,3.794775610193128e-05
2025-02-24 12:00:00+00:00,0.00037355567,-0.0003589352418202907,-0.0012093220961789572,0.0010641304543241858,0.00024381663695284615
2025-02-24 13:00:00+00:00,-0.0010870951,-0.00039475670200772583,-0.0008252845025216032,0.0010197029914706945,-0.001308771866507519
2025-02-24 14:00:00+00:00,-0.00023795967,-0.00043074513087049127,-0.0011962372458682031,0.0009573650313541293,-0.0003117501814041632
2025-02-24 15:00:00+00:00,-0.004036934,-0.00047922710655257106,-0.0012418002516097009,0.0009037077543325722,-0.004430797578926139
2025-02-24 16:00:00+00:00,0.00011093522,-0.000524865637999028,-0.00045953164317628675,0.0008515175431966782,-0.0001978744736177314
2025-02-24 17:00:00+00:00,0.002471515,-0.0005720116314478219,-0.0007617826140680506,0.0007704694289714098,0.002477441607878524
2025-02-24 18:00:00+00:00,0.004280843,-0.0006209090352058411,-0.0003474798550302987,0.0007241067942231894,0.004448691914269101
2025-02-25 09:00:00+00:00,0.01858273,-0.000691249268129468,0.0016469683645796598,0.0006735168281011283,0.020021013410104337
2025-02-25 10:00:00+00:00,-0.002357205,-0.0007382672629319131,0.0013834690125678515,0.0006246239645406604,-0.002862301706178644
2025-02-25 11:00:00+00:00,-0.0023293395,-0.0007615392678417265,8.220010637718952e-05,0.000570246484130621,-0.0030855758662382436
2025-02-25 12:00:00+00:00,0.0009858309,-0.0007590908207930624,-0.0003618154749141078,0.0005105076706968248,0.0006432333658550076
2025-02-25 13:00:00+00:00,-0.0037144597,-0.000710939581040293,-0.0001919696221656095,0.00046816360554657876,-0.004458063278787922
2025-02-25 14:00:00+00:00,0.0041402387,-0.00065378297585994,0.0004264434395281353,0.0004682144208345562,0.004163351743474624
2025-02-25 15:00:00+00:00,-0.0019885206,-0.0006331325857900083,-0.00020734861070907028,0.0004890946438536048,-0.0024995660348447867
2025-02-25 16:00:00+00:00,3.345321e-05,-0.0006050108349882066,-0.00021999654678442852,0.0005206481437198818,-0.0004191676338458653
2025-02-25 17:00:00+00:00,0.016752478,-0.000539370346814394,0.002314971522256765,0.0005548156332224607,0.017905236653302885
2025-02-25 18:00:00+00:00,-0.005302209,-0.0005160779110156,0.0001078852786913284,0.0005998558481223881,-0.006132971265966728
2025-02-26 09:00:00+00:00,0.002394835,-0.000508800963871181,0.00018991823455371377,0.0006240473594516516,0.0022359374459796208
2025-02-26 10:00:00+00:00,-0.0015188162,-0.0005177308921702206,0.00013171940486469632,0.0006562730413861573,-0.0020296046145032473
2025-02-26 11:00:00+00:00,-0.002638644,-0.0005056209047324955,-0.00035947213415985424,0.0006809053011238575,-0.0033675062706475445
2025-02-26 12:00:00+00:00,-0.0042579924,-0.0004977422649972141,-0.001521383001165269,0.0006943324697203934,-0.004980606935863012
2025-02-26 13:00:00+00:00,-0.010670336,-0.00046568908146582544,-0.002751807615576341,0.0007122078677639365,-0.011813855560276063
2025-02-26 14:00:00+00:00,0.0029381663,-0.0004514424945227802,-0.0011571987440528733,0.0007301720906980336,0.0029248590316055026
2025-02-26 15:00:00+00:00,-0.009796609,-0.00044463705853559077,-0.0018834525670414276,0.0007415667059831321,-0.01076659369147837
2025-02-26 16:00:00+00:00,0.003599588,-0.00043313324567861855,-0.00146507779506074,0.0007539769285358489,0.0037900323709771275
2025-02-26 17:00:00+00:00,0.0045191254,-0.0004326375783421099,-0.0009253952217691654,0.0007507913978770375,0.005030184760267541
2025-02-26 18:00:00+00:00,0.0084030945,-0.00043898788862861693,-0.0005570031596735696,0.0007483243243768811,0.009210502425031797
2025-02-27 09:00:00+00:00,-0.010176331,-0.0004338894796092063,-0.0010106367245225983,0.0007431467529386282,-0.011118985189018063
2025-02-27 10:00:00+00:00,-0.0019786397,-0.00047277711564674973,-0.0019048720542878478,0.0007224283181130886,-0.0021012114586921983
2025-02-27 11:00:00+00:00,-0.0047054933,-0.0004835625004488975,-0.002440359020949667,0.0007139451918192208,-0.005055529420076919
2025-02-27 12:00:00+00:00,-0.006993422,-0.0004841437912546098,-0.0027478754358656364,0.0007055716123431921,-0.007428588101702086
2025-02-27 13:00:00+00:00,0.00588352,-0.0004942871746607125,-0.0015899731302335951,0.0007018464966677129,0.00613680251486368
2025-02-27 14:00:00+00:00,-0.0038220503,-0.00048689113464206457,-0.001159852523092967,0.0007068516570143402,-0.004142796925420603
2025-02-27 15:00:00+00:00,0.010109306,-0.0004970524460077286,6.615128945959468e-05,0.0007062748773023486,0.010643206094706729
2025-02-27 16:00:00+00:00,-0.00073316565,-0.00048773345770314336,-0.00023185983912245674,0.0007042944198474288,-0.0009553140306305633
2025-02-27 17:00:00+00:00,-0.019872433,-0.00048389993025921285,-0.002667279858241124,0.0007005957304500043,-0.02129589686950872
2025-02-27 18:00:00+00:00,-0.0014026997,-0.0004791945975739509,-0.0018657222728835363,0.0006847823387943208,-0.001245260629859553
2025-02-28 09:00:00+00:00,-0.01022232,-0.0004917054320685565,-0.001600403396197754,0.000669164874125272,-0.010654653548302064
2025-02-28 10:00:00+00:00,-0.0115153,-0.0005095932865515351,-0.0029534908494912243,0.0006541796028614044,-0.011861806236901121
2025-02-28 11:00:00+00:00,0.0023382776,-0.0005219701561145484,-0.00222933429363346,0.0006391663337126374,0.002504396209856646
2025-02-28 12:00:00+00:00,-0.0044703432,-0.0005257697193883359,-0.0028556474530535532,0.0006232892628759146,-0.004484606051128456
2025-02-28 13:00:00+00:00,0.0061284346,-0.0005287592648528516,-0.0015227721767516605,0.0006084086489863694,0.006336030135606902
2025-02-28 14:00:00+00:00,0.0007710844,-0.0005363071104511619,-0.0018507093606355226,0.0005954971420578659,0.00089832273435642
2025-02-28 15:00:00+00:00,-0.0046618492,-0.0005332457949407399,-0.001911447129456538,0.0005839584628120065,-0.004661395124941016
2025-02-28 16:00:00+00:00,0.0033471438,-0.0005217388388700783,-0.001377028636742906,0.000570535019505769,0.003552425327057752
2025-02-28 17:00:00+00:00,-0.0012988724,-0.000499495945405215,-0.002005127490896374,0.0005415717023424804,-0.0015211826325149075
2025-02-28 18:00:00+00:00,0.003209009,-0.00047319778241217136,-0.001191441586162182,0.0005254590651020408,0.0033078452634230033
2025-03-03 09:00:00+00:00,-0.004052424,-0.00044791106483899057,-0.000537053129708832,0.0005184973124414682,-0.004395726893856522
2025-03-03 10:00:00+00:00,-0.010185735,-0.00043000170262530446,-0.0017696970460352429,0.0005129968631081283,-0.010721415283773149
2025-03-03 11:00:00+00:00,-0.002391378,-0.0004091945884283632,-0.001140862729776034,0.000506071315612644,-0.0027929065355829603
2025-03-03 12:00:00+00:00,-0.0030932592,-0.00038716522976756096,-0.0011197400252810378,0.0005026822327636182,-0.0033624574941942017
2025-03-03 13:00:00+00:00,0.0012669862,-0.00036556608392857015,-0.0013568828873240283,0.0005078748217783868,0.0013064559133590193
2025-03-03 14:00:00+00:00,0.0030360115,-0.00033223474747501314,-4.1008550700786606e-05,0.000511769438162446,0.002885309447073618
2025-03-03 15:00:00+00:00,-0.0014322763,-0.0003049365768674761,-0.0009473598546568761,0.0005238188314251602,-0.0016414938006973233
2025-03-03 16:00:00+00:00,0.005468958,-0.00027548681828193367,0.0007717603249103819,0.0005343173397704959,0.005387157294244045
2025-03-03 17:00:00+00:00,-0.015399882,-0.00024970757658593357,-0.002976302636779444,0.0005408970173448324,-0.016005052154118668
2025-03-03 18:00:00+00:00,-0.0016557785,-0.0002184310433221981,-0.0018311210247138282,0.0005532495561055839,-0.0017277160991408331
2025-03-04 09:00:00+00:00,0.0185597,-0.00020186448819004,0.0016375871290615197,0.000559719861485064,0.018755598294148343
2025-03-04 10:00:00+00:00,0.008854367,-0.00019420850730966777,0.0017664933524591609,0.0005683217314071953,0.009011963524879235
2025-03-04 11:00:00+00:00,0.0026515813,-0.0001897058100439608,0.0021151753603698233,0.0005727887037210166,0.0023789228256194807
2025-03-04 12:00:00+00:00,-0.0026340561,-0.00017560619744472206,0.0005935226456243994,0.0005899984971620142,-0.0030563206162153977
2025-03-04 13:00:00+00:00,-0.0023335596,-0.00016198055527638644,-0.0006356126232567473,0.0006111582624725997,-0.0026976406401429272
2025-03-04 14:00:00+00:00,0.0011411418,-0.00015526849892921746,-0.00029020675466814855,0.0006300095119513571,0.0008178829927291009
2025-03-04 15:00:00+00:00,-0.0025562095,-0.00015468485071323812,-0.0006276522162936295,0.0006508685764856637,-0.0029449932577106895
2025-03-04 16:00:00+00:00,0.003485716,-0.00015431508654728532,0.00015606806980613042,0.0006579273613169789,0.0032955290876969696
2025-03-04 17:00:00+00:00,-0.0010962076,-0.00015148746024351567,-0.0007871479815739856,0.0006648210110142827,-0.0015000432081799038
2025-03-04 18:00:00+00:00,0.0040106536,-0.00016237479576375335,0.0015231700847209565,0.0006810129270888865,0.003939112706437565
2025-03-05 09:00:00+00:00,0.00040192925,-0.0001789756352081895,0.0007431214945719871,0.000695018854457885,0.00032834877606103597
2025-03-05 10:00:00+00:00,-0.0019850037,-0.00021614693105220795,0.00041226011272110286,0.0007336389389820397,-0.002327984413080542
2025-03-05 11:00:00+00:00,0.009374361,-0.000243261456489563,0.0020284329026169163,0.000737889320589602,0.009775253385517548
2025-03-05 12:00:00+00:00,0.0011699708,-0.0002722966019064188,0.0006890678113362028,0.0007548454450443387,0.0009491862377521777
2025-03-05 13:00:00+00:00,-0.0027320643,-0.00030259607592597604,-0.0010337143041152124,0.000776587228756398,-0.003264095993056272
2025-03-05 14:00:00+00:00,-0.00093842874,-0.00033668792457319796,-0.0008399823352353426,0.0007881482597440481,-0.0012754793370695202
2025-03-05 15:00:00+00:00,-0.0018098293,-0.000367873755749315,-0.0010372848177499258,0.0008149680215865374,-0.00238247054633469
2025-03-05 16:00:00+00:00,0.0029045772,-0.00039140222361311316,-0.00044153553988239373,0.0008363862289115787,0.0027942256172294472
2025-03-05 17:00:00+00:00,-0.007828545,-0.00041060615330934525,-0.002307309711360076,0.000864281493704766,-0.00836420744480302
2025-03-05 18:00:00+00:00,0.002141937,-0.00042755043250508606,-0.002259393657116865,0.000902780273463577,0.0019456683290786803
2025-03-06 09:00:00+00:00,-0.010702896,-0.000445343554019928,-0.0016956598947044461,0.0009211103315465152,-0.011133020309260139
2025-03-06 10:00:00+00:00,-0.0013603161,-0.0004662401624955237,-0.002359670643548971,0.0009548835223540664,-0.0016595740137384674
2025-03-06 11:00:00+00:00,-0.0036838977,-0.0004795020504388958,-0.002162149454760614,0.0009831143543124199,-0.003946794992998837
2025-03-06 12:00:00+00:00,-0.0022204272,-0.0004903936642222106,-0.0030904683870309436,0.0010169092565774918,-0.002411557172110697
2025-03-06 13:00:00+00:00,-0.0033309911,-0.0005066142766736448,-0.0027933021565237485,0.001055235741659999,-0.0034259723616982783
2025-03-06 14:00:00+00:00,-0.0007585933,-0.0005214002449065447,-0.0023540630737551465,0.0010805140482261777,-0.0008091282175738373
2025-03-06 15:00:00+00:00,0.004462961,-0.0005321939243003726,-0.0012178777491980183,0.001116465195082128,0.004520852874882928
2025-03-06 16:00:00+00:00,0.0048235594,-0.0005416955682449043,-0.0001061598424778368,0.0011405986733734608,0.0048109879391121275
2025-03-06 17:00:00+00:00,0.0024030828,-0.0005423658294603229,-0.00047372965840805983,0.0011677209986373782,0.002319413147867892
2025-03-06 18:00:00+00:00,-0.004519392,-0.0005456391954794526,-0.001392407330064115,0.0012018029810860753,-0.004901388131956646
2025-03-07 09:00:00+00:00,0.005974335,-0.00054183165775612,-0.0006322448756536467,0.0012338816886767745,0.005902992552422771
2025-03-07 10:00:00+00:00,0.0031934434,-0.0005354869063012302,-0.0003868160242909847,0.0012651357101276517,0.0029060091842007156
2025-03-07 11:00:00+00:00,0.0029030652,-0.0005270470282994211,0.0009382579665084369,0.001301488489843905,0.0025381066505158747
2025-03-07 12:00:00+00:00,-0.00417746,-0.0005150437937118113,0.0002182773210582386,0.0013487022370100021,-0.004692349243049875
2025-03-07 13:00:00+00:00,0.0019417056,-0.0005075460649095476,-2.3550222264269737e-05,0.0013913133880123496,0.0014643232283217357
2025-03-07 14:00:00+00:00,3.510928e-05,-0.0004898706683889031,-7.3697976075611784e-06,0.0014339800691232085,-0.00024065255054185708
2025-03-07 15:00:00+00:00,-0.001748183,-0.00047830765834078193,-0.00043509729750599636,0.001476501813158393,-0.0019688682188874302
2025-03-07 16:00:00+00:00,0.0024764226,-0.00045841094106435776,0.0008061779877407317,0.0015305666020140052,0.0022896802279793287
2025-03-07 17:00:00+00:00,-0.014381746,-0.000442768243374303,-0.0026145014367026436,0.0015927978092804551,-0.015026935540546384
2025-03-07 18:00:00+00:00,-0.0041371374,-0.0004363296029623598,-0.003087711762470635,0.0016397712752223015,-0.004584844342517217
2025-03-10 09:00:00+00:00,0.01777309,-0.00043815906974487007,0.0018065405179063308,0.001694774953648448,0.01795033001309051
2025-03-10 10:00:00+00:00,-0.0059599704,-0.00044770073145627975,-0.0010164718009179948,0.0017556373495608568,-0.006267017126641235
2025-03-10 11:00:00+00:00,-0.00061827624,-0.0004555627820082009,-0.0013616371992404182,0.0017993368674069643,-0.0008816485228231438
2025-03-10 12:00:00+00:00,0.0024443741,-0.00046121078776195645,-0.0008779968715288968,0.001849525491707027,0.002288523918643311
2025-03-10 13:00:00+00:00,0.0015676055,-0.0004670828639063984,-0.0005344380913065021,0.0018911040388047695,0.0013840538451131308
2025-03-10 14:00:00+00:00,0.0017232895,-0.0004744143516290933,0.00037784472866972944,0.0019305242458358407,0.0016113534762521064
2025-03-10 15:00:00+00:00,-0.0011954363,-0.000478130008559674,-0.000627803660840036,0.001967033836990595,-0.0014306831392368361
2025-03-10 16:00:00+00:00,-0.0003694679,-0.0004769614024553448,-0.001409715182850183,0.001995508559048176,-0.0006165690550946965
2025-03-10 17:00:00+00:00,0.0048887837,-0.0004830860416404903,0.0008978526624717186,0.0020157794933766127,0.004784056904550248
2025-03-10 18:00:00+00:00,-0.0011651694,-0.0005021517863497138,-5.4875614840470494e-05,0.002045875880867243,-0.0015445149962993179
2025-03-11 09:00:00+00:00,-0.0034684907,-0.000516926811542362,-0.001195734731763005,0.0020701182074844837,-0.003723657571801264
2025-03-11 10:00:00+00:00,0.0035123187,-0.0005292248679324985,1.8059328371247536e-05,0.002090164227411151,0.003448523369041802
2025-03-11 11:00:00+00:00,0.0011125859,-0.0005389463040046394,0.0011689032328735592,0.002111736685037613,0.0009735856117316562
2025-03-11 12:00:00+00:00,-0.00026270392,-0.0005478006787598133,0.0001328287814393999,0.00213970011100173,-0.0003574056881002822
2025-03-11 13:00:00+00:00,0.00037652085,-0.0005537145771086216,-0.0002850362253642408,0.002162548480555415,0.00026279518560442936
2025-03-11 14:00:00+00:00,-0.0051082317,-0.0005569701897911727,-0.002141519100585651,0.002181654330343008,-0.005394473884248575
2025-03-11 15:00:00+00:00,0.0027153513,-0.0005621825694106519,-0.0011900167593206017,0.0022076584864407778,0.0025729624181103404
2025-03-11 16:00:00+00:00,0.0011840081,-0.0005617014248855412,-0.0012053769012293053,0.002229089615866542,0.001154163944845353
2025-03-11 17:00:00+00:00,0.021007208,-0.0005546985194087029,0.0023723539111024095,0.0022582716774195433,0.021923878497785713
2025-03-11 18:00:00+00:00,-0.00021459872,-0.0005572041845880449,0.0011534300486901199,0.0022960156202316284,-0.00040264896172937986
2025-03-12 09:00:00+00:00,-0.0046811085,-0.000553864287212491,-0.0005500522645423474,0.0023351863492280245,-0.0052358866763018
2025-03-12 10:00:00+00:00,-0.0053185862,-0.0005545486346818507,-0.0006489926734966714,0.002366075525060296,-0.005802646225642123
2025-03-12 11:00:00+00:00,-0.0011365658,-0.0005574568058364093,-0.0010296602416420963,0.0023887353017926216,-0.001282279967075225
2025-03-12 12:00:00+00:00,0.0035874944,-0.0005624096957035363,-0.0005699256235282865,0.0024065112229436636,0.003641726799599683
2025-03-12 13:00:00+00:00,-0.0017661424,-0.0005797944613732398,-0.0008694757729366038,0.0024180947802960873,-0.001932361917582602
2025-03-12 14:00:00+00:00,0.0034687265,-0.0005956678069196641,-0.0005733439835856596,0.0024266019463539124,0.003431418452394036
2025-03-12 15:00:00+00:00,0.0021650912,-0.0006192967994138598,6.631707275902207e-05,0.00243717641569674,0.002119174730457724
2025-03-12 16:00:00+00:00,-0.0035044446,-0.000631625996902585,-0.0008196358522951328,0.0024406148586422205,-0.0038540177538034094
2025-03-12 17:00:00+00:00,-3.4587716e-05,-0.0006472569657489657,-0.0008394133887483131,0.002450082218274474,-4.065453117221486e-05
2025-03-12 18:00:00+00:00,0.0012875854,-0.0006528875092044473,-0.0006391507269163617,0.0024556878488510847,0.0013808215561797515
2025-03-13 09:00:00+00:00,-0.0109933205,-0.0006556249572895467,-0.0019781238668112587,0.002463752403855324,-0.011511951603407468
2025-03-13 10:00:00+00:00,-0.002334009,-0.0006676562479697168,-0.00192719644086252,0.0024594415444880724,-0.0024640540007663807
2025-03-13 11:00:00+00:00,-0.004420672,-0.000677379546687007,-0.002009166192066098,0.0024548103101551533,-0.004566607248861863
2025-03-13 12:00:00+00:00,0.0068769134,-0.0006872193771414459,-0.0006427698253494953,0.0024506712798029184,0.007163422103104088
2025-03-13 13:00:00+00:00,-0.003507011,-0.000685372157022357,-0.0012381196316853485,0.0024501599837094545,-0.0037988444832666576
2025-03-13 14:00:00+00:00,-0.0068482277,-0.0006872097146697342,-0.0017968894425354509,0.00244308402761817,-0.007003141147049582
2025-03-13 15:00:00+00:00,-0.0037117926,-0.000676385301630944,-0.0017465171752647757,0.0024300089571624994,-0.003569897130996723
2025-03-13 16:00:00+00:00,0.0040910332,-0.0006586119416169822,-0.0013988815865045145,0.002414383925497532,0.004206333625222349
2025-03-13 17:00:00+00:00,-0.00029103225,-0.0006385526503436267,-0.0016952602424048318,0.0024054411333054304,-0.00014868639690481588
2025-03-13 18:00:00+00:00,0.0013574264,-0.0005992832593619823,-0.0008752385018296874,0.0023982971906661987,0.0014231605960193594
2025-03-14 09:00:00+00:00,0.012230346,-0.0005785912508144975,0.0004552716546844711,0.0023870242293924093,0.012661278137501748
2025-03-14 10:00:00+00:00,-0.0012886375,-0.0005497321835719049,-0.0006751979294441483,0.0023730925749987364,-0.0013883149313323635
2025-03-14 11:00:00+00:00,-0.006354222,-0.0005116933025419712,-0.0012243201588395904,0.002355580683797598,-0.006828153653087351
2025-03-14 12:00:00+00:00,0.004583994,-0.0004723498714156449,-0.00022748913046494537,0.002343761967495084,0.004593823844512048
2025-03-14 13:00:00+00:00,0.002736862,-0.0004233776999171823,0.0004457727222397945,0.0023389363195747137,0.0026995936101528663
2025-03-14 14:00:00+00:00,0.0008613452,-0.0003755051002372056,0.0001209962303352107,0.002339128404855728,0.0007586821721716745
2025-03-14 15:00:00+00:00,0.0024668209,-0.0003395510429982096,0.0005432705457239257,0.002335683908313513,0.0023821569880502495
2025-03-14 16:00:00+00:00,0.009385848,-0.00031683218549005687,0.0027184924906604544,0.0023324580397456884,0.009782016820052489
2025-03-14 17:00:00+00:00,0.0090260655,-0.00030182665796019137,0.002284360765954803,0.0023268088698387146,0.009315519800586052
2025-03-14 18:00:00+00:00,0.0018209827,-0.00028178057982586324,0.0015829871070810768,0.0023204549215734005,0.0016514861220515637
2025-03-17 09:00:00+00:00,0.018038088,-0.00026352793793193996,0.0010636133626310005,0.0023194472305476665,0.019298892214943065
2025-03-17 10:00:00+00:00,-0.0009355866,-0.00025635678321123123,0.0020140074479610345,0.0023153615184128284,-0.0012849005364229471
2025-03-17 11:00:00+00:00,0.0020120982,-0.00025998541968874633,0.002031765899563724,0.0022972458973526955,0.0017095830544829234
2025-03-17 12:00:00+00:00,-0.0019703123,-0.00025937071768566966,0.0010602912752096375,0.002278516534715891,-0.0025118654104926363
2025-03-17 13:00:00+00:00,-0.0011539331,-0.0002574065583758056,0.0005635423495129589,0.002259716624394059,-0.001492323445027815
2025-03-17 14:00:00+00:00,-0.0054784087,-0.0002526166499592364,-0.00015340558564982498,0.002244266914203763,-0.00629023206208558
2025-03-17 15:00:00+00:00,0.0039796536,-0.00024309269792865962,0.0006913450349510411,0.0022208665031939745,0.004012266962306719
2025-03-17 16:00:00+00:00,0.0014903881,-0.00023032649187371135,0.0009456743298649651,0.002195918932557106,0.001468467179622781
2025-03-17 17:00:00+00:00,-0.0006109579,-0.00020866097474936396,-0.00011969878976667107,0.00217328779399395,-0.0008306891185818231
2025-03-17 18:00:00+00:00,0.0150641175,-0.00019000342581421137,0.0015528794326706713,0.0021531241945922375,0.016449475643533586
2025-03-18 09:00:00+00:00,0.0056002745,-0.00015448308840859681,0.0014746158729265798,0.002132310764864087,0.006128217263181507
2025-03-18 10:00:00+00:00,-0.0026523145,-0.00012554010027088225,0.0017243250244650592,0.0021054248791188,-0.003138008801326447
2025-03-18 11:00:00+00:00,-0.0021153926,-0.00010289227066095918,0.000987795225083495,0.002078746911138296,-0.0025081517859681644
2025-03-18 12:00:00+00:00,0.0008401078,-8.35240789456293e-05,0.0002761891588824808,0.0020413047168403864,0.0007627690696946462
2025-03-18 13:00:00+00:00,0.0014068345,-7.264826126629487e-05,8.065209532640377e-05,0.0020047451835125685,0.0014193386994932225
2025-03-18 14:00:00+00:00,0.00037810914,-6.918096914887428e-05,0.0005005019695214695,0.0019720972049981356,0.00014591924540437786
2025-03-18 15:00:00+00:00,-0.00014793871,-8.842418901622295e-05,0.0013807548690275924,0.0019295781385153532,-0.00041358817937013165
2025-03-18 16:00:00+00:00,0.0018640712,-0.000108248510514386,0.0016109341717371278,0.0018843282014131546,0.001956836238999209
2025-03-18 17:00:00+00:00,0.0028018795,-0.00012642239744309336,0.0020699426427277226,0.001839510048739612,0.003034120886311509
2025-03-18 18:00:00+00:00,0.029638546,-0.00014301048940978944,0.0011035020301270874,0.0017888240981847048,0.03342295400310623
2025-03-19 09:00:00+00:00,-0.013102806,-0.00016178606892935932,-0.0006189205378026772,0.001749498420394957,-0.014972257084976261
2025-03-19 10:00:00+00:00,-0.004306354,-0.00018230629211757332,-0.0008748776906164668,0.0016944825183600187,-0.0053323632850812265
2025-03-19 11:00:00+00:00,0.003009948,-0.0001744984183460474,-0.0004664151390589889,0.001641899929381907,0.003102234832070866
2025-03-19 12:00:00+00:00,-0.0011528772,-0.00016504594532307237,-0.0007519586989479798,0.0015852574724704027,-0.0015171004626664587
2025-03-19 13:00:00+00:00,-0.002406779,-0.00016368034994229674,-0.0009446650765611757,0.0015293356264010072,-0.0029287970239525694
2025-03-19 14:00:00+00:00,0.0052502872,-0.00014997496327850968,-0.0005888374421573511,0.0014743993524461985,0.00568101224678355
2025-03-19 15:00:00+00:00,0.005054811,-0.00012153507123002782,-0.00034538727627086486,0.0014253045665100217,0.005505673865176717
2025-03-19 16:00:00+00:00,-0.00012806045,-9.957692236639559e-05,-0.00030952866682304404,0.0013790962984785438,-0.00043084286294896355
2025-03-19 17:00:00+00:00,-0.016862337,-8.312366117024794e-05,-0.001736235795973116,0.0013273336226120591,-0.019226874402192243
2025-03-19 18:00:00+00:00,-0.0002849548,-6.613966979784891e-05,-0.0013335743189133188,0.0012741133105009794,3.3449316133938666e-05
2025-03-20 09:00:00+00:00,0.003243681,-7.17680886737071e-05,-0.0006404195096235142,0.0012332502519711852,0.0037793038048015955
2025-03-20 10:00:00+00:00,-0.00502853,-8.383041858905926e-05,-0.001709676220478475,0.00119497231207788,-0.005474797504470079
2025-03-20 11:00:00+00:00,-0.00039978625,-0.00011043385893572122,-0.0020816893582146067,0.0011619753204286098,-0.0003748158139973663
2025-03-20 12:00:00+00:00,0.0010195469,-0.00013783761824015528,-0.0018275840490207505,0.0011308955727145076,0.0013053319153191985
2025-03-20 13:00:00+00:00,-0.0025467323,-0.00015356294170487672,-0.0019210145994333523,0.0011022865073755383,-0.0027353492310597514
2025-03-20 14:00:00+00:00,-0.0021681956,-0.00016485755622852594,-0.0018365344521115744,0.0010786585044115782,-0.0023098570658193368
2025-03-20 15:00:00+00:00,-0.0042271563,-0.00016239756951108575,-0.001576748601657137,0.0010632227640599012,-0.004392531647704928
2025-03-20 16:00:00+00:00,0.0067222184,-0.00015660708595532924,-0.0009417040705075137,0.0010484661906957626,0.0076551779748295
2025-03-20 17:00:00+00:00,-0.015056322,-0.00014210696099326015,-0.0025679027525967674,0.0010345071787014604,-0.016644292674746763
2025-03-20 18:00:00+00:00,-0.0021172815,-0.00012078259169356897,-0.0026540127151078816,0.0010198287200182676,-0.002253896939980787
2025-03-21 09:00:00+00:00,-0.00044894125,-9.198943735100329e-05,-0.0017699373079647328,0.0010108539136126637,-0.00023986377269097527
2025-03-21 10:00:00+00:00,0.0020601435,-5.993098966428079e-05,-0.0024163460816294313,0.0010089462157338858,0.0023207350142255556
2025-03-21 11:00:00+00:00,0.0016168957,-2.6593479560688138e-05,-0.00181509178817722,0.001005849102512002,0.0018186841158522218
2025-03-21 12:00:00+00:00,0.00070398336,9.441519068786874e-06,-0.0018069827884448651,0.0010059094056487083,0.0008000028309069488
2025-03-21 13:00:00+00:00,-0.0054959334,3.556444062269293e-05,-0.002597605659550293,0.0010051217395812273,-0.00602533091569467
2025-03-21 14:00:00+00:00,-0.0006995337,5.833061732118949e-05,-0.0025380123150634207,0.001009893137961626,-0.0008481293506660605
2025-03-21 15:00:00+00:00,-0.0025440955,6.897561979712918e-05,-0.0020839668968272553,0.0010169597808271646,-0.002803008655287567
2025-03-21 16:00:00+00:00,-0.0028353154,6.84470942360349e-05,-0.002328576732367786,0.0010259042028337717,-0.002994185955344392
2025-03-21 17:00:00+00:00,-0.004019996,5.9879443142563105e-05,-0.0026216366870094304,0.001039069495163858,-0.004472163406853808
2025-03-21 18:00:00+00:00,-0.0010601422,4.1977011278504506e-05,-0.00201532881605978,0.0010516109177842736,-0.0011897977820446125
2025-03-24 09:00:00+00:00,0.0024551237,2.394181865383871e-05,-0.001215072591447435,0.0010653872741386294,0.0027664332026619757
2025-03-24 10:00:00+00:00,-0.003870397,7.641810043423902e-06,-0.002391083608023233,0.001078544300980866,-0.004180652967859998
2025-03-24 11:00:00+00:00,-0.00087712647,-1.036942376231309e-05,-0.0023899094172856157,0.0010826352518051863,-0.0009083497653918205
2025-03-24 12:00:00+00:00,0.0006916446,-2.503229188732803e-05,-0.0011294261622289382,0.0010807848302647471,0.0006693579724798376
2025-03-24 13:00:00+00:00,-0.0025834572,-3.981742702308111e-05,-0.0025064594681875442,0.0010840639006346464,-0.002676408309808435
2025-03-24 14:00:00+00:00,-0.00022827287,-4.7363930207211524e-05,-0.0021824670576853908,0.001079751062206924,-0.00018104760077640748
2025-03-24 15:00:00+00:00,0.000777605,-5.067190795671195e-05,-0.0017409528288720984,0.0010682534193620086,0.0005569920315968083
2025-03-24 16:00:00+00:00,-0.002097536,-5.5654025345575064e-05,-0.002124706723422439,0.0010482314974069595,-0.0023068306715420114
2025-03-24 17:00:00+00:00,0.010645028,-6.469566869782284e-05,0.00031046582943749596,0.001022324082441628,0.011227596020927462
2025-03-24 18:00:00+00:00,0.00011727159,-8.200962474802509e-05,-4.081739607434152e-05,0.0010018876055255532,-6.699859123170956e-05
2025-03-25 09:00:00+00:00,0.0032947306,-0.00010667364404071122,0.0008057168317876314,0.0009834235534071922,0.003602292720191839
2025-03-25 10:00:00+00:00,-0.0023570526,-0.00013556027261074632,-0.0006579387678336325,0.0009751501493155956,-0.0027701005001943843
2025-03-25 11:00:00+00:00,0.00080302474,-0.0001686144678387791,-0.00029579077557446987,0.0009532544645480812,0.0007525013221931367
2025-03-25 12:00:00+00:00,-0.010540659,-0.00018527304928284138,-0.0026667086328388675,0.0009324572165496647,-0.011513051224650815
2025-03-25 13:00:00+00:00,0.0014101695,-0.00020042278629262,-0.0015394864040648077,0.0009139232570305467,0.001321768391625117
2025-03-25 14:00:00+00:00,0.00046399212,-0.0002176571433665231,-0.0008095934981678552,0.0008972459472715855,0.0003531489874073578
2025-03-25 15:00:00+00:00,-0.0007762534,-0.000234642400755547,-0.000940294784856098,0.0008832087623886764,-0.0009481112845495365
2025-03-25 16:00:00+00:00,-0.0026370075,-0.0002493725041858852,-0.0018819104353281933,0.0008661339525133371,-0.0029945158532274038
2025-03-25 17:00:00+00:00,-0.00093137467,-0.00025729413027875125,-0.0011653087309280552,0.0008537709363736212,-0.0009761430380299681
2025-03-25 18:00:00+00:00,0.003044915,-0.0002578067360445857,6.179466441319274e-05,0.0008451995672658086,0.0033094889625049258
2025-03-26 09:00:00+00:00,0.010852142,-0.00026196346152573824,0.0010248744306623095,0.0008381868246942759,0.0118751477462739
2025-03-26 10:00:00+00:00,-0.0054281494,-0.000260151136899367,-0.0007397600593500109,0.0008345882524736226,-0.0058877050191941515
2025-03-26 11:00:00+00:00,-0.00096641504,-0.0002558692649472505,-0.0007208462801858058,0.0008269145619124174,-0.001117056076908926
2025-03-26 12:00:00+00:00,0.0027539206,-0.00025152115267701447,-0.0005173633360420859,0.0008235083660110831,0.0029085737618467057
2025-03-26 13:00:00+00:00,-0.0035529686,-0.00025041247135959566,-0.0007136292288556668,0.0008192202658392489,-0.0039827823086574675
2025-03-26 14:00:00+00:00,-0.0025949967,-0.00025227185687981546,-0.0011999867549467194,0.0008120940765365958,-0.0028121198129617163
2025-03-26 15:00:00+00:00,-0.00084398163,-0.0002544814778957516,-0.0009713166219917878,0.0008066552109085023,-0.0008551332495353611
2025-03-26 16:00:00+00:00,-0.0019946254,-0.0002502563293091953,-0.0011896983661904804,0.0008007411961443722,-0.0021708018305925
2025-03-26 17:00:00+00:00,-0.003016389,-0.00025080671184696257,-0.0013661777060931222,0.000790969526860863,-0.003086888225567369
2025-03-26 18:00:00+00:00,-0.0011802217,-0.000253425445407629,-0.0010772809296265176,0.0007763648754917085,-0.0013351551120396486
2025-03-27 09:00:00+00:00,-0.008694928,-0.0002571955556049943,-0.0018634666556742196,0.0007680082344450057,-0.00910420000215763
2025-03-27 10:00:00+00:00,-0.00077159837,-0.0002622469328343868,-0.002654753337669581,0.0007598845986649394,-0.0007781608880285282
2025-03-27 11:00:00+00:00,-0.004090829,-0.00026852573500946164,-0.0030168956896517935,0.0007520497310906649,-0.004123888486324295
2025-03-27 12:00:00+00:00,0.0017982444,-0.000267547758994624,-0.002298769440625309,0.000745747413020581,0.00200807315339811
2025-03-27 13:00:00+00:00,0.0012972009,-0.0002658746379893273,-0.0013439219585387422,0.0007424944778904319,0.0014693250013896155
2025-03-27 14:00:00+00:00,-0.00010302728,-0.0002685268991626799,-0.0018921037729166994,0.0007392527186311781,-4.5555077924935574e-05
2025-03-27 15:00:00+00:00,-0.009394195,-0.0002599988947622478,-0.0025014481759984388,0.0007397366571240127,-0.009756253538041453
2025-03-27 16:00:00+00:00,0.0010135355,-0.0002496671804692596,-0.0020324405193424587,0.0007367775542661548,0.0010904896436977176
2025-03-27 17:00:00+00:00,0.0030689854,-0.00023571621568407863,-0.0016528411427755346,0.0007317056879401207,0.003320703123455099
2025-03-27 18:00:00+00:00,0.00030206656,-0.00022545139654539526,-0.0010229453035576267,0.0007236438686959445,0.0003086611868622194
2025-03-28 09:00:00+00:00,-0.00986853,-0.0002132250665454194,-0.0016504474956345406,0.000719801289960742,-0.01040264335871645
2025-03-28 10:00:00+00:00,0.0075013377,-0.00020269403466954827,-0.00134114487585538,0.000716901442501694,0.007817831905519863
2025-03-28 11:00:00+00:00,-0.006073139,-0.00019175538909621537,-0.001897926514949402,0.000710632128175348,-0.006408803105877231
2025-03-28 12:00:00+00:00,-0.005628803,-0.00018018779519479722,-0.0020721453244954306,0.000710248714312911,-0.0058972084868783746
2025-03-28 13:00:00+00:00,-0.0012697636,-0.00016850743850227445,-0.002311121937119464,0.0007059891941025853,-0.0011468499328372182
2025-03-28 14:00:00+00:00,-0.009623629,-0.00016449380200356245,-0.0025375416785488637,0.0007025442318990827,-0.009911931817569457
2025-03-28 15:00:00+00:00,0.0021034405,-0.00016790236986707896,-0.0019034306159803043,0.0007015570881776512,0.0021907854905337367
2025-03-28 16:00:00+00:00,0.00017655834,-0.00017062424740288407,-0.0017637926261134913,0.0007036420865915716,0.00028490624401210113
2025-03-28 17:00:00+00:00,0.0031023354,-0.00016664904251229018,-0.0014106589661586069,0.0007118647918105125,0.0032653548556248304
2025-03-28 18:00:00+00:00,0.0023116723,-0.00016812996182125062,-0.0008637514073892136,0.0007121057715266943,0.0024800999131430026
2025-03-31 09:00:00+00:00,-0.005078633,-0.0001698708365438506,-0.0007398588298109389,0.0007147188880480826,-0.005272458645144601
2025-03-31 10:00:00+00:00,-0.008863342,-0.00016240291006397456,-0.00234379144378072,0.0007168698939494789,-0.009016701774036922
2025-03-31 11:00:00+00:00,-0.0017821345,-0.0001523548417026177,-0.001229039860099612,0.0007183291600085795,-0.0018457362131839737
2025-03-31 12:00:00+00:00,0.0070741386,-0.0001418998435838148,0.0004664750860396043,0.0007180162356235087,0.007306911712554248
2025-03-31 13:00:00+00:00,0.0030417468,-0.0001314477267442271,-0.00022548583390287838,0.0007199260871857405,0.003064100681239618
2025-03-31 14:00:00+00:00,0.0009266001,-0.00011672847904264927,-0.00023441033201479868,0.0007214330835267901,0.0009699446914482715
2025-03-31 15:00:00+00:00,-0.003171647,-0.00010526910045882687,-0.0008366756602594854,0.0007243049913085997,-0.0032662663558901293
2025-03-31 16:00:00+00:00,0.0018653341,-9.062435128726065e-05,-0.000175467067020213,0.0007220340776257217,0.0018203924127960626
2025-03-31 17:00:00+00:00,-0.019207867,-7.711828220635653e-05,-0.002121727841002792,0.0007215424557216465,-0.01963906804428452
2025-03-31 18:00:00+00:00,-0.00033318475,-5.815863187308423e-05,-0.0015576442976121749,0.0007162079564295709,-0.00013671445097420104
2025-04-01 09:00:00+00:00,0.0068037244,-4.678561890614219e-05,0.00013782394342682424,0.0007121880771592259,0.007090882564362838
2025-04-01 10:00:00+00:00,-0.0011994058,-3.336828012834303e-05,4.45710568774549e-06,0.0007098546484485269,-0.0010527146808562314
2025-04-01 11:00:00+00:00,-0.00038518905,-1.791270733519923e-05,0.00037670648584715876,0.0007097093621268868,-0.0003134318932608457
2025-04-01 12:00:00+00:00,0.0025323606,-7.761178494547494e-06,0.00040878832023573977,0.0007095162873156369,0.002595771438048994
2025-04-01 13:00:00+00:00,-0.0062575284,6.134389423095854e-06,-0.0008366656356382028,0.000709090381860733,-0.006228353305328132
2025-04-01 14:00:00+00:00,-0.010386769,1.8916687622549944e-05,-0.0014492628007420488,0.0007056228932924569,-0.010459000000139345
2025-04-01 15:00:00+00:00,-0.0025384766,2.8278054742258973e-05,-0.0012722679398738913,0.0007007393287494779,-0.002503716218098878
2025-04-01 16:00:00+00:00,-0.0038975729,3.529569221427664e-05,-0.0014331788306940999,0.0006943787448108196,-0.0038032506626367755
2025-04-01 17:00:00+00:00,0.0069084587,4.6255332563305274e-05,-0.0002210676312041369,0.0006853430531919003,0.006913341752572061
2025-04-01 18:00:00+00:00,-0.0006087229,6.40685175312683e-05,0.00016529113734350853,0.0006824548472650349,-0.0005301997938466249
