Datetime,y_true,LSTM_att,CatBoost,Hybrid,SARIMAX
2023-11-10 13:00:00+00:00,-0.0009660746,,-0.0008192466067885963,,-0.0009773764951044482
2023-11-10 14:00:00+00:00,-0.00019874789,,-0.000189930582971561,,-0.00020377305082029502
2023-11-10 15:00:00+00:00,0.0006954449,,0.0007588008717473356,,0.0006531944159515463
2023-11-10 16:00:00+00:00,-0.0013823325,,-0.000527153551966027,,-0.001284776235866516
2023-11-10 17:00:00+00:00,0.00025311878,,-9.856689372950565e-05,,0.00022743287496020668
2023-11-10 18:00:00+00:00,0.0009937754,,0.0008800987124767332,,0.0009288671534413891
2023-11-13 10:00:00+00:00,0.0007311492,,0.0007309823729486718,,0.000682768388230557
2023-11-13 11:00:00+00:00,0.0018660674,,0.002162800531254688,,0.0018271816467269433
2023-11-13 12:00:00+00:00,0.00062124943,,0.0006481981021494406,,0.0006101511271868019
2023-11-13 13:00:00+00:00,-0.0003600976,,-0.0005067572530159792,,-0.0003019543376095348
2023-11-13 14:00:00+00:00,0.0029579569,,0.0027481608921472653,,0.0028837428515545247
2023-11-13 15:00:00+00:00,-0.0016532197,,-0.0009676460249428095,,-0.0015717972405435404
2023-11-13 16:00:00+00:00,0.0013748795,,0.0010768966483698855,,0.0013142712107050108
2023-11-13 17:00:00+00:00,0.0009962798,,0.0015970746838571924,,0.0010111662333535272
2023-11-13 18:00:00+00:00,0.0024460952,,0.002520184518330684,,0.0024371802128249644
2023-11-14 10:00:00+00:00,-0.0074284337,,-0.006260105979871862,,-0.007322912164830861
2023-11-14 11:00:00+00:00,0.00104529,,-0.0005985959485790395,,0.0009824563482734186
2023-11-14 12:00:00+00:00,-0.0011354524,,-0.0008280096306450304,,-0.0011348719047455868
2023-11-14 13:00:00+00:00,0.001495644,,0.0008676824404255931,,0.0014399285599140561
2023-11-14 14:00:00+00:00,-0.00066645653,,-0.0006692260663615192,,-0.0006125485027731701
2023-11-14 15:00:00+00:00,0.002078956,,0.0011806308933658724,,0.0019844921404927377
2023-11-14 16:00:00+00:00,0.0042613763,,0.0029236615558717446,,0.004210714847437535
2023-11-14 17:00:00+00:00,-0.0006178948,,0.0001283206413927862,,-0.0005232042676891284
2023-11-14 18:00:00+00:00,0.0005552272,,0.0005318340406318669,,0.0005417834428765278
2023-11-15 10:00:00+00:00,0.0002327455,,0.0005655217150308731,,0.00021295620721835878
2023-11-15 11:00:00+00:00,0.004269312,,0.003607052804710488,,0.004272627291283058
2023-11-15 12:00:00+00:00,0.0028835135,,0.002198611545101984,,0.0029038983285796832
2023-11-15 13:00:00+00:00,0.003008135,,0.002969966312351623,,0.003037348994934636
2023-11-15 14:00:00+00:00,0.0010007041,,0.0009845888964482986,,0.0009937984924382165
2023-11-15 15:00:00+00:00,-0.0018073095,,-0.0010839221533197247,,-0.0018839765985044755
2023-11-15 16:00:00+00:00,0.0034788186,,0.0032223237278085123,,0.003520915606812317
2023-11-15 17:00:00+00:00,0.0013775566,,0.0014485965226197967,,0.00145155450138578
2023-11-15 18:00:00+00:00,0.0008996852,,0.0008006405986271939,,0.0008709460409534667
2023-11-16 10:00:00+00:00,-0.00022925466,,0.00026029426240741134,,-0.00026575896430681897
2023-11-16 11:00:00+00:00,0.0035124049,,0.0018981221790859302,,0.0035425949849876353
2023-11-16 12:00:00+00:00,-0.0029481803,,-0.002401516421569028,,-0.0029544856749283903
2023-11-16 13:00:00+00:00,-0.0011375913,,-0.0011031144791669586,,-0.001118656341237393
2023-11-16 14:00:00+00:00,0.0005380921,,3.270924581813488e-05,,0.0005276514045151326
2023-11-16 15:00:00+00:00,-0.0013590195,,-0.001280747859846641,,-0.0013432766467687547
2023-11-16 16:00:00+00:00,0.002839483,,0.0013214903493179346,,0.0028993479867236807
2023-11-16 17:00:00+00:00,-0.003802504,,-0.003083929863771749,,-0.003852831221566416
2023-11-16 18:00:00+00:00,-0.0018491244,,-0.0020932897779609204,,-0.0018742661964280599
2023-11-17 10:00:00+00:00,-0.005096118,,-0.0034476196306679973,,-0.005240555944491499
2023-11-17 11:00:00+00:00,-0.0054712007,,-0.005396042967453875,,-0.005371110646818141
2023-11-17 12:00:00+00:00,0.0029401404,,0.001033285990649733,,0.003054216004277005
2023-11-17 13:00:00+00:00,3.569325e-05,,0.0004501224912204402,,9.383751857113158e-05
2023-11-17 14:00:00+00:00,0.0026466711,,0.0016162233417737943,,0.0026716622283498724
2023-11-17 15:00:00+00:00,0.0012096094,,0.0010497723758004784,,0.001180413348220246
2023-11-17 16:00:00+00:00,-0.0013431119,,-0.0007796084071452803,,-0.0013281610078743678
2023-11-17 17:00:00+00:00,-0.0019065783,,-0.0013473292630018932,,-0.0018997731628520383
2023-11-17 18:00:00+00:00,0.0006596953,,0.0004755749776364703,,0.0006273318840850611
2023-11-20 10:00:00+00:00,0.014746803,,0.01336696028035917,,0.014837854454210894
2023-11-20 11:00:00+00:00,0.004905535,,0.00489959877689782,,0.00492226039202878
2023-11-20 12:00:00+00:00,-0.0019330607,,-0.0006876618635764857,,-0.0020189104612368196
2023-11-20 13:00:00+00:00,-0.0004203447,,-0.0005414309400778301,,-0.0004537250930896393
2023-11-20 14:00:00+00:00,-0.000814921,,-0.0004840203410539279,,-0.0008622385370878162
2023-11-20 15:00:00+00:00,0.00021913006,,0.00012772172704342898,,0.00019885649548824166
2023-11-20 16:00:00+00:00,0.00084101345,,0.0008464235183179541,,0.0008544880232045324
2023-11-20 17:00:00+00:00,0.000551531,,0.0005636517894566039,,0.0005396568979600674
2023-11-20 18:00:00+00:00,-7.001882e-05,,-2.5239680342262324e-05,,-3.6064501445541115e-05
2023-11-21 10:00:00+00:00,0.006838647,0.0002805887197609991,0.005767685895855636,0.00054495147196576,0.006972688043634572
2023-11-21 11:00:00+00:00,-0.004041712,0.00025999898207373917,-0.0019417591289559786,0.0005453858757391572,-0.004203997630088267
2023-11-21 12:00:00+00:00,-0.0012226969,0.00024089045473374426,-0.0013329879583552058,0.0005508248577825725,-0.001180522182056288
2023-11-21 13:00:00+00:00,0.0009782771,0.00022477885067928582,0.0007543647950590162,0.0005393322790041566,0.0010075539091895628
2023-11-21 14:00:00+00:00,0.0022673176,0.00020716749713756144,0.001464938962235214,0.0005343230441212654,0.0022608095195546128
2023-11-21 15:00:00+00:00,-0.00052277104,0.00018475756223779172,-0.0005002522091420749,0.0005303671350702643,-0.0004984612241665695
2023-11-21 16:00:00+00:00,0.003028275,0.0001625988952582702,0.002761042292108372,0.0005268807872198522,0.0031007748671128496
2023-11-21 17:00:00+00:00,0.0016321574,0.00013580461381934583,0.0018127899800926253,0.0005146223120391369,0.0016227533703678228
2023-11-21 18:00:00+00:00,0.0013869748,0.0001091790254577063,0.001390261361443536,0.0004737229901365936,0.0014235523416462237
2023-11-22 10:00:00+00:00,0.0036316826,8.291620906675234e-05,0.0026087985981979494,0.00042636567377485335,0.0037073321009746304
2023-11-22 11:00:00+00:00,-0.0042035766,5.5417767725884914e-05,-0.0033036929075173386,0.00038506966666318476,-0.00440993097222791
2023-11-22 12:00:00+00:00,0.00035530597,2.8953900255146436e-05,-0.00024311099078314834,0.00034299958497285843,0.00040752920392817774
2023-11-22 13:00:00+00:00,0.00028588632,1.460040266465512e-06,1.5583755380011298e-05,0.0002922442217823118,0.000277919763427586
2023-11-22 14:00:00+00:00,-0.0011353641,-2.5681692932266742e-05,-0.0008307522978865389,0.0002454492496326566,-0.0011389057413201543
2023-11-22 15:00:00+00:00,-0.00023416665,-5.3986135753802955e-05,-0.0002517699038417804,0.00019838882144540548,-0.00025325208452250405
2023-11-22 16:00:00+00:00,-0.0009111697,-8.749764674576e-05,-0.0005301654376494891,0.00015800811524968594,-0.0008485290245656326
2023-11-22 17:00:00+00:00,-0.00059922104,-0.0001255441748071462,-0.0004900288000969492,0.00011502540291985497,-0.0006345949883067506
2023-11-22 18:00:00+00:00,0.00068603485,-0.00015935470582917333,-4.2742471195768105e-05,8.686727232998237e-05,0.0007302701932652006
2023-11-23 10:00:00+00:00,0.0034317838,-0.00018920832371804863,0.0022124262320662017,4.996224743081257e-05,0.003519788235607847
2023-11-23 11:00:00+00:00,0.00035463908,-0.00022168106806930155,0.000359015054348463,1.4480140634987038e-05,0.00029519052448155294
2023-11-23 12:00:00+00:00,-0.0018177731,-0.0002589019131846726,-0.0014373326032175269,-2.1542360627790913e-05,-0.0018628317451656305
2023-11-23 13:00:00+00:00,-0.0021162378,-0.00029530038591474295,-0.0019939987036783676,-6.297993968473747e-05,-0.0020891793566058412
2023-11-23 14:00:00+00:00,-0.00012155943,-0.00033832810004241765,-0.000707003966730111,-0.00011076394730480388,-0.00010157382351941532
2023-11-23 15:00:00+00:00,-0.0016511979,-0.0003843974263872951,-0.0013221705968884665,-0.00015360969700850546,-0.0016318430258543389
2023-11-23 16:00:00+00:00,-0.00061772706,-0.0004349793307483196,-0.0007007436480942854,-0.00020033847249578685,-0.0005504910477007427
2023-11-23 17:00:00+00:00,-0.0013498863,-0.0004843407077714801,-0.0013636700926042337,-0.00023498131486121565,-0.001398011461471921
2023-11-23 18:00:00+00:00,0.00130637,-0.0005244704661890864,0.0007710605634092183,-0.0002667324442882091,0.0012878546482656499
2023-11-24 10:00:00+00:00,-0.0047371746,-0.0005630578380078077,-0.0028862694528321332,-0.00030347754363901913,-0.004821553147107095
2023-11-24 11:00:00+00:00,0.005998379,-0.0006015495746396482,0.003958924637284944,-0.00033894061925821006,0.006203462803491789
2023-11-24 12:00:00+00:00,-0.0078101875,-0.0006367241148836911,-0.002893736295365405,-0.0003826639731414616,-0.007969373219390348
2023-11-24 13:00:00+00:00,0.00014891967,-0.0006653314922004938,-0.0013309743199544427,-0.0004152714100200683,0.0002668766960009226
2023-11-24 14:00:00+00:00,-0.002288802,-0.000687610125169158,-0.0020999881669792448,-0.00043037423165515065,-0.002313343838183212
2023-11-24 15:00:00+00:00,-0.0024084535,-0.0007147984579205513,-0.002445314937051194,-0.000460647395811975,-0.002411007939728059
2023-11-24 16:00:00+00:00,0.0021011273,-0.0007399864844046533,0.0011632766331885177,-0.0004819554160349071,0.002207464774084946
2023-11-24 17:00:00+00:00,0.003585443,-0.000764710595831275,0.002510746751705017,-0.0004880124470219016,0.0035483533393994744
2023-11-24 18:00:00+00:00,0.00033247008,-0.000787041150033474,0.0010475460216092945,-0.0005001767422072589,0.0003292327471982626
2023-11-27 10:00:00+00:00,-0.00058627164,-0.0008158677956089377,-0.0006238277158844345,-0.0005236510769464076,-0.0005487142740936561
2023-11-27 11:00:00+00:00,0.00097109895,-0.0008445465937256813,0.0006790850104010069,-0.0005591963999904692,0.0009477536025901781
2023-11-27 12:00:00+00:00,-0.0026267648,-0.0008624205947853625,-0.0017410205576321362,-0.0005762620712630451,-0.0027345268103237653
2023-11-27 13:00:00+00:00,-0.00071041106,-0.0008738536271266639,-0.0009690961298907772,-0.0005954212974756956,-0.0006790216168605532
2023-11-27 14:00:00+00:00,0.0012363163,-0.0008865655981935561,0.0004146427568756933,-0.0006204858073033392,0.0012522305768476259
2023-11-27 15:00:00+00:00,-0.0025093015,-0.0009082703036256135,-0.0009846238070754555,-0.0006510922685265541,-0.002500143942434299
2023-11-27 16:00:00+00:00,-0.0026829597,-0.0009285100386478007,-0.002966867025271303,-0.0006810636259615421,-0.0026591530225540594
2023-11-27 17:00:00+00:00,-0.0023722711,-0.0009418223053216934,-0.0018171519779357846,-0.0007004541694186628,-0.002372599035320443
2023-11-27 18:00:00+00:00,-0.000476897,-0.0009496435523033142,-0.00013004432837317645,-0.0007210979238152504,-0.0004582983270208355
2023-11-28 10:00:00+00:00,-0.0060160286,-0.000958623830229044,-0.004025279459908249,-0.0007390754180960357,-0.006020005735096454
2023-11-28 11:00:00+00:00,0.0018733663,-0.0009703976102173328,-2.0880508980841283e-05,-0.0007605969440191984,0.0018738256940345533
2023-11-28 12:00:00+00:00,0.0011170214,-0.0009799073450267315,0.0006354112669809833,-0.0007841769838705659,0.0011710352631005563
2023-11-28 13:00:00+00:00,-0.0011436323,-0.0009927083738148212,-0.0007716934918799166,-0.000815918087027967,-0.0011393761942784053
2023-11-28 14:00:00+00:00,0.0009221003,-0.0010041197529062629,0.0007109064218774472,-0.0008354787714779377,0.000951504080806423
2023-11-28 15:00:00+00:00,0.0015850881,-0.0010217453818768263,0.0009946919211832408,-0.0008656062418594956,0.0015891528976081117
2023-11-28 16:00:00+00:00,-0.0041584526,-0.0010363224428147078,-0.0023541876157512167,-0.0008875916246324778,-0.004205973079520902
2023-11-28 17:00:00+00:00,0.0032820944,-0.0010536322370171547,0.0009592397596258921,-0.0009078647708520293,0.003316529069854614
2023-11-28 18:00:00+00:00,-0.0005049185,-0.0010736581170931458,0.00023734521500098598,-0.0009351769112981856,-0.0005757297437377015
2023-11-29 10:00:00+00:00,-0.0005760956,-0.0010946437250822783,-0.0007206673238578094,-0.0009511291282251477,-0.0005899284636063161
2023-11-29 11:00:00+00:00,-0.001206444,-0.0011158869601786137,-0.0007664211850074065,-0.000976929091848433,-0.0011450356597683836
2023-11-29 12:00:00+00:00,-0.0011190353,-0.00112921092659235,-0.0008094762715653983,-0.0010043320944532752,-0.0011935281798648176
2023-11-29 13:00:00+00:00,0.0007106437,-0.0011421575909480453,0.0006900346601936583,-0.0010276430984959006,0.0007652126310594954
2023-11-29 14:00:00+00:00,0.0039526094,-0.0011539459228515625,0.002969260992347678,-0.001047963392920792,0.0039713126937999475
2023-11-29 15:00:00+00:00,0.0037520183,-0.0011678795563057065,0.003842340240361102,-0.0010694500524550676,0.0037246960967617323
2023-11-29 16:00:00+00:00,-0.001066789,-0.001183059997856617,-0.0007589070566785479,-0.0010907620890066028,-0.0010978881154896072
2023-11-29 17:00:00+00:00,-0.0008383599,-0.001189590897411108,-0.0009584521359114354,-0.0011044545099139214,-0.0007728008240265079
2023-11-29 18:00:00+00:00,-0.0041403165,-0.0011869962327182293,-0.004038852423203153,-0.001122717629186809,-0.004239210768600406
2023-11-30 10:00:00+00:00,-0.0038371056,-0.001189589500427246,-0.004510177692005311,-0.001145890448242426,-0.003730485752037834
2023-11-30 11:00:00+00:00,-0.0009883051,-0.0011881509562954307,-0.0013196661183717876,-0.001160382991656661,-0.0009444880796427526
2023-11-30 12:00:00+00:00,0.0005610498,-0.0011861496604979038,0.0006134872315018028,-0.0011655506677925587,0.00048536963703093883
2023-11-30 13:00:00+00:00,0.002844927,-0.0011859913356602192,0.0026596406957732238,-0.001169792260043323,0.002892598482989408
2023-11-30 14:00:00+00:00,-0.0013681108,-0.0011827985290437937,-0.0008261980193167961,-0.0011697368463501334,-0.0013440121440652123
2023-11-30 15:00:00+00:00,-0.0011029576,-0.0011805465910583735,-0.0012030373012598397,-0.0011746275704354048,-0.001097255089392046
2023-11-30 16:00:00+00:00,-0.0065090386,-0.0011778816115111113,-0.005153398705658605,-0.001174097997136414,-0.006475149316159588
2023-11-30 17:00:00+00:00,-0.0021881063,-0.0011714029824361205,-0.00219347131064603,-0.0011735762236639857,-0.002147087740484571
2023-11-30 18:00:00+00:00,0.0009960026,-0.0011652702232822776,-0.000292861680670857,-0.0011853763135150075,0.0009775155129265404
2023-12-01 10:00:00+00:00,-0.0053505637,-0.0011630095541477203,-0.004029599596714387,-0.0011873700423166156,-0.005355876063516946
2023-12-01 11:00:00+00:00,-0.0018049569,-0.001160154351964593,-0.0018533979332305127,-0.001188202528283,-0.0018057574539564853
2023-12-01 12:00:00+00:00,-0.0022970014,-0.001158588333055377,-0.0022315016404172816,-0.001192676369100809,-0.0022164600412829965
2023-12-01 13:00:00+00:00,9.958581e-05,-0.0011576468823477626,-0.000604391167721323,-0.0011903285048902035,8.066732352990949e-05
2023-12-01 14:00:00+00:00,-0.001068802,-0.001159739214926958,-0.0012654097706551613,-0.0011871346505358815,-0.0010296302366966735
2023-12-01 15:00:00+00:00,-0.003677059,-0.0011599098797887564,-0.0022053647611010446,-0.0011845133267343044,-0.003668691645700237
2023-12-01 16:00:00+00:00,-0.0014381813,-0.0011548944748938084,-0.0014816224639255266,-0.0011754180304706097,-0.0014715725394305779
2023-12-01 17:00:00+00:00,-0.0028734473,-0.001148352399468422,-0.0026724409292729783,-0.0011606714688241482,-0.002855699934469136
2023-12-01 18:00:00+00:00,0.00055709033,-0.0011427412973716855,-0.0012787245689210866,-0.0011490865144878626,0.0005055092167846106
2023-12-04 10:00:00+00:00,-0.011524409,-0.001138132531195879,-0.006078022762968374,-0.0011383829405531287,-0.011421233435347409
2023-12-04 11:00:00+00:00,-0.00016626026,-0.0011325981467962265,-0.0002155473173769387,-0.0011277426965534687,-0.00026947339796293843
2023-12-04 12:00:00+00:00,0.003724983,-0.001129315234720707,0.0018632800305442676,-0.0011162207229062915,0.0036954878931128093
2023-12-04 13:00:00+00:00,-0.0037157454,-0.0011226669885218143,-0.0009811354953918802,-0.0011055879294872284,-0.0035987109685202976
2023-12-04 14:00:00+00:00,0.0015137813,-0.0011172064114362001,0.00020251876839384405,-0.001094747451134026,0.0014458538787702493
2023-12-04 15:00:00+00:00,9.223348e-06,-0.0011086813174188137,0.00013323857740526622,-0.0010865668300539255,-6.821706261455787e-06
2023-12-04 16:00:00+00:00,-0.003779465,-0.0010992295574396849,-0.0026068034926981266,-0.0010744415922090411,-0.0037008732640165134
2023-12-04 17:00:00+00:00,-0.002298681,-0.0010881033958867192,-0.002326331108409764,-0.001060775015503168,-0.002361852574556274
2023-12-04 18:00:00+00:00,-0.00060335186,-0.001078104949556291,-0.001875734902394789,-0.0010371742537245154,-0.0006561927685631859
2023-12-05 10:00:00+00:00,-0.004588082,-0.0010626578005030751,-0.0041352600270474,-0.0010237854439765215,-0.00451730505068546
2023-12-05 11:00:00+00:00,-0.003944115,-0.0010469320695847273,-0.003759749484090473,-0.0009980197064578533,-0.0039024309122295355
2023-12-05 12:00:00+00:00,-0.0010775207,-0.0010234261862933636,-0.0014433466436136982,-0.0009728401200845838,-0.0011842779898290276
2023-12-05 13:00:00+00:00,0.004583131,-0.0009945221245288849,0.002976530853016398,-0.0009477804414927959,0.004345780587611221
2023-12-05 14:00:00+00:00,0.00081154826,-0.0009650132851675153,0.0008570659219829948,-0.0009265748667530715,0.0009570166169544077
2023-12-05 15:00:00+00:00,-0.0053853043,-0.0009301369427703321,-0.003387990282929098,-0.0009006343898363411,-0.005175565518155523
2023-12-05 16:00:00+00:00,-0.00025314913,-0.000895410543307662,-0.0009269190065769621,-0.0008767003891989589,-0.00048311918488182974
2023-12-05 17:00:00+00:00,0.0005156065,-0.0008586805779486895,0.0006253131192551764,-0.0008505945443175733,0.0004729616214628255
2023-12-05 18:00:00+00:00,-0.00079695845,-0.0008254193817265332,-0.0010359768962897565,-0.0008285645744763315,-0.0007777432775340771
2023-12-06 10:00:00+00:00,-0.006738532,-0.0007912722649052739,-0.00626872841752291,-0.0008020410896278918,-0.006528411805540273
2023-12-06 11:00:00+00:00,-0.0027517357,-0.0007568299770355225,-0.003119750509946745,-0.0007740804576314986,-0.0028176195681074603
2023-12-06 12:00:00+00:00,-0.007527837,-0.0007211927440948784,-0.007124148546075942,-0.0007412509294226766,-0.007325093874160602
2023-12-06 13:00:00+00:00,0.0043696254,-0.0006783579592593014,0.003892169068864624,-0.0007073958404362202,0.0038564838867117136
2023-12-06 14:00:00+00:00,0.002817264,-0.0006337421364150941,0.002834593202865713,-0.0006721604149788618,0.002800471297652588
2023-12-06 15:00:00+00:00,0.0013725539,-0.0005844495026394725,0.0013086244120033303,-0.0006265959818847477,0.0014142373537713642
2023-12-06 16:00:00+00:00,-0.004816956,-0.0005289829568937421,-0.004131100333638307,-0.0005827792338095605,-0.004575940964456154
2023-12-06 17:00:00+00:00,-0.0070394613,-0.000472318846732378,-0.006844195865465157,-0.0005369629361666739,-0.006852673096070021
2023-12-06 18:00:00+00:00,0.00056460145,-0.0004114553448744118,-0.00011153077414053595,-0.00046698335791006684,0.0002249231816757964
2023-12-07 10:00:00+00:00,-0.0047948845,-0.00035458331694826484,-0.004787206033163236,-0.0004035239981021732,-0.004604165711795115
2023-12-07 11:00:00+00:00,-0.0010290985,-0.0002901229017879814,-0.0011677605955038844,-0.00033473363146185875,-0.0011887179813484115
2023-12-07 12:00:00+00:00,0.00071182597,-0.00022574762988369912,0.0007105145132206986,-0.00026862003142014146,0.0006663772302396274
2023-12-07 13:00:00+00:00,0.0013357103,-0.00016053520084824413,0.0013090952069774477,-0.00019757046538870782,0.0012928664173264244
2023-12-07 14:00:00+00:00,-0.002913954,-9.665868856245652e-05,-0.00250575056256471,-0.0001425309746991843,-0.002746777178582002
2023-12-07 15:00:00+00:00,0.0041423845,-3.559375909389928e-05,0.003398457047055911,-7.26445869076997e-05,0.00373855048663673
2023-12-07 16:00:00+00:00,0.0022801093,2.8758995540556498e-05,0.0022805403298240797,-2.2979202185524628e-05,0.002167751541494304
2023-12-07 17:00:00+00:00,0.001396154,8.822731615509838e-05,0.001348909308133987,2.5306848328909837e-05,0.0014675741863749698
2023-12-07 18:00:00+00:00,0.004528842,0.0001467167749069631,0.004229541579555193,7.164187991293147e-05,0.0043864114390317396
2023-12-08 10:00:00+00:00,0.0070053986,0.0002117933618137613,0.006894109536061624,0.00010978892532875761,0.006855232453648192
2023-12-08 11:00:00+00:00,0.0020006425,0.0002735133748501539,0.0020025078814612752,0.0001604421850061044,0.002224177537551791
2023-12-08 12:00:00+00:00,0.0006879751,0.0003242410602979362,0.0006399052185131712,0.0002083529980154708,0.0008579244101207961
2023-12-08 13:00:00+00:00,0.0016473305,0.0003646680561359972,0.001610012589570955,0.0002408193686278537,0.0015473157745414892
2023-12-08 14:00:00+00:00,0.002245408,0.0003923250187654048,0.0022194054903896406,0.00026163566508330405,0.0022537340387455453
2023-12-08 15:00:00+00:00,-0.0073089963,0.0004195277870167047,-0.006574478687993574,0.00028806101181544363,-0.006931934836720027
2023-12-08 16:00:00+00:00,-0.0022240002,0.0004532165185082704,-0.0022172420034824885,0.00029610187630169094,-0.00241496388801238
2023-12-08 17:00:00+00:00,0.00035996098,0.0004950504517182708,0.00032979011215170264,0.0003085383796133101,0.00027197616126314335
2023-12-08 18:00:00+00:00,-0.0014975312,0.0005363311502151191,-0.001019134374154241,0.00032994485809467733,-0.001485491417824396
2023-12-11 10:00:00+00:00,0.0015070022,0.0005831221933476627,0.0014628919880276179,0.00035918827052228153,0.0013869422510142146
2023-12-11 11:00:00+00:00,0.0018356616,0.0006134010036475956,0.001844939942064286,0.0003936510474886745,0.0017212271748602182
2023-12-11 12:00:00+00:00,0.00044421552,0.0006441005971282721,0.000502531021195669,0.0004129490698687732,0.00047373940547268726
2023-12-11 13:00:00+00:00,0.0009633639,0.0006665990804322064,0.0009562735304888546,0.00043166562682017684,0.0009336769623782015
2023-12-11 14:00:00+00:00,0.00069833064,0.0006988429231569171,0.0005785160403964701,0.00043764166184701025,0.0007167902298548964
2023-12-11 15:00:00+00:00,-0.008402814,0.0007330285152420402,-0.008434218592671568,0.00045150640653446317,-0.0079865177493203
2023-12-11 16:00:00+00:00,0.0009128513,0.000766302109695971,0.0006660093565909296,0.0004755652043968439,0.0005790996509438788
2023-12-11 17:00:00+00:00,-0.0010650742,0.0007941265357658267,-0.0010851293585506625,0.0004903560620732605,-0.0010055941513868927
2023-12-11 18:00:00+00:00,-0.0029157319,0.0008220728486776352,-0.0029079850730444018,0.0005160248256288469,-0.002801457497568838
2023-12-12 10:00:00+00:00,0.004094854,0.0008461776887997985,0.003537739963049168,0.0005305587546899915,0.003800306799335502
2023-12-12 11:00:00+00:00,-0.004066227,0.0008675439166836441,-0.003267657069529697,0.0005398246576078236,-0.003772211176074196
2023-12-12 12:00:00+00:00,0.0037810828,0.000884266453795135,0.00382381258339243,0.0005538444966077805,0.003452487890583681
2023-12-12 13:00:00+00:00,0.0044011567,0.0008932635537348688,0.0037625644408173426,0.0005577561096288264,0.0042730006527464046
2023-12-12 14:00:00+00:00,0.008932249,0.0009024265455082059,0.008642748663275704,0.0005657162400893867,0.008632531653018392
2023-12-12 15:00:00+00:00,-0.0011638276,0.0009060676675289869,-0.0005536346486936127,0.0005662993062287569,-0.000854046618301102
2023-12-12 16:00:00+00:00,-0.0036975576,0.0009094149572774768,-0.003757888913365772,0.0005667126388289034,-0.0034210454168498478
2023-12-12 17:00:00+00:00,-0.0022270044,0.0009112952393479645,-0.0022419544169898593,0.0005682821501977742,-0.002248395142145098
2023-12-12 18:00:00+00:00,-0.0023834757,0.000914230418857187,-0.0018853486410395,0.0005711199482902884,-0.0022986432593815904
2023-12-13 10:00:00+00:00,0.0011262381,0.0009114109561778605,0.0010532532550049096,0.0005769923445768654,0.0009999664999250347
2023-12-13 11:00:00+00:00,0.004190939,0.0009064903715625405,0.002796869810811888,0.0005810030270367861,0.004018156003868798
2023-12-13 12:00:00+00:00,0.0020231018,0.000894544820766896,0.002021068719425905,0.0005817243945784867,0.00209749893000148
2023-12-13 13:00:00+00:00,-9.400705e-05,0.0008817033958621323,0.00011216716526877421,0.0005796431796625257,4.488926285948377e-05
2023-12-13 14:00:00+00:00,0.002994478,0.0008647363865748048,0.0029461888878418462,0.0005706757074221969,0.0028203227288450755
2023-12-13 15:00:00+00:00,-0.0025057378,0.0008501989650540054,-0.0021589255423504197,0.0005575724062509835,-0.002380693368920288
2023-12-13 16:00:00+00:00,-0.0017022241,0.0008368835551664233,-0.0019348742278303115,0.0005422157701104879,-0.0016790063077803427
2023-12-13 17:00:00+00:00,0.0006022226,0.000822159112431109,0.00020207165427171651,0.0005306020611897111,0.000463386398256549
2023-12-13 18:00:00+00:00,-0.00035752592,0.0008054081699810922,-0.00031171040999049255,0.0005174045218154788,-0.00030011309372344753
2023-12-14 10:00:00+00:00,0.007294512,0.0007900495547801256,0.004758123776411629,0.0005049487808719277,0.007132036763593908
2023-12-14 11:00:00+00:00,0.0014376134,0.0007718715933151543,0.0014403463056429028,0.0004888729308731854,0.001606166597526437
2023-12-14 12:00:00+00:00,-0.004412748,0.0007517663761973381,-0.0026725302939529846,0.00047127180732786655,-0.004236148453334281
2023-12-14 13:00:00+00:00,-0.00039360486,0.0007354823173955083,-0.0007293713666468451,0.00045099458657205105,-0.0004662520611918747
2023-12-14 14:00:00+00:00,-0.0010222216,0.0007197482045739889,-0.0010352788442226642,0.0004367419460322708,-0.001078742341596837
2023-12-14 15:00:00+00:00,-0.0035719024,0.000707827100995928,-0.0034179761658818314,0.0004279602144379169,-0.0034542477886924466
2023-12-14 16:00:00+00:00,-0.0026684408,0.000698624353390187,-0.002884414356356206,0.00042882421985268593,-0.002634981410344058
2023-12-14 17:00:00+00:00,-0.0038027896,0.0006875615217722952,-0.0032943056265852064,0.00042789950384758413,-0.003752865527753421
2023-12-14 18:00:00+00:00,0.0003221894,0.0006737955845892429,-7.513063175485811e-05,0.0004255386011209339,0.00012658375856182082
2023-12-15 10:00:00+00:00,-0.009691991,0.0006620529456995428,-0.006721868868991606,0.0004288848431315273,-0.00923069628035843
2023-12-15 11:00:00+00:00,-0.0012923671,0.0006456956616602838,-0.0014880761043151078,0.0004286427574697882,-0.0015205792726464907
2023-12-15 12:00:00+00:00,0.0011966934,0.0006374866934493184,0.0010643143174793685,0.00044459517812356353,0.0010419203348146604
2023-12-15 13:00:00+00:00,0.0059906123,0.0006240808870643377,0.004636462317674261,0.00044764491030946374,0.005659597002727949
2023-12-15 14:00:00+00:00,0.004460057,0.0006117442389950156,0.0044706551116567225,0.000448645994765684,0.004486234925041473
2023-12-15 15:00:00+00:00,-0.004859585,0.0006047266651876271,-0.003584643037445605,0.00045761658111587167,-0.004472116049466869
2023-12-15 16:00:00+00:00,0.00528557,0.000593318312894553,0.004318141693085184,0.0004684565938077867,0.0048812264773886935
2023-12-15 17:00:00+00:00,0.0009176179,0.0005820983205921948,0.001286814562414507,0.00047557291691191494,0.0010897725348431825
2023-12-15 18:00:00+00:00,0.0028986759,0.0005692208069376647,0.0029009231800778625,0.0004836715233977884,0.0028206418847642055
2023-12-18 10:00:00+00:00,0.0062221168,0.000555282982531935,0.005437745937453633,0.0004899908090010285,0.0061473363812892725
2023-12-18 11:00:00+00:00,0.00400225,0.0005421823007054627,0.003923073787071832,0.0004931629518978298,0.004165567554040889
2023-12-18 12:00:00+00:00,-0.00373993,0.0005295895971357822,-0.002229203536978347,0.0004995345370844007,-0.0034244230607457125
2023-12-18 13:00:00+00:00,-0.00093717204,0.0005140549619682133,-0.0010677249118867039,0.0005025667487643659,-0.000974569520586903
2023-12-18 14:00:00+00:00,0.0031267286,0.0004998882650397718,0.002494274836211517,0.0005050511681474745,0.0029580176095729675
2023-12-18 15:00:00+00:00,-0.00019630296,0.000484837539261207,5.442350851273386e-05,0.0005044665886089206,-0.00013610129273779447
2023-12-18 16:00:00+00:00,0.0034716749,0.0004721173318102956,0.0034676881534274283,0.0005003754049539566,0.0033871141749416576
2023-12-18 17:00:00+00:00,0.0047029606,0.00045825651613995433,0.003316986108967914,0.0004968736320734024,0.004659814315227127
2023-12-18 18:00:00+00:00,-0.0027391554,0.00044581780093722045,-0.0015531549324334247,0.0004863757349085063,-0.0025314931899567605
2023-12-19 10:00:00+00:00,0.0022568656,0.00043655853369273245,0.0016354424363356932,0.00047784679918549955,0.00218733144728595
2023-12-19 11:00:00+00:00,0.0034636077,0.00042637382284738123,0.0028846205999948915,0.0004673652583733201,0.003286401846746083
2023-12-19 12:00:00+00:00,-0.0029071402,0.00041257264092564583,-0.0016622971690726527,0.0004500840150285512,-0.002760769319195788
2023-12-19 13:00:00+00:00,-0.0018746757,0.00040133990114554763,-0.0020759127621180935,0.0004274061939213425,-0.001838332178701446
2023-12-19 14:00:00+00:00,-0.005103525,0.00039538065902888775,-0.003959158950501696,0.00041075696935877204,-0.00495642270433186
2023-12-19 15:00:00+00:00,-0.0011771302,0.00038881582440808415,-0.0012089508272134781,0.00039774979813955724,-0.0013129095807958239
2023-12-19 16:00:00+00:00,0.001914466,0.00038468913407996297,0.0009222863824618864,0.00038459853385575116,0.001787046097194065
2023-12-19 17:00:00+00:00,0.0024507646,0.0003777361416723579,0.0024369559001037495,0.00037459106533788145,0.00237762229174636
2023-12-19 18:00:00+00:00,-4.653652e-05,0.0003746756410691887,6.196330001116516e-05,0.00037081926711834967,3.4350508700738036e-05
2023-12-20 10:00:00+00:00,0.006577354,0.0003736626822501421,0.005242966390289391,0.00036989524960517883,0.006371576350720766
2023-12-20 11:00:00+00:00,0.0013767807,0.00037056748988106847,0.0017389452660997412,0.0003660637012217194,0.0015217893490208861
2023-12-20 12:00:00+00:00,-0.00146925,0.000366172578651458,-0.0011089953001452043,0.00036149873631075025,-0.0014027273601309098
2023-12-20 13:00:00+00:00,0.0010351681,0.00036411519977264106,0.0008143519667644656,0.00035035068867728114,0.0010060624749452763
2023-12-20 14:00:00+00:00,-0.0016826927,0.00035965145798400044,-0.00166510117895582,0.0003424682072363794,-0.0016442956234303105
2023-12-20 15:00:00+00:00,0.00026831107,0.0003529181703925133,-0.00035595611859279665,0.00032908940920606256,0.0003018216404143925
2023-12-20 16:00:00+00:00,-0.0029368324,0.0003508593363221735,-0.0016142588689484227,0.0003125523799099028,-0.0027549064732367602
2023-12-20 17:00:00+00:00,0.0010015302,0.00034964404767379165,-1.687078025972263e-05,0.0003033311804756522,0.0008996089209174839
2023-12-20 18:00:00+00:00,-0.003509753,0.00035535290953703225,-0.0027069735615178753,0.00029419915517792106,-0.0033696107863820835
2023-12-21 10:00:00+00:00,-0.008622233,0.0003621456562541425,-0.008722712954291162,0.0002985436003655195,-0.008327305635962009
2023-12-21 11:00:00+00:00,-0.0018405489,0.0003667008422780782,-0.0029381864588827354,0.0003080532478634268,-0.0020468664865121826
2023-12-21 12:00:00+00:00,-0.007225833,0.0003690524899866432,-0.006040350056648693,0.00031902259797789156,-0.0071579965748948165
2023-12-21 13:00:00+00:00,-0.0042408924,0.0003657311317510903,-0.004235504495311659,0.0003253271570429206,-0.0042257873788457325
2023-12-21 14:00:00+00:00,0.0018997147,0.0003630966821219772,0.0011111282820936987,0.0003284372796770185,0.0016414467147616962
2023-12-21 15:00:00+00:00,-0.009055961,0.0003587863175198436,-0.007975790948280898,0.0003327239537611604,-0.008574433959680411
2023-12-21 16:00:00+00:00,0.0048527555,0.000356796634150669,0.003425325667678159,0.0003422142472118139,0.004254253886197535
2023-12-21 17:00:00+00:00,0.0011238524,0.0003537099401000887,0.0012245347564847585,0.0003548302629496902,0.0012212274222696917
2023-12-21 18:00:00+00:00,0.0012556959,0.00035392833524383605,0.0012927868471749313,0.00037026466452516615,0.0011613229542689512
2023-12-22 10:00:00+00:00,0.0062360414,0.00035673746606335044,0.005659706240017899,0.0003820303245447576,0.006000461266627606
2023-12-22 11:00:00+00:00,0.0025664992,0.0003602680517360568,0.002584345519156253,0.0003924925986211747,0.002660222069883288
2023-12-22 12:00:00+00:00,0.0021368635,0.0003634214517660439,0.0021304996283718508,0.0004013800935354084,0.002188493974040722
2023-12-22 13:00:00+00:00,0.0011089914,0.00036519370041787624,0.0010860940091243997,0.0004087597189936787,0.00120459497085282
2023-12-22 14:00:00+00:00,-0.0035663075,0.00036627743975259364,-0.0021754405043310273,0.00041618707473389804,-0.0033911762327358355
2023-12-22 15:00:00+00:00,-0.0023594266,0.00036827646545134485,-0.002055576212204522,0.0004216209636069834,-0.0024410417314093837
2023-12-22 16:00:00+00:00,0.00088779756,0.00037157026235945523,0.0005564393302788806,0.0004348168149590492,0.0009194721114466237
2023-12-22 17:00:00+00:00,0.0011133547,0.0003748057351913303,0.0010893955511112135,0.0004410742549225688,0.00107907432335946
2023-12-22 18:00:00+00:00,-0.0027100672,0.0003796759992837906,-0.0019635054084683416,0.0004466018290258944,-0.0025716181282320057
2023-12-25 10:00:00+00:00,0.005403405,0.00038582400884479284,0.0037016499017820687,0.00045197445433586836,0.005043721199755064
2023-12-25 11:00:00+00:00,-5.6429162e-05,0.00038922004750929773,0.00013545542306518988,0.0004550273879431188,5.1827851114262297e-05
2023-12-25 12:00:00+00:00,0.00081791135,0.0003906110068783164,0.000710540013485733,0.000464524986455217,0.0008014860221528096
2023-12-25 13:00:00+00:00,-0.002257932,0.00039304557139985263,-0.0020082084187811634,0.0004634976212400943,-0.0021603777563055527
2023-12-25 14:00:00+00:00,-0.002159207,0.0003945192729588598,-0.0014969419227802098,0.00046475688577629626,-0.002143825691031334
2023-12-25 15:00:00+00:00,-0.002012539,0.0003973477578256279,-0.002358515447050515,0.0004713594098575413,-0.0018903344492322597
2023-12-25 16:00:00+00:00,0.0048778974,0.0004034518206026405,0.0035535375125884676,0.00047958787763491273,0.0044659985712364155
2023-12-25 17:00:00+00:00,0.0011194049,0.000413868750911206,0.0011693301102702622,0.0004936367622576654,0.0011619616929577161
2023-12-25 18:00:00+00:00,9.401457e-06,0.0004241088463459164,-2.686371091450599e-06,0.0005111609352752566,3.463348494462129e-05
2023-12-26 10:00:00+00:00,-0.0035128896,0.0004338508297223598,-0.003398808835123547,0.0005288084503263235,-0.003194340445168686
2023-12-26 11:00:00+00:00,0.0018003671,0.0004433791618794203,0.0013149519662525692,0.0005449054297059774,0.0015983530064710377
2023-12-26 12:00:00+00:00,-0.00038619313,0.0004528976569417864,1.9734123390109116e-05,0.000557748309802264,-0.00039418738995666055
2023-12-26 13:00:00+00:00,-0.0013764368,0.00046190377906896174,-0.001401446830493671,0.0005685074720531702,-0.001233459301118972
2023-12-26 14:00:00+00:00,0.0018944666,0.0004701889120042324,0.0014285983309649474,0.0005839577061124146,0.0016725300057906685
2023-12-26 15:00:00+00:00,0.0011575328,0.0004803882329724729,0.0011800114297507206,0.000598009442910552,0.0011252392953395311
2023-12-26 16:00:00+00:00,-0.00049861,0.0004920256906189024,-0.000501496284123571,0.0006128988461568952,-0.00033297107945540216
2023-12-26 17:00:00+00:00,0.00088415673,0.0005052705528214574,0.0006202358057618183,0.0006324904388748109,0.0008235257499913378
2023-12-26 18:00:00+00:00,-0.0005454511,0.0005177605780772865,-0.000545618010843976,0.0006449581123888493,-0.0005029057694408538
2023-12-27 10:00:00+00:00,0.0038868908,0.0005314635927788913,0.0025868206277862406,0.0006540938629768789,0.0036183832914331217
2023-12-27 11:00:00+00:00,0.0013390706,0.0005414634943008423,0.0016703932260931347,0.0006667752168141305,0.001382332564287758
2023-12-27 12:00:00+00:00,-0.0008519284,0.0005513114738278091,-0.0007553693989556496,0.000678187410812825,-0.0007771974419511473
2023-12-27 13:00:00+00:00,-0.000974522,0.0005588987842202187,-0.001515395810041174,0.0006879338761791587,-0.0008793804373371502
2023-12-27 14:00:00+00:00,0.0012554576,0.0005673773121088743,0.0013455855494650146,0.0006960380123928189,0.0011985735206349174
2023-12-27 15:00:00+00:00,0.00023405282,0.0005730977864004672,0.00023065836280379594,0.0007056115427985787,0.00024884778128209296
2023-12-27 16:00:00+00:00,0.0004960109,0.0005817798082716763,0.00040865211528596173,0.0007110180449672043,0.0005318063677938533
2023-12-27 17:00:00+00:00,-0.000636436,0.0005895050708204508,-0.0006404948505104676,0.0007206749869510531,-0.0005881685732891514
2023-12-27 18:00:00+00:00,0.00056158216,0.0005972838844172657,0.0005614492035283332,0.0007294583483599126,0.0004324961123655643
2023-12-28 10:00:00+00:00,0.006268268,0.0006054307450540364,0.004889452088063397,0.0007360189920291305,0.006105613256947063
2023-12-28 11:00:00+00:00,-0.0023459985,0.0006112854462116957,-0.0019419075537786233,0.0007334867841564119,-0.00210718706794534
2023-12-28 12:00:00+00:00,0.0005124932,0.000617282057646662,7.617970060217518e-05,0.0007319627911783755,0.0004668634128604137
2023-12-28 13:00:00+00:00,0.0044615543,0.0006212214357219636,0.0042395851291138825,0.0007329614600166678,0.0042552300762124465
2023-12-28 14:00:00+00:00,0.003610413,0.0006253471365198493,0.0035823640300449316,0.0007309751817956567,0.0036525652045042646
2023-12-28 15:00:00+00:00,0.0025011203,0.0006282315007410944,0.0028440279718764646,0.0007268800982274115,0.0025591526898569835
2023-12-28 16:00:00+00:00,0.004148563,0.0006318879313766956,0.0038579195068768673,0.0007246808963827789,0.004148119375619334
2023-12-28 17:00:00+00:00,-0.0026472064,0.0006365154986269772,-0.001081703159811293,0.0007212997879832983,-0.002536372481888079
2023-12-28 18:00:00+00:00,0.004069023,0.0006432459922507405,0.003479013510373733,0.0007164469570852816,0.0039148666299861305
2023-12-29 10:00:00+00:00,-0.0024780203,0.0006493499968200922,-0.0008970428325099709,0.000708096893504262,-0.0024153517671710676
2023-12-29 11:00:00+00:00,0.002817123,0.0006547269877046347,0.00046551579684212625,0.0007007929380051792,0.002733986686363885
2023-12-29 12:00:00+00:00,-0.0054947715,0.0006619448540732265,-0.004230368046099583,0.0006938226870261133,-0.0053088654092651386
2023-12-29 13:00:00+00:00,0.0009025521,0.0006674272008240223,-4.9610757973600884e-05,0.000686466577462852,0.0007684811912361408
2023-12-29 14:00:00+00:00,-0.0024239977,0.0006752180051989853,-0.0017263513608766952,0.0006777573726139963,-0.00232080282004263
2023-12-29 15:00:00+00:00,-0.0017363521,0.0006840451969765127,-0.0017228526210178864,0.000668999389745295,-0.0017437774429419873
2023-12-29 16:00:00+00:00,0.0007669527,0.0006930510862730443,-1.5517712440601015e-05,0.0006576924934051931,0.0007048840455359508
2023-12-29 17:00:00+00:00,-0.0012015122,0.0007042376673780382,-0.0011730029005273435,0.0006563785136677325,-0.0011724030729386625
2023-12-29 18:00:00+00:00,0.001995566,0.0007131443708203733,0.0008600667116206977,0.0006571418489329517,0.001890715531116168
2024-01-03 10:00:00+00:00,-0.0062679877,0.0007218348910100758,-0.003768495448793453,0.0006583462236449122,-0.006100631742042949
2024-01-03 11:00:00+00:00,0.00042713614,0.0007284829043783247,-0.00010980855922222054,0.0006651079747825861,0.0003813351610669594
2024-01-03 12:00:00+00:00,-0.0011704165,0.0007356933783739805,-0.0011460791882716812,0.0006727675790898502,-0.0011645922745430316
2024-01-03 13:00:00+00:00,-0.001311378,0.0007418577442876995,-0.0013068589395263735,0.0006814596708863974,-0.0012729682803624852
2024-01-03 14:00:00+00:00,-0.0010335726,0.0007469792035408318,-0.0010281798361235178,0.000691677094437182,-0.0010155736495708995
2024-01-03 15:00:00+00:00,-0.0011838678,0.000750696228351444,-0.0011725779589656445,0.0007016454474069178,-0.0011036322793314434
2024-01-03 16:00:00+00:00,0.0026733626,0.000753658008761704,0.0015013691022178338,0.0007115353946574032,0.0025123758534317904
2024-01-03 17:00:00+00:00,0.00037202728,0.0007553696050308645,0.0003627593591530889,0.0007193874334916472,0.00037441260032856596
2024-01-03 18:00:00+00:00,-0.002094456,0.0007568478467874229,-0.0019357721447233853,0.0007282944279722869,-0.0019726436991681913
2024-01-04 10:00:00+00:00,0.009524544,0.000756590161472559,0.00776432558285481,0.0007365764467976987,0.009106378938532507
2024-01-04 11:00:00+00:00,-0.0004154415,0.0007563187391497195,0.0004874096698444303,0.0007415099535137415,-0.00017625910984396645
2024-01-04 12:00:00+00:00,0.00096909516,0.0007586553110741079,0.0007088909327939386,0.00074561353540048,0.0010208395129380063
2024-01-04 13:00:00+00:00,-0.0022349474,0.0007597357616759837,-0.002007291554717219,0.0007492179865948856,-0.002118475369885572
2024-01-04 14:00:00+00:00,-0.0011748872,0.000761104398407042,-0.0012443819336640548,0.000757722882553935,-0.0011394654554169516
2024-01-04 15:00:00+00:00,0.0010269459,0.0007611157489009202,0.0009434593518648901,0.0007650137995369732,0.0009568423422285572
2024-01-04 16:00:00+00:00,0.00045300115,0.0007648695027455688,0.000514331859873101,0.0007598797092214227,0.00040838979094835726
2024-01-04 17:00:00+00:00,-0.0013040886,0.0007633109926246107,-0.0009574217781052599,0.0007618219824507833,-0.0012525204376564359
2024-01-04 18:00:00+00:00,0.0014796869,0.000762771989684552,0.0007578309359553208,0.0007604595739394426,0.001349308561666011
2024-01-05 10:00:00+00:00,0.00059126224,0.0007592206238768995,0.0006121263511854705,0.0007559680379927158,0.0005954700670308439
2024-01-05 11:00:00+00:00,-0.0004434139,0.0007542777457274497,-0.00038393497817805716,0.0007497340557165444,-0.0004894607479017794
2024-01-05 12:00:00+00:00,0.0006004092,0.0007496118196286261,0.00037576149800501625,0.0007446326198987663,0.0005814305028473832
2024-01-05 13:00:00+00:00,0.00073847064,0.0007472303695976734,0.000745852129540466,0.0007493140292353928,0.0007335128166067752
2024-01-05 14:00:00+00:00,-0.00029532282,0.0007419920875690877,-0.00029086002447048346,0.0007504730019718409,-0.00021856996782436975
2024-01-05 15:00:00+00:00,4.614994e-05,0.000735665496904403,-0.0003394413517300693,0.0007455309387296438,9.781050870227728e-05
2024-01-05 16:00:00+00:00,0.0006643231,0.0007300860597752035,0.0006993213491086843,0.0007395516149699688,0.000613008917305742
2024-01-05 17:00:00+00:00,0.00087586266,0.0007250485359691083,0.0017022553341300344,0.000736855436116457,0.0008053834616866759
2024-01-05 18:00:00+00:00,0.0020529635,0.0007196598453447223,0.0020182077973112276,0.0007358024595305324,0.002094997369822494
2024-01-08 10:00:00+00:00,0.0024525013,0.0007170434109866619,0.0025071512590422894,0.0007361238822340965,0.0023492490485688576
2024-01-08 11:00:00+00:00,0.0012469058,0.0007160011446103454,0.0016831487310046463,0.0007412087870761752,0.0012595308690735367
2024-01-08 12:00:00+00:00,0.0018308653,0.0007102738018147647,0.0004926416356950155,0.0007480249623768032,0.0018114939333333635
2024-01-08 13:00:00+00:00,0.0012065374,0.0007028334657661617,0.0012114611352789292,0.00074809230864048,0.0011992063440350992
2024-01-08 14:00:00+00:00,-0.0057256874,0.0006927566137164831,-0.0036715032777768484,0.0007448683027178049,-0.005573838478504447
2024-01-08 15:00:00+00:00,-0.00068929075,0.000682949204929173,-0.0015087113270238063,0.0007439667824655771,-0.0007290089252755681
2024-01-08 16:00:00+00:00,-0.0013615958,0.0006762051489204168,-0.001293074213384248,0.0007415151922032237,-0.001328263840551517
2024-01-08 17:00:00+00:00,0.00025774146,0.0006698741926811635,0.0002521241469720454,0.000739242706913501,0.0001768569580035833
2024-01-08 18:00:00+00:00,0.0029592619,0.0006632399163208902,0.002397876744485533,0.0007395967841148376,0.002845358223356915
2024-01-09 10:00:00+00:00,0.003993045,0.0006582351052202284,0.0038200875438941496,0.0007424590294249356,0.003921870731057645
2024-01-09 11:00:00+00:00,0.001433967,0.0006536414730362594,0.0017463434537360464,0.0007448235992342234,0.0015067102891939133
2024-01-09 12:00:00+00:00,0.0032985287,0.0006466971826739609,0.003054472006339812,0.0007442512433044612,0.0032920000834694586
2024-01-09 13:00:00+00:00,0.0037953123,0.0006420097197405994,0.0019428420346362966,0.000741325959097594,0.0038197235785371983
2024-01-09 14:00:00+00:00,0.00087867497,0.0006370103219524026,0.00148058829697427,0.0007377818692475557,0.0009285968390997665
2024-01-09 15:00:00+00:00,0.0018183057,0.0006324081332422793,0.0020088445612933357,0.0007347360951825976,0.001779663606481471
2024-01-09 16:00:00+00:00,0.0015894378,0.0006297938525676727,0.0010839635888364465,0.0007266145548783243,0.0016317309116903069
2024-01-09 17:00:00+00:00,0.0029464127,0.000627860426902771,0.0019875017351262576,0.0007204009452834725,0.0029154027147018586
2024-01-09 18:00:00+00:00,-0.00481607,0.0006264732801355422,-0.002975821718593734,0.0007119799265637994,-0.004782000566035666
2024-01-10 10:00:00+00:00,0.007628228,0.0006255190237425268,0.005575866804307394,0.0007098668720573187,0.007566358795587905
2024-01-10 11:00:00+00:00,0.003197853,0.0006253062165342271,0.0032282169293317104,0.0007044607191346586,0.003225488773812131
2024-01-10 12:00:00+00:00,-0.0018440115,0.0006243949756026268,-0.000502489748495554,0.0006988784880377352,-0.001851437088531753
2024-01-10 13:00:00+00:00,0.0018887268,0.0006238818750716746,0.001897314179060946,0.0006892559467814863,0.0018880043914230183
2024-01-10 14:00:00+00:00,0.00047385952,0.0006189786363393068,0.0009315138377257781,0.0006810728809796274,0.00041428276912233914
2024-01-10 15:00:00+00:00,-7.1511575e-05,0.0006109957466833293,-0.0002780082562991946,0.0006633125012740493,-1.6516525237939407e-05
2024-01-10 16:00:00+00:00,-0.0012701822,0.0006027101189829409,-0.0012703953751950767,0.0006520921597257257,-0.0012464641411806215
2024-01-10 17:00:00+00:00,0.0001521491,0.0005958519759587944,-4.578538668188712e-05,0.000646385655272752,9.7648878898161e-05
2024-01-10 18:00:00+00:00,-0.001701808,0.0005878882948309183,-0.001199294703289913,0.0006532908300869167,-0.00168728435408342
2024-01-11 10:00:00+00:00,0.0028019622,0.0005792442825622857,0.002003638101463182,0.0006568786920979619,0.002885114898391539
2024-01-11 11:00:00+00:00,0.001491771,0.0005714381113648415,0.0013834625783315164,0.0006605738308280706,0.0014151957115648628
2024-01-11 12:00:00+00:00,0.0014004168,0.0005619548610411584,0.0014062816499305984,0.0006629455019719899,0.0014210592783627841
2024-01-11 13:00:00+00:00,0.0027682972,0.000554076221305877,0.0028858745043716964,0.0006627602269873023,0.0027924392117026024
2024-01-11 14:00:00+00:00,0.00042657947,0.0005468447925522923,0.0004308278410472902,0.0006613490404561162,0.0004249995124188326
2024-01-11 15:00:00+00:00,-0.0011201594,0.00053967977873981,-0.001081531281123936,0.0006599938496947289,-0.0011039928706136654
2024-01-11 16:00:00+00:00,-0.0021638572,0.0005296600284054875,-0.0018939087329157304,0.00066325010266155,-0.0021839271551649673
2024-01-11 17:00:00+00:00,0.0027152037,0.0005204595508985221,0.002460875167536343,0.00066063751000911,0.0026851341872127245
2024-01-11 18:00:00+00:00,0.0062833927,0.0005111619830131531,0.005946897678883397,0.0006536727305501699,0.006330389143481047
2024-01-12 10:00:00+00:00,0.0036772366,0.0005032561020925641,0.0026688510418098515,0.0006474029505625367,0.0037676767624679644
2024-01-12 11:00:00+00:00,0.003102331,0.0004972823080606759,0.002958158715361069,0.0006334335776045918,0.003019262820125569
2024-01-12 12:00:00+00:00,-0.00021061869,0.0004884395748376846,0.00016151081791916406,0.0006177387549541891,-0.0002620298357356061
2024-01-12 13:00:00+00:00,0.0005878663,0.00048099400009959936,0.0007713098733105042,0.0006017712876200676,0.0006310543833367723
2024-01-12 14:00:00+00:00,0.0015863907,0.0004703585000243038,0.0016521216755718837,0.0005801843944936991,0.0015811878930256716
2024-01-12 15:00:00+00:00,-0.0038344313,0.00046046182978898287,-0.0022768245500303,0.0005553989904001355,-0.003948006208784144
2024-01-12 16:00:00+00:00,0.0005185514,0.0004490811552386731,-0.0003382295374271826,0.0005375614855438471,0.0005913663452960581
2024-01-12 17:00:00+00:00,0.00028113578,0.0004379573801998049,0.00027750116377523565,0.0005163533496670425,0.00034313352580833364
2024-01-12 18:00:00+00:00,-0.002057632,0.00042441999539732933,-0.0016460688011691459,0.0004894474986940622,-0.0020884682009172533
2024-01-15 10:00:00+00:00,0.0092872325,0.00041133587365038693,0.006552892794396258,0.00046957851736806333,0.009502798341475032
2024-01-15 11:00:00+00:00,-0.00014826766,0.00039726190152578056,0.0006114150309690226,0.0004495472239796072,-0.00025721451001489324
2024-01-15 12:00:00+00:00,0.002021523,0.00038187281461432576,0.0017866187047349319,0.00042966718319803476,0.002049214821218241
2024-01-15 13:00:00+00:00,-0.0025711772,0.0003677003551274538,-0.0012086293548523087,0.00040820243884809315,-0.0026559411685867155
2024-01-15 14:00:00+00:00,-9.6002375e-05,0.0003545246145222336,-0.0008023966029704965,0.0003882267337758094,-0.00013385795439122274
2024-01-15 15:00:00+00:00,-0.0035761008,0.0003393377410247922,-0.003405562555074581,0.0003633385640569031,-0.0036080885677719785
2024-01-15 16:00:00+00:00,0.0022398385,0.0003264972474426031,0.000807589396551711,0.0003392526996321976,0.0023855553940935843
2024-01-15 17:00:00+00:00,-0.0022135614,0.0003125302609987557,-0.001457840978630067,0.00031921712798066437,-0.0022475166739013394
2024-01-15 18:00:00+00:00,0.0031307964,0.0002977328549604863,0.001387782709967924,0.00029761611949652433,0.0030907957721260505
2024-01-16 10:00:00+00:00,-0.0046560154,0.0002805274270940572,-0.003976111014013841,0.0002862064284272492,-0.0046722577144397235
2024-01-16 11:00:00+00:00,-0.00054403144,0.0002594948746263981,-0.000887379399773099,0.000269264419330284,-0.0004476764069806947
2024-01-16 12:00:00+00:00,0.0011316038,0.00023976985539775342,0.0004925181254487432,0.0002442782570142299,0.00112199542272131
2024-01-16 13:00:00+00:00,-0.0003682886,0.00021966503118164837,-0.00023250027533196736,0.00022955860185902566,-0.00040230488369552217
2024-01-16 14:00:00+00:00,-0.00092131534,0.00019936636090278625,-0.0009190699524252782,0.00022125714167486876,-0.0009502572482064205
2024-01-16 15:00:00+00:00,-0.00059711456,0.00017516501247882843,-0.0011374246849208268,0.00021627014211844653,-0.0005549292545932634
2024-01-16 16:00:00+00:00,-0.0008260106,0.00015047896886244416,-0.0008279420546506006,0.00020953825151082128,-0.0007873642455449083
2024-01-16 17:00:00+00:00,0.0032911943,0.0001226216700160876,0.003275296197132879,0.00020078831585124135,0.003165269675074997
2024-01-16 18:00:00+00:00,4.3809498e-05,0.00010012900020228699,0.0005458965950500764,0.00018499688303563744,8.41466453587075e-05
2024-01-17 10:00:00+00:00,-0.007554773,7.735317194601521e-05,-0.005747749585620875,0.00016355025582015514,-0.007505354567327754
2024-01-17 11:00:00+00:00,0.0051336125,5.2528186643030494e-05,0.0009937909562208584,0.00014509324682876468,0.005318502885761715
2024-01-17 12:00:00+00:00,-0.0034312294,2.602860149636399e-05,-0.0016481430290765347,0.00012456075637601316,-0.003523210376817624
2024-01-17 13:00:00+00:00,-0.0012169528,-6.413945925487496e-07,-0.0012701818370397572,0.00010253802611259744,-0.001149854306394114
2024-01-17 14:00:00+00:00,-0.0005119153,-3.0556861020158976e-05,-0.0005054017738762561,8.036501822061837e-05,-0.0004741227928122594
2024-01-17 15:00:00+00:00,0.0008030605,-6.133567512733862e-05,0.0005773755429592372,4.827323209610768e-05,0.0007718197956096226
2024-01-17 16:00:00+00:00,-0.0018188405,-9.344418504042551e-05,-0.0010902670708434195,2.0763482098118402e-05,-0.0018011069168510257
2024-01-17 17:00:00+00:00,-0.0034879947,-0.00012916601554024965,-0.003517784968152406,3.30737316289742e-06,-0.0034725528150362215
2024-01-17 18:00:00+00:00,0.0019048552,-0.00016042526112869382,0.000486035148625221,-1.734816760290414e-05,0.001948218192286086
2024-01-18 10:00:00+00:00,0.002863736,-0.00018908969650510699,0.0023808288937970643,-3.5071527236141264e-05,0.002867418071329411
2024-01-18 11:00:00+00:00,0.0011290964,-0.00021850246412213892,0.0011106742203927315,-4.950091533828527e-05,0.0010856653126079024
2024-01-18 12:00:00+00:00,-0.00029097323,-0.0002484115248080343,-0.0002111788402675183,-5.86582682444714e-05,-0.0003252572911787023
2024-01-18 13:00:00+00:00,-0.000238132,-0.0002762384829111397,-0.0002405736957164138,-7.0527421485167e-05,-0.00020739679972925912
2024-01-18 14:00:00+00:00,-0.0013858181,-0.00030537910060957074,-0.0010312862292503509,-8.099217666313052e-05,-0.0014087387390202231
2024-01-18 15:00:00+00:00,-0.0015381218,-0.0003346173616591841,-0.0015350664324148158,-8.745460218051448e-05,-0.001553407712792507
2024-01-18 16:00:00+00:00,-0.0048330477,-0.00036160455783829093,-0.004865011305489271,-9.434815001441166e-05,-0.004776774797782483
2024-01-18 17:00:00+00:00,0.00035551446,-0.0003882406454067677,-0.00033827544886549596,-9.636749018682167e-05,0.00035209989962260507
2024-01-18 18:00:00+00:00,-0.00031106826,-0.00040696270298212767,-0.00033096882417480377,-9.895099356072024e-05,-0.0003078906502616631
2024-01-19 10:00:00+00:00,-0.0014499653,-0.00042718779877759516,-0.0013133846217992205,-9.66368752415292e-05,-0.0015315973763648297
2024-01-19 11:00:00+00:00,0.0002581231,-0.00044918793719261885,0.00032027942633226634,-9.551479161018506e-05,0.0002779230170395169
2024-01-19 12:00:00+00:00,0.004112071,-0.00047288479981943965,0.002638823938280037,-8.71423035277985e-05,0.004143025446282109
2024-01-19 13:00:00+00:00,-0.0014279825,-0.000493558356538415,-0.0003606903578101837,-8.077949314611033e-05,-0.001447922415543678
2024-01-19 14:00:00+00:00,0.002340468,-0.0005149004282429814,0.0014725412229011265,-7.572309550596401e-05,0.002344741682416182
2024-01-19 15:00:00+00:00,-0.0022339642,-0.000535536149982363,-0.0008014013109091082,-8.404740947298706e-05,-0.0021994370804006725
2024-01-19 16:00:00+00:00,-0.00017751269,-0.000555709470063448,-0.00031318999453277646,-9.016214607981965e-05,-0.00016406167170027064
2024-01-19 17:00:00+00:00,0.0036946347,-0.0005727257812395692,0.0026937869028808275,-9.949875675374642e-05,0.003748272996824922
2024-01-19 18:00:00+00:00,-0.0006192498,-0.0005883316625840962,-0.0001978935323930933,-0.00010583748371573165,-0.0006842984223342354
2024-01-22 10:00:00+00:00,0.0024482196,-0.0006023058667778969,0.002389444665758399,-0.00011612936941673979,0.0024168948067838448
2024-01-22 11:00:00+00:00,0.0020194633,-0.0006159194163046777,0.0015122771358798562,-0.00012382301792968065,0.0020436712942177642
2024-01-22 12:00:00+00:00,0.00036113325,-0.0006302692927420139,0.00040528314254533956,-0.00012952533143106848,0.0003542965031142739
2024-01-22 13:00:00+00:00,0.0026209108,-0.0006448586937040091,0.002636262424474548,-0.0001381244364893064,0.0025669571749530207
2024-01-22 14:00:00+00:00,-0.00283229,-0.0006615685415454209,-0.00162786144019,-0.0001497761404607445,-0.002859289039718823
2024-01-22 15:00:00+00:00,0.0024105937,-0.0006796824163757265,0.001641647124493886,-0.00015870229981373996,0.0024463151553874656
2024-01-22 16:00:00+00:00,-0.00027244005,-0.0006955839926376939,-0.00010490088206268307,-0.00016846624203026295,-0.00026026829469206347
2024-01-22 17:00:00+00:00,-0.0002549305,-0.00070778070949018,-0.0002550147607007573,-0.00017905094136949629,-0.00021378240691827033
2024-01-22 18:00:00+00:00,-0.00044848374,-0.0007163833943195641,-0.0005284125210402828,-0.00018889141210820526,-0.0004276434438726343
2024-01-23 10:00:00+00:00,0.0013975506,-0.0007270977948792279,0.0004980720182116575,-0.00019857112783938646,0.0014013498803354617
2024-01-23 11:00:00+00:00,0.00079020153,-0.0007389181992039084,0.0004909803910998223,-0.00020887302525807172,0.0008170629954270967
2024-01-23 12:00:00+00:00,-0.0018183979,-0.0007479132036678493,-0.0015636429215572295,-0.00021718537027481943,-0.00187632572685016
2024-01-23 13:00:00+00:00,-0.0039291745,-0.00075696682324633,-0.0034727986818804046,-0.00022988345881458372,-0.003923310481462578
2024-01-23 14:00:00+00:00,-0.00036197816,-0.0007688658079132438,-0.0007573143811467156,-0.0002384522376814857,-0.00036746518599689603
2024-01-23 15:00:00+00:00,-6.181425e-05,-0.0007803702028468251,-0.00023326712717556213,-0.00024958798894658685,-1.2714913499114284e-05
2024-01-23 16:00:00+00:00,0.001067966,-0.0007925585377961397,0.0007050240368925218,-0.0002646506472956389,0.0010646013726228316
2024-01-23 17:00:00+00:00,-0.0020663536,-0.0008012916659936309,-0.0017916359174811282,-0.00026880027144216,-0.0020993573135284238
2024-01-23 18:00:00+00:00,-0.0010347802,-0.0008065705769695342,-0.0010226456768918856,-0.0002743721706792712,-0.0010363979419461874
2024-01-24 10:00:00+00:00,0.0026864395,-0.0008146021864376962,0.001770042585297158,-0.0002784238022286445,0.002716635168553377
2024-01-24 11:00:00+00:00,-0.0018638347,-0.000822709989733994,-0.000855379704322104,-0.0002849244046956301,-0.0018348608073424726
2024-01-24 12:00:00+00:00,-0.0014510709,-0.0008329743286594748,-0.0014001502725626944,-0.00028708597528748214,-0.0013900486849245735
2024-01-24 13:00:00+00:00,0.000106247346,-0.0008393515599891543,-0.0004074636994423532,-0.00029417139012366533,6.05360219651075e-05
2024-01-24 14:00:00+00:00,-0.003352226,-0.000846833165269345,-0.0029288917769298905,-0.0002944284933619201,-0.003354150619351471
2024-01-24 15:00:00+00:00,0.0017839317,-0.0008521731942892075,0.0013470280283282593,-0.00030150063685141504,0.0018069532086596352
2024-01-24 16:00:00+00:00,-0.00053218385,-0.0008569619967602193,-0.00023920050613393653,-0.0002992987574543804,-0.0004942117768169051
2024-01-24 17:00:00+00:00,-0.0010119302,-0.0008572313818149269,-0.0007126663939313242,-0.00030262270593084395,-0.001010441173200712
2024-01-24 18:00:00+00:00,-0.0016888293,-0.0008554502855986357,-0.002051642998511926,-0.0003022702585440129,-0.001696246207543055
2024-01-25 10:00:00+00:00,-0.0033416087,-0.0008515060762874782,-0.002269997197941253,-0.00030174150015227497,-0.003400707043054095
2024-01-25 11:00:00+00:00,-0.00072325626,-0.0008465417777188122,-0.0005409710116472308,-0.0002989277709275484,-0.0007092272868410389
2024-01-25 12:00:00+00:00,-0.00013399377,-0.0008413367904722691,-0.0005537901471708702,-0.00029678159626200795,-9.537964946998572e-05
2024-01-25 13:00:00+00:00,0.00010719646,-0.0008344791713170707,-0.00020495569316094633,-0.00029226610786281526,0.00010022733039402936
2024-01-25 14:00:00+00:00,0.000660791,-0.0008285022340714931,0.0003352898547332482,-0.00028781400760635734,0.0006868568328781922
2024-01-25 15:00:00+00:00,-0.0019210756,-0.0008298882748931646,-0.0017091197402326755,-0.00028353556990623474,-0.001943835140743887
2024-01-25 16:00:00+00:00,-0.0017814067,-0.0008284445502795279,-0.0018412284323737775,-0.00027880360721610487,-0.0017884023368412254
2024-01-25 17:00:00+00:00,0.0009582362,-0.0008236587746068835,0.0008664927760619859,-0.0002804833056870848,0.0009607423958537758
2024-01-25 18:00:00+00:00,0.0019851923,-0.0008220847230404615,0.0015347334833563904,-0.0002720726188272238,0.001948495451981617
2024-01-26 10:00:00+00:00,0.00042871307,-0.0008190351072698832,0.0009074854410909519,-0.00027053224039264023,0.00041396150444225686
2024-01-26 11:00:00+00:00,-0.0048605707,-0.0008163296151906252,-0.0039524681643875285,-0.0002656682045198977,-0.004790261413237056
2024-01-26 12:00:00+00:00,0.001121011,-0.000813326973002404,0.0011389004268114976,-0.0002590861404314637,0.0010743357043843658
2024-01-26 13:00:00+00:00,-0.0037895842,-0.0008145650499500334,-0.001587166564888177,-0.00025409398949705064,-0.0037331697834370697
2024-01-26 14:00:00+00:00,0.000791431,-0.0008164944010786712,0.00014093319833656997,-0.0002468493185006082,0.0007423401544566598
2024-01-26 15:00:00+00:00,-0.0014934507,-0.0008201744058169425,-0.001490263215358395,-0.00023878684442024678,-0.001447566148314582
2024-01-26 16:00:00+00:00,0.00043207043,-0.0008241108153015375,0.0006558176823912955,-0.00023190297360997647,0.00042890437910863606
2024-01-26 17:00:00+00:00,-0.0007472395,-0.0008268972742371261,-0.0006661826429368561,-0.00022533592709805816,-0.0007490191045455175
2024-01-26 18:00:00+00:00,-0.00035130547,-0.0008326987153850496,-0.0008043874247241265,-0.00022131572768557817,-0.00031565834824838365
2024-01-29 10:00:00+00:00,0.0042972537,-0.0008392673335038126,0.003767963264782451,-0.00021498136629816145,0.00417599452062811
2024-01-29 11:00:00+00:00,0.0014969995,-0.0008473775815218687,0.0016098379042882433,-0.00021365068096201867,0.0015032611820342526
2024-01-29 12:00:00+00:00,0.0009848248,-0.000851965683978051,0.001215277835701158,-0.00021725606347899884,0.0010282062048854578
2024-01-29 13:00:00+00:00,0.0012073246,-0.000856014434248209,0.001035505109438397,-0.0002234274143120274,0.0012051960743736162
2024-01-29 14:00:00+00:00,0.0009826694,-0.0008552123908884823,0.001006421390025567,-0.00022130196157377213,0.0009796059641302025
2024-01-29 15:00:00+00:00,-1.78581e-05,-0.0008539542322978377,0.00029761812195380375,-0.00021635919983964413,6.274573580529705e-05
2024-01-29 16:00:00+00:00,0.00095496076,-0.0008475136710330844,0.0008851178409946963,-0.0002140005090041086,0.0009810905426638605
2024-01-29 17:00:00+00:00,0.0029216867,-0.0008402546518482268,0.0015286061329900986,-0.00021112487593200058,0.00295660368607662
2024-01-29 18:00:00+00:00,0.00083574135,-0.0008267402881756425,0.0008402512025866723,-0.0002067660097964108,0.0007479292168923431
2024-01-30 10:00:00+00:00,-0.00069343817,-0.0008168923086486757,-0.00036181577671730053,-0.00020326205412857234,-0.0006603809605003876
2024-01-30 11:00:00+00:00,0.0015551205,-0.0008069631294347346,0.0011908784287735104,-0.0002056070661637932,0.0015400526441078097
2024-01-30 12:00:00+00:00,-0.0008439082,-0.0007945565739646554,-0.00031742335761901253,-0.00020655119442380965,-0.0008783900982659283
2024-01-30 13:00:00+00:00,0.00035541656,-0.0007800425519235432,3.803761098624216e-05,-0.00021146405197214335,0.00037050219121839126
2024-01-30 14:00:00+00:00,-0.0011911431,-0.0007666274323128164,-0.0006810145927029939,-0.00021460022253450006,-0.0012107231822261753
2024-01-30 15:00:00+00:00,-0.0029216346,-0.0007539697689935565,-0.0024526173262193157,-0.00022022398479748517,-0.002865733852290789
2024-01-30 16:00:00+00:00,0.0018270217,-0.0007382009061984718,0.0005771146071832487,-0.000229287616093643,0.0018444978801004485
2024-01-30 17:00:00+00:00,-0.0015951169,-0.0007234507938846946,-0.0014885770528758765,-0.0002371669834246859,-0.001584732276328343
2024-01-30 18:00:00+00:00,0.0011141765,-0.0007116816123016179,0.00038783098126210275,-0.0002440685493638739,0.0011356260408183641
2024-01-31 10:00:00+00:00,0.00261566,-0.0007018663454800844,0.002340130886067585,-0.00025313871446996927,0.0025083243664819
2024-01-31 11:00:00+00:00,0.001943963,-0.0006906568305566907,0.0021159375013959374,-0.00026038067881017923,0.0019444812953329936
2024-01-31 12:00:00+00:00,-0.0031619738,-0.000681545992847532,-0.002539224533353988,-0.0002700952172745019,-0.0030851418678854757
2024-01-31 13:00:00+00:00,0.0020084789,-0.0006744383717887104,0.0007396042122517527,-0.0002706735394895077,0.001969577416911463
2024-01-31 14:00:00+00:00,0.00072774396,-0.0006671292358078063,0.000822507160023403,-0.0002741764474194497,0.000687166156177835
2024-01-31 15:00:00+00:00,0.0011792402,-0.0006597604951821268,0.0012377671680186433,-0.00027553102700039744,0.0011927392368916198
2024-01-31 16:00:00+00:00,0.0005226766,-0.0006482639000751078,0.0006554080465543794,-0.00027928053168579936,0.0005608118020030791
2024-01-31 17:00:00+00:00,-0.0017995103,-0.0006367511232383549,-0.0018835164164967104,-0.00028314036899246275,-0.0017774751774959994
2024-01-31 18:00:00+00:00,-0.001278466,-0.0006270231097005308,-0.001276714761314819,-0.00028880793252028525,-0.0012292506858187064
2024-02-01 10:00:00+00:00,0.0037420017,-0.0006188360857777297,0.0025158455232795196,-0.00030052062356844544,0.003666128624473697
2024-02-01 11:00:00+00:00,-0.0027741236,-0.0006102599436417222,-0.0010072865284271003,-0.00031232068431563675,-0.0027614300088206604
2024-02-01 12:00:00+00:00,4.4375614e-05,-0.0006010206416249275,-0.0003053646191357794,-0.0003163486544508487,5.455347272726356e-05
2024-02-01 13:00:00+00:00,-8.875319e-05,-0.0005885337013751268,-3.146807263297706e-05,-0.00032735493732616305,-0.00010477889041433637
2024-02-01 14:00:00+00:00,0.0,-0.0005785593530163169,-0.00011011963225010719,-0.0003380564448889345,-7.052015546728702e-06
2024-02-01 15:00:00+00:00,-0.0014744549,-0.0005658067530021071,-0.0010827747288978035,-0.0003507058718241751,-0.0014277247798974192
2024-02-01 16:00:00+00:00,1.7777462e-05,-0.0005528568290174007,-2.122580337320287e-05,-0.00035163608845323324,-1.30364031919628e-05
2024-02-01 17:00:00+00:00,-0.0020197623,-0.000544191338121891,-0.002265587197202279,-0.0003482346364762634,-0.0020047814856909573
2024-02-01 18:00:00+00:00,0.0016997197,-0.0005338849150575697,0.0014580345100339194,-0.0003392717626411468,0.0016524786862204524
2024-02-02 10:00:00+00:00,-0.0045360443,-0.0005245027132332325,-0.003840929177041854,-0.00032888271380215883,-0.00445669711248008
2024-02-02 11:00:00+00:00,0.0018115381,-0.0005157753475941718,0.00028084487271101124,-0.00031712171039544046,0.001827644901302665
2024-02-02 12:00:00+00:00,0.00061499793,-0.0005062021082267165,0.0005001861982834411,-0.00030364433769136667,0.0006296714317960518
2024-02-02 13:00:00+00:00,-0.0017300888,-0.0004957495839335024,-0.0006526561415546016,-0.00028924542129971087,-0.001695496816279491
2024-02-02 14:00:00+00:00,-0.00016960273,-0.0004833950661122799,-0.00043529575900604057,-0.00027196676819585264,-0.00017831695254506236
2024-02-02 15:00:00+00:00,-0.0029682368,-0.00046877871500328183,-0.0029301105493220975,-0.00025617756182327867,-0.0029764519579772216
2024-02-02 16:00:00+00:00,-0.00065383775,-0.0004563066177070141,-0.0006069291989475563,-0.00024001968267839402,-0.0006555919487240138
2024-02-02 17:00:00+00:00,0.0046660136,-0.000440634205006063,0.0042247479705293575,-0.00022179180814418942,0.004585616821317651
2024-02-02 18:00:00+00:00,-0.003600388,-0.00042057730024680495,-0.0020678094212675407,-0.00020099781977478415,-0.0035426834403494392
2024-02-05 10:00:00+00:00,-0.0043682097,-0.0003947115910705179,-0.004433185930168064,-0.00017902963736560196,-0.004302875104257182
2024-02-05 11:00:00+00:00,-0.0008723375,-0.00037164599052630365,-0.0018754414455205916,-0.00016155632329173386,-0.000870927860592017
2024-02-05 12:00:00+00:00,0.0034937593,-0.0003475139383226633,0.002731518760519992,-0.0001466748653911054,0.00337843574376312
2024-02-05 13:00:00+00:00,-0.0001703631,-0.0003189377603121102,0.0003999113790009376,-0.00013089351705275476,-0.00011349575092728494
2024-02-05 14:00:00+00:00,0.0006185484,-0.00029053245089016855,0.0007938792588242764,-0.00011909497698070481,0.0006483076730505178
2024-02-05 15:00:00+00:00,0.0033014107,-0.00026250688824802637,0.002824867709554788,-0.00010870821279240772,0.0032049359162223943
2024-02-05 16:00:00+00:00,0.003495291,-0.0002429305895930156,0.003561444896728883,-9.50045432546176e-05,0.0034879254272036446
2024-02-05 17:00:00+00:00,0.0032524688,-0.00021977619326207787,0.002185216209251185,-9.027618943946436e-05,0.0032868347796768775
2024-02-05 18:00:00+00:00,-0.0030299688,-0.00019358684949111193,-0.002771881979473005,-8.698205783730373e-05,-0.0030433557629440614
2024-02-06 10:00:00+00:00,0.0006583103,-0.00017483768169768155,0.0006454890939716147,-8.2972357631661e-05,0.0006427446349544934
2024-02-06 11:00:00+00:00,-0.00021345857,-0.00014431103772949427,-0.00021236320001154723,-7.917993934825063e-05,-0.00025778876092620676
2024-02-06 12:00:00+00:00,-0.002654246,-0.00012191224232083187,-0.0013708666623634476,-6.856394611531869e-05,-0.0026598024515587723
2024-02-06 13:00:00+00:00,0.00015160636,-9.602792124496773e-05,-1.3904025258613229e-05,-6.16245306446217e-05,0.00016598553575101138
2024-02-06 14:00:00+00:00,0.00058837165,-7.251229544635862e-05,0.00047720353503422736,-5.20175599376671e-05,0.0005953835606235299
2024-02-06 15:00:00+00:00,-0.0022305108,-4.1526698623783886e-05,-0.0010291022429438446,-4.21067961724475e-05,-0.002217845160564722
2024-02-06 16:00:00+00:00,0.0010801884,-1.836188675952144e-05,0.0006902292121235696,-3.1455085263587534e-05,0.0010633704662409863
2024-02-06 17:00:00+00:00,-0.000821194,-1.528752136437106e-06,-0.0006937714799698225,-9.512631550023798e-06,-0.0008238914008784984
2024-02-06 18:00:00+00:00,-0.00075931166,7.944269782456104e-06,-0.000811459686647152,1.2853554835601244e-05,-0.0007558675349270828
2024-02-07 10:00:00+00:00,0.0029179645,1.0295257197867613e-05,0.0017935977325186042,2.7095160476164892e-05,0.002866830419095553
2024-02-07 11:00:00+00:00,0.00089954893,1.3414562090474647e-05,0.0008477896176216065,4.971957969246432e-05,0.0008827017887476958
2024-02-07 12:00:00+00:00,0.00021363527,9.30557416722877e-06,0.00022810614387513688,6.267443677643314e-05,0.00017586657742196983
2024-02-07 13:00:00+00:00,0.00037375194,7.438121429004241e-06,0.00044501548445550793,8.050151518546045e-05,0.00040361760692078874
2024-02-07 14:00:00+00:00,0.0018489058,9.86175336947781e-07,0.0018827669993178638,9.691354352980852e-05,0.0018276846532820472
2024-02-07 15:00:00+00:00,0.002403794,-3.479691031316179e-06,0.0024218364788139825,0.00010700749407988042,0.0024090610327678745
2024-02-07 16:00:00+00:00,9.744905e-05,-1.1783032277890015e-05,0.0001790532091074716,0.00011820156214525923,8.972930287920702e-05
2024-02-07 17:00:00+00:00,-0.003860923,-1.7214821127709e-05,-0.003232598336727257,0.00012456371041480452,-0.0038427123407340107
2024-02-07 18:00:00+00:00,0.00018673223,-2.9129609174560755e-05,-0.0007031441434687836,0.0001334377593593672,0.00022202791145723973
2024-02-08 10:00:00+00:00,-0.0037769845,-4.2579384171403944e-05,-0.0037313534210552043,0.0001423586654709652,-0.0037922741157649003
2024-02-08 11:00:00+00:00,-0.00016065978,-5.49961332581006e-05,-0.0003290402423815114,0.00015097562572918832,-0.00015255668489706266
2024-02-08 12:00:00+00:00,8.92622e-06,-6.947696965653449e-05,1.2592118476481207e-05,0.00016409417730756104,3.740217421509824e-06
2024-02-08 13:00:00+00:00,-0.00018746736,-7.977852510521188e-05,-0.00014172253929820518,0.0001815738796722144,-0.0002128119317591474
2024-02-08 14:00:00+00:00,0.0010618507,-9.359763498650864e-05,0.0007754323188467859,0.00019197964866179973,0.0010768172710990667
2024-02-08 15:00:00+00:00,0.00025859955,-0.00010149813169846311,0.0002888622040901584,0.00019896822050213814,0.00021820031999674833
2024-02-08 16:00:00+00:00,-0.0011954681,-0.00010651832417352125,-0.0002837026732288628,0.00021716838818974793,-0.001193638704401587
2024-02-08 17:00:00+00:00,0.0029147912,-0.00011454843479441479,0.002519957102158644,0.00023742133635096252,0.0028906625619976325
2024-02-08 18:00:00+00:00,0.0012808882,-0.00012290955055505037,0.0013422826269647874,0.00025204572011716664,0.001265800418221508
2024-02-09 10:00:00+00:00,-0.0057859025,-0.00013321421283762902,-0.004781312524642764,0.0002545389288570732,-0.005768705185960097
2024-02-09 11:00:00+00:00,0.0001251654,-0.0001439769403077662,-0.0002187824042222165,0.000260336440987885,0.00018597858112955198
2024-02-09 12:00:00+00:00,0.004406551,-0.0001544193219160661,0.003035529985406616,0.000267231953330338,0.004318643070757112
2024-02-09 13:00:00+00:00,-0.00066776184,-0.00016095180762931705,-6.076520782008837e-05,0.00026244428590871394,-0.0005964426372885376
2024-02-09 14:00:00+00:00,0.0014062321,-0.00016745529137551785,0.0009903604224232431,0.00025433191331103444,0.0013465730863292892
2024-02-09 15:00:00+00:00,-0.0011746909,-0.00016723743465263397,-0.0007573695719435598,0.00023947592126205564,-0.0011726166566248027
2024-02-09 16:00:00+00:00,-0.001853833,-0.0001646891760174185,-0.0012917831367731509,0.0002254733699373901,-0.0018221078702844152
2024-02-09 17:00:00+00:00,0.0022010445,-0.00016626217984594405,0.001154394187810121,0.0002127921616192907,0.0022266571998973586
2024-02-09 18:00:00+00:00,-0.0009350747,-0.00016757506818976253,-0.0008272622971833925,0.00019161056843586266,-0.0009850878880666748
2024-02-12 10:00:00+00:00,-0.0020334637,-0.00016335859254468232,-0.0017901947545998472,0.0001759353035595268,-0.002002755013653251
2024-02-12 11:00:00+00:00,-0.00083062786,-0.00016207437147386372,-0.0008113022931240568,0.00016046561358962208,-0.0007521001784313419
2024-02-12 12:00:00+00:00,-0.0011085782,-0.0001608274324098602,-0.0010700629944201327,0.00014221972378436476,-0.00106548654937154
2024-02-12 13:00:00+00:00,0.0007332296,-0.00015645242820028216,0.0004272968334129265,0.00012952335237059742,0.0007301192887330202
2024-02-12 14:00:00+00:00,-0.002774796,-0.00015411389176733792,-0.0021047402781913587,0.00011618401913437992,-0.0027631021616530732
2024-02-12 15:00:00+00:00,0.00040327097,-0.00015331149916164577,-0.0007961205773353587,0.00010273546649841592,0.00040174050414022017
2024-02-12 16:00:00+00:00,0.0002777143,-0.00015389072359539568,0.00042200586524660585,9.282880637329072e-05,0.00022136849607005447
2024-02-12 17:00:00+00:00,0.0015573539,-0.00015542219625785947,0.0014789430570275,8.346712274942547e-05,0.0014998991784684263
2024-02-12 18:00:00+00:00,0.002492085,-0.00015550313401035964,0.0023728449774498644,7.450839621014893e-05,0.0024297690377784223
2024-02-13 10:00:00+00:00,0.004539434,-0.0001593198103364557,0.004824918704881192,6.688111898256466e-05,0.004543558665677506
2024-02-13 11:00:00+00:00,-0.0023027451,-0.000159033719683066,-0.0015817533707131626,5.226637586019933e-05,-0.0022784506857815292
2024-02-13 12:00:00+00:00,0.0003648807,-0.0001586412836331874,-0.0002814187138450044,4.681304199039005e-05,0.0003920911043083103
2024-02-13 13:00:00+00:00,-0.0008634695,-0.00015743392577860504,-0.0008832734416592455,4.198600072413683e-05,-0.0008211907706579403
2024-02-13 15:00:00+00:00,0.00031164713,-0.0001551157038193196,4.999837329310913e-05,3.7760673876618966e-05,0.00021453607644531425
2024-02-13 16:00:00+00:00,-0.00061448314,-0.00014802333316765726,-0.0003407717777660942,8.678328413225245e-06,-0.0005090899215808033
2024-02-13 17:00:00+00:00,0.00018705658,-0.000148438208270818,0.00012022211972442535,-7.160943823691923e-06,0.00012262776522771213
2024-02-13 18:00:00+00:00,0.00028497132,-0.00014604518946725875,0.00027384008539111716,-2.1438598196255043e-05,0.0002952382691939519
2024-02-14 10:00:00+00:00,0.0011568617,-0.00014869504957459867,0.0008693998836002598,-3.597788600018248e-05,0.001124252834593686
2024-02-14 11:00:00+00:00,-0.0004536862,-0.00014100050611887127,-0.0003603746408877148,-6.561280315509066e-05,-0.0005381650143417578
2024-02-14 12:00:00+00:00,-0.00068536744,-0.0001326725905528292,-0.0007052704588374261,-0.00010995896445820108,-0.0006357327153192454
2024-02-14 13:00:00+00:00,-0.00021371708,-0.0001316000852966681,-0.00020314450485269333,-0.0001320706505794078,-0.0001539327835355375
2024-02-14 14:00:00+00:00,0.00013357852,-0.00012805180449504405,0.00013524661102552775,-0.00014506322622764856,9.670212232290487e-05
2024-02-14 15:00:00+00:00,-0.0014703461,-0.00011301664198981598,-0.0015644966235862296,-0.00015227832773234695,-0.0013836089698029005
2024-02-14 16:00:00+00:00,0.0022091581,-0.0001129502707044594,0.002040286293634073,-0.00016467431851197034,0.0021062999791714512
2024-02-14 17:00:00+00:00,-0.0032173712,-0.0001203036736114882,-0.0032209470950345016,-0.00018021852883975953,-0.003189680703752542
2024-02-14 18:00:00+00:00,0.0020421364,-0.00013189518358558416,0.0015287404146041527,-0.00019303997396491468,0.0020240601206955133
2024-02-15 10:00:00+00:00,-0.006183781,-0.00013987581769470125,-0.0039935109677226585,-0.00020795116142835468,-0.0060916385483420835
2024-02-15 11:00:00+00:00,-0.0002599836,-0.00014988062321208417,-0.0010441379438097676,-0.0002246711665065959,-0.00019549070692051446
2024-02-15 12:00:00+00:00,-0.0005829675,-0.00015572409029118717,-0.0011048464798335419,-0.00024391857732553035,-0.0005497179537765225
2024-02-15 13:00:00+00:00,-0.0025870912,-0.00016189159941859543,-0.0025517067309769764,-0.00026994242216460407,-0.0025972845985530323
2024-02-15 14:00:00+00:00,0.003439006,-0.00015307431749533862,0.002056943490253758,-0.000307406677166,0.0033527520604977944
2024-02-15 15:00:00+00:00,-8.963746e-06,-0.00014339164772536606,0.0004933462772104831,-0.0003351606137584895,-4.14272622672304e-06
2024-02-15 16:00:00+00:00,0.00061831006,-0.00012567230442073196,0.0006178208196068388,-0.00037077334127388895,0.000616285300150622
2024-02-15 17:00:00+00:00,-0.0013267,-0.00010743640450527892,-0.0009087951421381665,-0.00038792789564467967,-0.0013271004367986904
2024-02-15 18:00:00+00:00,-0.0010410778,-9.442894224775955e-05,-0.0010592151175862158,-0.0004004826187156141,-0.001040586362613804
2024-02-16 10:00:00+00:00,0.0030125636,-7.584747800137848e-05,0.002336579367076437,-0.0004256194515619427,0.002983617788670759
2024-02-16 11:00:00+00:00,-0.0033628247,-6.317175575532019e-05,-0.0017098100121861657,-0.0004653948708437383,-0.003301257963442997
2024-02-16 12:00:00+00:00,0.0009517055,-4.1259860154241323e-05,0.0002589054556894274,-0.00048511428758502007,0.0009159857479788889
2024-02-16 13:00:00+00:00,-0.0031458721,-2.087918619508855e-05,-0.0031116331309825555,-0.000504893425386399,-0.0031289108728902535
2024-02-16 14:00:00+00:00,-0.00643937,6.783439857827034e-06,-0.004772834651361728,-0.0005104923620820045,-0.006404331509239286
2024-02-16 15:00:00+00:00,-0.0026400918,2.739261071837973e-05,-0.00267910073030339,-0.0005413546459749341,-0.0026437166494429885
2024-02-16 16:00:00+00:00,0.004025391,4.9765185394790024e-05,0.0020252528330127056,-0.0005772598669864237,0.00392680168696824
2024-02-16 17:00:00+00:00,0.0013653113,6.507504440378398e-05,0.0012778301284986182,-0.0006035478436388075,0.0014057424121275428
2024-02-16 18:00:00+00:00,0.00054199074,8.284542855108157e-05,0.0005405873672966625,-0.0006484956829808652,0.0005287721399712582
2024-02-19 10:00:00+00:00,-0.001418831,0.00010512206790735945,-0.0013124497077608684,-0.0006678019417449832,-0.0013619052027292473
2024-02-19 11:00:00+00:00,-0.001212571,0.0001251057256013155,-0.000967869377773749,-0.000677345902658999,-0.0012053986790808756
2024-02-19 12:00:00+00:00,0.0019538677,0.00014815492613706738,0.001159530291246603,-0.0006740763201378286,0.0019241633227301065
2024-02-19 13:00:00+00:00,-0.00012652394,0.00015984309720806777,0.00011456346778199566,-0.0006947687361389399,-0.00016848589592756433
2024-02-19 14:00:00+00:00,0.0014089344,0.00017915110220201313,0.0010028344865628035,-0.0007154985796660185,0.0013961757225190083
2024-02-19 15:00:00+00:00,0.0015961983,0.0002019881212618202,0.0011215468314213113,-0.000735115900170058,0.0016074986333829186
2024-02-19 16:00:00+00:00,-0.0001892463,0.00023575664090458304,-2.9199310121283677e-05,-0.0006887106574140489,-0.00021390885763009548
2024-02-19 17:00:00+00:00,-0.0008114615,0.00026314554270356894,-0.0007220916292970845,-0.0006958844605833292,-0.0007957242465586004
2024-02-19 18:00:00+00:00,-0.0027367705,0.0002916082157753408,-0.0017713303414814967,-0.0007031692657619715,-0.0026776606129827775
2024-02-20 10:00:00+00:00,-0.0034156474,0.00032665650360286236,-0.0033184264890635073,-0.0006827097968198359,-0.0033838242949114994
2024-02-20 11:00:00+00:00,-0.0045389915,0.0003552872803993523,-0.004833668884977841,-0.0006534735439345241,-0.0044193643478264615
2024-02-20 12:00:00+00:00,0.00044662593,0.00038732949178665876,-0.00048496465391840375,-0.0006354111828841269,0.00027489168956762477
2024-02-20 13:00:00+00:00,0.0010565241,0.0004045490059070289,0.001039222976246394,-0.0006193073932081461,0.0010153386675001053
2024-02-20 14:00:00+00:00,0.00040045872,0.00042323576053604484,0.00041873778214959425,-0.0005896402290090919,0.0004484192464789767
2024-02-20 15:00:00+00:00,0.000500348,0.00044362552580423653,0.000287409960451157,-0.000552272074855864,0.0004969614722904706
2024-02-20 16:00:00+00:00,-0.00035476638,0.0004609938769135624,-0.00021305119940495242,-0.0005052128108218312,-0.0003316826154556941
2024-02-20 17:00:00+00:00,-0.0016390162,0.0004765097110066563,-0.0016410260731221872,-0.00045611191308125854,-0.0016172760040505823
2024-02-20 18:00:00+00:00,-0.0034232696,0.0004931127768941224,-0.003471129670964707,-0.0004186957376077771,-0.0033806382750093864
2024-02-21 10:00:00+00:00,-0.0083193015,0.0005112928920425475,-0.003311187433523562,-0.00036925129825249314,-0.008353618930369178
2024-02-21 11:00:00+00:00,-0.0058631124,0.0005275592557154596,-0.004058000886217792,-0.0003274100017733872,-0.005783203138461351
2024-02-21 12:00:00+00:00,-0.0018102577,0.0005491174524649978,-0.0031591776446263844,-0.0002658340963535011,-0.0017807828852377562
2024-02-21 13:00:00+00:00,-0.0027075703,0.0005654491251334548,-0.002817910448929364,-0.00022414787963498384,-0.002671536152260535
2024-02-21 14:00:00+00:00,-0.0028550655,0.0005820202641189098,-0.002903341419497816,-0.0001633198990020901,-0.002849903930226329
2024-02-21 15:00:00+00:00,0.0068626394,0.0005994387320242822,0.004415936171218401,-0.00010209036554442719,0.006476737847243387
2024-02-21 16:00:00+00:00,0.0016874825,0.0006185906822793186,0.0016535752801504447,-5.7872748584486544e-05,0.0018031341082858448
2024-02-21 17:00:00+00:00,-0.0040008035,0.0006349627510644495,-0.0022251390088072536,-1.2829624211008195e-05,-0.003861588465161599
2024-02-21 18:00:00+00:00,-0.006569578,0.0006556811858899891,-0.0062847113797668665,3.947799632442184e-05,-0.006441202480289355
2024-02-22 10:00:00+00:00,0.0052293073,0.0006807656609453261,0.001897092996358296,9.313611371908337e-05,0.004861984709266116
2024-02-22 11:00:00+00:00,-0.0011275902,0.0006964058266021311,-0.0010370700763291704,0.00013692540233023465,-0.0009914701889004078
2024-02-22 12:00:00+00:00,-0.00482289,0.0007108333520591259,-0.0045010858474143125,0.00017904469859786332,-0.004642587866072757
2024-02-22 13:00:00+00:00,0.0034606317,0.0007442228379659355,0.002067993914115754,0.0003388996992725879,0.003168708061312974
2024-02-22 14:00:00+00:00,0.004071921,0.000764168391469866,0.0037940293654636563,0.00038738755392841995,0.003946179205792422
2024-02-22 15:00:00+00:00,0.00078080705,0.0007805618806742132,0.0008127482881456715,0.0004268772026989609,0.0009475832903834497
2024-02-22 16:00:00+00:00,-0.0049367636,0.0007974778418429196,-0.0033759519073074287,0.00046933110570535064,-0.004786656027181375
2024-02-22 17:00:00+00:00,-0.004079538,0.0008232176187448204,-0.004215673711341956,0.0005707244854420424,-0.004065195545501813
2024-02-22 18:00:00+00:00,-0.0019990527,0.000857649021781981,-0.0019930423848695616,0.0006928304210305214,-0.0021005601975790846
2024-02-26 10:00:00+00:00,0.020273352,0.0008772618020884693,0.017139146864949266,0.0007363154436461627,0.019506620848612412
2024-02-26 11:00:00+00:00,0.0006810171,0.0008983089355751872,0.0015240061308043815,0.0007626175647601485,0.0010791083700125471
2024-02-26 12:00:00+00:00,0.0045344057,0.000923939049243927,0.0041628096551242924,0.000785471114795655,0.0045680589348129595
2024-02-26 13:00:00+00:00,0.00236916,0.0009527984075248241,0.0022223902122373413,0.0008027000003494322,0.002472616925486624
2024-02-26 14:00:00+00:00,0.0,0.0009807912865653634,0.00016999249776811134,0.000818974687717855,3.127978119941145e-05
2024-02-26 15:00:00+00:00,0.0039756047,0.0010110045550391078,0.0029730382175553794,0.0008235800196416676,0.003956590544554092
2024-02-26 16:00:00+00:00,-0.0024874615,0.0010382267646491528,-0.001132110221442237,0.000843932677526027,-0.0024348654895509844
2024-02-26 17:00:00+00:00,0.0019412969,0.001065736636519432,0.0017528948511562666,0.0008603854803368449,0.0019390331023204897
2024-02-26 18:00:00+00:00,-0.00079246884,0.0010929238051176071,-0.00045620007466090065,0.0008789396961219609,-0.0007523617326788086
2024-02-27 10:00:00+00:00,0.003956079,0.001124757924117148,0.0026380712576915782,0.0008967369212768972,0.004011135438900289
2024-02-27 11:00:00+00:00,-0.0023080849,0.0011538700200617313,-0.001075742277692892,0.0009098132723011076,-0.0023873275468691696
2024-02-27 12:00:00+00:00,0.0011910554,0.0011779888300225139,0.0009786268003764084,0.0009284932166337967,0.001156806424107256
2024-02-27 13:00:00+00:00,-0.0011182785,0.0011975582456216216,-0.0006828774351153663,0.0009490137454122305,-0.0011267385246181863
2024-02-27 14:00:00+00:00,-0.0029060915,0.0012149326503276825,-0.0023463523291328073,0.0009687556303106248,-0.002824722373403569
2024-02-27 15:00:00+00:00,0.00018244846,0.0012343726120889187,0.00013230834512472218,0.0009926424827426672,0.00014880797492239814
2024-02-27 16:00:00+00:00,-3.648703e-05,0.0012549777748063207,-5.898806100396796e-05,0.0010277716210111976,-3.6631701732182516e-05
2024-02-27 17:00:00+00:00,-0.00011859204,0.0012712248135358095,-0.00023733631712071255,0.001052633160725236,-0.00010792575924635208
2024-02-27 18:00:00+00:00,0.0011032749,0.001287500374019146,0.0008428769800182944,0.0010691994102671742,0.0010271986742863802
2024-02-28 10:00:00+00:00,0.008150123,0.0013014896539971232,0.008067210365033075,0.0010885102674365044,0.00799161381876964
2024-02-28 11:00:00+00:00,0.00076801796,0.001318297698162496,0.0008785469634965472,0.0010996009223163128,0.0008361637989348594
2024-02-28 12:00:00+00:00,-0.0012652853,0.0013341712765395641,-0.001275055703642124,0.0011156564578413963,-0.0011852554061204381
2024-02-28 13:00:00+00:00,0.0020236888,0.001351694343611598,0.0011693296427077349,0.001129833166487515,0.001977072058887303
2024-02-28 14:00:00+00:00,0.00018048749,0.001367069547995925,0.0002459646394987859,0.0011436166241765022,0.00019108148278964622
2024-02-28 15:00:00+00:00,0.0033691297,0.0013816680293530226,0.002898699007702063,0.001156785641796887,0.0033168077120901466
2024-02-28 16:00:00+00:00,0.000746158,0.0013929079286754131,0.0021199391159917418,0.0011650808155536652,0.0008863731498931043
2024-02-28 17:00:00+00:00,-0.0028798233,0.0014025494456291199,-0.0023051948833518066,0.0011734480503946543,-0.0029114209848415573
2024-02-28 18:00:00+00:00,0.0047562406,0.0014091614866629243,0.002738965243960108,0.001182588399387896,0.004680720031065697
2024-02-29 10:00:00+00:00,0.0022935995,0.001413219142705202,0.001515716938468944,0.0011897898511961102,0.0024300160188815345
2024-02-29 11:00:00+00:00,0.0024133443,0.0014221513411030173,0.0024198990991888074,0.001196575816720724,0.0023896223990474276
2024-02-29 12:00:00+00:00,0.003021864,0.0014220864977687597,0.002306081778494199,0.0012081689201295376,0.0030131032174967303
2024-02-29 13:00:00+00:00,0.0010230453,0.0014186615590006113,0.001425291079056803,0.0012116959551349282,0.0009992830578710666
2024-02-29 14:00:00+00:00,-0.00016895271,0.00141155777964741,0.000615802217078627,0.0012151905102655292,-0.00021404350125214073
2024-02-29 15:00:00+00:00,-0.0024396554,0.0014040491078048944,-0.001871786321717387,0.0012231782311573625,-0.0024186986805381826
2024-02-29 16:00:00+00:00,0.0027419718,0.0013983433600515127,0.002301121658419866,0.0012265366967767477,0.002753439053475321
2024-02-29 17:00:00+00:00,0.0015723483,0.0013884399086236954,0.0015205846121429157,0.0012250988511368632,0.0014860058215080845
2024-02-29 18:00:00+00:00,0.00064776326,0.001381763955578208,0.0005598781541920573,0.0012225969694554806,0.0006703260628329154
2024-03-01 10:00:00+00:00,-0.0024957492,0.0013814681442454457,-0.001834486982762516,0.0012260001385584474,-0.0024422827013685653
2024-03-01 11:00:00+00:00,-0.0011923407,0.001377694308757782,-0.001259605050308648,0.0012305284617468715,-0.001182689478506111
2024-03-01 12:00:00+00:00,8.902975e-05,0.0013640389079228044,-8.911507751618148e-05,0.0012252869782969356,5.940299486732254e-05
2024-03-01 13:00:00+00:00,-0.0003205442,0.001352712162770331,-0.00028173266686739906,0.0012140285689383745,-0.0002946970065596115
2024-03-01 14:00:00+00:00,-0.00047209937,0.0013443260686472058,-0.0005939800026212709,0.0012022763257846236,-0.0004623160296749708
2024-03-01 15:00:00+00:00,0.0025715763,0.001333029824309051,0.0018491250749559202,0.0011906203581020236,0.0025477679582110173
2024-03-01 16:00:00+00:00,0.00030210408,0.0013237923849374056,0.0003742265722556232,0.0011737532913684845,0.00027498753530973895
2024-03-01 17:00:00+00:00,-0.0027489532,0.001307400525547564,-0.002749450403153343,0.0011561758583411574,-0.002732859579430901
2024-03-01 18:00:00+00:00,-0.00017818641,0.0012930681696161628,-0.00014691723375959265,0.0011406077537685633,-0.00019565372271256135
2024-03-04 10:00:00+00:00,0.007695384,0.0012816282687708735,0.007724868808194391,0.0011288884561508894,0.007609771431904675
2024-03-04 11:00:00+00:00,0.0026402131,0.0012752371840178967,0.0032592340674126733,0.0011063875863328576,0.002623640403047139
2024-03-04 12:00:00+00:00,0.0014451889,0.0012651645811274648,0.0014189439828386074,0.0010801241733133793,0.001467464961501379
2024-03-04 13:00:00+00:00,-0.0008633373,0.001250549452379346,-0.00025263285489779646,0.0010617364896461368,-0.0008616897360440804
2024-03-04 14:00:00+00:00,0.0016995351,0.0012322233524173498,0.0012031869372004867,0.0010375689016655087,0.0016779203744281073
2024-03-04 15:00:00+00:00,0.00010557525,0.0012146515073254704,0.0001144032600861857,0.001007472281344235,0.00018481586336950107
2024-03-04 16:00:00+00:00,-0.00022876047,0.0011977251851931214,-0.000219169189109614,0.0009901105659082532,-0.00021275338263504058
2024-03-04 17:00:00+00:00,0.0010729615,0.0011823006207123399,0.0010934158729620643,0.000974027905613184,0.0010510885920957808
2024-03-04 18:00:00+00:00,-0.00010548616,0.001168321119621396,7.757169999926608e-05,0.0009521858301013708,-8.119543611578002e-05
2024-03-05 10:00:00+00:00,-0.002720108,0.0011580177815631032,-0.0023020814603764315,0.0009267829009331763,-0.0026972732010460358
2024-03-05 11:00:00+00:00,0.0034055691,0.0011482645059004426,0.001601012256723945,0.000911629875190556,0.0034272590882995766
2024-03-05 12:00:00+00:00,0.0015010998,0.0011290587717667222,0.0014883273629316277,0.0008976132958196104,0.0014467382208723616
2024-03-05 13:00:00+00:00,0.0035462738,0.0011030880268663168,0.0022097010233404733,0.0008763928199186921,0.0036270475356406286
2024-03-05 14:00:00+00:00,-0.0012857126,0.0010834959102794528,-0.0009414306292119467,0.0008475831127725542,-0.001374392018102526
2024-03-05 15:00:00+00:00,0.0036778075,0.0010657715611159801,0.002111711771741034,0.0008216082351282239,0.003745342366687064
2024-03-05 16:00:00+00:00,-0.00018313341,0.0010450970148667693,0.0002635492242017383,0.0007928959676064551,-0.00021887271992357562
2024-03-05 17:00:00+00:00,0.00019185322,0.0010219308314844966,-0.00015971843119674906,0.0007968249847181141,0.00013884022691039858
2024-03-05 18:00:00+00:00,0.00071476516,0.001000446267426014,0.0007219904647171932,0.0007735537947155535,0.0007438424373633046
2024-03-06 10:00:00+00:00,0.0007926174,0.000983342994004488,0.0008854422647685363,0.0007611529435962439,0.0007194658320499649
2024-03-06 11:00:00+00:00,0.0027996122,0.0009664888493716717,0.0011967471566180583,0.0007471268763765693,0.0029079572819591414
2024-03-06 12:00:00+00:00,0.00196894,0.000945655454415828,0.0019646038397887755,0.0007225811132229865,0.001945467693921962
2024-03-06 13:00:00+00:00,0.0004937951,0.0009247261914424598,0.0007014116260195944,0.0007013344438746572,0.0004811785111117567
2024-03-06 14:00:00+00:00,-0.002237021,0.0009031774825416505,-0.0012222545871408634,0.0006718758959323168,-0.002367272614453689
2024-03-06 15:00:00+00:00,-0.00035595684,0.0008785728132352233,-0.0005299651303484672,0.0006487392820417881,-0.0003165941851087891
2024-03-06 16:00:00+00:00,-0.00097301626,0.0008560170535929501,-0.0009291142571230451,0.0006371548515744507,-0.0009726636875540574
2024-03-06 17:00:00+00:00,-0.00010430792,0.0008376403711736202,-0.00025058216265306583,0.00062461820198223,-6.79055677219797e-05
2024-03-06 18:00:00+00:00,0.0011294234,0.000814487284515053,0.00023125695315152274,0.0005994731327518821,0.0011367382870140273
2024-03-07 10:00:00+00:00,-0.0007209461,0.0007892682915553451,-0.00048236768543665864,0.0005787137197330594,-0.0008484218839636664
2024-03-07 11:00:00+00:00,-0.001922166,0.0007561512757092714,-0.0016490628693906146,0.0005423050024546683,-0.0018878992537021894
2024-03-07 12:00:00+00:00,-0.0015421413,0.0007199141546152532,-0.0016223525487053059,0.0005152130033820868,-0.001513411747525142
2024-03-07 13:00:00+00:00,0.0008454228,0.0006741274846717715,0.0003471479080438088,0.0004986955318599939,0.0008745399320890289
2024-03-07 14:00:00+00:00,7.8405064e-05,0.0006211787112988532,0.0001667129683956683,0.0004856223822571337,2.9452406604899112e-05
2024-03-07 15:00:00+00:00,4.3555716e-05,0.0005665255011990666,6.015183900855211e-05,0.0004629962204489857,5.768650995957254e-05
2024-03-07 16:00:00+00:00,0.003339424,0.0005100267590023577,0.0028261755116516635,0.00044340509339235723,0.003387202817260846
2024-03-07 17:00:00+00:00,-0.0013726838,0.0004501318617258221,-0.0002983869721384574,0.0004159647214692086,-0.00144801049515204
2024-03-07 18:00:00+00:00,0.0016331073,0.0003959954483434558,0.0012149393941639824,0.0003761276602745056,0.0016608053756834512
2024-03-11 10:00:00+00:00,0.005306522,0.00034066062653437257,0.0036625694286132305,0.00033208890818059444,0.005357771066930042
2024-03-11 11:00:00+00:00,-0.0016331049,0.00028361528529785573,-0.0009656511527257341,0.00028532897704280913,-0.0017789744148966956
2024-03-11 12:00:00+00:00,0.0008644089,0.00022745337628293782,0.0006234825696808445,0.0002345987013541162,0.0008961012081744315
2024-03-11 13:00:00+00:00,0.00038010333,0.000169165781699121,0.0006866377826942048,0.00018792662012856454,0.0003281227202410775
2024-03-11 14:00:00+00:00,0.0013809772,0.00011378515046089888,0.0012824078109335993,0.00013595768541563302,0.001405277927244126
2024-03-11 15:00:00+00:00,-0.0019252608,6.339618266792968e-05,-0.0007989923272885107,6.94372138241306e-05,-0.001960190213665983
2024-03-11 16:00:00+00:00,-0.0007348206,8.551597602490801e-06,-0.0009618433855343267,2.4084982214844786e-05,-0.0007622666287464358
2024-03-11 17:00:00+00:00,-0.0012894016,-4.027656541438773e-05,-0.0009598675678769767,-1.893182343337685e-05,-0.0012801039289666834
2024-03-11 18:00:00+00:00,-0.0010223178,-9.055042028194293e-05,-0.0007379569461998706,-6.918627332197502e-05,-0.001055452985709517
2024-03-12 10:00:00+00:00,-0.0031601912,-0.00014602503506466746,-0.002685401475197935,-0.00012447498738765717,-0.003176869697022292
2024-03-12 11:00:00+00:00,0.00067802507,-0.00021058179845567793,0.00010801572080062618,-0.00017995787493418902,0.0007544031957176403
2024-03-12 12:00:00+00:00,-0.0021747837,-0.00027921664877794683,-0.002193502125409715,-0.00022222423285711557,-0.002238844906696803
2024-03-12 13:00:00+00:00,-2.6126147e-05,-0.0003541645419318229,-0.0007496608187173772,-0.00026172224897891283,-1.0929526146523055e-05
2024-03-12 14:00:00+00:00,0.0008443998,-0.0004346880014054477,0.0008505953815280369,-0.0002991597866639495,0.0008769873703383892
2024-03-12 15:00:00+00:00,-0.0002088573,-0.0005210185772739351,3.513475488381338e-05,-0.00033732346491888165,-0.0002523889013091822
2024-03-12 16:00:00+00:00,-0.00523566,-0.0006039988365955651,-0.0036993306772459774,-0.00036308306152932346,-0.00532881109176168
2024-03-12 17:00:00+00:00,2.6246604e-05,-0.0006908384384587407,-0.0011873445185428746,-0.0003883179451804608,0.00014084151421412509
2024-03-12 18:00:00+00:00,0.0013201899,-0.0007790941745042801,0.0005591001081142223,-0.00041244039312005043,0.001381772362658612
2024-03-13 10:00:00+00:00,0.0022603811,-0.0008705424843356013,0.0016606169577275147,-0.00044082096428610384,0.002279062846004467
2024-03-13 11:00:00+00:00,-6.102425e-05,-0.0009659241186454892,0.00020066429898029,-0.00046218925854191184,-0.0001294866642088701
2024-03-13 12:00:00+00:00,-0.0014482389,-0.0010595318162813783,-0.0004579803495984743,-0.0004734439426101744,-0.0014693553608009894
2024-03-13 13:00:00+00:00,-0.0004016906,-0.0011448514414951205,-0.00042823234551433303,-0.00048452644841745496,-0.00037158640391882306
2024-03-13 14:00:00+00:00,7.860434e-05,-0.0012250063009560108,0.00019380870912980025,-0.000501694274134934,2.35020624089487e-05
2024-03-13 15:00:00+00:00,0.00018338609,-0.0013083340600132942,0.00020612922877883764,-0.0005204823683016002,0.00021912025453051326
2024-03-13 16:00:00+00:00,-8.731909e-06,-0.001395398285239935,-0.00011373982367970538,-0.000528069562278688,9.303029540323233e-07
2024-03-13 17:00:00+00:00,0.0023809846,-0.0014514265349134803,0.0018410234795537125,-0.0005289326072670519,0.002364773390632897
2024-03-13 18:00:00+00:00,-0.004855184,-0.001484932261519134,-0.004876038653145001,-0.0005385804688557982,-0.004947400267478012
2024-03-14 10:00:00+00:00,-0.009428142,-0.0015046531334519386,-0.008187821063578205,-0.0005448168376460671,-0.0094536651802937
2024-03-14 11:00:00+00:00,0.0018980447,-0.0015198480105027556,-0.00040288962319908156,-0.0005453124758787453,0.002015146908730236
2024-03-14 12:00:00+00:00,0.0036622982,-0.0015248898416757584,0.0022102412571900513,-0.000537929474376142,0.0037468734710117708
2024-03-14 13:00:00+00:00,-0.0008175717,-0.001523374579846859,-0.0002480780217241718,-0.0005382014787755907,-0.0008548814219693523
2024-03-14 14:00:00+00:00,-0.00075662934,-0.0015158172463998199,-0.0006617577966691203,-0.0005390587029978633,-0.0007731808283209607
2024-03-14 15:00:00+00:00,-0.0040745107,-0.0015046974876895547,-0.0033101070498669566,-0.0005356876063160598,-0.0041573814448552845
2024-03-14 16:00:00+00:00,0.0006007545,-0.0014879383379593492,-0.00018624699812299164,-0.0005335570895113051,0.0006444799023277859
2024-03-14 17:00:00+00:00,0.0018001011,-0.0014668268850073218,0.0011524432099343058,-0.0005363526870496571,0.0018118576176079542
2024-03-14 18:00:00+00:00,-0.0010320146,-0.0014362704241648316,-0.0002738830239374343,-0.0005235421122051775,-0.0010585510183942813
2024-03-15 10:00:00+00:00,-0.00050316245,-0.001407646806910634,-0.0006118290573371673,-0.0005094643565826118,-0.0005000943059573775
2024-03-15 11:00:00+00:00,-0.0003885793,-0.0013842637417837977,-0.0003865463128646865,-0.0004949038848280907,-0.00042007570577517594
2024-03-15 12:00:00+00:00,0.00040623843,-0.0013637327356263995,0.00013452725888210315,-0.0004912107833661139,0.0004111529971064814
2024-03-15 13:00:00+00:00,0.00029133027,-0.0013468407560139894,0.00033669167572122097,-0.0004821909824386239,0.00027305342791755294
2024-03-15 14:00:00+00:00,-0.00015006863,-0.0013374409172683954,0.0004110839699931693,-0.0004830522811971605,-0.00018042043389608113
2024-03-15 15:00:00+00:00,-0.0023333726,-0.0013232699129730463,-0.002447403495906336,-0.0004898358602076769,-0.0023362301786663438
2024-03-15 16:00:00+00:00,-0.0059641795,-0.0012984741479158401,-0.004804427081633112,-0.0004809421952813864,-0.006013168134015879
2024-03-15 17:00:00+00:00,0.0003560081,-0.0012822415446862578,-0.0010354453280571976,-0.0004817104199901223,0.0003977700195428203
2024-03-15 18:00:00+00:00,-0.0036640365,-0.0012623036745935678,-0.0036875392409475654,-0.0004705269238911569,-0.003625658579820247
2024-03-18 10:00:00+00:00,0.0082629295,-0.0012454156531021,0.005749118883467711,-0.0004603206762112677,0.00829063997515039
2024-03-18 11:00:00+00:00,-0.000593648,-0.0012206579558551311,0.0005590209392338563,-0.00046126876259222627,-0.0005904690948306282
2024-03-18 12:00:00+00:00,0.0016737146,-0.0011972113279625773,0.0010315675958282467,-0.0004647819441743195,0.0016691898319400606
2024-03-18 13:00:00+00:00,0.0004069356,-0.0011707140365615487,0.00040176355227584433,-0.0004720807773992419,0.00038680757514313415
2024-03-18 14:00:00+00:00,0.0010696276,-0.0011446303687989712,0.00039642530338157453,-0.0004761603777296841,0.001094305645536701
2024-03-18 15:00:00+00:00,-0.0009634977,-0.0011160917347297072,-0.0007125697689965421,-0.000490854901727289,-0.0009751824167679122
2024-03-18 16:00:00+00:00,0.0045705694,-0.0010760367149487138,0.0036055087249562017,-0.0004887331742793322,0.004521345575111033
2024-03-18 17:00:00+00:00,-0.0014271621,-0.0010409647366032004,-0.0008731461105957024,-0.0005071868654340506,-0.0013979698027480813
2024-03-18 18:00:00+00:00,-0.0042494796,-0.0009962423937395215,-0.003430861171136567,-0.000527133874129504,-0.0042817932128783945
2024-03-19 10:00:00+00:00,-0.0004073428,-0.000952607486397028,-0.0005496285035319524,-0.0005392957828007638,-0.0003539768333544945
2024-03-19 11:00:00+00:00,0.00046046224,-0.0009083971381187439,3.947219654091909e-05,-0.0005487832822836936,0.00044565378917662456
2024-03-19 12:00:00+00:00,-0.0023931726,-0.00086203683167696,-0.002263298475956954,-0.0005509043694473803,-0.002399688267060266
2024-03-19 13:00:00+00:00,-0.0015541951,-0.0008123067673295736,-0.0016219974810789326,-0.0005425118724815547,-0.001556110933670971
2024-03-19 14:00:00+00:00,-0.0032850693,-0.0007674852968193591,-0.0032851630013967445,-0.0005251177935861051,-0.0032789669272314066
2024-03-19 15:00:00+00:00,-0.00055302336,-0.0007265897584147751,-0.0006326938389989152,-0.0005086509045213461,-0.0006100776343192787
2024-03-19 16:00:00+00:00,-0.0018575414,-0.0006901053711771965,-0.0023793358640600906,-0.0004854852450080216,-0.0017953024832547087
2024-03-19 17:00:00+00:00,-0.005953039,-0.0006419840501621366,-0.004834858481831189,-0.0004590392345562577,-0.005949223409069973
2024-03-19 18:00:00+00:00,-0.0004677016,-0.0005974804516881704,-0.0006624213358416898,-0.0004297407576814294,-0.00047302807363731685
2024-03-20 10:00:00+00:00,0.0022286135,-0.00056040397612378,0.0012247262618579286,-0.00040309198084287345,0.0022255388873026936
2024-03-20 11:00:00+00:00,-0.0001526094,-0.0005265509826131165,6.32442477189727e-05,-0.00037081391201354563,-8.114375066521558e-05
2024-03-20 12:00:00+00:00,0.0004039153,-0.0004981487873010337,0.0003772165506812402,-0.0003299807140138,0.00040238684930483834
2024-03-20 13:00:00+00:00,0.0009239036,-0.0004699511919170618,0.0009209212104818881,-0.0003051086387131363,0.0008855348404946362
2024-03-20 14:00:00+00:00,-0.003844742,-0.00044254385284148157,-0.0018843971481971485,-0.00027567840879783034,-0.0038345866549252157
2024-03-20 15:00:00+00:00,-3.600198e-05,-0.0004132853646297008,-0.0006358959010676752,-0.0002409659355180338,-0.00011131629060696319
2024-03-20 16:00:00+00:00,0.005699146,-0.0003870698274113238,0.004084834862254474,-0.00018155504949390888,0.005692880993059505
2024-03-20 17:00:00+00:00,-0.00029537734,-0.0003506732464302331,0.00012596510413818572,-0.00015832069038879126,-0.00025362557291312774
2024-03-20 18:00:00+00:00,-0.0028508438,-0.00031404185574501753,-0.002339435331702288,-0.0001379765453748405,-0.002873112108460548
2024-03-21 10:00:00+00:00,0.0070584426,-0.000268737057922408,0.0057011741818263845,-0.00012027465709252283,0.007056839145049746
2024-03-21 11:00:00+00:00,-0.0002853067,-0.00022604518744628876,0.0006783780276131733,-0.00011819328210549429,-0.0002681502684863516
2024-03-21 12:00:00+00:00,0.004395377,-0.0001842089550336823,0.0020153709337193716,-0.00011501581320771948,0.0044420501376150456
2024-03-21 13:00:00+00:00,0.0018537823,-0.00014055990322958678,0.0017945787328255975,-0.00010972961172228679,0.0018200001912774505
2024-03-21 14:00:00+00:00,-0.0010195986,-9.963748016161844e-05,-0.0008264791670896079,-0.0001250371860805899,-0.0010940015265362081
2024-03-21 15:00:00+00:00,-0.0037415116,-5.614418478216976e-05,-0.0034559426346005683,-0.00012990759569220245,-0.003805063740395676
2024-03-21 16:00:00+00:00,0.00016025642,-2.2257125237956643e-05,-0.0006522102954329971,-0.0001057560948538594,0.00019535796015254813
2024-03-21 17:00:00+00:00,-0.00185342,2.091600254061632e-05,-0.001853404002191981,-9.540234896121547e-05,-0.0018748690612055458
2024-03-21 18:00:00+00:00,0.0029567112,6.210181163623929e-05,0.0012928225238020943,-8.080709812929854e-05,0.0029311801986191518
2024-03-22 10:00:00+00:00,-0.0011478044,0.0001063380332197994,-0.0011243066502116806,-7.130704034352675e-05,-0.0010927743755505498
2024-03-22 11:00:00+00:00,-0.0035496135,0.0001463982480345294,-0.0035814851991877207,-6.158168253023177e-05,-0.0035456591656870757
2024-03-22 12:00:00+00:00,-0.0035532918,0.0001888726110337302,-0.003627915074648283,-4.4317035644780844e-05,-0.0035654671145127527
2024-03-22 13:00:00+00:00,0.0003765128,0.00023228423378895968,-0.0010018748490297897,-2.0222098100930452e-05,0.00036256756059317084
2024-03-22 14:00:00+00:00,-0.00065450603,0.00027367880102247,-0.0005491166838007442,-1.5043485745991347e-06,-0.0007578432551281736
2024-03-22 15:00:00+00:00,-0.0018313051,0.0003044186159968376,-0.0015869041844590113,2.3715163479209878e-05,-0.0017706759361687827
2024-03-22 16:00:00+00:00,-0.0018526685,0.0003297207586001605,-0.0019261949116587572,6.178142939461395e-05,-0.0017956942278752265
2024-03-22 17:00:00+00:00,-0.0025507803,0.00036379724042490125,-0.002468934452752145,8.556053217034787e-05,-0.0025594387218352446
2024-03-22 18:00:00+00:00,0.004502281,0.0003935350105166435,0.0032152811523928223,0.00012079972657375038,0.004486123412946387
2024-03-25 10:00:00+00:00,-0.008598925,0.0004253568476997316,-0.006426100673072115,0.00014886919234413654,-0.008431661289511106
2024-03-25 11:00:00+00:00,-0.0009791657,0.0004552244790829718,-0.0015831899592280683,0.00018993072444573045,-0.001054164536441949
2024-03-25 12:00:00+00:00,-0.0034346497,0.0004800362803507596,-0.0029807192248111655,0.00022960685600992292,-0.0034585141419572864
2024-03-25 13:00:00+00:00,0.0039968803,0.0005018801311962306,0.0032665998685929318,0.000270058517344296,0.0039240808603710625
2024-03-25 14:00:00+00:00,0.0018024469,0.0005230301176197827,0.0019134797122114513,0.0003034415713045746,0.0018346112843366609
2024-03-25 15:00:00+00:00,0.0021514327,0.0005428686854429543,0.0021195968179581397,0.00033424506545998156,0.002097172975601941
2024-03-25 16:00:00+00:00,0.0024080859,0.0005707726813852787,0.002349597776018591,0.00036508278572000563,0.002410209315034183
2024-03-25 17:00:00+00:00,0.002177611,0.0005982783623039722,0.0022205952696394845,0.0003973134735133499,0.0021945304867779392
2024-03-25 18:00:00+00:00,0.0027915554,0.0006237628404051065,0.0028201873736593028,0.00042562061571516097,0.0027885511907525923
2024-03-26 10:00:00+00:00,-0.0009326435,0.0006511216633953154,-0.0008920839718383752,0.00044493278255686164,-0.0008851786653902557
2024-03-26 11:00:00+00:00,0.0023478817,0.0006780431140214205,0.0022541256027942404,0.0004654133226722479,0.002319626620635888
2024-03-26 12:00:00+00:00,0.00063530984,0.0007002496276982129,0.0010669025791693399,0.0004839914327021688,0.0006736727000436648
2024-03-26 13:00:00+00:00,-0.0018533695,0.0007238266989588737,-0.0017726583031395372,0.0004932099254801869,-0.0018255480079008427
2024-03-26 14:00:00+00:00,0.0023452337,0.0007509528077207506,0.001719984943918912,0.0005073569482192397,0.0022744588470014985
2024-03-26 15:00:00+00:00,-0.0004292498,0.0007798522128723562,-0.00030496590612273856,0.0005179553409107029,-0.00041450727189474277
2024-03-26 16:00:00+00:00,-0.0018442922,0.0008133191731758416,-0.0015935088052456518,0.000531660916749388,-0.0018180790552958543
2024-03-26 17:00:00+00:00,0.0003673391,0.000833884347230196,4.007212143260791e-05,0.000561160093639046,0.0003256583720188577
2024-03-26 18:00:00+00:00,-0.00011645876,0.0008534808875992894,-0.00012033671512559456,0.0005796579062007368,-0.0001367208202727717
2024-03-27 10:00:00+00:00,0.0016649662,0.00087542156688869,0.0011055083774200837,0.0006022337474860251,0.0017241964009506437
2024-03-27 11:00:00+00:00,-0.0014051923,0.0008893576450645924,-0.001177757356285827,0.0006295895436778665,-0.0014310454182846141
2024-03-27 12:00:00+00:00,1.791296e-05,0.000904630811419338,2.9737521033877817e-05,0.0006546374643221498,2.2564506706917564e-05
2024-03-27 13:00:00+00:00,0.0012710007,0.0009185398812405765,0.0007722946977670874,0.0006796489469707012,0.0012792481804345225
2024-03-27 14:00:00+00:00,0.00080472825,0.0009252977906726301,0.0007204265564460972,0.0007026679231785238,0.0007660839024143819
2024-03-27 15:00:00+00:00,0.0023389736,0.0009312789770774543,0.0023643290229913875,0.0007169035379774868,0.002321622076669082
2024-03-27 16:00:00+00:00,0.0049100807,0.000929211382754147,0.004182960269393453,0.0007506397669203579,0.004885015650502177
2024-03-27 17:00:00+00:00,0.0022601283,0.0009274782496504486,0.0017263121460828514,0.0007613421184942126,0.0022710770468914662
2024-03-27 18:00:00+00:00,0.00037176695,0.0009261473314836621,0.0005234060755634551,0.0007691952050663531,0.0002923245932434939
2024-03-28 10:00:00+00:00,-0.00083224144,0.000925820495467633,-0.0008316578263152178,0.0007793230470269918,-0.000804765037788337
2024-03-28 11:00:00+00:00,-0.0014536561,0.0009253938915207982,-0.0015022388267494002,0.0007804587366990745,-0.0014835743519718023
2024-03-28 12:00:00+00:00,0.0010727189,0.0009265530970878899,0.0004488684102881486,0.0007774618570692837,0.0010799419378919356
2024-03-28 13:00:00+00:00,-0.00044313277,0.0009226410766132176,-0.0002432559563223939,0.000777154928073287,-0.0004585122279103355
2024-03-28 14:00:00+00:00,0.0005405956,0.0009182652574963868,0.000396538162407427,0.0007751580560579896,0.0005914218649789377
2024-03-28 15:00:00+00:00,-0.0023861385,0.0009194802842102945,-0.0008002350961331007,0.0007818875601515174,-0.00238765837841485
2024-03-28 16:00:00+00:00,0.00013320605,0.0009195492602884769,3.0268282902559887e-05,0.0007903929217718542,0.00011339487186019803
2024-03-28 17:00:00+00:00,8.879772e-06,0.000924043997656554,0.0002733156739043505,0.0007942092488519847,4.2004297797156075e-05
2024-03-28 18:00:00+00:00,0.0018630074,0.000932972296141088,0.0011387259662139044,0.0007985805859789252,0.0019000310818529343
2024-03-29 10:00:00+00:00,0.00085936155,0.0009439101559109986,0.0006848621746379826,0.0008002749527804554,0.0007947137637237648
2024-03-29 11:00:00+00:00,-0.0015686695,0.0009483015746809542,-0.00038167638491142766,0.0008005854906514287,-0.0015460534373879507
2024-03-29 12:00:00+00:00,2.6608128e-05,0.0009484834154136479,-0.00038652145213928155,0.0008055503130890429,3.596018473194548e-05
2024-03-29 13:00:00+00:00,0.003523749,0.0009413190418854356,0.002680659855246921,0.0008144208695739508,0.003454321379941556
2024-03-29 14:00:00+00:00,0.0004329712,0.0009346585138700902,0.001171850003699184,0.0008177947602234781,0.0004379950050601231
2024-03-29 15:00:00+00:00,0.0022590104,0.0009322763071395457,0.0022848574535455466,0.0008230372332036495,0.0022381189608915142
2024-03-29 16:00:00+00:00,-0.00017630155,0.0009228258859366179,-0.00018017572977270172,0.0008698533638380468,-0.00015997228252484917
2024-03-29 17:00:00+00:00,0.0030983759,0.000914839911274612,0.0017401516573217182,0.0008797319023869932,0.003102716345971475
2024-03-29 18:00:00+00:00,-0.0008176723,0.0009051223751157522,-6.514477710169967e-05,0.0008835230837576091,-0.0008639671864557527
2024-04-01 10:00:00+00:00,0.007972288,0.0008948466274887323,0.0017651725300715732,0.0008908079471439123,0.008117162618985265
2024-04-01 11:00:00+00:00,-3.490432e-05,0.0008819234790280461,0.00043650420330488746,0.0008961078128777444,-0.00013844364611141448
2024-04-01 12:00:00+00:00,0.00012215979,0.0008702512714080513,0.00014472505366817706,0.0009033795213326812,6.913665938671931e-05
2024-04-01 13:00:00+00:00,0.00046232692,0.0008558356203138828,0.00012725258019603982,0.0009108822559937835,0.0004584608996667469
2024-04-01 14:00:00+00:00,-0.0011780466,0.0008413295145146549,-0.0009233546046868728,0.0009152793791145086,-0.0012369234074745235
2024-04-01 15:00:00+00:00,0.0016663108,0.0008300149347633123,0.00067153773749577,0.0009182622306980193,0.0017144482821068695
2024-04-01 16:00:00+00:00,0.0005838602,0.0008164557511918247,0.0006591970100565012,0.0009189305128529668,0.0005723898626476569
2024-04-01 17:00:00+00:00,6.0980656e-05,0.0008014240302145481,0.00029139033479273345,0.0009123022900894284,6.204507923813608e-05
2024-04-01 18:00:00+00:00,-9.5828414e-05,0.0007898245821706951,-5.2027915615247665e-05,0.0008978506666608155,-0.00011204814352140415
2024-04-02 10:00:00+00:00,-0.003036413,0.0007785868365317583,-0.0025200315048965025,0.0008844842086546123,-0.003026974616857108
2024-04-02 11:00:00+00:00,0.0007512361,0.0007651708438061178,-0.0004384937836031396,0.0008687872905284166,0.0007907066477904237
2024-04-02 12:00:00+00:00,0.00061978155,0.0007517518824897707,0.0003736222706677971,0.0008446189458481967,0.0006420497194960369
2024-04-02 13:00:00+00:00,-0.00013090776,0.0007353023975156248,2.670361511618431e-05,0.0008243745542131364,-0.00015081648285095793
2024-04-02 14:00:00+00:00,0.0004973583,0.0007184818387031555,0.00021718254534251294,0.0008015536586754024,0.000544387263940306
2024-04-02 15:00:00+00:00,-0.00046244793,0.0006985721411183476,-0.00044763135718776925,0.0007833695271983743,-0.0004929449418798196
2024-04-02 16:00:00+00:00,-0.0013012363,0.0006742050754837692,-0.0011326731531563197,0.0007668634643778205,-0.0013032589928017617
2024-04-02 17:00:00+00:00,0.0019643027,0.000662058824673295,0.0015778044377153795,0.0007423314964398742,0.0019415393800204463
2024-04-02 18:00:00+00:00,0.0012028661,0.0006553438142873347,0.0013174998927500427,0.0007284211460500956,0.001159973566044026
2024-04-03 10:00:00+00:00,0.005039764,0.0006523031042888761,0.0044140297264444635,0.0007093688473105431,0.005045762062125859
2024-04-03 11:00:00+00:00,0.0005718841,0.0006332376506179571,0.0007766611612668873,0.0006863788003101945,0.00047852374367006955
2024-04-03 12:00:00+00:00,0.00043302792,0.0006100762984715402,0.0006304551758121442,0.0006559959147125483,0.0004462478048318535
2024-04-03 13:00:00+00:00,0.0017561697,0.0005829817382618785,0.0008401396080284802,0.000631888338830322,0.001835371126297811
2024-04-03 14:00:00+00:00,-0.0020592697,0.0005588927888311446,-0.0017313339803863895,0.0006119770696386695,-0.002138158815240053
2024-04-03 15:00:00+00:00,-0.00061514205,0.0005359877832233906,-0.0006132881477747774,0.0005934621440246701,-0.0006556875155231097
2024-04-03 16:00:00+00:00,0.0011346856,0.0005112086655572057,0.0008473557654731061,0.0006002368754707277,0.001208977415051507
2024-04-03 17:00:00+00:00,0.00299941,0.000494337931741029,0.002706571850390208,0.0005853354232385755,0.003034918049537211
2024-04-03 18:00:00+00:00,-0.0010708026,0.0004674512310884893,-4.633305215200661e-05,0.0005781761719845235,-0.0011680712267666381
2024-04-04 10:00:00+00:00,0.00069960573,0.0004431938286870718,0.0001939221942915162,0.0005618782597593963,0.0007848214529757563
2024-04-04 11:00:00+00:00,0.0012080423,0.00041363234049640596,0.0008383174425911238,0.0005447545554488897,0.0012003117520919893
2024-04-04 12:00:00+00:00,0.0023859062,0.0003892678942065686,0.001120665624816749,0.0005259643075987697,0.0024505399917589548
2024-04-04 13:00:00+00:00,0.00035266543,0.0003679307410493493,0.0005102834345819889,0.0005071862833574414,0.0003223226379121188
2024-04-04 14:00:00+00:00,4.2999472e-05,0.00034319667611271143,0.0001183790871843123,0.00047966279089450836,-2.1553338730513607e-05
2024-04-04 15:00:00+00:00,-0.00060216093,0.00031968497205525637,-0.0003729126686991217,0.0004582018300425261,-0.0006104836768249123
2024-04-04 16:00:00+00:00,8.604519e-05,0.00029368401737883687,7.216982585595626e-05,0.00043001087033189833,0.00011504868411436799
2024-04-04 17:00:00+00:00,0.0009374127,0.00026702621835283935,0.0006930203474953098,0.00040981281199492514,0.0009392369014927376
2024-04-04 18:00:00+00:00,0.0003781563,0.00023799169866833836,0.0003672630696489713,0.000386286701541394,0.0003698111260524969
2024-04-05 10:00:00+00:00,-0.004806335,0.0002089857152896002,-0.003085528630724105,0.00035653391387313604,-0.004947769595815104
2024-04-05 11:00:00+00:00,0.00013813825,0.00018263047968503088,-0.0008448402515533421,0.00033788246219046414,0.0003051726794350309
2024-04-05 12:00:00+00:00,-0.0026192395,0.00016009085811674595,-0.0022985725269577856,0.00032330627436749637,-0.00267302926829811
2024-04-05 13:00:00+00:00,-8.65606e-05,0.0001389774988638237,-0.0008719787268064343,0.00031692665652371943,-7.659293721851626e-06
2024-04-05 14:00:00+00:00,0.0011852289,0.00011922389967367053,0.001265096045009928,0.00030809702002443373,0.0011343007318908357
2024-04-05 15:00:00+00:00,0.0005618439,0.00010139993537450209,0.0006633736130045009,0.0002953062648884952,0.0005710358165897668
2024-04-05 16:00:00+00:00,-0.0020760715,7.938890485092998e-05,-0.002075674266472636,0.00028914393624290824,-0.002112668607199702
2024-04-05 17:00:00+00:00,0.00190323,5.529045301955193e-05,0.0009233537832064847,0.0002793173771351576,0.0019603242660022413
2024-04-05 18:00:00+00:00,-0.0009684645,3.15247816615738e-05,-0.00013478370548230826,0.0002687734959181398,-0.0010239380678669565
2024-04-08 10:00:00+00:00,0.005598921,7.724048373347614e-06,0.004179275549177203,0.0002608145005069673,0.005706280464703155
2024-04-08 11:00:00+00:00,0.0010575961,-1.4652622667199466e-05,0.002611325575564679,0.00024628278333693743,0.0009669458361698668
2024-04-08 12:00:00+00:00,0.00087618333,-3.416249091969803e-05,0.0008759403249857022,0.00022902869386598468,0.0008668726042608369
2024-04-08 13:00:00+00:00,-0.00027479843,-5.392304592533037e-05,-0.000187307765820003,0.00020476040663197637,-0.00027610642771510566
2024-04-08 14:00:00+00:00,-0.0015643537,-7.327029015868902e-05,-0.0014338782753754002,0.0001804942439775914,-0.0015703168027496914
2024-04-08 15:00:00+00:00,-1.7204302e-05,-8.680797327542678e-05,-0.00028344976368387315,0.00015862584405113012,3.155604634152246e-05
2024-04-08 16:00:00+00:00,-0.00041299206,-9.585316729499027e-05,-0.00036144847638691673,0.00013951989240013063,-0.0004173290323458279
2024-04-08 17:00:00+00:00,0.0011611057,-0.0001061993752955459,0.0011215463207542389,0.00012402651191223413,0.001183576818776397
2024-04-08 18:00:00+00:00,-0.0009115693,-0.00011680799798341468,-0.0004558245963243901,0.00010711563663790002,-0.0009591387030086585
2024-04-09 10:00:00+00:00,0.0034183958,-0.00012861710274592042,0.0024122596583078773,8.638996223453432e-05,0.00355305931027272
2024-04-09 11:00:00+00:00,0.0019016786,-0.00013682614371646196,0.0016795017546203037,6.885470793349668e-05,0.0018689235618581334
2024-04-09 12:00:00+00:00,-0.0020817546,-0.00014307450328487903,-0.00092585248315086,5.733727084589191e-05,-0.0022239658570887572
2024-04-09 13:00:00+00:00,0.00096003024,-0.00015023103333078325,0.0005519070323834578,5.291532215778716e-05,0.001018900274899202
2024-04-09 14:00:00+00:00,-0.0037252624,-0.00016062057693488896,-0.002541063421315488,4.471012653084472e-05,-0.003851141371805201
2024-04-09 15:00:00+00:00,-0.0013768773,-0.0001725766487652436,-0.0021029497539099915,4.38139250036329e-05,-0.0013249780340620285
2024-04-09 16:00:00+00:00,0.001909908,-0.00018308260769117624,0.0009822480563299574,4.67628997284919e-05,0.001965559810990485
2024-04-09 17:00:00+00:00,-0.0012126269,-0.00019182967662345618,-0.0005788735411849778,5.0261529395356774e-05,-0.0012741957624083622
2024-04-09 18:00:00+00:00,-0.0031200198,-0.00019869019160978496,-0.0030697349811066696,5.34707069164142e-05,-0.0031401341247780795
2024-04-10 10:00:00+00:00,-0.0041001034,-0.00020750238036271185,-0.0017045697182459497,6.025790571584366e-05,-0.004135148758709812
2024-04-10 11:00:00+00:00,0.0024759131,-0.0002168057399103418,0.0013657410621734142,6.97901559760794e-05,0.0026749821374494943
2024-04-10 12:00:00+00:00,0.0017450353,-0.0002252474514534697,0.0016097698236776342,7.687122706556693e-05,0.0017899222654568924
2024-04-10 13:00:00+00:00,0.002766802,-0.00023453189351130277,0.002074002038808622,8.549670747015625e-05,0.002789735000420848
2024-04-10 14:00:00+00:00,-0.00062853826,-0.00024300556106027216,-8.853904609382982e-05,9.25336207728833e-05,-0.0007158092814932778
2024-04-10 15:00:00+00:00,-0.0030449564,-0.00025253542116843164,-0.0019359957814729955,9.835948003455997e-05,-0.0031317604734116956
2024-04-10 16:00:00+00:00,0.0005441143,-0.0002585824695415795,0.00011117523866779047,0.0001089091892936267,0.0006490253160669564
2024-04-10 17:00:00+00:00,-0.00058731064,-0.00026394036831334233,-0.0004284030965420189,0.00011493028432596475,-0.0005846024047152681
2024-04-10 18:00:00+00:00,0.0016487765,-0.0002663465857040137,0.0012585984404874034,0.0001230276102432981,0.0017012822245707916
2024-04-11 10:00:00+00:00,-0.0017783768,-0.0002663294435478747,0.0001456769789354296,0.00013079363270662725,-0.001895636595657471
2024-04-11 11:00:00+00:00,-0.0011239065,-0.000265932030742988,-0.0009980726521863833,0.00013672919885721058,-0.0010925214539537025
2024-04-11 12:00:00+00:00,-0.0005191524,-0.00026177626568824053,-0.0006420618973027375,0.00014199278666637838,-0.0004913310978916354
2024-04-11 13:00:00+00:00,0.00072673796,-0.00025733522488735616,0.000669231911977438,0.0001449486444471404,0.0007270137894775424
2024-04-11 14:00:00+00:00,-9.513801e-05,-0.0002517203101888299,-2.5187963289606164e-05,0.0001453497534384951,-8.501181088920403e-05
2024-04-11 15:00:00+00:00,0.0023843679,-0.00024629803374409676,0.0012371517145734344,0.00015126451035030186,0.0023987995028141337
2024-04-11 16:00:00+00:00,0.0030413098,-0.00024661680799908936,0.0023416884828459266,0.00017190127982757986,0.003029932348171102
2024-04-11 17:00:00+00:00,-0.0005421057,-0.00024244336236733943,-0.00014384485650543088,0.00018106240895576775,-0.0006557612778551482
2024-04-11 18:00:00+00:00,0.00046468002,-0.00023749338288325816,0.0004879696593008317,0.0001886696118162945,0.00043153076529133406
2024-04-12 10:00:00+00:00,0.0014786543,-0.00023534729552920908,0.0015035993606540934,0.00019321600848343223,0.0015013636307294623
2024-04-12 11:00:00+00:00,-7.7317265e-05,-0.00023234491527546197,0.000674622565917414,0.0001917895715450868,-0.00010603465173271477
2024-04-12 12:00:00+00:00,0.00230835,-0.00022838717268314213,0.0007792779364714994,0.0001859658514149487,0.0023565844006606723
2024-04-12 13:00:00+00:00,-0.0008231865,-0.0002237978478660807,-0.000428316724943924,0.00017787764954846352,-0.0008960180192742837
2024-04-12 14:00:00+00:00,-0.00070367544,-0.0002190638188039884,-0.0006949591349409263,0.00017559628759045154,-0.000762741920331496
2024-04-12 15:00:00+00:00,-0.0010392556,-0.00021775627101305872,-0.0008371160149813902,0.00017214895342476666,-0.0010461463176736836
2024-04-12 16:00:00+00:00,0.002686109,-0.00021341517276596278,0.0014620827731112284,0.0001683942973613739,0.0027680611292067556
2024-04-12 17:00:00+00:00,0.0013617504,-0.00021251470025163144,0.0013591428794042786,0.00016456935554742813,0.0013690048457739663
2024-04-12 18:00:00+00:00,-0.002467931,-0.00021016444952692837,-0.0018875115326049815,0.00015700131189078093,-0.002624183798096321
2024-04-15 10:00:00+00:00,-0.0018635492,-0.0002073750802082941,-0.0016705122800932813,0.00015271543816197664,-0.0018457680368593595
2024-04-15 11:00:00+00:00,0.0030639987,-0.0002033648925134912,0.0017449004695121962,0.00015444673772435635,0.003206830183884544
2024-04-15 12:00:00+00:00,0.0010106894,-0.00019895793229807168,0.0012688389925046247,0.0001478977792430669,0.00095617675493353
2024-04-15 13:00:00+00:00,0.0005135184,-0.00019456972950138152,0.0006269589299043735,0.00014391053991857916,0.0005302718539095883
2024-04-15 14:00:00+00:00,-0.00028240247,-0.00019325922767166048,-0.0005959865618025398,0.00013963901437819004,-0.0002926141596591722
2024-04-15 15:00:00+00:00,-0.0007448981,-0.00019517616601660848,-0.0009721651317542547,0.00013700421550311148,-0.0007554440631576395
2024-04-15 16:00:00+00:00,0.0010615258,-0.00020365064847283065,0.0007170119732161635,0.00014875613851472735,0.0011155738940365112
2024-04-15 17:00:00+00:00,0.00055599515,-0.0002101455320371315,0.0009053071655019394,0.00014495979121420532,0.0004896333970614251
2024-04-15 18:00:00+00:00,-0.0021229975,-0.00021195579029154032,-0.0011838000466294647,0.00014456702047027647,-0.0021513537281181144
2024-04-16 10:00:00+00:00,-0.0036057113,-0.00021576591825578362,-0.003601491639959543,0.00013904388470109552,-0.0036040134288388057
2024-04-16 11:00:00+00:00,-0.0014889984,-0.00021529868536163121,-0.0025595670236323756,0.00013962270168121904,-0.001435998268436835
2024-04-16 12:00:00+00:00,0.0005769272,-0.0002134707901859656,0.00045636958112520165,0.00014804066449869424,0.0006131023748799261
2024-04-16 13:00:00+00:00,0.00010329511,-0.00021017157996539026,0.00017519883183521876,0.00015268726565409452,0.00012672751077971056
2024-04-16 14:00:00+00:00,-0.0042092977,-0.0002055504737654701,-0.003854154265588431,0.00015526280913036317,-0.004349270511874122
2024-04-16 15:00:00+00:00,0.0011575975,-0.00020085004507564008,-0.0001172033074278675,0.00016324073658324778,0.001272960964544139
2024-04-16 16:00:00+00:00,0.00014676365,-0.00019581601372919977,0.0001666519024876718,0.0001676180399954319,0.00017197635506296203
2024-04-16 17:00:00+00:00,-0.001935557,-0.000190218081115745,-0.0011695610291418003,0.0001822846825234592,-0.002009725213757546
2024-04-16 18:00:00+00:00,-0.0006142852,-0.00018408089817967266,-0.0014547947732883976,0.00019841962784994394,-0.0005693520487846013
2024-04-17 10:00:00+00:00,0.0027138465,-0.0001781854807632044,0.002071940982678433,0.00021718887728638947,0.002779663746511661
2024-04-17 11:00:00+00:00,-0.0033285094,-0.0001742877793731168,-0.0026937367078951804,0.00023165103630162776,-0.003512221298974014
2024-04-17 12:00:00+00:00,-0.0021499605,-0.00016955254250206053,-0.0021537249318728225,0.0002461012336425483,-0.0021731060409263133
2024-04-17 13:00:00+00:00,0.0025222662,-0.00016428838716819882,0.0017545936896646262,0.0002597923739813268,0.0026001837770054845
2024-04-17 14:00:00+00:00,-0.0018802617,-0.00015850683848839253,-0.0008576069618774416,0.00027147342916578054,-0.0019523911355981737
2024-04-17 15:00:00+00:00,0.0006242576,-0.00015515240374952555,0.0006275635956793744,0.00028708952595479786,0.0006280663955028472
2024-04-17 16:00:00+00:00,0.0011607762,-0.00014982532593421638,0.0009550798912073696,0.00029858967172913253,0.0011728397699050327
2024-04-17 17:00:00+00:00,0.0012977801,-0.00014858960639685392,0.0013111983509676846,0.0003138906031381339,0.001303456831646915
2024-04-17 18:00:00+00:00,-0.0019819553,-0.00014620789443142712,-0.0011358630559600144,0.0003248121065553278,-0.002005139770699974
2024-04-18 10:00:00+00:00,-0.002211613,-0.0001428591931471601,-0.0016324595236601029,0.0003359435067977756,-0.002251861094701884
2024-04-18 11:00:00+00:00,0.0019776737,-0.00013933665468357503,0.0012481668710183648,0.0003485886554699391,0.00200770953193805
2024-04-18 12:00:00+00:00,0.00041585445,-0.00013413590204436332,0.0006602948054776619,0.0003528438101056963,0.00042036795042427015
2024-04-18 13:00:00+00:00,-0.0019247782,-0.00013263695291243494,-0.0016096963825043562,0.0003571701527107507,-0.001967241146218618
2024-04-18 14:00:00+00:00,0.0009108298,-0.00012988598609808832,-0.00017787755647858197,0.00036516584805212915,0.000964933667363758
2024-04-18 15:00:00+00:00,0.002891802,-0.00012519351730588824,0.0028994035710805666,0.00036885039298795164,0.002853412438720258
2024-04-18 16:00:00+00:00,0.00089873665,-0.00012900953879579902,0.0013217337379340262,0.00037678389344364405,0.0008475518682667275
2024-04-18 17:00:00+00:00,0.0005095013,-0.00013373469118960202,0.0005025122943813347,0.0003712563484441489,0.0005071428887751429
2024-04-18 18:00:00+00:00,0.0019923332,-0.00013901475176680833,0.0013537678905046469,0.00036903831642121077,0.0019963034798989904
2024-04-19 10:00:00+00:00,0.0035092584,-0.00014013527834322304,0.002720303191770388,0.0003653088351711631,0.0035216452137890376
2024-04-19 11:00:00+00:00,-8.586087e-06,-0.00013939538621343672,0.001009112350809854,0.00036023324355483055,-0.00011884643376745635
2024-04-19 12:00:00+00:00,0.0009954947,-0.00013589675654657185,0.0009176898561292475,0.000353506620740518,0.0009819597579480174
2024-04-19 13:00:00+00:00,0.0018253576,-0.00013340871373657137,0.0011037035380560075,0.00034285482252016664,0.0018674509037174788
2024-04-19 14:00:00+00:00,0.0004964691,-0.00013204486458562315,0.0006448498268057231,0.0003343758871778846,0.0004496065522995473
2024-04-19 15:00:00+00:00,0.0034683992,-0.00012870819773525,0.00107656953434505,0.0003248756693210453,0.0035457675947943705
2024-04-19 16:00:00+00:00,0.0005712167,-0.00013267324538901448,0.0005058750665935072,0.00032451111474074423,0.0005316258606331463
2024-04-19 17:00:00+00:00,0.0011840218,-0.00013248546747490764,0.0011932727677868495,0.0003172321885358542,0.0011209402187272832
2024-04-19 18:00:00+00:00,-0.0008346322,-0.00013384340854827315,2.328228607868308e-05,0.00030895971576683223,-0.0009428144407587585
2024-04-22 10:00:00+00:00,0.00013631406,-0.00013394180859904736,0.000304269824050306,0.00030014998628757894,0.00015232389675590944
2024-04-22 11:00:00+00:00,-0.00067323144,-0.00013321495498530567,-0.0004254516274157475,0.0002931899216491729,-0.0007048666212028203
2024-04-22 12:00:00+00:00,1.7049426e-05,-0.00012979038001503795,-3.9835077524817716e-05,0.0002875153149943799,6.61559045610283e-05
2024-04-22 13:00:00+00:00,0.00032388387,-0.00012675505422521383,0.000328813644883253,0.00028407000354491174,0.0003498272458473305
2024-04-22 14:00:00+00:00,-0.0018594976,-0.00012426151079125702,-0.0010223972979919785,0.0002806286502163857,-0.001961301695621332
2024-04-22 15:00:00+00:00,-0.00017930864,-0.00012108821101719514,-0.00024623492805726544,0.00027757298084907234,-8.824946246971804e-05
2024-04-22 16:00:00+00:00,4.269545e-05,-0.00012245010293554515,3.556009050123894e-05,0.0002843080146703869,5.63019917194104e-05
2024-04-22 17:00:00+00:00,0.0011009128,-0.0001224843435920775,0.0008076457096451387,0.00029134107171557844,0.0011009862241325846
2024-04-22 18:00:00+00:00,0.0015085852,-0.00012340840476099402,0.0015524672423056357,0.0002960994897875935,0.001562062933792002
2024-04-23 10:00:00+00:00,0.0002810101,-0.00012581895862240344,0.00024122576563559542,0.00030129507649689913,0.000268102500629099
2024-04-23 11:00:00+00:00,0.000978661,-0.0001291977969231084,0.0004426317109713096,0.00030460755806416273,0.0009388930967733076
2024-04-23 12:00:00+00:00,-0.003835014,-0.00013241443957667798,-0.003010464831643449,0.0003064051561523229,-0.00397754534584046
2024-04-23 13:00:00+00:00,-0.00030743744,-0.00013460410991683602,-0.0005091070847087838,0.00031307697645388544,-0.00023957125461996116
2024-04-23 14:00:00+00:00,0.0013400766,-0.00013486194075085223,0.0014976136064787276,0.0003233096213079989,0.0013755211508486923
2024-04-23 15:00:00+00:00,-0.0056198426,-0.0001323137548752129,-0.004635418793828587,0.0003306955622974783,-0.005740477107418026
2024-04-23 16:00:00+00:00,0.00023157579,-0.0001335285633103922,-0.00020711323290136647,0.00034953001886606216,0.0004530238181422463
2024-04-23 17:00:00+00:00,0.0024753653,-0.000131996363052167,0.002128893328359073,0.00035958774969913065,0.0024880714967496645
2024-04-23 18:00:00+00:00,-0.0046732062,-0.00013089607818983495,-0.004700188362005175,0.0003698167856782675,-0.004851291335276784
2024-04-24 10:00:00+00:00,0.0066986145,-0.0001281110307900235,0.0036170582448347833,0.00038573393248952925,0.006942724733767858
2024-04-24 11:00:00+00:00,-0.002401885,-0.0001241604913957417,-0.0004033880460391151,0.000395174662116915,-0.0026432706987673292
2024-04-24 12:00:00+00:00,0.0007442609,-0.00012121503095841035,0.0002835683069956719,0.0004047938564326614,0.0008063811313873916
2024-04-24 13:00:00+00:00,-0.00078705134,-0.00011819109931821004,-0.00034444916384831435,0.00041033909656107426,-0.0008602752130626162
2024-04-24 14:00:00+00:00,0.0026922289,-0.00011648741929093376,0.001810443261884361,0.00041657016845420003,0.0027866134145664075
2024-04-24 15:00:00+00:00,-0.0020163537,-0.00011496355728013441,-0.0005652832061885765,0.00041873109876178205,-0.002126787333597458
2024-04-24 16:00:00+00:00,0.0035600443,-0.00011346216342644766,0.0029201021264622946,0.00041622674325481057,0.003655327378696967
2024-04-24 17:00:00+00:00,-0.0022438273,-0.0001162608023150824,-0.0003994386774978832,0.00040430948138237,-0.0024267710241932124
2024-04-24 18:00:00+00:00,0.00023058693,-0.00012080105807399377,3.181999517628468e-05,0.00039188741357065737,0.0002839382060959965
2024-04-25 10:00:00+00:00,0.0012971277,-0.0001253286172868684,0.00018880424810993753,0.0003793030045926571,0.0013625428404503244
2024-04-25 11:00:00+00:00,0.0014146805,-0.00012709185830317438,0.001412097362083673,0.00036476540844887495,0.0014102104757790107
2024-04-25 12:00:00+00:00,-0.0010906613,-0.00012998946476727724,-0.0001968590938686942,0.0003462369495537132,-0.0011977425559949882
2024-04-25 13:00:00+00:00,0.0017547002,-0.00013605922868009657,0.0015803013970297974,0.0003291109169367701,0.0018168917713373717
2024-04-25 14:00:00+00:00,-0.00091103767,-0.00014222458412405103,-1.416077236512818e-05,0.0003087912918999791,-0.0009998320713620632
2024-04-25 15:00:00+00:00,0.0007748605,-0.00014713802374899387,0.00013716099971294014,0.0002887099690269679,0.0008506341312146361
2024-04-25 16:00:00+00:00,0.00028935433,-0.0001540090306662023,0.00040830800898093543,0.0002765768440440297,0.00026951007448176287
2024-04-25 17:00:00+00:00,0.0015814581,-0.00015595242439303547,0.0014091812355696103,0.0002588802599348128,0.0015935144752654883
2024-04-25 18:00:00+00:00,0.0013838483,-0.00015459931455552578,0.0013452257172090786,0.00023888054420240223,0.0013613772655623514
2024-04-26 10:00:00+00:00,0.0010260368,-0.00015409062325488776,0.0005101766642054574,0.00021914472745265812,0.0010523092303879556
2024-04-26 11:00:00+00:00,0.00083023414,-0.00015583314234390855,0.0008368939368022502,0.0001982208777917549,0.0008080252280164126
2024-04-26 12:00:00+00:00,0.001176396,-0.00015663668455090374,0.0012739189237710423,0.000174723521922715,0.0011239041723396554
2024-04-26 13:00:00+00:00,-0.00048223964,-0.0001617167581571266,-0.0005063537090907969,0.0001524888357380405,-0.0004468903440565579
2024-04-26 14:00:00+00:00,0.001192485,-0.00016628454613965005,0.00040548647333071424,0.00012965385394636542,0.001214606968104423
2024-04-26 15:00:00+00:00,0.001418979,-0.0001710775395622477,0.0014787999576492848,0.00010881448542932048,0.0013432689179729603
2024-04-26 16:00:00+00:00,0.00094486866,-0.0001738534920150414,0.0010557693603798148,8.307206735480577e-05,0.0009666686105121464
2024-04-26 17:00:00+00:00,0.0026947157,-0.000176434448803775,0.0011683344172669224,5.842174505232833e-05,0.0028348480253487258
2024-04-26 18:00:00+00:00,-0.0019529448,-0.00017749900871422142,-0.0014178140009897349,3.666854172479361e-05,-0.0022040094095270445
2024-04-27 10:00:00+00:00,-0.00085139746,-0.0001780809398042038,-0.0009246393246631014,1.4263033335737418e-05,-0.0008703688292056016
2024-04-27 11:00:00+00:00,0.0017189084,-0.00017704210767988116,0.0010454834658929371,-8.534910193702672e-06,0.0018548434980184257
2024-04-27 12:00:00+00:00,-0.0015418255,-0.0001756540877977386,-0.0010014711054166054,-2.886167203541845e-05,-0.0017035156227321491
2024-04-27 13:00:00+00:00,0.00014332989,-0.00017503398703411222,-0.00038194053460024487,-4.352184623712674e-05,0.00023506302024395328
2024-04-27 14:00:00+00:00,-0.00043848556,-0.0001701084984233603,-0.00048781655364086803,-5.52522178622894e-05,-0.0004389762071517025
2024-04-27 15:00:00+00:00,-0.002736442,-0.00016723506269045174,-0.00228369078892704,-6.264567491598427e-05,-0.0028882337550325144
2024-04-27 16:00:00+00:00,-0.0014387883,-0.00016538849740754813,-0.0016979294973549375,-6.831029895693064e-05,-0.001337067164028525
2024-04-27 17:00:00+00:00,0.0019968194,-0.00016556013724766672,0.0010825499246303798,-6.887658673804253e-05,0.0020870830354795126
2024-04-27 18:00:00+00:00,-0.0006848997,-0.00016659463290125132,-0.0006289467673862212,-6.981211481615901e-05,-0.0007684801001547204
2024-04-29 10:00:00+00:00,-0.00250684,-0.00016705604502931237,-0.0011099606294145202,-7.05506099620834e-05,-0.0025873553963944693
2024-04-29 11:00:00+00:00,-0.003686969,-0.0001636958768358454,-0.0032951272707474554,-6.825794844189659e-05,-0.0037217979458165017
2024-04-29 12:00:00+00:00,0.002032063,-0.00016000791219994426,0.0010917353185261455,-6.327152368612587e-05,0.0022575157590473075
2024-04-29 13:00:00+00:00,0.0006707791,-0.00016114629397634417,0.0008482224283702787,-5.4607044148724526e-05,0.0007137407256035854
2024-04-29 14:00:00+00:00,-0.0020562152,-0.00016346239135600626,-0.0013201229246578865,-4.4242318836040795e-05,-0.0021918411983867974
2024-04-29 15:00:00+00:00,0.00027213892,-0.00016580485680606216,-0.00011827951675095428,-2.844368282239884e-05,0.00035245472237053837
2024-04-29 16:00:00+00:00,0.0024628881,-0.0001684400485828519,0.0013508845782984333,-1.2888366654806305e-05,0.0025378015346342203
2024-04-29 17:00:00+00:00,-0.00031389316,-0.0001712464727461338,-3.9567768222937706e-05,3.815322088485118e-06,-0.000427963755962823
2024-04-29 18:00:00+00:00,-0.0009677502,-0.00017427001148462296,-0.000771846075531506,1.8310001905774698e-05,-0.0009843163276587914
2024-04-30 10:00:00+00:00,-0.0024745646,-0.00017538282554596663,-0.002870343438227172,3.6322890082374215e-05,-0.0025623430011304997
2024-04-30 11:00:00+00:00,-0.0029331786,-0.00017579598352313042,-0.0026177442807492103,5.134419916430488e-05,-0.0030166636146210417
2024-04-30 12:00:00+00:00,0.0017404811,-0.00017338887846563011,0.0012043060952967042,6.310766912065446e-05,0.0019067803028927509
2024-04-30 13:00:00+00:00,-0.00061394164,-0.00017016429046634585,-0.00021861390856805167,7.176649523898959e-05,-0.0006681174540618227
2024-04-30 14:00:00+00:00,-0.00085332245,-0.00016656226944178343,-0.0008700761167405648,7.893965084804222e-05,-0.0008205143288921006
2024-04-30 15:00:00+00:00,-0.0006148434,-0.0001628525205887854,-0.001406427335553207,8.850573794916272e-05,-0.0006357739435253036
2024-04-30 16:00:00+00:00,0.003155599,-0.00015839886327739805,0.0023243889475655114,9.832973591983318e-05,0.0032043280226022068
2024-04-30 17:00:00+00:00,0.0013785125,-0.0001539445511298254,0.0015585812990028059,0.00010462340287631378,0.00135928223444752
2024-04-30 18:00:00+00:00,-0.001114576,-0.00015208635886665434,-0.00047112083673649194,0.00010833021224243566,-0.0011856929018090132
2024-05-02 10:00:00+00:00,0.009851879,-0.00015108102525118738,0.006372856664184971,0.00010477283649379387,0.01018511928180059
2024-05-02 11:00:00+00:00,0.002155627,-0.00014998114784248173,0.0021657884749788896,0.00010075929458253086,0.0019012780127530971
2024-05-02 12:00:00+00:00,0.00039525525,-0.00015086866915225983,0.000395366898241904,9.507222421234474e-05,0.00023037546646272554
2024-05-02 13:00:00+00:00,-0.001118893,-0.00014978551189415157,-0.00036098703296251987,7.814405398676172e-05,-0.0012561799420181363
2024-05-02 14:00:00+00:00,-0.00022729664,-0.00014832605666015297,-0.0004097783040599959,6.467403727583587e-05,-0.00021367279195976424
2024-05-02 15:00:00+00:00,-0.003998757,-0.00014418568753171712,-0.0025383510946131384,5.4711908887838945e-05,-0.004197995995578296
2024-05-02 16:00:00+00:00,-0.004719488,-0.00013805145863443613,-0.0040283789961411635,3.896201815223321e-05,-0.0048124568967519285
2024-05-02 17:00:00+00:00,-0.00052670925,-0.00013614982890430838,-0.0007966618555660676,3.263714097556658e-05,-0.00033140980413236574
2024-05-02 18:00:00+00:00,0.0009767408,-0.00013106607366353273,0.0006347767527123045,2.4391554688918404e-05,0.0010204710077791669
2024-05-03 10:00:00+00:00,-4.2447165e-05,-0.00012884961324743927,4.506036017883741e-05,1.8965667550219223e-05,-2.228956381683742e-05
2024-05-03 11:00:00+00:00,-0.00032265735,-0.00012591120321303606,-0.00030914647475462347,1.1968656508543063e-05,-0.0003643503185354148
2024-05-03 12:00:00+00:00,0.0020869395,-0.00012507062638178468,0.0007085991970505585,1.2323648661549669e-05,0.0021972863808885456
2024-05-03 13:00:00+00:00,0.0014904268,-0.00011958443064941093,0.0007746485692622207,9.229904208041262e-06,0.0014964766614870308
2024-05-03 14:00:00+00:00,-0.00030467936,-0.00011774876475101337,-7.108538443972084e-05,1.3012247109145392e-05,-0.00035691734988344914
2024-05-03 15:00:00+00:00,0.0027809846,-0.00011637672287179157,0.0016623804119896726,1.2724026419164147e-05,0.002820545328719323
2024-05-03 16:00:00+00:00,0.0019058709,-0.00011373645247658715,0.0016977904275647555,1.2458417586458381e-05,0.0019177178233110773
2024-05-03 17:00:00+00:00,-0.0011211567,-0.00011268950038356707,-0.0007606364409562092,1.0163958904740866e-05,-0.001289966230709808
2024-05-03 18:00:00+00:00,-0.0007847141,-0.00010789346561068669,-0.0008518332272285979,7.545640073658433e-06,-0.0007914635801910681
2024-05-06 10:00:00+00:00,-0.0010979453,-0.00010410039249109104,-0.0008959808155108134,3.9538599594379775e-06,-0.0011681848964064541
2024-05-06 11:00:00+00:00,-0.0011414513,-0.00010272188956150785,-0.0007474775492860642,6.048582690709736e-06,-0.0011290364413208303
2024-05-06 12:00:00+00:00,-0.00090563233,-0.00010086943075293675,-0.0008993212159378718,5.675318789144512e-06,-0.0009026974253817388
2024-05-06 13:00:00+00:00,0.004174313,-0.00010120147635461763,0.0035407645955599725,4.912085387331899e-06,0.004425720856069477
2024-05-06 14:00:00+00:00,0.0034597304,-0.00010324286267859861,0.0033047507185587363,5.940272785665002e-06,0.003468225727694951
2024-05-06 15:00:00+00:00,-0.0030719147,-0.00010559074144111946,-0.002271259727974376,5.717759449908044e-06,-0.0033937343217479714
2024-05-06 16:00:00+00:00,-0.00042154608,-0.00010858158202609047,-0.0008542738741005323,1.4795151400903706e-05,-0.0003449045221754282
2024-05-06 17:00:00+00:00,0.002669599,-0.00010651372576830909,0.0013506690340137747,1.9368586436030455e-05,0.0027309236060814343
2024-05-06 18:00:00+00:00,-0.0023829283,-0.00010453927825437859,-0.0007506710788646937,2.4842647690093145e-05,-0.002556823673554793
2024-05-07 10:00:00+00:00,-0.0023041193,-0.00010377965372754261,-0.0016181044794417751,3.622441363404505e-05,-0.002416476550488348
2024-05-07 11:00:00+00:00,0.00013518652,-0.00010228627797914669,0.0001025899481433917,4.308452480472624e-05,0.00023312561838039817
2024-05-07 12:00:00+00:00,-0.00094668963,-9.638013580115512e-05,-0.0005936768256274614,5.0507231208030134e-05,-0.0009075029593003851
2024-05-07 13:00:00+00:00,0.00013529626,-9.734401101013646e-05,0.00010129932327840899,6.146633677417412e-05,0.00020646652738132718
2024-05-07 14:00:00+00:00,0.00015218642,-9.657069313107058e-05,0.00023562373795591113,7.02732868376188e-05,0.00015972737344512844
2024-05-07 15:00:00+00:00,-0.00095577637,-9.843658335739747e-05,-0.0008417415155135885,7.952468877192587e-05,-0.0010284261903699835
2024-05-07 16:00:00+00:00,-6.7700224e-05,-0.00010656689846655354,-0.00016552704514711565,9.53530689002946e-05,-1.2781225140465107e-05
2024-05-07 17:00:00+00:00,0.0012432606,-0.00010656240192474797,0.0006537152949136556,0.00010240677511319518,0.0012540069644752425
2024-05-07 18:00:00+00:00,0.00159621,-0.00011074290523538366,0.0011153952696746465,0.000108370601083152,0.0016013333892321265
2024-05-08 10:00:00+00:00,-0.0041690157,-0.0001140976746683009,-0.0024518059746834794,0.00011569236812647432,-0.004367517872320329
2024-05-08 11:00:00+00:00,-0.00027120713,-0.00011985618766630068,-0.0006608577927668276,0.0001198769750772044,-0.00012958562953193032
2024-05-08 12:00:00+00:00,-0.0014250454,-0.00011748995893867686,-0.000430185475337289,0.00012004509335383773,-0.0014356665508052971
2024-05-08 13:00:00+00:00,-0.002745538,-0.00011230665404582396,-0.0028161320686337326,0.00011647387873381376,-0.002747471832380384
2024-05-08 14:00:00+00:00,0.001530951,-0.00010557451605563983,0.000717145833395812,0.00011005543638020754,0.0016281027589287506
2024-05-08 15:00:00+00:00,-0.00028900013,-0.00010701111023081467,0.00015936862279539507,0.00010804051271406934,-0.00034073682593901836
2024-05-08 16:00:00+00:00,0.0009431919,-0.00011197508865734562,0.0007376650354477883,0.00010656090307747945,0.0009382266532199343
2024-05-08 17:00:00+00:00,-0.0019042928,-0.00011853346222778782,-0.0018854480072137353,0.00010197714436799288,-0.002013147759550777
2024-05-08 18:00:00+00:00,0.000961101,-0.00012004609016003087,0.0004563624890986631,9.551438415655866e-05,0.001025838715047466
2024-05-10 10:00:00+00:00,0.0029286325,-0.00012269218859728426,0.002947397427696771,9.527212387183681e-05,0.002988485983721212
2024-05-10 11:00:00+00:00,-0.0018240826,-0.00012038814747938886,-0.0009153604599204351,8.826577686704695e-05,-0.001969876003668431
2024-05-10 12:00:00+00:00,-0.00011889294,-0.00011548330803634599,-0.0002472837062038122,8.244401396950707e-05,-0.00013129112558322967
2024-05-10 13:00:00+00:00,0.00043304195,-0.00011224767513340339,0.00020020591225127987,7.518762140534818e-05,0.0004399872158618325
2024-05-10 14:00:00+00:00,-0.00014432648,-0.00010970012954203412,0.0002303860927854713,6.824811862315983e-05,-0.00015866204269524427
2024-05-10 15:00:00+00:00,-0.0016314881,-0.00010909420234384015,-0.0013415525744077399,6.0280843172222376e-05,-0.001647293493428963
2024-05-10 16:00:00+00:00,0.0016824292,-0.00010783988545881584,0.0008436647694562598,5.1597929996205494e-05,0.001741307310480725
2024-05-10 17:00:00+00:00,0.00038197584,-0.0001009062907542102,0.0006349138555476118,4.351128518464975e-05,0.0003469783608838008
2024-05-10 18:00:00+00:00,-0.0002461455,-9.106942889047787e-05,-0.0002461202960709416,3.392807047930546e-05,-0.0002868698477659709
2024-05-13 10:00:00+00:00,0.008166761,-8.67443231982179e-05,0.006867848708321705,2.535100793465972e-05,0.008401102687062567
2024-05-13 11:00:00+00:00,0.0017665917,-7.645390724064782e-05,0.002197221875543432,1.2660205356951337e-05,0.0014987001579494445
2024-05-13 12:00:00+00:00,0.002761401,-6.066977221053094e-05,0.002186242886730418,-4.142450961808208e-06,0.002784395454996346
2024-05-13 13:00:00+00:00,-0.0008469141,-4.037717735627666e-05,-0.0005876015793662666,-2.294037039973773e-05,-0.001034261972548954
2024-05-13 14:00:00+00:00,-0.0020405685,-1.8244485545437783e-05,-0.0017150957628967877,-4.1526589484419674e-05,-0.002168561129711737
2024-05-13 15:00:00+00:00,-0.0003951589,1.071390670404071e-05,-0.0003675120093566227,-5.810477159684524e-05,-0.00032383542955942207
2024-05-13 16:00:00+00:00,0.00071453495,4.6305718569783494e-05,0.0004842311420799486,-7.50122926547192e-05,0.0007535368271784566
2024-05-13 17:00:00+00:00,0.002232781,7.545958942500874e-05,0.0017827533900526933,-8.329826960107312e-05,0.002386076598029593
2024-05-13 18:00:00+00:00,0.0006621601,0.00010301825386704877,0.0008287251836280531,-8.894716302165762e-05,0.0005800885923774338
2024-05-14 10:00:00+00:00,0.00068684196,0.0001247027248609811,0.0006608431242465405,-8.820850780466571e-05,0.0006784428177449087
2024-05-14 11:00:00+00:00,-0.0030273194,0.00013807613868266344,-0.002016055781883479,-8.460976096102968e-05,-0.00324182488952352
2024-05-14 12:00:00+00:00,0.001946587,0.00015555028221569955,0.0004472260784507305,-8.505282312398776e-05,0.0021419984548988846
2024-05-14 13:00:00+00:00,-0.00091408833,0.00018511648522689939,-0.0007143192767030263,-8.60162908793427e-05,-0.0010137622947793401
2024-05-14 14:00:00+00:00,0.0028819912,0.00022581483062822372,0.001679242392872624,-8.666762005304918e-05,0.0030459918116873277
2024-05-14 15:00:00+00:00,0.00069412217,0.0002647537039592862,0.000769064732684676,-9.174679144052789e-05,0.0005722869321882079
2024-05-14 16:00:00+00:00,-0.00020902224,0.0003036513808183372,0.00017643817502541935,-9.745450370246544e-05,-0.00024455434912174087
2024-05-14 17:00:00+00:00,-0.0017072563,0.0003464633773546666,-0.001691420540229475,-0.00010021251364378259,-0.0018169639804132911
2024-05-14 18:00:00+00:00,0.0006280066,0.00039254844887182117,0.00031136004496376253,-0.00010919798660324886,0.000755544229271581
2024-05-15 10:00:00+00:00,0.0022909709,0.0004341664898674935,0.001902888551718036,-0.00010820371244335547,0.0023925801263051305
2024-05-15 11:00:00+00:00,-0.0010946634,0.0004604540590662509,-0.0008725891326981704,-0.0001048799094860442,-0.0012275440535812197
2024-05-15 12:00:00+00:00,0.0013702295,0.0004930697614327073,0.0010652271615825327,-0.00010408227535663173,0.0014116869548695063
2024-05-15 13:00:00+00:00,-0.0005512081,0.000502583512570709,-5.930559992546044e-05,-9.788003080757335e-05,-0.0006635342079493629
2024-05-15 14:00:00+00:00,0.0015359448,0.0005070431507192552,0.0015849725930975893,-9.048690117197111e-05,0.0016212572267906484
2024-05-15 15:00:00+00:00,0.0005670352,0.0005066447192803025,0.0006463886749076605,-8.820850780466571e-05,0.0005393256799423736
2024-05-15 16:00:00+00:00,-0.00023344616,0.0004939810605719686,-0.0006640356591042979,-8.11406280263327e-05,-0.00025443476996496033
2024-05-15 17:00:00+00:00,0.0026896622,0.0004918192280456424,0.002236008118648461,-8.108852489385754e-05,0.002747561174126997
2024-05-15 18:00:00+00:00,-0.0016812322,0.0004918484482914209,-0.0013306719845015723,-8.305903611471877e-05,-0.0018930763210642403
2024-05-16 10:00:00+00:00,0.003326434,0.0005005635903216898,0.0011572888839913326,-8.346883987542242e-05,0.00360767150547745
2024-05-16 11:00:00+00:00,-0.0008887376,0.0004889937117695808,-0.0005861325633172431,-7.727578486083075e-05,-0.0011536548844074453
2024-05-16 12:00:00+00:00,0.002473215,0.000464837095933035,0.0020634168356818985,-6.849889905424789e-05,0.002574039299411791
2024-05-16 13:00:00+00:00,0.0010687258,0.00044683428131975234,0.0013068608847885054,-6.905764166731387e-05,0.0010678032129487081
2024-05-16 14:00:00+00:00,0.00015731277,0.00043473573168739676,0.00011956523844818954,-7.063851808197796e-05,7.617255293529496e-05
2024-05-16 15:00:00+00:00,0.0007034648,0.0004146135470364243,0.0006575256557681637,-6.897817365825176e-05,0.0006994237027006121
2024-05-16 16:00:00+00:00,0.00014890554,0.000409714033594355,0.0005316266619073815,-7.322660530917346e-05,9.035798442021085e-05
2024-05-16 17:00:00+00:00,-0.0008440914,0.0004065097018610686,-0.0008414456269631591,-7.640768308192492e-05,-0.0009454681771029128
2024-05-16 18:00:00+00:00,4.139364e-05,0.0004112886090297252,-9.454909355791378e-05,-7.726398325758055e-05,7.697765466643724e-05
2024-05-17 10:00:00+00:00,0.002323573,0.00042618767474777997,0.0018612736782589235,-8.046144648687914e-05,0.002507882031087935
2024-05-17 11:00:00+00:00,-0.0010164157,0.0004380495229270309,-0.00033425266730879226,-8.529762999387458e-05,-0.0012193374141145242
2024-05-17 12:00:00+00:00,4.133786e-05,0.0004473817243706435,3.9198600396698605e-05,-8.77719940035604e-05,8.394392362129729e-05
2024-05-17 13:00:00+00:00,0.0007024823,0.00046032248064875603,0.0006498637481309761,-9.504371701041237e-05,0.0007386486069395865
2024-05-17 14:00:00+00:00,-0.0002726698,0.0004772151878569275,-7.187219598319523e-05,-9.930409578373656e-05,-0.0003309606570409054
2024-05-17 15:00:00+00:00,0.001395616,0.00048142223386093974,0.0013617438011611234,-0.00010260593990096822,0.0014940407562623204
2024-05-17 16:00:00+00:00,-0.0005365449,0.00047060928773134947,-4.528445300521088e-05,-9.527113434160128e-05,-0.00061842874458361
2024-05-17 17:00:00+00:00,0.0016829604,0.00048079679254442453,0.0016551529048667024,-0.0001009310144581832,0.0017955974378470272
2024-05-17 18:00:00+00:00,-0.0010721474,0.000493630301207304,-0.001111432160784688,-0.00010143404506379738,-0.0012251934597210224
2024-05-20 10:00:00+00:00,0.002735822,0.0005099300178699195,0.0010753800625217416,-0.00010182632104260847,0.0029345419450945752
2024-05-20 11:00:00+00:00,-0.0021088887,0.0005371758015826344,-0.0019536579536324973,-0.00010758711869129911,-0.0024355351514979045
2024-05-20 12:00:00+00:00,-0.0025927713,0.0005595728871412575,-0.002299700385610144,-0.00011072903726017103,-0.0027421293793784022
2024-05-20 13:00:00+00:00,0.0001818783,0.0005879154778085649,-0.00016450042575621857,-0.00011672137043206021,0.0003034283785144065
2024-05-20 14:00:00+00:00,0.0010988332,0.0006094084237702191,0.0009008024626452714,-0.0001202031344291754,0.0011948469269166325
2024-05-20 15:00:00+00:00,-0.00272865,0.0006416239193640649,-0.0015184137589107692,-0.00013154417683836073,-0.0029058459023742606
2024-05-20 16:00:00+00:00,0.00023181111,0.0006580209010280669,-2.1050189953755508e-05,-0.00013249520270619541,0.0003643199545917017
2024-05-20 17:00:00+00:00,0.00043863824,0.0006683237152174115,0.0004484689580350053,-0.00013106827100273222,0.0004777480476743224
2024-05-20 18:00:00+00:00,-0.003688894,0.0006863855523988605,-0.003856069389013995,-0.00013495638268068433,-0.003931515235196698
2024-05-21 10:00:00+00:00,-0.0061312066,0.0007024460355751216,-0.004345533368542743,-0.0001341073657386005,-0.006328517231582689
2024-05-21 11:00:00+00:00,0.00018381585,0.0007196529768407345,-0.0011362378777462342,-0.0001327505597146228,0.0005516901860172263
2024-05-21 12:00:00+00:00,0.0008517959,0.0007297434494830668,0.00045367996587306406,-0.00012916329433210194,0.0009902395554281965
2024-05-21 13:00:00+00:00,-0.0016123444,0.0007485321257263422,-0.0007261400326438826,-0.0001341923198197037,-0.001751330481442819
2024-05-21 14:00:00+00:00,0.00023407652,0.0007565163541585207,0.0001534271455199942,-0.00013531743024941534,0.00031619916300758386
2024-05-21 15:00:00+00:00,-0.0030305083,0.0007640990661457181,-0.0030456067814017026,-0.0001371581747662276,-0.0031854296597248186
2024-05-21 16:00:00+00:00,-0.0010905493,0.000757710833568126,-0.0010737909531629876,-0.0001359468005830422,-0.00103521347170171
2024-05-21 17:00:00+00:00,0.0077006104,0.000743179873097688,0.004989379692444784,-0.00012908766802866012,0.008177229052027602
2024-05-21 18:00:00+00:00,-0.0011333901,0.0007243980071507394,-2.8666119114341545e-05,-0.0001255521783605218,-0.0015179942747079345
2024-05-22 10:00:00+00:00,0.0026813908,0.0007080211071297526,0.0014659876911442577,-0.00011779003398260102,0.002857589084889717
2024-05-22 11:00:00+00:00,0.001387833,0.0006893714889883995,0.0015329088453101243,-0.00011177370470250025,0.0012918398581804923
2024-05-22 12:00:00+00:00,-0.00091392495,0.0006747077568434179,-0.00042626529578678417,-0.00010962531814584509,-0.0011146479305454168
2024-05-22 13:00:00+00:00,-0.00021614073,0.000662231701426208,-0.0002399759705454293,-0.0001054031090461649,-0.00017429857452045823
2024-05-22 14:00:00+00:00,0.0,0.0006542712799273431,2.9365616517326402e-05,-0.00010282730363542214,-3.3828684069995164e-05
2024-05-22 15:00:00+00:00,0.0011549792,0.0006470375810749829,0.0011553543201530926,-0.00010068916162708774,0.0012112428877472335
2024-05-22 16:00:00+00:00,-0.0016705804,0.0006436536787077785,-0.0007053536847036227,-0.00010199525422649458,-0.0018252897186648712
2024-05-22 17:00:00+00:00,0.0029569357,0.0006380155682563782,0.0025724839172962368,-0.0001052191000781022,0.0031686826350990245
2024-05-22 18:00:00+00:00,-0.0017681269,0.0006375053781084716,-0.0012600446333822994,-0.00011360977805452421,-0.0020034623607130693
2024-05-23 10:00:00+00:00,-0.008267716,0.000635478412732482,-0.0076545172199417935,-0.00011662470205919817,-0.008672512769761668
2024-05-23 11:00:00+00:00,-3.35101e-05,0.0006353765493258834,-0.0018233430953213572,-0.00012016707478323951,0.00033402546548361455
2024-05-23 12:00:00+00:00,-0.00015080934,0.0006328600575216115,-0.00010093357117712943,-0.0001223978033522144,-0.0001166836736799285
2024-05-23 13:00:00+00:00,0.0009882251,0.000626394001301378,0.0007111659423692144,-0.0001271763030672446,0.0010953491162772433
2024-05-23 14:00:00+00:00,0.0016476604,0.0006214254535734653,0.0016591697206323008,-0.00013079552445560694,0.0017148575920408117
2024-05-23 15:00:00+00:00,0.001428005,0.0006142966449260712,0.0012601718402851388,-0.00013916999159846455,0.001428552723344459
2024-05-23 16:00:00+00:00,0.004570913,0.0005985645111650229,0.0034659591850222634,-0.00013612343173008412,0.004733930212538457
2024-05-23 17:00:00+00:00,0.0011208018,0.0005882226978428662,0.0012135625444905087,-0.00013595662312582135,0.000979275894734833
2024-05-23 18:00:00+00:00,-0.00023235937,0.0005870670429430902,-0.00023859773913632127,-0.00013959452917333692,-0.00032760437079084356
2024-05-24 10:00:00+00:00,-0.0013038731,0.0005810389411635697,-0.0011932218451938862,-0.00014057209773454815,-0.0014243072755055406
2024-05-24 11:00:00+00:00,-0.0013471823,0.0005786660476587713,-0.0013336656017104733,-0.00014311102859210223,-0.0013598416944028491
2024-05-24 12:00:00+00:00,0.00020801698,0.0005702284397557378,-0.00032349597117438194,-0.0001387364318361506,0.00022884576955869512
2024-05-24 13:00:00+00:00,-0.0018987189,0.0005666189244948328,-0.0013411978447267748,-0.00013816540013067424,-0.00199047818563603
2024-05-24 14:00:00+00:00,-0.009909987,0.0005634806002490222,-0.009760232147493893,-0.00014029713929630816,-0.010307024432731262
2024-05-24 15:00:00+00:00,0.0022368552,0.0005516666569747031,-0.00024393858288722587,-0.00013640755787491798,0.0027173950367592103
2024-05-24 16:00:00+00:00,0.0071311696,0.0005425757262855768,0.005679293126637298,-0.0001357729488518089,0.007529229411098032
2024-05-24 17:00:00+00:00,0.00047527527,0.0005320273339748383,0.0006004356112887514,-0.00013444227806758136,0.00027719953384363987
2024-05-24 18:00:00+00:00,-0.0033484085,0.0005223848856985569,-0.0024296648692733423,-0.00013650603068526834,-0.003680309325400872
2024-05-27 10:00:00+00:00,-0.005687028,0.0005042660632170737,-0.00564506006259847,-0.0001345446944469586,-0.005902859906725418
2024-05-27 11:00:00+00:00,0.0041049547,0.00048431288450956345,0.0013004239907151093,-0.0001326598721789196,0.004584057235389863
2024-05-27 12:00:00+00:00,-0.0012573978,0.00046314328210428357,-0.0009400988385071675,-0.0001359846501145512,-0.0014093659163038476
2024-05-27 13:00:00+00:00,-0.001158204,0.00043740091496147215,-0.0012009701336804324,-0.00013717293040826917,-0.0012228826065603542
2024-05-27 14:00:00+00:00,-0.0028761267,0.0004082583182025701,-0.0028233116274624754,-0.00013705658784601837,-0.0029144561696680987
2024-05-27 15:00:00+00:00,-0.0008172516,0.000380131124984473,-0.0014517961345716344,-0.0001399800821673125,-0.0008520600183231716
2024-05-27 16:00:00+00:00,-0.0028022572,0.00035063852556049824,-0.002783506895221188,-0.0001426247035851702,-0.002929746284680538
2024-05-27 17:00:00+00:00,-0.0056111827,0.00031350270728580654,-0.005500632057403656,-0.00014066073345020413,-0.00567597765813318
2024-05-27 18:00:00+00:00,-0.0021783535,0.0002818804350681603,-0.003258833587833002,-0.00014268058293964714,-0.00205576499001757
2024-05-28 10:00:00+00:00,0.014998717,0.000250357756158337,0.00987677721189309,-0.0001434205478290096,0.015761186781871633
2024-05-28 11:00:00+00:00,-0.0040024268,0.00021546395146287978,-0.0017454131513384142,-0.0001456509344279766,-0.004651365345986992
2024-05-28 12:00:00+00:00,0.0034232351,0.00018435754464007914,0.00024139517390233626,-0.00014750905393157154,0.0036536228399981097
2024-05-28 13:00:00+00:00,-0.00100809,0.00014453026233240962,-0.0009815053421540348,-0.0001468131667934358,-0.0011564083595013116
2024-05-28 14:00:00+00:00,-4.202581e-05,0.00011227063805563375,-0.0007382523615828326,-0.0001500039070378989,-8.240637292514656e-05
2024-05-28 15:00:00+00:00,-0.0043128203,7.086038385750726e-05,-0.0024054030436234525,-0.00015529608936049044,-0.004528998989728713
2024-05-28 16:00:00+00:00,-0.0028488964,2.8497770472313277e-05,-0.0026635691623655994,-0.00015428822371177375,-0.002824247426145642
2024-05-28 17:00:00+00:00,-0.00066054676,5.9247568060527556e-06,-0.0016015886104647208,-0.00015440340212080628,-0.0005457998431383892
2024-05-28 18:00:00+00:00,-0.004840363,6.001198016747367e-06,-0.004235356700942226,-0.00015910554793663323,-0.004988358899695535
2024-05-29 10:00:00+00:00,-0.0067818295,1.4758253200852778e-05,-0.006299196853317592,-0.00016544951358810067,-0.006964508039119291
2024-05-29 11:00:00+00:00,0.00032562125,2.5830255253822543e-05,-0.001471558184415834,-0.0001662964787101373,0.0006245454755420025
2024-05-29 12:00:00+00:00,-0.0021871242,4.252378494129516e-05,-0.002594595344426478,-0.0001692093355813995,-0.002163736096813196
2024-05-29 13:00:00+00:00,-0.003733434,5.961695569567382e-05,-0.003554118528191991,-0.00017570781346876174,-0.003794465404850514
2024-05-29 14:00:00+00:00,5.1709427e-05,7.035469025140628e-05,-0.002933315719048857,-0.00017896000645123422,0.00015935539888863485
2024-05-29 15:00:00+00:00,-0.0027529327,7.966156408656389e-05,-0.0033743012305120093,-0.00018797825032379478,-0.002751748521932131
2024-05-29 16:00:00+00:00,0.0028649606,7.649556209798902e-05,-0.0011982613924506748,-0.0001931825972860679,0.003043468246919217
2024-05-29 17:00:00+00:00,0.0015154518,9.259454236598685e-05,-0.0009088404189050881,-0.00020638733985833824,0.0016849580327589085
2024-05-29 18:00:00+00:00,0.004695348,0.00011130570055684075,-0.00035785449414479665,-0.00021440933051053435,0.004946302797969601
2024-05-30 10:00:00+00:00,0.0016001305,0.0001368132361676544,-0.0007499265962397314,-0.00021612162527162582,0.0017001267488234075
2024-05-30 11:00:00+00:00,-0.0040265983,0.00016310250794049352,-0.0017189900082279985,-0.00022079395421314985,-0.004211790314009923
2024-05-30 12:00:00+00:00,-0.0015550032,0.00018451243522576988,-0.0012821181734645859,-0.00022385640477295965,-0.0016015287521522073
2024-05-30 13:00:00+00:00,-0.0009031831,0.00021320882660802454,-0.0010700356682730023,-0.00023089117894414812,-0.0009159895711022586
2024-05-30 14:00:00+00:00,-0.0021882225,0.00023537313973065466,-0.0016827409020172958,-0.00023800770577508956,-0.0023841493442783726
2024-05-30 15:00:00+00:00,-0.001199522,0.000230119374464266,-0.0018702316809928012,-0.00023763607896398753,-0.0012862878136361156
2024-05-30 16:00:00+00:00,-0.0008552141,0.00020989224140066653,-0.0006196910922379214,-0.0002361076622037217,-0.0009223021997599556
2024-05-30 17:00:00+00:00,-0.0010635585,0.0001921253715408966,-0.0010753990289275618,-0.00022814168187323958,-0.001179708337351127
2024-05-30 18:00:00+00:00,-0.0043350914,0.00016540236538276076,-0.0030948611329799595,-0.00021933727839495987,-0.004485577568963192
2024-05-31 10:00:00+00:00,-0.01991229,0.0001404642389388755,-0.004200741782623566,-0.0002097306278301403,-0.020364156211927106
2024-05-31 11:00:00+00:00,0.0096414555,0.00012041168520227075,-0.00042120653068781165,-0.0001980649831239134,0.009792992015581745
2024-05-31 12:00:00+00:00,-0.0051664235,0.00010296401160303503,-0.0010735263208964524,-0.00018697021005209535,-0.005025763582256024
2024-05-31 13:00:00+00:00,-0.0032702875,7.155459752539173e-05,-0.0024745049258056047,-0.0001763111213222146,-0.0032004836446660272
2024-05-31 14:00:00+00:00,0.0059580468,4.3524363718461245e-05,0.0004741756633979211,-0.0001659782719798386,0.0061589729368048875
2024-05-31 15:00:00+00:00,0.00096758595,2.208121486546588e-06,0.00023151601835827334,-0.00015168242680374533,0.0010338431050467888
2024-05-31 16:00:00+00:00,-0.0044233436,-3.3702301152516156e-05,-0.0009724275462466151,-0.0001469784911023453,-0.004432082945277063
2024-05-31 17:00:00+00:00,-0.0014758585,-4.4431028072722256e-05,-0.0015092518084748382,-0.00014861753152217716,-0.0015021628541446023
2024-05-31 18:00:00+00:00,-0.0044584563,-5.1013645133934915e-05,-0.0020204663523811896,-0.00014526276208925992,-0.004632296144512996
2024-06-03 10:00:00+00:00,-0.0039342446,-5.343959492165595e-05,-0.001420354643244469,-0.0001432383432984352,-0.004093269310055727
2024-06-03 11:00:00+00:00,-0.005329626,-6.069852679502219e-05,-0.0033326131833288095,-0.0001396507432218641,-0.0053720863665655625
2024-06-03 12:00:00+00:00,0.0019885174,-7.041430217213929e-05,-0.0008584902725441122,-0.0001369817036902532,0.0019029998718212765
2024-06-03 13:00:00+00:00,-0.0109227775,-7.965219265315682e-05,-0.00214390862362746,-0.00013301904255058616,-0.010898659497603446
2024-06-03 14:00:00+00:00,-0.01105255,-0.00010860336624318734,-0.004406167031789961,-0.00012454659736249596,-0.010966558427779166
2024-06-03 15:00:00+00:00,0.010690618,-0.00014154828386381269,-0.000776983193762385,-0.00011457061191322282,0.010513868828850817
2024-06-03 16:00:00+00:00,0.0045057526,-0.0001747816422721371,0.0027528720890176127,-0.00010846441000467166,0.004508886539805672
2024-06-03 17:00:00+00:00,0.0033817543,-0.00021040662250015885,0.00047180314651936,-0.00010339850996388122,0.0033248166746693156
2024-06-03 18:00:00+00:00,-0.0019593046,-0.0002447541046421975,-0.0004466388167943825,-9.812581265578046e-05,-0.0020407237697521617
2024-06-04 10:00:00+00:00,0.010479734,-0.0002783948148135096,0.0005096761788301834,-9.100911120185629e-05,0.010416385053942509
2024-06-04 11:00:00+00:00,-0.0030672136,-0.0003052750544156879,-0.00016281651344924583,-9.05980050447397e-05,-0.003222470220214444
2024-06-04 12:00:00+00:00,0.0052459897,-0.0003118439926765859,0.0007423830516495592,-0.0001049405473168008,0.00514570733882167
2024-06-04 13:00:00+00:00,0.0010920472,-0.0003188546688761562,0.0004650815963570625,-0.00010621565888868645,0.0009980234280694473
2024-06-04 14:00:00+00:00,0.0018794332,-0.0003348590398672968,0.000471807880172189,-9.524328197585419e-05,0.0018832403436907193
2024-06-04 15:00:00+00:00,0.0029273534,-0.0003452194796409458,0.0016285338694921974,-9.620052151149139e-05,0.002969156259410733
2024-06-04 16:00:00+00:00,-0.00057418214,-0.00034788745688274503,-9.641469522111154e-05,-0.00010411701077828184,-0.0006441063153801442
2024-06-04 17:00:00+00:00,0.002197774,-0.0003443090245127678,0.0008477716071904127,-0.00011122994328616187,0.002296048766105635
2024-06-04 18:00:00+00:00,-0.0025336025,-0.00034282670821994543,-0.0004769042706975889,-0.0001108080250560306,-0.00264244655149888
2024-06-05 10:00:00+00:00,0.0053158086,-0.0003367954632267356,-0.0005409832925401161,-0.0001224789157276973,0.00532776981629123
2024-06-05 11:00:00+00:00,0.006467693,-0.0003311902401037514,0.0002529672687639351,-0.00013342080637812614,0.006537744927424842
2024-06-05 12:00:00+00:00,0.0035055322,-0.0003178456681780517,0.001057567694503181,-0.00015379255637526512,0.003529152692364592
2024-06-05 13:00:00+00:00,-0.0022658554,-0.0003063197073061019,-0.0005580697240569381,-0.00017453510372433811,-0.002471516460085742
2024-06-05 14:00:00+00:00,-0.0013794551,-0.00028725495212711394,-0.0004894184923596777,-0.0001967715215869248,-0.001598705560644179
2024-06-05 15:00:00+00:00,-0.0043867207,-0.00025686167646199465,-0.0017591316898242868,-0.00022873959096614271,-0.004590849875103962
2024-06-05 16:00:00+00:00,0.0002807658,-0.00021236763859633356,-0.001628623928798158,-0.000250964512815699,0.0001929104782754092
2024-06-05 17:00:00+00:00,0.003843818,-0.0001991585741052404,0.00022238779327078077,-0.00024050568754319102,0.003858592959793968
2024-06-05 18:00:00+00:00,-0.003431586,-0.00017967041640076786,-0.001792733732288827,-0.0002629944065120071,-0.0035158932168078737
2024-06-06 10:00:00+00:00,-0.00014031518,-0.00016795602277852595,-0.0019432361289306419,-0.00026528051239438355,-0.0003478564913027824
2024-06-06 11:00:00+00:00,0.00091169693,-0.00015891533985268325,-0.0007687823247978597,-0.0002739019109867513,0.0008754185744209533
2024-06-06 12:00:00+00:00,-0.005940942,-0.0001529914152342826,-0.00210601970879346,-0.0002833374892361462,-0.006015096421547393
2024-06-06 13:00:00+00:00,-0.004036377,-0.00014760787598788738,-0.0032098544796591074,-0.000295248901238665,-0.004132627145847969
2024-06-06 14:00:00+00:00,-0.0013461336,-0.00014656478015240282,-0.0015121711929582222,-0.0003005613398272544,-0.0013330884795133369
2024-06-06 15:00:00+00:00,0.0033972713,-0.00015357817756012082,0.0005159415679844451,-0.0002975167299155146,0.003362468788885113
2024-06-06 16:00:00+00:00,0.0006533582,-0.00015676555631216615,-0.00022312254611513046,-0.0003034371475223452,0.0007363387080340854
2024-06-06 17:00:00+00:00,-0.003129395,-0.00016029614198487252,-0.0019153952455086896,-0.00030755202169530094,-0.003126882641140496
2024-06-06 18:00:00+00:00,0.002237543,-0.00015520189481321722,-0.00032110353780266936,-0.0002896568039432168,0.0022932969844994145
2024-06-07 10:00:00+00:00,0.0031664437,-0.00014874576299916953,0.0013248462848440316,-0.000278590276138857,0.003214567706290552
2024-06-07 11:00:00+00:00,0.0028842792,-0.00013709855556953698,0.0006221437784047277,-0.00027607110678218305,0.002897620693213942
2024-06-07 12:00:00+00:00,0.0041272584,-0.00013115930778440088,0.0010450115495288024,-0.0002638037840370089,0.004235612543697677
2024-06-07 13:00:00+00:00,0.010343765,-0.00011706082295859233,0.0012493081983552246,-0.00026712584076449275,0.010580706816081564
2024-06-07 14:00:00+00:00,-0.0058503556,-0.00010391032992629334,-0.0013494234702967924,-0.0002647248038556427,-0.006144390748122866
2024-06-07 15:00:00+00:00,-0.0020566098,-8.778193296166137e-05,-0.0007641818126043658,-0.00025564810493960977,-0.002292901806233897
2024-06-07 16:00:00+00:00,-0.003110368,-9.23616680665873e-05,-0.0008609882189644089,-0.00021642503270413727,-0.003295227392036729
2024-06-07 17:00:00+00:00,-0.0038049861,-9.094973938772455e-05,-0.002079561693566574,-0.0002045883738901466,-0.004021473595226167
2024-06-07 18:00:00+00:00,0.004189938,-9.343001147499308e-05,-0.000333716817218102,-0.000200444643269293,0.004187715730034261
2024-06-10 10:00:00+00:00,0.006877852,-8.988468471216038e-05,0.001197716169980636,-0.0001966820564121008,0.006953874158120934
2024-06-10 11:00:00+00:00,-0.0027402402,-9.228457201970741e-05,-0.0005601526565874348,-0.0001952855964191258,-0.0028967333909310404
2024-06-10 12:00:00+00:00,-0.0038402504,-0.00010062543879030272,-0.001595677652896182,-0.00019715468806680292,-0.004022342233567161
2024-06-10 13:00:00+00:00,0.00082165684,-0.00010860787733690813,-0.0004060835885281755,-0.00019907907699234784,0.0007666374321419738
2024-06-10 14:00:00+00:00,-0.0037729451,-0.0001191919218399562,-0.0022408526321979387,-0.0001988102012546733,-0.003931478124725319
2024-06-10 15:00:00+00:00,-0.0011583725,-0.000128257684991695,-0.001611967125503319,-0.00020695582497864962,-0.0012506873065673714
2024-06-10 16:00:00+00:00,0.0017896468,-0.00014214200200513005,-0.0004649135020567682,-0.00020914549531880766,0.001752623330147622
2024-06-10 17:00:00+00:00,-0.003793638,-0.00012216564209666103,-0.002649507998053311,-0.0002466693986207247,-0.003922161315402942
2024-06-10 18:00:00+00:00,-0.0050099334,-0.00011133548832731321,-0.002851301316060295,-0.00023439405777025968,-0.005197328192951877
2024-06-11 10:00:00+00:00,-0.0052573606,-9.936835704138502e-05,-0.002220362053107235,-0.00025306022143922746,-0.005421044330890982
2024-06-11 11:00:00+00:00,0.000382156,-8.977416291600093e-05,-0.0004912239353212027,-0.0002772360167000443,0.0004820946614449731
2024-06-11 12:00:00+00:00,-0.0040690093,-8.173470268957317e-05,-0.0028260464408674905,-0.00029567477758973837,-0.0039437636703327575
2024-06-11 13:00:00+00:00,-0.0011605176,-7.176282815635204e-05,-0.0024331133950224425,-0.0003179131308570504,-0.0010874255768071864
2024-06-11 14:00:00+00:00,0.001312178,-5.835900810780004e-05,-0.00045194625943420085,-0.0003449880168773234,0.0013763038504317462
2024-06-11 15:00:00+00:00,-0.0014461706,-4.429175169207156e-05,-0.0007682233975718221,-0.0003756226215045899,-0.0014313908806362454
2024-06-11 16:00:00+00:00,0.0018475137,-3.359219408594072e-05,0.0002689562550606243,-0.0004065646498929709,0.001891476977365208
2024-06-11 17:00:00+00:00,0.00096256693,-2.808110002661124e-05,0.0006852049943406094,-0.00043119327165186405,0.0010152016686230906
2024-06-11 18:00:00+00:00,-0.002702885,-2.6102716219611466e-05,-0.0007284870876695705,-0.00045768643030896783,-0.0027173211280235566
2024-06-13 10:00:00+00:00,-0.017062861,-2.1254989405861124e-05,0.00011941764237142755,-0.0004778788425028324,-0.017415224851731994
2024-06-13 11:00:00+00:00,0.0062318477,-2.1797757653985173e-05,0.0016713397637409312,-0.0004973259055987,0.006108167634806818
2024-06-13 12:00:00+00:00,-0.0017171265,-1.255364350072341e-05,-0.0004497399508532877,-0.0005220005405135453,-0.0015207009217051539
2024-06-13 13:00:00+00:00,-0.0015388796,-3.3930089102796046e-06,-0.00026006168059762276,-0.0005260063335299492,-0.0013814305550685234
2024-06-13 14:00:00+00:00,0.0041405307,6.300967470451724e-06,0.0011613218939381018,-0.0005267002270556986,0.004163461118038717
2024-06-13 15:00:00+00:00,0.010393014,-1.0122828371095238e-06,0.0017926660300371874,-0.0005362083320505917,0.01044211368480429
2024-06-13 16:00:00+00:00,0.0014186235,-5.3169942475506105e-06,0.0013623451717229955,-0.0005512105417437851,0.001573862170498923
2024-06-13 17:00:00+00:00,0.010897961,-1.495255946792895e-05,0.0022909309594630247,-0.0005494047654792666,0.01096056961592927
2024-06-13 18:00:00+00:00,-0.0010323789,-1.830224209697917e-05,0.0012671486657386368,-0.0005598354618996382,-0.0010447725984712413
2024-06-14 10:00:00+00:00,-0.00091856567,-2.5467612431384623e-05,0.0011543952464847947,-0.0005591270164586604,-0.0010675682495328528
2024-06-14 11:00:00+00:00,-0.0002209349,-3.705944254761562e-05,0.0007238791578512477,-0.0005568010383285582,-0.00029149360634151376
2024-06-14 12:00:00+00:00,0.0035731497,-4.502294905250892e-05,0.0019682855685747673,-0.0005601097363978624,0.003570278100749627
2024-06-14 13:00:00+00:00,0.0016279412,-5.8098397857975215e-05,0.0020703152421704596,-0.0005655738059431314,0.0017637790705513755
2024-06-14 14:00:00+00:00,0.0017306285,-7.111060403985903e-05,0.002119829177077729,-0.00056710239732638,0.001778766927041052
2024-06-14 15:00:00+00:00,0.0010439559,-8.644618355901912e-05,0.0020564966397688777,-0.0005652065156027675,0.0010604951023516595
2024-06-14 16:00:00+00:00,0.0069987485,-9.56797375692986e-05,0.0025864470294694546,-0.0005699974135495722,0.007161904037332696
2024-06-14 17:00:00+00:00,-0.010696975,-0.00010474844748387113,-0.001825465555401769,-0.0005735601880587637,-0.011041308742058525
2024-06-14 18:00:00+00:00,0.001029146,-0.00011475424253148958,-0.001273709094844063,-0.0005756705650128424,0.0008524045212364263
2024-06-17 10:00:00+00:00,-0.00020222714,-0.00012450451322365552,-0.0006902326057119445,-0.0005885071586817503,-0.00028044125022899256
2024-06-17 11:00:00+00:00,-0.006245169,-0.00014335346349980682,-0.0029191889203226606,-0.0006019943975843489,-0.006375162900108926
2024-06-17 12:00:00+00:00,0.0026510214,-0.0001660521957091987,-0.0006264476464074129,-0.0006096406141296029,0.0026124508111283378
2024-06-17 13:00:00+00:00,0.0016665421,-0.00018894403183367103,-0.0012653850694323027,-0.0006257927743718028,0.0017138209878244852
2024-06-17 14:00:00+00:00,-0.0021343783,-0.00020727947412524372,-0.0009234514725928586,-0.0006407781038433313,-0.0021196039462019517
2024-06-17 15:00:00+00:00,-0.0019000744,-0.00022777852427680045,-0.001260430876850513,-0.0006558333407156169,-0.0018810418891617878
2024-06-17 16:00:00+00:00,-0.0014074971,-0.0002477608504705131,-0.002919453043215491,-0.0006705386331304908,-0.0014387499633522732
2024-06-17 17:00:00+00:00,0.00096510147,-0.00026379150222055614,-0.0006443924890953581,-0.0006855131941847503,0.0010469007790888667
2024-06-17 18:00:00+00:00,-0.003288704,-0.00027523806784301996,-0.002305731344137026,-0.0007005688967183232,-0.0032364175484486347
2024-06-18 10:00:00+00:00,-0.0043602134,-0.00027474487433210015,-0.0015270298517389134,-0.0007189363823272288,-0.004452884514080494
2024-06-18 11:00:00+00:00,-0.0027951812,-0.00026873336173594,-0.0021351734153818814,-0.0007467814139090478,-0.0027272577373904303
2024-06-18 12:00:00+00:00,-0.0020858427,-0.0002603971806820482,-0.0022926603817366785,-0.0007692044600844383,-0.001979663671618243
2024-06-18 13:00:00+00:00,0.0011464091,-0.00025315512903034687,-0.0010221058748018743,-0.00078716961434111,0.0011875313421769718
2024-06-18 14:00:00+00:00,-0.0024107734,-0.0002471906482242048,-0.0019089781081671293,-0.000804678478743881,-0.002256187680705996
2024-06-18 15:00:00+00:00,-0.00577719,-0.00023792540014255792,-0.002750953056170924,-0.0008255618740804493,-0.005759146670363804
2024-06-18 16:00:00+00:00,9.0243746e-05,-0.00022724173322785646,-0.001718437082192041,-0.0008413823670707643,0.00011568544464074267
2024-06-18 17:00:00+00:00,0.019976722,-0.00022090769198257476,0.004014404120933595,-0.0008530753548257053,0.02006075663934423
2024-06-18 18:00:00+00:00,-0.002976509,-0.00021202715288382024,0.0003678223848399189,-0.0008713650749996305,-0.0029163799529928723
2024-06-19 10:00:00+00:00,-0.008061435,-0.000211611608392559,-0.003129161743186661,-0.0008781372453086078,-0.008219326483316509
2024-06-19 11:00:00+00:00,-0.0023549544,-0.00021976062271278352,-0.0019313834754324482,-0.0008790855063125491,-0.002340834846137343
2024-06-19 12:00:00+00:00,-0.0025672112,-0.00023307315132115036,-0.0007965408321596321,-0.0008889309829100966,-0.0025067964574810456
2024-06-19 13:00:00+00:00,-0.0044408287,-0.000244670343818143,-0.0029665480201078154,-0.0009032899979501963,-0.004349211882561039
2024-06-19 14:00:00+00:00,0.0033167228,-0.0002529750927351415,-0.0006671141608676274,-0.0009092249674722552,0.0032779191193762643
2024-06-19 15:00:00+00:00,0.0019326804,-0.00026320782490074635,0.0001620833420771179,-0.0009231301373802125,0.0018996668047670685
2024-06-19 16:00:00+00:00,-0.005429975,-0.000277199549600482,-0.001262229069479506,-0.0009330094908364117,-0.005335332281433872
2024-06-19 17:00:00+00:00,0.04164911,-0.0002943949948530644,0.0037192692881300397,-0.0009409614140167832,0.04204485152095694
2024-06-19 18:00:00+00:00,-0.0003118476,-0.00030326872365549207,0.002577006193247967,-0.0009585001971572638,-0.0003181197561832467
2024-06-20 10:00:00+00:00,0.015730353,-0.0003135681909043342,0.0034899460643345414,-0.000963617698289454,0.01615239868510459
2024-06-20 11:00:00+00:00,0.0026488728,-0.0003229406429454684,0.002096612363067044,-0.0009696220513433218,0.002686938763671031
2024-06-20 12:00:00+00:00,-0.0022395854,-0.0003284645499661565,0.0011592744911569665,-0.0009638505289331079,-0.0026369976368663967
2024-06-20 13:00:00+00:00,-0.009361592,-0.00033176454599015415,-0.0005445661075140708,-0.0009550402173772454,-0.009831067605303051
2024-06-20 14:00:00+00:00,-0.011032339,-0.0003404568415135145,-0.0009746716624659127,-0.0009434691164642572,-0.011670094462815228
2024-06-20 15:00:00+00:00,0.019907884,-0.00035015263711102307,0.001592652023091316,-0.0009446463081985712,0.020669487790749605
2024-06-20 16:00:00+00:00,0.0017554777,-0.000359995145117864,0.000998376991671665,-0.0009493209654465318,0.002100772324933985
2024-06-20 17:00:00+00:00,-0.023378873,-0.00036740131326951087,-0.0013783305122579638,-0.0009510301752015948,-0.024416987489962745
2024-06-20 18:00:00+00:00,0.0039751455,-0.0003663768293336034,-0.0012141515287111564,-0.0009550086688250303,0.0039233248434840965
2024-06-21 10:00:00+00:00,-0.0015812066,-0.0003626768593676388,-0.00045116056959303,-0.0009555271826684475,-0.0014808118037291942
2024-06-21 11:00:00+00:00,-0.00065232423,-0.0003571530105546117,-0.0005532778722144204,-0.0009574710857123137,-0.0005670388666375743
2024-06-21 12:00:00+00:00,-0.0062315287,-0.0003508200461510569,-0.0010109779870667837,-0.0009564191568642855,-0.006165845865132456
2024-06-21 13:00:00+00:00,0.0054481775,-0.0003401066060177982,-0.0023272648933382687,-0.0009606385137885809,0.0057271149831712425
2024-06-21 14:00:00+00:00,0.0024871957,-0.0003282532561570406,-0.0009880392351376945,-0.0009691903833299875,0.0027791631552200346
2024-06-21 15:00:00+00:00,0.00041682587,-0.000312300689984113,-0.00020586378880876687,-0.0009764641290530562,0.0005531135825686931
2024-06-21 16:00:00+00:00,-0.0006774303,-0.00030487478943541646,-0.0006581826730044257,-0.0009702008683234453,-0.0005271606677059524
2024-06-21 17:00:00+00:00,-0.031184422,-0.0002914568758569658,-0.003768768906054812,-0.0009820356499403715,-0.03150346006390027
2024-06-21 18:00:00+00:00,-0.00025996496,-0.00027180867618881166,-0.0015628147918874196,-0.0009731834288686514,-0.00013222757428503417
2024-06-24 10:00:00+00:00,0.0034546987,-0.0002579361607786268,-0.0029165280333197973,-0.0009749545715749264,0.0036661309826106895
2024-06-24 11:00:00+00:00,-0.00409145,-0.00024370690516661853,-0.0029453947528869473,-0.0009762038243934512,-0.003702091312539904
2024-06-24 12:00:00+00:00,-0.0029198937,-0.00022871421242598444,-0.0029002191810543164,-0.0009732124162837863,-0.002715415872594532
2024-06-24 13:00:00+00:00,0.0017439774,-0.0002159715659217909,-0.0012319616083554807,-0.0009603217476978898,0.0017477482142574875
2024-06-24 14:00:00+00:00,0.00030533253,-0.00021012475190218538,-0.0007501374304672629,-0.0009542948100715876,0.0006346351411805012
2024-06-24 15:00:00+00:00,-0.0020313154,-0.00021280244982335716,-0.0014434470107067211,-0.0009463904425501823,-0.00198322847662308
2024-06-24 16:00:00+00:00,0.0019145815,-0.00021312925673555583,-0.000725997479124412,-0.000950218178331852,0.0019038230537178574
2024-06-24 17:00:00+00:00,-0.0027066537,-0.00022005299979355186,-0.0020049465265516635,-0.0009530321694910526,-0.002548590013039854
2024-06-24 18:00:00+00:00,-0.00091886934,-0.0002317071339348331,-0.0021481448451164116,-0.0009633338777348399,-0.0008909395658042708
2024-06-25 10:00:00+00:00,-0.003304087,-0.0002412662870483473,-0.0025717595929671223,-0.0009748345473781228,-0.0033619352221863205
2024-06-25 11:00:00+00:00,-0.0031789618,-0.00024894444504752755,-0.0023899702164973283,-0.0009862262522801757,-0.003216293219549305
2024-06-25 12:00:00+00:00,0.008589791,-0.000261373003013432,-0.00018197302259016687,-0.0009978533489629626,0.008576229132623927
2024-06-25 13:00:00+00:00,0.004692675,-0.0002731556596700102,0.002511350931690556,-0.00101149408146739,0.004609554361987328
2024-06-25 14:00:00+00:00,-0.008928671,-0.00028662089607678354,-0.003058048210361153,-0.0010189971653744578,-0.008975381342532562
2024-06-25 15:00:00+00:00,0.0069125323,-0.0002964283630717546,-3.170929837950802e-05,-0.0010265405289828777,0.0067486207615392365
2024-06-25 16:00:00+00:00,0.0023204465,-0.00030851649353280663,0.001925226203762161,-0.0010365576017647982,0.002133972547510993
2024-06-25 17:00:00+00:00,0.00020580275,-0.0003149908152408898,0.0011445446324909031,-0.0010470416164025664,0.00012453087180093076
2024-06-25 18:00:00+00:00,0.0047752387,-0.00031675543868914247,0.0016653896229487416,-0.0010479630436748266,0.004701894751576243
2024-06-26 10:00:00+00:00,0.00976482,-0.00032607707544229925,0.0032150250693963323,-0.0010486458195373416,0.009786830434462346
2024-06-26 11:00:00+00:00,9.699193e-05,-0.00032535422360524535,0.0004998240228336535,-0.0010531828738749027,0.00010906623998121665
2024-06-26 12:00:00+00:00,0.0015241824,-0.00032439068309031427,0.0009777828142007402,-0.0010664440924301744,0.0014866024633770525
2024-06-26 13:00:00+00:00,0.001082256,-0.0003178585902787745,0.000915696265222893,-0.0010911714052781463,0.0012031277122315272
2024-06-26 14:00:00+00:00,-0.0018220312,-0.0003133661230094731,0.0003698857685831796,-0.0011066512670367956,-0.002033348371079241
2024-06-26 15:00:00+00:00,-0.0015076642,-0.000308133487123996,-0.0006565522634063815,-0.0011155824176967144,-0.0013487523678092895
2024-06-26 16:00:00+00:00,0.0023002597,-0.0002985709288623184,0.0004221149207034305,-0.0011315166484564543,0.0023880801310098743
2024-06-26 17:00:00+00:00,-0.0067217196,-0.00028766467585228384,-0.0013757716825475949,-0.0011477749794721603,-0.006937222646282094
2024-06-26 18:00:00+00:00,0.0021070533,-0.000266980699962005,-0.0006837016452120977,-0.0011617213021963835,0.0020589524875757443
2024-06-27 10:00:00+00:00,-0.005213748,-0.0002444861165713519,-0.001275355795339869,-0.00118938775267452,-0.005282445884979514
2024-06-27 11:00:00+00:00,-0.00080932415,-0.00022911476844456047,-0.0015711387374000663,-0.001222415710799396,-0.0008816962125252753
2024-06-27 12:00:00+00:00,-0.0017543004,-0.00021291156008373946,-0.0015711635064256666,-0.0012578727910295129,-0.001673260937454407
2024-06-27 13:00:00+00:00,0.003079116,-0.00019630217866506428,-0.0010204407494835914,-0.001279483549296856,0.003193792561743971
2024-06-27 14:00:00+00:00,-0.0015561715,-0.0001758328580763191,-0.001472387196426081,-0.0012895893305540085,-0.0013636427443274308
2024-06-27 15:00:00+00:00,0.005829834,-0.00016901288472581655,0.0009570586627359568,-0.001273473841138184,0.006042274322910017
2024-06-27 16:00:00+00:00,-0.00013272281,-0.00016246303857769817,0.0002786732448917223,-0.0012662552762776613,0.00013299980790392206
2024-06-27 17:00:00+00:00,0.0336629,-0.00016120955115184188,0.003777644309466867,-0.0012691582087427378,0.0343490207514601
2024-06-27 18:00:00+00:00,-0.0006333339,-0.00014660696615464985,0.0014738879240527808,-0.001266348990611732,-0.0005782305136090902
2024-06-28 10:00:00+00:00,0.0034101286,-0.00013047210813965648,0.0015923502812317605,-0.0012665085960179567,0.003464352258344395
2024-06-28 11:00:00+00:00,-0.00084503804,-0.00011315043229842559,0.0010158918744362015,-0.0012623274233192205,-0.001032432982089999
2024-06-28 12:00:00+00:00,0.0009900738,-9.70136679825373e-05,0.0013466349994527306,-0.001249615103006363,0.0009200893781039675
2024-06-28 13:00:00+00:00,-0.0016478195,-7.533969619544223e-05,0.0005142576652242365,-0.0012338171945884824,-0.001608098896610429
2024-06-28 14:00:00+00:00,-0.0038011791,-6.052557728253305e-05,-0.0007857761362319636,-0.0012133501004427671,-0.003992905580288868
2024-06-28 15:00:00+00:00,0.0026640526,-6.78507931297645e-05,0.0005278996972360325,-0.0011841683881357312,0.0028078252428367714
2024-06-28 16:00:00+00:00,-0.00017110836,-6.902104360051453e-05,0.00021871344284921711,-0.0011913989437744021,-0.0001249560634095232
2024-06-28 17:00:00+00:00,-0.00955999,-8.207142673199996e-05,-0.0016795179957194827,-0.001192695926874876,-0.009936899164955186
2024-06-28 18:00:00+00:00,0.0010533223,-9.924070764100179e-05,-0.0011183525874136917,-0.001209382782690227,0.001149203471066933
2024-07-01 10:00:00+00:00,0.0024390991,-0.0001170120740425773,0.0006725389082609923,-0.001219308003783226,0.0027101775047425384
2024-07-01 11:00:00+00:00,-0.00126621,-0.00013239812687970698,-0.0003206671753518552,-0.0012180928606539965,-0.0012191208185536107
2024-07-01 12:00:00+00:00,-0.0012074067,-0.00013877995661459863,-0.0008973850490127887,-0.001218843157403171,-0.001069131614702518
2024-07-01 13:00:00+00:00,0.0037726143,-0.00014826329424977303,-0.0011548883421376832,-0.001215413911268115,0.004059911103383749
2024-07-01 14:00:00+00:00,0.0016149402,-0.0001453206205042079,-0.000300557780261423,-0.0012201827485114336,0.0016917557956179392
2024-07-01 15:00:00+00:00,0.0010123021,-0.00014191474474500865,-7.655264331185972e-05,-0.001257249154150486,0.0010620641739697936
2024-07-01 16:00:00+00:00,0.0017305489,-0.00014635725528933108,0.00012338480531629738,-0.0012700279476121068,0.0018684559153304583
2024-07-01 17:00:00+00:00,-0.016257854,-0.00015367459855042398,-0.004156533931983215,-0.0012868456542491913,-0.01671941438871205
2024-07-01 18:00:00+00:00,0.00029575505,-0.00016607562429271638,-0.0028365007146300162,-0.0012926727067679167,0.000563022212093028
2024-07-02 10:00:00+00:00,0.006182092,-0.0001785850472515449,0.0008520722004533,-0.0013007415691390634,0.0065359604815504796
2024-07-02 11:00:00+00:00,-0.0013666522,-0.0001994066551560536,-0.0007207203703699613,-0.0013092460576444864,-0.0011823877832301234
2024-07-02 12:00:00+00:00,0.0020492785,-0.0002281677589053288,-0.0005099649450812925,-0.001324080745689571,0.002290161042757187
2024-07-02 13:00:00+00:00,-0.00042334627,-0.00026596750831231475,-0.0005600311353603637,-0.001340349204838276,-0.0004162011543756156
2024-07-02 14:00:00+00:00,0.0017699501,-0.0002921412524301559,-0.0001445494424222608,-0.001350322854705155,0.0018773012843640551
2024-07-02 15:00:00+00:00,0.0010432339,-0.00029622926376760006,-0.000380178103738311,-0.0013758065178990364,0.0011499966893421493
2024-07-02 16:00:00+00:00,-0.00054303557,-0.0003082386974710971,-0.0003481200156314693,-0.0013850475661456585,-0.0005164950909257153
2024-07-02 17:00:00+00:00,-0.0059322207,-0.0003286473802290857,-0.0025760210933813543,-0.0013987331185489893,-0.005995246184025959
2024-07-02 18:00:00+00:00,-0.0009979218,-0.00035714058321900666,-0.0015826484393358206,-0.0014148264890536666,-0.0009134192208577711
2024-07-03 10:00:00+00:00,-0.0021467349,-0.0003892594249919057,-0.002133371820921574,-0.0014367372496053576,-0.0020433862426965203
2024-07-03 11:00:00+00:00,-0.000661462,-0.0004239383852109313,-0.0012012079698455428,-0.001459927181713283,-0.0005495773337577567
2024-07-03 12:00:00+00:00,0.004257026,-0.0004503951931837946,-0.00039092596893198855,-0.0014869472943246365,0.004474128824737784
2024-07-03 13:00:00+00:00,-0.001292567,-0.0004648373578675091,0.00021368520596923063,-0.0015099522424861789,-0.0013533143273810693
2024-07-03 14:00:00+00:00,0.0006681795,-0.00048409029841423035,-0.0003343350406743274,-0.0015232976293191314,0.0007616815269367543
2024-07-03 15:00:00+00:00,-0.00030366261,-0.0005077216192148626,-0.0008058430683384565,-0.0015319183003157377,-0.0002597080208394091
2024-07-03 16:00:00+00:00,-0.0032941513,-0.0005344224045984447,-0.0024093460552343186,-0.0015452711377292871,-0.0033554121382534108
2024-07-03 17:00:00+00:00,-0.0029644377,-0.0005613486864604056,-0.003419552513965497,-0.0015594707801938057,-0.002849268713902733
2024-07-03 18:00:00+00:00,0.0017884333,-0.0005773676093667746,-0.0006655046763129714,-0.0015740987146273255,0.0019404686390521808
2024-07-04 10:00:00+00:00,-0.0048142336,-0.0006013358943164349,-0.0017379593202015151,-0.0015796973602846265,-0.004927676469132388
2024-07-04 11:00:00+00:00,4.3790697e-05,-0.0006211151485331357,-0.0011421966075850047,-0.0015956481220200658,0.0001792167633048924
2024-07-04 12:00:00+00:00,-0.00064829824,-0.0006369894836097956,-0.0012655290102014417,-0.0016176062636077404,-0.0005616754540857644
2024-07-04 13:00:00+00:00,-0.0037139023,-0.0006636710604652762,-0.003217581409870051,-0.001624452299438417,-0.003553865381584171
2024-07-04 14:00:00+00:00,-0.0013114987,-0.0006922133616171777,-0.0018971790213386528,-0.0016351392259821296,-0.0013020502906094088
2024-07-04 15:00:00+00:00,-0.0012162128,-0.0007218876271508634,-0.0025740256157110735,-0.0016507296822965145,-0.001116689632265896
2024-07-04 16:00:00+00:00,-0.008199452,-0.0007522858795709908,-0.0037106923447340692,-0.0016624816926196218,-0.00823903770498359
2024-07-04 17:00:00+00:00,-0.00076492724,-0.0007801609463058412,-0.002995791993717214,-0.0016834227135404944,-0.0008318190734557311
2024-07-04 18:00:00+00:00,-0.0031637559,-0.0008130454807542264,-0.0027958225087460686,-0.0016978515777736902,-0.0030952414315916564
2024-07-05 10:00:00+00:00,-0.0031111175,-0.0008443540427833796,-0.0036064923173931077,-0.0017134662484750152,-0.003031289565917041
2024-07-05 11:00:00+00:00,-0.0012184744,-0.0008764553349465132,-0.0022846790865418782,-0.0017315379809588194,-0.0012316095820682903
2024-07-05 12:00:00+00:00,0.007938144,-0.0009113975684158504,0.0006351227565958984,-0.0017521762056276202,0.008053279967990405
2024-07-05 13:00:00+00:00,0.00161739,-0.0009445992764085531,-0.00032966184228570844,-0.0017792083090171218,0.0017979035632630144
2024-07-05 14:00:00+00:00,-0.003477955,-0.0009777680970728397,-0.0017523413072002528,-0.0017966757295653224,-0.003415560895370422
2024-07-05 15:00:00+00:00,-0.0011055144,-0.0010101875523105264,-0.001297732882489363,-0.0018235482275485992,-0.0009598342161651736
2024-07-05 16:00:00+00:00,0.0003656682,-0.0010423189960420132,-0.0004958316493739133,-0.001833417802117765,0.00047891392548227916
2024-07-05 17:00:00+00:00,0.0016661102,-0.0010643317364156246,0.0003861095567458546,-0.0018425201997160912,0.0016351836105104756
2024-07-05 18:00:00+00:00,0.0020898464,-0.0010825046338140965,0.000365981039062916,-0.0018564509227871895,0.0021478045698298644
2024-07-08 10:00:00+00:00,0.004909486,-0.0011060136603191495,0.000769455960755296,-0.0018719463841989636,0.0049955085558836725
2024-07-08 11:00:00+00:00,-0.0023985603,-0.0011306285159662366,-0.00013678727762988976,-0.0018862236756831408,-0.0023999609223487872
2024-07-08 12:00:00+00:00,-0.00505489,-0.0011465389980003238,-0.0019744518411645776,-0.001906585763208568,-0.005047571053766557
2024-07-08 13:00:00+00:00,-5.343926e-05,-0.0011512287892401218,-0.0006551151058005602,-0.0019154122564941645,-3.115168481469859e-05
2024-07-08 14:00:00+00:00,-0.002505943,-0.0011461192043498158,-0.0004437244365269594,-0.0019253430655226111,-0.0024779935229852345
2024-07-08 15:00:00+00:00,1.78581e-05,-0.0011571955401450396,-0.0005707961238924218,-0.0019268254982307553,9.914757055316188e-05
2024-07-08 16:00:00+00:00,0.0014721958,-0.0011647531064227223,-0.0010250569702423477,-0.0019439946627244353,0.0014855696003068623
2024-07-08 17:00:00+00:00,-0.00082951656,-0.0011764030205085874,-0.001258197641354013,-0.0019762921147048473,-0.000796994434410094
2024-07-08 18:00:00+00:00,-0.0012679026,-0.001190583105199039,-0.0011066944909958669,-0.0019979416392743587,-0.0012199409608825698
2024-07-09 10:00:00+00:00,-0.0072093066,-0.0012143688509240746,-0.004120285379629304,-0.002035008044913411,-0.0071664996427434095
2024-07-09 11:00:00+00:00,-0.003217886,-0.001238312921486795,-0.0039374646737769916,-0.0020813168957829475,-0.0031019271847032913
2024-07-09 12:00:00+00:00,-0.0009755217,-0.0012551483232527971,-0.0034186554522163907,-0.0021011759527027607,-0.0008570200419772026
2024-07-09 13:00:00+00:00,0.0021394824,-0.0012809004401788116,-0.0011525842435395836,-0.002102403435856104,0.002116743197465885
2024-07-09 14:00:00+00:00,-0.0040300046,-0.0013001211918890476,-0.0026739039868184456,-0.002095405710861087,-0.0039598595883344676
2024-07-09 15:00:00+00:00,-0.0024022239,-0.001307191327214241,-0.0030022182479275076,-0.0020988215692341328,-0.0023348980861062256
2024-07-09 16:00:00+00:00,-0.0014713765,-0.0013068208936601877,-0.0016291816354025725,-0.0020951307378709316,-0.0014997209146954834
2024-07-09 17:00:00+00:00,-0.004153314,-0.0013048193650320172,-0.0033115388918057275,-0.0020887760911136866,-0.004045390330313508
2024-07-09 18:00:00+00:00,-0.002174609,-0.0013015280710533261,-0.0030152630130316172,-0.0020862696692347527,-0.002036674217062056
2024-07-10 10:00:00+00:00,-0.006165723,-0.0012947828508913517,-0.0030220923757321534,-0.0020832722075283527,-0.006042093015491985
2024-07-10 11:00:00+00:00,-0.0029125519,-0.0012804856523871422,-0.003551883702117082,-0.002070415997877717,-0.0028207459396522565
2024-07-10 12:00:00+00:00,0.0048434273,-0.0012711287708953023,-0.0009261863053758356,-0.002058176090940833,0.004825879800400427
2024-07-10 13:00:00+00:00,-0.0010845091,-0.001262982259504497,-0.0006332511862138285,-0.0020444304682314396,-0.001020019566393241
2024-07-10 14:00:00+00:00,-0.0042759525,-0.0012530576204881072,-0.002667520118324786,-0.002026668284088373,-0.004115426815191071
2024-07-10 15:00:00+00:00,-0.007313206,-0.0012405174784362316,-0.0038916351982741532,-0.0020252263639122248,-0.00712677476985132
2024-07-10 16:00:00+00:00,-0.0032613385,-0.0012371792690828443,-0.003722900601283861,-0.0020116118248552084,-0.0032467739611305997
2024-07-10 17:00:00+00:00,-0.004536937,-0.0012334086932241917,-0.003971656736005333,-0.0019950326532125473,-0.004354291670338786
2024-07-10 18:00:00+00:00,0.0004030765,-0.0012209927663207054,-0.0033586752937779,-0.0019842113833874464,0.0003627098054742915
2024-07-11 10:00:00+00:00,-0.005591936,-0.0012014384847134352,-0.0012278803162217434,-0.0019723176956176758,-0.005619692091282892
2024-07-11 11:00:00+00:00,-0.0025100745,-0.0011755781015381217,-0.0015300160606984902,-0.0019623935222625732,-0.002432825472005458
2024-07-11 12:00:00+00:00,0.0075582876,-0.0011482563568279147,-0.00043177831666161496,-0.0019552300218492746,0.007272894539544469
2024-07-11 13:00:00+00:00,-0.0005346365,-0.001123797963373363,-0.001133485764731534,-0.0019513642182573676,-0.00045111767312505316
2024-07-11 14:00:00+00:00,0.0058933203,-0.0011022767284885049,-0.0007677935512129047,-0.0019482491770759225,0.005690362786198263
2024-07-11 15:00:00+00:00,-0.0036347876,-0.0010896420571953058,-0.0014136844229629276,-0.0019456729060038924,-0.0034970763232768
2024-07-11 16:00:00+00:00,0.0002152782,-0.0010721381986513734,-0.000643544106587173,-0.0019363561877980828,0.00019340526545002265
2024-07-11 17:00:00+00:00,-0.00029016845,-0.0010490575805306435,-0.0010424430128260823,-0.0019215362844988704,-0.00020977090577568885
2024-07-11 18:00:00+00:00,0.0028979024,-0.0010123191168531775,0.0007725197471156439,-0.0019011847907677293,0.002851193058314639
2024-07-12 10:00:00+00:00,-0.0026732485,-0.0009755322244018316,-0.001201858926943254,-0.0018786306027323008,-0.0024510551300616613
2024-07-12 11:00:00+00:00,-0.0013018213,-0.0009379154071211815,-0.0007176259864246013,-0.0018631478305906057,-0.001236599952396096
2024-07-12 12:00:00+00:00,0.00044037384,-0.0009052234818227589,-0.0006051779114279469,-0.0018457671394571662,0.0005241914369530335
2024-07-12 13:00:00+00:00,-9.367637e-06,-0.0008776792674325407,-0.00021384548227422945,-0.0018246507970616221,5.652080514128529e-05
2024-07-12 14:00:00+00:00,-0.004092673,-0.0008478892268612981,-0.000625034216154561,-0.0018116151914000511,-0.003871936794346953
2024-07-12 15:00:00+00:00,-0.00049864757,-0.0008187206112779677,-0.0020969273982396285,-0.001792451716028154,-0.00046944358856530787
2024-07-12 16:00:00+00:00,0.009972599,-0.0007913293084129691,0.00042973205311135906,-0.0017739124596118927,0.00952941540724599
2024-07-12 17:00:00+00:00,-0.002612283,-0.0007636579684913158,3.512664577786187e-05,-0.0017629299545660615,-0.002537917504689846
2024-07-12 18:00:00+00:00,-0.0027971,-0.0007304151076823473,-0.0008020554557289085,-0.0017423409735783935,-0.0026819202345566783
2024-07-15 10:00:00+00:00,-0.007494264,-0.0006979633471928537,-0.003005030977443464,-0.0017243451438844204,-0.007138253417905007
2024-07-15 11:00:00+00:00,0.0045108115,-0.0006590117118321359,0.00037667813784174304,-0.0017088014865294099,0.004263404702775922
2024-07-15 12:00:00+00:00,-0.0023140756,-0.0006230596918612719,-7.139517307357533e-05,-0.0016956226900219917,-0.0021654506927787343
2024-07-15 13:00:00+00:00,0.0003013211,-0.0005798786878585815,-2.88347142280164e-06,-0.0016780439764261246,0.0003816039395999351
2024-07-15 14:00:00+00:00,-0.0040471563,-0.0005328590632416308,-0.0026383293515999653,-0.0016664202557876706,-0.003773651314177666
2024-07-15 15:00:00+00:00,-0.00050113705,-0.0004919377970509231,-0.0011733964991530374,-0.001653975690715015,-0.0004189858663969528
2024-07-15 16:00:00+00:00,-0.0043315757,-0.000440230272943154,-0.0024835998656003917,-0.0016334101092070341,-0.004036996236842558
2024-07-15 17:00:00+00:00,-0.004693928,-0.0003820971178356558,-0.0035613491002751568,-0.001612162566743791,-0.004411590579398833
2024-07-15 18:00:00+00:00,-0.0024652677,-0.0003301067044958472,-0.0034113114320645445,-0.0015862052096053958,-0.002262277359553788
2024-07-16 10:00:00+00:00,-0.0013690304,-0.00029312536935321987,-0.0027054086556730934,-0.001555502531118691,-0.0013187095973828274
2024-07-16 11:00:00+00:00,-0.0077998787,-0.0002554279344622046,-0.002971164462709383,-0.0015258215134963393,-0.007282361299149916
2024-07-16 12:00:00+00:00,0.008364951,-0.00021667061082553118,0.00035206837906257617,-0.0015028156340122223,0.007832889827687019
2024-07-16 13:00:00+00:00,-0.0040679714,-0.0001807717198971659,-0.0004929876856295752,-0.001479534199461341,-0.0036751587610422366
2024-07-16 14:00:00+00:00,0.0018249582,-0.00014351174468174577,-0.0006839450066172434,-0.0014535229420289397,0.0016882433320662175
2024-07-16 15:00:00+00:00,-0.0021134142,-0.00011019141675205901,-8.24126011805085e-05,-0.0014242312172427773,-0.001944551797637032
2024-07-16 16:00:00+00:00,-0.0013375997,-7.639053364982828e-05,-0.000660787839432792,-0.001393309561535716,-0.0013315886929972218
2024-07-16 17:00:00+00:00,0.0088773575,-4.9621979997027665e-05,0.0013738986784796615,-0.0013594356132671237,0.008252513622807144
2024-07-16 18:00:00+00:00,0.0029448646,-2.4439468688797206e-05,0.0011063897095405998,-0.0013237562961876392,0.0028138007859130334
2024-07-17 10:00:00+00:00,-0.0010282876,-2.1135499537194846e-06,-2.9264420638213724e-06,-0.0012939138105139136,-0.0008503503141921226
2024-07-17 11:00:00+00:00,0.0085747065,1.872858229035046e-05,0.0020482858753426876,-0.0012568944366648793,0.008140477846660023
2024-07-17 12:00:00+00:00,0.00012277413,4.786827776115388e-05,5.5641225604188845e-05,-0.0012210967252030969,0.0003676630534166899
2024-07-17 13:00:00+00:00,-0.002638237,7.707642362220213e-05,-0.0009282930234953853,-0.0011765742674469948,-0.002422489298433506
2024-07-17 14:00:00+00:00,-0.00059669546,0.00011010529851773754,-0.0010693841258443049,-0.0011242361506447196,-0.00045600763821975496
2024-07-17 15:00:00+00:00,0.0025925625,0.00014395058678928763,0.00014511992144858332,-0.0010754269314929843,0.0024926411056295458
2024-07-17 16:00:00+00:00,0.0015862827,0.00017733854474499822,0.0002709374351074315,-0.001032746979035437,0.0015978749623842565
2024-07-17 17:00:00+00:00,-0.0006889685,0.00021673842275049537,0.0006460752677496057,-0.0010007555829361081,-0.0004895033684385246
2024-07-17 18:00:00+00:00,-0.004902527,0.0002622596803121269,-0.0008191743672032995,-0.0009633161826059222,-0.004591553129327105
2024-07-18 10:00:00+00:00,-0.008690321,0.00031363946618512273,-0.002319224685560845,-0.0009117932640947402,-0.008232336194419288
2024-07-18 11:00:00+00:00,0.0025329415,0.0003517685690894723,0.00019091618398361625,-0.0008738428587093949,0.002361454286453568
2024-07-18 12:00:00+00:00,0.002402747,0.00039398454828187823,0.00028280502477956817,-0.0008439767407253385,0.002233238576186602
2024-07-18 13:00:00+00:00,9.522812e-05,0.0004314035759307444,-0.000767200574650521,-0.0008164175087586045,0.000133883780226056
2024-07-18 14:00:00+00:00,-0.00021903824,0.00046992936404421926,-0.0007062052831284568,-0.0007950394065119326,-0.00023180070086550343
2024-07-18 15:00:00+00:00,0.0012278991,0.0005134883685968816,-7.249144563168156e-06,-0.0007613078923895955,0.0011307139778549272
2024-07-18 16:00:00+00:00,0.004281076,0.000553135119844228,0.000301437240708092,-0.0007373670232482255,0.004069309302344614
2024-07-18 17:00:00+00:00,0.0075209257,0.0005944014410488307,0.0032213617244276974,-0.0007188009913079441,0.007165696121034548
2024-07-18 18:00:00+00:00,0.004511758,0.0006288847071118653,0.001908752131603826,-0.0006998180178925395,0.004433932243556427
2024-07-19 10:00:00+00:00,-0.00043996162,0.0006668805726803839,-0.0001826294339305722,-0.0006781629053875804,-0.00026755846128161196
2024-07-19 11:00:00+00:00,-0.0005338303,0.0007049264386296272,-0.00017831824874081436,-0.000658705597743392,-0.00033675845613276816
2024-07-19 12:00:00+00:00,0.0062382882,0.0007418423192575574,0.00121997533484497,-0.0006264124531298876,0.0061615505114505165
2024-07-19 13:00:00+00:00,0.006791576,0.0007788986549712718,0.0011328365789693466,-0.0005954079097136855,0.006778265321879509
2024-07-19 14:00:00+00:00,-0.0011657601,0.000813553633634001,0.0008332874628435714,-0.0005599553696811199,-0.0008830830584393412
2024-07-19 15:00:00+00:00,0.00049052504,0.0008477055234834552,0.000861327498468201,-0.0005098046385683119,0.0006404841496051368
2024-07-19 16:00:00+00:00,-0.0018337583,0.0008750014821998775,-0.000495940999555032,-0.00045466457959264517,-0.001584356956604074
2024-07-19 17:00:00+00:00,-0.0010944472,0.0008975352975539863,-0.0003834509073520366,-0.00040439103031530976,-0.0008995221012802914
2024-07-19 18:00:00+00:00,-0.0008819939,0.0009202110813930631,-0.0005022194027373867,-0.0003452161035966128,-0.0007553801367511127
2024-07-22 10:00:00+00:00,0.0075690644,0.0009381046984344721,0.0015040768164747596,-0.00026943162083625793,0.00745048902747228
2024-07-22 11:00:00+00:00,0.0013541587,0.000957316835410893,0.0006561629253747793,-0.0002110737405018881,0.0014904660223756469
2024-07-22 12:00:00+00:00,-0.0034211713,0.0009694106411188841,-0.000803768434367434,-0.00014147582987789065,-0.0031544384300362734
2024-07-22 13:00:00+00:00,-0.00013856876,0.0009787323651835322,-0.0006058416329571826,-8.498785609845072e-05,-2.9085114734998964e-05
2024-07-22 14:00:00+00:00,0.0022701067,0.0009842710569500923,0.0003065347068675981,-3.4702934499364346e-05,0.0023027409508682467
2024-07-22 15:00:00+00:00,-0.0020022243,0.0009969973471015692,-0.000585456707872532,2.6390420316602103e-05,-0.0018049914395202934
2024-07-22 16:00:00+00:00,-0.002191351,0.0010054369922727346,-3.0501005992765378e-05,7.009172986727208e-05,-0.0021179109054728544
2024-07-22 17:00:00+00:00,0.0047280537,0.0010108723072335124,0.0012122483622086233,0.00011767444084398448,0.0047195249837652395
2024-07-22 18:00:00+00:00,-2.7638434e-05,0.0010173051850870252,0.0012276936091132925,0.0001643071009311825,0.00011290327214967145
2024-07-23 10:00:00+00:00,-0.0005713654,0.0010226625017821789,0.0003298007431302698,0.00020490839960984886,-0.0004280048129553452
2024-07-23 11:00:00+00:00,-0.0015498587,0.0010238552931696177,-0.0007936149081025582,0.0002538838016334921,-0.001387355229352355
2024-07-23 12:00:00+00:00,-0.0034126097,0.0010221562115475535,-0.0017689778057299868,0.0002962295548059046,-0.003162521054767943
2024-07-23 13:00:00+00:00,0.002701454,0.0010242587886750698,0.00022971889202088406,0.0003476970596238971,0.002669499837663203
2024-07-23 14:00:00+00:00,-0.0016273998,0.0010194352362304926,-0.0012592303619567591,0.00039574268157593906,-0.0014332229036803082
2024-07-23 15:00:00+00:00,0.00065682665,0.001020273077301681,-0.0007683210521367796,0.00043380269198678434,0.0006743312132795831
2024-07-23 16:00:00+00:00,-4.624128e-05,0.001021585427224636,-9.730581551351471e-06,0.00047220740816555917,1.4205585905949304e-05
2024-07-23 17:00:00+00:00,0.004898918,0.001025964505970478,0.0023047841173999095,0.0004995186463929713,0.00472355168486137
2024-07-23 18:00:00+00:00,0.0055982964,0.0010264612501487136,0.003346555005760385,0.0005253993440419436,0.005405146351856851
2024-07-24 10:00:00+00:00,0.0026961707,0.001027206308208406,0.001926709790217529,0.0005502413841895759,0.002600339454301172
2024-07-24 11:00:00+00:00,0.0017235645,0.001028068014420569,0.0024040456860311243,0.0005681418115273118,0.0016741790244225523
2024-07-24 12:00:00+00:00,-0.00033718362,0.0010246866149827838,0.0018203164995676448,0.0005901632830500603,-0.00029174891733727725
2024-07-24 13:00:00+00:00,-0.00074767723,0.001017717644572258,0.001345476427058408,0.0006034667021594942,-0.0006654248841151172
2024-07-24 14:00:00+00:00,0.0023050618,0.0010078081395477057,0.0025077578750979626,0.0006220993236638606,0.002348605858949894
2024-07-24 15:00:00+00:00,-0.00030946228,0.0009988067904487252,0.0021378535707756636,0.0006519885500892997,-0.0001706742378817928
2024-07-24 16:00:00+00:00,0.002200561,0.0009866224136203527,0.002701586350388179,0.000676190888043493,0.0023351627662974565
2024-07-24 17:00:00+00:00,0.0005902357,0.0009754565544426441,0.0027920698077823205,0.0006951603572815657,0.0007571529357443974
2024-07-24 18:00:00+00:00,0.008307955,0.0009636550676077604,0.0019216042985769994,0.0007245666929520667,0.008381082595888352
2024-07-25 10:00:00+00:00,-0.005651671,0.0009493376710452139,-0.0005431053664376995,0.0007334875408560038,-0.005520007478428557
2024-07-25 11:00:00+00:00,-0.004528077,0.0009333973284810781,-0.0011520936535126434,0.0007533690077252686,-0.004472192061628835
2024-07-25 12:00:00+00:00,0.0020987128,0.0009163210052065551,-0.0006720604558721297,0.0007664654403924942,0.0020861561676290144
2024-07-25 13:00:00+00:00,0.0037322603,0.000899686710909009,0.0013347732558277056,0.00077918911119923,0.003763331099412546
2024-07-25 14:00:00+00:00,-0.0021905615,0.0008841856615617871,-0.0009958058377188448,0.0007927495171315968,-0.0020177492908165237
2024-07-25 15:00:00+00:00,-0.00062546175,0.0008780197822488844,-0.0017887351528558556,0.0007993348408490419,-0.0006089802617210922
2024-07-25 16:00:00+00:00,0.0012958123,0.0008624594192951918,-0.0005474446073424269,0.0008106321911327541,0.0013593704994239305
2024-07-25 17:00:00+00:00,0.015839193,0.0008450446766801178,0.004773834146735743,0.0008190150838345289,0.015769163401797976
2024-07-25 18:00:00+00:00,-0.00012479609,0.00082681531785056,0.0022543703613961672,0.0008266859804280102,-4.7470181865670606e-05
2024-07-26 10:00:00+00:00,0.0014520191,0.0008074476500041783,0.0015863328411215146,0.0008435823256149888,0.0014337825590721074
2024-07-26 11:00:00+00:00,0.0009875929,0.0007866225205361843,0.0009471401568655535,0.0008646502974443138,0.0010435458285453496
2024-07-26 12:00:00+00:00,0.0028328001,0.0007647156598977745,0.0025875987080270597,0.0008834677864797413,0.0028454766284336463
2024-07-26 13:00:00+00:00,-0.011577011,0.0007417190936394036,-0.0021561293963280443,0.0008972039213404059,-0.01151906429052143
2024-07-26 14:00:00+00:00,-0.009237753,0.0007172062178142369,-0.004045934389886743,0.0009056387352757156,-0.009147563492507779
2024-07-26 15:00:00+00:00,-0.00028977633,0.0006922602187842131,-0.0007880972340709533,0.0009115245193243027,-0.00029198938162831764
2024-07-26 16:00:00+00:00,0.0042206165,0.0006643043016083539,0.00036388038599387355,0.0009184773662127554,0.004240602708903891
2024-07-26 17:00:00+00:00,-0.0020674127,0.0006359324906952679,-0.0005730369448365945,0.0009250418515875936,-0.0019068833895403703
2024-07-26 18:00:00+00:00,-0.0040841703,0.0006073770928196609,-0.0016860969993428589,0.0009405965101905167,-0.003949309150081106
2024-07-29 10:00:00+00:00,-0.013704977,0.0005751294083893299,-0.003790365614900824,0.0009595436858944595,-0.013416618482117141
2024-07-29 11:00:00+00:00,-0.006238312,0.0005391723243519664,-0.0046688545792865814,0.0009727571159601212,-0.005989371163292167
2024-07-29 12:00:00+00:00,-0.0016583982,0.0005004031118005514,-0.003981944711822723,0.0009873697999864817,-0.00150833237190718
2024-07-29 13:00:00+00:00,-0.0012989907,0.00045789865544065833,-0.003076299172124911,0.0009937547147274017,-0.0010951733563085225
2024-07-29 14:00:00+00:00,0.0045760735,0.00041608233004808426,-0.0015974168517416368,0.0010063417721539736,0.004596211013580583
2024-07-29 15:00:00+00:00,0.0010530498,0.0003767423622775823,-0.0004858085728115341,0.0010112861637026072,0.0012176220760458914
2024-07-29 16:00:00+00:00,0.0011441649,0.00033682436333037913,-0.00042601880970205433,0.0010052918223664165,0.0012254771310734047
2024-07-29 17:00:00+00:00,-0.019555882,0.00030005304142832756,-0.0035990936804837326,0.0009948117658495903,-0.018816430171359023
2024-07-29 18:00:00+00:00,-0.0050816326,0.0002678368764463812,-0.003153505095943012,0.000986926257610321,-0.004829805555343716
2024-07-30 10:00:00+00:00,0.006068563,0.0002371309674344957,-0.0019320515314658819,0.0009785945294424891,0.005711389023702735
2024-07-30 11:00:00+00:00,-0.0015419188,0.00021012064826209098,-0.0017436933891684533,0.0009623691439628601,-0.001397121971999423
2024-07-30 12:00:00+00:00,0.004309522,0.00018688094860408455,-0.0003291465293872709,0.0009429304045625031,0.004162098494508698
2024-07-30 13:00:00+00:00,0.0022366245,0.00016504368977621198,-0.00031944456034190124,0.000923130486626178,0.002181234388661226
2024-07-30 14:00:00+00:00,0.0018025007,0.00014538357208948582,0.0005919777763331521,0.0009019202552735806,0.0018009812296485158
2024-07-30 15:00:00+00:00,0.0013520761,0.00012461644655559212,0.0005336482308178887,0.0008759732590988278,0.0013096944322135739
2024-07-30 16:00:00+00:00,-0.0005499345,0.0001064836178557016,-0.00013905145678577507,0.0008608021889813244,-0.0005479170795098018
2024-07-30 17:00:00+00:00,0.0031092062,8.700061880517751e-05,-2.0600903853353693e-05,0.0008489882457070053,0.0029215908117046635
2024-07-30 18:00:00+00:00,-0.0012462451,7.35925423214212e-05,-0.0008778604237617607,0.0008254196727648377,-0.0010859216060783849
2024-07-31 10:00:00+00:00,0.00045589666,6.215875328052789e-05,-0.0013365467844089758,0.0007991022430360317,0.0005354106574535231
2024-07-31 11:00:00+00:00,0.0027588531,5.342627628124319e-05,0.0005357120012100018,0.0007748354692012072,0.002698295844330034
2024-07-31 12:00:00+00:00,-0.007944126,4.4420157792046666e-05,-0.0010055919107305044,0.0007479640189558268,-0.007529246257195715
2024-07-31 13:00:00+00:00,0.0006075817,3.381776696187444e-05,-0.0006044005759355803,0.000717297603841871,0.0006017330008603698
2024-07-31 14:00:00+00:00,0.0047823116,2.440922435198445e-05,0.0013179477430879368,0.0006855879910290241,0.004653645686319444
2024-07-31 15:00:00+00:00,0.0009388581,1.3804537047690246e-05,1.8176546330661805e-05,0.0006542939809150994,0.000978389253534569
2024-07-31 16:00:00+00:00,0.0022459615,5.641289135382976e-06,0.001001910528141475,0.000621430401224643,0.0021054193397752464
2024-07-31 17:00:00+00:00,-0.0004358046,-4.900802196061704e-06,-0.0004987654877976012,0.0005854551563970745,-0.000383598073643269
2024-07-31 18:00:00+00:00,-0.0015593242,-1.5242171684803907e-05,-0.0021865677554453963,0.0005602040910162032,-0.001456116697418047
2024-08-01 10:00:00+00:00,0.0072284676,-2.7613044949248433e-05,0.003011958475854946,0.0005378727219067514,0.006985511231072209
2024-08-01 11:00:00+00:00,-0.0030941619,-4.113156319363043e-05,-0.0012265612092964252,0.0005139557179063559,-0.0029298399837025704
2024-08-01 12:00:00+00:00,-0.00038860104,-5.4092313803266734e-05,-0.00185519726979065,0.0004966955748386681,-0.00031700035378466444
2024-08-01 13:00:00+00:00,0.0002683359,-6.475762347690761e-05,-0.00043367419621949963,0.0004784448829013854,0.0004366186418796618
2024-08-01 14:00:00+00:00,-0.0020281821,-7.802429172443226e-05,-0.0009112145911467657,0.0004632496275007725,-0.001939286518140228
2024-08-01 15:00:00+00:00,-0.0010295558,-8.776595495874062e-05,-0.0010549741777865665,0.0004462989163585007,-0.0008671666439400386
2024-08-01 16:00:00+00:00,0.0018635533,-9.631376451579854e-05,-0.0004130617745717356,0.0004257876717019826,0.0019333821287871693
2024-08-01 17:00:00+00:00,0.0012404423,-0.00010208604362560436,-6.585552398431427e-05,0.00040580096538178623,0.0012579278544942
2024-08-01 18:00:00+00:00,-0.0026493762,-0.00010689846385503188,-0.0007727161647002181,0.0003866468323394656,-0.0024653388151397266
2024-08-02 10:00:00+00:00,-0.0037079242,-0.00011387507402105257,-0.0024078048424009076,0.0003670891746878624,-0.0034609202174693114
2024-08-02 11:00:00+00:00,-0.004020809,-0.000124286423670128,-0.0042447915928572385,0.0003406109753996134,-0.0037495666332813607
2024-08-02 12:00:00+00:00,-0.0014312377,-0.0001363846386084333,-0.0026765404887845504,0.0003178491024300456,-0.0012102672249341268
2024-08-02 13:00:00+00:00,-0.00028087522,-0.0001515500625828281,-0.0023842362910491007,0.00028942854260094464,-0.00021481849709169778
2024-08-02 14:00:00+00:00,-0.0039217575,-0.0001673386141192168,-0.002730953763311509,0.0002606620255392045,-0.0036181015322613685
2024-08-02 15:00:00+00:00,-0.0014205015,-0.00018609213293530047,-0.002521226196040246,0.00023268070071935654,-0.0012023786809223808
2024-08-02 16:00:00+00:00,0.0029797875,-0.00020407093688845634,0.0005177261978671986,0.00018680428911466151,0.0029991702235805983
2024-08-02 17:00:00+00:00,0.0022220043,-0.00022516462195198983,0.0005078618312985563,0.0001676424581091851,0.0022005166522794033
2024-08-02 18:00:00+00:00,-0.0020530713,-0.000247439049417153,-6.368143158196215e-05,0.0001534418115625158,-0.0018903510747386933
2024-08-05 10:00:00+00:00,-0.017398987,-0.000269254669547081,-0.005743042332129279,0.00013238909014035016,-0.016557927416143352
2024-08-05 11:00:00+00:00,-0.004469399,-0.0002918459940701723,-0.005603799566169606,0.0001175707220681943,-0.004261441512525482
2024-08-05 12:00:00+00:00,-0.0006812545,-0.0003146670351270586,-0.0032681292768865756,0.00011337931209709495,-0.000632901506815905
2024-08-05 13:00:00+00:00,0.00094020134,-0.00033644153154455125,-0.0006736570424360518,9.747556032380089e-05,0.0009584718601695772
2024-08-05 14:00:00+00:00,-0.003900888,-0.0003525987849570811,-0.0031116825989914677,8.979289850685745e-05,-0.0035774057748332957
2024-08-05 15:00:00+00:00,-0.005115298,-0.0003637420595623553,-0.003696416480719579,6.041471351636574e-05,-0.0048070852379717
2024-08-05 16:00:00+00:00,0.00065776746,-0.000368105829693377,-0.00371172687901991,5.381988376029767e-05,0.0005777842509528922
2024-08-05 17:00:00+00:00,0.014324361,-0.00036972275120206177,0.002300955608314483,5.06487995153293e-05,0.013337643756562103
2024-08-05 18:00:00+00:00,-4.7662852e-05,-0.0003694542101584375,0.0017286340718260427,4.0670860471436754e-05,-3.0923103829380086e-05
2024-08-06 10:00:00+00:00,0.011760772,-0.00036778132198378444,0.001955966118144593,3.8185018638614565e-05,0.011139496184106725
2024-08-06 11:00:00+00:00,-0.007945408,-0.00035797289456240833,7.607226811904636e-05,2.963343467854429e-05,-0.0074056599053891085
2024-08-06 12:00:00+00:00,0.0003797877,-0.00034198834327980876,0.0002552924184728026,1.7294920326094143e-05,0.0003434050244754101
2024-08-06 13:00:00+00:00,0.0022094008,-0.000324665306834504,0.0006786580391624969,1.98129350792442e-06,0.0021873446492526156
2024-08-06 14:00:00+00:00,-0.003463248,-0.0003035429399460554,0.00021966795495494067,-1.6828827938297763e-05,-0.0031950513979348795
2024-08-06 15:00:00+00:00,-0.0052700164,-0.00028161407681182027,0.0006961346365111807,-5.168272036826238e-05,-0.004928642741243851
2024-08-06 16:00:00+00:00,0.00036302497,-0.000252557045314461,0.00045293204744964954,-6.351509364321828e-05,0.0004545239700999235
2024-08-06 17:00:00+00:00,-7.641536e-05,-0.00022444465139415115,0.0008842298945395809,-6.535051215905696e-05,9.693463569471105e-05
2024-08-06 18:00:00+00:00,0.00021012819,-0.00019945252279285342,-4.410175615316442e-05,-5.553044320549816e-05,0.00022898765881901027
2024-08-07 10:00:00+00:00,0.0003437509,-0.00016769107605796307,0.0010582440342114636,-5.090875492896885e-05,0.00044515539782030093
2024-08-07 11:00:00+00:00,-0.005984745,-0.00013177622167859226,2.9915662012813662e-05,-3.904951154254377e-05,-0.005660958573636524
2024-08-07 12:00:00+00:00,0.004723747,-0.00010358842700952664,0.0009166293647534733,-2.7465714083518833e-05,0.004390775840606269
2024-08-07 13:00:00+00:00,-0.0037733726,-7.926303806016222e-05,-0.00023516562761859546,-1.9693667127285153e-05,-0.0035191631973906278
2024-08-07 14:00:00+00:00,0.0042225467,-5.600204167421907e-05,-0.00012108144615647785,-3.8842999856569804e-06,0.003911716493491595
2024-08-07 15:00:00+00:00,0.0055169533,-3.6644560168497264e-05,0.0024923811035104026,4.780263225256931e-06,0.0052835062867728514
2024-08-07 16:00:00+00:00,0.00038951353,-1.4474350791715551e-05,0.00324491462344349,2.5429411834920757e-05,0.0004165284429825282
2024-08-07 17:00:00+00:00,-0.0025678838,2.027470372922835e-06,8.488495827413968e-05,5.386371412896551e-05,-0.0023055773822558247
2024-08-07 18:00:00+00:00,0.0033844197,1.3235306141723413e-05,0.002548759067259482,7.680043927393854e-05,0.003364608186093201
2024-08-08 10:00:00+00:00,0.0005408252,2.1602554625133052e-05,0.0028502714662073823,0.00010143740655621514,0.0006244267108505838
2024-08-08 11:00:00+00:00,0.0014597159,2.5016634026542306e-05,0.0029093909283067444,0.00012053026875946671,0.0015257096547344287
2024-08-08 12:00:00+00:00,-0.00243721,2.8013702831231058e-05,0.00012016033006309409,0.00013190842582844198,-0.0021092262821155784
2024-08-08 13:00:00+00:00,-0.0035002318,3.135388396913186e-05,-0.00014118271929697138,0.00015113349945750087,-0.0031462756302141483
2024-08-08 14:00:00+00:00,0.0011998287,3.4906581277027726e-05,0.00018853281319205855,0.00016531546134501696,0.0012853771564416154
2024-08-08 15:00:00+00:00,-0.0018956268,3.4926408261526376e-05,0.0003073289939916051,0.0001852779823821038,-0.001684338874664131
2024-08-08 16:00:00+00:00,-0.00245345,3.25639484799467e-05,-0.0002815798572547354,0.0001866359234554693,-0.002135554635137245
2024-08-08 17:00:00+00:00,-0.00534776,2.8957341783097945e-05,-0.0036445123886527427,0.00017582118744030595,-0.00484508005337278
2024-08-08 18:00:00+00:00,-0.0024437893,2.340659557376057e-05,-0.001177425879548426,0.00015976808208506554,-0.0021912967435583765
2024-08-09 10:00:00+00:00,0.004056879,1.9967283151345327e-05,0.002351036147208508,0.00014217679563444108,0.0037367337258248715
2024-08-09 11:00:00+00:00,-0.0019302523,1.989420343306847e-05,0.0013124137835274301,0.00012824438454117626,-0.0017400893118412323
2024-08-09 12:00:00+00:00,-0.0029072026,2.1173582354094833e-05,0.0002897635741640473,0.00011179369175806642,-0.0026622106120002464
2024-08-09 13:00:00+00:00,-5.7844707e-05,2.0717083316412754e-05,0.0004865104768080572,9.75025977822952e-05,2.2606257965070136e-05
2024-08-09 14:00:00+00:00,0.00053011795,1.852454079198651e-05,0.00042418565093537395,7.844521314837039e-05,0.0005340622050680095
2024-08-09 15:00:00+00:00,0.00093425094,1.41350328703993e-05,0.0004439453638614561,7.282491424120963e-05,0.0008905437190558767
2024-08-09 16:00:00+00:00,-0.0032495582,1.3058833246759605e-05,0.00015087811478797826,9.677229536464438e-05,-0.0030012999449880937
2024-08-09 17:00:00+00:00,0.00059863477,1.1500246728246566e-05,0.0006711296619506405,0.00011350441491231322,0.0005590659442433789
2024-08-09 18:00:00+00:00,0.00055004173,1.2769630302500445e-05,0.0013423994393082822,0.00012717588106170297,0.0005867997652833621
2024-08-12 10:00:00+00:00,-0.022428567,1.4027379620529246e-05,-0.003969838827122789,0.00014059722889214754,-0.020778830061389322
2024-08-12 11:00:00+00:00,-0.0041919663,1.3272664546093438e-05,-0.0039819026455747255,0.00016656330262776464,-0.003955828476188966
2024-08-12 12:00:00+00:00,0.0020388577,1.6007239537429996e-05,-0.0015322102625350822,0.00019205616263207048,0.0018298027089744104
2024-08-12 13:00:00+00:00,0.0029420787,1.7774085790733807e-05,0.0011218493226246634,0.0002170456718886271,0.0027253942637437594
2024-08-12 14:00:00+00:00,0.0028646404,2.6994688596460037e-05,0.00043136137482564844,0.0002375856856815517,0.0026018442587808803
2024-08-12 15:00:00+00:00,0.0040711677,3.8526628486579284e-05,0.0020024512684676467,0.0002605325717013329,0.0037002527615893396
2024-08-12 16:00:00+00:00,-0.0029413516,5.3184096032055095e-05,0.0009740438391173038,0.0002774669846985489,-0.00282534384456833
2024-08-12 17:00:00+00:00,-0.020083684,7.149126759031788e-05,-0.003751520334231455,0.00029833955341018736,-0.018481972596178304
2024-08-12 18:00:00+00:00,-0.0018751478,9.079549636226147e-05,-0.0021995546713225707,0.0003133965947199613,-0.001975848666730355
2024-08-13 10:00:00+00:00,0.008793726,0.00011021655518561602,0.00038568482530843305,0.0003269888402428478,0.007771525824384647
2024-08-13 11:00:00+00:00,0.001471378,0.00013008216046728194,0.0005773967426301946,0.0003355101798661053,0.0013208901281428346
2024-08-13 12:00:00+00:00,0.0033027062,0.00014880731760058552,0.002154623771821251,0.00033418001839891076,0.0030537773394171274
2024-08-13 13:00:00+00:00,-0.00050511304,0.0001671541394898668,0.0018299172270207517,0.00033799168886616826,-0.0004257893317231568
2024-08-13 14:00:00+00:00,-0.0005053683,0.0001876333699328825,0.0017631309864369366,0.00034016947029158473,-0.00047576815307222
2024-08-13 15:00:00+00:00,0.0015549253,0.0002101724239764735,0.0008924979321501528,0.0003276648058090359,0.0014395212857038376
2024-08-13 16:00:00+00:00,0.0024216557,0.00023007062554825097,0.0006750909760995748,0.0003142683708574623,0.002155159073045972
2024-08-13 17:00:00+00:00,-0.031092562,0.0002586460905149579,-0.005484922127923272,0.0003075369750149548,-0.028101094530489475
2024-08-13 18:00:00+00:00,-0.0012432362,0.0002894185308832675,-0.003011815216908087,0.0003092639963142574,-0.0013053719886412353
2024-08-14 10:00:00+00:00,0.004841935,0.000310524512315169,-0.0003066786430971938,0.00029905387782491744,0.0042925924330925475
2024-08-14 11:00:00+00:00,0.0025437956,0.0003204297099728137,-0.00023270004940751748,0.0002586851187516004,0.002239004177081673
2024-08-14 12:00:00+00:00,-0.0010633505,0.00033351726597175,0.0005709456930360985,0.0002338579943170771,-0.0009526522992869816
2024-08-14 13:00:00+00:00,-0.0044173943,0.000349671725416556,-0.0018383348385969708,0.00022436735162045807,-0.004179429888647685
2024-08-14 14:00:00+00:00,-2.0354992e-05,0.00036175191053189337,-0.001839053280987042,0.0002363366656936705,-0.00022369998750634108
2024-08-14 15:00:00+00:00,-0.000101781174,0.00036706263199448586,-0.0014150610985194981,0.000257803505519405,-0.0002137632434548536
2024-08-14 16:00:00+00:00,-0.00049887755,0.0003726992290467024,-0.0016875147192873079,0.0002739415504038334,-0.0007744103727836454
2024-08-14 17:00:00+00:00,0.026063742,0.00037277641240507364,0.004544954863525375,0.0002894129720516503,0.0230611538761589
2024-08-14 18:00:00+00:00,-0.00267251,0.0003750140022020787,0.0010025317661493754,0.00026505644200369716,-0.002095393521736427
2024-08-15 10:00:00+00:00,-0.006928042,0.0003820799174718559,-0.0006370264042950321,0.0002656876458786428,-0.006053459669394933
2024-08-15 11:00:00+00:00,-0.0021359923,0.00038766590296290815,8.23042738320877e-05,0.0002468602906446904,-0.0018028010976518976
2024-08-15 12:00:00+00:00,0.0054263077,0.000393905327655375,0.0011468541992013576,0.00023255018459167331,0.004974145605497879
2024-08-15 13:00:00+00:00,-0.0027595325,0.00040133795118890703,8.681255179604163e-05,0.00022401424939744174,-0.002286691954967945
2024-08-15 14:00:00+00:00,-0.0014127055,0.0004169952590018511,-4.878254563089822e-05,0.00022724882001057267,-0.0011012484683756356
2024-08-15 15:00:00+00:00,-0.0029017979,0.0004328193608671427,0.00019200328284009542,0.00022897716553416103,-0.002438077507624425
2024-08-15 16:00:00+00:00,0.00075387117,0.00045396812492981553,0.00021310115795883258,0.0002446098951622844,0.0007765813429688336
2024-08-15 17:00:00+00:00,0.011846279,0.00046770882909186184,0.0022895214560300836,0.0002461976546328515,0.010910588894975278
2024-08-15 18:00:00+00:00,-0.00021847288,0.0004837675660382956,0.0015707007878250398,0.00024880797718651593,-0.00014310864139416792
2024-08-16 10:00:00+00:00,-0.0008843095,0.0005005004350095987,0.00026727526531508824,0.00025711575290188193,-0.0008052891939003352
2024-08-16 11:00:00+00:00,-0.0011836145,0.0005264725768938661,-0.000257709434724683,0.00027386355213820934,-0.0010454764330586283
2024-08-16 12:00:00+00:00,-0.00010948051,0.000548197072930634,-0.0002933905936988315,0.0002891143667511642,4.480825823369742e-05
2024-08-16 13:00:00+00:00,-0.0008264669,0.0005638442235067487,-0.0007874948084439642,0.0002980089630000293,-0.0006170643888755978
2024-08-16 14:00:00+00:00,-0.00010958304,0.0005766142858192325,-0.0006001378181988148,0.00029823987279087305,3.6380012663809665e-06
2024-08-16 15:00:00+00:00,0.001841392,0.0005907133454456925,0.00020455794638978152,0.000301746535114944,0.0017636195795154648
2024-08-16 16:00:00+00:00,0.0021158983,0.0006028520292602479,0.0016052558688436005,0.00031646041315980256,0.002160258426281401
2024-08-16 17:00:00+00:00,-0.0030610545,0.0006147154490463436,-0.0006455641986179736,0.0003255049523431808,-0.0025868903402107304
2024-08-16 18:00:00+00:00,-0.0025214662,0.0006268066354095936,-0.0012034581891242774,0.0003297238436061889,-0.0022191813708091765
2024-08-19 10:00:00+00:00,-0.0067283683,0.0006443128804676235,-0.004214479816824991,0.000331826857291162,-0.006006507993577917
2024-08-19 11:00:00+00:00,0.001184751,0.0006628825212828815,-0.0014522988517417371,0.0003407388867344707,0.0010937121684455626
2024-08-19 12:00:00+00:00,-0.0050600423,0.0006791934720240533,-0.004023661208032055,0.000349349866155535,-0.004491960887166366
2024-08-19 13:00:00+00:00,-0.0012210568,0.0006965045467950404,-0.0022192818196226844,0.00035348295932635665,-0.001154192210844078
2024-08-19 14:00:00+00:00,-0.0029123288,0.0007113834144547582,-0.002023292594140851,0.000357754179276526,-0.0026305981032282016
2024-08-19 15:00:00+00:00,-0.0019665689,0.0007197188679128885,-0.0026643804322175283,0.000363466126145795,-0.0017787652417208684
2024-08-19 16:00:00+00:00,0.0043435846,0.0007290921057574451,0.0005833728188182908,0.0003697318898048252,0.0038280349283828616
2024-08-19 17:00:00+00:00,-0.0074737323,0.0007365391938947141,-0.0033473677793218306,0.00037367327604442835,-0.006837231360580375
2024-08-19 18:00:00+00:00,-0.006064523,0.0007419142639264464,-0.0023116260816209338,0.00036767381243407726,-0.0055455359202296025
2024-08-20 10:00:00+00:00,-0.0037756802,0.000750232778955251,-0.003802559948550147,0.00035832077264785767,-0.003445783394487439
2024-08-20 11:00:00+00:00,0.0016228268,0.0007566367858089507,-0.0005586469053336523,0.0003482566971797496,0.0012910021072628562
2024-08-20 12:00:00+00:00,0.005393883,0.0007624244899488986,0.0005555892578640542,0.0003344450960867107,0.004674705253338284
2024-08-20 13:00:00+00:00,0.0029761624,0.0007684770389460027,0.0021557321061090595,0.00032105742138810456,0.0025575341439152675
2024-08-20 14:00:00+00:00,-0.0002850018,0.0007719019777141511,0.0008463706433616412,0.00030802161199972034,-0.00025354007599549436
2024-08-20 15:00:00+00:00,-0.0036000425,0.0007770987576805055,-0.000182039531054073,0.00030287817935459316,-0.0032482826948818768
2024-08-20 16:00:00+00:00,0.0036713006,0.0007834314019419253,0.0014739569335670256,0.00029718392761424184,0.0031581311034401894
2024-08-20 17:00:00+00:00,-0.017725753,0.0007879133336246014,-0.0044964286901479624,0.0002916351950261742,-0.015594856586524944
2024-08-20 18:00:00+00:00,-0.003653882,0.0007862367783673108,-0.002947463698221827,0.00028858863515779376,-0.0033154871171996083
2024-08-21 10:00:00+00:00,0.0014236949,0.0007854041177779436,-0.00318572180784365,0.00028187190764583647,0.0011588858278918817
2024-08-21 11:00:00+00:00,-0.0047674654,0.0007819016464054585,-0.004220604519112327,0.00027551932726055384,-0.004122022510147567
2024-08-21 12:00:00+00:00,-0.0021203822,0.0007832778501324356,-0.0036796982344032884,0.0002670137910172343,-0.00195661528384346
2024-08-21 13:00:00+00:00,0.0005644816,0.0007843357161618769,-0.000746000545466386,0.00026100678951479495,0.0002054302271256486
2024-08-21 14:00:00+00:00,0.0018793073,0.0007883235230110586,0.0012270428838144767,0.0002562198496889323,0.001347849175114608
2024-08-21 15:00:00+00:00,0.00025030767,0.0007933509768918157,-0.00015873417579155858,0.000258236366789788,-3.7991344048195894e-05
2024-08-21 16:00:00+00:00,0.005231666,0.0007969198632054031,0.0019875184787505927,0.0002575513790361583,0.004236454963114456
2024-08-21 17:00:00+00:00,-0.0114767505,0.0008005115669220686,-0.003580784073403834,0.0002561050932854414,-0.010106989510780139
2024-08-21 18:00:00+00:00,-0.001964214,0.0007989777950569987,-0.0022367497582633533,0.00025480310432612896,-0.0019154299216763329
2024-08-22 10:00:00+00:00,0.0016073711,0.0007960384828038514,-0.0014196302785631175,0.0002548969641793519,0.0012557686435406413
2024-08-22 11:00:00+00:00,0.0031337638,0.00079015624942258,0.0008733822320397729,0.00025459512835368514,0.0026020765176916955
2024-08-22 12:00:00+00:00,-0.00087939703,0.0007851416012272239,0.0009717551607234815,0.00025463802739977837,-0.0007087754849074158
2024-08-22 13:00:00+00:00,-0.0022333725,0.0007817370351403952,0.001206548960247383,0.0002605360932648182,-0.001930217519241368
2024-08-22 14:00:00+00:00,-0.005188475,0.0007806575740687549,-0.002579152009939215,0.00026309789973311126,-0.004533256798793936
2024-08-22 15:00:00+00:00,-0.0030540829,0.000783669063821435,-0.0029508342713890205,0.0002682703488972038,-0.002761704332660201
2024-08-22 16:00:00+00:00,-0.0028617478,0.0007877072785049677,-0.0015137778768063695,0.0002779836067929864,-0.0026634839219029337
2024-08-22 17:00:00+00:00,0.0046593966,0.0007910883869044483,0.0013346863602611784,0.0002895996440201998,0.003658733900614479
2024-08-22 18:00:00+00:00,-0.006274065,0.0007928487611934543,-0.0022656484757531564,0.00030154717387631536,-0.005427616442070059
2024-08-23 10:00:00+00:00,-0.010376741,0.0007934802561067045,-0.0014821798347222446,0.0003093143168371171,-0.009031079681954848
2024-08-23 11:00:00+00:00,0.0015885967,0.0007845420041121542,-0.0002265877137443529,0.0003151383134536445,0.001062470411064257
2024-08-23 12:00:00+00:00,0.0034903302,0.0007745027542114258,0.0011490672828671318,0.00032077930518426,0.0027529655909893534
2024-08-23 13:00:00+00:00,-0.0038979724,0.0007670518825761974,0.0009697525715207517,0.00032546991133131087,-0.0033891169512291546
2024-08-23 14:00:00+00:00,-0.0045166225,0.0007584844715893269,-0.002209140708338502,0.0003406552132219076,-0.004046602304143461
2024-08-23 15:00:00+00:00,0.0012494886,0.0007430186378769577,3.863910753919831e-06,0.0003607410762924701,0.0007372373085532988
2024-08-23 16:00:00+00:00,-0.000818454,0.0007322183228097856,0.0004559651432320834,0.0003772340132854879,-0.0008301287973186006
2024-08-23 17:00:00+00:00,-0.012499688,0.0007269239868037403,-0.0032023753110965113,0.0003937869914807379,-0.010780399436109957
2024-08-23 18:00:00+00:00,-0.001124264,0.0007176211220212281,-0.0007352843019999265,0.0004119770892430097,-0.0014337681412313805
2024-08-26 10:00:00+00:00,0.030630002,0.000709628511685878,0.00681666857745301,0.0004499520000535995,0.025790063479746942
2024-08-26 11:00:00+00:00,0.0014711878,0.0006975937285460532,0.004812587259094129,0.00045500689884647727,0.0016067016773060503
2024-08-26 12:00:00+00:00,0.0014690266,0.000689700071234256,0.002574982433352789,0.00046242380631156266,0.0015306013423523985
2024-08-26 13:00:00+00:00,0.004919761,0.000677899515721947,0.003918770892219148,0.0004895530873909593,0.004532679752837989
2024-08-26 14:00:00+00:00,0.0031058206,0.0006641863146796823,0.003200794374319465,0.0005099563277326524,0.0029308419089034833
2024-08-26 15:00:00+00:00,0.00097382715,0.0006535049760714173,0.0033212392588337723,0.0005111253703944385,0.0012670094919811747
2024-08-26 16:00:00+00:00,-0.0002616883,0.0006402934086509049,0.001866586378835308,0.0005013426998630166,0.0002347408763377336
2024-08-26 17:00:00+00:00,-0.0043540597,0.0006252072053030133,8.625660773536367e-05,0.00048172238166444004,-0.003430955829420578
2024-08-26 18:00:00+00:00,-0.0025161484,0.0006130241090431809,-0.0003233994806662485,0.00047075943439267576,-0.0016122267657806462
2024-08-27 10:00:00+00:00,0.0057913293,0.0006005450268276036,0.001937712233586167,0.00046717896475456655,0.005703147256206495
2024-08-27 11:00:00+00:00,-0.006360709,0.0005890117026865482,0.0005018230464900722,0.0004609734460245818,-0.005341813117417087
2024-08-27 12:00:00+00:00,0.001148971,0.0005751725402660668,0.0006440743393749983,0.0004428634711075574,0.0011029586221803995
2024-08-27 13:00:00+00:00,-0.0038315235,0.0005577771808020771,0.0005893261156170055,0.0004349924565758556,-0.003290372871645378
2024-08-27 14:00:00+00:00,0.0016378462,0.0005377087509259582,0.0001683009275040008,0.0004304997273720801,0.0013129241940734475
2024-08-27 15:00:00+00:00,-0.005823882,0.0005183953908272088,-0.0029771314963430795,0.0004165146383456886,-0.005068264317704594
2024-08-27 16:00:00+00:00,-0.004566291,0.0005019380478188396,-0.002574252637023497,0.0004117120406590402,-0.004148550890291879
2024-08-27 17:00:00+00:00,0.004120161,0.0004884444642812014,0.0017273824848929294,0.00041140441317111254,0.0032341917969673753
2024-08-27 18:00:00+00:00,-0.00105238,0.0004789255035575479,0.0005097170979012364,0.00041037306073121727,-0.0009748395858944382
2024-08-28 10:00:00+00:00,-0.004861676,0.00047650322085246444,-0.0011241714232548758,0.000416738010244444,-0.00417352950999069
2024-08-28 11:00:00+00:00,-0.0046277037,0.0004724868340417743,-0.0027893428078431515,0.0004249656049069017,-0.004066962166123847
2024-08-28 12:00:00+00:00,-0.003452563,0.00046877091517671943,-0.003404422200257487,0.00043631414882838726,-0.0030085213521296584
2024-08-28 13:00:00+00:00,-0.0044272225,0.0004659472033381462,-0.0017849194444083212,0.0004396013973746449,-0.003982671111253802
2024-08-28 14:00:00+00:00,-0.0070482865,0.000461915391497314,-0.004248910569654484,0.0004337846767157316,-0.0061883936369073736
2024-08-28 15:00:00+00:00,0.008367705,0.00046212776214815676,0.0008292512563265476,0.00043511256808415055,0.00658675070673393
2024-08-28 16:00:00+00:00,0.007204386,0.0004587678995449096,0.0021631727462159815,0.0004403787024784833,0.006005703187724539
2024-08-28 17:00:00+00:00,0.0003004002,0.00045726896496489644,0.0019518193354961574,0.0004535620682872832,0.0002598832256248634
2024-08-28 18:00:00+00:00,-0.0022659553,0.00045681558549404144,0.0003908007940836542,0.00046243416727520525,-0.0019657436294442617
2024-08-29 10:00:00+00:00,0.0026949418,0.0004569225711748004,0.0013479137586288404,0.00046012335224077106,0.0022379284845421704
2024-08-29 11:00:00+00:00,0.0024738042,0.00045686442172154784,0.0012260320677612538,0.00044464966049417853,0.002136516374569957
2024-08-29 12:00:00+00:00,-0.010450809,0.0004586207796819508,-0.0017151225514129452,0.0004341416643001139,-0.008696666197176977
2024-08-29 13:00:00+00:00,0.0042816917,0.00046398979611694813,0.001547317026273672,0.0004242110881023109,0.003651006183358265
2024-08-29 14:00:00+00:00,-0.0002152644,0.00046648498391732574,0.001741357839754618,0.00041451226570643485,-7.753933419047453e-05
2024-08-29 15:00:00+00:00,-0.0014003492,0.00047603019629605114,0.0017271237915442842,0.0004091255250386894,-0.0009036022545573458
2024-08-29 16:00:00+00:00,0.00032333162,0.00048190029338002205,0.0008639874821919993,0.00041184917790815234,0.0004356800415501836
2024-08-29 17:00:00+00:00,0.0046444205,0.00048819853691384196,0.0012475043069801383,0.0004165990394540131,0.0038185986062245756
2024-08-29 18:00:00+00:00,0.0006111978,0.0004927617264911532,0.0016689791415269565,0.00041839698678813875,0.0005092376770201834
2024-08-30 10:00:00+00:00,-0.0034576473,0.0004992877366021276,0.0010843458989673893,0.0004202778509352356,-0.0028234998818801676
2024-08-30 11:00:00+00:00,0.0007526801,0.0005042248521931469,0.0008851049307767206,0.0004256482934579253,0.0006047769495897298
2024-08-30 12:00:00+00:00,-0.0095905345,0.0005098124383948743,-0.00099686676310532,0.00042624122579582036,-0.008065078856024817
2024-08-30 13:00:00+00:00,-0.0027711233,0.0005117962136864662,-0.00039437170427181027,0.000432900880696252,-0.002319194394671378
2024-08-30 14:00:00+00:00,-0.005674827,0.0005076724919490516,-0.003611063347843782,0.00043680568342097104,-0.004803978610147309
2024-08-30 15:00:00+00:00,0.0022082787,0.000514774932526052,0.00019071109531824072,0.00043667707359418273,0.0017333379867678679
2024-08-30 16:00:00+00:00,-0.00019657952,0.0005200215964578092,0.0011635949257770616,0.00044217388494871557,-0.00020706806764915928
2024-08-30 17:00:00+00:00,-0.0011802893,0.0005246542277745903,0.0007410538505918053,0.00044939026702195406,-0.0011025002739027876
2024-08-30 18:00:00+00:00,0.0012130552,0.0005236214492470026,0.0011892309884915914,0.00045390924788080156,0.0008086423332479156
2024-09-02 10:00:00+00:00,-0.022800563,0.0005207756184972823,-0.004056041709690584,0.00046400458086282015,-0.01906076392847318
2024-09-02 11:00:00+00:00,-0.006659292,0.0005152627709321678,-0.004442296630329692,0.00046699843369424343,-0.006028646702355017
2024-09-02 12:00:00+00:00,0.00053977466,0.0005109271733090281,-0.0032027405808946778,0.00046681135427206755,-0.00016461517609455163
2024-09-02 13:00:00+00:00,0.0046211216,0.0005047062295489013,-2.5240761222996742e-05,0.00047089013969525695,0.0033698899537894303
2024-09-02 14:00:00+00:00,-0.0066467808,0.0004991472815163434,-0.0029424072341586987,0.0004758231225423515,-0.005660348917544603
2024-09-02 15:00:00+00:00,-0.008177992,0.0004916132311336696,-0.003661334175456986,0.0004891628050245345,-0.007015347568117757
2024-09-02 16:00:00+00:00,0.0011124229,0.00048625358613207936,-0.00229474490390513,0.0005061370902694762,0.00033734032663942936
2024-09-02 17:00:00+00:00,0.016394455,0.0004867800453212112,0.0021157692821597773,0.0005219114245846868,0.01290488969887132
2024-09-02 18:00:00+00:00,-0.0058203475,0.00048787606647238135,0.0009270896068193245,0.0005426264833658934,-0.004891175538121029
2024-09-03 10:00:00+00:00,-0.0076966365,0.00048720327322371304,-0.00036655746206473434,0.0005606702761724591,-0.006627233413071769
2024-09-03 11:00:00+00:00,0.024957728,0.0004853869613725692,0.004342132792629238,0.0005766093963757157,0.02020930257338551
2024-09-03 12:00:00+00:00,-0.001534835,0.00048280198825523257,0.0025941111970871475,0.0005972413346171379,-0.0008100666031909851
2024-09-03 13:00:00+00:00,0.00075114885,0.0004794622946064919,0.0015010578275008789,0.0006205406971275806,0.0010241472442517885
2024-09-03 14:00:00+00:00,-0.011371583,0.00047723157331347466,-0.0003220493709786886,0.0006305291317403316,-0.009116241783468749
2024-09-03 15:00:00+00:00,-0.0022809617,0.00047648799954913557,1.7868338250829783e-05,0.0006425157189369202,-0.0017392537314597591
2024-09-03 16:00:00+00:00,0.00042527952,0.0004778948496095836,2.480670281852305e-05,0.0006805001758038998,0.0007818697331335331
2024-09-03 17:00:00+00:00,0.0045770756,0.0004786569334100932,0.0007414180158882208,0.000698791875038296,0.004084696818048352
2024-09-03 18:00:00+00:00,-0.000423337,0.00048048325697891414,0.0006173548225100909,0.0007075496250763535,-0.00027475003476987923
2024-09-04 10:00:00+00:00,0.012237615,0.00048214607522822917,0.005801673927607169,0.0007114135078154504,0.010266483708174526
2024-09-04 11:00:00+00:00,0.000693218,0.00048224569763988256,0.002641575858635426,0.0007114748004823923,0.0011371629959477363
2024-09-04 12:00:00+00:00,0.0015058175,0.0004812822153326124,0.0024414630406678255,0.0007097561610862613,0.0012194105748693125
2024-09-04 13:00:00+00:00,0.007113651,0.0004810392274521291,0.005104206937722675,0.0007098375353962183,0.006059999636367273
2024-09-04 14:00:00+00:00,0.0013513368,0.0004779185983352363,0.00483012092438265,0.0007098247879184783,0.0012499689626848897
2024-09-04 15:00:00+00:00,-0.0018421933,0.000478211761219427,0.002369750197288729,0.0007055136957205832,-0.0010665842467043312
2024-09-04 16:00:00+00:00,-0.00019641007,0.0004809735110029578,0.0005809140218424432,0.0007024229853413999,0.00032981142507706394
2024-09-04 17:00:00+00:00,0.0019623667,0.0004860836488660425,0.0037721531085694745,0.0007012675050646067,0.0021711661395599734
2024-09-04 18:00:00+00:00,0.0050950404,0.00048824326950125396,0.004246703693103024,0.0007046485552564263,0.004758454988984593
2024-09-05 10:00:00+00:00,0.006502086,0.00049075938295573,0.0032533744893374684,0.0006990900728851557,0.006212910536843183
2024-09-05 11:00:00+00:00,0.00055966334,0.0004935962497256696,0.0035933296051552407,0.0006878094282001257,0.0009849525249315397
2024-09-05 12:00:00+00:00,0.0073647588,0.0004990209708921611,0.004346837352433468,0.0006823181174695492,0.006683119461962314
2024-09-05 13:00:00+00:00,0.0004271405,0.0005038081435486674,0.004997289236180123,0.0006777718663215637,0.000835892874050735
2024-09-05 14:00:00+00:00,0.0035701573,0.0005091970087960362,0.004225548447856289,0.0006773269851692021,0.0034839405665665914
2024-09-05 15:00:00+00:00,-0.0015543824,0.0005113594233989716,0.002746856371288743,0.0006724664126522839,-0.0009183857026807875
2024-09-05 16:00:00+00:00,-0.00040496184,0.0005137444823049009,0.001832555571043174,0.0006738462834618986,4.389490354566806e-05
2024-09-05 17:00:00+00:00,-0.012549504,0.000520099769346416,-0.0004837596351925191,0.0006667355191893876,-0.010180690783108563
2024-09-05 18:00:00+00:00,-0.006301723,0.0005211452953517437,-0.0016855465775777723,0.0006637641345150769,-0.005027399682270406
2024-09-06 10:00:00+00:00,0.00055380305,0.0005225841305218637,0.00035054100515999917,0.0006648332346230745,0.0004933963323478666
2024-09-06 11:00:00+00:00,-0.0036542434,0.0005227882647886872,-0.0017372898821373074,0.0006584397051483393,-0.0030844778350509216
2024-09-06 12:00:00+00:00,0.0017635345,0.0005206109490245581,-0.0014551477955012156,0.0006576230516657233,0.0014159335944291054
2024-09-06 13:00:00+00:00,-0.0015129666,0.0005030962056480348,-0.0015981495734346386,0.0006572639103978872,-0.0014776724451152998
2024-09-06 14:00:00+00:00,0.0024370353,0.00048695667646825314,-0.0005437309178862911,0.0006516246940009296,0.0018428792458117223
2024-09-06 15:00:00+00:00,0.008224531,0.00046804832527413964,0.0018442984765130663,0.0006459022406488657,0.0066198139416621974
2024-09-06 16:00:00+00:00,0.0008079764,0.0004513869062066078,0.0009879765505628035,0.0006389738409779966,0.0005395622234761971
2024-09-06 17:00:00+00:00,-0.008728296,0.00043211758020333946,-0.002598010415606138,0.0006341037806123495,-0.007390552132541345
2024-09-06 18:00:00+00:00,-0.00053243217,0.0004115194024052471,-0.0012604715383671388,0.000626585038844496,-0.0005157680893799176
2024-09-09 10:00:00+00:00,0.018276414,0.0003982733760494739,0.005915524371627511,0.0006216804031282663,0.015506912037182298
2024-09-09 11:00:00+00:00,0.0011519141,0.0003901794261764735,0.005889740355075279,0.0006166885723359883,0.0014081279404908479
2024-09-09 12:00:00+00:00,0.0036814818,0.00039050893974490464,0.0040722595806725785,0.0006120003527030349,0.0036215386244072985
2024-09-09 13:00:00+00:00,0.0027999042,0.0003798567340709269,0.0045410892745649245,0.0006054953555576503,0.0029155193547050215
2024-09-09 14:00:00+00:00,-0.0023220934,0.00038087787106633186,0.002160128924617418,0.0005979702691547573,-0.0014543486163302623
2024-09-09 15:00:00+00:00,-0.0007646072,0.0003826676693279296,0.001482531552947296,0.000589576200582087,-0.00033445874762867966
2024-09-09 16:00:00+00:00,-0.0001381164,0.0003779204562306404,0.001942252529424816,0.0005786010297015309,0.00010470023146829413
2024-09-09 17:00:00+00:00,-0.0024467576,0.0003737400402314961,0.0019777361615627336,0.000565012393053621,-0.0019255120652377383
2024-09-09 18:00:00+00:00,0.003476859,0.000372286478523165,0.002827320946456912,0.0005504337605088949,0.0032958520429364085
2024-09-10 10:00:00+00:00,0.0014848758,0.00038132324698381126,0.001526673873555493,0.0005386112607084215,0.001800259817756267
2024-09-10 11:00:00+00:00,-0.003992954,0.00039027922321110964,0.0007636821688023342,0.0005282503552734852,-0.0032828000612255596
2024-09-10 12:00:00+00:00,0.00040426824,0.0003976133593823761,0.00025962540593629427,0.0005241017206571996,0.0003856723878975768
2024-09-10 13:00:00+00:00,-0.0009896829,0.0004010051488876343,1.9496211697281196e-05,0.0005199110019020736,-0.0008513209548708594
2024-09-10 14:00:00+00:00,-0.0012144974,0.0004062421212438494,-0.0002522318057397105,0.0005107158794999123,-0.0011317477079025111
2024-09-10 15:00:00+00:00,-0.002283837,0.00040526260272599757,-0.002985289335606272,0.0005012974725104868,-0.0019289795843302994
2024-09-10 16:00:00+00:00,0.003253423,0.0004004449292551726,0.000689303952087583,0.0004938787315040827,0.0026944699951967715
2024-09-10 17:00:00+00:00,-0.014978499,0.0004087974375579506,-0.002600766016817379,0.000489582831505686,-0.01283207541795429
2024-09-10 18:00:00+00:00,-0.0015254213,0.00041474110912531614,-0.0017324891095132978,0.0004878956824541092,-0.0014182666940905867
2024-09-11 10:00:00+00:00,0.00050873234,0.0004128245054744184,-0.0024583597454986353,0.0004890340496785939,0.00031799814924743223
2024-09-11 11:00:00+00:00,-0.0031756896,0.00041033519664779305,-0.0024797879929612026,0.0004895622259937227,-0.002869800499970473
2024-09-11 12:00:00+00:00,0.0012151066,0.0004059670027345419,-0.0008657430112106263,0.0004918569466099143,0.000810010322911884
2024-09-11 13:00:00+00:00,-0.0003795622,0.0003992327256128192,-0.0010103797338550677,0.000497331959195435,-0.0005351144548650064
2024-09-11 14:00:00+00:00,0.0041672816,0.00038837111787870526,0.00032888000340807323,0.0005025324644520879,0.0033228829269362084
2024-09-11 15:00:00+00:00,0.00041037603,0.00037501187762245536,0.001232051699384103,0.0005037150112912059,0.00023079353999427916
2024-09-11 16:00:00+00:00,-0.0008101146,0.0003623426309786737,0.0006130112546586759,0.0005055814399383962,-0.0007039176885444161
2024-09-11 17:00:00+00:00,-0.0059718494,0.00034422584576532245,-0.0023506961062106386,0.0005095071392133832,-0.005173263029553885
2024-09-11 18:00:00+00:00,0.0011081898,0.00032727557118050754,-0.0006232796926673216,0.0005145969917066395,0.0009016253221664871
2024-09-12 10:00:00+00:00,-0.015594453,0.00031782095902599394,-0.0036890005474970312,0.0005171303637325764,-0.01305080899912841
2024-09-12 11:00:00+00:00,-0.0008937685,0.00030408764723688364,-0.0024847975607426446,0.0005218025180511177,-0.0011018360571360122
2024-09-12 12:00:00+00:00,-0.0009056171,0.00029048931901343167,-0.001515428832003719,0.0005254559218883514,-0.0009054431621958372
2024-09-12 13:00:00+00:00,-0.0004420622,0.00027378875529393554,0.000474303419606194,0.0005286218365654349,-0.0006065546695650658
2024-09-12 14:00:00+00:00,0.0011268727,0.0002575998951215297,0.0005379936059006734,0.0005321711651049554,0.0006715353832102758
2024-09-12 15:00:00+00:00,-0.006202463,0.00023847786360420287,-0.0023568995698024075,0.0005347778205759823,-0.005402970268626724
2024-09-12 16:00:00+00:00,0.0026075055,0.00021888803166802973,0.0009054050612363408,0.000538277963642031,0.001740860859182278
2024-09-12 17:00:00+00:00,0.0029764397,0.00018346228171139956,0.0011311644354468078,0.0005409322329796851,0.0020601141539427236
2024-09-12 18:00:00+00:00,-0.0010501473,0.0001629437319934368,0.0007105632416567551,0.0005422333488240838,-0.001077675275083126
2024-09-13 10:00:00+00:00,0.007514607,0.00015472985978703946,0.002752836526913065,0.0005459581152535975,0.005980314346856406
2024-09-13 11:00:00+00:00,-0.0006918022,0.00015353616618085653,0.0023753158834639333,0.0005474172648973763,-0.00045450981756150983
2024-09-13 12:00:00+00:00,0.0002416361,0.0001567233121022582,0.0011364122391047833,0.0005475670914165676,0.0002981556787527241
2024-09-13 13:00:00+00:00,-0.011242774,0.00016237843374256045,-0.0021139267261403413,0.0005478762905113399,-0.009116208162964101
2024-09-13 14:00:00+00:00,-0.0012557999,0.00016148608119692653,0.0014914073155831923,0.0005511097842827439,-0.0013190514223888274
2024-09-13 15:00:00+00:00,0.010552845,0.00016484083607792854,0.004062549445151945,0.0005500409752130508,0.008536005317046659
2024-09-13 16:00:00+00:00,0.007094056,0.00016063959628809243,0.006460603621101061,0.0005506638553924859,0.006085426191380085
2024-09-13 17:00:00+00:00,0.008355958,0.00015607346722390503,0.005288597936459112,0.0005472481134347618,0.007266640372360736
2024-09-13 18:00:00+00:00,0.005532099,0.00014970228949096054,0.0042153309413011306,0.0005446173017844558,0.004986550619844558
2024-09-16 10:00:00+00:00,0.0037212346,0.00013953723828308284,0.0013718701938590023,0.0005429064040072262,0.0036285679862378623
2024-09-16 11:00:00+00:00,0.0076142773,0.00013216900697443634,0.004052796868398639,0.0005391668528318405,0.006756787350626071
2024-09-16 12:00:00+00:00,0.0077258977,0.0001309286308242008,0.0044698684649391775,0.0005332341534085572,0.007116983893561725
2024-09-16 13:00:00+00:00,-0.00013744034,0.0001355267158942297,0.004112679610605214,0.0005294651491567492,0.00043657313952573097
2024-09-16 14:00:00+00:00,0.0023339204,0.00014069142343942076,0.0038712080057645712,0.0005281638004817069,0.0027973053098795755
2024-09-16 15:00:00+00:00,0.0016336687,0.00015107294893823564,0.004312190003852474,0.0005248922971077263,0.002355031147125278
2024-09-16 16:00:00+00:00,-0.000115849834,0.0001595434150658548,0.003978060402769969,0.0005230248789303005,0.0006833946140557418
2024-09-16 17:00:00+00:00,-0.0009272822,0.00016473597497679293,0.0036655709569763818,0.0005197749123908579,-0.00016292299508500742
2024-09-16 18:00:00+00:00,-7.3798015e-05,0.00016759261779952794,0.0028395712090574345,0.0005182952736504376,0.00037851324101026353
2024-09-17 10:00:00+00:00,-0.00079103495,0.00016893999418243766,0.0022866626070688193,0.0005159595748409629,-0.0003155808956594893
2024-09-17 11:00:00+00:00,0.0027290608,0.0001695480605121702,0.0025776082900639276,0.0005123381270095706,0.0026419030824145154
2024-09-17 12:00:00+00:00,-0.0015901687,0.0001724199391901493,0.0008274431939007826,0.000509986886754632,-0.0011546286782130625
2024-09-17 13:00:00+00:00,-0.0009806352,0.00017437113274354488,0.0005028781340005004,0.0005080444389022887,-0.0008143950377600206
2024-09-17 14:00:00+00:00,-0.003127578,0.0001782195904524997,0.00034193876361804723,0.0005061170668341219,-0.0026308060012122307
2024-09-17 15:00:00+00:00,0.004097674,0.00018435496895108372,0.00047155925426781685,0.000504735333379358,0.0035266345795917026
2024-09-17 16:00:00+00:00,0.0028836357,0.00018980576714966446,0.0016523374955812317,0.0005054998910054564,0.0025829315743319493
2024-09-17 17:00:00+00:00,0.004341313,0.00019502290524542332,0.0056955713776084636,0.0005052606575191021,0.0038177297800353898
2024-09-17 18:00:00+00:00,0.00010462987,0.000197480883798562,0.0025105737507806767,0.0005040958058089018,0.00034081308123742155
2024-09-18 10:00:00+00:00,0.0001255414,0.00020088415476493537,0.0014851257477031304,0.0005044789868406951,0.0002533260403372701
2024-09-18 11:00:00+00:00,-0.0033636724,0.00020257104188203812,0.0005563949467520314,0.0005059542017988861,-0.0027223148089859477
2024-09-18 12:00:00+00:00,-0.0009136017,0.000203826988581568,0.0002397615964571934,0.000507232325617224,-0.000715771336219585
2024-09-18 13:00:00+00:00,-0.0026510146,0.00020463216060306877,0.000554220298324401,0.0005097201792523265,-0.0022322016457792613
2024-09-18 14:00:00+00:00,-0.004127243,0.00020356662571430206,-0.00025657702135396495,0.0005103975418023765,-0.003425551908030455
2024-09-18 15:00:00+00:00,0.0017543123,0.00020600952848326415,0.0009265692442894331,0.000510251906234771,0.0015308605258603448
2024-09-18 16:00:00+00:00,0.003762434,0.000207411969313398,0.003069172610474553,0.0005120788118802011,0.0031675046806206846
2024-09-18 17:00:00+00:00,-0.0030341363,0.00021043262677267194,0.0006310184365728884,0.0005130030331201851,-0.0025929259183790237
2024-09-18 18:00:00+00:00,-0.0022710836,0.00021163761266507208,3.9372349502304005e-05,0.0005137423286214471,-0.0019964769493440743
2024-09-19 10:00:00+00:00,-0.0019795175,0.00021169480169191957,-0.000584502591237581,0.0005165824550203979,-0.0017882451652495347
2024-09-19 11:00:00+00:00,0.0044510537,0.00021029416529927403,0.002495994054862019,0.0005181109881959856,0.003650774884512092
2024-09-19 12:00:00+00:00,0.006802068,0.0002097695105476305,0.0028671203026037527,0.0005189658841118217,0.005804597372246026
2024-09-19 13:00:00+00:00,-0.004905034,0.00020871919696219265,0.0014842135496852932,0.000519534049089998,-0.004197512909785681
2024-09-19 14:00:00+00:00,0.002450273,0.0002065823646262288,0.0011517010563943928,0.0005187717615626752,0.002089248592053102
2024-09-19 15:00:00+00:00,-0.0060999887,0.00020795792806893587,0.00035345627340947836,0.0005155809922143817,-0.005101949144688441
2024-09-19 16:00:00+00:00,0.001678836,0.00020786715322174132,0.0010084168028032252,0.0005164212780073285,0.0014277320464523473
2024-09-19 17:00:00+00:00,-0.009103641,0.00020712881814688444,-0.003180267294763946,0.0005160817527212203,-0.007700449980901664
2024-09-19 18:00:00+00:00,-0.0018008519,0.00020495528588071465,-0.0019557987713893607,0.0005169820506125689,-0.001562075779257449
2024-09-20 10:00:00+00:00,0.0064213187,0.00020371261052787304,0.0027967149551285007,0.0005187055212445557,0.005344943598067111
2024-09-20 11:00:00+00:00,0.0030579283,0.00020190660143271089,0.003037867375422123,0.0005194231634959579,0.0025963093345508716
2024-09-20 12:00:00+00:00,0.00071815564,0.00019962541409768164,0.0022475876287143524,0.0005211445386521518,0.0006425311593692858
2024-09-20 13:00:00+00:00,-0.00010557878,0.0001970597804756835,0.0012234592647105036,0.000522427901159972,-0.00016755598732143701
2024-09-20 14:00:00+00:00,0.0013927432,0.0001954059989657253,0.0013691631863080704,0.000524747883901,0.0011472280064571208
2024-09-20 15:00:00+00:00,-0.002079277,0.00019339648133609444,0.0016442333045890217,0.0005271852714940906,-0.0018387716786253962
2024-09-20 16:00:00+00:00,-0.0013533232,0.00019201992836315185,0.0008646295623825907,0.0005299596232362092,-0.0010936715460841343
2024-09-20 17:00:00+00:00,0.00067689054,0.00019094110757578164,0.0015158349328629136,0.0005314351874403656,0.0005605634922834149
2024-09-20 18:00:00+00:00,0.00092997705,0.0001923840172821656,0.001056802743901625,0.0005350897554308176,0.0008611843908486212
2024-09-23 10:00:00+00:00,0.010559871,0.000193940635654144,0.0041033109855158345,0.0005389258731156588,0.009194705389761778
2024-09-23 11:00:00+00:00,0.0007522647,0.00019668717868626118,0.0022668941255309894,0.0005411339807324111,0.000819772972900215
2024-09-23 12:00:00+00:00,-0.0012750039,0.00020037817012052983,0.00090764648475478,0.0005441966932266951,-0.0009369016071254994
2024-09-23 13:00:00+00:00,0.003299127,0.0002034101344179362,0.002849912943879453,0.0005491618067026138,0.0029802977970274603
2024-09-23 14:00:00+00:00,0.0009584632,0.00020677113207057118,0.003178280589736246,0.0005542771541513503,0.0009414902497422191
2024-09-23 15:00:00+00:00,-0.00042702773,0.00020967480668332428,0.002567064668103265,0.0005600564763881266,-0.0001544079579990517
2024-09-23 16:00:00+00:00,0.0023412025,0.00021263008238747716,0.0029657597593816943,0.0005659483140334487,0.002267317465014561
2024-09-23 17:00:00+00:00,-0.0022057837,0.0002153230452677235,-0.0003832345753143935,0.0005720910849049687,-0.0016222043783268407
2024-09-23 18:00:00+00:00,-0.004216993,0.0002198129950556904,-0.0004862396852692958,0.0005783380474895239,-0.0033989851100415035
2024-09-24 10:00:00+00:00,0.005913382,0.00022165455447975546,0.0005001535021387619,0.0005852308822795749,0.005396950193272908
2024-09-24 11:00:00+00:00,0.004088627,0.00022430098033510149,0.002453648940495918,0.0005896040238440037,0.003641444142329242
2024-09-24 12:00:00+00:00,0.0032052305,0.00022913927386980504,0.0017361969890210206,0.0005966320168226957,0.002948954840175307
2024-09-24 13:00:00+00:00,-0.00033038738,0.00023397791665047407,0.0015073475388346189,0.000603386084549129,-8.687063484650673e-05
2024-09-24 14:00:00+00:00,-0.0009194643,0.00023856044572312385,0.0005414095930891762,0.0006096909637562931,-0.0007372962599653025
2024-09-24 15:00:00+00:00,-0.0006927392,0.0002419407683191821,-0.000369079186596242,0.0006167840328998864,-0.0005294806540480561
2024-09-24 16:00:00+00:00,0.0019838817,0.0002414387126918882,0.0008457620980459825,0.0006233135354705155,0.0018517818421306498
2024-09-24 17:00:00+00:00,0.004346624,0.00024197566381189972,0.0030178911410843703,0.0006306492141447961,0.003892480679158286
2024-09-24 18:00:00+00:00,0.0013249456,0.00024279789067804813,0.0027108248435669985,0.0006369001930579543,0.0013524435884044186
2024-09-25 10:00:00+00:00,-0.0053103482,0.00024285147082991898,-0.001284475509375992,0.0006433067028410733,-0.004417176746462082
2024-09-25 11:00:00+00:00,0.0029262383,0.0002442411205265671,0.0010263903171728057,0.0006503827171400189,0.0026706549731947793
2024-09-25 12:00:00+00:00,0.0061132787,0.0002441405231365934,0.0034346628726925313,0.000657364318612963,0.005494108131547167
2024-09-25 13:00:00+00:00,-0.0012483374,0.00024386736913584173,0.0015025284431094354,0.0006633623270317912,-0.000991744612122163
2024-09-25 14:00:00+00:00,-0.0045666164,0.0002432239125482738,-4.8191743781223e-05,0.0006702289101667702,-0.003952922930015476
2024-09-25 15:00:00+00:00,-0.00056586403,0.00024435974773950875,0.0005059812692888404,0.0006751774926669896,-0.000490345644638934
2024-09-25 16:00:00+00:00,-0.0064632255,0.00024357996881008148,-0.0033145330602056817,0.0006813813233748078,-0.005494390898311126
2024-09-25 17:00:00+00:00,0.0025138508,0.00024266795662697405,0.0007932708215622746,0.0006883132155053318,0.0020976477688239787
2024-09-25 18:00:00+00:00,-0.0029593473,0.00024251622380688787,-6.33737413172623e-05,0.000693965470418334,-0.0027154233603083207
2024-09-26 10:00:00+00:00,-0.006310022,0.00024133532133419067,-0.0022992723958999146,0.0006983756320551038,-0.00556277458789796
2024-09-26 11:00:00+00:00,0.0059990925,0.0002381093509029597,0.00041553072283636314,0.0007036632159724832,0.005135108529840169
2024-09-26 12:00:00+00:00,0.0027845511,0.00023676017008256167,0.0019771010742382624,0.0007081357180140913,0.0023620169468454794
2024-09-26 13:00:00+00:00,-0.0028778487,0.00023567282187286764,-6.615659840255618e-05,0.0007128958241082728,-0.002601668548654686
2024-09-26 14:00:00+00:00,0.0032499149,0.00023540017718914896,0.0014468805722668869,0.0007188169402070343,0.0026565392611615523
2024-09-26 15:00:00+00:00,-0.0044324384,0.00023690452508162707,-0.0006017883753728559,0.0007209047907963395,-0.00393360924847572
2024-09-26 16:00:00+00:00,-0.0036705683,0.00023677884018979967,-0.0015259776331076184,0.0007258200203068554,-0.00322488076759096
2024-09-26 17:00:00+00:00,0.00245547,0.00023811720893718302,0.00022104581092178847,0.0007313371752388775,0.002076791082672181
2024-09-26 18:00:00+00:00,0.0024287223,0.00023788027465343475,0.0016226825251723965,0.0007349250954575837,0.0020105638341967546
2024-09-27 10:00:00+00:00,0.0009014844,0.00023871085431892425,0.0022723851917658745,0.0007376018329523504,0.0008461289199067984
2024-09-27 11:00:00+00:00,0.0027925468,0.0002426192950224504,0.001988017531722672,0.0007401825860142708,0.0025586612277235343
2024-09-27 12:00:00+00:00,0.0019913851,0.0002483012794982642,0.002870641548258872,0.0007413859129883349,0.0016984746655000838
2024-09-27 13:00:00+00:00,0.00012368584,0.00025601524976082146,0.001551747273712198,0.0007424502400681376,0.00013497525065065246
2024-09-27 14:00:00+00:00,-0.0017639691,0.00026174410595558584,0.00012657204132490146,0.0007418483728542924,-0.0014508906284899314
2024-09-27 15:00:00+00:00,-4.1299703e-05,0.00027062767185270786,0.0006449722245693393,0.0007397865992970765,-2.2114644181765424e-05
2024-09-27 16:00:00+00:00,0.0014754059,0.000277180370176211,0.0015035016968404887,0.0007397670997306705,0.0013028129225385347
2024-09-27 17:00:00+00:00,0.0031087575,0.0002845833369065076,0.002778294229272673,0.00074058334575966,0.002827046020691926
2024-09-27 18:00:00+00:00,-0.0017178865,0.00029040477238595486,0.0006029173978692059,0.0007428292883560061,-0.0013907660049503172
2024-09-30 10:00:00+00:00,0.006751652,0.00029624701710417867,0.00230749057376294,0.0007430857513099909,0.0060097111534136265
2024-09-30 11:00:00+00:00,0.0006338302,0.00030176417203620076,0.0010856893545386592,0.0007430827827192843,0.0006606680629993809
2024-09-30 12:00:00+00:00,-0.0074163694,0.00030833802884444594,-7.335043657686309e-05,0.000743012991733849,-0.00646616617695505
2024-09-30 13:00:00+00:00,0.0006895878,0.00031447652145288885,0.0009730267962113537,0.0007449708064086735,0.0004938803755926469
2024-09-30 14:00:00+00:00,-0.00542661,0.0003207631525583565,-0.0006503320365795597,0.0007445757510140538,-0.004752913403719568
2024-09-30 15:00:00+00:00,0.0040675644,0.0003275786875747144,0.0011165931919428704,0.0007437600288540125,0.003481970537010933
2024-09-30 16:00:00+00:00,0.00082388445,0.0003327563463244587,0.0018304388217738753,0.0007434072904288769,0.0006552663252197915
2024-09-30 17:00:00+00:00,-0.00879906,0.00033821730175986886,-0.002459556257456305,0.0007421494810841978,-0.007645965010932548
2024-09-30 18:00:00+00:00,0.0028415297,0.00034396088449284434,4.92332916044965e-05,0.0007403876516036689,0.00234452904591066
2024-10-01 10:00:00+00:00,-0.0150667485,0.00034926095395348966,-0.0022862122482131164,0.0007385045173577964,-0.013233378010258999
2024-10-01 11:00:00+00:00,-0.0031694414,0.00035287393257021904,-0.0026695105374282707,0.0007408869569189847,-0.003009330835116613
2024-10-01 12:00:00+00:00,0.0048081316,0.0003549339307937771,-0.0003910763099235755,0.0007419942994602025,0.0038346216922143005
2024-10-01 13:00:00+00:00,-0.0007664887,0.00035736290737986565,0.0002200031103286374,0.0007437391323037446,-0.0008430871531919814
2024-10-01 14:00:00+00:00,-0.0004938038,0.0003589926054701209,-0.00020088420224785678,0.000746284204069525,-0.0006609398042910877
2024-10-01 15:00:00+00:00,-0.0026834072,0.0003613907902035862,-0.0012013169776785065,0.0007479761843569577,-0.002513711207623389
2024-10-01 16:00:00+00:00,0.0018318108,0.00036314205499365926,-0.00010203043622223422,0.0007497149636037648,0.0012799217936464566
2024-10-01 17:00:00+00:00,0.0030980099,0.00036318975617177784,0.000768926055980134,0.000750201113987714,0.0024317450098556067
2024-10-01 18:00:00+00:00,-0.004308313,0.0003638940106611699,-0.0005852772804754935,0.0007516616606153548,-0.003837393985681715
2024-10-02 10:00:00+00:00,0.008023747,0.0003633886808529496,0.0019512798918239799,0.0007542168023064733,0.006617610930170738
2024-10-02 11:00:00+00:00,-0.0013066774,0.00036291577271185815,0.002250379072555435,0.0007551888702437282,-0.0010312623719660045
2024-10-02 12:00:00+00:00,-0.0025136168,0.0003614355227909982,0.00034915103528362874,0.0007551498711109161,-0.0020921857457787177
2024-10-02 13:00:00+00:00,0.0012890178,0.0003597016038838774,0.0019239293825720316,0.0007545967237092555,0.0010780921702353223
2024-10-02 14:00:00+00:00,-0.0015617061,0.00035628079785965383,0.001291591150042283,0.0007550843292847276,-0.0013380203957913713
2024-10-02 15:00:00+00:00,-0.005269065,0.00035647727781906724,-0.00018200923433542065,0.0007526403060182929,-0.004539603914052255
2024-10-02 16:00:00+00:00,-0.00061178854,0.0003558369353413582,-0.00026573919856671946,0.0007543436367996037,-0.0005460964238316829
2024-10-02 17:00:00+00:00,-0.01979904,0.00035496981581673026,-0.00277598976920654,0.0007570401066914201,-0.016964124340732953
2024-10-02 18:00:00+00:00,-0.007442849,0.00035209234920330346,-0.0028742670619828718,0.0007608556188642979,-0.006684011179023772
2024-10-03 10:00:00+00:00,-0.00023856772,0.0003468750510364771,-0.0008931447121995179,0.0007638005190528929,-0.000556379997381612
2024-10-03 11:00:00+00:00,-0.0030956918,0.0003411653742659837,-0.0026467310266123415,0.000766358629334718,-0.003041594941040439
2024-10-03 12:00:00+00:00,-6.527557e-05,0.00033739686477929354,-0.002015222295679352,0.0007682705763727427,-0.0004888681013630896
2024-10-03 13:00:00+00:00,-0.004131899,0.00033221757621504366,-0.0024412161731173694,0.0007720744470134377,-0.003956728557145178
2024-10-03 14:00:00+00:00,-0.00049173075,0.0003282722900621593,-0.0021022601124549684,0.0007758834399282932,-0.0010465837701205236
2024-10-03 15:00:00+00:00,0.0104381675,0.0003240002552047372,0.0016348297804821086,0.0007789260125719011,0.008202974518185907
2024-10-03 16:00:00+00:00,0.0038217432,0.0003208865236956626,0.0008424774959469583,0.0007798787555657327,0.0028570429170164746
2024-10-03 17:00:00+00:00,-0.005597231,0.00032106382423080504,-0.0002702785495341515,0.0007819751044735312,-0.005096872868532795
2024-10-03 18:00:00+00:00,-0.0005202519,0.00032288211514241993,0.0002643558562130864,0.000783266150392592,-0.0005744525552207533
2024-10-04 10:00:00+00:00,0.010407604,0.0003230005968362093,0.0015236977846604096,0.0007831810507923365,0.008774183181059124
2024-10-04 11:00:00+00:00,0.0013295307,0.00032358209136873484,0.001215510553329351,0.0007819932652637362,0.0012700252275110958
2024-10-04 12:00:00+00:00,-0.0026500882,0.000324749737046659,0.0007284008735568994,0.0007827235385775566,-0.002076379693195545
2024-10-04 13:00:00+00:00,0.0021892413,0.00032670042128302157,0.0031375856262588634,0.0007825511856935918,0.0019103382240598602
2024-10-04 14:00:00+00:00,-0.0015019045,0.0003292891778983176,0.0014732729463981886,0.0007842727936804295,-0.0010978219312720134
2024-10-04 15:00:00+00:00,-0.0042065913,0.0003325316938571632,-0.0005430194096144918,0.0007829461246728897,-0.0032826956053533824
2024-10-04 16:00:00+00:00,-0.00071181287,0.0003357671666890383,0.0003637272182107324,0.000784443283919245,-0.0005804923923438528
2024-10-04 17:00:00+00:00,0.0034895027,0.00033960514701902866,0.0011031184371181593,0.0007870329427532852,0.002849264234695084
2024-10-04 18:00:00+00:00,0.0012571117,0.0003448525967542082,0.0010132434811707695,0.0007887356332503259,0.001150041652239425
2024-10-07 10:00:00+00:00,-0.0028388032,0.00035018459311686456,-0.0003981933885625928,0.0007906222599558532,-0.002267913233121083
2024-10-07 11:00:00+00:00,0.0009794373,0.00035366290831007063,0.0005569548272935981,0.000793642015196383,0.0007163858670817674
2024-10-07 12:00:00+00:00,-0.004236769,0.0003573221038095653,-0.0007796863600735772,0.000795933825429529,-0.003623179489007894
2024-10-07 13:00:00+00:00,-0.0015244483,0.00036134145921096206,-0.0002422857092018116,0.0007987911230884492,-0.001363545676510891
2024-10-07 14:00:00+00:00,0.0012975499,0.00036453368375077844,6.583548468146189e-05,0.0008014216437004507,0.0009128447384944829
2024-10-07 15:00:00+00:00,-0.0017737405,0.00036850242759101093,-0.002109274375399734,0.0008048649178817868,-0.0015905548637344226
2024-10-07 16:00:00+00:00,0.004697861,0.0003705519193317741,0.002102155908420386,0.0008086785674095154,0.0038402144564790887
2024-10-07 17:00:00+00:00,-0.014510074,0.0003719240194186568,-0.002980164089146338,0.0008125131716951728,-0.012136838413621264
2024-10-07 18:00:00+00:00,0.0015402011,0.0003714516351465136,-0.000321856581489929,0.0008198859868571162,0.0010694575012155138
2024-10-08 10:00:00+00:00,-0.0051432564,0.0003705250273924321,-0.003526632052200012,0.0008243959746323526,-0.004464774291604421
2024-10-08 11:00:00+00:00,0.00010970686,0.00036776982597075403,-0.002790294595296065,0.0008297282620333135,-0.00016065974595911637
2024-10-08 12:00:00+00:00,0.00594999,0.0003654003085102886,0.0015027398206607608,0.0008348982082679868,0.004709399229330363
2024-10-08 13:00:00+00:00,0.00046880537,0.0003636947658378631,0.0009991500173898303,0.0008391683222725987,0.00031051197529419477
2024-10-08 14:00:00+00:00,-0.003395626,0.0003623472002800554,0.00031955510822010975,0.0008443957194685936,-0.0030122208728027605
2024-10-08 15:00:00+00:00,-0.00076588115,0.00036050891503691673,0.00040957851943237235,0.000850461598020047,-0.0008577866601923938
2024-10-08 16:00:00+00:00,0.0004158368,0.00035978894447907805,0.0007309386251957544,0.0008545604650862515,0.0002506106049028912
2024-10-08 17:00:00+00:00,-0.00019695378,0.0003579896583687514,0.0007507595241770163,0.0008612001547589898,-0.0004822680017987266
2024-10-08 18:00:00+00:00,0.00015318963,0.0003564473008736968,0.0005275425836671456,0.0008687656954862177,3.1137875100510485e-05
2024-10-09 10:00:00+00:00,-0.0042322767,0.0003554869326762855,-0.0029307035665160717,0.0008776295580901206,-0.0035454686206624667
2024-10-09 11:00:00+00:00,-8.7905326e-05,0.0003544746432453394,-0.0019722068506848735,0.0008910537580959499,-0.00014379348069345785
2024-10-09 12:00:00+00:00,-0.0019799154,0.0003551339905243367,-0.0017645610109802224,0.0009068984654732049,-0.0016788911651679022
2024-10-09 13:00:00+00:00,-0.0029661998,0.00035529243177734315,-0.00017396211265298264,0.0009186191600747406,-0.0027106547421070835
2024-10-09 14:00:00+00:00,0.0012691547,0.00035447627305984497,0.00015735796831294486,0.0009256740449927747,0.0007769174763689282
2024-10-09 15:00:00+00:00,-0.0008496037,0.0003570393018890172,0.0002828305291145923,0.000927370972931385,-0.0008136408256770277
2024-10-09 16:00:00+00:00,-0.004314309,0.0003587410901673138,-0.0024303960567312747,0.0009297637734562159,-0.003702260895205804
2024-10-09 17:00:00+00:00,-0.008349431,0.0003626457473728806,-0.003400990347686675,0.0009312218753620982,-0.007135948378009391
2024-10-09 18:00:00+00:00,-0.0014879374,0.0003663305251393467,-0.0028233015181018226,0.0009332805639132857,-0.0015892879403903862
2024-10-10 10:00:00+00:00,0.00538188,0.00036920042475685477,0.0006938747145328134,0.0009339058306068182,0.004068567129744331
2024-10-10 11:00:00+00:00,0.0035460044,0.00037104624789208174,0.0013128684450204433,0.0009340413380414248,0.002723837857208152
2024-10-10 12:00:00+00:00,-0.0018881551,0.0003720021923072636,0.0005547268047905905,0.0009329574531875551,-0.0017643613771978735
2024-10-10 13:00:00+00:00,-0.0030061817,0.00037341626011766493,0.0003598418832389478,0.0009326389408670366,-0.002617006246325882
2024-10-10 14:00:00+00:00,-0.0022661698,0.0003749676398001611,-0.0015728159074298023,0.000929871981497854,-0.00209843885096953
2024-10-10 15:00:00+00:00,0.0022661698,0.0003761880216188729,0.0010124401834268222,0.0009251001174561679,0.0015428129630538473
2024-10-10 16:00:00+00:00,0.0012815157,0.0003774762444663793,0.001075569401722661,0.0009208740666508675,0.0007738646833973392
2024-10-10 17:00:00+00:00,-0.0032459775,0.000378203607397154,-0.0005820043962237806,0.000912114221137017,-0.002789181728514613
2024-10-10 18:00:00+00:00,-0.0004470073,0.00037868533399887383,-0.001244848351390562,0.0009112328407354653,-0.0004073089798259005
2024-10-11 10:00:00+00:00,-0.002988903,0.0003775768564082682,-0.001636338953132066,0.0009198787156492472,-0.002466684677604645
2024-10-11 11:00:00+00:00,2.2422028e-05,0.000375974690541625,-0.000991642185543403,0.0009134971187449992,-0.0001596981663170861
2024-10-11 12:00:00+00:00,-0.003695201,0.00037432974204421043,-0.002397377029315399,0.0009074606350623071,-0.0032404064624251246
2024-10-11 13:00:00+00:00,-0.00094564783,0.000374319264665246,-0.002347155329267169,0.0008982450235635042,-0.0010238409349153691
2024-10-11 14:00:00+00:00,0.00048419336,0.0003751783515326679,-0.0013591244028250515,0.0008795387111604214,0.00013979986195285666
2024-10-11 15:00:00+00:00,-0.000304001,0.00037962227361276746,-0.0023785353283777007,0.0008635185658931732,-0.00039634692628092084
2024-10-11 16:00:00+00:00,-0.00042800987,0.0003844530147034675,-0.002235172333016341,0.0008458124939352274,-0.0005388519329481992
2024-10-11 17:00:00+00:00,0.013817397,0.00038884810055606067,0.007212103635085999,0.0008332050638273358,0.010903898304062696
2024-10-11 18:00:00+00:00,0.0036046468,0.00039575883420184255,0.004217711308972404,0.0008238349691964686,0.002969011488048939
2024-10-14 10:00:00+00:00,-0.009086371,0.00040352196083404124,-0.00046247380482499726,0.0008097687386907637,-0.007306979985490779
2024-10-14 11:00:00+00:00,-0.0013080154,0.0004098526551388204,-0.0007561678022138177,0.0008082532440312207,-0.0010502091185940164
2024-10-14 12:00:00+00:00,0.003606867,0.00041302276076748967,0.0009519408999794793,0.0008098036632873118,0.002974028349966881
2024-10-14 13:00:00+00:00,0.008491041,0.00041312843677587807,0.00263627916416834,0.000809405988547951,0.007079471132313662
2024-10-14 14:00:00+00:00,0.0025498532,0.0004122295358683914,0.0032220422035562257,0.0008092268835753202,0.002408897065160993
2024-10-14 15:00:00+00:00,-0.0002205096,0.000412685883929953,0.002233677014403792,0.0007948693819344044,0.00017269949915968942
2024-10-14 16:00:00+00:00,0.005849063,0.0004111533344257623,0.00295426054680228,0.0008002702379599214,0.005237319674661557
2024-10-14 17:00:00+00:00,-0.0012065903,0.0004112562455702573,0.0005961554589737712,0.0008043384295888245,-0.0004965995289239706
2024-10-14 18:00:00+00:00,-0.0022085372,0.00041114300256595016,-0.0010831784976441283,0.000812870915979147,-0.0016564618880634257
2024-10-15 10:00:00+00:00,0.0025048351,0.00040958443423733115,0.0010466352600048687,0.0008245023200288415,0.0021453414223588183
2024-10-15 11:00:00+00:00,0.0052420027,0.00040876417187973857,0.0020408414032872593,0.0008307401440106332,0.004683644495149312
2024-10-15 12:00:00+00:00,0.0022568575,0.00040920395986177027,0.0019255104535087204,0.000840105174575001,0.002322463169863231
2024-10-15 13:00:00+00:00,-0.0017330743,0.0004119355871807784,0.00046046681234149743,0.0008503452991135418,-0.0010749058471958483
2024-10-15 14:00:00+00:00,0.0042781862,0.00041265261825174093,0.0023194361037501767,0.000858434708788991,0.0037935634355449953
2024-10-15 15:00:00+00:00,-0.0034276235,0.00041350710671395063,0.00038325624190352554,0.0008647051290608943,-0.002620429879183509
2024-10-15 16:00:00+00:00,-0.0013743457,0.0004139236407354474,-0.00046355719367378076,0.0008707401575520635,-0.0009585613663921807
2024-10-15 17:00:00+00:00,-0.007087062,0.00041523660183884203,0.00031331195367642097,0.0008769937558099627,-0.005867881433376818
2024-10-15 18:00:00+00:00,0.0015487616,0.0004128497384954244,-9.399151587428557e-05,0.0008834852487780154,0.0012313166822101491
2024-10-16 10:00:00+00:00,0.0039762356,0.00040939878090284765,0.0011901055670114858,0.0008874502964317799,0.003403875326276901
2024-10-16 11:00:00+00:00,0.003078101,0.0004091174341738224,0.001628467190052169,0.0008913002093322575,0.0026097350962216498
2024-10-16 12:00:00+00:00,-0.0083283195,0.00040925524081103504,-0.0016257694433962507,0.0008967389003373682,-0.006878799727518875
2024-10-16 13:00:00+00:00,-0.00029676364,0.0004069255664944649,-0.0008557465986425901,0.0009040417498908937,-0.00045449047243668563
2024-10-16 14:00:00+00:00,-0.0031489152,0.00040550180710852146,-0.0018690536796571572,0.0009057677234522998,-0.0026775001690594806
2024-10-16 15:00:00+00:00,-0.00014336838,0.0004055806202813983,-0.0020480567824565483,0.000905628374312073,-0.00032880954563018367
2024-10-16 16:00:00+00:00,-0.0013022847,0.0004062424413859844,-0.001677030564806119,0.000909901165869087,-0.0012901403342247683
2024-10-16 17:00:00+00:00,-0.004615776,0.00040647873538546264,-0.0019977253526951423,0.0009121636394411325,-0.004023458984192384
2024-10-16 18:00:00+00:00,0.00026623477,0.0004046791000291705,-0.0016912844708473279,0.0009157897438853979,0.00010117461664813662
2024-10-17 10:00:00+00:00,0.0011196285,0.0004041360807605088,-0.0009195908965257914,0.0009185939561575651,0.0007927796650610744
2024-10-17 11:00:00+00:00,-0.0011307203,0.00040425866609439254,-0.0015405439695008539,0.000918051169719547,-0.0011478406723354508
2024-10-17 12:00:00+00:00,-0.0034666315,0.0004043494409415871,-0.0012904507341120115,0.0009164291550405324,-0.003228059085572083
2024-10-17 13:00:00+00:00,-0.0014702773,0.0004034067678730935,-0.0017360639669343838,0.0009152537677437067,-0.00147639195288461
2024-10-17 14:00:00+00:00,0.00080223737,0.000402289122575894,-0.0009304482425380462,0.0009126029326580465,0.0004134103566735453
2024-10-17 15:00:00+00:00,0.00018932328,0.00040124275255948305,-0.0007756177078557198,0.0009091946412809193,-4.9811677054436666e-05
2024-10-17 16:00:00+00:00,0.00055662554,0.00039947277400642633,0.00013574892541714487,0.0009062814060598612,0.00022696986282101815
2024-10-17 17:00:00+00:00,0.00015579964,0.0003959408786613494,0.0005872993499047656,0.0009047528146766126,7.166607481039219e-06
2024-10-17 18:00:00+00:00,-0.0028304323,0.0003927006619051099,-0.001772403560331824,0.0009030366782099009,-0.0023829808973903246
2024-10-18 10:00:00+00:00,-0.0014629273,0.00038753857370465994,0.0003340389538634843,0.0009019395802170038,-0.0013871444141550122
2024-10-18 11:00:00+00:00,0.00029052226,0.0003819992998614907,0.0010141228417710636,0.0008999040583148599,2.4277868654463377e-05
2024-10-18 12:00:00+00:00,-0.00053641474,0.00037619180511683226,0.0004029912058555242,0.0008995031239464879,-0.0006017463786231024
2024-10-18 13:00:00+00:00,-0.003976193,0.0003690375597216189,-0.0019904351822986254,0.0009005189640447497,-0.003314274158994222
2024-10-18 14:00:00+00:00,0.0013682501,0.00036277520121075213,8.111560877899657e-05,0.0009013349190354347,0.0009964813607069457
2024-10-18 15:00:00+00:00,0.0001344809,0.0003582201898097992,0.0004983042437123502,0.0008991326321847737,-5.060893059468582e-05
2024-10-18 16:00:00+00:00,-0.0018057936,0.0003525855718180537,-0.002005688659028073,0.0008997480617836118,-0.0015916865713835515
2024-10-18 17:00:00+00:00,0.010419611,0.0003468001668807119,0.0064787931644649955,0.0008995212847366929,0.008163564726380896
2024-10-18 18:00:00+00:00,-0.001089361,0.0003431247314438224,0.0016554722447099446,0.0008984542801044881,-0.0009673029157492645
2024-10-21 10:00:00+00:00,0.0068167346,0.00033982095192186534,0.002527369356151149,0.0008960925042629242,0.005619016613208122
2024-10-21 11:00:00+00:00,-0.0010389037,0.000338661833666265,0.0007642736776280091,0.0008955427329055965,-0.0007333350486434193
2024-10-21 12:00:00+00:00,0.0029040098,0.0003368222387507558,0.0028328253707451474,0.0008959198021329939,0.0025347799302488086
2024-10-21 13:00:00+00:00,0.0006833688,0.0003362695570103824,0.0024199923213284744,0.0008941323030740023,0.0007776655043496641
2024-10-21 14:00:00+00:00,-0.002382792,0.00033699770574457943,-5.3052341799295294e-05,0.0008934267098084092,-0.0016430226021599962
2024-10-21 15:00:00+00:00,0.0015891588,0.0003382333379704505,0.0010240071194953953,0.0008890335448086262,0.0015203812085172236
2024-10-21 16:00:00+00:00,0.00093686115,0.0003412725345697254,0.0018633803835857727,0.0008884214330464602,0.0010421858687488152
2024-10-21 17:00:00+00:00,-0.0015435334,0.00034474674612283707,0.0004965146701971741,0.0008891923353075981,-0.0009633512744466635
2024-10-21 18:00:00+00:00,0.0011358312,0.00035024111275561154,0.0015242183872116414,0.0008888221927918494,0.0010216437780480826
2024-10-22 10:00:00+00:00,-0.0019416197,0.0003536829026415944,-0.00025620222881057533,0.0008894242346286774,-0.0014126492806885685
2024-10-22 11:00:00+00:00,-0.00032028803,0.000356432719854638,-0.00026116170848978115,0.0008905080030672252,-0.00021805977443102985
2024-10-22 12:00:00+00:00,0.004892518,0.0003591671120375395,0.001183360008581811,0.0008921747212298214,0.004076192018156789
2024-10-22 13:00:00+00:00,-0.0014740503,0.00036236358573660254,-0.00016021821446475103,0.0008935640216805041,-0.0011303656177075487
2024-10-22 14:00:00+00:00,-0.0004294232,0.00036370311863720417,3.575057999705687e-05,0.0008977007819339633,-0.0003366087320500575
2024-10-22 15:00:00+00:00,-0.0021609233,0.0003642849624156952,-0.0015641251489764624,0.0008982846047729254,-0.0017407129970496964
2024-10-22 16:00:00+00:00,-0.00038637104,0.00036339767393656075,-0.0002832472669620851,0.0008991745999082923,-0.00031143010059255514
2024-10-22 17:00:00+00:00,-0.0064912275,0.0003640041104517877,-0.002525311578825327,0.0009007996995933354,-0.00539915911569358
2024-10-22 18:00:00+00:00,-0.0014012458,0.00036407096195034683,-0.0021504984080711466,0.0009040608420036733,-0.001193163106044665
2024-10-23 10:00:00+00:00,-0.008224521,0.0003602808283176273,-0.0026285662558609966,0.000906264700461179,-0.00685836993453373
2024-10-23 11:00:00+00:00,0.0025102834,0.00035356031730771065,-0.0004073259566039185,0.0009083128534257412,0.0018679173081757657
2024-10-23 12:00:00+00:00,0.0006265875,0.0003464645997155458,0.00012564763785689894,0.000909901165869087,0.0003767015757293145
2024-10-23 13:00:00+00:00,0.002524746,0.0003391243808437139,0.0009599756254820046,0.0009097772417590022,0.001746573755388907
2024-10-23 14:00:00+00:00,-0.0025806755,0.0003313291526865214,-8.565522398793065e-05,0.0009087611106224358,-0.0023162783226987854
2024-10-23 15:00:00+00:00,0.0025806755,0.00032312198891304433,0.000742681606554455,0.0009068126673810184,0.0018007002247658205
2024-10-23 16:00:00+00:00,-0.00047988127,0.00031512227724306285,0.0008689465116089712,0.0009054193506017327,-0.0005459411477991272
2024-10-23 17:00:00+00:00,-0.0021567266,0.00030769145814701915,0.0005786970223700881,0.0009042345336638391,-0.0019346350473642719
2024-10-23 18:00:00+00:00,-0.0026547944,0.0002980165008921176,-0.0019646847298701075,0.0009027776541188359,-0.0022716097135997717
2024-10-24 10:00:00+00:00,-0.010452173,0.0002875553327612579,-0.0028079061160436536,0.0009019715944305062,-0.008695097215650422
2024-10-24 11:00:00+00:00,0.0011554409,0.0002763755328487605,-0.0017725663497023684,0.0009020319557748735,0.0007759958166173852
2024-10-24 12:00:00+00:00,-0.0050052027,0.00026602233992889524,-0.002812933275459465,0.0008985567837953568,-0.004206066777695831
2024-10-24 13:00:00+00:00,0.0018869861,0.00025651336181908846,0.0005969569512655475,0.0008946208981797099,0.0011931269014561607
2024-10-24 14:00:00+00:00,0.0027105666,0.0002460496034473181,0.0007683927563852959,0.0008926431182771921,0.0018735698121976419
2024-10-24 15:00:00+00:00,-0.0029150075,0.0002416874485788867,0.00016231988289140318,0.0008848083089105785,-0.002541847984270355
2024-10-24 16:00:00+00:00,0.0060360874,0.0002374391769990325,0.001963456561440497,0.000882322434335947,0.0044739794153342205
2024-10-24 17:00:00+00:00,0.0032239184,0.00022997411724645644,0.002272247314396518,0.0008785398676991463,0.0023494253901928754
2024-10-24 18:00:00+00:00,-0.003754719,0.0002214125415775925,0.0001017972739883673,0.0008735329611226916,-0.0031918252223524734
2024-10-25 10:00:00+00:00,0.002065149,0.0002171962260035798,0.001054016712529139,0.0008720926125533879,0.0015128988802358052
2024-10-25 11:00:00+00:00,0.00037195045,0.000214319588849321,0.0011210293284167003,0.0008709706598892808,0.0004111801142688447
2024-10-25 12:00:00+00:00,0.00032675135,0.0002132474910467863,0.0007054311724861437,0.0008683130145072937,0.00032995281405790057
2024-10-25 13:00:00+00:00,0.0045633437,0.0002135683171218261,0.0020378994334041218,0.0008674553246237338,0.003838086357075744
2024-10-25 14:00:00+00:00,-0.008400951,0.0002157164562959224,-0.000799497712515138,0.0008651977987028658,-0.006574570238579445
2024-10-25 15:00:00+00:00,-0.0037388727,0.0002200746675953269,-0.0016563475022263298,0.0008567181066609919,-0.0029568480861081247
2024-10-25 16:00:00+00:00,-0.012162613,0.00022296112729236484,-0.0028720920672566036,0.0008553749066777527,-0.00980705332725756
2024-10-25 17:00:00+00:00,-0.0045027225,0.00022342614829540253,-0.002914844564291843,0.0008564423187635839,-0.003973937795345631
2024-10-25 18:00:00+00:00,0.00065767084,0.00022236682707443833,-0.0023709605951865395,0.0008570448844693601,0.00010984529112113424
2024-10-28 10:00:00+00:00,-0.0105400225,0.00022243613784667104,0.0003680365397605543,0.0008543538860976696,-0.008789736373990444
2024-10-28 11:00:00+00:00,0.003792819,0.00022170109150465578,0.0003348588267734519,0.0008537527173757553,0.002339794777389422
2024-10-28 12:00:00+00:00,-0.0037578503,0.00022222919506020844,-0.0002042983038179143,0.000849601230584085,-0.003423042594453763
2024-10-28 13:00:00+00:00,-0.0008979226,0.00022284380975179374,-0.0001910515636752062,0.0008481492986902595,-0.0013145047080773903
2024-10-28 14:00:00+00:00,-0.009035624,0.00022514842567034066,-0.002621257181824298,0.0008486187434755266,-0.007797387865697737
2024-10-28 15:00:00+00:00,0.0015880208,0.00022671192709822208,-0.0025534409425936834,0.0008487483719363809,0.0005274041064094236
2024-10-28 16:00:00+00:00,-0.0061661997,0.00023062527179718018,-0.0026432357430096654,0.0008494307985529304,-0.005462424177334172
2024-10-28 17:00:00+00:00,-0.0036373371,0.0002349330170545727,-0.0021783148613963,0.0008513070060871542,-0.0034188765582419418
2024-10-28 18:00:00+00:00,-0.009756757,0.00023900531232357025,-0.0027051887924310907,0.0008515795925632119,-0.008069578096398524
2024-10-29 10:00:00+00:00,0.009899181,0.00024295011826325208,0.0007185202542239024,0.000853197940159589,0.006886230878780423
2024-10-29 11:00:00+00:00,-0.012755915,0.00025029818061739206,-0.0024780947059176387,0.0008514735964126885,-0.010149962433647972
2024-10-29 12:00:00+00:00,0.0033240763,0.00025708324392326176,0.0001639915413091784,0.0008528401958756149,0.0017453263064501903
2024-10-29 13:00:00+00:00,0.0005150225,0.00026678084395825863,0.0006857513062867494,0.0008549809572286904,-0.00021448254346392954
2024-10-29 14:00:00+00:00,0.0047782394,0.00027528899954631925,0.000663261850215367,0.0008590671932324767,0.003134997727860948
2024-10-29 15:00:00+00:00,0.0014647306,0.00027755493647418916,0.0010528607771268142,0.0008578381966799498,0.0008336876426735513
2024-10-29 16:00:00+00:00,0.00085640885,0.00028231230680830777,0.0006567958672267931,0.0008573373779654503,0.0003329911140048483
2024-10-29 17:00:00+00:00,-0.00028538812,0.0002847047580871731,0.001227912036467954,0.0008543053991161287,-0.00043662967461143666
2024-10-29 18:00:00+00:00,0.000725202,0.0002850817982107401,0.001145482736507895,0.0008526145247742534,0.00044100550961288695
2024-10-30 10:00:00+00:00,0.008025231,0.00028428874793462455,0.0015660113602253148,0.0008513867505826056,0.006348188586183792
2024-10-30 11:00:00+00:00,-0.00010610893,0.00028254074277356267,0.002290183488931918,0.0008515457739122212,-3.373375561174472e-05
2024-10-30 12:00:00+00:00,0.00088389724,0.0002793267194647342,0.0017067525366739537,0.0008549396297894418,0.0010890570327296571
2024-10-30 13:00:00+00:00,-0.0021108622,0.00027276415494270623,0.0003162545615928386,0.0008568704943172634,-0.001347075098160201
2024-10-30 14:00:00+00:00,-0.007821798,0.00027004352887161076,0.00025582616464961893,0.0008552973158657551,-0.005747643336998915
2024-10-30 15:00:00+00:00,0.0032190843,0.0002635902492329478,0.000687298674395914,0.0008516257512383163,0.0024166796187427746
2024-10-30 16:00:00+00:00,-0.0008186365,0.0002569916541688144,0.0006451527884425523,0.0008474747883155942,-0.0006591039887551949
2024-10-30 17:00:00+00:00,0.008862478,0.0002503973082639277,0.0028832580773104693,0.0008460484095849097,0.0067794448975248495
2024-10-30 18:00:00+00:00,-0.0012949252,0.000251766323344782,0.0012059926482849003,0.0008403685642406344,-0.0008779265087423036
2024-10-31 10:00:00+00:00,-0.012421931,0.0002496298111509532,-0.0018050212574532484,0.0008365980465896428,-0.00951532842599616
2024-10-31 11:00:00+00:00,-0.003237428,0.00024749315343797207,-0.002973886609410916,0.0008343811496160924,-0.002786424831080663
2024-10-31 12:00:00+00:00,-0.003187922,0.0002446275029797107,0.00018379810414977397,0.0008340312633663416,-0.002879215308714836
2024-10-31 13:00:00+00:00,0.004945318,0.0002410461165709421,0.0011186817260601116,0.0008338824845850468,0.0033615659288882185
2024-10-31 14:00:00+00:00,0.004243254,0.00023905020498204976,0.0016078617379874645,0.0008345587993972003,0.0029597847788865625
2024-10-31 15:00:00+00:00,-0.0045897067,0.00024253949231933802,-0.0001905507710443737,0.0008267306257039309,-0.0035843997888821023
2024-10-31 16:00:00+00:00,-0.0040948335,0.0002449699677526951,-0.0006870131188216061,0.0008230314124375582,-0.0033120872855704232
2024-10-31 17:00:00+00:00,-0.0038466672,0.0002507584576960653,-0.001303172938468536,0.0008176115807145834,-0.003211521574202117
2024-10-31 18:00:00+00:00,0.0011796145,0.00025625069974921644,0.0001643926885308677,0.0008127238252200186,0.0004193604430073257
2024-11-01 10:00:00+00:00,-0.00084243977,0.00026177967083640397,-0.0009679545188596003,0.0008078042883425951,-0.0011196612518719015
2024-11-01 11:00:00+00:00,-0.0011444475,0.00026468545547686517,-1.2525338210214113e-07,0.000802171474788338,-0.0011202282886532845
2024-11-01 12:00:00+00:00,-0.0026432532,0.00026975577929988503,-0.0017787873835610661,0.0007986262207850814,-0.0021767339459076857
2024-11-01 13:00:00+00:00,0.0011836893,0.0002746611135080457,6.480581570091656e-05,0.0007945878314785659,0.0007676932880276554
2024-11-01 14:00:00+00:00,0.0032419236,0.0002795279142446816,0.0016359479624433193,0.0007876057643443346,0.002221923263823491
2024-11-01 15:00:00+00:00,-0.002952254,0.00028400885639712214,5.9446748282187616e-05,0.0007820051978342235,-0.0025388801090301502
2024-11-01 16:00:00+00:00,0.0054158275,0.00029042476671747863,0.0019903841047237986,0.000775886292103678,0.0039207031069243324
2024-11-01 17:00:00+00:00,0.0030201003,0.0002948814653791487,0.0016869613926535879,0.0007701112190261483,0.002226553688896479
2024-11-01 18:00:00+00:00,-0.0039207037,0.0002986914187204093,0.00020131357489989044,0.0007645895821042359,-0.002888272867143639
2024-11-02 10:00:00+00:00,0.0054034432,0.0003023309400305152,0.0009076236747324796,0.0007607204606756568,0.0041658815853347535
2024-11-02 11:00:00+00:00,-0.0014468408,0.00030844699358567595,0.0012324910483199763,0.0007536610937677324,-0.0010156062232730162
2024-11-02 12:00:00+00:00,0.0,0.00031488010426983237,0.0005275479968603203,0.0007467000395990908,0.0001451057309736269
2024-11-02 13:00:00+00:00,0.0014348921,0.0003230877628084272,0.001008847666298354,0.0007405129144899547,0.0012927502096870115
2024-11-02 14:00:00+00:00,0.0026372173,0.0003292759065516293,0.002002487708700887,0.00073458650149405,0.0022072107685447134
2024-11-02 15:00:00+00:00,2.3834493e-05,0.0003322524717077613,0.0007815961073773074,0.0007294304086826742,0.00026239638847525216
2024-11-02 16:00:00+00:00,0.0024043624,0.0003407357435207814,0.0023547798100636095,0.0007237897370941937,0.0021024958896854206
2024-11-02 17:00:00+00:00,-0.0019873506,0.0003483954642433673,-0.0005553071287117876,0.0007195064681582153,-0.0013308788683861017
2024-11-02 18:00:00+00:00,-0.001991308,0.00034820407745428383,-0.0010255233249724012,0.0007163201807998121,-0.0014467239179550616
2024-11-05 10:00:00+00:00,0.0073374533,0.00034922867780551314,0.0008718658354232831,0.0007128147408366203,0.005862127582567205
2024-11-05 11:00:00+00:00,-0.0007941729,0.0003458874998614192,0.00037140307959437495,0.0007048276602290571,-0.00048786543401451045
2024-11-05 12:00:00+00:00,0.003539282,0.00034804039751179516,0.0011593726550276414,0.0006982264458201826,0.0028764511472988115
2024-11-05 13:00:00+00:00,-0.00081564626,0.0003502442268654704,0.00044685529007168907,0.0006936811259947717,-0.0004209419388344629
2024-11-05 14:00:00+00:00,-0.0022138702,0.00035504435072652996,-0.0011196096279074217,0.0006889128708280623,-0.001516995038773855
2024-11-05 15:00:00+00:00,8.2960505e-05,0.000361864164005965,-0.0008108862325535,0.0006855651154182851,0.00013697785714777353
2024-11-05 16:00:00+00:00,-0.0016961319,0.0003716282662935555,-0.00013938250075716996,0.0006828759796917439,-0.0012396661742203824
2024-11-05 17:00:00+00:00,-0.0045450837,0.0003813291259575635,-0.00142184127095646,0.0006792118074372411,-0.003463008845762808
2024-11-05 18:00:00+00:00,0.0024297875,0.0003866231127176434,-0.0006124936957081296,0.0006747808656655252,0.0018727056939225365
2024-11-06 10:00:00+00:00,0.028925674,0.0003919927985407412,0.004034354003443572,0.0006727250292897224,0.022664767391338218
2024-11-06 11:00:00+00:00,0.0016051461,0.0003997677122242749,0.0020740907713867867,0.0006684096297249198,0.0017896896642889478
2024-11-06 12:00:00+00:00,-0.0013278144,0.00040410103974863887,-7.571690756927486e-05,0.000664573977701366,-0.0006174366411026437
2024-11-06 13:00:00+00:00,-0.0044117463,0.0004058952326886356,7.5629784237668e-05,0.0006620032945647836,-0.0031292913661063594
2024-11-06 14:00:00+00:00,-0.0023818526,0.0004058370541315526,0.0005669733880075039,0.0006613191799260676,-0.0016031789012610597
2024-11-06 15:00:00+00:00,-0.0040330156,0.00040821952279657125,-0.00020701698122059363,0.000648999004624784,-0.00285235686584818
2024-11-06 16:00:00+00:00,-0.0017651842,0.0004066147084813565,0.0007253969974465615,0.0006488381768576801,-0.001115578594626393
2024-11-06 17:00:00+00:00,-0.0017683057,0.0004046404210384935,-4.416918123959502e-05,0.0006477252463810146,-0.0010884020510585287
2024-11-06 18:00:00+00:00,0.0010074978,0.0004013681027572602,0.0005298812029273775,0.0006517294677905738,0.0012030149817608
2024-11-07 11:00:00+00:00,0.0,0.0003993593854829669,0.0007510714692967373,0.0006554665160365403,0.00042581216704301215
2024-11-07 12:00:00+00:00,-0.004647623,0.00039719993947073817,-0.0007173849420369123,0.0006598025793209672,-0.003908787792073588
2024-11-07 13:00:00+00:00,-0.005946569,0.0003936697030439973,-0.0015849440573106996,0.0006614021840505302,-0.005007991540042076
2024-11-07 14:00:00+00:00,0.006158294,0.00038853302248753607,0.00021849888226258617,0.0006632609874941409,0.0042972011541240925
2024-11-07 15:00:00+00:00,0.0028539067,0.0003841341531369835,0.0005522606834917963,0.0006667021079920232,0.0019455248358004453
2024-11-07 16:00:00+00:00,0.0002814259,0.00038197162211872637,0.00037263253853243335,0.0006644995883107185,1.6000781251171292e-05
2024-11-07 17:00:00+00:00,0.014144672,0.00037764781154692173,0.0030667294052822663,0.0006726437713950872,0.011035196685044142
2024-11-07 18:00:00+00:00,-0.0009367791,0.0003754724748432636,0.0029883028050135085,0.0006822178838774562,-0.0005464233391501388
2024-11-08 10:00:00+00:00,0.017548133,0.0003722894180100411,0.0019722164783068435,0.0006949437083676457,0.014420545434257852
2024-11-08 11:00:00+00:00,-0.003473669,0.00037240266101434827,-0.0005447885377112041,0.0006975649739615619,-0.0021083703456890603
2024-11-08 12:00:00+00:00,0.0006272918,0.0003718865045811981,-0.00011793658428781381,0.0006996949086897075,0.0009679709626966974
2024-11-08 13:00:00+00:00,-0.0045940313,0.0003713624901138246,-0.00010892022310546177,0.0006989013636484742,-0.0031208805172577465
2024-11-08 14:00:00+00:00,0.0007213562,0.0003701753739733249,-0.0003574006065553149,0.0007019878248684108,0.0012377630924839977
2024-11-08 15:00:00+00:00,0.0030970569,0.00036938657285645604,0.0006481633529798693,0.0007072858861647546,0.0030053609767471032
2024-11-08 16:00:00+00:00,-0.0011188621,0.0003681624075397849,0.0003187599273441721,0.0007034180453047156,-0.00035480200273870296
2024-11-08 17:00:00+00:00,0.0036032787,0.0003674275358207524,0.001024451238614344,0.0006993478164076805,0.0034295383689324326
2024-11-08 18:00:00+00:00,0.0022284386,0.00036705067032016814,0.0015206214154576386,0.0006938821752555668,0.00204584396973661
2024-11-11 10:00:00+00:00,0.015517466,0.00036704231752082705,0.0006791760230597746,0.0006946369539946318,0.013156932879469984
2024-11-11 11:00:00+00:00,0.005686648,0.0003681154048535973,0.002179448392812532,0.0006969089154154062,0.004996437193307878
2024-11-11 12:00:00+00:00,-0.003966093,0.0003686695417854935,0.0008066449925984983,0.0007051482098177075,-0.0028953064310188155
2024-11-11 13:00:00+00:00,0.0023080406,0.0003684041148517281,0.0008984530814192505,0.0007107722340151668,0.0021930781614048277
2024-11-11 14:00:00+00:00,-0.006099419,0.0003665828553494066,-0.00038374251695151974,0.0007163298432715237,-0.0045099477418266455
2024-11-11 15:00:00+00:00,0.0012877726,0.00036397395888343453,-0.00020439997334733694,0.0007184204878285527,0.0014054832612534387
2024-11-11 16:00:00+00:00,0.0036861666,0.00036164739867672324,0.001629806465170769,0.0007201633416116238,0.0034096620624286004
2024-11-11 17:00:00+00:00,-0.0033393113,0.00035859362105838954,9.878336949939632e-05,0.0007225738954730332,-0.002261729628584199
2024-11-11 18:00:00+00:00,0.0020674441,0.0003551906847860664,0.0007355609236955777,0.0007211226620711386,0.0020277446298470987
2024-11-12 10:00:00+00:00,-0.009421864,0.00035291179665364325,0.00022145502412827835,0.0007178121013566852,-0.007390617371850917
2024-11-12 11:00:00+00:00,0.0014752172,0.00035012626904062927,4.8138019644812584e-05,0.0007188332383520901,0.001124100885780131
2024-11-12 12:00:00+00:00,0.0028990414,0.0003473181277513504,0.000705402531457323,0.0007200660766102374,0.0021315215256832573
2024-11-12 13:00:00+00:00,-0.0015046546,0.00034343230072408915,0.0007482728369374983,0.0007243608124554157,-0.001348923912271116
2024-11-12 14:00:00+00:00,-0.0019008954,0.00033967150375247,-0.0011237722347918822,0.0007341262535192072,-0.0016745898147534361
2024-11-12 15:00:00+00:00,-0.002367105,0.000335102085955441,-0.0018754329341533825,0.0007426984957419336,-0.002080961215535103
2024-11-12 16:00:00+00:00,-0.0025197896,0.00033055117819458246,-0.0017248358514492085,0.0007512342417612672,-0.002176685237299495
2024-11-12 17:00:00+00:00,0.0049769594,0.00032660490251146257,0.001611753767786796,0.0007409456302411854,0.0036754568307894695
2024-11-12 18:00:00+00:00,-0.0019494612,0.00032101580291055143,6.068531301312351e-05,0.0007440306944772601,-0.00168770951197036
2024-11-13 10:00:00+00:00,-0.0026994534,0.00031489224056713283,-0.001013290236056477,0.0007446053205057979,-0.0023868289632882067
2024-11-13 11:00:00+00:00,0.002936296,0.00030905703897587955,0.0008310516529029087,0.0007458660402335227,0.0023567061969198616
2024-11-13 12:00:00+00:00,0.0016675872,0.0003034182882402092,0.0016757278981125528,0.0007474822923541069,0.0012623325993345981
2024-11-13 13:00:00+00:00,-0.00041663618,0.0002988221531268209,0.001060172381659187,0.000745360623113811,-0.0005317315443607537
2024-11-13 14:00:00+00:00,-0.0023905651,0.0002942779683507979,-5.963223160279258e-05,0.0007417863816954195,-0.002001759088639814
2024-11-13 15:00:00+00:00,0.0026270556,0.00028965677483938634,0.001257346686582428,0.0007352706743404269,0.0019943457223055632
2024-11-13 16:00:00+00:00,0.00085540314,0.00028525450034067035,0.001484003004560731,0.0007321739685721695,0.0006957754200525372
2024-11-13 17:00:00+00:00,-0.0042278594,0.0002803480310831219,-0.0006553984074074924,0.0007308410131372511,-0.0032411450941241962
2024-11-13 18:00:00+00:00,9.038118e-05,0.0002744810190051794,-0.00032851041522888156,0.0007302028243429959,5.7075229063853245e-05
2024-11-14 10:00:00+00:00,-0.011030129,0.00026777476887218654,-0.0007365976513604239,0.0007291774381883442,-0.00879532600674261
2024-11-14 11:00:00+00:00,-0.0027451492,0.0002605060290079564,-0.0011742454229556176,0.0007292578811757267,-0.002341345626897869
2024-11-14 12:00:00+00:00,0.00046949703,0.0002539913111831993,4.7373173842447363e-05,0.0007290085777640343,9.774008844442737e-05
2024-11-14 13:00:00+00:00,0.00011447804,0.00024745234986767173,0.00042913320185260185,0.0007277922122739255,-0.00019188654614935152
2024-11-14 14:00:00+00:00,-0.0023379491,0.00024197009042836726,-0.0014399925007127865,0.0007271336507983506,-0.002215085528849411
2024-11-14 15:00:00+00:00,-0.0011135923,0.00023766218509990722,-0.0012709899414176215,0.0007270399364642799,-0.00124099306130409
2024-11-14 16:00:00+00:00,-0.00020678247,0.00023415750183630735,-0.0014424733087368804,0.0007246565073728561,-0.000603815481786064
2024-11-14 17:00:00+00:00,-0.012567293,0.00022819956939201802,-0.0025050287832951907,0.0007283175364136696,-0.010474318703539516
2024-11-14 18:00:00+00:00,-0.0015485737,0.0002186312631238252,-0.0020296030898985054,0.0007291037472896278,-0.0018759847110964814
2024-11-15 10:00:00+00:00,0.0032689841,0.00020734003919642419,-0.0010792423616456225,0.0007290292996913195,0.0019513409943529877
2024-11-15 11:00:00+00:00,0.0035014122,0.00019571797747630626,0.0007303049277696376,0.0007286150939762592,0.0024073806257222446
2024-11-15 12:00:00+00:00,-0.0012739298,0.00018521684978622943,0.0009346555733655202,0.0007287927437573671,-0.001245662116813813
2024-11-15 13:00:00+00:00,-0.0015772874,0.00017558234685566276,0.000248757194236328,0.0007305084145627916,-0.0015715568753550022
2024-11-15 14:00:00+00:00,0.0007193661,0.00016951381985563785,0.0008841618308969106,0.0007348645594902337,0.00021995694486113117
2024-11-15 15:00:00+00:00,0.0055403085,0.00015997108130250126,0.0029700416013787798,0.0007419403991661966,0.0041073815259926386
2024-11-15 16:00:00+00:00,6.920415e-05,0.00015916638949420303,0.002382742867442512,0.0007328159990720451,-6.314691349901627e-05
2024-11-15 17:00:00+00:00,-0.009572445,0.00015318764781113714,-0.002468503782942621,0.0007348269573412836,-0.00772304076865927
2024-11-15 18:00:00+00:00,0.004844031,0.00014899640518706292,0.0012774727403333382,0.0007368525257334113,0.003702660590135516
2024-11-18 10:00:00+00:00,-0.010015923,0.0001501121005276218,0.001148616519915045,0.0007369729573838413,-0.008049310318971785
2024-11-18 11:00:00+00:00,0.001660722,0.0001529820146970451,0.0012167927268511179,0.0007385730277746916,0.0010266707128886573
2024-11-18 12:00:00+00:00,-0.006612447,0.00015255894686561078,-0.0005464644680171309,0.0007408879464492202,-0.005377841242593754
2024-11-18 13:00:00+00:00,0.001997721,0.00015379277465399355,0.0007890551038160684,0.0007426372030749917,0.0011876820978803059
2024-11-18 14:00:00+00:00,0.002438854,0.00015608148532919586,0.0011239110447780112,0.0007456419407390058,0.001653156820564394
2024-11-18 15:00:00+00:00,-0.0017112654,0.00015452635125257075,0.0009328442119835766,0.000745446071960032,-0.0015785319534729531
2024-11-18 16:00:00+00:00,0.00518339,0.00015230054850690067,0.0019196542503611938,0.0007450624252669513,0.0036189534347369485
2024-11-18 17:00:00+00:00,0.0021799835,0.0001493541058152914,0.0016559826455243253,0.0007468111580237746,0.0014230854860062584
2024-11-18 18:00:00+00:00,-0.0013400689,0.00014742667553946376,0.001188387238202085,0.0007473238511011004,-0.0011373349497920996
2024-11-19 10:00:00+00:00,-0.0072675673,0.00014767967513762414,-0.0014062350900646767,0.0007477993494831026,-0.005975773133411614
2024-11-19 11:00:00+00:00,-0.0063746646,0.0001474791206419468,-0.002758406323600155,0.0007481254287995398,-0.00512374631909514
2024-11-19 12:00:00+00:00,0.0019367264,0.00014591052604373544,0.0006985389469804197,0.0007484236266463995,0.0011384451916336242
2024-11-19 13:00:00+00:00,-0.00074354274,0.00014475060743279755,0.0008280563868681955,0.0007497826591134071,-0.0006738014716719033
2024-11-19 14:00:00+00:00,-0.0019618277,0.00014527395251207054,0.0003067328406638339,0.0007526689441874623,-0.001769814113538362
2024-11-19 15:00:00+00:00,-0.0036858646,0.00014693036791868508,-0.002364002954873114,0.0007537829806096852,-0.0031323917752171786
2024-11-19 16:00:00+00:00,-0.0086695235,0.00014950452896300703,-0.002799915912660762,0.0007529208669438958,-0.007050636533836333
2024-11-19 17:00:00+00:00,-0.005633006,0.0001510347647126764,-0.0013241185283833102,0.0007534574251621962,-0.005010430722139078
2024-11-19 18:00:00+00:00,-0.002254874,0.0001515125622972846,-0.0024858268965665753,0.000757491507101804,-0.002501567185541156
2024-11-20 10:00:00+00:00,0.00076023146,0.00015059317229315639,-0.002265266767176052,0.0007611233741044998,-0.0001689425780392934
2024-11-20 11:00:00+00:00,0.0017234631,0.00014963807188905776,-0.0012862475334117025,0.0007719120476394892,0.0006496710863704832
2024-11-20 12:00:00+00:00,0.0019488728,0.00014938572712708265,-2.8733587777204198e-05,0.0007848811219446361,0.001088965987252824
2024-11-20 13:00:00+00:00,0.0004205543,0.0001485731772845611,-0.00018992334391640863,0.0007990223239175975,-0.00015097786826688135
2024-11-20 14:00:00+00:00,0.0011646127,0.00014790677232667804,0.0007088988092713055,0.0008095527882687747,0.0004389499363678634
2024-11-20 15:00:00+00:00,-0.0032210017,0.00014769048721063882,0.00037078910833840477,0.0008085152949206531,-0.0028077309329845902
2024-11-20 16:00:00+00:00,-0.0069701844,0.00014963561261538416,-0.0021666869426753606,0.0008113752701319754,-0.005759490148950584
2024-11-20 17:00:00+00:00,-0.0067505776,0.0001515764743089676,-0.0027699176582066847,0.0008091064519248903,-0.005583908509504273
2024-11-20 18:00:00+00:00,-0.0037782728,0.0001539544900879264,-0.002885576839389867,0.0008029002929106355,-0.0033071211416702546
2024-11-21 10:00:00+00:00,-0.0055895923,0.00015560451720375568,-0.0025804510813155494,0.0007979587535373867,-0.004643797066492138
2024-11-21 11:00:00+00:00,-0.0031092712,0.00015610558330081403,-0.002635417148071985,0.0007958911592140794,-0.0028845275735200435
2024-11-21 12:00:00+00:00,0.00167922,0.00015573183191008866,-0.00013213500296877767,0.0008085822919383645,0.0005811081683986757
2024-11-21 13:00:00+00:00,0.00495943,0.00015509853255935013,0.001064150680931727,0.0008222285541705787,0.003080723002434831
2024-11-21 14:00:00+00:00,-0.0019537616,0.00015590453404001892,7.310457904430503e-05,0.0008358561899513006,-0.0020187678287185143
2024-11-21 15:00:00+00:00,-0.0038449261,0.00015755716594867408,-0.0005928170267322463,0.0008520949049852788,-0.003585793781491236
2024-11-21 16:00:00+00:00,0.0032420533,0.00015707002603448927,0.0009158659301488656,0.0008553292718715966,0.001710797922781163
2024-11-21 17:00:00+00:00,-0.013942388,0.00015707772399764508,-0.0024903548197471185,0.0008579928544349968,-0.010947603469570867
2024-11-21 18:00:00+00:00,0.0030156162,0.00015893469389993697,-0.0016110108489377026,0.0008550508064217865,0.0015894152502297968
2024-11-22 10:00:00+00:00,0.01766072,0.00016153605247382075,0.0025969248842386853,0.0008510001935064793,0.012868590765054227
2024-11-22 11:00:00+00:00,-0.0060449815,0.00016426014190074056,0.0016768011487184572,0.0008429783047176898,-0.004404356595961987
2024-11-22 12:00:00+00:00,0.004491246,0.00016415806021541357,0.0011241394227209079,0.0008371105650439858,0.003369713545219105
2024-11-22 13:00:00+00:00,-0.0012741508,0.0001648901670705527,0.0005638577207772713,0.0008264193893410265,-0.0009311067582871397
2024-11-22 14:00:00+00:00,-0.003094115,0.00016520853387191892,0.000425690868884459,0.0008070627227425575,-0.0024360286452200764
2024-11-22 15:00:00+00:00,-0.0027707159,0.00016762326413299888,0.0007555921455466515,0.0007857189630158246,-0.0022215062712299116
2024-11-22 16:00:00+00:00,-0.0027165876,0.0001695531391305849,-0.0002556383334667689,0.0007780736777931452,-0.0021409961266308846
2024-11-22 17:00:00+00:00,-0.02104236,0.00017023002146743238,-0.0035141449473928676,0.0007742081070318818,-0.015800486063177185
2024-11-22 18:00:00+00:00,0.0009718726,0.00017059787933249027,-0.0027802888810642716,0.0007736932602711022,0.00041638177336018623
2024-11-25 10:00:00+00:00,-0.008335704,0.00017227100033778697,-0.003091808498786965,0.000777084322180599,-0.0064304791367165515
2024-11-25 11:00:00+00:00,0.0010298858,0.00017354726151097566,-0.0019536345095958357,0.0007801370229572058,-0.00023938133173488256
2024-11-25 12:00:00+00:00,0.0013842239,0.00017216875858139247,-0.0010435172780785009,0.0007785104098729789,0.00027650963693905736
2024-11-25 13:00:00+00:00,-0.0006982221,0.00017226739146281034,-0.0010021453311721974,0.0007781044114381075,-0.0014522036173047832
2024-11-25 14:00:00+00:00,-0.0009783307,0.00017367425607517362,-0.0015895819741369435,0.00077523646177724,-0.0016888175732899192
2024-11-25 15:00:00+00:00,-0.006721664,0.00017538129759486765,-0.0023030860890092993,0.000764078926295042,-0.00577738824234756
2024-11-25 16:00:00+00:00,-0.0007297261,0.00017669705266598612,-0.002583732771909005,0.0007606147555634379,-0.0016609063021861238
2024-11-25 17:00:00+00:00,-0.019162232,0.00017892202595248818,-0.002330226936420718,0.00075722043402493,-0.01481367275650392
2024-11-25 18:00:00+00:00,0.0027377275,0.00018094416009262204,-0.001757247017532083,0.0007555604097433388,0.0009447331438229942
2024-11-26 10:00:00+00:00,-0.00397869,0.00018092303071171045,-0.0015127544866986285,0.000754555338062346,-0.003717598505363264
2024-11-26 11:00:00+00:00,0.002949662,0.00017947700689546764,0.0005169630341783297,0.0007544480031356215,0.0013523599970354425
2024-11-26 12:00:00+00:00,-0.0027144141,0.0001756318233674392,-0.0006525322226039627,0.0007553247851319611,-0.0025935976909406584
2024-11-26 13:00:00+00:00,-0.0020668462,0.00017020544328261167,-0.0007075957396130983,0.000755749992094934,-0.002297584211006426
2024-11-26 14:00:00+00:00,-0.009578768,0.00016391243843827397,-0.002697006046922283,0.0007574568735435605,-0.007742089160099197
2024-11-26 15:00:00+00:00,-0.0054884735,0.00016141725063789636,-0.0013360489287154568,0.0007558706565760076,-0.005111356608025567
2024-11-26 16:00:00+00:00,-0.0015965094,0.0001568666921230033,-0.0017279988348236834,0.0007580057135783136,-0.002284036929852605
2024-11-26 17:00:00+00:00,-0.019156,0.0001527778513263911,-0.002542930377909541,0.0007571470341645181,-0.014584350345634564
2024-11-26 18:00:00+00:00,0.0029002812,0.0001492900337325409,-0.002241976271118828,0.0007607467705383897,0.0007896736127999485
2024-11-27 10:00:00+00:00,-0.012898659,0.00014422544336412102,-0.0023527796620689324,0.000762498180847615,-0.0099669767381942
2024-11-27 11:00:00+00:00,0.0062044943,0.00013919822231400758,-0.0009062898761923316,0.0007660011760890484,0.002782215996703651
2024-11-27 12:00:00+00:00,0.015881395,0.00013140920782461762,0.0008203194872336344,0.0007660082192160189,0.009647242379166664
2024-11-27 13:00:00+00:00,-0.0009390932,0.00012408375914674252,0.0009169949340853754,0.0007653465727344155,-0.001521018283110004
2024-11-27 14:00:00+00:00,0.008473494,0.00011681204341584817,0.0010272803704496943,0.0007658450049348176,0.004832314867656446
2024-11-27 15:00:00+00:00,-0.015882932,0.00011027030268451199,-0.0010843070708354153,0.0007623256533406675,-0.01152030466875074
2024-11-27 16:00:00+00:00,0.009835858,0.0001033595617627725,0.0008663712400190333,0.0007620547548867762,0.005987686892917967
2024-11-27 17:00:00+00:00,-0.0019299333,9.631216380512342e-05,0.0012307774520492754,0.0007574207265861332,-0.0017519714595116435
2024-11-27 18:00:00+00:00,-0.025324,8.868258737493306e-05,-0.0029567853055977667,0.0007560772355645895,-0.01736040873337085
2024-11-28 10:00:00+00:00,0.020226648,8.482954581268132e-05,0.002178830380461221,0.0007569914450868964,0.01329179853613053
2024-11-28 11:00:00+00:00,0.00047182213,7.888735126471147e-05,0.00149881537946258,0.0007547312416136265,0.0007821873696723499
2024-11-28 12:00:00+00:00,-0.0032398312,7.445606024703011e-05,0.0008772390550544271,0.0007549908477813005,-0.0019720684037353945
2024-11-28 13:00:00+00:00,-0.0032910581,7.026137609500438e-05,0.00014268161819389497,0.0007532364106737077,-0.002701171310790091
2024-11-28 14:00:00+00:00,-0.0068333056,6.57894488540478e-05,-0.0010449942012460698,0.0007517726626247168,-0.005313827525037686
2024-11-28 15:00:00+00:00,-0.0012710737,6.115055293776095e-05,-0.0002540381719604955,0.0007514756871387362,-0.0018515559435876992
2024-11-28 16:00:00+00:00,0.0037538863,5.5637661716900766e-05,0.0007716734022876465,0.000754188047721982,0.00196152916464733
2024-11-28 17:00:00+00:00,-0.0074670077,4.9779031542129815e-05,-0.0006016143980148965,0.0007609417662024498,-0.005884931830124511
2024-11-28 18:00:00+00:00,0.005462138,4.578883817885071e-05,0.00033754411781315914,0.0007678733672946692,0.0027622613773310737
2024-11-29 10:00:00+00:00,0.0022364662,3.9765207475284114e-05,0.00101612098764589,0.0007784597692079842,0.001578432570067341
2024-11-29 11:00:00+00:00,0.007153019,3.325345096527599e-05,0.00152505406133605,0.0007852030103094876,0.004253571819597941
2024-11-29 12:00:00+00:00,0.0014731026,2.741120806604158e-05,0.0012393771039783982,0.0007983946125023067,0.0006631178274429867
2024-11-29 13:00:00+00:00,-0.0025015057,2.1638274120050482e-05,0.0009769930760737155,0.0008129500201903284,-0.0020490590014138267
2024-11-29 14:00:00+00:00,0.0020557493,1.5430141502292827e-05,0.0009811799648953557,0.0008321793284267187,0.0011110206860444132
2024-11-29 15:00:00+00:00,-0.00022970955,1.1641325727396179e-05,0.0008499782895057083,0.0008451360045000911,-0.00010007306174739295
2024-11-29 16:00:00+00:00,-0.0042523867,8.424692168773618e-06,0.000695890161813715,0.000861001608427614,-0.0027978837218852175
2024-11-29 17:00:00+00:00,0.019673822,6.65653442410985e-06,0.0036212215544346514,0.0008751626592129469,0.013479274229205732
2024-11-29 18:00:00+00:00,0.003055953,5.6050766943371855e-06,0.002597860113143931,0.0008931991178542376,0.002958042992979496
2024-12-02 10:00:00+00:00,0.0061895135,5.896082257095259e-06,0.0016331230288014703,0.000910067989025265,0.004990610152052651
2024-12-02 11:00:00+00:00,-0.0018079251,6.5724771047825925e-06,0.0010234973442144282,0.0009282371029257774,-0.00045419157593317523
2024-12-02 12:00:00+00:00,-0.0011101274,5.582794074143749e-06,0.0008255973395709813,0.0009439127752557397,-0.0003908283842976187
2024-12-02 13:00:00+00:00,-0.0006216808,3.924090378859546e-06,0.00032059039954919217,0.0009581811027601361,-3.403906906621409e-05
2024-12-02 14:00:00+00:00,0.0010976006,1.7353188468405278e-06,0.0005877905922129674,0.0009705198463052511,0.0012245328095096023
2024-12-02 15:00:00+00:00,-0.0021566702,-2.0695558760053245e-06,4.993540246756928e-06,0.0009782088454812765,-0.0011027182561051591
2024-12-02 16:00:00+00:00,0.00084734545,-8.36092385725351e-06,0.0004181438221050993,0.0009875920368358493,0.001028093889930816
2024-12-02 17:00:00+00:00,0.0058850865,-1.3768135431746487e-05,0.0024865611023170264,0.0009935172274708748,0.004764159230431462
2024-12-02 18:00:00+00:00,0.0003157064,-1.819696626625955e-05,0.0016031510194630197,0.000996720395050943,0.0004028636885031572
2024-12-03 10:00:00+00:00,-0.007498583,-2.33388964261394e-05,-0.0021936160317756657,0.0009994867723435163,-0.0051698595536881975
2024-12-03 11:00:00+00:00,-0.0053945733,-2.850785676855594e-05,-0.0003229796017072295,0.001002004835754633,-0.004155201516207175
2024-12-03 12:00:00+00:00,-1.3323119e-05,-3.6415331123862416e-05,-0.00020417727876870494,0.001004602643661201,-0.00039673333356741194
2024-12-03 13:00:00+00:00,0.0020097834,-4.3741609260905534e-05,-0.000918704562650457,0.0010063742520287633,0.0011086382138188965
2024-12-03 14:00:00+00:00,-1.3296546e-05,-5.037346272729337e-05,6.858785449776946e-05,0.0010069108102470636,-0.0002615705825621776
2024-12-03 15:00:00+00:00,-0.007473976,-5.836564378114417e-05,-0.002494026370514001,0.0010063264053314924,-0.00567832798255678
2024-12-03 16:00:00+00:00,-0.00080410636,-6.829573976574466e-05,-0.0017708430890356615,0.0010094842873513699,-0.0010171864509175752
2024-12-03 17:00:00+00:00,0.010137881,-7.751912926323712e-05,0.0027091913052561495,0.0010108996648341417,0.006604462453802623
2024-12-03 18:00:00+00:00,-6.636184e-05,-8.323913789354265e-05,0.001259968679259796,0.0010128653375431895,-0.0005053279868689873
2024-12-04 10:00:00+00:00,-0.004496303,-8.922818960854784e-05,3.336813139636977e-05,0.0010156459175050259,-0.0034666783889078364
2024-12-04 11:00:00+00:00,0.0094744675,-9.581630729371682e-05,0.002196402032174989,0.001017215196043253,0.006344169715779063
2024-12-04 12:00:00+00:00,-0.00083238096,-0.0001031414358294569,0.0008535692032632057,0.001017848844639957,-0.0005216009319921914
2024-12-04 13:00:00+00:00,-0.0013491352,-0.00010953423770843074,-4.596204147256185e-05,0.0010189622407779098,-0.0008105688869606169
2024-12-04 14:00:00+00:00,0.0028020479,-0.00011601551523199305,0.0006876458704337237,0.0010189120657742023,0.001939755276334488
2024-12-04 15:00:00+00:00,-0.00683383,-0.0001234020892297849,0.0005268455774933958,0.0010176030918955803,-0.004747696383155309
2024-12-04 16:00:00+00:00,-0.0057574827,-0.00012940065062139183,-0.0007819749231377862,0.0010193740017712116,-0.0038103057822269585
2024-12-04 17:00:00+00:00,0.01215566,-0.00013419111201073974,0.0017705690140147824,0.001020597293972969,0.008487056483966597
2024-12-04 18:00:00+00:00,-0.008113958,-0.00013676854723598808,0.0014028632564324203,0.0010209092870354652,-0.005671657950826064
2024-12-05 10:00:00+00:00,-0.0029729987,-0.00014024440315552056,-0.0012673452317355175,0.0010226727463304996,-0.0022238795703325783
2024-12-05 11:00:00+00:00,-0.0044694305,-0.00014331798593048006,-0.001475859352467833,0.001024884171783924,-0.0032124856185598654
2024-12-05 12:00:00+00:00,0.0012732794,-0.00014962247223593295,0.00014185504496814773,0.0010274645173922181,0.0004006579096501038
2024-12-05 13:00:00+00:00,-0.0035020665,-0.00015434181841555983,-0.0009388971208377378,0.0010310373036190867,-0.0028815940624933715
2024-12-05 14:00:00+00:00,-0.0044455295,-0.00016033365682233125,-0.001965060988623962,0.0010348503710702062,-0.0035480955642243172
2024-12-05 15:00:00+00:00,-0.0022166665,-0.00016688850882928818,-0.0020868213779587854,0.0010350813390687108,-0.0022748749998668456
2024-12-05 16:00:00+00:00,0.012024355,-0.00017119018593803048,0.0023974432923243717,0.0010382513282820582,0.00763429077966395
2024-12-05 17:00:00+00:00,0.016915629,-0.00017316955199930817,0.004816909902760714,0.0010400171158835292,0.011798828876484438
2024-12-05 18:00:00+00:00,0.005701905,-0.00017190066864714026,0.002221513125413623,0.0010425776708871126,0.004063266435065137
2024-12-06 10:00:00+00:00,0.013592051,-0.0001688604970695451,0.0018077229648108606,0.0010435107396915555,0.010155336079174201
2024-12-06 11:00:00+00:00,-0.006299213,-0.00016409494855906814,0.00020284957184389888,0.0010430105030536652,-0.0036188266515406083
2024-12-06 12:00:00+00:00,-0.006234686,-0.0001616659719729796,-0.0005911531375934965,0.0010439864126965404,-0.003729615237731417
2024-12-06 13:00:00+00:00,0.00092659664,-0.00015986077778507024,-7.643060727409784e-05,0.0010468274122104049,0.0012744012100476048
2024-12-06 14:00:00+00:00,0.009102718,-0.00015619878831785172,0.0018412365307569473,0.0010498453630134463,0.007328580221277187
2024-12-06 15:00:00+00:00,0.0018854772,-0.00015522008470725268,0.0021919601225159424,0.0010505077661946416,0.002615560056625222
2024-12-06 16:00:00+00:00,-0.0013814743,-0.0001528795837657526,0.0009493169005617077,0.0010451297275722027,0.00034174244092572965
2024-12-06 17:00:00+00:00,0.038151767,-0.00014939061657059938,0.002535230446709287,0.001045410055667162,0.029062969795425116
2024-12-06 18:00:00+00:00,-0.0005971189,-0.00014082100824452937,0.002301910699765942,0.0010421589249745011,0.0011536316331951985
2024-12-09 10:00:00+00:00,0.009782512,-0.00012918698485009372,0.002413874089644129,0.0010413577547296882,0.008596734815819223
2024-12-09 11:00:00+00:00,-0.0033202735,-0.00011600829748203978,0.002217020335169806,0.0010405140928924084,-0.001461909631911268
2024-12-09 12:00:00+00:00,-0.0020049016,-0.00010655387450242415,0.0013853660389797587,0.0010410721879452467,-0.00042347382709189617
2024-12-09 13:00:00+00:00,0.00037158147,-9.76267401711084e-05,0.0007668043464090809,0.0010401385370641947,0.0017252955473426633
2024-12-09 14:00:00+00:00,0.002177168,-8.922967390390113e-05,0.0012941395660523726,0.0010371614480391145,0.0031977731601343174
2024-12-09 15:00:00+00:00,0.006319039,-8.064974099397659e-05,0.002382134695394853,0.001032831845805049,0.006027499744637987
2024-12-09 16:00:00+00:00,0.0055225417,-6.795213266741484e-05,0.002418273917758608,0.0010273007210344076,0.005595322115422438
2024-12-09 17:00:00+00:00,-0.0030452593,-5.4819334764033556e-05,0.0018180302767841527,0.0010238290997222066,-0.0006610173117680031
2024-12-09 18:00:00+00:00,-0.0009926289,-4.21282893512398e-05,0.001057518885238803,0.001013091066852212,-0.0003890504288368809
2024-12-10 10:00:00+00:00,-0.012026269,-3.149460826534778e-05,-0.00102288441009141,0.0010015155421569943,-0.008748472992377979
2024-12-10 11:00:00+00:00,0.00042182053,-2.2578278731089085e-05,0.0002324778115351399,0.000986943719908595,6.990628701468234e-05
2024-12-10 12:00:00+00:00,-0.0042511467,-1.6646081348881125e-05,0.0005223854230548797,0.00097347964765504,-0.0033074588114673643
2024-12-10 13:00:00+00:00,0.0007471236,-1.0832512089109514e-05,-0.001439719485033583,0.0009592740098014474,0.0005553051296575675
2024-12-10 14:00:00+00:00,-0.0042536003,-6.598173968086485e-06,-0.0013217280178821995,0.0009443636517971754,-0.0031911807002937137
2024-12-10 15:00:00+00:00,-0.0008003502,-1.7433201264793752e-06,-0.0010618664478346154,0.0009231873555108905,-0.0009983363282973494
2024-12-10 16:00:00+00:00,0.002573843,3.423515636313823e-06,8.143705042189334e-05,0.0009071636595763266,0.001477257976690252
2024-12-10 17:00:00+00:00,-0.008584389,8.297048225358594e-06,-0.002092841178577121,0.0008865778218023479,-0.006871997564492462
2024-12-10 18:00:00+00:00,-0.00010069226,1.1999184607702773e-05,-0.0012820077572165717,0.0008717944729141891,-0.0007472082935133144
2024-12-11 10:00:00+00:00,-0.0057309642,1.7338395991828293e-05,-0.0023378316563575003,0.0008566182223148644,-0.0048530218814464895
2024-12-11 11:00:00+00:00,0.00056951575,2.012802542594727e-05,-0.001382746420466472,0.0008449917077086866,-1.744466109863788e-05
2024-12-11 12:00:00+00:00,0.0037506912,2.382147613388952e-05,0.0002047000275435427,0.00083287333836779,0.0022175932924477504
2024-12-11 13:00:00+00:00,-0.0049660504,2.762569420156069e-05,-0.0017288337714530357,0.0008215461857616901,-0.0039155572812413055
2024-12-11 14:00:00+00:00,0.0019109938,3.1685525755165145e-05,-0.0003279079520340757,0.0008142452570609748,0.0009284310545459027
2024-12-11 15:00:00+00:00,0.00045506257,3.42301900673192e-05,0.0006913006494075099,0.0008054120116867125,-7.695099760887146e-05
2024-12-11 16:00:00+00:00,0.0037967465,3.785859007621184e-05,0.0012431277736061864,0.0007957278867252171,0.0024260671041637103
2024-12-11 17:00:00+00:00,-0.032253638,4.190367690171115e-05,-0.0022247683861040452,0.0007860488258302212,-0.023726801023102283
2024-12-11 18:00:00+00:00,-0.003438578,4.6147517423378304e-05,-0.0017907758054126882,0.0007783938199281693,-0.0034226929645256744
2024-12-12 10:00:00+00:00,0.013297758,4.8272384447045624e-05,0.002538597450663944,0.0007703380542807281,0.008666089873076386
2024-12-12 11:00:00+00:00,-0.0047621904,5.138431515661068e-05,-5.375210921321208e-05,0.0007633254281245172,-0.003872805416107821
2024-12-12 12:00:00+00:00,-0.00059525354,5.337482434697449e-05,0.0002725230552853464,0.0007584250415675342,-0.0009798934473133308
2024-12-12 13:00:00+00:00,-0.0036569275,5.551575304707512e-05,0.00024523303714650926,0.0007532236049883068,-0.0033543311498832147
2024-12-12 14:00:00+00:00,-0.0029273834,5.7749421102926135e-05,-0.0016664087627109917,0.0007508377893827856,-0.002757721619192081
2024-12-12 15:00:00+00:00,0.0034209413,5.892475019209087e-05,0.00036950722930250237,0.0007463402580469847,0.0015551068390024364
2024-12-12 16:00:00+00:00,-0.0055209193,6.187315739225596e-05,-0.0023224228799123827,0.0007422482594847679,-0.004851461473465143
2024-12-12 17:00:00+00:00,-0.012680103,6.375207885866985e-05,-0.002597750825620584,0.000741062278393656,-0.010078156698291357
2024-12-12 18:00:00+00:00,-0.0010981669,6.620531348744407e-05,-0.002232285406930035,0.0007397732697427273,-0.0014522359030234306
2024-12-13 10:00:00+00:00,-0.005083126,6.83015096001327e-05,-0.0022133777553785604,0.0007386283832602203,-0.004267233167881447
2024-12-13 11:00:00+00:00,-0.0025045974,6.822072464274243e-05,-0.002537111882910293,0.0007379739545285702,-0.002757781843291997
2024-12-13 12:00:00+00:00,-0.0012279439,6.83454200043343e-05,-0.002177043598093562,0.0007361741154454648,-0.001862882968614294
2024-12-13 13:00:00+00:00,0.0042114304,6.908866635058075e-05,0.0007107279376836725,0.0007358315633609891,0.002021477444872198
2024-12-13 14:00:00+00:00,-0.0019569087,6.878225394757465e-05,-0.0010398270011195449,0.0007374350680038333,-0.00215241856899507
2024-12-13 15:00:00+00:00,0.0033257979,6.793070497224107e-05,0.00044881759565027125,0.0007385436329059303,0.0016002015082048418
2024-12-13 16:00:00+00:00,-0.003952285,6.917632708791643e-05,-0.000871105145192404,0.0007395048742182553,-0.003545711616640056
2024-12-13 17:00:00+00:00,0.0073597142,7.107212877599522e-05,0.0012928096215338478,0.0007399849710054696,0.00433672617819986
2024-12-13 18:00:00+00:00,0.001864525,7.454732258338481e-05,0.0019083923963652191,0.0007406506920233369,0.0011059595714889238
2024-12-16 10:00:00+00:00,-0.008997592,7.981099770404398e-05,-0.0012354322868662242,0.0007407650118693709,-0.00652969597843907
2024-12-16 11:00:00+00:00,-0.005118724,8.507040911354125e-05,-0.0026666596650339117,0.0007421234040521085,-0.003804742045352534
2024-12-16 12:00:00+00:00,-0.0031537511,9.126133954850957e-05,-0.0028050533389373253,0.0007439738255925477,-0.0024503148700473444
2024-12-16 13:00:00+00:00,-0.0014392653,9.647093975218013e-05,-0.0020769556752514577,0.0007463691290467978,-0.0011599115012032048
2024-12-16 14:00:00+00:00,-0.0032358125,9.93323337752372e-05,-0.0019200215969072993,0.0007492692093364894,-0.00273279137041069
2024-12-16 15:00:00+00:00,-0.0015406866,9.86139930319041e-05,-0.0019612912038359446,0.0007523019448854029,-0.0014779008022920098
2024-12-16 16:00:00+00:00,0.0031868664,9.612438589101657e-05,0.0007442625385656451,0.000752860854845494,0.0016586094015914536
2024-12-16 17:00:00+00:00,0.0010241208,9.290315938415006e-05,0.0007702031723361156,0.0007512099691666663,0.0002170254537825022
2024-12-16 18:00:00+00:00,-0.002170763,9.116990258917212e-05,-0.0007279807644780236,0.0007492275908589363,-0.0021158560646890173
2024-12-17 10:00:00+00:00,-0.0070843026,9.007027256302536e-05,-0.0003611300859140489,0.0007467379327863455,-0.005702718897824089
2024-12-17 11:00:00+00:00,-0.0035951668,8.754133887123317e-05,-0.0013550632297801423,0.0007461268687620759,-0.003127523360866235
2024-12-17 12:00:00+00:00,0.005699959,8.453558984911069e-05,0.0010080834098940394,0.0007471750141121447,0.003359144219717538
2024-12-17 13:00:00+00:00,-0.00369651,8.221884490922093e-05,-0.00031313925197795086,0.00074664136627689,-0.002799098063679564
2024-12-17 14:00:00+00:00,-0.0055978955,7.725158502580598e-05,-0.002000550314278376,0.0007476920145563781,-0.00424669345024564
2024-12-17 15:00:00+00:00,-0.0009314686,6.859464338049293e-05,-0.0019927894646921034,0.000749468628782779,-0.0010899575392930199
2024-12-17 16:00:00+00:00,-0.0033357388,5.896620496059768e-05,-0.0020474300672895726,0.0007488789851777256,-0.0027191796941256094
2024-12-17 17:00:00+00:00,0.0021290192,4.8510140914004296e-05,0.0008005054727550441,0.0007487015682272613,0.0006829431124593356
2024-12-17 18:00:00+00:00,-0.0024040618,3.834720700979233e-05,-0.0014060192195016325,0.0007484262459911406,-0.0023573572247511747
2024-12-18 10:00:00+00:00,0.006060874,2.857146319001913e-05,0.001280406409531058,0.0007501770742237568,0.003472308306392909
2024-12-18 11:00:00+00:00,-0.003012133,1.8926477423519827e-05,0.0002832744814862115,0.0007533282041549683,-0.002374611657577679
2024-12-18 12:00:00+00:00,0.001712552,1.0562341230979655e-05,0.0010632053398265437,0.0007611194159835577,0.0009261532371837213
2024-12-18 13:00:00+00:00,-0.00072576397,2.4187568214983912e-06,0.0009748609921465552,0.0007640884141437709,-0.0009310538142889219
2024-12-18 14:00:00+00:00,0.0006983862,-6.781855518056545e-06,0.0010391343539387793,0.0007644250290468335,0.00013323446861532277
2024-12-18 15:00:00+00:00,-0.00015059108,-1.574159978190437e-05,0.0013608958715669187,0.0007642679265700281,-0.00017573260175904416
2024-12-18 16:00:00+00:00,-8.2150145e-05,-2.1780142560601234e-05,0.0008027345195025779,0.0007658276590518653,-0.0001558398340376068
2024-12-18 17:00:00+00:00,0.008711296,-2.5962704967241734e-05,0.0040593155508621154,0.000763467513024807,0.005869915052639253
2024-12-18 18:00:00+00:00,0.002399627,-2.8486232622526586e-05,0.004138889477270433,0.0007630536565557122,0.0018178195967071581
2024-12-19 10:00:00+00:00,0.0054017687,-3.0571936804335564e-05,0.000273414951104558,0.0007623262936249375,0.004183896027095889
2024-12-19 11:00:00+00:00,0.009156603,-3.3927688491530716e-05,0.0022547786906164263,0.0007673848303966224,0.006671068116465981
2024-12-19 12:00:00+00:00,0.002984878,-3.548365202732384e-05,0.0010602071360102136,0.0007721697329543531,0.0027395108370666253
2024-12-19 13:00:00+00:00,-0.002531242,-3.65029918611981e-05,0.0004725514314122121,0.0007790481904521585,-0.0010799563873992897
2024-12-19 14:00:00+00:00,-0.0028586714,-3.88513581128791e-05,-0.00029325307104911255,0.0007872088463045657,-0.001350318250523388
2024-12-19 15:00:00+00:00,0.0040051853,-4.072389128850773e-05,0.00031468881020805346,0.0007822295883670449,0.003349880549018821
2024-12-19 16:00:00+00:00,-0.0065903603,-4.611373151419684e-05,-1.4763257652128766e-05,0.0007829298265278339,-0.003940978103812669
2024-12-19 17:00:00+00:00,-0.010489371,-5.157812120160088e-05,-0.0015952987298684185,0.0007876871968619525,-0.006776358662951765
2024-12-19 18:00:00+00:00,-0.0023882552,-5.502071144292131e-05,-0.00022458283852363586,0.0007899982156231999,-0.0016640815999860216
2024-12-20 10:00:00+00:00,0.0022798218,-5.923669959884137e-05,0.0005583332000438698,0.0007954013417474926,0.0013218085634412134
2024-12-20 11:00:00+00:00,0.0036261338,-6.400782149285078e-05,0.0013296460789059055,0.0008006831048987806,0.0022291209109348425
2024-12-20 12:00:00+00:00,0.0060726614,-6.679318903479725e-05,0.0015341707112103134,0.0008027422009035945,0.0037559109238196934
2024-12-20 13:00:00+00:00,0.039934002,-7.129084406187758e-05,0.0034198917407443465,0.0008045181166380644,0.027868043698264365
2024-12-20 14:00:00+00:00,0.009755173,-6.844517338322476e-05,0.0023964598283356345,0.0008048791787587106,0.007973045929221526
2024-12-20 15:00:00+00:00,0.00950911,-6.428965571103618e-05,0.0021867722702882814,0.0008024838753044605,0.008098803601998314
2024-12-20 16:00:00+00:00,0.0072488296,-5.972629878669977e-05,0.0012100070986678188,0.0008068850147537887,0.006725553851260993
2024-12-20 17:00:00+00:00,0.015826665,-5.2969742682762444e-05,0.002428572728050994,0.0008090959745459259,0.013654502183442987
2024-12-20 18:00:00+00:00,0.004084081,-4.323742905398831e-05,0.002202592491438996,0.0008106536697596312,0.005874354449248592
2024-12-23 10:00:00+00:00,0.028334359,-3.6474149965215474e-05,0.0024129502209559997,0.0008131138747557998,0.024889748286709326
2024-12-23 11:00:00+00:00,-0.00023941774,-2.778837369987741e-05,0.0014904994885658704,0.0008138399571180344,0.003782613090751633
2024-12-23 12:00:00+00:00,-0.0069922796,-1.848076135502197e-05,0.000958488852267823,0.0008162944577634335,-0.0018457945483393167
2024-12-23 13:00:00+00:00,0.0024203903,-9.208874871546868e-06,0.0007798692951706848,0.0008161480654962361,0.0050721314403331655
2024-12-23 14:00:00+00:00,8.418673e-05,-1.8360631202085642e-06,0.0007769422156686086,0.000816847721580416,0.0018956250253282239
2024-12-23 15:00:00+00:00,0.0019343412,4.99160432809731e-06,0.0010052125136350378,0.0008154428796842694,0.0030043882721968677
2024-12-23 16:00:00+00:00,0.0043356474,1.2034904102620203e-05,0.0015936993641509458,0.0008163409656845033,0.004567399997559892
2024-12-23 17:00:00+00:00,0.004626271,2.1245677999104373e-05,0.0021998157386150683,0.0008185685146600008,0.004763857884942365
2024-12-23 18:00:00+00:00,-0.0033483305,3.1443512853002176e-05,0.0010766849504465598,0.0008212401298806071,-0.0017967094735741105
2024-12-24 10:00:00+00:00,-0.005169578,4.267936310498044e-05,-0.0002527215962639529,0.0008230609237216413,-0.00335007703547984
2024-12-24 11:00:00+00:00,0.0071608624,5.235974458628334e-05,0.0010136051324475775,0.0008235677378252149,0.00532029452355351
2024-12-24 12:00:00+00:00,-0.0012276887,6.175436283228919e-05,0.000781447911068317,0.0008243130869232118,-0.0008297529126418032
2024-12-24 13:00:00+00:00,0.00035773483,7.182651461334899e-05,3.3543072141533226e-06,0.0008258025045506656,0.0005554503648187288
2024-12-24 14:00:00+00:00,0.002393528,7.919621566543356e-05,0.0007868824137153011,0.0008266158984042704,0.002116979383280067
2024-12-24 15:00:00+00:00,-0.0021670286,8.396471821470186e-05,0.00020136838012773024,0.0008249577949754894,-0.0013919665162355557
2024-12-24 16:00:00+00:00,-0.0061095725,8.993443771032616e-05,-0.00021841297763805018,0.0008219951996579766,-0.004497658064852124
2024-12-24 17:00:00+00:00,0.019865176,9.760890679899603e-05,0.0036585122530561434,0.0008160537690855563,0.015192229093311365
2024-12-24 18:00:00+00:00,-0.002094907,0.00010647558519849554,0.002270171022126639,0.0008085601730272174,-0.001457911807722588
2024-12-25 10:00:00+00:00,-0.0066669276,0.00011517218081280589,-1.357018157222799e-05,0.0008011737372726202,-0.004975377518018508
2024-12-25 11:00:00+00:00,0.0052757463,0.00011966131569352001,0.0011028366369080348,0.0007925576064735651,0.0042763567303904714
2024-12-25 12:00:00+00:00,0.0061044293,0.0001262250152649358,0.0022191580880315284,0.0007853254792280495,0.00485277094235549
2024-12-25 13:00:00+00:00,0.005612737,0.00012998089368920773,0.0024817251095698547,0.0007796119898557663,0.004817801135696112
2024-12-25 14:00:00+00:00,-0.0009332712,0.000131866370793432,0.0024724426866082564,0.0007746510091237724,-0.0002632602070867938
2024-12-25 15:00:00+00:00,0.004262611,0.0001331344392383471,0.0024942870630124273,0.0007682145806029439,0.0036792322748881146
2024-12-25 16:00:00+00:00,0.0065909736,0.00013639286044053733,0.0023435000865655795,0.0007627216982655227,0.005820312886521641
2024-12-25 17:00:00+00:00,-0.0018952313,0.00014014070620760322,0.0014006249843304,0.0007564252591691911,-0.0007260846226952311
2024-12-25 18:00:00+00:00,-0.00030079365,0.00014362148067448288,0.0009933963232495607,0.0007508425624109805,-6.903608752957671e-05
2024-12-26 10:00:00+00:00,0.012190364,0.00014664771151728928,0.0015804487808246308,0.0007450669072568417,0.01013108354926871
2024-12-26 11:00:00+00:00,-0.007987465,0.00014935803483240306,-7.460484171844026e-05,0.000739593175239861,-0.005705869088698788
2024-12-26 12:00:00+00:00,0.006214161,0.00015242064546328038,0.0011295486386493738,0.000734844186808914,0.005249528599066006
2024-12-26 13:00:00+00:00,-0.0005383334,0.00015520617307629436,0.0009262619707212828,0.0007307458436116576,4.827014052177864e-05
2024-12-26 14:00:00+00:00,0.00042381862,0.00015624240040779114,0.0010366496856695274,0.0007278853445313871,0.0005879952016626328
2024-12-26 15:00:00+00:00,0.0025619925,0.000158034308697097,0.0014495161768771911,0.0007245877059176564,0.0023499063349113523
2024-12-26 16:00:00+00:00,-0.0012001167,0.00015999058086890727,0.0008236053806021694,0.0007216082885861397,-0.0006593531489911607
2024-12-26 17:00:00+00:00,0.0035048698,0.0001613921922398731,0.0022114686270075143,0.0007182587287388742,0.002925936174842814
2024-12-26 18:00:00+00:00,0.00095685065,0.0001615660439711064,0.002203979454040003,0.0007154944469220936,0.001046511973477947
2024-12-27 10:00:00+00:00,-0.0025193954,0.0001625866862013936,0.0010018195055723237,0.0007128209690563381,-0.001723450467829482
2024-12-27 11:00:00+00:00,4.565637e-05,0.00016250066983047873,0.0011838587435007452,0.000709523621480912,8.742189948950297e-05
2024-12-27 12:00:00+00:00,0.0010837265,0.00016206891450565308,0.0013368349809482804,0.0007059067138470709,0.0009359911677156628
2024-12-27 13:00:00+00:00,-0.0046282886,0.0001604780409252271,-2.4368494843307194e-05,0.0007024548249319196,-0.003696822861352834
2024-12-27 14:00:00+00:00,0.0022768236,0.0001580004027346149,-1.864020379140454e-05,0.0007000580080784857,0.0017200399657805372
2024-12-27 15:00:00+00:00,0.0016899612,0.00015548359078820795,0.0011770418153239826,0.0006968291709199548,0.0012832540505094147
2024-12-27 16:00:00+00:00,-0.00066194177,0.0001524401450296864,0.0008016750570298257,0.0006927989306859672,-0.0005830368951995084
2024-12-27 17:00:00+00:00,-0.0139103485,0.00014817746705375612,-0.004062798885266612,0.0006886732880957425,-0.01096341947465181
2024-12-27 18:00:00+00:00,0.0003125163,0.00014370487770065665,-0.0019753595989809854,0.0006855130777694285,8.819112277173464e-07
2024-12-28 10:00:00+00:00,0.009112494,0.0001389004901284352,0.0018567148119847635,0.0006806846358813345,0.006905849914902108
2024-12-28 11:00:00+00:00,0.0037315611,0.0001358447625534609,0.0028614377175552427,0.0006746191065758467,0.0029063367272364996
2024-12-28 12:00:00+00:00,0.0006053511,0.00013593406765721738,0.0015849305146367794,0.000667567306663841,0.00047103039369644366
2024-12-28 13:00:00+00:00,-0.0018171538,0.00013681838754564524,-7.71135362090632e-05,0.0006592603749595582,-0.0015905472150316464
2024-12-28 14:00:00+00:00,-0.0004462217,0.00013746513286605477,0.0002615267903701056,0.000653058523312211,-0.00035939799359069357
2024-12-28 15:00:00+00:00,6.8662455e-05,0.00013835387653671205,0.0008377525423323961,0.0006441125296987593,3.41929117511669e-05
2024-12-28 16:00:00+00:00,-0.0028190338,0.00013801617024000734,0.0004203788413537944,0.0006395471282303333,-0.002335524023488236
2024-12-28 17:00:00+00:00,-0.010358604,0.00013696684618480504,-0.0033125428724577557,0.0006358915707096457,-0.008281876714420258
2024-12-28 18:00:00+00:00,0.0010777673,0.00013604434207081795,-2.8807565423649644e-05,0.0006319507956504822,0.0008748239476104008
2024-12-30 10:00:00+00:00,0.01893105,0.000134505084133707,0.005281159172585964,0.0006285896524786949,0.014864018622314868
2024-12-30 11:00:00+00:00,0.004750818,0.00013308216875884682,0.003990275481149805,0.0006271832971833646,0.0037950403068724276
2024-12-30 12:00:00+00:00,0.0008932156,0.00013181263057049364,0.0025271108035496543,0.0006252369494177401,0.0007256881941962504
2024-12-30 13:00:00+00:00,0.00072303315,0.0001295274996664375,0.002819240169471249,0.0006245858385227621,0.0005084196127809657
2024-12-30 14:00:00+00:00,0.005406149,0.00012532806431408972,0.002514511009905854,0.0006263558170758188,0.00439150037064812
2024-12-30 15:00:00+00:00,-0.0029922966,0.00011990300117759034,0.0003930540773733905,0.0006295329658314586,-0.002283379030040632
2024-12-30 16:00:00+00:00,-0.001070851,0.00011283921776339412,-0.0004598605068774456,0.0006339201936498284,-0.0008386568153429144
2024-12-30 17:00:00+00:00,0.0037822975,0.00010525240941205993,0.001314279691400356,0.0006417083786800504,0.0031003259370828784
2024-12-30 18:00:00+00:00,0.003577741,9.739442612044513e-05,0.0023152337071398283,0.0006508770165964961,0.0033176760314716437
2025-01-03 10:00:00+00:00,-0.0118135335,9.079976007342339e-05,-0.0007648900612866291,0.0006594581063836813,-0.009146640416610997
2025-01-03 11:00:00+00:00,-0.00079330907,8.309808617923409e-05,0.000673167949807358,0.0006701959646306932,-0.0009249048580013263
2025-01-03 12:00:00+00:00,-0.0081279045,7.674920925637707e-05,-0.00037865912599278396,0.0006835142849013209,-0.00688200772354357
2025-01-03 13:00:00+00:00,0.0006512983,6.951075192773715e-05,-0.0006011810079237301,0.0007059354102239013,5.0878991731078705e-05
2025-01-03 14:00:00+00:00,0.00063945923,6.173748261062428e-05,-0.00025726614426324515,0.0007390095270238817,5.6820291556850746e-05
2025-01-03 15:00:00+00:00,-0.0010964663,5.8570662076817825e-05,-0.0016735301196361921,0.0007659853436052799,-0.0013711942210481978
2025-01-03 16:00:00+00:00,0.0005940685,5.784494715044275e-05,-0.0005327444895626495,0.0008074778015725315,-3.773149081366978e-05
2025-01-03 17:00:00+00:00,0.0011414484,5.780922947451472e-05,0.00037588482155786985,0.0008314637816511095,0.0003878807926514303
2025-01-03 18:00:00+00:00,-0.00029665127,5.8718294894788414e-05,-0.00021485586297222733,0.0008614397374913096,-0.0007358493604166446
2025-01-06 10:00:00+00:00,-0.007881994,5.6969798606587574e-05,-0.0007602668535706239,0.0009013275848701596,-0.006918895104987951
2025-01-06 11:00:00+00:00,0.0046816994,5.456768849398941e-05,0.0006994361645175323,0.0009349205647595227,0.0031760212840750853
2025-01-06 12:00:00+00:00,-0.005337509,5.684313873643987e-05,-0.0012880510579135849,0.0009686624980531633,-0.004590911656113388
2025-01-06 13:00:00+00:00,0.0006443077,5.846874410053715e-05,-0.0005227555913282367,0.0009917926508933306,0.0002667503159462106
2025-01-06 14:00:00+00:00,0.003054805,5.935159060754813e-05,0.0007756626732667386,0.0010191478068009019,0.002123595684874911
2025-01-06 15:00:00+00:00,-0.0011014101,5.974599116598256e-05,0.0008479092272328054,0.0010289731435477734,-0.0012452874384519617
2025-01-06 16:00:00+00:00,0.0006541086,6.034684702171944e-05,0.0012803447122915303,0.0010413078125566244,0.00020627733974933342
2025-01-06 17:00:00+00:00,0.0020971457,6.069503797334619e-05,0.0015069327980350856,0.0010386700741946697,0.001290828195145568
2025-01-06 18:00:00+00:00,-0.0011454361,6.219332863111049e-05,0.0008286073755838667,0.0010372746037319303,-0.0013120747600591858
2025-01-08 10:00:00+00:00,0.0028725623,6.42582235741429e-05,0.0015471513220523241,0.001048726961016655,0.0018977910146511811
2025-01-08 11:00:00+00:00,0.0010279958,6.568965909536928e-05,0.001516588946222265,0.001079481327906251,0.0006427153296437343
2025-01-08 12:00:00+00:00,0.00062769983,6.986845255596563e-05,0.001356896487944509,0.001121674431487918,0.0003191829764049915
2025-01-08 13:00:00+00:00,0.0020856967,7.57390444050543e-05,0.0021920427048833647,0.0011493583442643285,0.0016421508245523602
2025-01-08 14:00:00+00:00,0.00037564672,8.387902198592201e-05,0.0021069995692027713,0.0011650384403765202,0.00026500093104800604
2025-01-08 15:00:00+00:00,0.0013193365,9.214565943693742e-05,0.00104954726111343,0.0011732777347788215,0.0009798541540349077
2025-01-08 16:00:00+00:00,0.0024974188,0.00010066021786769852,0.0024087115521928978,0.0011762134963646531,0.001999329879961675
2025-01-08 17:00:00+00:00,-0.0009755213,0.00011070501204812899,0.0013069277917046216,0.0011750322300940752,-0.0008625099605207652
2025-01-08 18:00:00+00:00,-0.0011582486,0.00012147764209657907,-0.0004403843606588625,0.0011790205026045442,-0.0010919649937475762
2025-01-09 10:00:00+00:00,-0.009199928,0.00013324340397957712,-0.0019109255967723281,0.0011929672909900546,-0.007375657705783176
2025-01-09 11:00:00+00:00,-0.0035495858,0.00014552153879776597,-0.0014303118085686852,0.0012158519821241498,-0.003081400627061705
2025-01-09 12:00:00+00:00,-0.0052844854,0.00015971087850630283,-0.001679665828927006,0.001243953942321241,-0.004581123695282036
2025-01-09 13:00:00+00:00,-0.0006133301,0.00017103504796978086,-0.0008410294314381082,0.0012691256124526262,-0.0008971508852903769
2025-01-09 14:00:00+00:00,-0.004443395,0.00017962398123927414,-0.001791664334080668,0.0013005118817090988,-0.0039702363271034375
2025-01-09 15:00:00+00:00,-0.0015127012,0.00018571266264189035,-0.0022266971585641533,0.0013338216813281178,-0.0017226090728420316
2025-01-09 16:00:00+00:00,0.0069279918,0.0001927150005940348,0.002417847223978603,0.0013633148046210408,0.004840768725604033
2025-01-09 17:00:00+00:00,-0.008512963,0.00020079272508155555,-0.002143416806774304,0.0013904173392802477,-0.007176435793481535
2025-01-09 18:00:00+00:00,-0.0039149057,0.00020813735318370163,-0.001976979721258724,0.0014145077439025044,-0.003783228878857788
2025-01-10 10:00:00+00:00,-0.00015223106,0.00021331269817892462,-0.001754523840506619,0.0014334006700664759,-0.0009067263192804874
2025-01-10 11:00:00+00:00,-0.003942649,0.0002200941671617329,-0.0013894088903409166,0.0014561134157702327,-0.00363748342986006
2025-01-10 12:00:00+00:00,-0.0056121633,0.0002242868795292452,-0.0026668699392343883,0.001477143494412303,-0.005026414513050722
2025-01-10 13:00:00+00:00,0.021394506,0.0002224644849775359,0.0030148122407181923,0.0015028677880764008,0.01619681012029159
2025-01-10 14:00:00+00:00,-0.00023148952,0.0002222583570983261,0.0024746699426999638,0.0015251426957547665,-0.00023613179391245362
2025-01-10 15:00:00+00:00,0.0032706016,0.00021712905436288565,0.0015187632176842315,0.0015443280572071671,0.0024870354337185544
2025-01-10 16:00:00+00:00,0.0014642557,0.00019682481070049107,0.0024590567308569655,0.0015619657933712006,0.001209186766746034
2025-01-10 17:00:00+00:00,0.0115577765,0.00018890488718170673,0.0017599882295913048,0.0015532998368144035,0.009192798574607303
2025-01-10 18:00:00+00:00,-0.005676285,0.00018238494521938264,-0.0004572616547981285,0.001520387246273458,-0.004189116755428198
2025-01-13 10:00:00+00:00,0.012101627,0.00017675029812380672,0.0010151715638558774,0.001489270362071693,0.010085072281338635
2025-01-13 11:00:00+00:00,0.004696328,0.00017072207992896438,0.0021722161766755117,0.0014686209615319967,0.004390881790442086
2025-01-13 12:00:00+00:00,0.0019915283,0.0001584123237989843,0.0025716384081915606,0.0014531743945553899,0.0023881036699831947
2025-01-13 13:00:00+00:00,-0.0070839883,0.00014645715418737382,-0.0002017249923397229,0.0014374996535480022,-0.00477384168088987
2025-01-13 14:00:00+00:00,-0.004538397,0.00014222806203179061,-0.0010923957197879178,0.0014196527190506458,-0.0034668947324890047
2025-01-13 15:00:00+00:00,0.001761074,0.00014619433204643428,0.0003360566323594543,0.0014008767902851105,0.0016440686509142778
2025-01-13 16:00:00+00:00,0.00086236245,0.0001495661272201687,0.0008672145029843977,0.0013849377864971757,0.0008491179281607075
2025-01-13 17:00:00+00:00,0.0049780617,0.0001482559455325827,0.0015489421671036373,0.0013698070542886853,0.004214866731760252
2025-01-13 18:00:00+00:00,-0.007931334,0.00014591889339499176,-0.0005131752157633032,0.00134670315310359,-0.00645254522951107
2025-01-14 10:00:00+00:00,-0.010037926,0.00014286971418187022,-0.002147138421374122,0.001323130913078785,-0.00805716828679587
2025-01-14 11:00:00+00:00,0.008375718,0.0001402875204803422,0.0012305664033543638,0.0012880258727818727,0.00621487041609779
2025-01-14 12:00:00+00:00,-9.115978e-05,0.0001331005187239498,0.0007795957397319476,0.0012525614583864808,-0.00031953400411565634
2025-01-14 13:00:00+00:00,0.004752007,0.00013041838246863335,0.0009436924468511455,0.0012092726537957788,0.0034976235057222376
2025-01-14 14:00:00+00:00,-0.0033513429,0.0001254340895684436,0.0008142127585940205,0.0011623199097812176,-0.0028440370756769137
2025-01-14 15:00:00+00:00,0.0015464213,0.00012347978190518916,0.0006291530677009913,0.0011284512002021074,0.0010911986450034396
2025-01-14 16:00:00+00:00,0.0002612909,0.00012526728096418083,0.0005860782925435104,0.0011060950346291065,0.0001595616691335358
2025-01-14 17:00:00+00:00,-0.0076854164,0.00012642311048693955,-0.0013571318023498256,0.0010671046329662204,-0.00627833137279169
2025-01-14 18:00:00+00:00,-0.0031527865,0.00012803298886865377,-0.0005639426673498051,0.001044115866534412,-0.002798963383999084
2025-01-15 10:00:00+00:00,-0.000528347,0.00012811327178496867,-0.00121007362844701,0.001024864730425179,-0.0005536715608611257
2025-01-15 11:00:00+00:00,-0.0020010588,0.00012588124081958085,-0.00224189460142651,0.0010194722563028336,-0.0016481440396620445
2025-01-15 12:00:00+00:00,-0.003551951,0.00012372671335469931,-0.0027136577684778412,0.001017033588141203,-0.0030599201655444742
2025-01-15 13:00:00+00:00,0.0017083563,0.0001231794449267909,-0.0012712374780116456,0.0010118954814970493,0.001052579138097913
2025-01-15 14:00:00+00:00,-3.459988e-05,0.00012151893315603957,-0.0008735687522157948,0.0010122738312929869,-0.00042297755911765766
2025-01-15 15:00:00+00:00,0.0027412109,0.00012081976456101984,0.0005315455315254482,0.001016972353681922,0.0017337552680057049
2025-01-15 16:00:00+00:00,-0.001680692,0.00012097100261598825,-0.0002831564963739525,0.0010182693367823958,-0.001598790460719027
2025-01-15 17:00:00+00:00,0.005377469,0.00012034885003231466,0.0011174359135373672,0.001018235576339066,0.0038532745358386632
2025-01-15 18:00:00+00:00,-0.0017318802,0.00012080649321433157,0.0007458159546583476,0.0010390765964984894,-0.0015340792103870659
2025-01-16 10:00:00+00:00,0.020407248,0.00012334984785411507,0.003888589747379152,0.001063728821463883,0.01640232316177965
2025-01-16 11:00:00+00:00,0.0041977256,0.00012658712512347847,0.003461463666186209,0.0010867072269320488,0.0036923179252234505
2025-01-16 12:00:00+00:00,0.000895626,0.0001285843609366566,0.0007839708622296626,0.0011177281849086285,0.0011566637092531456
2025-01-16 13:00:00+00:00,0.0008948246,0.00013217753439676017,0.001336202800314922,0.001143443281762302,0.001254696900776624
2025-01-16 14:00:00+00:00,0.0023228035,0.00013608350127469748,0.0027332030130210643,0.0011789966374635696,0.002378386809364162
2025-01-16 15:00:00+00:00,-0.0017862929,0.00014117610407993197,0.0011149186623925637,0.0012062088353559375,-0.0009566925020277668
2025-01-16 16:00:00+00:00,-0.004479742,0.00014543584256898612,-0.00120996597585492,0.0012331580510362983,-0.003266812953890648
2025-01-16 17:00:00+00:00,0.0021079786,0.00014969066251069307,0.0002268327202867248,0.0012609366094693542,0.0020876595814977718
2025-01-16 18:00:00+00:00,0.003399272,0.00015280423394870013,0.0019153338654533324,0.0012884485768154263,0.003072578540346546
2025-01-17 10:00:00+00:00,-0.00017862127,0.00015550882380921394,0.0015341231171472245,0.0013136360794305801,0.0002947686071398268
2025-01-17 11:00:00+00:00,0.003666498,0.00015752078616060317,0.002428483458512831,0.0013427865924313664,0.003082796779438534
2025-01-17 12:00:00+00:00,8.898776e-05,0.0001544576953165233,0.0021855433392067455,0.001373786712065339,0.00010653750863713168
2025-01-17 13:00:00+00:00,0.002344198,0.00012295020860619843,0.002563539541844685,0.001405698829330504,0.0019337289758911496
2025-01-17 14:00:00+00:00,0.00083192374,1.531544330646284e-05,0.0019986351080923683,0.0014368402771651745,0.0007197196195999465
2025-01-17 15:00:00+00:00,0.0005542316,-8.905252798285801e-06,0.0018908864939485705,0.0014614537358283997,0.0004616194242419138
2025-01-17 16:00:00+00:00,0.004654488,-2.1849453332833946e-05,0.002058298494608994,0.0014859754592180252,0.003898015808981112
2025-01-17 17:00:00+00:00,0.00035290097,-2.8771501092705876e-05,0.002227105565546851,0.001509648165665567,0.0005561861911648114
2025-01-17 18:00:00+00:00,-0.0009928516,-3.162437496939674e-05,0.0007448878084687786,0.0015361291589215398,-0.0006264120933859891
2025-01-20 10:00:00+00:00,0.010146686,-2.6780828193295747e-05,0.0012573092119582887,0.00155414710752666,0.008611486543178387
2025-01-20 11:00:00+00:00,-0.0033159903,-2.1183710487093776e-05,-9.166089041037564e-05,0.0015897691482678056,-0.0024444679841503355
2025-01-20 12:00:00+00:00,-0.010878478,-1.2527752005553339e-05,-0.0007244755201716495,0.0016089945565909147,-0.008869165337354438
2025-01-20 13:00:00+00:00,0.0009968765,-7.734671271464322e-06,2.0952377185764053e-05,0.0016303015872836113,0.0007419543527304928
2025-01-20 14:00:00+00:00,0.0041981125,-1.6271485492325155e-06,0.0009899214554470836,0.0016385032795369625,0.0034000917083329423
2025-01-20 15:00:00+00:00,-0.00011025115,6.080254934204277e-06,0.0004972544761349399,0.00164467329159379,-0.00010438074329525334
2025-01-20 16:00:00+00:00,0.0016855143,1.3515004866349045e-05,0.0003827450824824454,0.0016462221974506974,0.0014642119047497532
2025-01-20 17:00:00+00:00,-0.0070140846,2.2433461708715186e-05,-0.0011002216822239628,0.0016471972921863198,-0.0058823360828113395
2025-01-20 18:00:00+00:00,0.0033198725,3.100093817920424e-05,-0.0002602859088256191,0.00164415268227458,0.0024947087377813863
2025-01-21 10:00:00+00:00,-0.0017470923,4.4966451241634786e-05,0.0001614300431498417,0.0016317074187099934,-0.0015848934131278576
2025-01-21 11:00:00+00:00,-0.0038366055,7.371183164650574e-05,-0.0013855223008121201,0.0016424524364992976,-0.003454393924807533
2025-01-21 12:00:00+00:00,-0.003461116,0.00011801637447206303,-0.002433376582283865,0.0016383901238441467,-0.0030999611509850166
2025-01-21 13:00:00+00:00,0.00079121423,0.000104813116195146,-0.0017455305027481319,0.0016346608754247427,0.000488043236742229
2025-01-21 14:00:00+00:00,-0.006436999,0.00012778244854416698,-0.0025272746697497556,0.001631610095500946,-0.0054088120303196876
2025-01-21 15:00:00+00:00,0.0027430253,0.00012532593973446637,-0.00018029274872506342,0.001630724291317165,0.0019058941561245104
2025-01-21 16:00:00+00:00,0.0041728555,0.00013888459943700582,0.0006219049357787779,0.0016300450079143047,0.003150638633808315
2025-01-21 17:00:00+00:00,0.026609644,0.0001469973794883117,0.0059601211699965816,0.0016334695974364877,0.02166492069867695
2025-01-21 18:00:00+00:00,0.0030310927,0.00013532288721762598,0.003009993955210688,0.0016418654704466462,0.002803105029498203
2025-01-22 10:00:00+00:00,-0.0022182916,0.00012056792184012011,-0.00012618048008592115,0.0016513554146513343,-0.0016359373909355939
2025-01-22 11:00:00+00:00,0.005369532,0.00011188230564584956,0.00231180194594783,0.0016653017373755574,0.0047313725571574315
2025-01-22 12:00:00+00:00,0.0035923675,0.00011373485176591203,0.0026153035252814497,0.0016792494570836425,0.0033439739155778207
2025-01-22 13:00:00+00:00,-0.0004188032,0.00011595098476391286,0.0021506577645262846,0.0016954491147771478,0.0002456344385053035
2025-01-22 14:00:00+00:00,0.0039020258,0.00012176635937066749,0.00232073370392519,0.0017102304846048355,0.003881213907563256
2025-01-22 15:00:00+00:00,-0.0044392096,0.0001259567798115313,0.0007638570377351204,0.0017233167309314013,-0.0030771875188755123
2025-01-22 16:00:00+00:00,0.00082714326,0.00013597453653346747,0.0004157979426981414,0.0017333547584712505,0.0013259687793363301
2025-01-22 17:00:00+00:00,0.0025415972,0.00014606717741116881,0.0015890834557979415,0.0017449080478399992,0.002754025077965572
2025-01-22 18:00:00+00:00,0.020302951,0.00016015376604627818,0.002679846744680271,0.0017538912361487746,0.017522247320035215
2025-01-23 10:00:00+00:00,-0.01039154,0.00017442586249671876,-0.00020785243692984443,0.0017633326351642609,-0.008714264881188651
2025-01-23 11:00:00+00:00,-0.0028993068,0.00018722537788562477,-0.00039418092446794376,0.0017709709936752915,-0.0024249290676152733
2025-01-23 12:00:00+00:00,-0.0050219484,0.00019528408301994205,-0.00033051352158438966,0.001778705744072795,-0.004335221295689306
2025-01-23 13:00:00+00:00,0.0025514439,0.0002029500319622457,-0.00023556847125238734,0.0017839522333815694,0.0021398414967379142
2025-01-23 14:00:00+00:00,0.0035866173,0.00020534575742203742,9.516007471164828e-05,0.0017811194993555546,0.0031400735477685104
2025-01-23 15:00:00+00:00,-0.0030962906,0.0002124868769897148,0.00043376469449702955,0.0017791115678846836,-0.0026438431342300627
2025-01-23 16:00:00+00:00,0.001341839,0.00021940564329270273,0.0005140607093346791,0.0017768808174878359,0.0012886614139851964
2025-01-23 17:00:00+00:00,-0.009387933,0.00022892249398864806,-0.0031410304959007414,0.0017720102332532406,-0.007942088192308138
2025-01-23 18:00:00+00:00,-0.00073077425,0.00023950669856276363,-0.0013050308155626326,0.0017669163644313812,-0.0007317904083331482
2025-01-24 10:00:00+00:00,0.008563712,0.00025060016196221113,0.0010838171462494509,0.0017610187642276287,0.006853488543135096
2025-01-24 11:00:00+00:00,0.0013208353,0.00026194090605713427,0.001310847088121415,0.0017528746975585818,0.0009782371615223175
2025-01-24 12:00:00+00:00,0.001999235,0.0002695698058232665,0.0008212351579808264,0.0017444369150325656,0.001523601989469195
2025-01-24 13:00:00+00:00,-0.00023374664,0.00027994083939120173,9.78540551542357e-06,0.0017358638579025865,-0.00019760869187546366
2025-01-24 14:00:00+00:00,0.0024728188,0.00028876459691673517,0.004066748077625321,0.0017270386451855302,0.002027021815232436
2025-01-24 15:00:00+00:00,-0.0008059129,0.0002942891151178628,0.002019551562153511,0.001716712024062872,-0.0006391712513453754
2025-01-24 16:00:00+00:00,-0.008212701,0.0002996794646605849,-0.0013535559306940333,0.0017049153102561831,-0.006859113601812435
2025-01-24 17:00:00+00:00,0.010501493,0.0003030338848475367,0.0025388238357419153,0.0017008238937705755,0.008837388603328812
2025-01-24 18:00:00+00:00,0.00027514974,0.00030588824301958084,0.0021283296707344467,0.0016883419593796134,0.0003741023175081131
2025-01-27 09:00:00+00:00,-0.00060331187,0.0003103954077232629,-0.00022389815158938725,0.0016768836649134755,-0.00032954478631603786
2025-01-27 10:00:00+00:00,-0.0035637806,0.0003157088940497488,-3.0953211650611953e-05,0.0016662988346070051,-0.0030156363271715753
2025-01-27 11:00:00+00:00,-0.0082902135,0.00031824863981455564,-0.0021704304985850696,0.0016549972351640463,-0.0070451141518985076
2025-01-27 12:00:00+00:00,0.0028565181,0.0003197655896656215,0.0005406720554484612,0.001643620547838509,0.0022535560527735987
2025-01-27 13:00:00+00:00,0.00049131125,0.0003204396925866604,0.0005888096191873222,0.0016295071691274643,0.00034563512137070424
2025-01-27 14:00:00+00:00,-0.0038300697,0.00032125585130415857,-0.002128037270621235,0.0016165149863809347,-0.003362088676044827
2025-01-27 15:00:00+00:00,0.003798035,0.0003199248749297112,0.0006021872366512732,0.0016019184840843081,0.0028739587222685365
2025-01-27 16:00:00+00:00,-0.00702968,0.00031773248338140547,-0.0021522669310554457,0.001586979953572154,-0.00597666337810701
2025-01-27 17:00:00+00:00,0.00836359,0.00031613867031410336,0.0021198471153745344,0.001573209767229855,0.006708442172713629
2025-01-27 18:00:00+00:00,2.13281e-05,0.00031326120370067656,0.0018620305841183346,0.0015572088304907084,-0.00023743689156598705
2025-01-28 09:00:00+00:00,-0.0027657808,0.00031023778137750924,-0.000393732475597085,0.0015408123144879937,-0.00247534888813748
2025-01-28 10:00:00+00:00,-0.00036364415,0.0003067656944040209,-0.0003866886265476468,0.0015205672243610024,-0.0004777816885349477
2025-01-28 11:00:00+00:00,-0.0013166418,0.00029890655423514545,0.000548042289389525,0.0015040081925690174,-0.0010440358640004946
2025-01-28 12:00:00+00:00,-0.0008894462,0.00028929515974596143,0.0004988872599547283,0.0014897007495164871,-0.0008547722066306414
2025-01-28 13:00:00+00:00,0.0038734854,0.00027344105183146894,0.0017797653357255862,0.0014733155257999897,0.00318220318488805
2025-01-28 14:00:00+00:00,0.0074160714,0.00024336679780390114,0.003365985220480923,0.0014519219985231757,0.0062894836414148295
2025-01-28 15:00:00+00:00,0.0040307064,0.0002077808021567762,0.0035178153486928256,0.0014408978167921305,0.003395098330767054
2025-01-28 16:00:00+00:00,0.00025335964,0.00018521782476454973,0.0015557599799118033,0.0014208186184987426,0.0003763080948618423
2025-01-28 17:00:00+00:00,0.0015820452,0.00018280277436133474,0.0026256703933731818,0.0013973177410662174,0.0013366787240275213
2025-01-28 18:00:00+00:00,-0.0064281025,0.00018309245933778584,-0.00023054007743624546,0.001383260590955615,-0.005499546309177298
2025-01-29 09:00:00+00:00,0.001060097,0.00018619866750668734,-0.0004163537622169105,0.0013730345526710153,0.0009579090281770555
2025-01-29 10:00:00+00:00,-0.0011767762,0.00019087048713117838,0.0006359690904558694,0.0013586652930825949,-0.0010102409820881874
2025-01-29 11:00:00+00:00,0.004899403,0.00019540419452823699,0.0018508225577115937,0.0013469801051542163,0.00440784499293483
2025-01-29 12:00:00+00:00,0.0020773695,0.00020209586364217103,0.002160912274774908,0.0013315236428752542,0.0019711582927787485
2025-01-29 13:00:00+00:00,-0.0012016065,0.0002097737742587924,0.0007322137676384066,0.0013214884093031287,-0.0008763317805727735
2025-01-29 14:00:00+00:00,-0.0029363013,0.00021746674610767514,2.9297052066228323e-06,0.001311332220211625,-0.0025368266360294763
2025-01-29 15:00:00+00:00,-0.0012277733,0.00022522412473335862,0.00022009373062294637,0.00130017613992095,-0.0011937854854344595
2025-01-29 16:00:00+00:00,-0.002152237,0.00023279324523173273,0.00034803413275695115,0.0012920241570100188,-0.0019183990246957364
2025-01-29 17:00:00+00:00,0.0043949597,0.00024030123313423246,0.0008706199833858365,0.001281788689084351,0.003542192042806242
2025-01-29 18:00:00+00:00,0.0021533533,0.0002487297751940787,0.0006540070532012255,0.0012690607691183686,0.0018333669991630677
2025-01-30 09:00:00+00:00,-0.00012653957,0.00026056403294205666,0.00026751971995855054,0.0012560348259285092,-6.869157810343669e-05
2025-01-30 10:00:00+00:00,7.381669e-05,0.00027953973039984703,0.0010830798600440566,0.0012377037201076746,9.411477465773766e-05
2025-01-30 11:00:00+00:00,-0.0007806237,0.000295961246592924,0.0010617595154267343,0.001219273661263287,-0.000648734988093263
2025-01-30 12:00:00+00:00,-0.00020052877,0.0003009742358699441,0.0008289192069229556,0.0011996860848739743,-0.0002600131410942337
2025-01-30 13:00:00+00:00,0.0009495174,0.00030116495327092707,0.0009136662988990077,0.0011863771360367537,0.0007416236062749109
2025-01-30 14:00:00+00:00,0.00021088148,0.00029649672796949744,0.0009331934960791422,0.001171938027255237,0.00011778938226879237
2025-01-30 15:00:00+00:00,0.0003583965,0.0002964886953122914,0.0009663082060878934,0.0011590475914999843,0.0003149995675272668
2025-01-30 16:00:00+00:00,0.0008217187,0.00029752656701020896,0.001165940709420089,0.0011420452501624823,0.0007446641156297795
2025-01-30 17:00:00+00:00,0.002734196,0.0002967317122966051,0.002318402595266634,0.00112563231959939,0.0022156842467338867
2025-01-30 18:00:00+00:00,0.0016998419,0.0002967113978229463,0.002207980817868311,0.0011155946413055062,0.0014159262406867107
2025-01-31 09:00:00+00:00,0.0060205883,0.00029744693893007934,0.002051310356627076,0.001103213056921959,0.005187175413244651
2025-01-31 10:00:00+00:00,4.1683164e-05,0.0003006599727086723,0.0010130437369665246,0.0010896213352680206,1.7836174830295897e-05
2025-01-31 11:00:00+00:00,-0.00443858,0.00030063686426728964,-0.000842865017748966,0.0010751410154625773,-0.0037839084489898088
2025-01-31 12:00:00+00:00,0.0017151048,0.0003004204190801829,0.0004897141877283869,0.001067893928848207,0.0014337922461602494
2025-01-31 13:00:00+00:00,-0.0005434953,0.00030116643756628036,0.000252610975360463,0.001061459886841476,-0.000491188357400946
2025-01-31 14:00:00+00:00,0.0015043409,0.0003026837366633117,0.000659784492528999,0.0010588880395516753,0.0013060921314906728
2025-01-31 15:00:00+00:00,-0.0070922654,0.00030605142819695175,-0.0008550011270302326,0.0010580768575891852,-0.006159997344043155
2025-01-31 16:00:00+00:00,-0.0017256623,0.0003094463609158993,-0.0008112725013085092,0.0010555253829807043,-0.0015421271102619772
2025-01-31 17:00:00+00:00,-0.0002738543,0.000312634976580739,-0.0005892711505164069,0.001054320833645761,-0.0003932912682262913
2025-01-31 18:00:00+00:00,0.00023172774,0.00031459599267691374,-0.00041756494543562566,0.001056480803526938,2.562485936697422e-05
2025-02-03 09:00:00+00:00,-0.0058517377,0.00031868513906374574,-0.0016549150985209634,0.0010543434182181954,-0.005232766054802214
2025-02-03 10:00:00+00:00,0.003088577,0.00031962976208887994,0.0010637704154045898,0.0010582058457657695,0.0022921877540720693
2025-02-03 11:00:00+00:00,-0.0026966878,0.0003182070213370025,-0.001308210564545637,0.0010557587957009673,-0.002506650134442708
2025-02-03 12:00:00+00:00,-6.3539126e-05,0.0003167983377352357,-0.00019081973836364622,0.0010550649603828788,-0.0003303880364696736
2025-02-03 13:00:00+00:00,0.0005082,0.00031470690737478435,0.0004167369471831131,0.0010566145647317171,0.00016480976278699373
2025-02-03 14:00:00+00:00,-0.0016950055,0.0003124384966213256,-0.0009598037313750505,0.0010573719628155231,-0.00170498870742631
2025-02-03 15:00:00+00:00,-0.0030263634,0.0003114202991127968,-0.0015206911705523602,0.001051411498337984,-0.002789937664334456
2025-02-03 16:00:00+00:00,0.0024854762,0.0003106818185187876,0.0010690194952058649,0.0010437368182465434,0.0018948976225790707
2025-02-03 17:00:00+00:00,-0.023539338,0.0003116220177616924,-0.0029816495306300406,0.0010436737211421132,-0.02017427603823398
2025-02-03 18:00:00+00:00,0.0017579655,0.00031037049484439194,-0.0006306680085057006,0.0010436932789161801,0.0009552956686507778
2025-02-04 09:00:00+00:00,0.0059885597,0.00030717795016244054,0.0007552371747785343,0.0010392690310254693,0.004729937523041988
2025-02-04 10:00:00+00:00,0.00011854406,0.0003052539541386068,0.0009368196168289754,0.0010360231390222907,-0.00017433669573210946
2025-02-04 11:00:00+00:00,-0.0041141436,0.00030596592114306986,2.4064537782383904e-05,0.0010340566514059901,-0.003762934821550727
2025-02-04 12:00:00+00:00,-0.0010934701,0.0003084230702370405,0.00039028704647669235,0.0010365818161517382,-0.0013355089934420855
2025-02-04 13:00:00+00:00,-0.0010838229,0.0003128283133264631,0.00025463738441737087,0.0010378448059782386,-0.0012601638452062272
2025-02-04 14:00:00+00:00,6.5062515e-05,0.0003176725294906646,0.00022676934062408372,0.001039209309965372,-0.0003463855388811382
2025-02-04 15:00:00+00:00,-0.00031450804,0.00032469024881720543,0.00043351272451417125,0.0010438986355438828,-0.0006202732540173516
2025-02-04 16:00:00+00:00,-0.0013024651,0.0003310607571620494,-0.0012184653091129108,0.0010462021455168724,-0.0015165639811004778
2025-02-04 17:00:00+00:00,0.012241085,0.0003361448470968753,0.002688628522386125,0.0010514692403376102,0.010168662245370448
2025-02-04 18:00:00+00:00,0.00080433703,0.0003417064144741744,0.0014017361454727341,0.0010521600488573313,0.0007246460207545567
2025-02-05 09:00:00+00:00,-0.004060461,0.0003435173421166837,0.0006203489149813177,0.001054489752277732,-0.0034798000074157402
2025-02-05 10:00:00+00:00,0.0018174296,0.00034816900733858347,0.0011965244046162928,0.0010581879178062081,0.0013665802025295609
2025-02-05 11:00:00+00:00,-0.0064782356,0.0003512907715048641,0.0009922346303989432,0.0010626886505633593,-0.00550878334117693
2025-02-05 12:00:00+00:00,0.008957083,0.0003539742319844663,0.0040489502042925195,0.0010694018565118313,0.007398885372800959
2025-02-05 13:00:00+00:00,-0.0032957448,0.0003607786202337593,0.0016718509184555541,0.001075799809768796,-0.002702617369359232
2025-02-05 14:00:00+00:00,-0.0006453903,0.0003660423099063337,-0.00014442769121266423,0.0010830700630322099,-0.00049185394898254
2025-02-05 15:00:00+00:00,0.00060237723,0.0003676872292999178,0.0009959234933380437,0.0010891420533880591,0.0005269005952954001
2025-02-05 16:00:00+00:00,0.00044079623,0.0003684034454636276,0.0012164533313022128,0.001094701001420617,0.0004143406541870394
2025-02-05 17:00:00+00:00,0.011446162,0.0003679146757349372,0.0026462172352593252,0.0010996913770213723,0.00953326035377109
2025-02-05 18:00:00+00:00,0.00047807497,0.00036905560409650207,0.0015424224647983343,0.001104120397940278,0.0003861279268010746
2025-02-06 09:00:00+00:00,0.010491768,0.00037148440605960786,0.0023515147365383024,0.0011014657793566585,0.009035744199856664
2025-02-06 10:00:00+00:00,0.0029176571,0.0003736576181836426,0.001907159381129451,0.00110479979775846,0.0027264869471869246
2025-02-06 11:00:00+00:00,-0.0031594275,0.0003764393914025277,0.000535863100970204,0.0011097159003838897,-0.002470947730343339
2025-02-06 12:00:00+00:00,0.0011872681,0.0003788647591136396,0.001277168805818538,0.0011169485514983535,0.0011510766350123556
2025-02-06 13:00:00+00:00,-0.0029023627,0.0003814241790678352,-0.00011329920247467857,0.0011231538373976946,-0.002264453136484489
2025-02-06 14:00:00+00:00,0.00014742429,0.00038284118636511266,0.0005788585066214003,0.001129112672060728,0.0003233011866336602
2025-02-06 15:00:00+00:00,0.0033532914,0.00038568637683056295,0.0016887316564107699,0.0011339656775817275,0.0031100587515007403
2025-02-06 16:00:00+00:00,0.0005979952,0.00039011143962852657,0.001372023893546272,0.0011393269523978233,0.0008143315050718407
2025-02-06 17:00:00+00:00,0.014834828,0.00039411766920238733,0.0016720206039475655,0.0011425103293731809,0.013083603187331223
2025-02-06 18:00:00+00:00,-0.0023174023,0.0003999705659225583,0.0009669121914926352,0.0011449047597125173,-0.0016683866217295602
2025-02-07 09:00:00+00:00,0.00478408,0.0004058639460708946,0.0023573883871254916,0.0011499379761517048,0.004301777169822392
2025-02-07 10:00:00+00:00,-0.0005361654,0.00041122216498479247,0.0022676716537710453,0.0011547936592251062,-0.00044124322715670134
2025-02-07 11:00:00+00:00,-0.0051805284,0.00041543174302205443,-0.0003753710518889799,0.0011582992738112807,-0.004355189820661456
2025-02-07 12:00:00+00:00,-0.0008504725,0.0004201080009806901,-0.0006489142519556471,0.0011622324818745255,-0.0006589869556500292
2025-02-07 13:00:00+00:00,0.00266309,0.0004235399537719786,0.00034397575149986207,0.0011636994313448668,0.0024250047359518348
2025-02-07 14:00:00+00:00,-0.0026319623,0.00042622306500561535,-0.00011241685641819022,0.0011627862695604563,-0.0021027356400038395
2025-02-07 15:00:00+00:00,0.00020749256,0.00042888897587545216,9.765942882228475e-05,0.0011612706584855914,0.0002968863859701772
2025-02-07 16:00:00+00:00,0.000663687,0.0004311678640078753,0.0009412865817145543,0.001161616062745452,0.0007077207586633401
2025-02-07 17:00:00+00:00,-0.005373982,0.00043237811769358814,0.00035722892444753254,0.0011600524885579944,-0.004753945548103294
2025-02-07 18:00:00+00:00,0.00128115,0.00043216164340265095,0.00039738506592381745,0.001156046986579895,0.0009408111173335826
2025-02-10 09:00:00+00:00,0.009169956,0.0004303594178054482,0.0030178637588362017,0.001152091659605503,0.0077814491550773504
2025-02-10 10:00:00+00:00,-0.00067064585,0.0004277665866538882,0.00215586020782598,0.001143582514487207,-0.0006516815870098966
2025-02-10 11:00:00+00:00,-0.0031011302,0.0004267011827323586,-7.323059812591441e-06,0.0011361148208379745,-0.0026700596805066005
2025-02-10 12:00:00+00:00,0.0021718005,0.0004276602412573993,0.0008841795843531241,0.0011328893015161157,0.0018206816313646951
2025-02-10 13:00:00+00:00,0.0011666865,0.0004285681643523276,0.001859080793893728,0.001128699630498886,0.0010171503110727054
2025-02-10 14:00:00+00:00,0.0048175007,0.00042736594332382083,0.002601661312808807,0.0011266636429354548,0.004308733120891882
2025-02-10 15:00:00+00:00,-0.00053413317,0.00042617390863597393,0.0017568529116733,0.001121601788327098,-0.0004020587589152267
2025-02-10 16:00:00+00:00,0.0029751852,0.0004259725392330438,0.002588808571347432,0.0011192510137334466,0.0026324653009699448
2025-02-10 17:00:00+00:00,0.0055572726,0.0004259015840943903,0.002329715977765729,0.0011150192003697157,0.0049704058355276946
2025-02-10 18:00:00+00:00,-0.001121225,0.0004261290014255792,0.0012481591454405613,0.0011093178763985634,-0.0008163461010833945
2025-02-11 09:00:00+00:00,-0.0038215956,0.00042633365956135094,-0.0017961826263147194,0.0011053725611418486,-0.003380245480097075
2025-02-11 10:00:00+00:00,-0.0003993508,0.0004260393907316029,4.4699959406104075e-05,0.0011011610040441155,-0.000466438910251211
2025-02-11 11:00:00+00:00,-0.0044754287,0.00042514767847023904,0.0004893919224186537,0.0010963480453938246,-0.003879789464071315
2025-02-11 12:00:00+00:00,0.004229595,0.0004248688055668026,0.0005982889340270988,0.0010921694338321686,0.0036287286415557017
2025-02-11 13:00:00+00:00,0.0039465125,0.00042455142829567194,0.0014792224075848405,0.0010886865202337503,0.0035269935322612164
2025-02-11 14:00:00+00:00,-0.0011332835,0.0004244110023137182,0.0008956066041156471,0.0010835849680006504,-0.0010471477602409765
2025-02-11 15:00:00+00:00,0.0015005592,0.00042439543176442385,0.0008213303996023481,0.0010809581726789474,0.0012902872076676899
2025-02-11 16:00:00+00:00,0.00054046616,0.00042442427366040647,0.0015189485603750341,0.0010771029628813267,0.000462467315907348
2025-02-11 17:00:00+00:00,0.011625504,0.0004243572475388646,0.0023642727545172943,0.0010752769885584712,0.010289158488658485
2025-02-11 18:00:00+00:00,3.0230203e-05,0.00042407886940054595,0.0024743869938690694,0.0010637098457664251,8.835941980375498e-05
2025-02-12 09:00:00+00:00,0.008138897,0.0004254000377841294,0.002200685632270661,0.0010585621930658817,0.007391372723923354
2025-02-12 10:00:00+00:00,0.0005495686,0.0004269766213838011,0.00201274407286638,0.0010535124456509948,0.0007035751695512259
2025-02-12 11:00:00+00:00,0.0024444158,0.00042825404671020806,0.0028368062927560207,0.0010480687487870455,0.0024566639136570437
2025-02-12 12:00:00+00:00,-0.0011765646,0.00043090881081297994,0.0010663268209591132,0.0010437543969601393,-0.000845100336872254
2025-02-12 13:00:00+00:00,0.00083769637,0.00043284459388814867,0.0013326269098526123,0.001040639472194016,0.0009750515660680738
2025-02-12 14:00:00+00:00,-0.0026551161,0.00043501058826223016,-2.5704254079870367e-05,0.0010379080194979906,-0.0021841210614991454
2025-02-12 15:00:00+00:00,-0.0024617738,0.0004366545472294092,7.87137761089153e-05,0.0010362168541178107,-0.002083273699964078
2025-02-12 16:00:00+00:00,0.003071277,0.00043790380004793406,0.001104819001619937,0.0010368634248152375,0.002972574553255827
2025-02-12 17:00:00+00:00,-0.007036847,0.00043946615187451243,0.0006929485460196078,0.0010372921824455261,-0.006339773408882331
2025-02-12 18:00:00+00:00,0.019287692,0.0004401320475153625,0.0028298588768116547,0.001036524772644043,0.017518381793874133
2025-02-13 09:00:00+00:00,0.07019857,0.00044102800893597305,0.002306562253234782,0.0010334792314097285,0.06730086527579834
2025-02-13 10:00:00+00:00,-0.019702371,0.00044593907659873366,-0.0007636222792681792,0.0010265714954584837,-0.01842234565333943
2025-02-13 11:00:00+00:00,0.008696073,0.00045243444037623703,0.00023431620092860577,0.0010285301832482219,0.008539579777274724
2025-02-13 12:00:00+00:00,0.0033053583,0.0004581952525768429,0.00031976704758888107,0.0010272364597767591,0.003668600962914813
2025-02-13 13:00:00+00:00,-0.0066030165,0.000466095341835171,-0.0009263499913234278,0.0010210104519501328,-0.006068157899324529
2025-02-13 14:00:00+00:00,-0.0035332753,0.000472664600238204,-0.0006614414996198954,0.0010179216042160988,-0.002888593844448271
2025-02-13 15:00:00+00:00,0.0072214603,0.000480262388009578,0.0008651223813199551,0.0010128191206604242,0.007531910348179402
2025-02-13 16:00:00+00:00,-0.003007269,0.00048754081944935024,-0.00011066566783757368,0.0010043444344773889,-0.0022460700720101467
2025-02-13 17:00:00+00:00,0.0042429324,0.0004949109861627221,0.0008376859026030017,0.0009989142417907715,0.004909987724205239
2025-02-13 18:00:00+00:00,0.029991135,0.000499957415740937,0.001446455864394347,0.0009895417606458068,0.030290154021305627
2025-02-14 09:00:00+00:00,0.018152852,0.0005017345538362861,0.0018303190673543313,0.0009814592776820064,0.018476441533434012
2025-02-14 10:00:00+00:00,0.0022626643,0.0005024499841965735,0.001848674901367599,0.000974695198237896,0.0024628793620030003
2025-02-14 11:00:00+00:00,0.00056486705,0.0005030331085436046,0.0014311075748843487,0.0009715829510241747,0.0004009814178554452
2025-02-14 12:00:00+00:00,-0.0005295535,0.0005039257812313735,0.0009998121466751942,0.0009732639882713556,-0.000786482221504311
2025-02-14 13:00:00+00:00,-0.018839225,0.0005045458092354238,-0.0026505131708310006,0.0009823563741520047,-0.019186200220754224
2025-02-14 14:00:00+00:00,0.0033140716,0.0005057250964455307,-0.0006050164192839259,0.0009964549681171775,0.003325169479324223
2025-02-14 15:00:00+00:00,-0.00314316,0.0005047496524639428,-0.0003608160708184621,0.001016034628264606,-0.003080605195953573
2025-02-14 16:00:00+00:00,-0.016304463,0.0005029303720220923,-0.0017084957722511087,0.0010373657569289207,-0.01607485639282272
2025-02-14 17:00:00+00:00,0.012429292,0.0004991799360141158,0.0009794508167993484,0.0010430336697027087,0.012302301123172031
2025-02-14 18:00:00+00:00,0.0031733466,0.0004955396871082485,0.0008953713434805433,0.0010512954322621226,0.0033003136897936454
2025-02-17 09:00:00+00:00,0.02373938,0.0004925663815811276,0.0030663232523892524,0.001049496466293931,0.02401191943909175
2025-02-17 10:00:00+00:00,-0.0010113314,0.0004899497726000845,0.0021109531595074472,0.0010613540653139353,-0.0009152326983275082
2025-02-17 11:00:00+00:00,-0.0013206669,0.00048803663230501115,0.0010992206333800786,0.0010717936092987657,-0.0016945064729175462
2025-02-17 12:00:00+00:00,0.0059293136,0.0004873219004366547,0.001933373551460781,0.0010822978802025318,0.005925380171142039
2025-02-17 13:00:00+00:00,0.0016102076,0.0004869638942182064,0.0017243959924069894,0.001088147982954979,0.0018344695368411631
2025-02-17 14:00:00+00:00,-0.0029423377,0.0004874474252574146,0.0006671576523030155,0.0010856452863663435,-0.003137626342764323
2025-02-17 15:00:00+00:00,0.0061549954,0.0004888147814199328,0.0016381743339119693,0.0010820550378412008,0.006406839173023266
2025-02-17 16:00:00+00:00,0.0015154422,0.0004906276590190828,0.0019682857295977864,0.001062773633748293,0.0019572305114670665
2025-02-17 17:00:00+00:00,-0.01019935,0.0004938164493069053,-0.0006867393345996512,0.001039210706949234,-0.01052819431281811
2025-02-17 18:00:00+00:00,0.002160511,0.0005035792710259557,7.58480563838582e-05,0.0009990528924390674,0.00223603955477625
2025-02-18 09:00:00+00:00,-0.00026322718,0.0005115286912769079,6.076012660440586e-05,0.000980747863650322,-0.000262897188780501
2025-02-18 10:00:00+00:00,0.001534516,0.0005188262439332902,0.0013171541464722122,0.0009604640072211623,0.0013290587192341555
2025-02-18 11:00:00+00:00,-0.012990345,0.0005276756128296256,-0.0011226441228254403,0.0009315627394244075,-0.013411788771413564
2025-02-18 12:00:00+00:00,0.006529494,0.000538152118679136,-0.0020896725795475973,0.0009099211893044412,0.006546652437988461
2025-02-18 13:00:00+00:00,0.002202256,0.0005496449302881956,-0.00038903289001857277,0.000883749220520258,0.0020192471393456046
2025-02-18 14:00:00+00:00,0.008150076,0.0005608376814052463,0.0023376067067498907,0.0008627047063782811,0.00804445285043242
2025-02-18 15:00:00+00:00,-0.01723695,0.000572832184843719,-0.003987381663378024,0.0008342182263731956,-0.017431132421577403
2025-02-18 16:00:00+00:00,0.00069237326,0.0005860362434759736,-0.0023134523954399,0.0008001757087185979,0.0006262866222003495
2025-02-18 17:00:00+00:00,-0.0020252091,0.0006003053858876228,-0.0015280301090532951,0.0007619359530508518,-0.00211853481135121
2025-02-18 18:00:00+00:00,-0.0006759822,0.0006151424604468048,-0.002332409434842366,0.0007285128813236952,-0.000534677985627373
2025-02-19 09:00:00+00:00,0.00417311,0.0006290435558184981,-0.000495445795974039,0.0006945555214770138,0.004142844739614878
2025-02-19 10:00:00+00:00,-0.0077295327,0.0006425653700716794,-0.002667405636251788,0.0006690275622531772,-0.007744276291132155
2025-02-19 11:00:00+00:00,-0.005048798,0.0006576998275704682,-0.0019977407799425867,0.000644116138573736,-0.005092144081777241
2025-02-19 12:00:00+00:00,0.0026708029,0.000671867688652128,-0.00036421939623772106,0.0006176690803840756,0.0025130860695730373
2025-02-19 13:00:00+00:00,0.0043137586,0.0006866931216791272,-0.0005063680006578725,0.0005844328552484512,0.004261490108655768
2025-02-19 14:00:00+00:00,0.0017452167,0.0007013290887698531,9.237851686779953e-05,0.000549214135389775,0.0017743652123393316
2025-02-19 15:00:00+00:00,0.0007470186,0.0007158487569540739,0.00018739076741965398,0.0005141570582054555,0.0005963278118946024
2025-02-19 16:00:00+00:00,0.002645645,0.0007323921890929341,0.00012012739266934613,0.0004741243028547615,0.0024641544270715635
2025-02-19 17:00:00+00:00,0.01456706,0.000748509424738586,0.005061963629435265,0.00043164700036868453,0.014615389639640859
2025-02-19 18:00:00+00:00,-0.0043961504,0.0007629512692801654,0.0003960599291874479,0.00039319973438978195,-0.0045246673824150055
2025-02-20 09:00:00+00:00,0.008015882,0.0007751659722998738,0.002219716193906968,0.00036565307527780533,0.008088659636212994
2025-02-20 10:00:00+00:00,-0.0019434319,0.0007839641766622663,0.0007423127138407556,0.00035060386289842427,-0.001963640247931711
2025-02-20 11:00:00+00:00,-0.0012045566,0.000790980295278132,5.257321709408076e-06,0.0003447829803917557,-0.0012554558448804813
2025-02-20 12:00:00+00:00,0.005990962,0.000796571490354836,0.0022921178586752826,0.00033982182503677905,0.006007823477615724
2025-02-20 13:00:00+00:00,-0.0017378614,0.0008023509872145951,0.0003320747530853208,0.0003271455061621964,-0.0019563836768851494
2025-02-20 14:00:00+00:00,0.0013992154,0.0008112920331768692,0.001425814600864203,0.000310541974613443,0.0012169246705776755
2025-02-20 15:00:00+00:00,0.0026280084,0.0008200283045880497,0.0016244980084014443,0.0002876807120628655,0.0024833650128283694
2025-02-20 16:00:00+00:00,0.0016444098,0.0008287538657896221,0.0012108096891458647,0.00026447910931892693,0.0015890733414437063
2025-02-20 17:00:00+00:00,0.020711407,0.0008375848410651088,0.002437675137372307,0.0002331845462322235,0.021384366976361608
2025-02-20 18:00:00+00:00,-0.007388013,0.0008470271131955087,-0.001026643240470507,0.00020621060684788972,-0.007691536080111677
2025-02-21 09:00:00+00:00,0.0059894174,0.0008568022167310119,0.0011214849220107003,0.000178020607563667,0.006087291378137308
2025-02-21 10:00:00+00:00,0.00027139575,0.0008551029022783041,0.0015711575299604075,0.0001931789010995999,0.000249654014340218
2025-02-21 11:00:00+00:00,0.00036457207,0.000857253500726074,0.0015363306058940747,0.00019406240608077496,0.00035987848760229117
2025-02-21 12:00:00+00:00,-0.002699286,0.0008551248465664685,-5.758806774550134e-05,0.00020440500520635396,-0.00300585864266712
2025-02-21 13:00:00+00:00,-0.008390392,0.0008540271664969623,-0.0008790028062234244,0.00020737291197292507,-0.00899606389977266
2025-02-21 14:00:00+00:00,-0.0002914702,0.000854792888276279,-0.00042572697170286875,0.0002071218768833205,-0.0004938832622310946
2025-02-21 15:00:00+00:00,-0.003444059,0.0008587001357227564,-0.0005962904976021771,0.0002084740117425099,-0.003766506873668588
2025-02-21 16:00:00+00:00,0.0011865763,0.0008628594223409891,-0.0002436929132871654,0.00020834121096413583,0.0011612558040741815
2025-02-21 17:00:00+00:00,0.0079685105,0.0008695138967595994,0.0009749314494258384,0.00020761754421982914,0.008250641699547402
2025-02-21 18:00:00+00:00,9.377144e-05,0.0008744523511268198,-6.0878734693683626e-05,0.00019831582903862,6.479810585557292e-05
2025-02-24 09:00:00+00:00,0.008335999,0.0008822813397273421,0.0025746590676397137,0.00019968164269812405,0.008753935410548348
2025-02-24 10:00:00+00:00,-0.0046178107,0.0008866975549608469,0.0003884170618022311,0.00019956087635364383,-0.004779849366256671
2025-02-24 11:00:00+00:00,0.00013587302,0.0008880590321496129,-0.00046004811290571116,0.00021168032253626734,0.00017989864699605014
2025-02-24 12:00:00+00:00,0.00037355567,0.0008802662487141788,-0.0001193077017374391,0.0002293629659106955,0.00029905125296244254
2025-02-24 13:00:00+00:00,-0.0010870951,0.0008719676407054067,2.1420129908406e-05,0.0002536810061428696,-0.0012352985910087536
2025-02-24 14:00:00+00:00,-0.00023795967,0.000863604829646647,-0.00040900376032987015,0.0002562800655141473,-0.00024857205361073653
2025-02-24 15:00:00+00:00,-0.004036934,0.0008588904165662825,-0.001099244435043901,0.0002603585598990321,-0.004259300383667505
2025-02-24 16:00:00+00:00,0.00011093522,0.0008560101268813014,-0.0006122819471913176,0.00025408374494872987,6.926794914725865e-05
2025-02-24 17:00:00+00:00,0.002471515,0.0008523332653567195,0.000222321345396454,0.00024855349329300225,0.0024359890379934417
2025-02-24 18:00:00+00:00,0.004280843,0.0008442003163509071,0.0017361004437413208,0.0002524851879570633,0.004457369325347211
2025-02-25 09:00:00+00:00,0.01858273,0.0008323219954036176,0.0023897396536162302,0.0002475798537489027,0.019586323125121624
2025-02-25 10:00:00+00:00,-0.002357205,0.0008133811643347144,0.0011734774292280151,0.00024821251281537116,-0.0028262523440484985
2025-02-25 11:00:00+00:00,-0.0023293395,0.0007894239970482886,-0.0005698227612182007,0.00025051450938917696,-0.002800264328436658
2025-02-25 12:00:00+00:00,0.0009858309,0.000764212105423212,0.000435547143959995,0.0002758254704531282,0.0007155504373955004
2025-02-25 13:00:00+00:00,-0.0037144597,0.0007369117811322212,-0.00048451124037186604,0.00029415986500680447,-0.004128861808274465
2025-02-25 14:00:00+00:00,0.0041402387,0.0007110002916306257,0.0007411613007417409,0.00029611153877340257,0.004214895801478841
2025-02-25 15:00:00+00:00,-0.0019885206,0.0006864147144369781,-0.0002678085698747354,0.00029663718305528164,-0.0022517587870160673
2025-02-25 16:00:00+00:00,3.345321e-05,0.000663125014398247,-0.00010122005429907133,0.00030254709417931736,-0.00011996609447907205
2025-02-25 17:00:00+00:00,0.016752478,0.0006381692946888506,0.0025502504249551457,0.0003048448415938765,0.017781427335724763
2025-02-25 18:00:00+00:00,-0.005302209,0.0006167190731503069,0.0002053383328192973,0.00030180762405507267,-0.005899904350449452
2025-02-26 09:00:00+00:00,0.002394835,0.000589164556004107,-0.0003792202278351185,0.0002991659566760063,0.00228027547619894
2025-02-26 10:00:00+00:00,-0.0015188162,0.0005642161704599857,0.0002868994347631522,0.00028635759372264147,-0.0019513195739984724
2025-02-26 11:00:00+00:00,-0.002638644,0.00053801090689376,-0.0003764287380363075,0.0002655758580658585,-0.0031071534618776083
2025-02-26 12:00:00+00:00,-0.0042579924,0.0005145142786204815,-0.0025688712101632006,0.00022537015320267528,-0.00481088779244504
2025-02-26 13:00:00+00:00,-0.010670336,0.00048806073027662933,-0.0037425552835092177,0.00019043908105231822,-0.011464380398700404
2025-02-26 14:00:00+00:00,0.0029381663,0.0004593646735884249,-0.0008101210393385431,0.00015425747551489621,0.003015833903273598
2025-02-26 15:00:00+00:00,-0.009796609,0.00042739053606055677,-0.0022254390425107654,0.00012071672972524539,-0.01043989814033599
2025-02-26 16:00:00+00:00,0.003599588,0.00039669216494075954,-0.0007228978203371666,9.683537791715935e-05,0.0038381139323523067
2025-02-26 17:00:00+00:00,0.0045191254,0.000360241683665663,0.00048517006827998463,8.465047721983865e-05,0.004898396316835001
2025-02-26 18:00:00+00:00,0.0084030945,0.000320703984471038,0.0002803710498015256,6.8693479988724e-05,0.009090187055110307
2025-02-27 09:00:00+00:00,-0.010176331,0.0002757358306553215,-0.0020782915108344137,5.342941585695371e-05,-0.010857368069057205
2025-02-27 10:00:00+00:00,-0.0019786397,0.00023241800954565406,-0.0027209776915984663,3.435999315115623e-05,-0.0020577670133145546
2025-02-27 11:00:00+00:00,-0.0047054933,0.00018678035121411085,-0.0025152630014235295,7.658208232896868e-06,-0.004940774875541433
2025-02-27 12:00:00+00:00,-0.006993422,0.00013813578698318452,-0.004168242610228248,-2.7412788767833263e-05,-0.007278581855442988
2025-02-27 13:00:00+00:00,0.00588352,8.901283581508324e-05,-0.0014977313258691016,-5.9012192650698125e-05,0.0062169267185358925
2025-02-27 14:00:00+00:00,-0.0038220503,3.923185795429163e-05,-0.0021931451862705928,-9.409286576556042e-05,-0.003952276924014434
2025-02-27 15:00:00+00:00,0.010109306,-1.5140253708523232e-05,0.0021837672920351965,-0.00012386251182761043,0.010659955569945133
2025-02-27 16:00:00+00:00,-0.00073316565,-6.856003892607987e-05,0.0020666797346620964,-0.00015228590928018093,-0.0007072064421306583
2025-02-27 17:00:00+00:00,-0.019872433,-0.00011920060933334753,-0.004872540183571058,-0.00017503502022009343,-0.020925301401347705
2025-02-27 18:00:00+00:00,-0.0014026997,-0.00015883987362030894,-0.003987957665247388,-0.00018841474957298487,-0.0012999794317759712
2025-02-28 09:00:00+00:00,-0.01022232,-0.00019605745910666883,-0.0032948823563686697,-0.00020972733909729868,-0.01050964582469948
2025-02-28 10:00:00+00:00,-0.0115153,-0.00023455497284885496,-0.0036675938017598077,-0.00023003110254649073,-0.011727379925526646
2025-02-28 11:00:00+00:00,0.0023382776,-0.0002732233260758221,-0.0031128352334507596,-0.000270321179414168,0.0024948612628914986
2025-02-28 12:00:00+00:00,-0.0044703432,-0.00030479420092888176,-0.003344406665921947,-0.0003129704564344138,-0.004423630032476187
2025-02-28 13:00:00+00:00,0.0061284346,-0.000331423943862319,-0.001798747945474519,-0.00034390794462524354,0.0063285700730651125
2025-02-28 14:00:00+00:00,0.0007710844,-0.000361711805453524,-0.0021547931343680977,-0.0003772696072701365,0.0009085637782084447
2025-02-28 15:00:00+00:00,-0.0046618492,-0.00038536699139513075,-0.0032820198197941646,-0.0004144014965277165,-0.004647273152784174
2025-02-28 16:00:00+00:00,0.0033471438,-0.0004038967308588326,-0.0023128078414547714,-0.0004490393621381372,0.0034472774623847376
2025-02-28 17:00:00+00:00,-0.0012988724,-0.0004299408756196499,-0.0026269900301609506,-0.0004735303809866309,-0.0014507659750019445
2025-02-28 18:00:00+00:00,0.003209009,-0.0004435886803548783,-0.0013744150291337552,-0.0004901977954432368,0.003221771724194393
2025-03-03 09:00:00+00:00,-0.004052424,-0.0004640796105377376,-0.0017535476781091464,-0.0005124525632709265,-0.004256127176664758
2025-03-03 10:00:00+00:00,-0.010185735,-0.00048593361862003803,-0.0033538860898982485,-0.0005336336907930672,-0.010463727814990307
2025-03-03 11:00:00+00:00,-0.002391378,-0.0005055418005213141,-0.002260552806038628,-0.0005539795383810997,-0.0026207809238878808
2025-03-03 12:00:00+00:00,-0.0030932592,-0.0005220752791501582,-0.0028417663515210626,-0.000568607822060585,-0.003247370532905455
2025-03-03 13:00:00+00:00,0.0012669862,-0.0005379583453759551,-0.0020744796392553632,-0.000585826113820076,0.0011658535256315993
2025-03-03 14:00:00+00:00,0.0030360115,-0.0005548385088331997,-0.0008535429121177987,-0.0006150715635158122,0.0029083835475682903
2025-03-03 15:00:00+00:00,-0.0014322763,-0.0005659794551320374,-0.00134545506156905,-0.0006496894056908786,-0.0016284413780770124
2025-03-03 16:00:00+00:00,0.005468958,-0.0005749661941081285,0.0015088703954019992,-0.0006805332377552986,0.0052875139491236215
2025-03-03 17:00:00+00:00,-0.015399882,-0.0005813220050185919,-0.004524422574119632,-0.0007065462996251881,-0.015635527765717343
2025-03-03 18:00:00+00:00,-0.0016557785,-0.0005940967821516097,-0.003312819748285662,-0.0007216837257146835,-0.001803941092746278
2025-03-04 09:00:00+00:00,0.0185597,-0.0006089861853979528,0.0046200176391203605,-0.000740649935323745,0.01846063072976123
2025-03-04 10:00:00+00:00,0.008854367,-0.0006144545041024685,0.004185173126128749,-0.0007486920803785324,0.008922940399138648
2025-03-04 11:00:00+00:00,0.0026515813,-0.0006186904502101243,0.0022000710977388557,-0.0007588949520140886,0.0025445737801803666
2025-03-04 12:00:00+00:00,-0.0026340561,-0.0006225198158062994,0.00016227813763801548,-0.0007573989569209516,-0.002802665515995756
2025-03-04 13:00:00+00:00,-0.0023335596,-0.0006247988203540444,-0.0005467589092063747,-0.0007613119087181985,-0.0025917476485793796
2025-03-04 14:00:00+00:00,0.0011411418,-0.0006258590728975832,0.0005120412285354867,-0.0007748103816993535,0.0009137666333093864
2025-03-04 15:00:00+00:00,-0.0025562095,-0.0006286582793109119,-0.0003547084814048062,-0.0007853590650483966,-0.002764389868657343
2025-03-04 16:00:00+00:00,0.003485716,-0.0006290310993790627,0.0007817854598311808,-0.0008015123312361538,0.0033164632441572673
2025-03-04 17:00:00+00:00,-0.0010962076,-0.0006270588492043316,-9.457041835287297e-05,-0.0008032922050915658,-0.0012634685756264495
2025-03-04 18:00:00+00:00,0.0040106536,-0.0006191559950821102,0.001536785686379755,-0.0008004251285456121,0.0040031822348871125
2025-03-05 09:00:00+00:00,0.00040192925,-0.0006116818403825164,0.0009810159210130965,-0.0007982525858096778,0.0003651433499940862
2025-03-05 10:00:00+00:00,-0.0019850037,-0.0006076651043258607,0.00027480989184987487,-0.0007979386136867106,-0.0021487934337251035
2025-03-05 11:00:00+00:00,0.009374361,-0.0006104300846345723,0.0024102728324730594,-0.0008024683920666575,0.00947997621836814
2025-03-05 12:00:00+00:00,0.0011699708,-0.0006126666557975113,0.0007388940962826901,-0.0008012968464754522,0.0011066146500451385
2025-03-05 13:00:00+00:00,-0.0027320643,-0.0006173192523419857,-0.0015683773097243633,-0.0007990183657966554,-0.0030868517207407716
2025-03-05 14:00:00+00:00,-0.00093842874,-0.0006223273230716586,-0.0013021311606574275,-0.000798987690359354,-0.0012013003385935239
2025-03-05 15:00:00+00:00,-0.0018098293,-0.0006326694274321198,-0.0007130196699043126,-0.0007894005975686014,-0.0020965175712352505
2025-03-05 16:00:00+00:00,0.0029045772,-0.0006414999370463192,0.00017867286344807614,-0.0007833553245291114,0.002761776149266255
2025-03-05 17:00:00+00:00,-0.007828545,-0.0006484648329205811,-0.002874087347356389,-0.000773880397900939,-0.00807723416999923
2025-03-05 18:00:00+00:00,0.002141937,-0.0006622771616093814,-0.0009884625474109309,-0.0007506259717047215,0.0019801404791939766
2025-03-06 09:00:00+00:00,-0.010702896,-0.0006751696928404272,-0.003435320172696918,-0.0007560969679616392,-0.010987010162180682
2025-03-06 10:00:00+00:00,-0.0013603161,-0.0006854363018646836,-0.002004522575921586,-0.0007483941153623164,-0.0014437398723795062
2025-03-06 11:00:00+00:00,-0.0036838977,-0.000694710819516331,-0.0031019475397003984,-0.000741064315661788,-0.003886833579232534
2025-03-06 12:00:00+00:00,-0.0022204272,-0.0007046431419439614,-0.0030872946922577697,-0.0007355757406912744,-0.0023356278192811545
2025-03-06 13:00:00+00:00,-0.0033309911,-0.0007060203934088349,-0.0035141319992379495,-0.0007370277307927608,-0.0033426919912799605
2025-03-06 14:00:00+00:00,-0.0007585933,-0.0006974926218390465,-0.0026722708771979293,-0.0007519093342125416,-0.0008003175521033627
2025-03-06 15:00:00+00:00,0.004462961,-0.0006934799603186548,-0.0008778995112639344,-0.0007465031230822206,0.00451988864172242
2025-03-06 16:00:00+00:00,0.0048235594,-0.0006832609651610255,0.0001067338480401479,-0.000758709735237062,0.004809912310817227
2025-03-06 17:00:00+00:00,0.0024030828,-0.0006678906502202153,-4.890327099591477e-05,-0.0007436622399836779,0.0024000082793718632
2025-03-06 18:00:00+00:00,-0.004519392,-0.0006493334658443928,-0.0011366820460406944,-0.0007197097293101251,-0.004726495059779351
2025-03-07 09:00:00+00:00,0.005974335,-0.0006319472449831665,3.094762265287788e-05,-0.0006872094818390906,0.0058436549721803625
2025-03-07 10:00:00+00:00,0.0031934434,-0.000610572227742523,0.0014170344129266891,-0.0006846230244264007,0.0030298819068249002
2025-03-07 11:00:00+00:00,0.0029030652,-0.0005883552366867661,0.0019784696425275,-0.0006575416773557663,0.0027378927207364853
2025-03-07 12:00:00+00:00,-0.00417746,-0.0005672877887263894,0.0006292757119916769,-0.0006259119836613536,-0.004387717804677121
2025-03-07 13:00:00+00:00,0.0019417056,-0.0005405422998592257,0.000398446436422513,-0.000592722266446799,0.001787899736174043
2025-03-07 14:00:00+00:00,3.510928e-05,-0.0005210242816247046,0.0008463317483398136,-0.0005494048818945885,-0.00013108166586812058
2025-03-07 15:00:00+00:00,-0.001748183,-0.0005018539959564805,-0.0006591626487856088,-0.0005115349194966257,-0.0017770979166670856
2025-03-07 16:00:00+00:00,0.0024764226,-0.0004848339012823999,0.00082713900323248,-0.0004655416705645621,0.0023719731750715908
2025-03-07 17:00:00+00:00,-0.014381746,-0.00046944431960582733,-0.004811400199398049,-0.0004244290175847709,-0.014677225799557275
2025-03-07 18:00:00+00:00,-0.0041371374,-0.00045854528434574604,-0.004293863233867879,-0.00040191764128394425,-0.004276092643008494
2025-03-10 09:00:00+00:00,0.01777309,-0.00044200473348610103,0.0038074251591082575,-0.0003500299935694784,0.01772034265494887
2025-03-10 10:00:00+00:00,-0.0059599704,-0.000424590049078688,0.00024030034278850763,-0.0003117457090411335,-0.006122415404232922
2025-03-10 11:00:00+00:00,-0.00061827624,-0.0004042040673084557,-0.0008285575460162317,-0.0002767943369690329,-0.000750099690490285
2025-03-10 12:00:00+00:00,0.0024443741,-0.00038756243884563446,0.0005545176595485685,-0.00023059271916281432,0.00233272382314303
2025-03-10 13:00:00+00:00,0.0015676055,-0.00036745218676514924,0.0002621734805703841,-0.00019442723714746535,0.0013772902853566534
2025-03-10 14:00:00+00:00,0.0017232895,-0.00035604467848315835,0.0004542415499290526,-0.00015403989527840167,0.0017304584131976838
2025-03-10 15:00:00+00:00,-0.0011954363,-0.00034216794301755726,-0.0005275426789332349,-0.00011423585965530947,-0.001245396221743971
2025-03-10 16:00:00+00:00,-0.0003694679,-0.00033183899358846247,-0.0004123367226334558,-7.159968663472682e-05,-0.0005392496231093107
2025-03-10 17:00:00+00:00,0.0048887837,-0.0003314005152788013,0.0014605083456383765,-2.411201421637088e-05,0.004851825233359636
2025-03-10 18:00:00+00:00,-0.0011651694,-0.0003481890307739377,0.00010400302584189628,2.525826494093053e-05,-0.0011928869869650186
2025-03-11 09:00:00+00:00,-0.0034684907,-0.0003621459472924471,-0.0011796623309699229,7.494282181141898e-05,-0.0035427900874897603
2025-03-11 10:00:00+00:00,0.0035123187,-0.0003668389981612563,0.0009719370687387558,0.00010541154188103974,0.0035455452291335795
2025-03-11 11:00:00+00:00,0.0011125859,-0.0003575650625862181,0.0012978724139434531,0.00011656604328891262,0.0010641080058744709
2025-03-11 12:00:00+00:00,-0.00026270392,-0.000330280396156013,-0.0005190900242466378,0.00013909369590692222,-0.0002510835394899428
2025-03-11 13:00:00+00:00,0.00037652085,-0.0002911479095928371,-0.0007021994836576544,0.00016850039537530392,0.0004009833345127119
2025-03-11 14:00:00+00:00,-0.0051082317,-0.00025342131266370416,-0.0032587198639916323,0.0002106531901517883,-0.005257159179689002
2025-03-11 15:00:00+00:00,0.0027153513,-0.00023666919150855392,-0.0010190438757579827,0.00025993696181103587,0.0026560552551562707
2025-03-11 16:00:00+00:00,0.0011840081,-0.0002357322518946603,-0.0004631757357168267,0.00029569852631539106,0.0011521020132286238
2025-03-11 17:00:00+00:00,0.021007208,-0.0002457902010064572,0.003761065773802548,0.0003371176135260612,0.021488888375380374
2025-03-11 18:00:00+00:00,-0.00021459872,-0.00023769297695253044,0.0015902095432092519,0.000353915587766096,-0.000394313331062162
2025-03-12 09:00:00+00:00,-0.0046811085,-0.00020201534789521247,-0.001013937833520722,0.000367690809071064,-0.005138218937437327
2025-03-12 10:00:00+00:00,-0.0053185862,-0.0001755394769134,-0.0009820841210949084,0.0004029894480481744,-0.005644834077345789
2025-03-12 11:00:00+00:00,-0.0011365658,-0.0001747765636537224,-0.0011257111511138963,0.00042356899939477444,-0.001353242276111726
2025-03-12 12:00:00+00:00,0.0035874944,-0.00018945378542412072,0.00023702531470143193,0.00042002415284514427,0.0035505152294120165
2025-03-12 13:00:00+00:00,-0.0017661424,-0.00020612117077689618,-0.00026688085130116036,0.00040713147609494627,-0.0018625413656835946
2025-03-12 14:00:00+00:00,0.0034687265,-0.0002209045778727159,0.00040034991872792055,0.0004029460542369634,0.0034168019395706636
2025-03-12 15:00:00+00:00,0.0021650912,-0.00023027551651466638,0.001401967392501798,0.00040272221667692065,0.002128497877221409
2025-03-12 16:00:00+00:00,-0.0035044446,-0.0002335618919460103,-6.958725921679193e-05,0.0004003574722446501,-0.0036439160314942257
2025-03-12 17:00:00+00:00,-3.4587716e-05,-0.0002439553354633972,-0.0007623908222897797,0.00040491935214959085,-5.832156170421582e-05
2025-03-12 18:00:00+00:00,0.0012875854,-0.00025624496629461646,-0.00034487497220697064,0.00040025022462941706,0.0013269338286419582
2025-03-13 09:00:00+00:00,-0.0109933205,-0.00027118815341964364,-0.0022891646890520713,0.0003909055085387081,-0.011353163501121427
2025-03-13 10:00:00+00:00,-0.002334009,-0.00028186908457428217,-0.0033282735743289256,0.0003719762316904962,-0.0024400656069347207
2025-03-13 11:00:00+00:00,-0.004420672,-0.0002919072285294533,-0.0031455105592100184,0.00035365138319320977,-0.004485829327799789
2025-03-13 12:00:00+00:00,0.0068769134,-0.00030345487175509334,-0.0011005263047034826,0.0003417941916268319,0.007023772350086605
2025-03-13 13:00:00+00:00,-0.003507011,-0.0003138096653856337,-0.001586234418132494,0.0003159260959364474,-0.0035881451006837864
2025-03-13 14:00:00+00:00,-0.0068482277,-0.0003169233095832169,-0.004693241159445502,0.00028911003028042614,-0.006964496248146273
2025-03-13 15:00:00+00:00,-0.0037117926,-0.0003215251781512052,-0.003031349313699876,0.00026765328948386014,-0.0036565713330120645
2025-03-13 16:00:00+00:00,0.0040910332,-0.00032114217174239457,-0.0013428430433116984,0.00024055989342741668,0.0041527615562059975
2025-03-13 17:00:00+00:00,-0.00029103225,-0.00032363718491978943,-0.0010091205117479269,0.00022250006441026926,-0.00025106060984620354
2025-03-13 18:00:00+00:00,0.0013574264,-0.00032743788324296474,-0.0010125858937393706,0.0002027445734711364,0.0013841492105160455
2025-03-14 09:00:00+00:00,0.012230346,-0.00032787618692964315,0.0017342706462277243,0.00018580624600872397,0.01246984845252746
2025-03-14 10:00:00+00:00,-0.0012886375,-0.00032929034205153584,0.0007856795803968604,0.00015510960656683892,-0.0013676959053136642
2025-03-14 11:00:00+00:00,-0.006354222,-0.0003326816367916763,-0.0017821031387165128,0.0001395461877109483,-0.006479572317471932
2025-03-14 12:00:00+00:00,0.004583994,-0.00034338555997237563,0.0001395653063534202,0.0001256490795640275,0.004579418209468772
2025-03-14 13:00:00+00:00,0.002736862,-0.00035403858055360615,0.0007052285564725768,0.00010439679317642003,0.002773604816470427
2025-03-14 14:00:00+00:00,0.0008613452,-0.00036921989521943033,-6.78696624994785e-05,8.075548976194113e-05,0.000884155246309521
2025-03-14 15:00:00+00:00,0.0024668209,-0.00037730325129814446,0.0003249504857486102,6.593334546778351e-05,0.0024567843518002405
2025-03-14 16:00:00+00:00,0.009385848,-0.000386882689781487,0.002195931061884221,6.802150892326608e-05,0.009643268921627974
2025-03-14 17:00:00+00:00,0.0090260655,-0.00039652458508498967,0.0015516388582416246,6.951177056180313e-05,0.009279952956452503
2025-03-14 18:00:00+00:00,0.0018209827,-0.00040565949166193604,0.0010990916719662977,4.072280353284441e-05,0.0017437459647331962
2025-03-17 09:00:00+00:00,0.018038088,-0.00040700979297980666,0.0014382215300315824,1.014913050312316e-05,0.019023799927348425
2025-03-17 10:00:00+00:00,-0.0009355866,-0.00040713860653340816,0.002071205527109507,-1.453707318432862e-05,-0.0012829831626832203
2025-03-17 11:00:00+00:00,0.0020120982,-0.00040455313865095377,0.001695696988045134,-2.5888773961924016e-05,0.0018746650816850404
2025-03-17 12:00:00+00:00,-0.0019703123,-0.00040740796248428524,0.0010049771982282773,-3.5041215596720576e-05,-0.0023742992965780133
2025-03-17 13:00:00+00:00,-0.0011539331,-0.0004097615019418299,0.00016437055179027512,-5.311440327204764e-05,-0.0014475524007495125
2025-03-17 14:00:00+00:00,-0.0054784087,-0.0004148690204601735,-0.0008266582862020429,-6.586100062122568e-05,-0.005975190292646542
2025-03-17 15:00:00+00:00,0.0039796536,-0.0004223271971568465,-0.00016268059557186592,-8.753031579544768e-05,0.004059724654381031
2025-03-17 16:00:00+00:00,0.0014903881,-0.00042690293048508465,9.60661825850053e-05,-0.00010831873078132048,0.0015281528334852254
2025-03-17 17:00:00+00:00,-0.0006109579,-0.000428809376899153,-0.0005949218659694749,-0.0001253260561497882,-0.0007712535550454307
2025-03-17 18:00:00+00:00,0.0150641175,-0.00043624796671792865,0.0007065440000897832,-0.00014535845548380166,0.01614201687107047
2025-03-18 09:00:00+00:00,0.0056002745,-0.00044237548718228936,0.0012406173089260317,-0.00015862987493164837,0.006029375687332023
2025-03-18 10:00:00+00:00,-0.0026523145,-0.0004505350661929697,0.00046949210374143673,-0.0001605605793884024,-0.0030260067084825807
2025-03-18 11:00:00+00:00,-0.0021153926,-0.00045416149077937007,-0.0004936870048247786,-0.00017647678032517433,-0.0024946146575516906
2025-03-18 12:00:00+00:00,0.0008401078,-0.000453815096989274,-0.0005553885935377541,-0.0001908475096570328,0.0007484219925245013
2025-03-18 13:00:00+00:00,0.0014068345,-0.0004555806517601013,-2.818543027262424e-06,-0.0002016153885051608,0.0015328058947957032
2025-03-18 14:00:00+00:00,0.00037810914,-0.0004570733290165663,-0.00019179888825248412,-0.0002070211194222793,0.00034725367542725666
2025-03-18 15:00:00+00:00,-0.00014793871,-0.000461180810816586,-0.0001115379030130676,-0.00021522909810300916,-0.0002856059948769855
2025-03-18 16:00:00+00:00,0.0018640712,-0.00046610517892986536,0.0007034855303654456,-0.00022833143884781748,0.002087458573113483
2025-03-18 17:00:00+00:00,0.0028018795,-0.00047721818555146456,0.0010880690144665446,-0.00023965314903762192,0.0030618876136386205
2025-03-18 18:00:00+00:00,0.029638546,-0.00047948560677468777,0.0006665462206973511,-0.00024938135175034404,0.03278821659067282
2025-03-19 09:00:00+00:00,-0.013102806,-0.00047393981367349625,-0.002040821874559249,-0.00026352136046625674,-0.014739412289729697
2025-03-19 10:00:00+00:00,-0.004306354,-0.00047499319771304727,-0.0007742155954260717,-0.00027147732907906175,-0.005234326771118075
2025-03-19 11:00:00+00:00,0.003009948,-0.0004786407225765288,-0.000736382330055449,-0.00027910873177461326,0.0029038467413456345
2025-03-19 12:00:00+00:00,-0.0011528772,-0.0004761339514516294,-0.0013622358817980149,-0.0002919867110904306,-0.0016080127798702762
2025-03-19 13:00:00+00:00,-0.002406779,-0.00046780845150351524,-0.001227905187298335,-0.0003063356562051922,-0.0028081939972978746
2025-03-19 14:00:00+00:00,0.0052502872,-0.00045785773545503616,-0.0004529150278697647,-0.0003222638042643666,0.00558960466641017
2025-03-19 15:00:00+00:00,0.005054811,-0.0004431437992025167,4.908951717088265e-05,-0.000345412059687078,0.005434669661111885
2025-03-19 16:00:00+00:00,-0.00012806045,-0.00043203902896493673,-0.0005590248054041238,-0.00036268235999159515,-0.0002974663458574271
2025-03-19 17:00:00+00:00,-0.016862337,-0.000425858364906162,-0.003117143528232207,-0.0003780212136916816,-0.018819985948413002
2025-03-19 18:00:00+00:00,-0.0002849548,-0.000428136030677706,-0.002318383804869097,-0.00038138162926770747,-0.00022624270018107223
2025-03-20 09:00:00+00:00,0.003243681,-0.00043086649384349585,-0.0001360932835663015,-0.0003936832072213292,0.003672298879577258
2025-03-20 10:00:00+00:00,-0.00502853,-0.0004366690991446376,-0.001469222330175946,-0.0004093652532901615,-0.0055078828348642025
2025-03-20 11:00:00+00:00,-0.00039978625,-0.0004392443806864321,-0.002827318259601404,-0.00042352412128821015,-0.00045613042895959393
2025-03-20 12:00:00+00:00,0.0010195469,-0.00044443426304496825,-0.0014681179716476513,-0.0004327350470703095,0.0012200454211195818
2025-03-20 13:00:00+00:00,-0.0025467323,-0.0004519386566244066,-0.0024924226259879253,-0.0004403967468533665,-0.0027277120792789703
2025-03-20 14:00:00+00:00,-0.0021681956,-0.0004591807955875993,-0.002475384759215164,-0.0004474662709981203,-0.0022677199516480443
2025-03-20 15:00:00+00:00,-0.0042271563,-0.0004770999657921493,-0.0014070573213683384,-0.0004561173846013844,-0.004374032136952704
2025-03-20 16:00:00+00:00,0.0067222184,-0.0004947678535245359,-0.00011789287376147436,-0.00046841142466291785,0.0074200632264179115
2025-03-20 17:00:00+00:00,-0.015056322,-0.0005075522931292653,-0.0037719861614630952,-0.00048282917123287916,-0.01624025405237867
2025-03-20 18:00:00+00:00,-0.0021172815,-0.0005141058936715126,-0.0033800693405272985,-0.0004896507598459721,-0.002144194046701469
2025-03-21 09:00:00+00:00,-0.00044894125,-0.0005238893209025264,-0.002689426105361845,-0.0004937092307955027,-0.00021560259320247338
2025-03-21 10:00:00+00:00,0.0020601435,-0.0005267550586722791,-0.0022013770290070394,-0.0005100900889374316,0.002332711734039978
2025-03-21 11:00:00+00:00,0.0016168957,-0.0005313013098202646,-0.001209339982948962,-0.0005190562224015594,0.0018812256245353495
2025-03-21 12:00:00+00:00,0.00070398336,-0.0005281947669573128,-0.0013330634252794417,-0.0005346060497686267,0.000937521318920715
2025-03-21 13:00:00+00:00,-0.0054959334,-0.0005285450024530292,-0.0035243936428609253,-0.0005543014267459512,-0.0059711913524142565
2025-03-21 14:00:00+00:00,-0.0006995337,-0.0005309757543727756,-0.003065620157258406,-0.0005758362822234631,-0.0007705526882674833
2025-03-21 15:00:00+00:00,-0.0025440955,-0.0005316159804351628,-0.0030564331432568355,-0.000591669580899179,-0.002605061397689295
2025-03-21 16:00:00+00:00,-0.0028353154,-0.0005264475475996733,-0.002959072555726772,-0.0005998917040415108,-0.002991909859476121
2025-03-21 17:00:00+00:00,-0.004019996,-0.0005216061836108565,-0.003240409296189549,-0.0006083708722144365,-0.0042983844850980665
2025-03-21 18:00:00+00:00,-0.0010601422,-0.0005166507326066494,-0.002917139460025643,-0.0006205260287970304,-0.001096984232626224
2025-03-24 09:00:00+00:00,0.0024551237,-0.0005031089531257749,-0.001490282374273668,-0.0006362157291732728,0.0027517838535387426
2025-03-24 10:00:00+00:00,-0.003870397,-0.0005075911176390946,-0.0031797625739343094,-0.0006530959508381784,-0.004012835345891202
2025-03-24 11:00:00+00:00,-0.00087712647,-0.0005144195165485144,-0.0028474975181110376,-0.0006688222638331354,-0.0008527801561670261
2025-03-24 12:00:00+00:00,0.0006916446,-0.0005239057936705649,-0.002077390913543887,-0.0006846294272691011,0.0007177315920457401
2025-03-24 13:00:00+00:00,-0.0025834572,-0.0005286510568112135,-0.0030625682396476844,-0.0006963420892134309,-0.0027513444310202687
2025-03-24 14:00:00+00:00,-0.00022827287,-0.000530235527548939,-0.003243263422062332,-0.0007112271268852055,-0.00020397958879109706
2025-03-24 15:00:00+00:00,0.000777605,-0.0005326573736965656,-0.0024590828743215323,-0.0007261854480020702,0.0007751140552712483
2025-03-24 16:00:00+00:00,-0.002097536,-0.0005466891452670097,-0.003303219588615716,-0.0007412215927615762,-0.002296441027014933
2025-03-24 17:00:00+00:00,0.010645028,-0.0005684483330696821,0.00412860433028874,-0.000755642366129905,0.01118950452547401
2025-03-24 18:00:00+00:00,0.00011727159,-0.0005951812490820885,-4.025994657194367e-06,-0.0007685512537136674,5.547878197225758e-05
2025-03-25 09:00:00+00:00,0.0032947306,-0.0006309180171228945,0.0003131923945678476,-0.0007755814585834742,0.0034596083495713145
2025-03-25 10:00:00+00:00,-0.0023570526,-0.0006693287286907434,-0.0007104651141851241,-0.000778383866418153,-0.002536282534281125
2025-03-25 11:00:00+00:00,0.00080302474,-0.0007111874292604625,-0.0009971375992257334,-0.000787432596553117,0.0007578843602956082
2025-03-25 12:00:00+00:00,-0.010540659,-0.0007529379799962044,-0.0035425361776289265,-0.0007942525553517044,-0.011173248545732489
2025-03-25 13:00:00+00:00,0.0014101695,-0.0007867253152653575,-0.002347795034099146,-0.0008036207873374224,0.001344557509915407
2025-03-25 14:00:00+00:00,0.00046399212,-0.0008229744853451848,-0.0010813247677066674,-0.0008142169681377709,0.00034446448226637744
2025-03-25 15:00:00+00:00,-0.0007762534,-0.0008542718715034425,-0.0007960519585053611,-0.0008323548827320337,-0.0008972623204514578
2025-03-25 16:00:00+00:00,-0.0026370075,-0.0008868141449056566,-0.0014999880278128708,-0.0008485364960506558,-0.0028542845895047123
2025-03-25 17:00:00+00:00,-0.00093137467,-0.0009171151905320585,-0.0006786235244570032,-0.0008669011876918375,-0.0010259225949213516
2025-03-25 18:00:00+00:00,0.003044915,-0.0009421949507668614,0.0016668216876939528,-0.0008961015846580267,0.0032499284485878973
2025-03-26 09:00:00+00:00,0.010852142,-0.0009711206657811999,0.0013104680367725633,-0.0009153891005553305,0.011524085089020192
2025-03-26 10:00:00+00:00,-0.0054281494,-0.0009954656707122922,-0.001134003667245911,-0.0009387596510350704,-0.005782987742955553
2025-03-26 11:00:00+00:00,-0.00096641504,-0.0010188472224399447,-0.001893578107783352,-0.0009656279580667615,-0.0011198110723726388
2025-03-26 12:00:00+00:00,0.0027539206,-0.0010416337754577398,-0.0008825809494414379,-0.000991370528936386,0.002803604159572532
2025-03-26 13:00:00+00:00,-0.0035529686,-0.001063239062204957,-0.001774982817725509,-0.0010144643019884825,-0.003761493498368023
2025-03-26 14:00:00+00:00,-0.0025949967,-0.0010831478284671903,-0.002196770849237628,-0.0010402539046481252,-0.0027048751424786958
2025-03-26 15:00:00+00:00,-0.00084398163,-0.0010997490026056767,-0.0014035113503888322,-0.0010677556274458766,-0.0008192555664280947
2025-03-26 16:00:00+00:00,-0.0019946254,-0.001118196058087051,-0.0018090014984060575,-0.0010967565467581153,-0.00209958820940565
2025-03-26 17:00:00+00:00,-0.003016389,-0.001134206890128553,-0.002520877399689463,-0.0011233866680413485,-0.0030431216945687226
2025-03-26 18:00:00+00:00,-0.0011802217,-0.0011511400807648897,-0.003303527665682837,-0.001148981275036931,-0.0011577954418215456
2025-03-27 09:00:00+00:00,-0.008694928,-0.0011687857331708074,-0.0054920719126574456,-0.0011519143590703607,-0.009047743204577413
2025-03-27 10:00:00+00:00,-0.00077159837,-0.0011828980641439557,-0.0030109454786366487,-0.0011920057004317641,-0.0007858964751876245
2025-03-27 11:00:00+00:00,-0.004090829,-0.001200316590256989,-0.004223586767975333,-0.0012167192762717605,-0.004055810517905994
2025-03-27 12:00:00+00:00,0.0017982444,-0.0012199595803394914,-0.002539107163305493,-0.001234779367223382,0.001974543685291425
2025-03-27 13:00:00+00:00,0.0012972009,-0.0012365106958895922,-0.0018365694741881646,-0.0012574665015563369,0.0014698791859529222
2025-03-27 14:00:00+00:00,-0.00010302728,-0.0012538469163700938,-0.0015504806844272151,-0.0012790181208401918,1.089240174528344e-05
2025-03-27 15:00:00+00:00,-0.009394195,-0.0012725655687972903,-0.003764898682766979,-0.0012884442694485188,-0.009599934328393627
2025-03-27 16:00:00+00:00,0.0010135355,-0.0012919266009703279,-0.002407496478496033,-0.001300230622291565,0.001026987996694035
2025-03-27 17:00:00+00:00,0.0030689854,-0.0013093140441924334,-0.002045557796765167,-0.0013158856891095638,0.0031964138043306064
2025-03-27 18:00:00+00:00,0.00030206656,-0.0013250178890302777,-0.0013615156647450125,-0.0013599615776911378,0.00034642094980901834
2025-03-28 09:00:00+00:00,-0.00986853,-0.0013364374171942472,-0.003360743637243025,-0.0013765969779342413,-0.010231766687285043
2025-03-28 10:00:00+00:00,0.0075013377,-0.0013479114277288318,-0.0014425806461947372,-0.0013882737839594483,0.007658220567164082
2025-03-28 11:00:00+00:00,-0.006073139,-0.0013597635552287102,-0.0023204843512683567,-0.001412709942087531,-0.006201068403116577
2025-03-28 12:00:00+00:00,-0.005628803,-0.0013681587297469378,-0.002907410940726331,-0.0014297075103968382,-0.005841682604243286
2025-03-28 13:00:00+00:00,-0.0012697636,-0.0013765888288617134,-0.003089594580949694,-0.0014425349654629827,-0.0011805079316091253
2025-03-28 14:00:00+00:00,-0.009623629,-0.001390852965414524,-0.0037931464902623223,-0.0014607954071834683,-0.009811064392708685
2025-03-28 15:00:00+00:00,0.0021034405,-0.0013984391698613763,-0.002734443917687819,-0.00147680111695081,0.002105991329513219
2025-03-28 16:00:00+00:00,0.00017655834,-0.001406947965733707,-0.002641074713876019,-0.0014953591162338853,0.00026637356012165287
2025-03-28 17:00:00+00:00,0.0031023354,-0.001416005427017808,-0.002032969050801992,-0.0015033067902550101,0.003177959477183296
2025-03-28 18:00:00+00:00,0.0023116723,-0.001428235205821693,-0.0014846131713170654,-0.0015402155695483088,0.0023918925428161827
2025-03-31 09:00:00+00:00,-0.005078633,-0.0014325082302093506,-0.002065526068979931,-0.001551517634652555,-0.005194829351482693
2025-03-31 10:00:00+00:00,-0.008863342,-0.0014351619174703956,-0.003943102771969033,-0.0015552062541246414,-0.008970893478265024
2025-03-31 11:00:00+00:00,-0.0017821345,-0.001436386606656015,-0.003288003546748617,-0.0015588137321174145,-0.001787808435467835
2025-03-31 12:00:00+00:00,0.0070741386,-0.0014389721909537911,-0.0004745525372085251,-0.0015599813777953386,0.007155687907170633
2025-03-31 13:00:00+00:00,0.0030417468,-0.0014384564710780978,-0.00036046816608833803,-0.0015605235239490867,0.00303268536712969
2025-03-31 14:00:00+00:00,0.0009266001,-0.0014370883582159877,-0.0008203300298058314,-0.0015635399613529444,0.0009774158036164834
2025-03-31 15:00:00+00:00,-0.003171647,-0.0014302103081718087,-0.001469845423641351,-0.0015593965072184801,-0.003256643873926717
2025-03-31 16:00:00+00:00,0.0018653341,-0.0014264367055147886,-0.0004589148833032768,-0.001550542307086289,0.001835352018615228
2025-03-31 17:00:00+00:00,-0.019207867,-0.0014212479582056403,-0.0033648985120526566,-0.0015404190635308623,-0.01934406342525258
2025-03-31 18:00:00+00:00,-0.00033318475,-0.0014112440403550863,-0.002790028854651058,-0.0015286244451999664,-0.00029413009015550256
2025-04-01 09:00:00+00:00,0.0068037244,-0.0013983994722366333,-0.00027960319139692843,-0.001513336319476366,0.006857627079140999
2025-04-01 10:00:00+00:00,-0.0011994058,-0.0013850390678271651,-0.0011012667218671698,-0.0014925512950867414,-0.0011150057045782916
2025-04-01 11:00:00+00:00,-0.00038518905,-0.0013702342985197902,-0.0008922403723838888,-0.00148006493691355,-0.0003351491842111302
2025-04-01 12:00:00+00:00,0.0025323606,-0.0013540055369958282,0.00024890268076816364,-0.0014571357751265168,0.0025163497478771176
2025-04-01 13:00:00+00:00,-0.0062575284,-0.0013384886551648378,-0.0017597666501747652,-0.001434912090189755,-0.006258628160752349
2025-04-01 14:00:00+00:00,-0.010386769,-0.0013214692007750273,-0.003212257067752653,-0.0014133730437606573,-0.010320654493257647
2025-04-01 15:00:00+00:00,-0.0025384766,-0.001302652177400887,-0.002589679681948949,-0.0013886679662391543,-0.0026427041711671365
2025-04-01 16:00:00+00:00,-0.0038975729,-0.0012870373902842402,-0.0024843468802502903,-0.0013673785142600536,-0.003905263169899425
2025-04-01 17:00:00+00:00,0.0069084587,-0.001272192457690835,-0.0008714947152627715,-0.001354740234091878,0.006844773269433719
2025-04-01 18:00:00+00:00,-0.0006087229,-0.0012612625723704696,-0.00039744052436148933,-0.0013295069802552462,-0.000576312152973995
