Tk,Mdl,CI_low,CI_med,CI_hi
IMOEX,CatBoost,-0.0006491449569022332,2.9819257057781962e-05,0.0006609763149633175
IMOEX,Hybrid,-0.00015475529316366494,0.0006907731495933452,0.0015074703790620941
IMOEX,LSTM_att,-0.00044684708947897886,0.000644925722735934,0.0014552684701569282
IMOEX,LSTM_base,-0.0010460392613094883,0.0001330234677880071,0.001108645100199889
IMOEX,Naive,-0.00046218739603015515,0.00033741510754528765,0.001277746472903042
IMOEX,RF,-0.002014207990477255,-0.0008388494470142062,1.4369913454859227e-05
IMOEX,SARIMAX,-1.23368883711981e-05,3.985399141103683e-05,9.871882584174609e-05
IMOEX,sNaive,-0.0021138234545166295,-0.0006925854933797382,0.000758945217639848
