Tk,Mdl,CI_low,CI_med,CI_hi
IMOEX,CatBoost,-1.8666591685572466e-05,0.0011051640841648175,0.0022566545231304017
IMOEX,Hybrid,-8.557869699870933e-05,0.0010527537543869889,0.0024356482046763023
IMOEX,LSTM_att,-0.0010791956315733841,1.893516334045368e-05,0.0010623206011465905
IMOEX,LSTM_base,-0.0007686961962220569,0.00040114682342391457,0.0015759243007293358
IMOEX,Naive,-0.0006417913786329638,1.092836707054327e-06,0.000670839876838727
IMOEX,RF,-0.00029597060050520795,0.001466470799734681,0.0040363098497556895
IMOEX,SARIMAX,0.00047851630167489493,0.005675972946617514,0.012664799305496726
IMOEX,sNaive,-0.0024667021755036935,0.0010234613209225548,0.003488028541942185
