Tk,Mdl,CI_low,CI_med,CI_hi
IMOEX,CatBoost,-0.00019312593742328325,0.0011969671520999673,0.0021176984403672864
IMOEX,Hybrid,-0.0005337448212958406,0.000555172337287028,0.001583463518921538
IMOEX,LSTM_att,-0.0009911888679683518,0.0004236740659204467,0.0014302077129347399
IMOEX,LSTM_base,-0.0015725254777316877,-0.00019767448053850483,0.0008899752586997541
IMOEX,Naive,-0.000792766265294631,-7.65146052193207e-05,0.0006152489067729521
IMOEX,RF,-0.0018316962052764988,-0.00042864243580661754,0.0008128838018766727
IMOEX,SARIMAX,-0.0008321049898558103,0.00029347007509210636,0.0012282165329808982
IMOEX,sNaive,-0.001478949690548082,-0.00017721315525704996,0.0008892535902729526
