Tk,Mdl,CI_low,CI_med,CI_hi
IMOEX,CatBoost,-1.8666591685572466e-05,0.0011051640841648175,0.0022566545231304017
IMOEX,Hybrid,2.703891835456799e-05,0.0010659039573511107,0.002352400469984179
IMOEX,LSTM_att,-0.0010811959183168558,6.6101107222493735e-06,0.0010618605643079111
IMOEX,LSTM_base,-0.0007686961962220569,0.00040114682342391457,0.0015759243007293358
IMOEX,Naive,-0.0006417913786329638,1.092836707054327e-06,0.000670839876838727
IMOEX,RF,-0.00029597060050520795,0.001466470799734681,0.0040363098497556895
IMOEX,SARIMAX,0.00047851630167489493,0.005675972946617514,0.012664799305496726
IMOEX,sNaive,-0.0024667021755036935,0.0010234613209225548,0.003488028541942185
