{
  "mean_abs_increment": 26.765966850828722,
  "median_growth_pct": 0.06640181610756873,
  "max_growth_pct": 9.185789070744285,
  "min_growth_pct": -3.9712185698330766,
  "mean_structural_shift_pct": 0.9114231895784092
}