{
  "mean_abs_increment": 24.506463654223964,
  "median_growth_pct": 0.09483242071569235,
  "max_growth_pct": 9.185789070744285,
  "min_growth_pct": -3.9712185698330766,
  "mean_structural_shift_pct": 0.836874014913938
}