Tk,Mdl,CI_low,CI_med,CI_hi
IMOEX,CatBoost,-0.05882809546411505,3.210662462100089,6.471406199304242
IMOEX,Hybrid,-0.05747644806901613,3.3765475895255808,7.373497534046571
IMOEX,LSTM_att,-3.428259815524022,-0.2859316219886144,2.8176076398293177
IMOEX,LSTM_base,-2.181939499626557,1.3268375133474668,4.737915977661808
IMOEX,Naive,-1.9560541689395903,0.050750080744425455,2.0021417101224253
IMOEX,RF,-0.15515032007081145,4.115279714914124,10.234353947455775
IMOEX,SARIMAX,-1.867422190001162,2.8419194294296,7.514737208832452
IMOEX,sNaive,-5.688596050788958,3.427833385268847,9.966658231044807
