Tk,Mdl,CI_low,CI_med,CI_hi
IMOEX,CatBoost,-0.05882809546411505,3.210662462100089,6.471406199304242
IMOEX,Hybrid,-0.05747644806901613,3.3765475895255808,7.373497534046571
IMOEX,LSTM_att,-3.428259815524022,-0.2859316219886144,2.8176076398293177
IMOEX,LSTM_base,-2.181939499626557,1.3268375133474668,4.737915977661808
IMOEX,Naive,-6.591599765817325,-1.9624165574709576,2.2613292515277843
IMOEX,RF,-0.15515032007081137,4.1152797149141245,10.234353947455775
IMOEX,SARIMAX,-1.867422190001162,2.8419194294296,7.514737208832452
IMOEX,sNaive,-1.2015165552993616,2.8304167658090593,7.692283501178026
