Tk,Mdl,CI_low,CI_med,CI_hi
IMOEX,CatBoost,-1.5399165124621246,3.5409465678480694,7.036634293603652
IMOEX,Hybrid,-1.6247656021018824,1.6052672366301217,4.749147453556458
IMOEX,LSTM_att,-3.041830759520332,1.3142439514398574,4.408658277988432
IMOEX,LSTM_base,-4.769422293429574,-0.5703047141432762,2.6895034999152023
IMOEX,Naive,-2.3677500302717087,-0.20550003722310067,1.878116591572761
IMOEX,RF,-3.74350543949764,-0.056128492087153564,3.3897214652105334
IMOEX,SARIMAX,-3.334162238718224,0.08615581470528444,3.141052318349244
IMOEX,sNaive,-4.5916292611757905,-0.37308338383833567,2.8550625404467183
