Tk,vs,DM_stat,p_val
IMOEX,CatBoost,-0.6993131670797296,0.48435634010252837
IMOEX,LSTM_att,-1.1218881606654396,0.26190999517792274
IMOEX,LSTM_base,-0.3582430591899947,0.7201614260920399
IMOEX,Naive,-0.9997129247739431,0.3174494554051311
IMOEX,RF,1.7042521432944258,0.08833399146184466
IMOEX,SARIMAX,1.7057441574703536,0.08805572427389727
IMOEX,sNaive,1.8195336009927991,0.06883006133744841
