Tk,Fold,Model,Feature,Importance
IMOEX,0,RF,Open,0.007554453941466268
IMOEX,0,RF,High,0.004330333200140917
IMOEX,0,RF,Low,0.005743020433105092
IMOEX,0,RF,Close,0.0045690149945666015
IMOEX,0,RF,Value,0.014851606610578166
IMOEX,0,RF,Volume,0.0
IMOEX,0,RF,SMA_5,0.0028058523434256657
IMOEX,0,RF,SMA_10,0.00829771869900457
IMOEX,0,RF,SMA_20,0.008061866356297194
IMOEX,0,RF,EMA_5,0.001745545976583845
IMOEX,0,RF,EMA_10,0.00952593863697163
IMOEX,0,RF,EMA_20,0.004322036696196049
IMOEX,0,RF,BBH,0.0018884257600479796
IMOEX,0,RF,BBL,0.0016740000009467912
IMOEX,0,RF,RSI_50,0.012205648088516523
IMOEX,0,RF,StochK,0.004916769673023468
IMOEX,0,RF,StochD,0.011622744316919875
IMOEX,0,RF,ATR_50,0.00886928246780701
IMOEX,0,RF,OBV,0.0
IMOEX,0,RF,MACD,0.019666870385529934
IMOEX,0,RF,MACD_SIGNAL,0.014462298560515573
IMOEX,0,RF,MACD_DIFF,0.02291818656622171
IMOEX,0,RF,ADX_14,0.018146901979358386
IMOEX,0,RF,CCI_20,0.010903438086748872
IMOEX,0,RF,ROC_10,0.01302661754311986
IMOEX,0,RF,WILLR_14,0.004225968185418009
IMOEX,0,RF,lag1,0.004276795851753963
IMOEX,0,RF,lag2,0.003737052905614
IMOEX,0,RF,lag3,0.003278555826581517
IMOEX,0,RF,lag4,0.002005023454069723
IMOEX,0,RF,lag5,0.004677422404518112
IMOEX,0,RF,lag6,0.0028036338996487243
IMOEX,0,RF,lag7,0.0023898925456370674
IMOEX,0,RF,lag8,0.0030059570733992702
IMOEX,0,RF,lag9,0.005216530882396332
IMOEX,0,RF,lag10,0.002006317548855321
IMOEX,0,RF,lag11,0.0019157669357574114
IMOEX,0,RF,lag12,0.00403952340940101
IMOEX,0,RF,lag13,0.002703487452481416
IMOEX,0,RF,lag14,0.0023142698696570633
IMOEX,0,RF,lag15,0.0026437251977828925
IMOEX,0,RF,lag16,0.004552943167200771
IMOEX,0,RF,lag17,0.004307169121038826
IMOEX,0,RF,lag18,0.007744919914628431
IMOEX,0,RF,lag19,0.020331483379949722
IMOEX,0,RF,lag20,0.0031863728289192195
IMOEX,0,RF,lag21,0.008904316797460267
IMOEX,0,RF,lag22,0.006617457346815125
IMOEX,0,RF,lag23,0.02227441927749266
IMOEX,0,RF,lag24,0.0030372741210064474
IMOEX,0,RF,lag25,0.0068605461867867375
IMOEX,0,RF,lag26,0.010083749622549003
IMOEX,0,RF,lag27,0.009695119687722216
IMOEX,0,RF,lag28,0.015158448836807482
IMOEX,0,RF,lag29,0.005281484168028941
IMOEX,0,RF,lag30,0.003923033770474151
IMOEX,0,RF,lag31,0.0027816428363884363
IMOEX,0,RF,lag32,0.0037535857043279382
IMOEX,0,RF,lag33,0.0077273152986904745
IMOEX,0,RF,lag34,0.0037290555071445484
IMOEX,0,RF,lag35,0.0046122785920873115
IMOEX,0,RF,lag36,0.007095606142200246
IMOEX,0,RF,lag37,0.001593078275356787
IMOEX,0,RF,lag38,0.002179778020924657
IMOEX,0,RF,lag39,0.002513739262733484
IMOEX,0,RF,lag40,0.0037425747786474124
IMOEX,0,RF,lag41,0.0031768372255341158
IMOEX,0,RF,lag42,0.002107966339541002
IMOEX,0,RF,lag43,0.004374673534119577
IMOEX,0,RF,lag44,0.00224916480395946
IMOEX,0,RF,lag45,0.003146251867403836
IMOEX,0,RF,lag46,0.0024418019849918172
IMOEX,0,RF,lag47,0.002281324034688316
IMOEX,0,RF,lag48,0.001644130616313961
IMOEX,0,RF,lag49,0.0019918043778670447
IMOEX,0,RF,lag50,0.0032203962236110615
IMOEX,0,RF,lag51,0.0025218757152755925
IMOEX,0,RF,lag52,0.002845372478595513
IMOEX,0,RF,lag53,0.004335282376293616
IMOEX,0,RF,lag54,0.004782539042387434
IMOEX,0,RF,lag55,0.009328933510398218
IMOEX,0,RF,lag56,0.004783637774505762
IMOEX,0,RF,lag57,0.005438921250073382
IMOEX,0,RF,lag58,0.005119789447040346
IMOEX,0,RF,lag59,0.016768108963701848
IMOEX,0,RF,lag60,0.0028464349193792595
IMOEX,0,RF,Brent_lag1,0.008156073202624747
IMOEX,0,RF,Brent_lag2,0.011359592417743166
IMOEX,0,RF,Brent_lag3,0.014118278951618856
IMOEX,0,RF,Brent_lag4,0.006813483960209985
IMOEX,0,RF,Brent_lag5,0.010646822750473033
IMOEX,0,RF,Brent_lag6,0.004573067000596925
IMOEX,0,RF,Brent_lag7,0.0036485750417682857
IMOEX,0,RF,Brent_lag8,0.005783797773250062
IMOEX,0,RF,Brent_lag9,0.007036222004125718
IMOEX,0,RF,Brent_lag10,0.005347255273198658
IMOEX,0,RF,Brent_lag11,0.0030448654347787403
IMOEX,0,RF,Brent_lag12,0.0048661510933128175
IMOEX,0,RF,Brent_lag13,0.006917697761829975
IMOEX,0,RF,Brent_lag14,0.007577872658263535
IMOEX,0,RF,Brent_lag15,0.004091013999804126
IMOEX,0,RF,Brent_lag16,0.012232132826574078
IMOEX,0,RF,Brent_lag17,0.019130473020002276
IMOEX,0,RF,Brent_lag18,0.010917864584216277
IMOEX,0,RF,Brent_lag19,0.053569754339505886
IMOEX,0,RF,Brent_lag20,0.01471316243686838
IMOEX,0,RF,Brent_lag21,0.01380869698587514
IMOEX,0,RF,Brent_lag22,0.018986186475193182
IMOEX,0,RF,Brent_lag23,0.018359468508877402
IMOEX,0,RF,Brent_lag24,0.011543601561880092
IMOEX,0,RF,USD_lag1,0.019458367360249022
IMOEX,0,RF,USD_lag2,0.010002562659225884
IMOEX,0,RF,USD_lag3,0.004874193379821426
IMOEX,0,RF,USD_lag4,0.00525008081080378
IMOEX,0,RF,USD_lag5,0.010458291125956882
IMOEX,0,RF,USD_lag6,0.006051083438088975
IMOEX,0,RF,USD_lag7,0.008327095221248842
IMOEX,0,RF,USD_lag8,0.005009550140389213
IMOEX,0,RF,USD_lag9,0.012337017224705966
IMOEX,0,RF,USD_lag10,0.007919419739930454
IMOEX,0,RF,USD_lag11,0.004416953291761363
IMOEX,0,RF,USD_lag12,0.0039785096582404585
IMOEX,0,RF,USD_lag13,0.012754192324396995
IMOEX,0,RF,USD_lag14,0.008881753553922433
IMOEX,0,RF,USD_lag15,0.007650879065201461
IMOEX,0,RF,USD_lag16,0.00566778910197277
IMOEX,0,RF,USD_lag17,0.004236339428380809
IMOEX,0,RF,USD_lag18,0.016436061542952605
IMOEX,0,RF,USD_lag19,0.0072073121792587125
IMOEX,0,RF,USD_lag20,0.005425001331139048
IMOEX,0,RF,USD_lag21,0.005918167302865947
IMOEX,0,RF,USD_lag22,0.005686032848530749
IMOEX,0,RF,USD_lag23,0.010452417969810607
IMOEX,0,RF,USD_lag24,0.013917685347427936
IMOEX,0,CatBoost,Open,0.003828346202964522
IMOEX,0,CatBoost,High,0.004918857175162212
IMOEX,0,CatBoost,Low,0.0030643630301880613
IMOEX,0,CatBoost,Close,0.004154752531187889
IMOEX,0,CatBoost,Value,0.049597888226355163
IMOEX,0,CatBoost,Volume,0.0
IMOEX,0,CatBoost,SMA_5,0.0011097564391446255
IMOEX,0,CatBoost,SMA_10,0.002599135040754408
IMOEX,0,CatBoost,SMA_20,0.00033151023658261193
IMOEX,0,CatBoost,EMA_5,0.0011400498354784722
IMOEX,0,CatBoost,EMA_10,0.005793192557228284
IMOEX,0,CatBoost,EMA_20,0.00038394980310745485
IMOEX,0,CatBoost,BBH,0.005705906747279509
IMOEX,0,CatBoost,BBL,0.0014013469437592812
IMOEX,0,CatBoost,RSI_50,0.008751354586315955
IMOEX,0,CatBoost,StochK,0.016978689432181664
IMOEX,0,CatBoost,StochD,0.029025330891765278
IMOEX,0,CatBoost,ATR_50,0.009405223129005977
IMOEX,0,CatBoost,OBV,0.0
IMOEX,0,CatBoost,MACD,0.021505154768137007
IMOEX,0,CatBoost,MACD_SIGNAL,0.012920023169395955
IMOEX,0,CatBoost,MACD_DIFF,0.01703470851808465
IMOEX,0,CatBoost,ADX_14,0.00973278415908448
IMOEX,0,CatBoost,CCI_20,0.013700406946473013
IMOEX,0,CatBoost,ROC_10,0.012499241523143995
IMOEX,0,CatBoost,WILLR_14,0.03326735448419483
IMOEX,0,CatBoost,lag1,0.0007761109450847919
IMOEX,0,CatBoost,lag2,0.004071740209697189
IMOEX,0,CatBoost,lag3,0.0018332678335525948
IMOEX,0,CatBoost,lag4,0.00497348535922962
IMOEX,0,CatBoost,lag5,0.002812037340101355
IMOEX,0,CatBoost,lag6,0.0017592061281756345
IMOEX,0,CatBoost,lag7,0.00384716087428502
IMOEX,0,CatBoost,lag8,0.005085361310830997
IMOEX,0,CatBoost,lag9,0.004259749945359645
IMOEX,0,CatBoost,lag10,0.003447284060216148
IMOEX,0,CatBoost,lag11,0.0029776259443851476
IMOEX,0,CatBoost,lag12,0.005615474822329331
IMOEX,0,CatBoost,lag13,0.004640641275323518
IMOEX,0,CatBoost,lag14,0.004637275201919446
IMOEX,0,CatBoost,lag15,0.0015979112080050652
IMOEX,0,CatBoost,lag16,0.0026697543417706074
IMOEX,0,CatBoost,lag17,0.0035326970888419937
IMOEX,0,CatBoost,lag18,0.0028671910497647976
IMOEX,0,CatBoost,lag19,0.006271166935964569
IMOEX,0,CatBoost,lag20,0.003501301279696145
IMOEX,0,CatBoost,lag21,0.007773584707085711
IMOEX,0,CatBoost,lag22,0.0036951372328506787
IMOEX,0,CatBoost,lag23,0.0016970269720481379
IMOEX,0,CatBoost,lag24,0.0044248523783457115
IMOEX,0,CatBoost,lag25,0.004891007200862992
IMOEX,0,CatBoost,lag26,0.005387051949487248
IMOEX,0,CatBoost,lag27,0.003393502307357733
IMOEX,0,CatBoost,lag28,0.006601033981309816
IMOEX,0,CatBoost,lag29,0.005813074557244204
IMOEX,0,CatBoost,lag30,0.0024316464769450594
IMOEX,0,CatBoost,lag31,0.002242257325287271
IMOEX,0,CatBoost,lag32,0.0028101430885268514
IMOEX,0,CatBoost,lag33,0.001699330395873255
IMOEX,0,CatBoost,lag34,0.008017172906984222
IMOEX,0,CatBoost,lag35,0.0027797580821195336
IMOEX,0,CatBoost,lag36,0.007771623347641572
IMOEX,0,CatBoost,lag37,0.0018000180104103688
IMOEX,0,CatBoost,lag38,0.006255936218833445
IMOEX,0,CatBoost,lag39,0.002366387328906897
IMOEX,0,CatBoost,lag40,0.004220720198585119
IMOEX,0,CatBoost,lag41,0.0028507787718329426
IMOEX,0,CatBoost,lag42,0.003816113301921934
IMOEX,0,CatBoost,lag43,0.0027825493090992462
IMOEX,0,CatBoost,lag44,0.004114473006159095
IMOEX,0,CatBoost,lag45,0.004956620718537845
IMOEX,0,CatBoost,lag46,0.0037869542724359734
IMOEX,0,CatBoost,lag47,0.006613622769469492
IMOEX,0,CatBoost,lag48,0.0022161722579289358
IMOEX,0,CatBoost,lag49,0.003423388587706461
IMOEX,0,CatBoost,lag50,0.0020028853782979804
IMOEX,0,CatBoost,lag51,0.0023600474626843176
IMOEX,0,CatBoost,lag52,0.003456086777795427
IMOEX,0,CatBoost,lag53,0.004118716157310129
IMOEX,0,CatBoost,lag54,0.0054921309200053016
IMOEX,0,CatBoost,lag55,0.0017096980960083082
IMOEX,0,CatBoost,lag56,0.0025067202506076497
IMOEX,0,CatBoost,lag57,0.007010760678662374
IMOEX,0,CatBoost,lag58,0.005344038068178565
IMOEX,0,CatBoost,lag59,0.005209047304185523
IMOEX,0,CatBoost,lag60,0.0028209998807731083
IMOEX,0,CatBoost,Brent_lag1,0.008584322260114945
IMOEX,0,CatBoost,Brent_lag2,0.012050524942515791
IMOEX,0,CatBoost,Brent_lag3,0.00934916633608719
IMOEX,0,CatBoost,Brent_lag4,0.009434295326410285
IMOEX,0,CatBoost,Brent_lag5,0.01260213848096866
IMOEX,0,CatBoost,Brent_lag6,0.006092050200826742
IMOEX,0,CatBoost,Brent_lag7,0.009474192277687324
IMOEX,0,CatBoost,Brent_lag8,0.004258280280743869
IMOEX,0,CatBoost,Brent_lag9,0.0105007054969027
IMOEX,0,CatBoost,Brent_lag10,0.01000163932260574
IMOEX,0,CatBoost,Brent_lag11,0.004536149263389697
IMOEX,0,CatBoost,Brent_lag12,0.009234923553750088
IMOEX,0,CatBoost,Brent_lag13,0.004699371914350326
IMOEX,0,CatBoost,Brent_lag14,0.005872461637758088
IMOEX,0,CatBoost,Brent_lag15,0.006481576312198753
IMOEX,0,CatBoost,Brent_lag16,0.007546488806284201
IMOEX,0,CatBoost,Brent_lag17,0.005317563877785681
IMOEX,0,CatBoost,Brent_lag18,0.007975113743698102
IMOEX,0,CatBoost,Brent_lag19,0.007496636178110021
IMOEX,0,CatBoost,Brent_lag20,0.007357661770999693
IMOEX,0,CatBoost,Brent_lag21,0.006382712671845177
IMOEX,0,CatBoost,Brent_lag22,0.006663752733511399
IMOEX,0,CatBoost,Brent_lag23,0.00857147086988039
IMOEX,0,CatBoost,Brent_lag24,0.003718414369214858
IMOEX,0,CatBoost,USD_lag1,0.016409937394782626
IMOEX,0,CatBoost,USD_lag2,0.0165286729752719
IMOEX,0,CatBoost,USD_lag3,0.011285686704784912
IMOEX,0,CatBoost,USD_lag4,0.012405733654660873
IMOEX,0,CatBoost,USD_lag5,0.009188322212899735
IMOEX,0,CatBoost,USD_lag6,0.0075141041504502085
IMOEX,0,CatBoost,USD_lag7,0.017027654855736884
IMOEX,0,CatBoost,USD_lag8,0.0093672246126629
IMOEX,0,CatBoost,USD_lag9,0.010524717925051842
IMOEX,0,CatBoost,USD_lag10,0.01989891340372527
IMOEX,0,CatBoost,USD_lag11,0.014031094527217593
IMOEX,0,CatBoost,USD_lag12,0.011786739074423257
IMOEX,0,CatBoost,USD_lag13,0.015009008795108992
IMOEX,0,CatBoost,USD_lag14,0.015570475340223353
IMOEX,0,CatBoost,USD_lag15,0.014815983056419324
IMOEX,0,CatBoost,USD_lag16,0.016512535664911544
IMOEX,0,CatBoost,USD_lag17,0.01692671470262125
IMOEX,0,CatBoost,USD_lag18,0.017891715331452066
IMOEX,0,CatBoost,USD_lag19,0.007197039658696185
IMOEX,0,CatBoost,USD_lag20,0.004883319275734589
IMOEX,0,CatBoost,USD_lag21,0.010384042870958152
IMOEX,0,CatBoost,USD_lag22,0.009905528838352292
IMOEX,0,CatBoost,USD_lag23,0.010664651733695926
IMOEX,0,CatBoost,USD_lag24,0.01737973244470317
IMOEX,1,RF,Open,0.005095906084495263
IMOEX,1,RF,High,0.005360816164144141
IMOEX,1,RF,Low,0.0032589128182047315
IMOEX,1,RF,Close,0.0031210567888799046
IMOEX,1,RF,Value,0.008950543397902865
IMOEX,1,RF,Volume,0.0
IMOEX,1,RF,SMA_5,0.0021047878762944223
IMOEX,1,RF,SMA_10,0.0043123563128919596
IMOEX,1,RF,SMA_20,0.0048098743931688235
IMOEX,1,RF,EMA_5,0.0033477030542138886
IMOEX,1,RF,EMA_10,0.010254231486189782
IMOEX,1,RF,EMA_20,0.0029873149623548174
IMOEX,1,RF,BBH,0.004569103515333346
IMOEX,1,RF,BBL,0.0021533864866526203
IMOEX,1,RF,RSI_50,0.02812507752395307
IMOEX,1,RF,StochK,0.019645914074857638
IMOEX,1,RF,StochD,0.024578714317181536
IMOEX,1,RF,ATR_50,0.013212791481420629
IMOEX,1,RF,OBV,0.0
IMOEX,1,RF,MACD,0.028544384649038215
IMOEX,1,RF,MACD_SIGNAL,0.023130213800086282
IMOEX,1,RF,MACD_DIFF,0.01515433075785522
IMOEX,1,RF,ADX_14,0.01497863618795367
IMOEX,1,RF,CCI_20,0.011859519306026512
IMOEX,1,RF,ROC_10,0.03492146633850178
IMOEX,1,RF,WILLR_14,0.019357947512885366
IMOEX,1,RF,lag1,0.010128933739549068
IMOEX,1,RF,lag2,0.004473217855064634
IMOEX,1,RF,lag3,0.001819480085746232
IMOEX,1,RF,lag4,0.003494546450386459
IMOEX,1,RF,lag5,0.0025211265943282353
IMOEX,1,RF,lag6,0.013487735846334696
IMOEX,1,RF,lag7,0.007665128490214711
IMOEX,1,RF,lag8,0.005678844310686395
IMOEX,1,RF,lag9,0.0064595270171273035
IMOEX,1,RF,lag10,0.0035220570207394413
IMOEX,1,RF,lag11,0.0018340259856419801
IMOEX,1,RF,lag12,0.001959862575421496
IMOEX,1,RF,lag13,0.007284540292576747
IMOEX,1,RF,lag14,0.001862906098159963
IMOEX,1,RF,lag15,0.048700514948568877
IMOEX,1,RF,lag16,0.012115076584971303
IMOEX,1,RF,lag17,0.009376383805089697
IMOEX,1,RF,lag18,0.0035486945914940467
IMOEX,1,RF,lag19,0.01588868200731622
IMOEX,1,RF,lag20,0.014010999555829049
IMOEX,1,RF,lag21,0.011447370873497509
IMOEX,1,RF,lag22,0.009983835109503708
IMOEX,1,RF,lag23,0.01130186867109192
IMOEX,1,RF,lag24,0.0034140811044922207
IMOEX,1,RF,lag25,0.006305392814412131
IMOEX,1,RF,lag26,0.007487466070605732
IMOEX,1,RF,lag27,0.0027584661404781437
IMOEX,1,RF,lag28,0.010667139881008432
IMOEX,1,RF,lag29,0.0016410896479477916
IMOEX,1,RF,lag30,0.0014593197883450918
IMOEX,1,RF,lag31,0.001815877844213118
IMOEX,1,RF,lag32,0.001631705045566904
IMOEX,1,RF,lag33,0.011690463060446424
IMOEX,1,RF,lag34,0.007075772349563357
IMOEX,1,RF,lag35,0.005657439941948617
IMOEX,1,RF,lag36,0.0031265599460141677
IMOEX,1,RF,lag37,0.002646308887487398
IMOEX,1,RF,lag38,0.0022374123254691827
IMOEX,1,RF,lag39,0.002936280408052224
IMOEX,1,RF,lag40,0.0018826288914844688
IMOEX,1,RF,lag41,0.0015312401901045778
IMOEX,1,RF,lag42,0.004574156264074377
IMOEX,1,RF,lag43,0.0065376671315642305
IMOEX,1,RF,lag44,0.006439359193204688
IMOEX,1,RF,lag45,0.0026448118721959894
IMOEX,1,RF,lag46,0.004082056998789202
IMOEX,1,RF,lag47,0.0010973369515557719
IMOEX,1,RF,lag48,0.004067130066448235
IMOEX,1,RF,lag49,0.0037399038612102357
IMOEX,1,RF,lag50,0.0009853491542141718
IMOEX,1,RF,lag51,0.02503176256413498
IMOEX,1,RF,lag52,0.010145009394480486
IMOEX,1,RF,lag53,0.005402045365077352
IMOEX,1,RF,lag54,0.0029106898307146526
IMOEX,1,RF,lag55,0.0055201121488467324
IMOEX,1,RF,lag56,0.003626681327106484
IMOEX,1,RF,lag57,0.003453618159899378
IMOEX,1,RF,lag58,0.002940415289054698
IMOEX,1,RF,lag59,0.009507141275851328
IMOEX,1,RF,lag60,0.0034253860309489876
IMOEX,1,RF,Brent_lag1,0.014418656284498989
IMOEX,1,RF,Brent_lag2,0.006904946465461097
IMOEX,1,RF,Brent_lag3,0.003004823783231734
IMOEX,1,RF,Brent_lag4,0.003124783594597569
IMOEX,1,RF,Brent_lag5,0.003589770609722335
IMOEX,1,RF,Brent_lag6,0.0023439472465183655
IMOEX,1,RF,Brent_lag7,0.0025750235932650335
IMOEX,1,RF,Brent_lag8,0.004059258471999242
IMOEX,1,RF,Brent_lag9,0.005163178588812912
IMOEX,1,RF,Brent_lag10,0.002898785607667045
IMOEX,1,RF,Brent_lag11,0.0017634367256883514
IMOEX,1,RF,Brent_lag12,0.0016747147258045936
IMOEX,1,RF,Brent_lag13,0.0034127612911563966
IMOEX,1,RF,Brent_lag14,0.0035768413780677397
IMOEX,1,RF,Brent_lag15,0.004275086955150122
IMOEX,1,RF,Brent_lag16,0.006159763427180946
IMOEX,1,RF,Brent_lag17,0.003974005196227318
IMOEX,1,RF,Brent_lag18,0.010457328227880033
IMOEX,1,RF,Brent_lag19,0.03320564978307325
IMOEX,1,RF,Brent_lag20,0.00964146571724143
IMOEX,1,RF,Brent_lag21,0.003972814394674832
IMOEX,1,RF,Brent_lag22,0.008157872049426635
IMOEX,1,RF,Brent_lag23,0.010917427700946053
IMOEX,1,RF,Brent_lag24,0.0077155047155305495
IMOEX,1,RF,USD_lag1,0.019959111754914292
IMOEX,1,RF,USD_lag2,0.006400189827499629
IMOEX,1,RF,USD_lag3,0.0065823097543236345
IMOEX,1,RF,USD_lag4,0.008181137872442568
IMOEX,1,RF,USD_lag5,0.007992582390324979
IMOEX,1,RF,USD_lag6,0.003215955957662222
IMOEX,1,RF,USD_lag7,0.005468002399537798
IMOEX,1,RF,USD_lag8,0.009861151668009945
IMOEX,1,RF,USD_lag9,0.005461330761454678
IMOEX,1,RF,USD_lag10,0.004638817571455264
IMOEX,1,RF,USD_lag11,0.0024161357082881823
IMOEX,1,RF,USD_lag12,0.0024450289558649104
IMOEX,1,RF,USD_lag13,0.007086717155548706
IMOEX,1,RF,USD_lag14,0.009290285173573347
IMOEX,1,RF,USD_lag15,0.004219640043383307
IMOEX,1,RF,USD_lag16,0.006400279748872082
IMOEX,1,RF,USD_lag17,0.006812739023176456
IMOEX,1,RF,USD_lag18,0.004424811431381519
IMOEX,1,RF,USD_lag19,0.002517250072736583
IMOEX,1,RF,USD_lag20,0.0017717584409400787
IMOEX,1,RF,USD_lag21,0.004021775460571941
IMOEX,1,RF,USD_lag22,0.003999426745863539
IMOEX,1,RF,USD_lag23,0.01965439752175065
IMOEX,1,RF,USD_lag24,0.005695693009762943
IMOEX,1,CatBoost,Open,0.004789509330517294
IMOEX,1,CatBoost,High,0.0022582296518496334
IMOEX,1,CatBoost,Low,0.004884907950993529
IMOEX,1,CatBoost,Close,0.0034933154365318973
IMOEX,1,CatBoost,Value,0.05941954861576738
IMOEX,1,CatBoost,Volume,0.0
IMOEX,1,CatBoost,SMA_5,0.0038793488680072563
IMOEX,1,CatBoost,SMA_10,0.004363953713515939
IMOEX,1,CatBoost,SMA_20,0.0020572970154877253
IMOEX,1,CatBoost,EMA_5,0.0011004568463165527
IMOEX,1,CatBoost,EMA_10,0.0029124882323293645
IMOEX,1,CatBoost,EMA_20,0.004781348263441454
IMOEX,1,CatBoost,BBH,0.00011507355182152867
IMOEX,1,CatBoost,BBL,0.0034857278551802006
IMOEX,1,CatBoost,RSI_50,0.0124363931132535
IMOEX,1,CatBoost,StochK,0.02238401155603265
IMOEX,1,CatBoost,StochD,0.03555699367635549
IMOEX,1,CatBoost,ATR_50,0.008826064185517641
IMOEX,1,CatBoost,OBV,0.0
IMOEX,1,CatBoost,MACD,0.013509407268429172
IMOEX,1,CatBoost,MACD_SIGNAL,0.012412298360293674
IMOEX,1,CatBoost,MACD_DIFF,0.020088429791650833
IMOEX,1,CatBoost,ADX_14,0.010686086388044263
IMOEX,1,CatBoost,CCI_20,0.015575214072390655
IMOEX,1,CatBoost,ROC_10,0.017351294541865563
IMOEX,1,CatBoost,WILLR_14,0.0374061337419737
IMOEX,1,CatBoost,lag1,0.0021263094703313384
IMOEX,1,CatBoost,lag2,0.002972349018571704
IMOEX,1,CatBoost,lag3,0.0036458912859503854
IMOEX,1,CatBoost,lag4,0.006213041586248554
IMOEX,1,CatBoost,lag5,0.001056709503739308
IMOEX,1,CatBoost,lag6,0.004402831383162074
IMOEX,1,CatBoost,lag7,0.004784477011003991
IMOEX,1,CatBoost,lag8,0.0033216857675267566
IMOEX,1,CatBoost,lag9,0.005865088415772027
IMOEX,1,CatBoost,lag10,0.00140148689063626
IMOEX,1,CatBoost,lag11,0.006198042934306592
IMOEX,1,CatBoost,lag12,0.0053376372277112085
IMOEX,1,CatBoost,lag13,0.004280197400066051
IMOEX,1,CatBoost,lag14,0.005301661307472666
IMOEX,1,CatBoost,lag15,0.002059001765344221
IMOEX,1,CatBoost,lag16,0.0029549244802440245
IMOEX,1,CatBoost,lag17,0.004871009537899172
IMOEX,1,CatBoost,lag18,0.00859093406366127
IMOEX,1,CatBoost,lag19,0.005285582527091171
IMOEX,1,CatBoost,lag20,0.0039204289264243705
IMOEX,1,CatBoost,lag21,0.008072366069898716
IMOEX,1,CatBoost,lag22,0.0007819086569280391
IMOEX,1,CatBoost,lag23,0.004060827811023748
IMOEX,1,CatBoost,lag24,0.008051658932050527
IMOEX,1,CatBoost,lag25,0.0022021873066051054
IMOEX,1,CatBoost,lag26,0.0031731301129878566
IMOEX,1,CatBoost,lag27,0.004351523903808286
IMOEX,1,CatBoost,lag28,0.004196005307339911
IMOEX,1,CatBoost,lag29,0.004869255208233193
IMOEX,1,CatBoost,lag30,0.004602410089877942
IMOEX,1,CatBoost,lag31,0.004992764910902656
IMOEX,1,CatBoost,lag32,0.0013645578219846513
IMOEX,1,CatBoost,lag33,0.0007604993816216391
IMOEX,1,CatBoost,lag34,0.004370768956827515
IMOEX,1,CatBoost,lag35,0.004187183815558414
IMOEX,1,CatBoost,lag36,0.0083271516670338
IMOEX,1,CatBoost,lag37,0.0016059733481743792
IMOEX,1,CatBoost,lag38,0.003960046010723763
IMOEX,1,CatBoost,lag39,0.0034590060732605818
IMOEX,1,CatBoost,lag40,0.002321012809476625
IMOEX,1,CatBoost,lag41,0.0031804073126259695
IMOEX,1,CatBoost,lag42,0.0032446439766268442
IMOEX,1,CatBoost,lag43,0.0042444540776846425
IMOEX,1,CatBoost,lag44,0.008367811566040632
IMOEX,1,CatBoost,lag45,0.0019377804751178973
IMOEX,1,CatBoost,lag46,0.007864199448204483
IMOEX,1,CatBoost,lag47,0.006240970655905305
IMOEX,1,CatBoost,lag48,0.000996782678624875
IMOEX,1,CatBoost,lag49,0.0054418170275292235
IMOEX,1,CatBoost,lag50,0.002188609222111799
IMOEX,1,CatBoost,lag51,0.0020090495094393273
IMOEX,1,CatBoost,lag52,0.006660939774271993
IMOEX,1,CatBoost,lag53,0.005085271173814028
IMOEX,1,CatBoost,lag54,0.007910090434671191
IMOEX,1,CatBoost,lag55,0.0034921179193208563
IMOEX,1,CatBoost,lag56,0.001615072035361264
IMOEX,1,CatBoost,lag57,0.002396113526623998
IMOEX,1,CatBoost,lag58,0.0031191229590293262
IMOEX,1,CatBoost,lag59,0.004625209226447173
IMOEX,1,CatBoost,lag60,0.0025120871469282353
IMOEX,1,CatBoost,Brent_lag1,0.0067977149982569535
IMOEX,1,CatBoost,Brent_lag2,0.0050941299623615205
IMOEX,1,CatBoost,Brent_lag3,0.00763938207182164
IMOEX,1,CatBoost,Brent_lag4,0.014163972469480464
IMOEX,1,CatBoost,Brent_lag5,0.007155268049193827
IMOEX,1,CatBoost,Brent_lag6,0.0024842023538923183
IMOEX,1,CatBoost,Brent_lag7,0.010758089157782333
IMOEX,1,CatBoost,Brent_lag8,0.0049813641931880205
IMOEX,1,CatBoost,Brent_lag9,0.005929499402895497
IMOEX,1,CatBoost,Brent_lag10,0.008827029177339303
IMOEX,1,CatBoost,Brent_lag11,0.005501913977294056
IMOEX,1,CatBoost,Brent_lag12,0.00886406241140662
IMOEX,1,CatBoost,Brent_lag13,0.005574103153099054
IMOEX,1,CatBoost,Brent_lag14,0.007866505830837055
IMOEX,1,CatBoost,Brent_lag15,0.009393445312814644
IMOEX,1,CatBoost,Brent_lag16,0.010503947484127656
IMOEX,1,CatBoost,Brent_lag17,0.00763891072569264
IMOEX,1,CatBoost,Brent_lag18,0.007449164607249074
IMOEX,1,CatBoost,Brent_lag19,0.005267941035419803
IMOEX,1,CatBoost,Brent_lag20,0.006928519119833388
IMOEX,1,CatBoost,Brent_lag21,0.006936523832790057
IMOEX,1,CatBoost,Brent_lag22,0.007614152299786279
IMOEX,1,CatBoost,Brent_lag23,0.011353958504853651
IMOEX,1,CatBoost,Brent_lag24,0.005853916232672574
IMOEX,1,CatBoost,USD_lag1,0.014116892773046752
IMOEX,1,CatBoost,USD_lag2,0.01885502858492381
IMOEX,1,CatBoost,USD_lag3,0.009297719244147011
IMOEX,1,CatBoost,USD_lag4,0.01225237466824197
IMOEX,1,CatBoost,USD_lag5,0.017064615568858525
IMOEX,1,CatBoost,USD_lag6,0.007263588171733642
IMOEX,1,CatBoost,USD_lag7,0.017952038674691605
IMOEX,1,CatBoost,USD_lag8,0.013814778415154504
IMOEX,1,CatBoost,USD_lag9,0.008284827491633341
IMOEX,1,CatBoost,USD_lag10,0.016737299798440707
IMOEX,1,CatBoost,USD_lag11,0.011461079650717427
IMOEX,1,CatBoost,USD_lag12,0.009984939808980079
IMOEX,1,CatBoost,USD_lag13,0.011679419899061681
IMOEX,1,CatBoost,USD_lag14,0.013076420833392305
IMOEX,1,CatBoost,USD_lag15,0.006866473002707115
IMOEX,1,CatBoost,USD_lag16,0.0074169145948332895
IMOEX,1,CatBoost,USD_lag17,0.007474622842745269
IMOEX,1,CatBoost,USD_lag18,0.008424391350891522
IMOEX,1,CatBoost,USD_lag19,0.006165184580826307
IMOEX,1,CatBoost,USD_lag20,0.004263819723199098
IMOEX,1,CatBoost,USD_lag21,0.0076561026821284125
IMOEX,1,CatBoost,USD_lag22,0.010975426358968171
IMOEX,1,CatBoost,USD_lag23,0.01958165241004116
IMOEX,1,CatBoost,USD_lag24,0.007551061635121493
IMOEX,2,RF,Open,0.0022573962174511483
IMOEX,2,RF,High,0.004078339669659777
IMOEX,2,RF,Low,0.026643971818055962
IMOEX,2,RF,Close,0.005024215177675187
IMOEX,2,RF,Value,0.019292727085023307
IMOEX,2,RF,Volume,0.0
IMOEX,2,RF,SMA_5,0.001984456970311864
IMOEX,2,RF,SMA_10,0.0016387577016105188
IMOEX,2,RF,SMA_20,0.0007923397188983847
IMOEX,2,RF,EMA_5,0.007411783437902793
IMOEX,2,RF,EMA_10,0.0013745911906881947
IMOEX,2,RF,EMA_20,0.0016306761033074513
IMOEX,2,RF,BBH,0.0017662346788157742
IMOEX,2,RF,BBL,0.00618845284362965
IMOEX,2,RF,RSI_50,0.0659277151090531
IMOEX,2,RF,StochK,0.020208795743806053
IMOEX,2,RF,StochD,0.014624753186504314
IMOEX,2,RF,ATR_50,0.024457355967249943
IMOEX,2,RF,OBV,0.0
IMOEX,2,RF,MACD,0.020545180419735628
IMOEX,2,RF,MACD_SIGNAL,0.01435124338955484
IMOEX,2,RF,MACD_DIFF,0.022305163106418762
IMOEX,2,RF,ADX_14,0.013876757293931397
IMOEX,2,RF,CCI_20,0.026634521117307727
IMOEX,2,RF,ROC_10,0.030891326809135863
IMOEX,2,RF,WILLR_14,0.02309377850210659
IMOEX,2,RF,lag1,0.003079491347524609
IMOEX,2,RF,lag2,0.004335097488668012
IMOEX,2,RF,lag3,0.006201551571510146
IMOEX,2,RF,lag4,0.004450450032654132
IMOEX,2,RF,lag5,0.005971127598110502
IMOEX,2,RF,lag6,0.013432468765582645
IMOEX,2,RF,lag7,0.0027978675242386103
IMOEX,2,RF,lag8,0.005115740343084562
IMOEX,2,RF,lag9,0.003829187559206848
IMOEX,2,RF,lag10,0.002372856857624346
IMOEX,2,RF,lag11,0.003330698643777617
IMOEX,2,RF,lag12,0.0033148180449085107
IMOEX,2,RF,lag13,0.006739113572606672
IMOEX,2,RF,lag14,0.003606124955724954
IMOEX,2,RF,lag15,0.023732325711217295
IMOEX,2,RF,lag16,0.02981667775633022
IMOEX,2,RF,lag17,0.0043924065784008955
IMOEX,2,RF,lag18,0.002465594752231617
IMOEX,2,RF,lag19,0.0029818070054919883
IMOEX,2,RF,lag20,0.0022782353278930217
IMOEX,2,RF,lag21,0.002621122047134968
IMOEX,2,RF,lag22,0.0039745853802220215
IMOEX,2,RF,lag23,0.005968615046122973
IMOEX,2,RF,lag24,0.002851284544408956
IMOEX,2,RF,lag25,0.005514746284888176
IMOEX,2,RF,lag26,0.005121849949516984
IMOEX,2,RF,lag27,0.002388206385990773
IMOEX,2,RF,lag28,0.001602707663276186
IMOEX,2,RF,lag29,0.0049254861400560394
IMOEX,2,RF,lag30,0.004676598200001432
IMOEX,2,RF,lag31,0.001529306088169195
IMOEX,2,RF,lag32,0.003037756805029412
IMOEX,2,RF,lag33,0.0035521407815915966
IMOEX,2,RF,lag34,0.002032251480835447
IMOEX,2,RF,lag35,0.00400547967064611
IMOEX,2,RF,lag36,0.003380530629397717
IMOEX,2,RF,lag37,0.008157480244700425
IMOEX,2,RF,lag38,0.0052616369150363124
IMOEX,2,RF,lag39,0.003314865075378301
IMOEX,2,RF,lag40,0.003481331318458815
IMOEX,2,RF,lag41,0.006833211654245465
IMOEX,2,RF,lag42,0.003223726849944996
IMOEX,2,RF,lag43,0.0034261788426631938
IMOEX,2,RF,lag44,0.004210091127290162
IMOEX,2,RF,lag45,0.003921257116694134
IMOEX,2,RF,lag46,0.0018293539079705823
IMOEX,2,RF,lag47,0.002829229068716155
IMOEX,2,RF,lag48,0.001928310590094902
IMOEX,2,RF,lag49,0.00227676806124682
IMOEX,2,RF,lag50,0.0021911494152284426
IMOEX,2,RF,lag51,0.00558033812609948
IMOEX,2,RF,lag52,0.0017337343250014806
IMOEX,2,RF,lag53,0.0028098270742278565
IMOEX,2,RF,lag54,0.006943297471516138
IMOEX,2,RF,lag55,0.003192542869240621
IMOEX,2,RF,lag56,0.0024377810958297066
IMOEX,2,RF,lag57,0.0019921760785351623
IMOEX,2,RF,lag58,0.0015051016593788877
IMOEX,2,RF,lag59,0.0022839311964643443
IMOEX,2,RF,lag60,0.0048577433529171645
IMOEX,2,RF,Brent_lag1,0.006330174487194095
IMOEX,2,RF,Brent_lag2,0.0020584758790005617
IMOEX,2,RF,Brent_lag3,0.0016057673960081216
IMOEX,2,RF,Brent_lag4,0.0026052039333447374
IMOEX,2,RF,Brent_lag5,0.0031946489029239123
IMOEX,2,RF,Brent_lag6,0.003780302673487043
IMOEX,2,RF,Brent_lag7,0.0040032965528895735
IMOEX,2,RF,Brent_lag8,0.0038040735666860525
IMOEX,2,RF,Brent_lag9,0.003991119204864414
IMOEX,2,RF,Brent_lag10,0.003181100754045933
IMOEX,2,RF,Brent_lag11,0.003017359680082671
IMOEX,2,RF,Brent_lag12,0.002132174366984766
IMOEX,2,RF,Brent_lag13,0.002326928468988352
IMOEX,2,RF,Brent_lag14,0.0021154365216667814
IMOEX,2,RF,Brent_lag15,0.00377050220321416
IMOEX,2,RF,Brent_lag16,0.0019928613953435607
IMOEX,2,RF,Brent_lag17,0.0044349406808892695
IMOEX,2,RF,Brent_lag18,0.005922092424631412
IMOEX,2,RF,Brent_lag19,0.010445933147006599
IMOEX,2,RF,Brent_lag20,0.006294367564161682
IMOEX,2,RF,Brent_lag21,0.0034153073885719813
IMOEX,2,RF,Brent_lag22,0.011585799097696359
IMOEX,2,RF,Brent_lag23,0.013583510189880072
IMOEX,2,RF,Brent_lag24,0.008612757661613051
IMOEX,2,RF,USD_lag1,0.005451059268358985
IMOEX,2,RF,USD_lag2,0.009198583297960194
IMOEX,2,RF,USD_lag3,0.004732245910656116
IMOEX,2,RF,USD_lag4,0.009436308494013976
IMOEX,2,RF,USD_lag5,0.015472617954106666
IMOEX,2,RF,USD_lag6,0.014347081651284933
IMOEX,2,RF,USD_lag7,0.00481993886373448
IMOEX,2,RF,USD_lag8,0.035452174391281205
IMOEX,2,RF,USD_lag9,0.00808165705678955
IMOEX,2,RF,USD_lag10,0.01029535773906764
IMOEX,2,RF,USD_lag11,0.018213644880107065
IMOEX,2,RF,USD_lag12,0.007893682115766036
IMOEX,2,RF,USD_lag13,0.03982112646152115
IMOEX,2,RF,USD_lag14,0.005966742589839776
IMOEX,2,RF,USD_lag15,0.006600803935619457
IMOEX,2,RF,USD_lag16,0.0045196303756947585
IMOEX,2,RF,USD_lag17,0.008097995892341269
IMOEX,2,RF,USD_lag18,0.005811087212543652
IMOEX,2,RF,USD_lag19,0.018001772301414733
IMOEX,2,RF,USD_lag20,0.0022341367101828863
IMOEX,2,RF,USD_lag21,0.004435222988387226
IMOEX,2,RF,USD_lag22,0.003802954726798636
IMOEX,2,RF,USD_lag23,0.0038501856007535345
IMOEX,2,RF,USD_lag24,0.004611950211811914
IMOEX,2,CatBoost,Open,0.004971695633843467
IMOEX,2,CatBoost,High,0.003206517626771305
IMOEX,2,CatBoost,Low,0.004974926002077555
IMOEX,2,CatBoost,Close,0.0014413590174252907
IMOEX,2,CatBoost,Value,0.06761670688065367
IMOEX,2,CatBoost,Volume,0.0
IMOEX,2,CatBoost,SMA_5,0.0021048811489910663
IMOEX,2,CatBoost,SMA_10,0.0013389798817259194
IMOEX,2,CatBoost,SMA_20,0.0011205175599239465
IMOEX,2,CatBoost,EMA_5,0.0016104351136011859
IMOEX,2,CatBoost,EMA_10,0.001721705241956655
IMOEX,2,CatBoost,EMA_20,0.004530252792764741
IMOEX,2,CatBoost,BBH,0.0027895362993272652
IMOEX,2,CatBoost,BBL,0.0029396294130945725
IMOEX,2,CatBoost,RSI_50,0.015233295995446395
IMOEX,2,CatBoost,StochK,0.020786428064228542
IMOEX,2,CatBoost,StochD,0.030121576485680365
IMOEX,2,CatBoost,ATR_50,0.012903707094271102
IMOEX,2,CatBoost,OBV,0.0
IMOEX,2,CatBoost,MACD,0.016684640340017723
IMOEX,2,CatBoost,MACD_SIGNAL,0.01248769487950036
IMOEX,2,CatBoost,MACD_DIFF,0.024997580280062083
IMOEX,2,CatBoost,ADX_14,0.021485460131251695
IMOEX,2,CatBoost,CCI_20,0.03015661520580446
IMOEX,2,CatBoost,ROC_10,0.024498930857972407
IMOEX,2,CatBoost,WILLR_14,0.026669498631498638
IMOEX,2,CatBoost,lag1,0.0031880415831439567
IMOEX,2,CatBoost,lag2,0.003850476801693893
IMOEX,2,CatBoost,lag3,0.004214880748990478
IMOEX,2,CatBoost,lag4,0.007001200870215659
IMOEX,2,CatBoost,lag5,0.005961913769289679
IMOEX,2,CatBoost,lag6,0.0036785962290656693
IMOEX,2,CatBoost,lag7,0.006649660013142838
IMOEX,2,CatBoost,lag8,0.0019102245191516493
IMOEX,2,CatBoost,lag9,0.00393718164149924
IMOEX,2,CatBoost,lag10,0.0025238101483668492
IMOEX,2,CatBoost,lag11,0.005039549070149813
IMOEX,2,CatBoost,lag12,0.0032558442088060227
IMOEX,2,CatBoost,lag13,0.003289289048765457
IMOEX,2,CatBoost,lag14,0.0014246015865340496
IMOEX,2,CatBoost,lag15,0.0033375507801717283
IMOEX,2,CatBoost,lag16,0.0031765309774910325
IMOEX,2,CatBoost,lag17,0.004208729591357791
IMOEX,2,CatBoost,lag18,0.0050422844243165465
IMOEX,2,CatBoost,lag19,0.003984222914680436
IMOEX,2,CatBoost,lag20,0.005621787098133966
IMOEX,2,CatBoost,lag21,0.0059410972403832404
IMOEX,2,CatBoost,lag22,0.002025815852300716
IMOEX,2,CatBoost,lag23,0.002022900402947191
IMOEX,2,CatBoost,lag24,0.002132505590358718
IMOEX,2,CatBoost,lag25,0.0020740899063652765
IMOEX,2,CatBoost,lag26,0.002208070767718373
IMOEX,2,CatBoost,lag27,0.002529725198198854
IMOEX,2,CatBoost,lag28,0.005774373862465783
IMOEX,2,CatBoost,lag29,0.0030897880058072705
IMOEX,2,CatBoost,lag30,0.002412980741779802
IMOEX,2,CatBoost,lag31,0.00270822979579579
IMOEX,2,CatBoost,lag32,0.0031153656075379
IMOEX,2,CatBoost,lag33,0.0014099525658244532
IMOEX,2,CatBoost,lag34,0.003074644934913294
IMOEX,2,CatBoost,lag35,0.005233280999864892
IMOEX,2,CatBoost,lag36,0.003889511775250616
IMOEX,2,CatBoost,lag37,0.004697526040503575
IMOEX,2,CatBoost,lag38,0.0015339810160130743
IMOEX,2,CatBoost,lag39,0.008539115843845695
IMOEX,2,CatBoost,lag40,0.001738369312332272
IMOEX,2,CatBoost,lag41,0.004964334298696554
IMOEX,2,CatBoost,lag42,0.0014443954905112959
IMOEX,2,CatBoost,lag43,0.0022957042336183156
IMOEX,2,CatBoost,lag44,0.0032021198635126726
IMOEX,2,CatBoost,lag45,0.0030240669216609365
IMOEX,2,CatBoost,lag46,0.004046779580061468
IMOEX,2,CatBoost,lag47,0.0032617108486475152
IMOEX,2,CatBoost,lag48,0.005118632598535935
IMOEX,2,CatBoost,lag49,0.0033573554940717347
IMOEX,2,CatBoost,lag50,0.0027247543434566865
IMOEX,2,CatBoost,lag51,0.0013023184139384371
IMOEX,2,CatBoost,lag52,0.007229169700876154
IMOEX,2,CatBoost,lag53,0.0012291438974088823
IMOEX,2,CatBoost,lag54,0.0019961005734907716
IMOEX,2,CatBoost,lag55,0.010524119837680347
IMOEX,2,CatBoost,lag56,0.00465510332659197
IMOEX,2,CatBoost,lag57,0.004819786168149529
IMOEX,2,CatBoost,lag58,0.0013085664669313893
IMOEX,2,CatBoost,lag59,0.003553658417709162
IMOEX,2,CatBoost,lag60,0.0025553989032782135
IMOEX,2,CatBoost,Brent_lag1,0.009268617776427235
IMOEX,2,CatBoost,Brent_lag2,0.008773263778590312
IMOEX,2,CatBoost,Brent_lag3,0.005682678639983659
IMOEX,2,CatBoost,Brent_lag4,0.009995702603155228
IMOEX,2,CatBoost,Brent_lag5,0.007904751265786757
IMOEX,2,CatBoost,Brent_lag6,0.003146920465050932
IMOEX,2,CatBoost,Brent_lag7,0.0036771556908560543
IMOEX,2,CatBoost,Brent_lag8,0.008418563430982615
IMOEX,2,CatBoost,Brent_lag9,0.010928006561626043
IMOEX,2,CatBoost,Brent_lag10,0.012853433295531113
IMOEX,2,CatBoost,Brent_lag11,0.003021019015493968
IMOEX,2,CatBoost,Brent_lag12,0.004543099908269047
IMOEX,2,CatBoost,Brent_lag13,0.0043840735398734745
IMOEX,2,CatBoost,Brent_lag14,0.006502318641803489
IMOEX,2,CatBoost,Brent_lag15,0.010787860501432439
IMOEX,2,CatBoost,Brent_lag16,0.01053135774819427
IMOEX,2,CatBoost,Brent_lag17,0.009362478885739113
IMOEX,2,CatBoost,Brent_lag18,0.007825489625743231
IMOEX,2,CatBoost,Brent_lag19,0.011681781407937311
IMOEX,2,CatBoost,Brent_lag20,0.008273367379549952
IMOEX,2,CatBoost,Brent_lag21,0.01013936066686599
IMOEX,2,CatBoost,Brent_lag22,0.012203841927741425
IMOEX,2,CatBoost,Brent_lag23,0.006177412369713525
IMOEX,2,CatBoost,Brent_lag24,0.005028527352004733
IMOEX,2,CatBoost,USD_lag1,0.007957358865700662
IMOEX,2,CatBoost,USD_lag2,0.015489887966815545
IMOEX,2,CatBoost,USD_lag3,0.011265229864597744
IMOEX,2,CatBoost,USD_lag4,0.011328731394140753
IMOEX,2,CatBoost,USD_lag5,0.010216176477823928
IMOEX,2,CatBoost,USD_lag6,0.009717092430696754
IMOEX,2,CatBoost,USD_lag7,0.012950641562399811
IMOEX,2,CatBoost,USD_lag8,0.007857707419982601
IMOEX,2,CatBoost,USD_lag9,0.012076471394661713
IMOEX,2,CatBoost,USD_lag10,0.010274340389431282
IMOEX,2,CatBoost,USD_lag11,0.015696079007170276
IMOEX,2,CatBoost,USD_lag12,0.0087155383897098
IMOEX,2,CatBoost,USD_lag13,0.009497457086535573
IMOEX,2,CatBoost,USD_lag14,0.006524415343521414
IMOEX,2,CatBoost,USD_lag15,0.013803960132325177
IMOEX,2,CatBoost,USD_lag16,0.006427371815348662
IMOEX,2,CatBoost,USD_lag17,0.007617167017222738
IMOEX,2,CatBoost,USD_lag18,0.006719327993947096
IMOEX,2,CatBoost,USD_lag19,0.007377857878358641
IMOEX,2,CatBoost,USD_lag20,0.0066096316158314305
IMOEX,2,CatBoost,USD_lag21,0.013423200206297975
IMOEX,2,CatBoost,USD_lag22,0.012380425807670436
IMOEX,2,CatBoost,USD_lag23,0.016170845557461254
IMOEX,2,CatBoost,USD_lag24,0.012338510462105011
IMOEX,3,RF,Open,0.002120625584209299
IMOEX,3,RF,High,0.005978876732904445
IMOEX,3,RF,Low,0.006214925258087904
IMOEX,3,RF,Close,0.003987744448833758
IMOEX,3,RF,Value,0.028659332706975394
IMOEX,3,RF,Volume,0.0
IMOEX,3,RF,SMA_5,0.0037554391388013547
IMOEX,3,RF,SMA_10,0.0035189815171730436
IMOEX,3,RF,SMA_20,0.0038760161335295164
IMOEX,3,RF,EMA_5,0.0035931981477957276
IMOEX,3,RF,EMA_10,0.01866207222230769
IMOEX,3,RF,EMA_20,0.010093534666497886
IMOEX,3,RF,BBH,0.003432636779026207
IMOEX,3,RF,BBL,0.006790613440605503
IMOEX,3,RF,RSI_50,0.07583571099661773
IMOEX,3,RF,StochK,0.01897523647731764
IMOEX,3,RF,StochD,0.01142453920946401
IMOEX,3,RF,ATR_50,0.02935870516856482
IMOEX,3,RF,OBV,0.0
IMOEX,3,RF,MACD,0.023874712328415593
IMOEX,3,RF,MACD_SIGNAL,0.017075616053080247
IMOEX,3,RF,MACD_DIFF,0.018556190642021998
IMOEX,3,RF,ADX_14,0.024680766858849842
IMOEX,3,RF,CCI_20,0.031590726040189636
IMOEX,3,RF,ROC_10,0.026609805678244815
IMOEX,3,RF,WILLR_14,0.018990570438340647
IMOEX,3,RF,lag1,0.0016837457105545015
IMOEX,3,RF,lag2,0.003938078320617675
IMOEX,3,RF,lag3,0.0030208949748092304
IMOEX,3,RF,lag4,0.003747769970462347
IMOEX,3,RF,lag5,0.0022128834734493792
IMOEX,3,RF,lag6,0.005690971743788164
IMOEX,3,RF,lag7,0.00393719952806977
IMOEX,3,RF,lag8,0.0042344640558076435
IMOEX,3,RF,lag9,0.0032363517759866995
IMOEX,3,RF,lag10,0.003470752647949273
IMOEX,3,RF,lag11,0.007130887061142794
IMOEX,3,RF,lag12,0.002663883234038819
IMOEX,3,RF,lag13,0.0041798809704391955
IMOEX,3,RF,lag14,0.003182391955564471
IMOEX,3,RF,lag15,0.017228392197316155
IMOEX,3,RF,lag16,0.004993102952292037
IMOEX,3,RF,lag17,0.0032079974819413906
IMOEX,3,RF,lag18,0.002557531834038836
IMOEX,3,RF,lag19,0.0017759872481402444
IMOEX,3,RF,lag20,0.002670979306435484
IMOEX,3,RF,lag21,0.0030021414372449645
IMOEX,3,RF,lag22,0.00459715192193369
IMOEX,3,RF,lag23,0.005166679957313663
IMOEX,3,RF,lag24,0.003204788206087288
IMOEX,3,RF,lag25,0.0023899924695184077
IMOEX,3,RF,lag26,0.006748375074911958
IMOEX,3,RF,lag27,0.0036466832534907925
IMOEX,3,RF,lag28,0.004221273437331885
IMOEX,3,RF,lag29,0.0016207522448854865
IMOEX,3,RF,lag30,0.0032647833408829614
IMOEX,3,RF,lag31,0.0014265038821870662
IMOEX,3,RF,lag32,0.0008682724646730213
IMOEX,3,RF,lag33,0.0032564521750543967
IMOEX,3,RF,lag34,0.003613402384038385
IMOEX,3,RF,lag35,0.0021433991617728506
IMOEX,3,RF,lag36,0.0030677103792701374
IMOEX,3,RF,lag37,0.006277580809154652
IMOEX,3,RF,lag38,0.004947491516306077
IMOEX,3,RF,lag39,0.004607266157744714
IMOEX,3,RF,lag40,0.003988024046821286
IMOEX,3,RF,lag41,0.0032303219251632004
IMOEX,3,RF,lag42,0.004189795953569475
IMOEX,3,RF,lag43,0.004464500819866205
IMOEX,3,RF,lag44,0.004377173926636059
IMOEX,3,RF,lag45,0.001614419890072508
IMOEX,3,RF,lag46,0.0029030867066608262
IMOEX,3,RF,lag47,0.0033355968591043776
IMOEX,3,RF,lag48,0.002417645439982662
IMOEX,3,RF,lag49,0.0035736361810239452
IMOEX,3,RF,lag50,0.0029442920548250124
IMOEX,3,RF,lag51,0.004403868359541654
IMOEX,3,RF,lag52,0.0028393792049552914
IMOEX,3,RF,lag53,0.004555017736014752
IMOEX,3,RF,lag54,0.010639869698489885
IMOEX,3,RF,lag55,0.006423044499588165
IMOEX,3,RF,lag56,0.002238425880937104
IMOEX,3,RF,lag57,0.00843727428732963
IMOEX,3,RF,lag58,0.01479258666323138
IMOEX,3,RF,lag59,0.003825761530883496
IMOEX,3,RF,lag60,0.0020354372918467197
IMOEX,3,RF,Brent_lag1,0.005908003954949388
IMOEX,3,RF,Brent_lag2,0.007524096846259388
IMOEX,3,RF,Brent_lag3,0.005937883028526833
IMOEX,3,RF,Brent_lag4,0.0038045919623579086
IMOEX,3,RF,Brent_lag5,0.005261329443176927
IMOEX,3,RF,Brent_lag6,0.0035334004139101188
IMOEX,3,RF,Brent_lag7,0.0034878333030319785
IMOEX,3,RF,Brent_lag8,0.003568269304405471
IMOEX,3,RF,Brent_lag9,0.004331970636602604
IMOEX,3,RF,Brent_lag10,0.004241974281120227
IMOEX,3,RF,Brent_lag11,0.004812092374497112
IMOEX,3,RF,Brent_lag12,0.01520981795616337
IMOEX,3,RF,Brent_lag13,0.0059559540717432444
IMOEX,3,RF,Brent_lag14,0.005185014234498074
IMOEX,3,RF,Brent_lag15,0.003295559975922651
IMOEX,3,RF,Brent_lag16,0.0038232947547722925
IMOEX,3,RF,Brent_lag17,0.004566263113402043
IMOEX,3,RF,Brent_lag18,0.0056294070526412025
IMOEX,3,RF,Brent_lag19,0.007388506264753171
IMOEX,3,RF,Brent_lag20,0.012980903204954644
IMOEX,3,RF,Brent_lag21,0.009333275099528925
IMOEX,3,RF,Brent_lag22,0.0056766739167742105
IMOEX,3,RF,Brent_lag23,0.007296479632058768
IMOEX,3,RF,Brent_lag24,0.016684240942800712
IMOEX,3,RF,USD_lag1,0.006537808646550943
IMOEX,3,RF,USD_lag2,0.006919787568397286
IMOEX,3,RF,USD_lag3,0.005510153376996848
IMOEX,3,RF,USD_lag4,0.005980136347208496
IMOEX,3,RF,USD_lag5,0.014561658269496725
IMOEX,3,RF,USD_lag6,0.010480896031524578
IMOEX,3,RF,USD_lag7,0.003614486270146836
IMOEX,3,RF,USD_lag8,0.026955881803510873
IMOEX,3,RF,USD_lag9,0.007542041131382013
IMOEX,3,RF,USD_lag10,0.007294703100467716
IMOEX,3,RF,USD_lag11,0.012832177035300927
IMOEX,3,RF,USD_lag12,0.005091200444788575
IMOEX,3,RF,USD_lag13,0.02910573360689746
IMOEX,3,RF,USD_lag14,0.002935375059220624
IMOEX,3,RF,USD_lag15,0.005277109218568075
IMOEX,3,RF,USD_lag16,0.002032173412561284
IMOEX,3,RF,USD_lag17,0.005119080338308385
IMOEX,3,RF,USD_lag18,0.006386475244624082
IMOEX,3,RF,USD_lag19,0.01635577875775829
IMOEX,3,RF,USD_lag20,0.002907047440556682
IMOEX,3,RF,USD_lag21,0.0038129551851286032
IMOEX,3,RF,USD_lag22,0.004594146287305911
IMOEX,3,RF,USD_lag23,0.002470253576541434
IMOEX,3,RF,USD_lag24,0.0025255237368612326
IMOEX,3,CatBoost,Open,0.0028770530289005634
IMOEX,3,CatBoost,High,0.0055143201127120815
IMOEX,3,CatBoost,Low,0.0028692003706563864
IMOEX,3,CatBoost,Close,0.0015899540158589801
IMOEX,3,CatBoost,Value,0.06987891464207455
IMOEX,3,CatBoost,Volume,0.0
IMOEX,3,CatBoost,SMA_5,0.0016025400469644735
IMOEX,3,CatBoost,SMA_10,0.004830166944247553
IMOEX,3,CatBoost,SMA_20,0.0017237572392986371
IMOEX,3,CatBoost,EMA_5,0.0038884885110160665
IMOEX,3,CatBoost,EMA_10,0.00112276851076936
IMOEX,3,CatBoost,EMA_20,0.004838064592196608
IMOEX,3,CatBoost,BBH,0.002196722882755972
IMOEX,3,CatBoost,BBL,0.002730178067315917
IMOEX,3,CatBoost,RSI_50,0.017265262041050698
IMOEX,3,CatBoost,StochK,0.018686395075971786
IMOEX,3,CatBoost,StochD,0.04073803885681437
IMOEX,3,CatBoost,ATR_50,0.021758154738995093
IMOEX,3,CatBoost,OBV,0.0
IMOEX,3,CatBoost,MACD,0.01834818942377576
IMOEX,3,CatBoost,MACD_SIGNAL,0.01196587155813274
IMOEX,3,CatBoost,MACD_DIFF,0.016359158815297543
IMOEX,3,CatBoost,ADX_14,0.024690311129311655
IMOEX,3,CatBoost,CCI_20,0.020421083131923076
IMOEX,3,CatBoost,ROC_10,0.029569048024633372
IMOEX,3,CatBoost,WILLR_14,0.020622014392709047
IMOEX,3,CatBoost,lag1,0.005339857300290342
IMOEX,3,CatBoost,lag2,0.003749830254203914
IMOEX,3,CatBoost,lag3,0.004731569265926202
IMOEX,3,CatBoost,lag4,0.003183766500717273
IMOEX,3,CatBoost,lag5,0.003598388725749356
IMOEX,3,CatBoost,lag6,0.006321048008485593
IMOEX,3,CatBoost,lag7,0.006025440644800663
IMOEX,3,CatBoost,lag8,0.007612387764221605
IMOEX,3,CatBoost,lag9,0.003601034517889011
IMOEX,3,CatBoost,lag10,0.002987105099863497
IMOEX,3,CatBoost,lag11,0.0036054585972531837
IMOEX,3,CatBoost,lag12,0.0037892262541659575
IMOEX,3,CatBoost,lag13,0.002654467233289537
IMOEX,3,CatBoost,lag14,0.006153387387515876
IMOEX,3,CatBoost,lag15,0.004793295391686515
IMOEX,3,CatBoost,lag16,0.004989839881356501
IMOEX,3,CatBoost,lag17,0.001959044425222451
IMOEX,3,CatBoost,lag18,0.005131711666670023
IMOEX,3,CatBoost,lag19,0.0038193466906214536
IMOEX,3,CatBoost,lag20,0.003982049638516023
IMOEX,3,CatBoost,lag21,0.006716853299297984
IMOEX,3,CatBoost,lag22,0.00259360087580242
IMOEX,3,CatBoost,lag23,0.003625006196540911
IMOEX,3,CatBoost,lag24,0.0029554459377628657
IMOEX,3,CatBoost,lag25,0.003920072064044979
IMOEX,3,CatBoost,lag26,0.005084740765669055
IMOEX,3,CatBoost,lag27,0.0038264943853208977
IMOEX,3,CatBoost,lag28,0.0017297204482455224
IMOEX,3,CatBoost,lag29,0.003366290222516395
IMOEX,3,CatBoost,lag30,0.0029355719572197276
IMOEX,3,CatBoost,lag31,0.001280853622233623
IMOEX,3,CatBoost,lag32,0.0016635749259984601
IMOEX,3,CatBoost,lag33,0.0014943554780870968
IMOEX,3,CatBoost,lag34,0.002800779032127591
IMOEX,3,CatBoost,lag35,0.002766443748737219
IMOEX,3,CatBoost,lag36,0.0031236468146878913
IMOEX,3,CatBoost,lag37,0.003709151612008307
IMOEX,3,CatBoost,lag38,0.006343406323929564
IMOEX,3,CatBoost,lag39,0.004624774042247377
IMOEX,3,CatBoost,lag40,0.004237901010069432
IMOEX,3,CatBoost,lag41,0.0041435750232700986
IMOEX,3,CatBoost,lag42,0.003314650417926322
IMOEX,3,CatBoost,lag43,0.002969890884464208
IMOEX,3,CatBoost,lag44,0.0036378219240402287
IMOEX,3,CatBoost,lag45,0.007013897729987276
IMOEX,3,CatBoost,lag46,0.0018669649962019786
IMOEX,3,CatBoost,lag47,0.0012310302311204493
IMOEX,3,CatBoost,lag48,0.0034427966431590786
IMOEX,3,CatBoost,lag49,0.0035045614589077957
IMOEX,3,CatBoost,lag50,0.0015517980029742023
IMOEX,3,CatBoost,lag51,0.0028707463346523453
IMOEX,3,CatBoost,lag52,0.003069310372244431
IMOEX,3,CatBoost,lag53,0.00466865288877906
IMOEX,3,CatBoost,lag54,0.002231115249253501
IMOEX,3,CatBoost,lag55,0.0030386591373462776
IMOEX,3,CatBoost,lag56,0.0030867821775349457
IMOEX,3,CatBoost,lag57,0.003902397978115271
IMOEX,3,CatBoost,lag58,0.0013176433468934567
IMOEX,3,CatBoost,lag59,0.0038081516009694024
IMOEX,3,CatBoost,lag60,0.0018033548324011362
IMOEX,3,CatBoost,Brent_lag1,0.015546258024965615
IMOEX,3,CatBoost,Brent_lag2,0.008140442668705573
IMOEX,3,CatBoost,Brent_lag3,0.009055000126294909
IMOEX,3,CatBoost,Brent_lag4,0.014521008711674128
IMOEX,3,CatBoost,Brent_lag5,0.01053180867392785
IMOEX,3,CatBoost,Brent_lag6,0.00964184515103565
IMOEX,3,CatBoost,Brent_lag7,0.010345600556073645
IMOEX,3,CatBoost,Brent_lag8,0.007021926358746834
IMOEX,3,CatBoost,Brent_lag9,0.00867070793122325
IMOEX,3,CatBoost,Brent_lag10,0.012721980255438851
IMOEX,3,CatBoost,Brent_lag11,0.011384512158886246
IMOEX,3,CatBoost,Brent_lag12,0.015051865390624818
IMOEX,3,CatBoost,Brent_lag13,0.006972224961939572
IMOEX,3,CatBoost,Brent_lag14,0.006084546296355388
IMOEX,3,CatBoost,Brent_lag15,0.010089603849453878
IMOEX,3,CatBoost,Brent_lag16,0.016391910077035214
IMOEX,3,CatBoost,Brent_lag17,0.008042307309326573
IMOEX,3,CatBoost,Brent_lag18,0.007283711971733745
IMOEX,3,CatBoost,Brent_lag19,0.006466766844876698
IMOEX,3,CatBoost,Brent_lag20,0.011997686489624064
IMOEX,3,CatBoost,Brent_lag21,0.010587410077596787
IMOEX,3,CatBoost,Brent_lag22,0.010173689755456072
IMOEX,3,CatBoost,Brent_lag23,0.010461485629971325
IMOEX,3,CatBoost,Brent_lag24,0.011507871876759099
IMOEX,3,CatBoost,USD_lag1,0.008021502051030936
IMOEX,3,CatBoost,USD_lag2,0.010262341598179457
IMOEX,3,CatBoost,USD_lag3,0.006685490995370102
IMOEX,3,CatBoost,USD_lag4,0.007212322930207282
IMOEX,3,CatBoost,USD_lag5,0.007038130333454016
IMOEX,3,CatBoost,USD_lag6,0.007803003696305865
IMOEX,3,CatBoost,USD_lag7,0.005613213545866313
IMOEX,3,CatBoost,USD_lag8,0.008671717787679662
IMOEX,3,CatBoost,USD_lag9,0.005209285261683127
IMOEX,3,CatBoost,USD_lag10,0.011811605843828028
IMOEX,3,CatBoost,USD_lag11,0.0050502307616174125
IMOEX,3,CatBoost,USD_lag12,0.008704583061340783
IMOEX,3,CatBoost,USD_lag13,0.010102968205344974
IMOEX,3,CatBoost,USD_lag14,0.008666653510774749
IMOEX,3,CatBoost,USD_lag15,0.00849207381360503
IMOEX,3,CatBoost,USD_lag16,0.008431734552893972
IMOEX,3,CatBoost,USD_lag17,0.004981377328417215
IMOEX,3,CatBoost,USD_lag18,0.007531122017344446
IMOEX,3,CatBoost,USD_lag19,0.0038344724606575926
IMOEX,3,CatBoost,USD_lag20,0.005071751775023268
IMOEX,3,CatBoost,USD_lag21,0.011741516609015309
IMOEX,3,CatBoost,USD_lag22,0.0043944014130904464
IMOEX,3,CatBoost,USD_lag23,0.011381946032872904
IMOEX,3,CatBoost,USD_lag24,0.009207987872055302
IMOEX,4,RF,Open,0.0015543669367364418
IMOEX,4,RF,High,0.0018938403150178952
IMOEX,4,RF,Low,0.0017455009559311828
IMOEX,4,RF,Close,0.002662700555046827
IMOEX,4,RF,Value,0.0227348639405486
IMOEX,4,RF,Volume,0.0
IMOEX,4,RF,SMA_5,0.0019243220066536074
IMOEX,4,RF,SMA_10,0.0012962945914972185
IMOEX,4,RF,SMA_20,0.0007374178981172854
IMOEX,4,RF,EMA_5,0.0010611463502728383
IMOEX,4,RF,EMA_10,0.0027205624090176936
IMOEX,4,RF,EMA_20,0.0034827679019632427
IMOEX,4,RF,BBH,0.00257250736567378
IMOEX,4,RF,BBL,0.002301916408676742
IMOEX,4,RF,RSI_50,0.0783774515017408
IMOEX,4,RF,StochK,0.012379750386340786
IMOEX,4,RF,StochD,0.008905214511458159
IMOEX,4,RF,ATR_50,0.022040329324927003
IMOEX,4,RF,OBV,0.0
IMOEX,4,RF,MACD,0.024214791658283056
IMOEX,4,RF,MACD_SIGNAL,0.031246297890426884
IMOEX,4,RF,MACD_DIFF,0.07356942355048676
IMOEX,4,RF,ADX_14,0.011715715281305585
IMOEX,4,RF,CCI_20,0.04507152886193868
IMOEX,4,RF,ROC_10,0.038275131897951044
IMOEX,4,RF,WILLR_14,0.021734224470745488
IMOEX,4,RF,lag1,0.0021008065557180417
IMOEX,4,RF,lag2,0.004011194538787056
IMOEX,4,RF,lag3,0.0016186254876490557
IMOEX,4,RF,lag4,0.002269417464429011
IMOEX,4,RF,lag5,0.003902298642608673
IMOEX,4,RF,lag6,0.0031830477070435618
IMOEX,4,RF,lag7,0.002327177566590534
IMOEX,4,RF,lag8,0.0020665922196162014
IMOEX,4,RF,lag9,0.0017583520653051494
IMOEX,4,RF,lag10,0.0006987978142050455
IMOEX,4,RF,lag11,0.002500403950502228
IMOEX,4,RF,lag12,0.003884787855499321
IMOEX,4,RF,lag13,0.004745182149534994
IMOEX,4,RF,lag14,0.0015345260576146722
IMOEX,4,RF,lag15,0.011925231044503609
IMOEX,4,RF,lag16,0.004120656402424839
IMOEX,4,RF,lag17,0.003978894767316451
IMOEX,4,RF,lag18,0.002399182182574842
IMOEX,4,RF,lag19,0.00039640666227792025
IMOEX,4,RF,lag20,0.0013851440690162743
IMOEX,4,RF,lag21,0.0014816879721620058
IMOEX,4,RF,lag22,0.0016487408540769959
IMOEX,4,RF,lag23,0.0026999927704981145
IMOEX,4,RF,lag24,0.00208746719406418
IMOEX,4,RF,lag25,0.003301280946895419
IMOEX,4,RF,lag26,0.0025493073324039947
IMOEX,4,RF,lag27,0.0022899818401206527
IMOEX,4,RF,lag28,0.001077223607079952
IMOEX,4,RF,lag29,0.0013951491387165285
IMOEX,4,RF,lag30,0.0025213533171784086
IMOEX,4,RF,lag31,0.002021125642926567
IMOEX,4,RF,lag32,0.014563726428057562
IMOEX,4,RF,lag33,0.0029042451253605992
IMOEX,4,RF,lag34,0.002302690593130775
IMOEX,4,RF,lag35,0.0022322156804552413
IMOEX,4,RF,lag36,0.04252457745971259
IMOEX,4,RF,lag37,0.003918493078397528
IMOEX,4,RF,lag38,0.04358892962265655
IMOEX,4,RF,lag39,0.0071533195518267804
IMOEX,4,RF,lag40,0.009138381050201306
IMOEX,4,RF,lag41,0.0017153360751740903
IMOEX,4,RF,lag42,0.0016282378417220391
IMOEX,4,RF,lag43,0.002083323182291578
IMOEX,4,RF,lag44,0.003540550168200817
IMOEX,4,RF,lag45,0.0018975822229853041
IMOEX,4,RF,lag46,0.0009756229710516965
IMOEX,4,RF,lag47,0.0019452027996304196
IMOEX,4,RF,lag48,0.0016690389200215673
IMOEX,4,RF,lag49,0.001315560991679634
IMOEX,4,RF,lag50,0.0018761996067390282
IMOEX,4,RF,lag51,0.00473713067332555
IMOEX,4,RF,lag52,0.0015916027987116362
IMOEX,4,RF,lag53,0.0028249467753570954
IMOEX,4,RF,lag54,0.00358740759477533
IMOEX,4,RF,lag55,0.003902471055471253
IMOEX,4,RF,lag56,0.0020948198433620173
IMOEX,4,RF,lag57,0.0014009359185723593
IMOEX,4,RF,lag58,0.0037117899966595796
IMOEX,4,RF,lag59,0.0023208192183734595
IMOEX,4,RF,lag60,0.0022691689362257833
IMOEX,4,RF,Brent_lag1,0.005390232013903667
IMOEX,4,RF,Brent_lag2,0.006586797552728135
IMOEX,4,RF,Brent_lag3,0.003968158708294778
IMOEX,4,RF,Brent_lag4,0.0033623981082971702
IMOEX,4,RF,Brent_lag5,0.0036279337873489537
IMOEX,4,RF,Brent_lag6,0.002553279565556932
IMOEX,4,RF,Brent_lag7,0.0035285511286266393
IMOEX,4,RF,Brent_lag8,0.0035960298768854086
IMOEX,4,RF,Brent_lag9,0.0025271160536792453
IMOEX,4,RF,Brent_lag10,0.007339060765399985
IMOEX,4,RF,Brent_lag11,0.009443217862144507
IMOEX,4,RF,Brent_lag12,0.012162626506564286
IMOEX,4,RF,Brent_lag13,0.003627950446520099
IMOEX,4,RF,Brent_lag14,0.003269663945883308
IMOEX,4,RF,Brent_lag15,0.0034503755761059072
IMOEX,4,RF,Brent_lag16,0.0019950695693518278
IMOEX,4,RF,Brent_lag17,0.0016318291353701019
IMOEX,4,RF,Brent_lag18,0.0026564454762382844
IMOEX,4,RF,Brent_lag19,0.004356161545169386
IMOEX,4,RF,Brent_lag20,0.025371866679737273
IMOEX,4,RF,Brent_lag21,0.00431956939598524
IMOEX,4,RF,Brent_lag22,0.018247973681290882
IMOEX,4,RF,Brent_lag23,0.008782537053901359
IMOEX,4,RF,Brent_lag24,0.013099692460849934
IMOEX,4,RF,USD_lag1,0.00849747204497826
IMOEX,4,RF,USD_lag2,0.007918588206128365
IMOEX,4,RF,USD_lag3,0.00521961874893016
IMOEX,4,RF,USD_lag4,0.006084240194370726
IMOEX,4,RF,USD_lag5,0.017262503982206308
IMOEX,4,RF,USD_lag6,0.01159550614951242
IMOEX,4,RF,USD_lag7,0.003975202011296947
IMOEX,4,RF,USD_lag8,0.018368889049197902
IMOEX,4,RF,USD_lag9,0.004490659351646748
IMOEX,4,RF,USD_lag10,0.004669935148816295
IMOEX,4,RF,USD_lag11,0.010529958439748282
IMOEX,4,RF,USD_lag12,0.004453923892463621
IMOEX,4,RF,USD_lag13,0.020946608232781373
IMOEX,4,RF,USD_lag14,0.0034722831054639952
IMOEX,4,RF,USD_lag15,0.0028176293253880814
IMOEX,4,RF,USD_lag16,0.0025405356101598337
IMOEX,4,RF,USD_lag17,0.007511431388334381
IMOEX,4,RF,USD_lag18,0.003404684605345153
IMOEX,4,RF,USD_lag19,0.008035850167591656
IMOEX,4,RF,USD_lag20,0.0022140206433182595
IMOEX,4,RF,USD_lag21,0.0034153031874308427
IMOEX,4,RF,USD_lag22,0.0065484020201848694
IMOEX,4,RF,USD_lag23,0.004431347726043551
IMOEX,4,RF,USD_lag24,0.003188440902601552
IMOEX,4,CatBoost,Open,0.004113254799908279
IMOEX,4,CatBoost,High,0.004951173824099234
IMOEX,4,CatBoost,Low,0.0012378910364797232
IMOEX,4,CatBoost,Close,0.004963972929314679
IMOEX,4,CatBoost,Value,0.0772787358298117
IMOEX,4,CatBoost,Volume,0.0
IMOEX,4,CatBoost,SMA_5,0.006048427884163146
IMOEX,4,CatBoost,SMA_10,0.0023989307432391647
IMOEX,4,CatBoost,SMA_20,0.002904394814862083
IMOEX,4,CatBoost,EMA_5,0.0005135930615292914
IMOEX,4,CatBoost,EMA_10,0.0024437624027290068
IMOEX,4,CatBoost,EMA_20,0.0031749825894768517
IMOEX,4,CatBoost,BBH,0.0048901541364402045
IMOEX,4,CatBoost,BBL,0.0032956155516091737
IMOEX,4,CatBoost,RSI_50,0.019231863946022932
IMOEX,4,CatBoost,StochK,0.020105682723280192
IMOEX,4,CatBoost,StochD,0.04147600522408109
IMOEX,4,CatBoost,ATR_50,0.024332948631725988
IMOEX,4,CatBoost,OBV,0.0
IMOEX,4,CatBoost,MACD,0.018980432332564152
IMOEX,4,CatBoost,MACD_SIGNAL,0.018116128252861217
IMOEX,4,CatBoost,MACD_DIFF,0.026612644554686208
IMOEX,4,CatBoost,ADX_14,0.02448414799385623
IMOEX,4,CatBoost,CCI_20,0.023475602490704937
IMOEX,4,CatBoost,ROC_10,0.029508741820388644
IMOEX,4,CatBoost,WILLR_14,0.023620836974884346
IMOEX,4,CatBoost,lag1,0.001327633988184946
IMOEX,4,CatBoost,lag2,0.00420901581444335
IMOEX,4,CatBoost,lag3,0.004867321382596343
IMOEX,4,CatBoost,lag4,0.004948492074956014
IMOEX,4,CatBoost,lag5,0.003891605438065303
IMOEX,4,CatBoost,lag6,0.004255515864135984
IMOEX,4,CatBoost,lag7,0.005637461297167712
IMOEX,4,CatBoost,lag8,0.00475087014348509
IMOEX,4,CatBoost,lag9,0.006398829727820887
IMOEX,4,CatBoost,lag10,0.002853898863735541
IMOEX,4,CatBoost,lag11,0.0037945568072029045
IMOEX,4,CatBoost,lag12,0.00540217256369631
IMOEX,4,CatBoost,lag13,0.0028170203390432275
IMOEX,4,CatBoost,lag14,0.003027075546463875
IMOEX,4,CatBoost,lag15,0.004107143416013843
IMOEX,4,CatBoost,lag16,0.0016089033808157917
IMOEX,4,CatBoost,lag17,0.0019230202108683034
IMOEX,4,CatBoost,lag18,0.003945892373778157
IMOEX,4,CatBoost,lag19,0.0024521732117856777
IMOEX,4,CatBoost,lag20,0.0027094870497122005
IMOEX,4,CatBoost,lag21,0.004687376577536859
IMOEX,4,CatBoost,lag22,0.00393749489674794
IMOEX,4,CatBoost,lag23,0.0038423993899624254
IMOEX,4,CatBoost,lag24,0.002983252793230429
IMOEX,4,CatBoost,lag25,0.000638262262019235
IMOEX,4,CatBoost,lag26,0.0027458598170224387
IMOEX,4,CatBoost,lag27,0.004515758664667108
IMOEX,4,CatBoost,lag28,0.004767040088203709
IMOEX,4,CatBoost,lag29,0.002282139232073105
IMOEX,4,CatBoost,lag30,0.004257274827555729
IMOEX,4,CatBoost,lag31,0.004506910831151218
IMOEX,4,CatBoost,lag32,0.002532232007204549
IMOEX,4,CatBoost,lag33,0.0002960207126890619
IMOEX,4,CatBoost,lag34,0.0010662752211943575
IMOEX,4,CatBoost,lag35,0.0008273688214613927
IMOEX,4,CatBoost,lag36,0.007498367512199367
IMOEX,4,CatBoost,lag37,0.004423070808884455
IMOEX,4,CatBoost,lag38,0.008816057813261726
IMOEX,4,CatBoost,lag39,0.007805330908856595
IMOEX,4,CatBoost,lag40,0.002533259704198186
IMOEX,4,CatBoost,lag41,0.0031164353414246076
IMOEX,4,CatBoost,lag42,0.004637717176843004
IMOEX,4,CatBoost,lag43,0.005855129724145107
IMOEX,4,CatBoost,lag44,0.0027194940250409895
IMOEX,4,CatBoost,lag45,0.0022111849483656865
IMOEX,4,CatBoost,lag46,0.004461519648850376
IMOEX,4,CatBoost,lag47,0.003870024194111734
IMOEX,4,CatBoost,lag48,0.003711874943396878
IMOEX,4,CatBoost,lag49,0.0029277541237357828
IMOEX,4,CatBoost,lag50,0.0020002452903387304
IMOEX,4,CatBoost,lag51,0.002003342062951216
IMOEX,4,CatBoost,lag52,0.003234914504097246
IMOEX,4,CatBoost,lag53,0.0029505387586549548
IMOEX,4,CatBoost,lag54,0.005200253414350913
IMOEX,4,CatBoost,lag55,0.006661848272630965
IMOEX,4,CatBoost,lag56,0.0054012151505966905
IMOEX,4,CatBoost,lag57,0.003306072378580047
IMOEX,4,CatBoost,lag58,0.0060476890610201
IMOEX,4,CatBoost,lag59,0.002825110762547802
IMOEX,4,CatBoost,lag60,0.0028024326534613663
IMOEX,4,CatBoost,Brent_lag1,0.010633247775253452
IMOEX,4,CatBoost,Brent_lag2,0.008249618494778354
IMOEX,4,CatBoost,Brent_lag3,0.008581979623809171
IMOEX,4,CatBoost,Brent_lag4,0.010622081747366428
IMOEX,4,CatBoost,Brent_lag5,0.007673023884581198
IMOEX,4,CatBoost,Brent_lag6,0.005502377118973221
IMOEX,4,CatBoost,Brent_lag7,0.0059190092445476185
IMOEX,4,CatBoost,Brent_lag8,0.009323694354282383
IMOEX,4,CatBoost,Brent_lag9,0.008417704530242617
IMOEX,4,CatBoost,Brent_lag10,0.017683706669185503
IMOEX,4,CatBoost,Brent_lag11,0.005647292542077781
IMOEX,4,CatBoost,Brent_lag12,0.009424114884737168
IMOEX,4,CatBoost,Brent_lag13,0.008540259052712943
IMOEX,4,CatBoost,Brent_lag14,0.008095814543514289
IMOEX,4,CatBoost,Brent_lag15,0.005895194963563255
IMOEX,4,CatBoost,Brent_lag16,0.01294955517697428
IMOEX,4,CatBoost,Brent_lag17,0.006738857049119732
IMOEX,4,CatBoost,Brent_lag18,0.004417423002702453
IMOEX,4,CatBoost,Brent_lag19,0.006145529795016048
IMOEX,4,CatBoost,Brent_lag20,0.010698317530065272
IMOEX,4,CatBoost,Brent_lag21,0.00824100647169025
IMOEX,4,CatBoost,Brent_lag22,0.007419898195026361
IMOEX,4,CatBoost,Brent_lag23,0.006077974466872072
IMOEX,4,CatBoost,Brent_lag24,0.013363369918649287
IMOEX,4,CatBoost,USD_lag1,0.006830641032075588
IMOEX,4,CatBoost,USD_lag2,0.011280307817291054
IMOEX,4,CatBoost,USD_lag3,0.0030841455565257373
IMOEX,4,CatBoost,USD_lag4,0.010995878998906373
IMOEX,4,CatBoost,USD_lag5,0.008932045894963964
IMOEX,4,CatBoost,USD_lag6,0.008584187699507095
IMOEX,4,CatBoost,USD_lag7,0.006985225439943025
IMOEX,4,CatBoost,USD_lag8,0.008712444407365218
IMOEX,4,CatBoost,USD_lag9,0.006077565567254601
IMOEX,4,CatBoost,USD_lag10,0.007611419653424093
IMOEX,4,CatBoost,USD_lag11,0.011789028056699728
IMOEX,4,CatBoost,USD_lag12,0.006912496541448093
IMOEX,4,CatBoost,USD_lag13,0.007775883132689629
IMOEX,4,CatBoost,USD_lag14,0.006037327621983344
IMOEX,4,CatBoost,USD_lag15,0.00889283093895952
IMOEX,4,CatBoost,USD_lag16,0.0070062925047838604
IMOEX,4,CatBoost,USD_lag17,0.003538444613179913
IMOEX,4,CatBoost,USD_lag18,0.007092793758032157
IMOEX,4,CatBoost,USD_lag19,0.006581962462510666
IMOEX,4,CatBoost,USD_lag20,0.005784011567552876
IMOEX,4,CatBoost,USD_lag21,0.009988955309561922
IMOEX,4,CatBoost,USD_lag22,0.006549511601392172
IMOEX,4,CatBoost,USD_lag23,0.007772099371196209
IMOEX,4,CatBoost,USD_lag24,0.004928886049057958
RTSI,0,RF,Open,0.0015844736270161333
RTSI,0,RF,High,0.00587401034817862
RTSI,0,RF,Low,0.005412007685927972
RTSI,0,RF,Close,0.004666844603665065
RTSI,0,RF,Value,0.02101186676151075
RTSI,0,RF,Volume,0.0
RTSI,0,RF,SMA_5,0.002659269168444174
RTSI,0,RF,SMA_10,0.0059315298683842626
RTSI,0,RF,SMA_20,0.0012068082514796097
RTSI,0,RF,EMA_5,0.003260929371112171
RTSI,0,RF,EMA_10,0.006768389113327369
RTSI,0,RF,EMA_20,0.011153452777696563
RTSI,0,RF,BBH,0.002918332836446297
RTSI,0,RF,BBL,0.003694979648984167
RTSI,0,RF,RSI_50,0.006474926612095502
RTSI,0,RF,StochK,0.009133614404558406
RTSI,0,RF,StochD,0.007483132585499186
RTSI,0,RF,ATR_50,0.011934719838756613
RTSI,0,RF,OBV,0.0
RTSI,0,RF,MACD,0.007387211841822171
RTSI,0,RF,MACD_SIGNAL,0.004984146591890091
RTSI,0,RF,MACD_DIFF,0.017163806886829558
RTSI,0,RF,ADX_14,0.009060120055709657
RTSI,0,RF,CCI_20,0.013655621015661229
RTSI,0,RF,ROC_10,0.030718440163977786
RTSI,0,RF,WILLR_14,0.01065783196767944
RTSI,0,RF,lag1,0.02040116747037845
RTSI,0,RF,lag2,0.008175335983221742
RTSI,0,RF,lag3,0.007545432970503527
RTSI,0,RF,lag4,0.004984824637722659
RTSI,0,RF,lag5,0.004794534514121338
RTSI,0,RF,lag6,0.005002162059428119
RTSI,0,RF,lag7,0.0033949215726831435
RTSI,0,RF,lag8,0.0044383181320921256
RTSI,0,RF,lag9,0.008816992696722703
RTSI,0,RF,lag10,0.0036554823525178975
RTSI,0,RF,lag11,0.008476637038401
RTSI,0,RF,lag12,0.011275159724894889
RTSI,0,RF,lag13,0.01048296947934747
RTSI,0,RF,lag14,0.011950487078439717
RTSI,0,RF,lag15,0.005265507445516929
RTSI,0,RF,lag16,0.009960901931206127
RTSI,0,RF,lag17,0.010339846892662373
RTSI,0,RF,lag18,0.008266798086725652
RTSI,0,RF,lag19,0.008156141688246953
RTSI,0,RF,lag20,0.005997825904697903
RTSI,0,RF,lag21,0.006246829795641291
RTSI,0,RF,lag22,0.010470344274653988
RTSI,0,RF,lag23,0.004836709951071889
RTSI,0,RF,lag24,0.005875729849322452
RTSI,0,RF,lag25,0.004898321396324949
RTSI,0,RF,lag26,0.01864990828781469
RTSI,0,RF,lag27,0.006850859048315643
RTSI,0,RF,lag28,0.006752103452348653
RTSI,0,RF,lag29,0.008080537899283058
RTSI,0,RF,lag30,0.005772848243109296
RTSI,0,RF,lag31,0.005139568474263215
RTSI,0,RF,lag32,0.004621717914142161
RTSI,0,RF,lag33,0.004627732459549821
RTSI,0,RF,lag34,0.004531858137808321
RTSI,0,RF,lag35,0.003846395636268247
RTSI,0,RF,lag36,0.007431902160812155
RTSI,0,RF,lag37,0.003730663138539918
RTSI,0,RF,lag38,0.00412649470303846
RTSI,0,RF,lag39,0.007499652719543829
RTSI,0,RF,lag40,0.005226270016415194
RTSI,0,RF,lag41,0.00925623429998361
RTSI,0,RF,lag42,0.004432995258233706
RTSI,0,RF,lag43,0.006539197615173445
RTSI,0,RF,lag44,0.004455125816546004
RTSI,0,RF,lag45,0.0077442423804221965
RTSI,0,RF,lag46,0.004712877114572218
RTSI,0,RF,lag47,0.003518790286598942
RTSI,0,RF,lag48,0.004466130593443133
RTSI,0,RF,lag49,0.0031391475728668036
RTSI,0,RF,lag50,0.003349330414161748
RTSI,0,RF,lag51,0.0023764669186485585
RTSI,0,RF,lag52,0.0035364692934299357
RTSI,0,RF,lag53,0.0058905463446117315
RTSI,0,RF,lag54,0.004517839626760451
RTSI,0,RF,lag55,0.003966798664619492
RTSI,0,RF,lag56,0.0033729727826779365
RTSI,0,RF,lag57,0.004630547894247151
RTSI,0,RF,lag58,0.0060492059768397196
RTSI,0,RF,lag59,0.006508800953946173
RTSI,0,RF,lag60,0.002717535326796086
RTSI,0,RF,Brent_lag1,0.01400526959063176
RTSI,0,RF,Brent_lag2,0.005492558943284679
RTSI,0,RF,Brent_lag3,0.00598147534265683
RTSI,0,RF,Brent_lag4,0.005498880120619232
RTSI,0,RF,Brent_lag5,0.004816081581781754
RTSI,0,RF,Brent_lag6,0.004864690994237345
RTSI,0,RF,Brent_lag7,0.004983520746453467
RTSI,0,RF,Brent_lag8,0.012709584358355933
RTSI,0,RF,Brent_lag9,0.014116581392589547
RTSI,0,RF,Brent_lag10,0.011562624126960377
RTSI,0,RF,Brent_lag11,0.0046284796422826026
RTSI,0,RF,Brent_lag12,0.0037128812493557144
RTSI,0,RF,Brent_lag13,0.004505994216559412
RTSI,0,RF,Brent_lag14,0.007896659273406296
RTSI,0,RF,Brent_lag15,0.012991600660908499
RTSI,0,RF,Brent_lag16,0.010439681968324337
RTSI,0,RF,Brent_lag17,0.01990978303574119
RTSI,0,RF,Brent_lag18,0.005337803533827807
RTSI,0,RF,Brent_lag19,0.012500238129734297
RTSI,0,RF,Brent_lag20,0.006254460720043002
RTSI,0,RF,Brent_lag21,0.011320227630501653
RTSI,0,RF,Brent_lag22,0.011256916355451127
RTSI,0,RF,Brent_lag23,0.009189968114896667
RTSI,0,RF,Brent_lag24,0.007321735082941029
RTSI,0,RF,USD_lag1,0.02429895901805274
RTSI,0,RF,USD_lag2,0.005854372226397102
RTSI,0,RF,USD_lag3,0.012285949485215136
RTSI,0,RF,USD_lag4,0.005757572676251787
RTSI,0,RF,USD_lag5,0.005683677116962498
RTSI,0,RF,USD_lag6,0.004438850622557752
RTSI,0,RF,USD_lag7,0.005572039445469368
RTSI,0,RF,USD_lag8,0.0031659462326363557
RTSI,0,RF,USD_lag9,0.0070464773157685465
RTSI,0,RF,USD_lag10,0.006372125738848055
RTSI,0,RF,USD_lag11,0.015180246869228862
RTSI,0,RF,USD_lag12,0.006874505836722905
RTSI,0,RF,USD_lag13,0.00750382937305575
RTSI,0,RF,USD_lag14,0.012396255339384623
RTSI,0,RF,USD_lag15,0.007538320316897424
RTSI,0,RF,USD_lag16,0.0061844131937970025
RTSI,0,RF,USD_lag17,0.009198905941140027
RTSI,0,RF,USD_lag18,0.007521345895646941
RTSI,0,RF,USD_lag19,0.004165202878430205
RTSI,0,RF,USD_lag20,0.0046392682677737695
RTSI,0,RF,USD_lag21,0.006947332275380815
RTSI,0,RF,USD_lag22,0.007274566042071318
RTSI,0,RF,USD_lag23,0.011430928851406976
RTSI,0,RF,USD_lag24,0.01079559585032974
RTSI,0,CatBoost,Open,0.010309566037376412
RTSI,0,CatBoost,High,0.005811653507517307
RTSI,0,CatBoost,Low,0.003526892504287505
RTSI,0,CatBoost,Close,0.004630372912334157
RTSI,0,CatBoost,Value,0.050417805189536376
RTSI,0,CatBoost,Volume,0.0
RTSI,0,CatBoost,SMA_5,0.0061508543796485555
RTSI,0,CatBoost,SMA_10,0.0048053768227197145
RTSI,0,CatBoost,SMA_20,0.001730245936892531
RTSI,0,CatBoost,EMA_5,0.0061979415998306185
RTSI,0,CatBoost,EMA_10,0.004741885170489404
RTSI,0,CatBoost,EMA_20,0.002070232196427133
RTSI,0,CatBoost,BBH,0.0007515577321144872
RTSI,0,CatBoost,BBL,0.003245708653624657
RTSI,0,CatBoost,RSI_50,0.008022027203975041
RTSI,0,CatBoost,StochK,0.015173971061553835
RTSI,0,CatBoost,StochD,0.021198044520061847
RTSI,0,CatBoost,ATR_50,0.00923827073349316
RTSI,0,CatBoost,OBV,0.0
RTSI,0,CatBoost,MACD,0.009682130342640592
RTSI,0,CatBoost,MACD_SIGNAL,0.010271526823655766
RTSI,0,CatBoost,MACD_DIFF,0.01394783691768184
RTSI,0,CatBoost,ADX_14,0.00424504147746253
RTSI,0,CatBoost,CCI_20,0.012804261310818644
RTSI,0,CatBoost,ROC_10,0.021881153758890118
RTSI,0,CatBoost,WILLR_14,0.02235395146693208
RTSI,0,CatBoost,lag1,0.005208051819327999
RTSI,0,CatBoost,lag2,0.005158264317497779
RTSI,0,CatBoost,lag3,0.00589559841781006
RTSI,0,CatBoost,lag4,0.0035680934444565367
RTSI,0,CatBoost,lag5,0.0038498290374482597
RTSI,0,CatBoost,lag6,0.00510270639353474
RTSI,0,CatBoost,lag7,0.004453385541343244
RTSI,0,CatBoost,lag8,0.005443882477820707
RTSI,0,CatBoost,lag9,0.0062797789063158554
RTSI,0,CatBoost,lag10,0.00622392497871726
RTSI,0,CatBoost,lag11,0.010226198462866392
RTSI,0,CatBoost,lag12,0.007532284284149251
RTSI,0,CatBoost,lag13,0.00856569061460873
RTSI,0,CatBoost,lag14,0.00956559098575735
RTSI,0,CatBoost,lag15,0.004138079902078082
RTSI,0,CatBoost,lag16,0.00918254748996333
RTSI,0,CatBoost,lag17,0.002120603282706739
RTSI,0,CatBoost,lag18,0.0046780429613487865
RTSI,0,CatBoost,lag19,0.0026840695662556846
RTSI,0,CatBoost,lag20,0.003120265269174025
RTSI,0,CatBoost,lag21,0.002998607173256565
RTSI,0,CatBoost,lag22,0.0075204145960379
RTSI,0,CatBoost,lag23,0.00534590518496956
RTSI,0,CatBoost,lag24,0.0026814209248695706
RTSI,0,CatBoost,lag25,0.0017478717302934067
RTSI,0,CatBoost,lag26,0.011304804517617255
RTSI,0,CatBoost,lag27,0.0032550218016050656
RTSI,0,CatBoost,lag28,0.004884607591798328
RTSI,0,CatBoost,lag29,0.006440059881047544
RTSI,0,CatBoost,lag30,0.0059025036678643375
RTSI,0,CatBoost,lag31,0.0033114649884702463
RTSI,0,CatBoost,lag32,0.0028275904070163504
RTSI,0,CatBoost,lag33,0.004128028094313826
RTSI,0,CatBoost,lag34,0.006651343319785885
RTSI,0,CatBoost,lag35,0.004052503430716112
RTSI,0,CatBoost,lag36,0.005646674576753446
RTSI,0,CatBoost,lag37,0.002797122322038761
RTSI,0,CatBoost,lag38,0.008524542248457537
RTSI,0,CatBoost,lag39,0.006134824225397445
RTSI,0,CatBoost,lag40,0.0024718286694489717
RTSI,0,CatBoost,lag41,0.006323212371534253
RTSI,0,CatBoost,lag42,0.003104039954522737
RTSI,0,CatBoost,lag43,0.005759228260638437
RTSI,0,CatBoost,lag44,0.003599003282257331
RTSI,0,CatBoost,lag45,0.0026960859988762313
RTSI,0,CatBoost,lag46,0.004389695491350687
RTSI,0,CatBoost,lag47,0.0050417968101773274
RTSI,0,CatBoost,lag48,0.0030632670182756967
RTSI,0,CatBoost,lag49,0.007326559289415024
RTSI,0,CatBoost,lag50,0.0049785148442135375
RTSI,0,CatBoost,lag51,0.003271318095318361
RTSI,0,CatBoost,lag52,0.005124702899400702
RTSI,0,CatBoost,lag53,0.0019672759747098177
RTSI,0,CatBoost,lag54,0.0012414718239434925
RTSI,0,CatBoost,lag55,0.009793446568268452
RTSI,0,CatBoost,lag56,0.010298642988901147
RTSI,0,CatBoost,lag57,0.004964094635050978
RTSI,0,CatBoost,lag58,0.005602093787719032
RTSI,0,CatBoost,lag59,0.005289364678803168
RTSI,0,CatBoost,lag60,0.005533765468710159
RTSI,0,CatBoost,Brent_lag1,0.009763385061653593
RTSI,0,CatBoost,Brent_lag2,0.007452756338470722
RTSI,0,CatBoost,Brent_lag3,0.008827181975822752
RTSI,0,CatBoost,Brent_lag4,0.010127726037284313
RTSI,0,CatBoost,Brent_lag5,0.004480517040015111
RTSI,0,CatBoost,Brent_lag6,0.011016266666248976
RTSI,0,CatBoost,Brent_lag7,0.004846729222964869
RTSI,0,CatBoost,Brent_lag8,0.007959530585743006
RTSI,0,CatBoost,Brent_lag9,0.01450391013215924
RTSI,0,CatBoost,Brent_lag10,0.013002430452819784
RTSI,0,CatBoost,Brent_lag11,0.006132923862530012
RTSI,0,CatBoost,Brent_lag12,0.008650141042969616
RTSI,0,CatBoost,Brent_lag13,0.005764919404671234
RTSI,0,CatBoost,Brent_lag14,0.007933045411212588
RTSI,0,CatBoost,Brent_lag15,0.006884344663116534
RTSI,0,CatBoost,Brent_lag16,0.020415202499503904
RTSI,0,CatBoost,Brent_lag17,0.005509427261464641
RTSI,0,CatBoost,Brent_lag18,0.0070231351983365085
RTSI,0,CatBoost,Brent_lag19,0.0040709250039518245
RTSI,0,CatBoost,Brent_lag20,0.010198449133351882
RTSI,0,CatBoost,Brent_lag21,0.012868313251017116
RTSI,0,CatBoost,Brent_lag22,0.010133057055591444
RTSI,0,CatBoost,Brent_lag23,0.006001903821538213
RTSI,0,CatBoost,Brent_lag24,0.007212723752624829
RTSI,0,CatBoost,USD_lag1,0.012109171313026804
RTSI,0,CatBoost,USD_lag2,0.010755231344085207
RTSI,0,CatBoost,USD_lag3,0.010670854075398925
RTSI,0,CatBoost,USD_lag4,0.011748810226396822
RTSI,0,CatBoost,USD_lag5,0.007968896335275
RTSI,0,CatBoost,USD_lag6,0.005792044765981249
RTSI,0,CatBoost,USD_lag7,0.010113266725875305
RTSI,0,CatBoost,USD_lag8,0.011763809709966636
RTSI,0,CatBoost,USD_lag9,0.005609005649798335
RTSI,0,CatBoost,USD_lag10,0.011035347569876999
RTSI,0,CatBoost,USD_lag11,0.009487828036698603
RTSI,0,CatBoost,USD_lag12,0.00734268187981114
RTSI,0,CatBoost,USD_lag13,0.007338616654145904
RTSI,0,CatBoost,USD_lag14,0.008921924469272521
RTSI,0,CatBoost,USD_lag15,0.010101599406984546
RTSI,0,CatBoost,USD_lag16,0.009526364410686178
RTSI,0,CatBoost,USD_lag17,0.014177319805049734
RTSI,0,CatBoost,USD_lag18,0.010814551236606868
RTSI,0,CatBoost,USD_lag19,0.007765819485196801
RTSI,0,CatBoost,USD_lag20,0.006808717915038539
RTSI,0,CatBoost,USD_lag21,0.008003944726405341
RTSI,0,CatBoost,USD_lag22,0.005576436418494939
RTSI,0,CatBoost,USD_lag23,0.01429343274724056
RTSI,0,CatBoost,USD_lag24,0.007295464210634615
RTSI,1,RF,Open,0.0022927260076754472
RTSI,1,RF,High,0.004114629691498778
RTSI,1,RF,Low,0.005074884753386587
RTSI,1,RF,Close,0.004145226125383733
RTSI,1,RF,Value,0.040235690778143304
RTSI,1,RF,Volume,0.0
RTSI,1,RF,SMA_5,0.001912828115319183
RTSI,1,RF,SMA_10,0.003937433118663066
RTSI,1,RF,SMA_20,0.0020145291040311783
RTSI,1,RF,EMA_5,0.005632094137270873
RTSI,1,RF,EMA_10,0.007043734167321415
RTSI,1,RF,EMA_20,0.0055710339926465105
RTSI,1,RF,BBH,0.006303605500978048
RTSI,1,RF,BBL,0.0024215939041946116
RTSI,1,RF,RSI_50,0.02289349734046653
RTSI,1,RF,StochK,0.011156661195836881
RTSI,1,RF,StochD,0.017455948465675247
RTSI,1,RF,ATR_50,0.008933800992499078
RTSI,1,RF,OBV,0.0
RTSI,1,RF,MACD,0.01118183169628302
RTSI,1,RF,MACD_SIGNAL,0.010960657114378563
RTSI,1,RF,MACD_DIFF,0.013069778005770244
RTSI,1,RF,ADX_14,0.017519666180709225
RTSI,1,RF,CCI_20,0.013212097391966458
RTSI,1,RF,ROC_10,0.018858809640693256
RTSI,1,RF,WILLR_14,0.01049614462924922
RTSI,1,RF,lag1,0.0069752304545325425
RTSI,1,RF,lag2,0.006101273682162973
RTSI,1,RF,lag3,0.007521644966624519
RTSI,1,RF,lag4,0.0068358125627804136
RTSI,1,RF,lag5,0.007266959688389738
RTSI,1,RF,lag6,0.019126392384845797
RTSI,1,RF,lag7,0.007369195889540679
RTSI,1,RF,lag8,0.04229477459784961
RTSI,1,RF,lag9,0.009863583622121207
RTSI,1,RF,lag10,0.0059308767759815645
RTSI,1,RF,lag11,0.007153074762041409
RTSI,1,RF,lag12,0.006483485154663982
RTSI,1,RF,lag13,0.010521432902404244
RTSI,1,RF,lag14,0.006139925138744979
RTSI,1,RF,lag15,0.0054789486806597395
RTSI,1,RF,lag16,0.008201922622095285
RTSI,1,RF,lag17,0.01001551242003498
RTSI,1,RF,lag18,0.008995478877102834
RTSI,1,RF,lag19,0.007838085253193015
RTSI,1,RF,lag20,0.011576900427759036
RTSI,1,RF,lag21,0.007977552361391596
RTSI,1,RF,lag22,0.015701599631240837
RTSI,1,RF,lag23,0.004015884801867037
RTSI,1,RF,lag24,0.004282419721889793
RTSI,1,RF,lag25,0.004132008070496662
RTSI,1,RF,lag26,0.012832113414672813
RTSI,1,RF,lag27,0.007128800683934798
RTSI,1,RF,lag28,0.003651573599649301
RTSI,1,RF,lag29,0.006144127504093112
RTSI,1,RF,lag30,0.003239254111093561
RTSI,1,RF,lag31,0.005615404663288259
RTSI,1,RF,lag32,0.003363945717641051
RTSI,1,RF,lag33,0.006660458977946569
RTSI,1,RF,lag34,0.005612072746359975
RTSI,1,RF,lag35,0.008226959866466545
RTSI,1,RF,lag36,0.006566722277674333
RTSI,1,RF,lag37,0.004162456276392211
RTSI,1,RF,lag38,0.004981311705084693
RTSI,1,RF,lag39,0.005940153413984802
RTSI,1,RF,lag40,0.0064647909909029515
RTSI,1,RF,lag41,0.006502458809928494
RTSI,1,RF,lag42,0.0036927055457373907
RTSI,1,RF,lag43,0.006035019663264489
RTSI,1,RF,lag44,0.0026089530132912602
RTSI,1,RF,lag45,0.0039043709706095913
RTSI,1,RF,lag46,0.006021404616100696
RTSI,1,RF,lag47,0.005535944924872674
RTSI,1,RF,lag48,0.003880891572670869
RTSI,1,RF,lag49,0.002325867395070005
RTSI,1,RF,lag50,0.0021981775726891404
RTSI,1,RF,lag51,0.0029820004466972446
RTSI,1,RF,lag52,0.00390638367466783
RTSI,1,RF,lag53,0.0031603474428760045
RTSI,1,RF,lag54,0.005107186004684444
RTSI,1,RF,lag55,0.003145790406443981
RTSI,1,RF,lag56,0.0030919863459413026
RTSI,1,RF,lag57,0.0038717181800006894
RTSI,1,RF,lag58,0.004201813427046995
RTSI,1,RF,lag59,0.0064320001872275635
RTSI,1,RF,lag60,0.0039012827537531023
RTSI,1,RF,Brent_lag1,0.009287671356322769
RTSI,1,RF,Brent_lag2,0.004216242611372086
RTSI,1,RF,Brent_lag3,0.003845026935182671
RTSI,1,RF,Brent_lag4,0.004260587791551486
RTSI,1,RF,Brent_lag5,0.004100643206552269
RTSI,1,RF,Brent_lag6,0.003319729292724113
RTSI,1,RF,Brent_lag7,0.004966372500329095
RTSI,1,RF,Brent_lag8,0.005486401265660677
RTSI,1,RF,Brent_lag9,0.006872351861398508
RTSI,1,RF,Brent_lag10,0.009315153368319106
RTSI,1,RF,Brent_lag11,0.004053750371548533
RTSI,1,RF,Brent_lag12,0.0037933705637088286
RTSI,1,RF,Brent_lag13,0.003266317918367859
RTSI,1,RF,Brent_lag14,0.00439501096773523
RTSI,1,RF,Brent_lag15,0.009373269942992457
RTSI,1,RF,Brent_lag16,0.005184266475516736
RTSI,1,RF,Brent_lag17,0.004062820743821398
RTSI,1,RF,Brent_lag18,0.0036455974894866456
RTSI,1,RF,Brent_lag19,0.005710353250466202
RTSI,1,RF,Brent_lag20,0.005193976962927634
RTSI,1,RF,Brent_lag21,0.005059117531303967
RTSI,1,RF,Brent_lag22,0.004686267506175703
RTSI,1,RF,Brent_lag23,0.0054965130334503854
RTSI,1,RF,Brent_lag24,0.0033559115306986565
RTSI,1,RF,USD_lag1,0.03324601963988825
RTSI,1,RF,USD_lag2,0.013957500139403906
RTSI,1,RF,USD_lag3,0.00774591228810605
RTSI,1,RF,USD_lag4,0.006940182896248554
RTSI,1,RF,USD_lag5,0.007264018934966348
RTSI,1,RF,USD_lag6,0.004964364844338055
RTSI,1,RF,USD_lag7,0.005975189282006687
RTSI,1,RF,USD_lag8,0.007324434659891463
RTSI,1,RF,USD_lag9,0.006978320274740275
RTSI,1,RF,USD_lag10,0.006494564132295303
RTSI,1,RF,USD_lag11,0.015994093991187244
RTSI,1,RF,USD_lag12,0.005542882707074552
RTSI,1,RF,USD_lag13,0.00741862029247412
RTSI,1,RF,USD_lag14,0.010268462272867972
RTSI,1,RF,USD_lag15,0.003199711925582296
RTSI,1,RF,USD_lag16,0.007275918708488075
RTSI,1,RF,USD_lag17,0.010688550843154667
RTSI,1,RF,USD_lag18,0.0045850757756012266
RTSI,1,RF,USD_lag19,0.00447617532598924
RTSI,1,RF,USD_lag20,0.004614318136953508
RTSI,1,RF,USD_lag21,0.007659665242869228
RTSI,1,RF,USD_lag22,0.0087773528667285
RTSI,1,RF,USD_lag23,0.021197922344892046
RTSI,1,RF,USD_lag24,0.007128691593425816
RTSI,1,CatBoost,Open,0.00726524291023144
RTSI,1,CatBoost,High,0.004236025279516063
RTSI,1,CatBoost,Low,0.002905979478067485
RTSI,1,CatBoost,Close,0.0036541433832071426
RTSI,1,CatBoost,Value,0.04918188589482282
RTSI,1,CatBoost,Volume,0.0
RTSI,1,CatBoost,SMA_5,0.005076247478854635
RTSI,1,CatBoost,SMA_10,0.003282284315203773
RTSI,1,CatBoost,SMA_20,0.00043271558699347923
RTSI,1,CatBoost,EMA_5,0.0037482362380104996
RTSI,1,CatBoost,EMA_10,0.0027138796761391874
RTSI,1,CatBoost,EMA_20,0.001214167818213342
RTSI,1,CatBoost,BBH,0.002370481678952108
RTSI,1,CatBoost,BBL,0.003218080881513739
RTSI,1,CatBoost,RSI_50,0.012128830538596645
RTSI,1,CatBoost,StochK,0.018121020664441267
RTSI,1,CatBoost,StochD,0.025018278613236227
RTSI,1,CatBoost,ATR_50,0.0094776111827362
RTSI,1,CatBoost,OBV,0.0
RTSI,1,CatBoost,MACD,0.01040189030096265
RTSI,1,CatBoost,MACD_SIGNAL,0.0082845295813504
RTSI,1,CatBoost,MACD_DIFF,0.015310319520493863
RTSI,1,CatBoost,ADX_14,0.0201318040975751
RTSI,1,CatBoost,CCI_20,0.02981328861389367
RTSI,1,CatBoost,ROC_10,0.02459198798304018
RTSI,1,CatBoost,WILLR_14,0.024976740824711505
RTSI,1,CatBoost,lag1,0.0024885950063035594
RTSI,1,CatBoost,lag2,0.007794870656236495
RTSI,1,CatBoost,lag3,0.003886456045568456
RTSI,1,CatBoost,lag4,0.008293664455290574
RTSI,1,CatBoost,lag5,0.00411247691520428
RTSI,1,CatBoost,lag6,0.0019904936013640235
RTSI,1,CatBoost,lag7,0.005034348443842962
RTSI,1,CatBoost,lag8,0.006027180807885532
RTSI,1,CatBoost,lag9,0.004615916178094655
RTSI,1,CatBoost,lag10,0.00544172739949786
RTSI,1,CatBoost,lag11,0.0057578978356343305
RTSI,1,CatBoost,lag12,0.0058398926341051574
RTSI,1,CatBoost,lag13,0.0041291084839189685
RTSI,1,CatBoost,lag14,0.005184841250330996
RTSI,1,CatBoost,lag15,0.005545072378349731
RTSI,1,CatBoost,lag16,0.005671182437607965
RTSI,1,CatBoost,lag17,0.0059092763341639645
RTSI,1,CatBoost,lag18,0.0008771391100503706
RTSI,1,CatBoost,lag19,0.0034797089754096885
RTSI,1,CatBoost,lag20,0.005036590089406607
RTSI,1,CatBoost,lag21,0.008508749795163128
RTSI,1,CatBoost,lag22,0.008364042550381215
RTSI,1,CatBoost,lag23,0.005918456551545229
RTSI,1,CatBoost,lag24,0.0034332675820382855
RTSI,1,CatBoost,lag25,0.004340379192040081
RTSI,1,CatBoost,lag26,0.0066317795906599
RTSI,1,CatBoost,lag27,0.006235374496291362
RTSI,1,CatBoost,lag28,0.0038198068302386806
RTSI,1,CatBoost,lag29,0.0035084091457552665
RTSI,1,CatBoost,lag30,0.0032990299854007694
RTSI,1,CatBoost,lag31,0.0031470025538145193
RTSI,1,CatBoost,lag32,0.0014961199776111099
RTSI,1,CatBoost,lag33,0.003343058796256086
RTSI,1,CatBoost,lag34,0.0011811623208791752
RTSI,1,CatBoost,lag35,0.0045686669376354214
RTSI,1,CatBoost,lag36,0.0025426067260604914
RTSI,1,CatBoost,lag37,0.001508371648416031
RTSI,1,CatBoost,lag38,0.001981762932927815
RTSI,1,CatBoost,lag39,0.004312201834095353
RTSI,1,CatBoost,lag40,0.0037367137910766118
RTSI,1,CatBoost,lag41,0.003804332145454174
RTSI,1,CatBoost,lag42,0.0028578133869519903
RTSI,1,CatBoost,lag43,0.0040238619784277
RTSI,1,CatBoost,lag44,0.005925793349886252
RTSI,1,CatBoost,lag45,0.004602208010480327
RTSI,1,CatBoost,lag46,0.003967889191562585
RTSI,1,CatBoost,lag47,0.0018725735655104295
RTSI,1,CatBoost,lag48,0.0043319422746298086
RTSI,1,CatBoost,lag49,0.005938996473523297
RTSI,1,CatBoost,lag50,0.0012498872977386513
RTSI,1,CatBoost,lag51,0.001198096687874293
RTSI,1,CatBoost,lag52,0.0044113523217367175
RTSI,1,CatBoost,lag53,0.0029816839917296747
RTSI,1,CatBoost,lag54,0.0019405103570564219
RTSI,1,CatBoost,lag55,0.009145294838039386
RTSI,1,CatBoost,lag56,0.004342350430615019
RTSI,1,CatBoost,lag57,0.0031157257908391092
RTSI,1,CatBoost,lag58,0.004853805768507603
RTSI,1,CatBoost,lag59,0.005518413441053139
RTSI,1,CatBoost,lag60,0.0039133191795075436
RTSI,1,CatBoost,Brent_lag1,0.00674566499054955
RTSI,1,CatBoost,Brent_lag2,0.00815095347160845
RTSI,1,CatBoost,Brent_lag3,0.009610519702693237
RTSI,1,CatBoost,Brent_lag4,0.00934696280879427
RTSI,1,CatBoost,Brent_lag5,0.00754167051219116
RTSI,1,CatBoost,Brent_lag6,0.008546552181134003
RTSI,1,CatBoost,Brent_lag7,0.006914544857601476
RTSI,1,CatBoost,Brent_lag8,0.006905218460889625
RTSI,1,CatBoost,Brent_lag9,0.009160233281809815
RTSI,1,CatBoost,Brent_lag10,0.014036012447785119
RTSI,1,CatBoost,Brent_lag11,0.005398173623589854
RTSI,1,CatBoost,Brent_lag12,0.007013050636374503
RTSI,1,CatBoost,Brent_lag13,0.004337391895451422
RTSI,1,CatBoost,Brent_lag14,0.004051415985669535
RTSI,1,CatBoost,Brent_lag15,0.0033852432375031274
RTSI,1,CatBoost,Brent_lag16,0.010447530860328038
RTSI,1,CatBoost,Brent_lag17,0.006591514276442801
RTSI,1,CatBoost,Brent_lag18,0.005066167949925901
RTSI,1,CatBoost,Brent_lag19,0.006441804146638175
RTSI,1,CatBoost,Brent_lag20,0.009910992861845474
RTSI,1,CatBoost,Brent_lag21,0.007671572447003793
RTSI,1,CatBoost,Brent_lag22,0.009461019018818104
RTSI,1,CatBoost,Brent_lag23,0.005717771742179351
RTSI,1,CatBoost,Brent_lag24,0.005619436199582381
RTSI,1,CatBoost,USD_lag1,0.015261326001804649
RTSI,1,CatBoost,USD_lag2,0.014183982624817567
RTSI,1,CatBoost,USD_lag3,0.010538703815809555
RTSI,1,CatBoost,USD_lag4,0.008646442962455606
RTSI,1,CatBoost,USD_lag5,0.013917268968660837
RTSI,1,CatBoost,USD_lag6,0.008588474923960832
RTSI,1,CatBoost,USD_lag7,0.01138810792058023
RTSI,1,CatBoost,USD_lag8,0.019823335541513245
RTSI,1,CatBoost,USD_lag9,0.011700998758740418
RTSI,1,CatBoost,USD_lag10,0.00791602399589053
RTSI,1,CatBoost,USD_lag11,0.01377448631479044
RTSI,1,CatBoost,USD_lag12,0.010527246105559197
RTSI,1,CatBoost,USD_lag13,0.007192302686708097
RTSI,1,CatBoost,USD_lag14,0.01454003273782092
RTSI,1,CatBoost,USD_lag15,0.00809186999728991
RTSI,1,CatBoost,USD_lag16,0.013828880271534479
RTSI,1,CatBoost,USD_lag17,0.013511305606489634
RTSI,1,CatBoost,USD_lag18,0.011669924966096425
RTSI,1,CatBoost,USD_lag19,0.007632119410785566
RTSI,1,CatBoost,USD_lag20,0.004368160618549599
RTSI,1,CatBoost,USD_lag21,0.01023729055145724
RTSI,1,CatBoost,USD_lag22,0.012374169081966873
RTSI,1,CatBoost,USD_lag23,0.01107274559553121
RTSI,1,CatBoost,USD_lag24,0.014598457646337475
RTSI,2,RF,Open,0.001981427421050467
RTSI,2,RF,High,0.0016761231287872344
RTSI,2,RF,Low,0.0032420100277384778
RTSI,2,RF,Close,0.007557459773607794
RTSI,2,RF,Value,0.05375949186583004
RTSI,2,RF,Volume,0.0
RTSI,2,RF,SMA_5,0.008030588320748188
RTSI,2,RF,SMA_10,0.001235531292103937
RTSI,2,RF,SMA_20,0.0015313794777835593
RTSI,2,RF,EMA_5,0.011729604137783761
RTSI,2,RF,EMA_10,0.007185010671390257
RTSI,2,RF,EMA_20,0.00152841495075114
RTSI,2,RF,BBH,0.005459199889047868
RTSI,2,RF,BBL,0.0033715216400154306
RTSI,2,RF,RSI_50,0.01230986346359712
RTSI,2,RF,StochK,0.004018335910728541
RTSI,2,RF,StochD,0.01290334392319328
RTSI,2,RF,ATR_50,0.014933788301723563
RTSI,2,RF,OBV,0.0
RTSI,2,RF,MACD,0.03419766294957607
RTSI,2,RF,MACD_SIGNAL,0.008149204888853564
RTSI,2,RF,MACD_DIFF,0.011930766462814333
RTSI,2,RF,ADX_14,0.013651864589197074
RTSI,2,RF,CCI_20,0.008801634912720612
RTSI,2,RF,ROC_10,0.019786359482118748
RTSI,2,RF,WILLR_14,0.0021144884891881655
RTSI,2,RF,lag1,0.004766324891902644
RTSI,2,RF,lag2,0.003866514751793823
RTSI,2,RF,lag3,0.00548041173398322
RTSI,2,RF,lag4,0.015584384167529114
RTSI,2,RF,lag5,0.006167592225824353
RTSI,2,RF,lag6,0.010903621501303567
RTSI,2,RF,lag7,0.00764712888944703
RTSI,2,RF,lag8,0.01438327271608246
RTSI,2,RF,lag9,0.010951772048193599
RTSI,2,RF,lag10,0.004283333235447404
RTSI,2,RF,lag11,0.009511192594175042
RTSI,2,RF,lag12,0.004799304718296192
RTSI,2,RF,lag13,0.003015983254872955
RTSI,2,RF,lag14,0.0021063185401081516
RTSI,2,RF,lag15,0.009178856838058629
RTSI,2,RF,lag16,0.018998145171493577
RTSI,2,RF,lag17,0.002799886914244872
RTSI,2,RF,lag18,0.004271797851233553
RTSI,2,RF,lag19,0.0017076605609570807
RTSI,2,RF,lag20,0.003309672319339757
RTSI,2,RF,lag21,0.0036805288491833644
RTSI,2,RF,lag22,0.0037557106888304642
RTSI,2,RF,lag23,0.0033030573489004236
RTSI,2,RF,lag24,0.0054794025797658226
RTSI,2,RF,lag25,0.0029645940551373687
RTSI,2,RF,lag26,0.0043270825031317284
RTSI,2,RF,lag27,0.00395719978415268
RTSI,2,RF,lag28,0.003799492054139251
RTSI,2,RF,lag29,0.002147206639964188
RTSI,2,RF,lag30,0.0007199996224253917
RTSI,2,RF,lag31,0.0031319488541813973
RTSI,2,RF,lag32,0.0030891019276553444
RTSI,2,RF,lag33,0.0021566290011334355
RTSI,2,RF,lag34,0.0019635431367160867
RTSI,2,RF,lag35,0.0028376824003329775
RTSI,2,RF,lag36,0.00199556280809707
RTSI,2,RF,lag37,0.0031938076424805105
RTSI,2,RF,lag38,0.002560009804276018
RTSI,2,RF,lag39,0.004877191810097344
RTSI,2,RF,lag40,0.001252633922252026
RTSI,2,RF,lag41,0.0014023249709528428
RTSI,2,RF,lag42,0.0011552441911160103
RTSI,2,RF,lag43,0.002315043737614742
RTSI,2,RF,lag44,0.0021319428917561307
RTSI,2,RF,lag45,0.002119096106634066
RTSI,2,RF,lag46,0.003508497431982932
RTSI,2,RF,lag47,0.001474217900813468
RTSI,2,RF,lag48,0.00217656048179187
RTSI,2,RF,lag49,0.0025781230513517994
RTSI,2,RF,lag50,0.002945943128822528
RTSI,2,RF,lag51,0.0029929305517748853
RTSI,2,RF,lag52,0.003325650772248472
RTSI,2,RF,lag53,0.00272869984547851
RTSI,2,RF,lag54,0.0015386737841500753
RTSI,2,RF,lag55,0.002052895868062355
RTSI,2,RF,lag56,0.002319718096043856
RTSI,2,RF,lag57,0.003595874655549835
RTSI,2,RF,lag58,0.003912994685755151
RTSI,2,RF,lag59,0.0018066509175229191
RTSI,2,RF,lag60,0.0013418840592207336
RTSI,2,RF,Brent_lag1,0.0017958100399878083
RTSI,2,RF,Brent_lag2,0.0012484381131566808
RTSI,2,RF,Brent_lag3,0.002090626153021413
RTSI,2,RF,Brent_lag4,0.004337160295851182
RTSI,2,RF,Brent_lag5,0.001623120144208523
RTSI,2,RF,Brent_lag6,0.0013923675109002737
RTSI,2,RF,Brent_lag7,0.004067369721391472
RTSI,2,RF,Brent_lag8,0.0023636750868256972
RTSI,2,RF,Brent_lag9,0.003274057032417192
RTSI,2,RF,Brent_lag10,0.001927450620089381
RTSI,2,RF,Brent_lag11,0.0012868375133383793
RTSI,2,RF,Brent_lag12,0.00286889640377859
RTSI,2,RF,Brent_lag13,0.005529888891232791
RTSI,2,RF,Brent_lag14,0.000959679914443618
RTSI,2,RF,Brent_lag15,0.003869229176982497
RTSI,2,RF,Brent_lag16,0.0029599626560860744
RTSI,2,RF,Brent_lag17,0.0036110639543970573
RTSI,2,RF,Brent_lag18,0.0013793602197528392
RTSI,2,RF,Brent_lag19,0.003130334870120228
RTSI,2,RF,Brent_lag20,0.003288215963573406
RTSI,2,RF,Brent_lag21,0.001448388859255388
RTSI,2,RF,Brent_lag22,0.0031875989074583297
RTSI,2,RF,Brent_lag23,0.0034337968148274783
RTSI,2,RF,Brent_lag24,0.00239328987813677
RTSI,2,RF,USD_lag1,0.011963408104794135
RTSI,2,RF,USD_lag2,0.006727926827113198
RTSI,2,RF,USD_lag3,0.0037822823178484868
RTSI,2,RF,USD_lag4,0.019730431030916356
RTSI,2,RF,USD_lag5,0.007515700337686725
RTSI,2,RF,USD_lag6,0.15110325849767237
RTSI,2,RF,USD_lag7,0.014230598140399996
RTSI,2,RF,USD_lag8,0.02232194923107116
RTSI,2,RF,USD_lag9,0.0023322130901253565
RTSI,2,RF,USD_lag10,0.006537155081803757
RTSI,2,RF,USD_lag11,0.015265090861137868
RTSI,2,RF,USD_lag12,0.004612838441659646
RTSI,2,RF,USD_lag13,0.031189107289534116
RTSI,2,RF,USD_lag14,0.004158058396425587
RTSI,2,RF,USD_lag15,0.016892546246059105
RTSI,2,RF,USD_lag16,0.005713726992012053
RTSI,2,RF,USD_lag17,0.008958952493248696
RTSI,2,RF,USD_lag18,0.005359257869387012
RTSI,2,RF,USD_lag19,0.010747294956187335
RTSI,2,RF,USD_lag20,0.0021576662539021475
RTSI,2,RF,USD_lag21,0.003539865483131353
RTSI,2,RF,USD_lag22,0.005647252857139193
RTSI,2,RF,USD_lag23,0.0039027685242112474
RTSI,2,RF,USD_lag24,0.06871042847916786
RTSI,2,CatBoost,Open,0.0030290441698538387
RTSI,2,CatBoost,High,0.007327530814148106
RTSI,2,CatBoost,Low,0.001735303857069847
RTSI,2,CatBoost,Close,0.0030025678711237094
RTSI,2,CatBoost,Value,0.05037458115743515
RTSI,2,CatBoost,Volume,0.0
RTSI,2,CatBoost,SMA_5,0.0018441444883324281
RTSI,2,CatBoost,SMA_10,0.0020484497965964597
RTSI,2,CatBoost,SMA_20,0.0003947427792124808
RTSI,2,CatBoost,EMA_5,0.0013130476378806733
RTSI,2,CatBoost,EMA_10,0.0013671806295268514
RTSI,2,CatBoost,EMA_20,0.0006107495288170789
RTSI,2,CatBoost,BBH,0.0029948046733528754
RTSI,2,CatBoost,BBL,0.005323704808543876
RTSI,2,CatBoost,RSI_50,0.01322391608453026
RTSI,2,CatBoost,StochK,0.016827674490769294
RTSI,2,CatBoost,StochD,0.029523145264214914
RTSI,2,CatBoost,ATR_50,0.012744098047760612
RTSI,2,CatBoost,OBV,0.0
RTSI,2,CatBoost,MACD,0.01486189583630183
RTSI,2,CatBoost,MACD_SIGNAL,0.010198232992023007
RTSI,2,CatBoost,MACD_DIFF,0.023325022155410248
RTSI,2,CatBoost,ADX_14,0.018143265355967244
RTSI,2,CatBoost,CCI_20,0.028447362293027776
RTSI,2,CatBoost,ROC_10,0.02830856395826046
RTSI,2,CatBoost,WILLR_14,0.03784435409311891
RTSI,2,CatBoost,lag1,0.005179520848996599
RTSI,2,CatBoost,lag2,0.004841846852155758
RTSI,2,CatBoost,lag3,0.00456372199043755
RTSI,2,CatBoost,lag4,0.0058024181079570185
RTSI,2,CatBoost,lag5,0.012395263237463365
RTSI,2,CatBoost,lag6,0.007528343265352943
RTSI,2,CatBoost,lag7,0.0047427629159513505
RTSI,2,CatBoost,lag8,0.004731263218496348
RTSI,2,CatBoost,lag9,0.002611878547551368
RTSI,2,CatBoost,lag10,0.006270929256205912
RTSI,2,CatBoost,lag11,0.00688282981234487
RTSI,2,CatBoost,lag12,0.008157347152565686
RTSI,2,CatBoost,lag13,0.0031874168300182536
RTSI,2,CatBoost,lag14,0.00639759571638028
RTSI,2,CatBoost,lag15,0.0032824846067096773
RTSI,2,CatBoost,lag16,0.0032297300085676415
RTSI,2,CatBoost,lag17,0.004229261931184268
RTSI,2,CatBoost,lag18,0.0032377025272239037
RTSI,2,CatBoost,lag19,0.008276188200340383
RTSI,2,CatBoost,lag20,0.003277247008738869
RTSI,2,CatBoost,lag21,0.00817344224142974
RTSI,2,CatBoost,lag22,0.0038938545357020005
RTSI,2,CatBoost,lag23,0.00347301647732844
RTSI,2,CatBoost,lag24,0.00781319091490671
RTSI,2,CatBoost,lag25,0.0016450991030337006
RTSI,2,CatBoost,lag26,0.009815294563372969
RTSI,2,CatBoost,lag27,0.004074121954280689
RTSI,2,CatBoost,lag28,0.008450090757359372
RTSI,2,CatBoost,lag29,0.0031413225583136087
RTSI,2,CatBoost,lag30,0.0040112650048763085
RTSI,2,CatBoost,lag31,0.004301262702488921
RTSI,2,CatBoost,lag32,0.007529754785601996
RTSI,2,CatBoost,lag33,0.006239045512982027
RTSI,2,CatBoost,lag34,0.004751399006859672
RTSI,2,CatBoost,lag35,0.0027960078567546044
RTSI,2,CatBoost,lag36,0.010178760383835476
RTSI,2,CatBoost,lag37,0.006047397137588868
RTSI,2,CatBoost,lag38,0.0035609809419636395
RTSI,2,CatBoost,lag39,0.005933030996284427
RTSI,2,CatBoost,lag40,0.009203769577300529
RTSI,2,CatBoost,lag41,0.0033459248337275862
RTSI,2,CatBoost,lag42,0.0002877627634782505
RTSI,2,CatBoost,lag43,0.004238601581013591
RTSI,2,CatBoost,lag44,0.008253736659437105
RTSI,2,CatBoost,lag45,0.007298024901035214
RTSI,2,CatBoost,lag46,0.001997341196667578
RTSI,2,CatBoost,lag47,0.0003644301880503533
RTSI,2,CatBoost,lag48,0.004509192914468735
RTSI,2,CatBoost,lag49,0.006067995563537282
RTSI,2,CatBoost,lag50,0.0023157536215998964
RTSI,2,CatBoost,lag51,0.005578643386682615
RTSI,2,CatBoost,lag52,0.008451460260289825
RTSI,2,CatBoost,lag53,0.008826364499319584
RTSI,2,CatBoost,lag54,0.005037533619293814
RTSI,2,CatBoost,lag55,0.013155780421780883
RTSI,2,CatBoost,lag56,0.0029556869993651643
RTSI,2,CatBoost,lag57,0.0023457341544563695
RTSI,2,CatBoost,lag58,0.002281101530653917
RTSI,2,CatBoost,lag59,0.002706024055124301
RTSI,2,CatBoost,lag60,0.004622137654784671
RTSI,2,CatBoost,Brent_lag1,0.006149203757494794
RTSI,2,CatBoost,Brent_lag2,0.004027288043117698
RTSI,2,CatBoost,Brent_lag3,0.0030217360598913333
RTSI,2,CatBoost,Brent_lag4,0.008121700897578453
RTSI,2,CatBoost,Brent_lag5,0.0029024269542372
RTSI,2,CatBoost,Brent_lag6,0.005913987682931504
RTSI,2,CatBoost,Brent_lag7,0.00668398030364574
RTSI,2,CatBoost,Brent_lag8,0.007470287574633767
RTSI,2,CatBoost,Brent_lag9,0.00979542906346995
RTSI,2,CatBoost,Brent_lag10,0.011156719922057605
RTSI,2,CatBoost,Brent_lag11,0.00866533521336778
RTSI,2,CatBoost,Brent_lag12,0.008524537462915642
RTSI,2,CatBoost,Brent_lag13,0.003938742969401573
RTSI,2,CatBoost,Brent_lag14,0.009253763213849757
RTSI,2,CatBoost,Brent_lag15,0.005059839163188686
RTSI,2,CatBoost,Brent_lag16,0.009401911167057889
RTSI,2,CatBoost,Brent_lag17,0.003176397628472189
RTSI,2,CatBoost,Brent_lag18,0.004311191957874881
RTSI,2,CatBoost,Brent_lag19,0.004366607476759837
RTSI,2,CatBoost,Brent_lag20,0.009479899303041729
RTSI,2,CatBoost,Brent_lag21,0.007869976383970634
RTSI,2,CatBoost,Brent_lag22,0.005342016262820159
RTSI,2,CatBoost,Brent_lag23,0.01196589581804898
RTSI,2,CatBoost,Brent_lag24,0.004069159893526509
RTSI,2,CatBoost,USD_lag1,0.0099412486914832
RTSI,2,CatBoost,USD_lag2,0.010835931040177292
RTSI,2,CatBoost,USD_lag3,0.01042796699303015
RTSI,2,CatBoost,USD_lag4,0.01144820023764872
RTSI,2,CatBoost,USD_lag5,0.004234338906812844
RTSI,2,CatBoost,USD_lag6,0.013777232719100307
RTSI,2,CatBoost,USD_lag7,0.008520694473000644
RTSI,2,CatBoost,USD_lag8,0.009630626534782022
RTSI,2,CatBoost,USD_lag9,0.007098454997793308
RTSI,2,CatBoost,USD_lag10,0.007689381327910238
RTSI,2,CatBoost,USD_lag11,0.008243804546419986
RTSI,2,CatBoost,USD_lag12,0.0066824255548642375
RTSI,2,CatBoost,USD_lag13,0.011885365738296383
RTSI,2,CatBoost,USD_lag14,0.011097638886455746
RTSI,2,CatBoost,USD_lag15,0.0034060828591540903
RTSI,2,CatBoost,USD_lag16,0.010372093017549835
RTSI,2,CatBoost,USD_lag17,0.005242578385470679
RTSI,2,CatBoost,USD_lag18,0.006835090844864782
RTSI,2,CatBoost,USD_lag19,0.007257411164008736
RTSI,2,CatBoost,USD_lag20,0.006325266562136783
RTSI,2,CatBoost,USD_lag21,0.008112617542253425
RTSI,2,CatBoost,USD_lag22,0.008272584838594391
RTSI,2,CatBoost,USD_lag23,0.00705238645879776
RTSI,2,CatBoost,USD_lag24,0.01163207087108974
RTSI,3,RF,Open,0.00307507206875077
RTSI,3,RF,High,0.0013784894700598117
RTSI,3,RF,Low,0.005325332570133238
RTSI,3,RF,Close,0.0037418699877945134
RTSI,3,RF,Value,0.05277704429153537
RTSI,3,RF,Volume,0.0
RTSI,3,RF,SMA_5,0.003175859280602785
RTSI,3,RF,SMA_10,0.0011152037877992598
RTSI,3,RF,SMA_20,0.0020699435319067997
RTSI,3,RF,EMA_5,0.0029341761094102427
RTSI,3,RF,EMA_10,0.002305295749377266
RTSI,3,RF,EMA_20,0.0013935292254194664
RTSI,3,RF,BBH,0.002690405165758846
RTSI,3,RF,BBL,0.0030628936912509186
RTSI,3,RF,RSI_50,0.009501745179286912
RTSI,3,RF,StochK,0.0051079686047996176
RTSI,3,RF,StochD,0.013926331712729069
RTSI,3,RF,ATR_50,0.021060368245369568
RTSI,3,RF,OBV,0.0
RTSI,3,RF,MACD,0.019068925418854493
RTSI,3,RF,MACD_SIGNAL,0.01351187181124886
RTSI,3,RF,MACD_DIFF,0.02024042798822972
RTSI,3,RF,ADX_14,0.03235238696173064
RTSI,3,RF,CCI_20,0.011754667872006776
RTSI,3,RF,ROC_10,0.02138451277951277
RTSI,3,RF,WILLR_14,0.00651774138622136
RTSI,3,RF,lag1,0.002917531805812818
RTSI,3,RF,lag2,0.00314575071603183
RTSI,3,RF,lag3,0.004780169108676128
RTSI,3,RF,lag4,0.012507220294074193
RTSI,3,RF,lag5,0.008151553712458641
RTSI,3,RF,lag6,0.010111654981586782
RTSI,3,RF,lag7,0.0071785439231048815
RTSI,3,RF,lag8,0.03890448692978421
RTSI,3,RF,lag9,0.010235630646369903
RTSI,3,RF,lag10,0.0028898613149701564
RTSI,3,RF,lag11,0.006501751245724378
RTSI,3,RF,lag12,0.003766896794975201
RTSI,3,RF,lag13,0.004118697721271626
RTSI,3,RF,lag14,0.003421000343634781
RTSI,3,RF,lag15,0.002893890806988433
RTSI,3,RF,lag16,0.00825400787903337
RTSI,3,RF,lag17,0.0043579424987077245
RTSI,3,RF,lag18,0.0038427413527843237
RTSI,3,RF,lag19,0.002067510429257957
RTSI,3,RF,lag20,0.0035194929464144194
RTSI,3,RF,lag21,0.002477818571670165
RTSI,3,RF,lag22,0.002401801266973658
RTSI,3,RF,lag23,0.004453816203080101
RTSI,3,RF,lag24,0.004343176631164036
RTSI,3,RF,lag25,0.0026090287417748492
RTSI,3,RF,lag26,0.0038494649383965587
RTSI,3,RF,lag27,0.0021734084664128545
RTSI,3,RF,lag28,0.0023290804740860984
RTSI,3,RF,lag29,0.0013483157949768163
RTSI,3,RF,lag30,0.0018207123718562003
RTSI,3,RF,lag31,0.0031597309682427294
RTSI,3,RF,lag32,0.002651362901347546
RTSI,3,RF,lag33,0.0026874021700623524
RTSI,3,RF,lag34,0.001934808580683039
RTSI,3,RF,lag35,0.0028305485394534476
RTSI,3,RF,lag36,0.0015909623513076783
RTSI,3,RF,lag37,0.0030176533531160684
RTSI,3,RF,lag38,0.0022028722793632
RTSI,3,RF,lag39,0.0029726151759333127
RTSI,3,RF,lag40,0.0012305328638011106
RTSI,3,RF,lag41,0.0013164338279432503
RTSI,3,RF,lag42,0.0013290682335708743
RTSI,3,RF,lag43,0.0013208796591447588
RTSI,3,RF,lag44,0.001872401107868292
RTSI,3,RF,lag45,0.0013205722587819253
RTSI,3,RF,lag46,0.00165652014777468
RTSI,3,RF,lag47,0.0009774492126925565
RTSI,3,RF,lag48,0.001292708497370619
RTSI,3,RF,lag49,0.0022429460914688048
RTSI,3,RF,lag50,0.0015071014659764753
RTSI,3,RF,lag51,0.004176829574015328
RTSI,3,RF,lag52,0.002290277113680463
RTSI,3,RF,lag53,0.010532319132873814
RTSI,3,RF,lag54,0.005044622986033417
RTSI,3,RF,lag55,0.0012707840943485143
RTSI,3,RF,lag56,0.0029860963012375958
RTSI,3,RF,lag57,0.0025648191644056964
RTSI,3,RF,lag58,0.004698137760585377
RTSI,3,RF,lag59,0.0024568567698714724
RTSI,3,RF,lag60,0.0005518313499148798
RTSI,3,RF,Brent_lag1,0.00950013386236137
RTSI,3,RF,Brent_lag2,0.002268813233101233
RTSI,3,RF,Brent_lag3,0.0014880159476707094
RTSI,3,RF,Brent_lag4,0.0032568926243198627
RTSI,3,RF,Brent_lag5,0.001029789079360854
RTSI,3,RF,Brent_lag6,0.003980369569486676
RTSI,3,RF,Brent_lag7,0.0021177874998667147
RTSI,3,RF,Brent_lag8,0.0014379973733505034
RTSI,3,RF,Brent_lag9,0.001495979720634171
RTSI,3,RF,Brent_lag10,0.0015532888600300117
RTSI,3,RF,Brent_lag11,0.0020496784640272173
RTSI,3,RF,Brent_lag12,0.00857631916458777
RTSI,3,RF,Brent_lag13,0.005917297449783369
RTSI,3,RF,Brent_lag14,0.003729108267300157
RTSI,3,RF,Brent_lag15,0.001745927148837302
RTSI,3,RF,Brent_lag16,0.0016676681535467129
RTSI,3,RF,Brent_lag17,0.005241716809177409
RTSI,3,RF,Brent_lag18,0.002421843149830704
RTSI,3,RF,Brent_lag19,0.0033056667003166203
RTSI,3,RF,Brent_lag20,0.0035482918124706037
RTSI,3,RF,Brent_lag21,0.0033809427569234454
RTSI,3,RF,Brent_lag22,0.002465327529287705
RTSI,3,RF,Brent_lag23,0.0036612469143878328
RTSI,3,RF,Brent_lag24,0.007624011396047475
RTSI,3,RF,USD_lag1,0.006584076502055168
RTSI,3,RF,USD_lag2,0.00519657525886433
RTSI,3,RF,USD_lag3,0.00686042256077246
RTSI,3,RF,USD_lag4,0.023636244043025615
RTSI,3,RF,USD_lag5,0.010504960926291445
RTSI,3,RF,USD_lag6,0.1277065500876068
RTSI,3,RF,USD_lag7,0.007864802425526812
RTSI,3,RF,USD_lag8,0.01948840895161307
RTSI,3,RF,USD_lag9,0.00556301907908254
RTSI,3,RF,USD_lag10,0.007955908655858875
RTSI,3,RF,USD_lag11,0.015313330780376984
RTSI,3,RF,USD_lag12,0.004628157866419895
RTSI,3,RF,USD_lag13,0.026116502455047985
RTSI,3,RF,USD_lag14,0.006336521727396855
RTSI,3,RF,USD_lag15,0.03622100418193475
RTSI,3,RF,USD_lag16,0.00550154470415706
RTSI,3,RF,USD_lag17,0.008686943480766507
RTSI,3,RF,USD_lag18,0.00508786123626831
RTSI,3,RF,USD_lag19,0.011190802071693795
RTSI,3,RF,USD_lag20,0.0015058480083538655
RTSI,3,RF,USD_lag21,0.0020366504395429317
RTSI,3,RF,USD_lag22,0.0027905698385189506
RTSI,3,RF,USD_lag23,0.0027308514766824664
RTSI,3,RF,USD_lag24,0.060496164020724774
RTSI,3,CatBoost,Open,0.00820296963736035
RTSI,3,CatBoost,High,0.002431496334964825
RTSI,3,CatBoost,Low,0.003649721016700213
RTSI,3,CatBoost,Close,0.005532684498594459
RTSI,3,CatBoost,Value,0.058969499126089946
RTSI,3,CatBoost,Volume,0.0
RTSI,3,CatBoost,SMA_5,0.005870565066412365
RTSI,3,CatBoost,SMA_10,0.0051882343285390535
RTSI,3,CatBoost,SMA_20,0.0008255668442286057
RTSI,3,CatBoost,EMA_5,0.0020075432778274404
RTSI,3,CatBoost,EMA_10,0.0017219953155654002
RTSI,3,CatBoost,EMA_20,0.0038189645729183055
RTSI,3,CatBoost,BBH,0.0011167859762708716
RTSI,3,CatBoost,BBL,0.0049870455098543305
RTSI,3,CatBoost,RSI_50,0.017417279912215995
RTSI,3,CatBoost,StochK,0.016007268229809805
RTSI,3,CatBoost,StochD,0.025361584989047732
RTSI,3,CatBoost,ATR_50,0.01905892162378852
RTSI,3,CatBoost,OBV,0.0
RTSI,3,CatBoost,MACD,0.012786423191637706
RTSI,3,CatBoost,MACD_SIGNAL,0.00927629901107847
RTSI,3,CatBoost,MACD_DIFF,0.03256869262230835
RTSI,3,CatBoost,ADX_14,0.028508389748137394
RTSI,3,CatBoost,CCI_20,0.03288484958244599
RTSI,3,CatBoost,ROC_10,0.015005586764703965
RTSI,3,CatBoost,WILLR_14,0.022734667353996596
RTSI,3,CatBoost,lag1,0.006332906878427507
RTSI,3,CatBoost,lag2,0.0032753785033325807
RTSI,3,CatBoost,lag3,0.0026375767780681303
RTSI,3,CatBoost,lag4,0.00565909948135626
RTSI,3,CatBoost,lag5,0.004547614068293351
RTSI,3,CatBoost,lag6,0.0033602091228639944
RTSI,3,CatBoost,lag7,0.0030870144912724215
RTSI,3,CatBoost,lag8,0.0016575130370324236
RTSI,3,CatBoost,lag9,0.008351197797322173
RTSI,3,CatBoost,lag10,0.0026375653251063365
RTSI,3,CatBoost,lag11,0.00420245181662111
RTSI,3,CatBoost,lag12,0.0037785164713457857
RTSI,3,CatBoost,lag13,0.0042022151409954476
RTSI,3,CatBoost,lag14,0.002945702168932954
RTSI,3,CatBoost,lag15,0.004777501513771288
RTSI,3,CatBoost,lag16,0.002165079114400433
RTSI,3,CatBoost,lag17,0.001941256680944817
RTSI,3,CatBoost,lag18,0.0052281697751466035
RTSI,3,CatBoost,lag19,0.0031330659929766423
RTSI,3,CatBoost,lag20,0.0010824627986070086
RTSI,3,CatBoost,lag21,0.004397163828485226
RTSI,3,CatBoost,lag22,0.0042312017936438975
RTSI,3,CatBoost,lag23,0.002992119388669748
RTSI,3,CatBoost,lag24,0.004030035070435294
RTSI,3,CatBoost,lag25,0.0034942731516644705
RTSI,3,CatBoost,lag26,0.0037806034781546326
RTSI,3,CatBoost,lag27,0.003948248115898833
RTSI,3,CatBoost,lag28,0.004909148580002713
RTSI,3,CatBoost,lag29,0.0037308702867317055
RTSI,3,CatBoost,lag30,0.002477416511463101
RTSI,3,CatBoost,lag31,0.0036024015743095325
RTSI,3,CatBoost,lag32,0.0054863316495320285
RTSI,3,CatBoost,lag33,0.0036314039120389704
RTSI,3,CatBoost,lag34,0.0036040305008309403
RTSI,3,CatBoost,lag35,0.0021919130346152375
RTSI,3,CatBoost,lag36,0.0033966447983612594
RTSI,3,CatBoost,lag37,0.003275124734253484
RTSI,3,CatBoost,lag38,0.0048007686902929465
RTSI,3,CatBoost,lag39,0.007036612745268437
RTSI,3,CatBoost,lag40,0.005455145311385729
RTSI,3,CatBoost,lag41,0.00854493293690393
RTSI,3,CatBoost,lag42,0.003729749383705847
RTSI,3,CatBoost,lag43,0.003259142040121921
RTSI,3,CatBoost,lag44,0.003411149446673386
RTSI,3,CatBoost,lag45,0.0010682560776563766
RTSI,3,CatBoost,lag46,0.005759578210045323
RTSI,3,CatBoost,lag47,0.0038598526077224422
RTSI,3,CatBoost,lag48,0.005067548133127953
RTSI,3,CatBoost,lag49,0.00859724884418046
RTSI,3,CatBoost,lag50,0.0031590490375663443
RTSI,3,CatBoost,lag51,0.005555248808842723
RTSI,3,CatBoost,lag52,0.0039531482326183075
RTSI,3,CatBoost,lag53,0.003142043322429958
RTSI,3,CatBoost,lag54,0.00410072453605443
RTSI,3,CatBoost,lag55,0.004366946777440367
RTSI,3,CatBoost,lag56,0.0014627023716646907
RTSI,3,CatBoost,lag57,0.0013154399503590727
RTSI,3,CatBoost,lag58,0.00699579165750539
RTSI,3,CatBoost,lag59,0.007113904062847992
RTSI,3,CatBoost,lag60,0.002961294373217689
RTSI,3,CatBoost,Brent_lag1,0.013176190096290862
RTSI,3,CatBoost,Brent_lag2,0.009137266788050175
RTSI,3,CatBoost,Brent_lag3,0.011889000095853168
RTSI,3,CatBoost,Brent_lag4,0.011379484982945389
RTSI,3,CatBoost,Brent_lag5,0.005749398518135826
RTSI,3,CatBoost,Brent_lag6,0.0055388955989522145
RTSI,3,CatBoost,Brent_lag7,0.006262520802665702
RTSI,3,CatBoost,Brent_lag8,0.011026336173987562
RTSI,3,CatBoost,Brent_lag9,0.009611058006844534
RTSI,3,CatBoost,Brent_lag10,0.012077562390908929
RTSI,3,CatBoost,Brent_lag11,0.006648565662307138
RTSI,3,CatBoost,Brent_lag12,0.005972440181500376
RTSI,3,CatBoost,Brent_lag13,0.0036724391850482723
RTSI,3,CatBoost,Brent_lag14,0.006511525046113578
RTSI,3,CatBoost,Brent_lag15,0.012821181132772634
RTSI,3,CatBoost,Brent_lag16,0.009184098366107497
RTSI,3,CatBoost,Brent_lag17,0.009767897394458122
RTSI,3,CatBoost,Brent_lag18,0.007018129208282075
RTSI,3,CatBoost,Brent_lag19,0.00702204500367035
RTSI,3,CatBoost,Brent_lag20,0.008347716174648415
RTSI,3,CatBoost,Brent_lag21,0.011646495676190171
RTSI,3,CatBoost,Brent_lag22,0.010877389772486094
RTSI,3,CatBoost,Brent_lag23,0.012232294637789241
RTSI,3,CatBoost,Brent_lag24,0.005743720277347695
RTSI,3,CatBoost,USD_lag1,0.008894965175242719
RTSI,3,CatBoost,USD_lag2,0.00840289618781161
RTSI,3,CatBoost,USD_lag3,0.003620221071787155
RTSI,3,CatBoost,USD_lag4,0.008742028396193608
RTSI,3,CatBoost,USD_lag5,0.006517131549404962
RTSI,3,CatBoost,USD_lag6,0.0038616298320617716
RTSI,3,CatBoost,USD_lag7,0.00934204019411389
RTSI,3,CatBoost,USD_lag8,0.007606745457134262
RTSI,3,CatBoost,USD_lag9,0.008612238054752695
RTSI,3,CatBoost,USD_lag10,0.012135213290270806
RTSI,3,CatBoost,USD_lag11,0.0098873924558571
RTSI,3,CatBoost,USD_lag12,0.006042299351025633
RTSI,3,CatBoost,USD_lag13,0.01275486440734151
RTSI,3,CatBoost,USD_lag14,0.009947805222062171
RTSI,3,CatBoost,USD_lag15,0.009629064510342086
RTSI,3,CatBoost,USD_lag16,0.005947851441838393
RTSI,3,CatBoost,USD_lag17,0.0098439149177374
RTSI,3,CatBoost,USD_lag18,0.013382021589061564
RTSI,3,CatBoost,USD_lag19,0.008706481076839627
RTSI,3,CatBoost,USD_lag20,0.006369001698264469
RTSI,3,CatBoost,USD_lag21,0.013690628463602632
RTSI,3,CatBoost,USD_lag22,0.0069213970965641275
RTSI,3,CatBoost,USD_lag23,0.007157887649064522
RTSI,3,CatBoost,USD_lag24,0.00983989028023247
RTSI,4,RF,Open,0.001029774364568884
RTSI,4,RF,High,0.0010966598734205445
RTSI,4,RF,Low,0.0031940965224814257
RTSI,4,RF,Close,0.0033739929915094675
RTSI,4,RF,Value,0.01675141074500565
RTSI,4,RF,Volume,0.0
RTSI,4,RF,SMA_5,0.0009293580594201199
RTSI,4,RF,SMA_10,0.0015986882994718855
RTSI,4,RF,SMA_20,0.0004057193447277331
RTSI,4,RF,EMA_5,0.002780046163359003
RTSI,4,RF,EMA_10,0.0021695119238477165
RTSI,4,RF,EMA_20,0.0010337713201611408
RTSI,4,RF,BBH,0.0036232145528986757
RTSI,4,RF,BBL,0.0033033685057049997
RTSI,4,RF,RSI_50,0.027173917566605657
RTSI,4,RF,StochK,0.013145235899621712
RTSI,4,RF,StochD,0.022399923031668986
RTSI,4,RF,ATR_50,0.013871130632285003
RTSI,4,RF,OBV,0.0
RTSI,4,RF,MACD,0.028649945106593844
RTSI,4,RF,MACD_SIGNAL,0.02979794339343963
RTSI,4,RF,MACD_DIFF,0.011479823029890998
RTSI,4,RF,ADX_14,0.038430800889064594
RTSI,4,RF,CCI_20,0.014862885631284826
RTSI,4,RF,ROC_10,0.03986013226537748
RTSI,4,RF,WILLR_14,0.007389012353353009
RTSI,4,RF,lag1,0.0021839304226352013
RTSI,4,RF,lag2,0.002748959899488908
RTSI,4,RF,lag3,0.0033453418719836003
RTSI,4,RF,lag4,0.009130994819719058
RTSI,4,RF,lag5,0.003117222256905283
RTSI,4,RF,lag6,0.0020817282062987933
RTSI,4,RF,lag7,0.004957762673010624
RTSI,4,RF,lag8,0.03154164321663035
RTSI,4,RF,lag9,0.00318228516625004
RTSI,4,RF,lag10,0.006606694517921371
RTSI,4,RF,lag11,0.0021050567130574023
RTSI,4,RF,lag12,0.0023725431699232716
RTSI,4,RF,lag13,0.003574237419556212
RTSI,4,RF,lag14,0.0026381612495220254
RTSI,4,RF,lag15,0.003807090765063867
RTSI,4,RF,lag16,0.006851635208690947
RTSI,4,RF,lag17,0.0034249832855897814
RTSI,4,RF,lag18,0.009114822177107493
RTSI,4,RF,lag19,0.0020851915986225883
RTSI,4,RF,lag20,0.014279394095303589
RTSI,4,RF,lag21,0.0009256338867652426
RTSI,4,RF,lag22,0.01175184529812548
RTSI,4,RF,lag23,0.001471204512230862
RTSI,4,RF,lag24,0.005300560607143902
RTSI,4,RF,lag25,0.005375926132849209
RTSI,4,RF,lag26,0.0015080942305269061
RTSI,4,RF,lag27,0.001391188474576132
RTSI,4,RF,lag28,0.0011337357429272914
RTSI,4,RF,lag29,0.001344790979425483
RTSI,4,RF,lag30,0.0017138544645929942
RTSI,4,RF,lag31,0.0018985151410909622
RTSI,4,RF,lag32,0.002706821618133317
RTSI,4,RF,lag33,0.0015529054309019027
RTSI,4,RF,lag34,0.0056776468754259875
RTSI,4,RF,lag35,0.003415059544309056
RTSI,4,RF,lag36,0.008567035567125429
RTSI,4,RF,lag37,0.009530335975429962
RTSI,4,RF,lag38,0.018814672848401676
RTSI,4,RF,lag39,0.004543627390336787
RTSI,4,RF,lag40,0.018520188841969702
RTSI,4,RF,lag41,0.0025119235410854617
RTSI,4,RF,lag42,0.026839052555867996
RTSI,4,RF,lag43,0.003201413787729911
RTSI,4,RF,lag44,0.002838600684968043
RTSI,4,RF,lag45,0.0009865682403024738
RTSI,4,RF,lag46,0.004704608604206637
RTSI,4,RF,lag47,0.0020058328250099444
RTSI,4,RF,lag48,0.0009614769511516301
RTSI,4,RF,lag49,0.0020700396712088243
RTSI,4,RF,lag50,0.0023703924786049077
RTSI,4,RF,lag51,0.002926255886222823
RTSI,4,RF,lag52,0.0020500535987107047
RTSI,4,RF,lag53,0.004203012166037572
RTSI,4,RF,lag54,0.0019352939837929154
RTSI,4,RF,lag55,0.0010968344272552
RTSI,4,RF,lag56,0.0014697253560870991
RTSI,4,RF,lag57,0.0012192702092548968
RTSI,4,RF,lag58,0.0027316870685950697
RTSI,4,RF,lag59,0.0015793180252793798
RTSI,4,RF,lag60,0.0031359137406628333
RTSI,4,RF,Brent_lag1,0.0033854510859152847
RTSI,4,RF,Brent_lag2,0.003498566968859088
RTSI,4,RF,Brent_lag3,0.002084300865400143
RTSI,4,RF,Brent_lag4,0.004661263195575844
RTSI,4,RF,Brent_lag5,0.00198957315638728
RTSI,4,RF,Brent_lag6,0.001917264679430489
RTSI,4,RF,Brent_lag7,0.001019310626168059
RTSI,4,RF,Brent_lag8,0.0007728841891395281
RTSI,4,RF,Brent_lag9,0.0026370616477266644
RTSI,4,RF,Brent_lag10,0.0030874082449965485
RTSI,4,RF,Brent_lag11,0.004121843126704856
RTSI,4,RF,Brent_lag12,0.0051773752098518725
RTSI,4,RF,Brent_lag13,0.0021180545815568845
RTSI,4,RF,Brent_lag14,0.005412908904116158
RTSI,4,RF,Brent_lag15,0.002600892756265639
RTSI,4,RF,Brent_lag16,0.00277613637191938
RTSI,4,RF,Brent_lag17,0.001170288811411381
RTSI,4,RF,Brent_lag18,0.0012081696303637257
RTSI,4,RF,Brent_lag19,0.0029511212190574073
RTSI,4,RF,Brent_lag20,0.008248522283708933
RTSI,4,RF,Brent_lag21,0.00217383493177326
RTSI,4,RF,Brent_lag22,0.014167252980088247
RTSI,4,RF,Brent_lag23,0.0035290675552643366
RTSI,4,RF,Brent_lag24,0.002841818686581928
RTSI,4,RF,USD_lag1,0.007125666756586634
RTSI,4,RF,USD_lag2,0.0035490314579654457
RTSI,4,RF,USD_lag3,0.005861700885414068
RTSI,4,RF,USD_lag4,0.02183100164025276
RTSI,4,RF,USD_lag5,0.00586091427541959
RTSI,4,RF,USD_lag6,0.10970108575871497
RTSI,4,RF,USD_lag7,0.009102078709918584
RTSI,4,RF,USD_lag8,0.01523753965550703
RTSI,4,RF,USD_lag9,0.003268481768304406
RTSI,4,RF,USD_lag10,0.00553974752921485
RTSI,4,RF,USD_lag11,0.011194541845490328
RTSI,4,RF,USD_lag12,0.0022097231394590587
RTSI,4,RF,USD_lag13,0.02114720082900959
RTSI,4,RF,USD_lag14,0.0015830971402156849
RTSI,4,RF,USD_lag15,0.02599862633248466
RTSI,4,RF,USD_lag16,0.0022333881107029344
RTSI,4,RF,USD_lag17,0.006081227159213175
RTSI,4,RF,USD_lag18,0.006152686122636275
RTSI,4,RF,USD_lag19,0.006839956053158278
RTSI,4,RF,USD_lag20,0.0018276800681069998
RTSI,4,RF,USD_lag21,0.0017292685648584915
RTSI,4,RF,USD_lag22,0.0032212271505342874
RTSI,4,RF,USD_lag23,0.002571577953604009
RTSI,4,RF,USD_lag24,0.05110122082159899
RTSI,4,CatBoost,Open,0.007294883590745169
RTSI,4,CatBoost,High,0.006715381180317498
RTSI,4,CatBoost,Low,0.0030748048985551816
RTSI,4,CatBoost,Close,0.007092939819338783
RTSI,4,CatBoost,Value,0.07308989797326053
RTSI,4,CatBoost,Volume,0.0
RTSI,4,CatBoost,SMA_5,0.003250283307754118
RTSI,4,CatBoost,SMA_10,0.003855214396180136
RTSI,4,CatBoost,SMA_20,0.0020254557571587908
RTSI,4,CatBoost,EMA_5,0.0018897307434927954
RTSI,4,CatBoost,EMA_10,0.0008237400015494343
RTSI,4,CatBoost,EMA_20,0.003164599480320121
RTSI,4,CatBoost,BBH,0.0008221126193707406
RTSI,4,CatBoost,BBL,0.005593542840703615
RTSI,4,CatBoost,RSI_50,0.019868137527844228
RTSI,4,CatBoost,StochK,0.02277267999856643
RTSI,4,CatBoost,StochD,0.0265063205543935
RTSI,4,CatBoost,ATR_50,0.018525050055146056
RTSI,4,CatBoost,OBV,0.0
RTSI,4,CatBoost,MACD,0.012357154413913411
RTSI,4,CatBoost,MACD_SIGNAL,0.013294270756147768
RTSI,4,CatBoost,MACD_DIFF,0.04017437551251453
RTSI,4,CatBoost,ADX_14,0.02079115505904124
RTSI,4,CatBoost,CCI_20,0.031881233679273584
RTSI,4,CatBoost,ROC_10,0.02789632221093264
RTSI,4,CatBoost,WILLR_14,0.0337923784260394
RTSI,4,CatBoost,lag1,0.001392347026914743
RTSI,4,CatBoost,lag2,0.005650520500701506
RTSI,4,CatBoost,lag3,0.004835976346563763
RTSI,4,CatBoost,lag4,0.0026353558209785484
RTSI,4,CatBoost,lag5,0.0018680279515961616
RTSI,4,CatBoost,lag6,0.004468085580254704
RTSI,4,CatBoost,lag7,0.00409261751606172
RTSI,4,CatBoost,lag8,0.003689908940692433
RTSI,4,CatBoost,lag9,0.003715539494886803
RTSI,4,CatBoost,lag10,0.0008854726461867564
RTSI,4,CatBoost,lag11,0.006915766560967861
RTSI,4,CatBoost,lag12,0.0046384120938315326
RTSI,4,CatBoost,lag13,0.0017521975691745704
RTSI,4,CatBoost,lag14,0.008934355789232906
RTSI,4,CatBoost,lag15,0.002671238214271717
RTSI,4,CatBoost,lag16,0.0029876191532447103
RTSI,4,CatBoost,lag17,0.0029726076722063916
RTSI,4,CatBoost,lag18,0.0036678595871228858
RTSI,4,CatBoost,lag19,0.0026318194204756873
RTSI,4,CatBoost,lag20,0.003983352490173504
RTSI,4,CatBoost,lag21,0.005840100041180012
RTSI,4,CatBoost,lag22,0.0033186984034263714
RTSI,4,CatBoost,lag23,0.002812420522164721
RTSI,4,CatBoost,lag24,0.0030773778825319846
RTSI,4,CatBoost,lag25,0.0040289918973601384
RTSI,4,CatBoost,lag26,0.005264531151714025
RTSI,4,CatBoost,lag27,0.002211514367313867
RTSI,4,CatBoost,lag28,0.0034797663029537324
RTSI,4,CatBoost,lag29,0.004803951273978098
RTSI,4,CatBoost,lag30,0.004372527716554268
RTSI,4,CatBoost,lag31,0.005724908968861536
RTSI,4,CatBoost,lag32,0.003078437795298689
RTSI,4,CatBoost,lag33,0.005452199239295695
RTSI,4,CatBoost,lag34,0.002956734954513715
RTSI,4,CatBoost,lag35,0.007082003393356214
RTSI,4,CatBoost,lag36,0.005263675895758016
RTSI,4,CatBoost,lag37,0.0048808359456903065
RTSI,4,CatBoost,lag38,0.0027919166497544492
RTSI,4,CatBoost,lag39,0.003988875601256467
RTSI,4,CatBoost,lag40,0.001595643850489628
RTSI,4,CatBoost,lag41,0.004687192397831294
RTSI,4,CatBoost,lag42,0.005982308104731076
RTSI,4,CatBoost,lag43,0.004456909122714789
RTSI,4,CatBoost,lag44,0.002494359789639367
RTSI,4,CatBoost,lag45,0.0033479479975937034
RTSI,4,CatBoost,lag46,0.00519610705452893
RTSI,4,CatBoost,lag47,0.0017716977817854923
RTSI,4,CatBoost,lag48,0.006810690690957749
RTSI,4,CatBoost,lag49,0.005800283885286534
RTSI,4,CatBoost,lag50,0.0034861760770095143
RTSI,4,CatBoost,lag51,0.00247900797887257
RTSI,4,CatBoost,lag52,0.008895285949421797
RTSI,4,CatBoost,lag53,0.0027752621478588594
RTSI,4,CatBoost,lag54,0.0029322603068753154
RTSI,4,CatBoost,lag55,0.008581356036654247
RTSI,4,CatBoost,lag56,0.006209639960406386
RTSI,4,CatBoost,lag57,0.0014910143295063154
RTSI,4,CatBoost,lag58,0.0014116271879432267
RTSI,4,CatBoost,lag59,0.008967109575369791
RTSI,4,CatBoost,lag60,0.005537006976692973
RTSI,4,CatBoost,Brent_lag1,0.012313136918583554
RTSI,4,CatBoost,Brent_lag2,0.011044567259702409
RTSI,4,CatBoost,Brent_lag3,0.007489837617703959
RTSI,4,CatBoost,Brent_lag4,0.009641808559342538
RTSI,4,CatBoost,Brent_lag5,0.00844488061443297
RTSI,4,CatBoost,Brent_lag6,0.005039468656958665
RTSI,4,CatBoost,Brent_lag7,0.005509150932115167
RTSI,4,CatBoost,Brent_lag8,0.005220361582745422
RTSI,4,CatBoost,Brent_lag9,0.009032024173554599
RTSI,4,CatBoost,Brent_lag10,0.011563810499065658
RTSI,4,CatBoost,Brent_lag11,0.005890222680483315
RTSI,4,CatBoost,Brent_lag12,0.004740332542617721
RTSI,4,CatBoost,Brent_lag13,0.01033087335168977
RTSI,4,CatBoost,Brent_lag14,0.007027613175023386
RTSI,4,CatBoost,Brent_lag15,0.013031311266408973
RTSI,4,CatBoost,Brent_lag16,0.007820184901115752
RTSI,4,CatBoost,Brent_lag17,0.007618734984968122
RTSI,4,CatBoost,Brent_lag18,0.005444192484859523
RTSI,4,CatBoost,Brent_lag19,0.005092218172623181
RTSI,4,CatBoost,Brent_lag20,0.006431571845250783
RTSI,4,CatBoost,Brent_lag21,0.009778234191229026
RTSI,4,CatBoost,Brent_lag22,0.010350405134617846
RTSI,4,CatBoost,Brent_lag23,0.00946942086043525
RTSI,4,CatBoost,Brent_lag24,0.006848703959068336
RTSI,4,CatBoost,USD_lag1,0.00933393388849773
RTSI,4,CatBoost,USD_lag2,0.009168514101543767
RTSI,4,CatBoost,USD_lag3,0.003254072228353943
RTSI,4,CatBoost,USD_lag4,0.006173610123709028
RTSI,4,CatBoost,USD_lag5,0.0034897667579582483
RTSI,4,CatBoost,USD_lag6,0.011712016981831577
RTSI,4,CatBoost,USD_lag7,0.005376712506200591
RTSI,4,CatBoost,USD_lag8,0.008608676306627058
RTSI,4,CatBoost,USD_lag9,0.008892662598724115
RTSI,4,CatBoost,USD_lag10,0.006734089507720312
RTSI,4,CatBoost,USD_lag11,0.012435895053983117
RTSI,4,CatBoost,USD_lag12,0.005269342200890674
RTSI,4,CatBoost,USD_lag13,0.006174708903500641
RTSI,4,CatBoost,USD_lag14,0.00476849670375557
RTSI,4,CatBoost,USD_lag15,0.004519236190635297
RTSI,4,CatBoost,USD_lag16,0.009962486081979471
RTSI,4,CatBoost,USD_lag17,0.004867159715782957
RTSI,4,CatBoost,USD_lag18,0.002252953767746168
RTSI,4,CatBoost,USD_lag19,0.010960967963310203
RTSI,4,CatBoost,USD_lag20,0.005798217522584814
RTSI,4,CatBoost,USD_lag21,0.006464599282954472
RTSI,4,CatBoost,USD_lag22,0.008935360922113297
RTSI,4,CatBoost,USD_lag23,0.00972490743071596
RTSI,4,CatBoost,USD_lag24,0.0036694465110545817
